request_id,ttft_ms,ttlt_ms,output_tokens,baseline_service_ms,send_ttft_ms,send_ttlt_ms,dispatch_lag_ms,category,policy,profile,scheduled_at_unix_s,dispatched_at_unix_s,first_token_at_unix_s,completed_at_unix_s,error
block1-000000,362.2596935601905,913.3127204841003,43,20.0,361.75315803848207,912.8061849623919,0.5065355217084289,block1:s1,gated_rule_c,mixed,1785124307.4055939,1785124307.4061005,1785124307.7678602,1785124308.3189132,
block1-000001,74.32965969201177,3661.3368566613644,176,25.0,73.37994093541056,3660.387137904763,0.9497187566012144,block1:zero_tool,gated_rule_c,mixed,1785124307.425554,1785124307.426504,1785124307.4998903,1785124311.0868979,
block1-000002,323.7826324766502,774.6700055431575,36,572.5,323.1128689367324,774.0002420032397,0.669763539917767,block1:s1,gated_rule_c,mixed,1785124307.5810452,1785124307.581715,1785124307.9048345,1785124308.355722,
block1-000003,59.48621255811304,10200.843971571885,464,25.0,58.91450506169349,10200.272264075466,0.571707496419549,block1:zero_tool,gated_rule_c,mixed,1785124307.7136889,1785124307.7142608,1785124307.7731824,1785124317.9145403,
block1-000004,57.343020336702466,3085.3835702873766,149,177.5,56.758171995170414,3084.7987219458446,0.5848483415320516,block1:zero_tool,gated_rule_c,mixed,1785124307.9826715,1785124307.9832566,1785124308.0400217,1785124311.0680633,
block1-000005,126.91015016753227,1367.1831141691655,67,15.0,126.20470905676484,1366.477673058398,0.7054411107674241,block1:s1,gated_rule_c,mixed,1785124308.7568963,1785124308.7576017,1785124308.8838143,1785124310.1240873,
block1-000006,90.65142238978297,4600.433986401185,204,85.0,90.43111896608025,4600.213682977483,0.22030342370271683,block1:zero_tool,gated_rule_c,mixed,1785124308.8147888,1785124308.8150094,1785124308.9054477,1785124313.4152305,
block1-000007,58.311844477429986,3724.537266418338,159,287.5,57.42383108008653,3723.6492530209944,0.8880133973434567,block1:zero_tool,gated_rule_c,mixed,1785124309.611711,1785124309.6125994,1785124309.6700294,1785124313.336255,
block1-000008,68.3779320679605,3469.3971020169556,145,412.5,67.26306397467852,3468.2822339236736,1.1148680932819843,block1:zero_tool,gated_rule_c,mixed,1785124309.8671134,1785124309.8682287,1785124309.935499,1785124313.336518,
block1-000009,459.4022741075605,1151.8978601088747,44,145.0,458.50860804785043,1151.0041940491647,0.8936660597100854,block1:s2,gated_rule_c,mixed,1785124310.2029445,1785124310.203838,1785124310.6623542,1785124311.3548496,
block1-000010,136.74486964009702,3680.0742365885526,152,117.5,135.9034440247342,3679.2328109731898,0.841425615362823,block1:zero_tool,gated_rule_c,mixed,1785124310.2387028,1785124310.2395444,1785124310.3754544,1785124313.918784,
block1-000011,404.88243219442666,1097.406758228317,43,287.5,404.7321039251983,1097.2564299590886,0.1503282692283392,block1:s2,gated_rule_c,mixed,1785124310.2575583,1785124310.2577088,1785124310.6624467,1785124311.3549712,
block1-000012,69.18955116998404,3683.2177011528984,156,15.0,68.34187090862542,3682.3700208915398,0.8476802613586187,block1:zero_tool,gated_rule_c,mixed,1785124310.3694355,1785124310.3702836,1785124310.4386325,1785124314.0526605,
block1-000013,371.0706849815324,1067.4519970780239,44,20.0,370.3919989056885,1066.77331100218,0.6786860758438706,block1:s2,gated_rule_c,mixed,1785124310.4273257,1785124310.4280045,1785124310.7984033,1785124311.4947848,
block1-000014,373.6396166495979,889.2716376576573,36,12.5,373.18298988975585,888.8150108978152,0.45662675984203815,block1:s2,gated_rule_c,mixed,1785124310.8629181,1785124310.863375,1785124311.2365663,1785124311.7521982,
block1-000015,310.14895357657224,826.0594136081636,34,545.0,309.8407710203901,825.7512310519814,0.3081825561821461,block1:s2,gated_rule_c,mixed,1785124311.0631356,1785124311.063444,1785124311.373292,1785124311.8892026,
block1-000016,457.6825686963275,1265.978084760718,48,155.0,456.7295160377398,1265.0250321021304,0.9530526585876942,block1:s3,gated_rule_c,mixed,1785124311.0715554,1785124311.0725086,1785124311.5292475,1785124312.3375435,
block1-000017,63.41765040997416,3744.7138463612646,161,287.5,62.74484202731401,3744.0410379786044,0.6728083826601505,block1:zero_tool,gated_rule_c,mixed,1785124311.4106894,1785124311.4113624,1785124311.4741135,1785124315.1554096,
block1-000018,64.9782030377537,2961.6776410257444,128,12.5,64.14312589913607,2960.8425638871267,0.8350771386176348,block1:zero_tool,gated_rule_c,mixed,1785124311.4708297,1785124311.471665,1785124311.5358155,1785124314.4325147,
block1-000019,444.26266057416797,1339.9098205845803,48,100.0,443.55472398456186,1339.2018839949742,0.7079365896061063,block1:s3,gated_rule_c,mixed,1785124311.5412765,1785124311.5419848,1785124311.9855475,1785124312.8811948,
block1-000020,59.667464694939554,3364.043093752116,147,572.5,59.244793956167996,3363.6204230133444,0.4226707387715578,block1:zero_tool,gated_rule_c,mixed,1785124311.6529646,1785124311.6533875,1785124311.7126398,1785124315.0170152,
block1-000021,475.7681922055781,1209.8437203094363,43,10.0,475.35576997324824,1209.4312980771065,0.41242223232984543,block1:s3,gated_rule_c,mixed,1785124311.9009986,1785124311.9014113,1785124312.3767738,1785124313.1108496,
block1-000022,567.5080743385479,1303.408776409924,49,412.5,567.2028049593791,1303.1035070307553,0.30526937916874886,block1:s3,gated_rule_c,mixed,1785124312.0127144,1785124312.0130198,1785124312.5802295,1785124313.3161304,
block1-000023,395.8120384486392,1174.1344454931095,43,15.0,394.2626049974933,1172.5850120419636,1.5494334511458874,block1:s3,gated_rule_c,mixed,1785124312.04102,1785124312.0425694,1785124312.4368393,1785124313.2151618,
block1-000024,100.05967121105641,4049.4897632161155,173,10.0,99.34040799271315,4048.7704999977723,0.7192632183432579,block1:zero_tool,gated_rule_c,mixed,1785124312.2098804,1785124312.2105997,1785124312.3099475,1785124316.2593775,
block1-000025,448.5009422060102,1203.7200041813776,48,152.5,447.6695900084451,1202.8886519838125,0.8313521975651383,block1:s4,gated_rule_c,mixed,1785124312.21167,1785124312.2125015,1785124312.660178,1785124313.415397,
block1-000026,69.4108345778659,4366.486488608643,190,132.5,68.38617101311684,4365.461825043894,1.024663564749062,block1:zero_tool,gated_rule_c,mixed,1785124312.491758,1785124312.492783,1785124312.5611782,1785124316.8582532,
block1-000027,505.769005860202,1180.1500727888197,48,320.0,504.7686119796708,1179.1496789082885,1.0003938805311918,block1:s4,gated_rule_c,mixed,1785124312.5840824,1785124312.5850828,1785124313.0898604,1785124313.7642412,
block1-000028,485.4245624737814,1157.964835409075,48,17.5,484.5878561027348,1157.1281290380284,0.8367063710466027,block1:s4,gated_rule_c,mixed,1785124312.6875381,1785124312.688375,1785124313.1729698,1785124313.8455102,
block1-000029,500.36674516741186,1187.3218561522663,48,322.5,499.3389919400215,1186.294102924876,1.027753227390349,block1:s4,gated_rule_c,mixed,1785124312.6933832,1785124312.6944113,1785124313.1937566,1785124313.880712,
block1-000030,448.08428862597793,1055.9509496670216,48,95.0,446.9819340156391,1054.8485950566828,1.102354610338807,block1:s4,gated_rule_c,mixed,1785124313.5467386,1785124313.5478413,1785124313.9948313,1785124314.6026976,
block1-000031,409.5666075590998,1108.6231265217066,48,132.5,408.5632939822972,1107.619812944904,1.0033135768026114,block1:s4,gated_rule_c,mixed,1785124313.794345,1785124313.7953484,1785124314.2039194,1785124314.9029763,
block1-000032,382.2077454533428,1188.4805373847485,43,280.0,381.67247304227203,1187.9452649736777,0.5352724110707641,block1:s1,gated_rule_c,mixed,1785124314.5774498,1785124314.5779853,1785124314.9596636,1785124315.7659366,
block1-000033,146.8147577252239,1794.3136747926474,71,10.0,145.98937891423702,1793.4882959816605,0.8253788109868765,block1:s1,gated_rule_c,mixed,1785124314.5985136,1785124314.599339,1785124314.7453358,1785124316.3928347,
block1-000034,134.32752178050578,4626.672546728514,204,15.0,133.44207499176264,4625.787099939771,0.8854467887431383,block1:zero_tool,gated_rule_c,mixed,1785124314.6336298,1785124314.6345158,1785124314.767965,1785124319.2603102,
block1-000035,116.6043234989047,1819.0998134668916,75,10.0,116.05164804495871,1818.5471380129457,0.5526754539459944,block1:s1,gated_rule_c,mixed,1785124315.0390193,1785124315.0395722,1785124315.1556318,1785124316.8581274,
block1-000036,382.3629404651001,977.0344315329567,36,105.0,381.79127394687384,976.4627650147304,0.5716665182262659,block1:s1,gated_rule_c,mixed,1785124315.127955,1785124315.1285272,1785124315.5103264,1785124316.1049979,
block1-000037,356.73122538719326,889.5833503920585,34,170.0,355.9133680537343,888.7654930585995,0.8178573334589601,block1:s1,gated_rule_c,mixed,1785124315.31228,1785124315.313098,1785124315.6690197,1785124316.2018719,
block1-000038,431.32755218539387,1055.6682172464207,43,12.5,430.7826649164781,1055.123329977505,0.5448872689157724,block1:s1,gated_rule_c,mixed,1785124315.5368426,1785124315.5373878,1785124315.9681787,1785124316.5925195,
block1-000039,134.5528628444299,1492.6538148429245,68,145.0,134.06742305960506,1492.1683750580996,0.4854397848248482,block1:s1,gated_rule_c,mixed,1785124315.7905023,1785124315.790988,1785124315.9250631,1785124317.2831643,
block1-000040,94.15552380960435,9060.412929742597,432,10.0,93.63347000908107,9059.890875942074,0.5220538005232811,block1:zero_tool,gated_rule_c,mixed,1785124315.8539796,1785124315.854502,1785124315.948143,1785124324.9144003,
block1-000041,307.92157584801316,792.2873588977382,36,17.5,307.09971592295915,791.4654989726841,0.8218599250540137,block1:s2,gated_rule_c,mixed,1785124316.416729,1785124316.417551,1785124316.7246585,1785124317.2090242,
block1-000042,91.12031781114638,1406.9791388465092,64,145.0,90.65731102600694,1406.5161320613697,0.4630067851394415,block1:s2,gated_rule_c,mixed,1785124317.1178071,1785124317.1182704,1785124317.2089343,1785124318.5247931,
block1-000043,91.57776203937829,1701.0187210980803,78,17.5,90.9758199704811,1700.416779029183,0.6019420688971877,block1:s2,gated_rule_c,mixed,1785124317.413313,1785124317.413915,1785124317.5048974,1785124319.1143384,
block1-000044,312.7971646608785,806.9860147079453,35,412.5,311.77687004674226,805.9657200938091,1.020294614136219,block1:s2,gated_rule_c,mixed,1785124317.4342659,1785124317.4352865,1785124317.7470706,1785124318.2412593,
block1-000045,52.405753871425986,3010.0675438297912,143,572.5,51.86514195520431,3009.5269319135696,0.5406119162216783,block1:zero_tool,gated_rule_c,mixed,1785124317.6569612,1785124317.657502,1785124317.7093742,1785124320.667036,
block1-000046,58.66002559196204,6552.926597651094,314,107.5,57.75185092352331,6552.0184229826555,0.9081746684387326,block1:zero_tool,gated_rule_c,mixed,1785124317.8615096,1785124317.862418,1785124317.9201763,1785124324.414443,
block1-000047,267.73250626865774,742.2042962862179,34,10.0,266.8495150282979,741.321305045858,0.8829912403598428,block1:s2,gated_rule_c,mixed,1785124317.9732778,1785124317.974161,1785124318.2410169,1785124318.7154884,
block1-000048,91.04561060667038,2951.040319632739,142,10.0,90.5528919538483,2950.5476009799168,0.4927186528220773,block1:zero_tool,gated_rule_c,mixed,1785124318.296281,1785124318.296774,1785124318.387334,1785124321.247329,
block1-000049,73.84268660098314,2649.1091256029904,126,17.5,73.69211304467171,2648.958552046679,0.15057355631142855,block1:zero_tool,gated_rule_c,mixed,1785124318.3162024,1785124318.316353,1785124318.3900504,1785124320.9653168,
block1-000050,419.5558363571763,1171.272124396637,48,160.0,419.2871719133109,1171.0034599527717,0.26866444386541843,block1:s3,gated_rule_c,mixed,1785124318.6944041,1785124318.6946728,1785124319.113967,1785124319.8656833,
block1-000051,309.460301999934,908.9915020158514,36,17.5,309.06879098620266,908.5999910021201,0.39151101373136044,block1:s3,gated_rule_c,mixed,1785124319.034115,1785124319.034507,1785124319.3435838,1785124319.943115,
block1-000052,482.8235838795081,1101.4827048638836,48,170.0,481.82397603522986,1100.4830970196053,0.9996078442782164,block1:s3,gated_rule_c,mixed,1785124319.1103985,1785124319.1113985,1785124319.5932312,1785124320.2118902,
block1-000053,81.62897021975368,3535.3602821705863,166,160.0,80.68799797911197,3534.4193099299446,0.9409722406417131,block1:zero_tool,gated_rule_c,mixed,1785124319.1850593,1785124319.1860003,1785124319.266696,1785124322.7204273,
block1-000054,506.10361772123724,967.1691387193277,43,282.5,505.26740099303424,966.3329219911247,0.8362167282029986,block1:s3,gated_rule_c,mixed,1785124319.3393993,1785124319.3402357,1785124319.845511,1785124320.3065765,
block1-000055,411.7076293332502,1021.5186934219673,48,282.5,410.8105229679495,1020.6215870566666,0.897106365300715,block1:s3,gated_rule_c,mixed,1785124319.4734628,1785124319.47436,1785124319.8851783,1785124320.4949892,
block1-000056,66.17889157496393,3183.993178536184,154,115.0,64.81352599803358,3182.627812959254,1.365365576930344,block1:zero_tool,gated_rule_c,mixed,1785124320.5631387,1785124320.5645041,1785124320.6293259,1785124323.7471397,
block1-000057,60.437781969085336,4255.7749699335545,193,15.0,59.67123503796756,4255.008423002437,0.7665469311177731,block1:zero_tool,gated_rule_c,mixed,1785124321.1305604,1785124321.131327,1785124321.1910038,1785124325.386341,
block1-000058,560.332318302244,1219.91240628995,48,105.0,559.4814480282366,1219.0615360159427,0.8508702740073204,block1:s4,gated_rule_c,mixed,1785124321.4238422,1785124321.4246933,1785124321.9841821,1785124322.643762,
block1-000059,530.1919244229794,1208.012176444754,49,25.0,529.6051659388468,1207.4254179606214,0.5867584841325879,block1:s4,gated_rule_c,mixed,1785124321.4928463,1785124321.4934332,1785124322.0230472,1785124322.7008674,
block1-000060,487.60242969729006,1145.777222700417,48,412.5,486.80160101503134,1144.9763940181583,0.8008286822587252,block1:s4,gated_rule_c,mixed,1785124321.5935683,1785124321.5943692,1785124322.0811772,1785124322.7393522,
block1-000061,469.69636098947376,1126.9205670105293,48,282.5,467.60011999867857,1124.8243260197341,2.096240990795195,block1:s4,gated_rule_c,mixed,1785124321.6501663,1785124321.6522627,1785124322.1198692,1785124322.7770934,
block1-000062,403.00752269104123,1056.446342729032,48,15.0,402.04246691428125,1055.481286952272,0.9650557767599821,block1:s4,gated_rule_c,mixed,1785124321.8142927,1785124321.8152578,1785124322.2173066,1785124322.8707457,
block1-000063,408.2551288884133,1007.8221948351711,48,282.5,407.7873370843008,1007.3544030310586,0.467791804112494,block1:s4,gated_rule_c,mixed,1785124322.4246027,1785124322.4250705,1785124322.8328671,1785124323.432434,
block1-000064,54.11581555381417,3171.003380557522,148,10.0,53.38565795682371,3170.2732229605317,0.7301575969904661,block1:zero_tool,gated_rule_c,mixed,1785124323.3029978,1785124323.303728,1785124323.3571215,1785124326.474009,
block1-000065,55.074011674150825,4077.6641647098586,189,282.5,54.90207101684064,4077.4922240525484,0.17194065731018782,block1:zero_tool,gated_rule_c,mixed,1785124323.845248,1785124323.8454201,1785124323.9003296,1785124327.9229195,
block1-000066,340.25794093031436,1021.4044760214165,43,12.5,339.8056939477101,1020.9522290388122,0.4522469826042652,block1:s1,gated_rule_c,mixed,1785124323.892854,1785124323.8933063,1785124324.233119,1785124324.9142656,
block1-000067,55.77159987296909,3118.604935822077,145,140.0,54.89902198314667,3117.7323579322547,0.8725778898224235,block1:zero_tool,gated_rule_c,mixed,1785124324.02648,1785124324.0273526,1785124324.0822573,1785124327.145091,
block1-000068,325.2217317931354,1070.3652158845216,39,10.0,323.3710939530283,1068.5145780444145,1.8506378401070833,block1:s1,gated_rule_c,mixed,1785124324.335336,1785124324.3371868,1785124324.6605644,1785124325.405708,
block1-000069,122.97758611384779,1421.2688370607793,60,15.0,122.43824906181544,1420.729500008747,0.5393370520323515,block1:s1,gated_rule_c,mixed,1785124324.6553733,1785124324.6559129,1785124324.7783587,1785124326.07665,
block1-000070,120.42071367613971,15465.218761703,721,12.5,120.05535699427128,15464.853405021131,0.36535668186843395,block1:zero_tool,gated_rule_c,mixed,1785124324.6583774,1785124324.6587434,1785124324.7788088,1785124340.1236067,
block1-000071,198.1784093659371,1543.4172942768782,69,177.5,197.019680053927,1542.2585649648681,1.1587293120101094,block1:s1,gated_rule_c,mixed,1785124324.8934028,1785124324.8945618,1785124325.0915895,1785124326.4368281,
block1-000072,427.8864370426163,1007.0215200539678,41,105.0,427.271120948717,1006.4062039600685,0.6153160938993096,block1:s2,gated_rule_c,mixed,1785124324.8997304,1785124324.900346,1785124325.3276236,1785124325.906759,
block1-000073,375.2827034331858,954.3310374720022,40,20.0,374.67585992999375,953.7241939688101,0.6068435031920671,block1:s2,gated_rule_c,mixed,1785124324.9523,1785124324.952907,1785124325.3275898,1785124325.9066381,
block1-000074,53.09283873066306,3946.4551457203925,194,545.0,52.87651997059584,3946.2388269603252,0.2163187600672245,block1:zero_tool,gated_rule_c,mixed,1785124325.621669,1785124325.6218855,1785124325.6747687,1785124329.568131,
block1-000075,55.02491048537195,3148.8887234590948,152,357.5,54.270175052806735,3148.1339880265296,0.7547354325652122,block1:zero_tool,gated_rule_c,mixed,1785124326.1747522,1785124326.1755073,1785124326.2297852,1785124329.3236487,
block1-000076,57.02838895376772,2962.0387929026037,142,282.5,56.231377995572984,2961.241781944409,0.7970109581947327,block1:zero_tool,gated_rule_c,mixed,1785124326.5498838,1785124326.550681,1785124326.6069205,1785124329.511931,
block1-000077,290.6792634166777,890.0918274885044,41,115.0,290.26840499136597,889.6809690631926,0.4108584253117442,block1:s2,gated_rule_c,mixed,1785124326.7026153,1785124326.7030265,1785124326.9933023,1785124327.5927148,
block1-000078,95.41247971355915,1430.3911597235128,67,50.0,94.56001000944525,1429.538690019399,0.8524697041139007,block1:s2,gated_rule_c,mixed,1785124327.4022992,1785124327.4031522,1785124327.4977212,1785124328.8327,
block1-000079,281.5055444370955,735.9655114123598,34,160.0,280.7179399533197,735.177906928584,0.7876044837757945,block1:s2,gated_rule_c,mixed,1785124327.6219604,1785124327.6227481,1785124327.9034736,1785124328.3579335,
block1-000080,101.55897005461156,2623.783308081329,126,115.0,100.84671701770276,2623.07105504442,0.7122530369088054,block1:zero_tool,gated_rule_c,mixed,1785124327.6313083,1785124327.6320207,1785124327.7328742,1785124330.2550986,
block1-000081,269.0163606312126,780.6222126819193,33,60.0,268.2849959237501,779.8908479744568,0.7313647074624896,block1:s3,gated_rule_c,mixed,1785124328.506336,1785124328.5070674,1785124328.775359,1785124329.2869647,
block1-000082,99.58113823086023,3405.147474259138,161,10.0,99.25830294378102,3404.824638972059,0.32283528707921505,block1:zero_tool,gated_rule_c,mixed,1785124328.543074,1785124328.5433972,1785124328.6426628,1785124331.9482288,
block1-000083,295.21188396029174,911.6972800111398,41,115.0,294.4384519942105,910.9238480450585,0.7734319660812616,block1:s3,gated_rule_c,mixed,1785124328.9918299,1785124328.9926033,1785124329.28705,1785124329.9035354,
block1-000084,397.0197938615456,1047.0405308296904,48,17.5,395.77176806051284,1045.7925050286576,1.2480258010327816,block1:s3,gated_rule_c,mixed,1785124329.2079296,1785124329.209178,1785124329.6049569,1785124330.2549775,
block1-000085,584.378577535972,1161.0797285102308,46,145.0,584.0581340016797,1160.7592849759385,0.3204435342922807,block1:s3,gated_rule_c,mixed,1785124330.1130958,1785124330.1134164,1785124330.6974826,1785124331.2741838,
block1-000086,568.2885657297447,1144.3612887524068,46,155.0,567.9836019407958,1144.0563249634579,0.30496378894895315,block1:s3,gated_rule_c,mixed,1785124330.1679618,1785124330.168267,1785124330.7362587,1785124331.3123317,
block1-000087,456.31984947249293,1072.3956795409322,43,22.5,455.6876849383116,1071.7635150067508,0.6321645341813564,block1:s3,gated_rule_c,mixed,1785124330.1833336,1785124330.183966,1785124330.639659,1785124331.2557352,
block1-000088,557.2185863275081,1169.9565483722836,48,110.0,556.9165319902822,1169.6544940350577,0.3020543372258544,block1:s4,gated_rule_c,mixed,1785124330.198208,1785124330.1985104,1785124330.7554326,1785124331.3681703,
block1-000089,426.87442305032164,1036.8335760431364,48,20.0,426.0877009946853,1036.0468539875,0.7867220556363463,block1:s4,gated_rule_c,mixed,1785124330.4056215,1785124330.4064088,1785124330.8325057,1785124331.4424648,
block1-000090,101.60371207166463,3398.917266051285,154,170.0,99.49751303065568,3396.811067010276,2.1061990410089493,block1:zero_tool,gated_rule_c,mixed,1785124330.515842,1785124330.5179484,1785124330.6174538,1785124333.914767,
block1-000091,76.45305339246988,3783.283052383922,172,50.0,75.58951794635504,3782.419516937807,0.8635354461148381,block1:zero_tool,gated_rule_c,mixed,1785124330.5439332,1785124330.544797,1785124330.6203928,1785124334.3272228,
block1-000092,58.30897099804133,3133.2250999985263,139,15.0,57.791613042354584,3132.7077420428395,0.517357955686748,block1:zero_tool,gated_rule_c,mixed,1785124331.5559864,1785124331.556504,1785124331.6143034,1785124334.6892192,
block1-000093,443.82583966944367,1369.0302356844768,48,60.0,443.6582010239363,1368.8625970389694,0.16763864550739527,block1:s4,gated_rule_c,mixed,1785124332.0668137,1785124332.0669813,1785124332.5106466,1785124333.435851,
block1-000094,541.0233399597928,1346.296845935285,48,307.5,540.0873350445181,1345.3608410200104,0.9360049152746797,block1:s4,gated_rule_c,mixed,1785124332.3917418,1785124332.3926783,1785124332.9327738,1785124333.7380471,
block1-000095,82.23072753753513,4043.924266588874,179,92.5,81.311738002114,4043.005277053453,0.918989535421133,block1:zero_tool,gated_rule_c,mixed,1785124332.468205,1785124332.469124,1785124332.5504444,1785124336.5121377,
block1-000096,452.18536409083754,1189.4456350710243,43,135.0,451.8615009728819,1189.1217719530687,0.32386311795562506,block1:s1,gated_rule_c,mixed,1785124332.5875964,1785124332.5879204,1785124333.039788,1785124333.777048,
block1-000097,128.26867774128914,1761.0753537155688,71,115.0,127.17882404103875,1759.9855000153184,1.0898537002503872,block1:s1,gated_rule_c,mixed,1785124332.6613104,1785124332.6624005,1785124332.7895887,1785124334.4223952,
block1-000098,540.9437054768205,1138.5627954732627,44,412.5,540.2566560078412,1137.8757460042834,0.6870494689792395,block1:s1,gated_rule_c,mixed,1785124332.7950916,1785124332.7957788,1785124333.3360436,1785124333.9336627,
block1-000099,444.3366863997653,923.4166813548654,36,282.5,444.0543999662623,923.1343949213624,0.28228643350303173,block1:s1,gated_rule_c,mixed,1785124332.971108,1785124332.9713905,1785124333.415453,1785124333.894533,
block1-000100,410.4193199891597,1003.3150379313156,42,170.0,409.73230300005525,1002.6280209422112,0.6870169891044497,block1:s1,gated_rule_c,mixed,1785124333.044224,1785124333.0449111,1785124333.4546497,1785124334.0475454,
block1-000101,352.1796960849315,831.1451521003619,34,15.0,351.0802329983562,830.0456890137866,1.0994630865752697,block1:s1,gated_rule_c,mixed,1785124333.0833504,1785124333.0844502,1785124333.4355402,1785124333.9145055,
block1-000102,61.938948230817914,3515.096584218554,169,135.0,61.68684910517186,3514.844485092908,0.25209912564605474,block1:zero_tool,gated_rule_c,mixed,1785124333.5734215,1785124333.5736737,1785124333.635367,1785124337.0885246,
block1-000103,58.170032454654574,6708.168751560152,312,105.0,57.49287398066372,6707.491593086161,0.6771584739908576,block1:zero_tool,gated_rule_c,mixed,1785124333.66042,1785124333.6610973,1785124333.718599,1785124340.368598,
block1-000104,293.93210262060165,905.2596255205572,37,95.0,293.5742801055312,904.9018030054867,0.3578225150704384,block1:s2,gated_rule_c,mixed,1785124334.1281893,1785124334.1285477,1785124334.4221294,1785124335.0334568,
block1-000105,113.33369638305157,4283.951838384382,193,160.0,112.83022700808942,4283.44836900942,0.503469374962151,block1:zero_tool,gated_rule_c,mixed,1785124334.1368287,1785124334.1373322,1785124334.2501707,1785124338.4207885,
block1-000106,101.94587346632034,1434.0834214817733,64,70.0,101.58669704105705,1433.72424505651,0.35917642526328564,block1:s2,gated_rule_c,mixed,1785124334.693049,1785124334.6934083,1785124334.7950022,1785124336.1271398,
block1-000107,97.00130752753466,1609.2263325117528,74,95.0,96.09364694915712,1608.3186719333753,0.9076605783775449,block1:s2,gated_rule_c,mixed,1785124334.8646648,1785124334.8655727,1785124334.961675,1785124336.4739,
block1-000108,310.88289606850594,766.4236769778654,35,322.5,310.1441920734942,765.6849729828537,0.7387039950117469,block1:s2,gated_rule_c,mixed,1785124334.8935354,1785124334.8942742,1785124335.2044244,1785124335.6599653,
block1-000109,354.5237546786666,985.4183116694912,44,110.0,354.1601640172303,985.0547210080549,0.36359066143631935,block1:s2,gated_rule_c,mixed,1785124335.6790414,1785124335.679405,1785124336.0335712,1785124336.664466,
block1-000110,89.7847522282973,1378.677740227431,64,17.5,89.09630100242794,1377.9892890015617,0.6884512258693576,block1:s2,gated_rule_c,mixed,1785124336.073045,1785124336.0737336,1785124336.1628363,1785124337.4517293,
block1-000111,67.80128448735923,3873.1922704027966,179,110.0,66.17173401173204,3871.5627199271694,1.629550475627184,block1:zero_tool,gated_rule_c,mixed,1785124336.194515,1785124336.1961448,1785124336.2623234,1785124340.0677145,
block1-000112,58.478190447203815,3159.656158532016,142,107.5,57.49822489451617,3158.6761929793283,0.979965552687645,block1:zero_tool,gated_rule_c,mixed,1785124336.4945557,1785124336.4955359,1785124336.5530412,1785124339.6542192,
block1-000113,53.68398525752127,2885.320394183509,128,95.0,52.61957203038037,2884.255980956368,1.0644132271409035,block1:zero_tool,gated_rule_c,mixed,1785124336.6169279,1785124336.6179924,1785124336.6706173,1785124339.5022538,
block1-000114,440.0742508005351,1063.3334667654708,38,25.0,439.056943054311,1062.3161590192467,1.0173077462241054,block1:s3,gated_rule_c,mixed,1785124337.1027355,1785124337.1037533,1785124337.5428176,1785124338.166077,
block1-000115,319.3230282049626,1084.733487223275,39,105.0,318.95413191523403,1084.3645909335464,0.3688962897285819,block1:s3,gated_rule_c,mixed,1785124337.3162482,1785124337.3166173,1785124337.635578,1785124338.4009883,
block1-000116,339.61299050133675,1099.332930520177,41,10.0,338.50951201748103,1098.2294520363212,1.1034784838557243,block1:s3,gated_rule_c,mixed,1785124337.419347,1785124337.420451,1785124337.7589667,1785124338.5186868,
block1-000117,64.48418705258518,2397.355030057952,108,320.0,63.915290986187756,2396.7861339915544,0.5688960663974285,block1:zero_tool,gated_rule_c,mixed,1785124337.5779736,1785124337.5785427,1785124337.6424637,1785124339.9753344,
block1-000118,594.7594444733113,1102.2976444801316,43,20.0,594.0348709700629,1101.5730709768832,0.7245735032483935,block1:s3,gated_rule_c,mixed,1785124337.669406,1785124337.6701307,1785124338.264173,1785124338.7717113,
block1-000119,399.7445034328848,1083.705994533375,44,307.5,398.4119480010122,1082.3734391015023,1.3325554318726063,block1:s3,gated_rule_c,mixed,1785124337.784867,1785124337.7861998,1785124338.1846206,1785124338.8685822,
block1-000120,486.71207716688514,1148.5958971315995,48,172.5,486.2135060830042,1148.0973260477185,0.49857108388096094,block1:s4,gated_rule_c,mixed,1785124337.820061,1785124337.82056,1785124338.3067815,1785124338.9686651,
block1-000121,450.1147308619693,1108.603262808174,48,20.0,449.06864897347987,1107.5571809196845,1.0460818884894252,block1:s4,gated_rule_c,mixed,1785124337.9707458,1785124337.971792,1785124338.4208689,1785124339.0793576,
block1-000122,424.35933486558497,1080.917574930936,48,155.0,423.9991479553282,1080.5573880206794,0.36018691025674343,block1:s4,gated_rule_c,mixed,1785124338.2494159,1785124338.2497761,1785124338.673783,1785124339.3303413,
block1-000123,414.50871736742556,1059.8387983627617,48,140.0,413.5531859938055,1058.8832669891417,0.9555313736200333,block1:s4,gated_rule_c,mixed,1785124338.915619,1785124338.9165745,1785124339.3301356,1785124339.9754655,
block1-000124,406.2285303371027,1082.9595202812925,48,95.0,405.5208150530234,1082.2518049972132,0.7077152840793133,block1:s4,gated_rule_c,mixed,1785124339.2852492,1785124339.2859573,1785124339.6914856,1785124340.3682165,
block1-000125,102.24035021383315,3195.1872322242707,136,287.5,101.92545608151704,3194.8723380919546,0.3148941323161125,block1:zero_tool,gated_rule_c,mixed,1785124339.3221133,1785124339.3224285,1785124339.4243612,1785124342.5173082,
block1-000126,443.476197659038,1284.6669536083937,48,15.0,442.6078740507364,1283.798630000092,0.86832360830158,block1:s4,gated_rule_c,mixed,1785124340.1709008,1785124340.1717694,1785124340.6143847,1785124341.4555755,
block1-000127,413.125385181047,1255.0346391508356,48,20.0,412.9429500317201,1254.8522040015087,0.1824351493269205,block1:s4,gated_rule_c,mixed,1785124340.2388268,1785124340.2390094,1785124340.6519575,1785124341.493867,
block1-000128,50.804580096155405,4940.852762083523,217,110.0,49.65964297298342,4939.707824960351,1.1449371231719851,block1:zero_tool,gated_rule_c,mixed,1785124340.3942308,1785124340.395376,1785124340.4450424,1785124345.3350906,
block1-000129,125.43753406498581,1855.4856000700966,71,17.5,124.97426592744887,1855.0223319325596,0.46326813753694296,block1:s1,gated_rule_c,mixed,1785124340.6814528,1785124340.6819162,1785124340.8068974,1785124342.5369456,
block1-000130,88.25610822532326,3768.540197168477,160,75.0,87.23964006640017,3767.523729009554,1.0164681589230895,block1:zero_tool,gated_rule_c,mixed,1785124340.7405272,1785124340.7415438,1785124340.8287895,1785124344.5090737,
block1-000131,435.8146018348634,1062.9418118624017,36,117.5,435.27770100627095,1062.4049110338092,0.5369008285924792,block1:s1,gated_rule_c,mixed,1785124340.9417677,1785124340.9423048,1785124341.3775892,1785124342.004716,
block1-000132,328.25087080709636,1104.6003898372874,39,15.0,327.74107391014695,1104.090592940338,0.5097968969494104,block1:s1,gated_rule_c,mixed,1785124341.0495033,1785124341.0500138,1785124341.3777645,1785124342.154114,
block1-000133,131.73934980295599,1551.6556007787585,62,117.5,130.72853500489146,1550.644785980694,1.01081479806453,block1:s1,gated_rule_c,mixed,1785124341.169028,1785124341.170039,1785124341.3007762,1785124342.7206922,
block1-000134,505.95546630211174,1214.344568317756,43,160.0,504.9097649753094,1213.2988669909537,1.045701326802373,block1:s1,gated_rule_c,mixed,1785124341.7147415,1785124341.7157874,1785124342.2207048,1785124342.9290938,
block1-000135,345.8342180820182,822.7590530877933,31,10.0,345.56987998075783,822.4947149865329,0.26433810126036406,block1:s1,gated_rule_c,mixed,1785124341.772019,1785124341.7722836,1785124342.117862,1785124342.594787,
block1-000136,441.5196330519393,1149.6078760828823,41,15.0,440.9763009753078,1149.0645440062508,0.5433320766314864,block1:s2,gated_rule_c,mixed,1785124341.779608,1785124341.7801516,1785124342.2211347,1785124342.9292228,
block1-000137,94.82820855919272,3835.122368647717,178,115.0,93.91346597112715,3834.2076260596514,0.9147425880655646,block1:zero_tool,gated_rule_c,mixed,1785124342.0590556,1785124342.0599706,1785124342.1538916,1785124345.8941858,
block1-000138,299.9679178465158,888.0520077655092,36,107.5,299.1781560704112,887.2622459894046,0.7897617761045694,block1:s2,gated_rule_c,mixed,1785124342.096034,1785124342.0968242,1785124342.396012,1785124342.984096,
block1-000139,74.0004472900182,3150.647621252574,145,550.0,73.24260997120291,3149.8897839337587,0.7578373188152909,block1:zero_tool,gated_rule_c,mixed,1785124342.1463373,1785124342.1470952,1785124342.2203453,1785124345.2969923,
block1-000140,61.364493099972606,6368.476857081987,288,152.5,60.556315002031624,6367.668678984046,0.8081780979409814,block1:zero_tool,gated_rule_c,mixed,1785124342.4556973,1785124342.4565055,1785124342.5170703,1785124348.8241825,
block1-000141,426.71639542095363,1038.764281431213,44,10.0,426.4444140717387,1038.492300081998,0.27198134921491146,block1:s2,gated_rule_c,mixed,1785124342.652162,1785124342.652434,1785124343.0788846,1785124343.6909325,
block1-000142,366.7515824781731,861.560664488934,36,322.5,365.66710099577904,860.4761830065399,1.0844814823940396,block1:s2,gated_rule_c,mixed,1785124342.7120569,1785124342.7131414,1785124343.0788152,1785124343.5736244,
block1-000143,282.0439211791381,776.9237532047555,34,15.0,280.5738430470228,775.4536750726402,1.4700781321153045,block1:s2,gated_rule_c,mixed,1785124342.777734,1785124342.7792041,1785124343.0597854,1785124343.5546656,
block1-000144,419.8128832504153,1106.6686551785097,48,107.5,418.7234319979325,1105.5792039260268,1.0894512524828315,block1:s3,gated_rule_c,mixed,1785124343.345712,1785124343.3468018,1785124343.7655342,1785124344.45239,
block1-000145,56.50029960088432,2650.258486624807,126,322.5,56.02143099531531,2649.779618019238,0.478868605569005,block1:zero_tool,gated_rule_c,mixed,1785124343.5773933,1785124343.5778723,1785124343.6339014,1785124346.2276592,
block1-000146,465.60388687066734,1155.9687469853088,48,297.5,465.4233279870823,1155.7881881017238,0.1805588835850358,block1:s3,gated_rule_c,mixed,1785124344.0079703,1785124344.008151,1785124344.4735825,1785124345.1639476,
block1-000147,110.90635438449681,5146.255652420223,229,12.5,110.3528079111129,5145.702105946839,0.5535464733839035,block1:zero_tool,gated_rule_c,mixed,1785124344.0371585,1785124344.037712,1785124344.148072,1785124349.1834211,
block1-000148,458.97593873087317,1115.6858287286013,48,172.5,458.52169196587056,1115.2315819635987,0.4542467650026083,block1:s3,gated_rule_c,mixed,1785124344.087051,1785124344.0875053,1785124344.546036,1785124345.202746,
block1-000149,385.07941528223455,960.8687323052436,43,357.5,384.57274495158345,960.3620619745925,0.5066703306511045,block1:s3,gated_rule_c,mixed,1785124344.4304032,1785124344.4309103,1785124344.8154917,1785124345.3912811,
block1-000150,412.6424491405487,1017.7842431003228,48,107.5,410.4955729562789,1015.637366916053,2.146876184269786,block1:s3,gated_rule_c,mixed,1785124344.5961337,1785124344.5982807,1785124345.0087833,1785124345.6139252,
block1-000151,308.5661883233115,1005.5382183054462,44,105.0,308.0375880235806,1005.0096180057153,0.528600299730897,block1:s3,gated_rule_c,mixed,1785124345.6790006,1785124345.6795294,1785124345.9875739,1785124346.6845458,
block1-000152,84.57030775025487,3026.310881716199,131,15.0,83.59239296987653,3025.332966935821,0.9779147803783417,block1:zero_tool,gated_rule_c,mixed,1785124345.9736724,1785124345.9746504,1785124346.0582502,1785124348.9999907,
block1-000153,85.56133159436285,3156.901976559311,136,22.5,85.38157807197422,3156.7222230369225,0.17975352238863707,block1:zero_tool,gated_rule_c,mixed,1785124346.0075636,1785124346.0077438,1785124346.0931327,1785124349.1644733,
block1-000154,73.7639891449362,2861.1381591763347,123,280.0,73.54602904524654,2860.920199076645,0.21796009968966246,block1:zero_tool,gated_rule_c,mixed,1785124346.0222974,1785124346.0225155,1785124346.0960686,1785124348.8834429,
block1-000155,71.16647402290255,2946.0323260864243,125,297.5,69.82365297153592,2944.6895050350577,1.3428210513666272,block1:zero_tool,gated_rule_c,mixed,1785124346.2368734,1785124346.2382164,1785124346.3080478,1785124349.1829138,
block1-000156,414.5688989665359,1206.1453249771148,48,20.0,413.46737497951835,1205.0438009900972,1.101523987017572,block1:s4,gated_rule_c,mixed,1785124346.3870902,1785124346.388192,1785124346.8016672,1785124347.5932436,
block1-000157,443.9964642515406,1224.3009402882308,48,217.5,442.5984330009669,1222.902909037657,1.3980312505736947,block1:s4,gated_rule_c,mixed,1785124346.767872,1785124346.7692702,1785124347.211876,1785124347.9921799,
block1-000158,524.8673637397587,1259.155684732832,48,15.0,524.1097540128976,1258.398075005971,0.7576097268611193,block1:s4,gated_rule_c,mixed,1785124347.1074586,1785124347.1082165,1785124347.632335,1785124348.3666234,
block1-000159,524.1012150654569,1258.565925178118,48,12.5,523.4581469558179,1257.922857068479,0.643068109638989,block1:s4,gated_rule_c,mixed,1785124347.1081927,1785124347.1088362,1785124347.6322997,1785124348.3667643,
block1-000160,107.34015121124685,2823.845400242135,121,15.0,106.34284291882068,2822.8480919497088,0.9973082924261689,block1:zero_tool,gated_rule_c,mixed,1785124347.2094207,1785124347.2104185,1785124347.3167727,1785124350.0332778,
block1-000161,120.16106361988932,1586.565013625659,65,10.0,119.62332599796355,1586.0272760037333,0.5377376219257712,block1:s1,gated_rule_c,mixed,1785124347.3163702,1785124347.3169081,1785124347.4365385,1785124348.9029424,
block1-000162,361.56960006337613,1052.059606066905,41,160.0,360.2965349564329,1050.7865409599617,1.2730651069432497,block1:s1,gated_rule_c,mixed,1785124347.7080271,1785124347.7093005,1785124348.0696044,1785124348.7600944,
block1-000163,123.11684445012361,1774.7797834454104,75,15.0,121.8949380563572,1773.557877051644,1.2219063937664032,block1:s1,gated_rule_c,mixed,1785124348.1453834,1785124348.1466055,1785124348.268511,1785124349.920174,
block1-000164,345.00250627752393,1094.2423462402076,42,307.5,344.7824399918318,1094.0222799545154,0.22006628569215536,block1:s1,gated_rule_c,mixed,1785124348.3289933,1785124348.3292134,1785124348.6740043,1785124349.423244,
block1-000165,57.093679322861135,7980.101211345755,346,100.0,56.199740967713296,7979.207272990607,0.8939383551478386,block1:zero_tool,gated_rule_c,mixed,1785124348.4756005,1785124348.4764946,1785124348.532702,1785124356.4557095,
block1-000166,69.42630163393915,12224.355298676528,540,107.5,67.76318000629544,12222.692177048884,1.6631216276437044,block1:zero_tool,gated_rule_c,mixed,1785124348.5452359,1785124348.5468993,1785124348.61467,1785124360.7695992,
block1-000167,105.40941508952528,6937.30548012536,295,25.0,105.06169800646603,6936.957763042301,0.3477170830592513,block1:zero_tool,gated_rule_c,mixed,1785124348.6548157,1785124348.6551633,1785124348.760233,1785124355.592129,
block1-000168,272.28299726266414,965.6398051884025,40,187.5,271.66766906157136,965.0244769873098,0.6153282010927796,block1:s2,gated_rule_c,mixed,1785124348.6886835,1785124348.6892989,1785124348.9609754,1785124349.6543322,
block1-000169,122.78106529265642,1561.292001279071,67,412.5,122.36963701434433,1560.880573000759,0.41142827831208706,block1:s2,gated_rule_c,mixed,1785124349.041286,1785124349.0416975,1785124349.1640747,1785124350.6025858,
block1-000170,363.1595530314371,965.4554340522736,43,485.0,361.4032120676711,963.6990930885077,1.7563409637659788,block1:s2,gated_rule_c,mixed,1785124349.2134347,1785124349.2151914,1785124349.5766008,1785124350.1788967,
block1-000171,122.66257882583886,1565.6284497817978,70,357.5,122.18774808570743,1565.1536190416664,0.4748307401314378,block1:s2,gated_rule_c,mixed,1785124349.2423222,1785124349.2427971,1785124349.364991,1785124350.8079567,
block1-000172,356.7203860729933,880.5240150541067,36,320.0,356.6050899680704,880.4087189491838,0.11529610492289066,block1:s2,gated_rule_c,mixed,1785124350.0797658,1785124350.0798812,1785124350.4364927,1785124350.9602964,
block1-000173,519.678941112943,1282.6217971742153,49,117.5,518.72785796877,1281.6707140300423,0.9510831441730261,block1:s2,gated_rule_c,mixed,1785124350.3269966,1785124350.3279479,1785124350.8466814,1785124351.6096241,
block1-000174,354.99021352734417,962.870727526024,38,20.0,354.4837370282039,962.3642510268837,0.5064764991402626,block1:s2,gated_rule_c,mixed,1785124350.3984146,1785124350.3989213,1785124350.7534137,1785124351.3612938,
block1-000175,325.376202003099,977.0264719845727,37,115.0,324.5946529787034,976.2449229601771,0.7815490243956447,block1:s2,gated_rule_c,mixed,1785124350.7487884,1785124350.7495704,1785124351.0741723,1785124351.7258224,
block1-000176,559.6436482155696,1460.3650191565976,48,95.0,558.7521980050951,1459.4735689461231,0.8914502104744315,block1:s3,gated_rule_c,mixed,1785124351.0501103,1785124351.051002,1785124351.6097615,1785124352.510483,
block1-000177,563.8345698826015,1466.379135963507,48,10.0,563.4464299073443,1465.9909959882498,0.3881399752572179,block1:s3,gated_rule_c,mixed,1785124351.064397,1785124351.0647855,1785124351.6282387,1785124352.5307832,
block1-000178,512.2061051661149,1415.684647159651,48,297.5,511.71025400981307,1415.1887960033491,0.49585115630179644,block1:s3,gated_rule_c,mixed,1785124351.155226,1785124351.155722,1785124351.6674395,1785124352.5709178,
block1-000179,460.79417294822633,1363.6640469776466,48,412.5,458.8454009499401,1361.7152749793604,1.9487719982862473,block1:s3,gated_rule_c,mixed,1785124351.306754,1785124351.308703,1785124351.7675574,1785124352.670427,
block1-000180,462.6495606498793,1349.5287116384134,48,170.0,461.8479589698836,1348.7271099584177,0.801601679995656,block1:s3,gated_rule_c,mixed,1785124351.3407178,1785124351.3415196,1785124351.8033738,1785124352.690253,
block1-000181,107.95763530768454,3975.352973327972,164,115.0,107.42660099640489,3974.8219390166923,0.5310343112796545,block1:zero_tool,gated_rule_c,mixed,1785124351.4036534,1785124351.4041846,1785124351.5116174,1785124355.379013,
block1-000182,593.5333701781929,1287.0697631733492,48,297.5,591.7423819191754,1285.2787749143317,1.7909882590174675,block1:s3,gated_rule_c,mixed,1785124351.7183542,1785124351.7201455,1785124352.3118956,1785124353.0054317,
block1-000183,420.9255810128525,1152.0420919405296,43,282.5,419.83639902900904,1150.9529099566862,1.0891819838434458,block1:s3,gated_rule_c,mixed,1785124351.8124497,1785124351.813539,1785124352.2333827,1785124352.9644992,
block1-000184,582.3441083775833,1253.2134813955054,48,132.5,581.9445769302547,1252.8139499481767,0.3995314473286271,block1:s4,gated_rule_c,mixed,1785124351.8861618,1785124351.8865614,1785124352.4685123,1785124353.1393816,
block1-000185,88.9652204932645,3017.8548365365714,122,297.5,88.1672790274024,3017.0568950707093,0.7979414658620954,block1:zero_tool,gated_rule_c,mixed,1785124351.947664,1785124351.948462,1785124352.0366364,1785124354.9655259,
block1-000186,532.9305321210995,1249.5920350775123,48,17.5,532.3575419606641,1249.0190449170768,0.5729901604354382,block1:s4,gated_rule_c,mixed,1785124352.077538,1785124352.0781112,1785124352.610477,1785124353.3271387,
block1-000187,494.6670843055472,1198.9543102681637,48,115.0,494.34450699482113,1198.6317329574376,0.32257731072604656,block1:s4,gated_rule_c,mixed,1785124352.1549428,1785124352.1552658,1785124352.6496189,1785124353.3539062,
block1-000188,491.6357920737937,1193.9899150747806,48,170.0,491.4019869174808,1193.7561099184677,0.2338051563128829,block1:s4,gated_rule_c,mixed,1785124352.1984622,1785124352.1986961,1785124352.6901054,1785124353.3924599,
block1-000189,463.00602436531335,1165.5729374615476,48,550.0,462.1162900002673,1164.6832030965015,0.8897343650460243,block1:s4,gated_rule_c,mixed,1785124352.2461293,1785124352.2470193,1785124352.709143,1785124353.41171,
block1-000190,452.4472199846059,1183.1606150371954,48,10.0,451.3240189990029,1182.0374140515924,1.1232009856030345,block1:s4,gated_rule_c,mixed,1785124352.977603,1785124352.9787264,1785124353.4300578,1785124354.1607711,
block1-000191,421.6968030668795,1137.5338709913194,48,140.0,420.8513459889218,1136.6884139133617,0.8454570779576898,block1:s4,gated_rule_c,mixed,1785124353.120025,1785124353.1208706,1785124353.5417295,1785124354.2575667,
block1-000192,67.4525311915204,2648.549251141958,117,155.0,66.91452499944717,2648.0112449498847,0.538006192073226,block1:zero_tool,gated_rule_c,mixed,1785124353.2667587,1785124353.267297,1785124353.334219,1785124355.9153156,
block1-000193,67.83686438575387,16903.133509447798,790,170.0,66.05967693030834,16901.356321992353,1.777187455445528,block1:zero_tool,gated_rule_c,mixed,1785124353.4804573,1785124353.482235,1785124353.5483022,1785124370.3835988,
block1-000194,279.69079406466335,1097.1595441224054,40,110.0,279.4595049927011,1096.928255050443,0.23128907196223736,block1:s1,gated_rule_c,mixed,1785124353.5861132,1785124353.5863445,1785124353.8658102,1785124354.6832788,
block1-000195,364.3411472439766,1054.2153471615165,37,22.5,363.8770580291748,1053.7512579467148,0.46408921480178833,block1:s1,gated_rule_c,mixed,1785124353.9703705,1785124353.970835,1785124354.334719,1785124355.024593,
block1-000196,454.6519697178155,1034.5016387291253,39,85.0,453.76814098563045,1033.6178099969402,0.8838287321850657,block1:s1,gated_rule_c,mixed,1785124354.3257563,1785124354.3266404,1785124354.780416,1785124355.3602657,
block1-000197,152.8454340295866,1510.5297641130164,65,107.5,151.7317759571597,1509.4161060405895,1.1136580724269152,block1:s1,gated_rule_c,mixed,1785124354.3671308,1785124354.3682446,1785124354.5199847,1785124355.8776689,
block1-000198,119.7297761682421,1523.5666541848332,69,70.0,118.67142200935632,1522.5083000259474,1.058354158885777,block1:s1,gated_rule_c,mixed,1785124354.52005,1785124354.5211084,1785124354.6397874,1785124356.0436249,
block1-000199,102.66083851456642,6381.024702452123,295,12.5,102.36098908353597,6380.724853021093,0.29984943103045225,block1:zero_tool,gated_rule_c,mixed,1785124354.560509,1785124354.560809,1785124354.6631784,1785124360.9415421,
block1-000200,309.54438087064773,837.761691887863,38,17.5,307.6506470097229,835.8679580269381,1.89373386092484,block1:s2,gated_rule_c,mixed,1785124354.811933,1785124354.8138268,1785124355.1214855,1785124355.649703,
block1-000201,71.43565511796623,2636.1378370784223,124,22.5,70.50542195793241,2635.2076039183885,0.9302331600338221,block1:zero_tool,gated_rule_c,mixed,1785124355.28839,1785124355.2893205,1785124355.3598332,1785124357.9245355,
block1-000202,333.7427987717092,819.3013907875866,36,145.0,333.4151280578226,818.9737200737,0.3276707138866186,block1:s2,gated_rule_c,mixed,1785124355.9322,1785124355.9325275,1785124356.2659504,1785124356.7515092,
block1-000203,100.83418246358633,1722.7899903664365,78,10.0,100.28582799714059,1722.2416358999908,0.548354466445744,block1:s2,gated_rule_c,mixed,1785124356.0517116,1785124356.0522602,1785124356.1525536,1785124357.7745094,
block1-000204,337.380426004529,838.1067970767617,35,95.0,336.65334596298635,837.3797170352191,0.7270800415426493,block1:s2,gated_rule_c,mixed,1785124356.5936368,1785124356.5943642,1785124356.9310253,1785124357.4317517,
block1-000205,393.8275850377977,1006.4983430784196,44,95.0,393.70284602046013,1006.373604061082,0.12473901733756065,block1:s2,gated_rule_c,mixed,1785124356.729439,1785124356.729564,1785124357.1232736,1785124357.7359447,
block1-000206,54.79522724635899,3813.8139832299203,174,132.5,53.75248100608587,3812.771236989647,1.042746240273118,block1:zero_tool,gated_rule_c,mixed,1785124356.956098,1785124356.957141,1785124357.0109012,1785124360.7699196,
block1-000207,325.58231544680893,821.634643478319,37,117.5,325.43530606199056,821.4876340935007,0.1470093848183751,block1:s2,gated_rule_c,mixed,1785124357.0090625,1785124357.0092099,1785124357.3346531,1785124357.8307056,
block1-000208,255.69073692895472,854.1168848751113,38,15.0,255.31644304282963,853.7425909889862,0.37429388612508774,block1:s3,gated_rule_c,mixed,1785124357.537027,1785124357.5374014,1785124357.7927256,1785124358.3911517,
block1-000209,401.40670083928853,1217.2087678918615,48,17.5,400.76603298075497,1216.568100033328,0.6406678585335612,block1:s3,gated_rule_c,mixed,1785124358.1196022,1785124358.1202433,1785124358.521017,1785124359.336819,
block1-000210,95.88490042369813,3492.3217124305665,161,282.5,95.12050601188093,3491.5573180187494,0.764394411817193,block1:zero_tool,gated_rule_c,mixed,1785124358.6277428,1785124358.6285074,1785124358.7236354,1785124362.1200724,
block1-000211,382.56831641774625,1090.0337344501168,41,140.0,382.01907800976187,1089.4844960421324,0.549238407984376,block1:s3,gated_rule_c,mixed,1785124358.6378908,1785124358.6384401,1785124359.0204673,1785124359.7279327,
block1-000212,538.151521817781,1242.5704008201137,48,12.5,537.4412239762023,1241.860102978535,0.710297841578722,block1:s3,gated_rule_c,mixed,1785124358.758431,1785124358.7591414,1785124359.2965896,1785124360.0010083,
block1-000213,542.3720992403105,1245.9847611607984,48,105.0,542.1029470162466,1245.7156089367345,0.2691522240638733,block1:s3,gated_rule_c,mixed,1785124358.7742262,1785124358.7744956,1785124359.3166041,1785124360.020217,
block1-000214,599.1776497103274,1127.101766760461,43,320.0,598.6254600575194,1126.549577107653,0.5521896528080106,block1:s3,gated_rule_c,mixed,1785124358.7764692,1785124358.7770214,1785124359.3756523,1785124359.9035766,
block1-000215,117.59307235479355,3349.5690133422613,159,187.5,116.80761002935469,3348.7835510168225,0.7854623254388571,block1:zero_tool,gated_rule_c,mixed,1785124358.9029436,1785124358.9037294,1785124359.0205455,1785124362.2525215,
block1-000216,66.98309106286615,3678.0466460622847,175,60.0,66.4022370474413,3677.46579204686,0.5808540154248476,block1:zero_tool,gated_rule_c,mixed,1785124359.0154228,1785124359.0160038,1785124359.0824137,1785124362.6934772,
block1-000217,413.5491632623598,1114.7874232847244,48,297.5,413.0668609868735,1114.305121009238,0.48230227548629045,block1:s4,gated_rule_c,mixed,1785124359.0991232,1785124359.0996058,1785124359.5126803,1785124360.2139184,
block1-000218,458.37947935797274,1130.5125133367255,48,75.0,457.07294694148004,1129.2059809202328,1.3065324164927006,block1:s4,gated_rule_c,mixed,1785124359.5804677,1785124359.5817742,1785124360.0388553,1785124360.7109883,
block1-000219,418.94515918102115,1089.8694571806118,48,217.5,417.28000598959625,1088.2043039891869,1.6651531914249063,block1:s4,gated_rule_c,mixed,1785124359.8134873,1785124359.8151526,1785124360.2324402,1785124360.9033647,
block1-000220,430.1539500011131,1034.860381972976,48,25.0,429.06510597094893,1033.7715379428118,1.0888440301641822,block1:s4,gated_rule_c,mixed,1785124360.4340518,1785124360.4351406,1785124360.8642135,1785124361.46892,
block1-000221,86.8241653079167,4223.315568291582,211,485.0,85.75269894208759,4222.244101925753,1.0714663658291101,block1:zero_tool,gated_rule_c,mixed,1785124360.542629,1785124360.5437007,1785124360.6294618,1785124364.7659533,
block1-000222,64.16710186749697,3506.9821388460696,174,92.5,63.799566007219255,3506.614602985792,0.36753586027771235,block1:zero_tool,gated_rule_c,mixed,1785124360.5678422,1785124360.5682101,1785124360.6320167,1785124364.0748317,
block1-000223,64.24343748949468,3674.3468805216253,174,15.0,63.65711602848023,3673.760559060611,0.5863214610144496,block1:zero_tool,gated_rule_c,mixed,1785124361.6696298,1785124361.6702166,1785124361.7338817,1785124365.3439848,
block1-000224,319.77659137919545,999.9335603788495,43,107.5,319.3107310216874,999.4677000213414,0.4658603575080633,block1:s1,gated_rule_c,mixed,1785124361.8205016,1785124361.8209677,1785124362.1402853,1785124362.8204424,
block1-000225,103.0871532857418,3072.5209903903306,144,75.0,102.10884199477732,3071.542679099366,0.9783112909644842,block1:zero_tool,gated_rule_c,mixed,1785124362.3091302,1785124362.3101087,1785124362.4122252,1785124365.381659,
block1-000226,351.834304863587,951.3705368153751,43,105.0,350.80436209682375,950.3405940486118,1.02994276676327,block1:s1,gated_rule_c,mixed,1785124362.341796,1785124362.3428261,1785124362.6936395,1785124363.2931757,
block1-000227,123.88565589208156,1508.2555938279256,72,60.0,122.9419989977032,1507.3119369335473,0.9436568943783641,block1:s1,gated_rule_c,mixed,1785124362.619955,1785124362.6208987,1785124362.7438493,1785124364.1282194,
block1-000228,318.36031610146165,825.7156831678003,39,10.0,317.29420996271074,824.6495770290494,1.0661061387509108,block1:s1,gated_rule_c,mixed,1785124363.9959188,1785124363.9969852,1785124364.314286,1785124364.8216414,
block1-000229,56.51303625199944,5861.603534314781,270,95.0,55.79967494122684,5860.890173004009,0.7133613107725978,block1:zero_tool,gated_rule_c,mixed,1785124364.6344764,1785124364.63519,1785124364.6909974,1785124370.496088,
block1-000230,59.010956436395645,5827.681014430709,268,15.0,57.95526795554906,5826.625325949863,1.0556884808465838,block1:zero_tool,gated_rule_c,mixed,1785124364.8592758,1785124364.8603318,1785124364.918294,1785124370.6869643,
block1-000231,128.45334771554917,1653.488053707406,63,15.0,127.34515604097396,1652.3798620328307,1.1081916745752096,block1:s1,gated_rule_c,mixed,1785124365.0032444,1785124365.0043528,1785124365.1317055,1785124366.65674,
block1-000232,408.45316264312714,1143.0846175644547,41,10.0,407.6921660453081,1142.3236209666356,0.7609965978190303,block1:s2,gated_rule_c,mixed,1785124365.0297632,1785124365.0305245,1785124365.4382234,1785124366.172855,
block1-000233,409.10339762922376,1010.51586761605,36,70.0,408.1822750158608,1009.594745002687,0.921122613362968,block1:s2,gated_rule_c,mixed,1785124365.0644999,1785124365.065421,1785124365.4736104,1785124366.0750232,
block1-000234,98.39981177356094,1592.2767767915502,64,217.5,97.25504997186363,1591.132014989853,1.1447618016973138,block1:s2,gated_rule_c,mixed,1785124365.4115214,1785124365.4126666,1785124365.5099306,1785124367.003808,
block1-000235,108.76334621571004,1743.972779251635,74,350.0,108.27016201801598,1743.479595053941,0.4931841976940632,block1:s2,gated_rule_c,mixed,1785124365.5635307,1785124365.564024,1785124365.6723018,1785124367.3075113,
block1-000236,98.74942456372082,3300.659496570006,149,172.5,98.09416707139462,3300.00423907768,0.6552574923262,block1:zero_tool,gated_rule_c,mixed,1785124365.5734937,1785124365.5741491,1785124365.672251,1785124368.8741612,
block1-000237,410.31638404820114,1070.9509981097654,44,320.0,409.91316898725927,1070.5477830488235,0.403215060941875,block1:s2,gated_rule_c,mixed,1785124365.6056764,1785124365.6060798,1785124366.0160005,1785124366.676635,
block1-000238,374.4802369037643,918.0986999999732,38,15.0,372.6384280016646,916.2568910978734,1.8418089020997286,block1:s2,gated_rule_c,mixed,1785124365.680632,1785124365.6824741,1785124366.055121,1785124366.5987394,
block1-000239,305.58559123892337,849.4220832362771,34,10.0,305.3949140012264,849.2314059985802,0.19067723769694567,block1:s2,gated_rule_c,mixed,1785124366.1550226,1785124366.1552134,1785124366.4606154,1785124367.004452,
block1-000240,283.0306893447414,827.0556303905323,32,15.0,282.60921395849437,826.6341550042853,0.42147538624703884,block1:s3,gated_rule_c,mixed,1785124366.1776447,1785124366.1780665,1785124366.4606822,1785124367.0047073,
block1-000241,109.77325530257076,2757.8676022822037,128,52.5,109.3563080066815,2757.4506549863145,0.4169472958892584,block1:zero_tool,gated_rule_c,mixed,1785124366.2144327,1785124366.2148497,1785124366.3242123,1785124368.9723065,
block1-000242,408.24506897479296,863.5377819882706,38,12.5,407.1136089041829,862.4063219176605,1.1314600706100464,block1:s3,gated_rule_c,mixed,1785124366.6701577,1785124366.6712894,1785124367.0784104,1785124367.533703,
block1-000243,281.772394082509,888.0727890646085,41,282.5,281.65356803219765,887.9539630142972,0.11882605031132698,block1:s3,gated_rule_c,mixed,1785124366.8347065,1785124366.8348255,1785124367.1164875,1785124367.7227876,
block1-000244,396.7137678992003,1045.4817068530247,48,92.5,396.5234080096707,1045.291346963495,0.19035988952964544,block1:s3,gated_rule_c,mixed,1785124367.698483,1785124367.6986737,1785124368.0952048,1785124368.7439725,
block1-000245,350.78402783256024,1035.7724418863654,43,12.5,348.9490740466863,1033.9374881004915,1.8349537858739495,block1:s3,gated_rule_c,mixed,1785124368.3516371,1785124368.3534722,1785124368.7024298,1785124369.3874178,
block1-000246,102.97907853964716,3425.5073755048215,165,307.5,102.44525305461138,3424.9735500197858,0.5338254850357771,block1:zero_tool,gated_rule_c,mixed,1785124368.3905988,1785124368.3911326,1785124368.493585,1785124371.8161132,
block1-000247,394.10697540733963,1002.2472874261439,43,75.0,393.56119895819575,1001.701510977,0.5457764491438866,block1:s3,gated_rule_c,mixed,1785124368.6878402,1785124368.688386,1785124369.0819569,1785124369.690097,
block1-000248,458.7273361394182,1065.040145185776,48,12.5,457.69566600210965,1064.0084750484675,1.031670137308538,block1:s4,gated_rule_c,mixed,1785124368.737711,1785124368.7387428,1785124369.1964467,1785124369.8027596,
block1-000249,409.009589580819,1012.300738482736,48,17.5,408.30281807575375,1011.5939669776708,0.7067715050652623,block1:s4,gated_rule_c,mixed,1785124368.920799,1785124368.9215062,1785124369.3298156,1785124369.9331067,
block1-000250,393.6773957684636,1034.3502177856863,48,85.0,392.7205629879609,1033.3933850051835,0.9568327805027366,block1:s4,gated_rule_c,mixed,1785124370.0454323,1785124370.0463893,1785124370.439117,1785124371.07979,
block1-000251,67.23827996756881,2644.2647639196366,126,105.0,66.90248707309365,2643.9289710251614,0.33579289447516203,block1:zero_tool,gated_rule_c,mixed,1785124370.544054,1785124370.5443902,1785124370.6113007,1785124373.1883268,
block1-000252,440.3546554967761,1070.8518135361373,48,132.5,439.3714319448918,1069.868589984253,0.9832235518842936,block1:s4,gated_rule_c,mixed,1785124370.9393125,1785124370.940296,1785124371.379675,1785124372.010172,
block1-000253,399.31494439952075,1027.4047814309597,48,177.5,399.04467295855284,1027.1345099899918,0.27027144096791744,block1:s4,gated_rule_c,mixed,1785124371.2475944,1785124371.2478647,1785124371.646916,1785124372.2750056,
block1-000254,51.081912126392126,2705.518903094344,131,117.5,50.14723597560078,2704.5842269435525,0.934676150791347,block1:zero_tool,gated_rule_c,mixed,1785124371.4077094,1785124371.4086442,1785124371.4587991,1785124374.1132362,
block1-000255,66.08125218190253,3040.455825161189,148,15.0,64.00960707105696,3038.3841800503433,2.071645110845566,block1:zero_tool,gated_rule_c,mixed,1785124371.6374354,1785124371.6395073,1785124371.7035248,1785124374.6778994,
block1-000256,311.06091337278485,938.4662633528933,43,95.0,310.60963100753725,938.0149809876457,0.45128236524760723,block1:s1,gated_rule_c,mixed,1785124371.8477054,1785124371.848157,1785124372.158774,1785124372.7861793,
block1-000257,68.43079335521907,11416.016841423698,541,85.0,68.2669939706102,11415.853042039089,0.16379938460886478,block1:zero_tool,gated_rule_c,mixed,1785124372.1687622,1785124372.168926,1785124372.2371988,1785124383.5847847,
block1-000258,63.85886447969824,3284.6467804629356,155,10.0,63.72691900469363,3284.514834987931,0.1319454750046134,block1:zero_tool,gated_rule_c,mixed,1785124372.547396,1785124372.5475283,1785124372.6112626,1785124375.83205,
block1-000259,120.08555384818465,1580.1079669035971,72,15.0,119.61885401979089,1579.6412670752034,0.46669982839375734,block1:s1,gated_rule_c,mixed,1785124372.6282408,1785124372.628708,1785124372.7483344,1785124374.2083564,
block1-000260,101.58219805452973,1553.4555901540443,74,117.5,100.63781996723264,1552.5112120667472,0.944378087297082,block1:s1,gated_rule_c,mixed,1785124372.9189184,1785124372.9198632,1785124373.0205102,1785124374.4723835,
block1-000261,65.25694613810629,5609.790645190515,261,52.5,64.26431692671031,5608.798015979119,0.9926292113959789,block1:zero_tool,gated_rule_c,mixed,1785124373.128708,1785124373.129701,1785124373.1939735,1785124378.7385073,
block1-000262,56.528396788053215,3673.9666857756674,171,15.0,55.40520802605897,3672.843497013673,1.1231887619942427,block1:zero_tool,gated_rule_c,mixed,1785124373.3481512,1785124373.3492746,1785124373.4046874,1785124377.0221255,
block1-000263,127.45204754173756,1368.8265815144405,60,17.5,126.63581199012697,1368.01034596283,0.816235551610589,block1:s1,gated_rule_c,mixed,1785124373.908618,1785124373.9094348,1785124374.0360808,1785124375.2774553,
block1-000264,353.0788323841989,812.9768583457917,34,287.5,352.32346900738776,812.2214949689806,0.7553633768111467,block1:s2,gated_rule_c,mixed,1785124374.809109,1785124374.8098645,1785124375.1621938,1785124375.6220918,
block1-000265,363.8014303287491,935.5521682882681,42,12.5,363.0041020223871,934.7548399819061,0.7973283063620329,block1:s2,gated_rule_c,mixed,1785124374.855854,1785124374.8566515,1785124375.219661,1785124375.7914119,
block1-000266,301.6683520982042,759.6821540500969,36,320.0,300.92689709272236,758.940699044615,0.7414550054818392,block1:s2,gated_rule_c,mixed,1785124374.9942408,1785124374.994983,1785124375.2959163,1785124375.75393,
block1-000267,55.9748396044597,6965.02121060621,325,287.5,54.89353009033948,6963.93990109209,1.0813095141202211,block1:zero_tool,gated_rule_c,mixed,1785124375.2815926,1785124375.282674,1785124375.3375752,1785124382.2466214,
block1-000268,61.11363822128624,3397.841669153422,153,52.5,60.90270902495831,3397.630739957094,0.21092919632792473,block1:zero_tool,gated_rule_c,mixed,1785124375.7710233,1785124375.7712345,1785124375.832144,1785124379.168872,
block1-000269,357.0759439608082,1084.2677450273186,44,15.0,356.7876450251788,1083.9794460916892,0.28829893562942743,block1:s2,gated_rule_c,mixed,1785124375.9377096,1785124375.937998,1785124376.2947922,1785124377.021984,
block1-000270,64.24385332502425,3605.6287102401257,166,115.0,63.62668005749583,3605.0115369725972,0.6171732675284147,block1:zero_tool,gated_rule_c,mixed,1785124376.0234475,1785124376.0240648,1785124376.087698,1785124379.629083,
block1-000271,436.8534102104604,1019.1695742541924,37,85.0,436.3901689648628,1018.7063330085948,0.46324124559760094,block1:s2,gated_rule_c,mixed,1785124376.5257123,1785124376.5261757,1785124376.9625742,1785124377.5448904,
block1-000272,339.12010968197137,939.9363006232306,32,307.5,338.94480601884425,939.7609969601035,0.1753036631271243,block1:s3,gated_rule_c,mixed,1785124376.546094,1785124376.5462694,1785124376.885221,1785124377.486037,
block1-000273,96.47357708308846,2810.402128030546,128,15.0,95.40309000294656,2809.331640950404,1.070487080141902,block1:zero_tool,gated_rule_c,mixed,1785124376.701935,1785124376.7030058,1785124376.7984166,1785124379.512345,
block1-000274,492.5180512946099,1252.9396592872217,48,155.0,491.8444170616567,1252.2660250542685,0.6736342329531908,block1:s3,gated_rule_c,mixed,1785124376.7213156,1785124376.7219896,1785124377.2138412,1785124377.9742627,
block1-000275,286.11680562607944,1098.3190255938098,41,115.0,285.78620008192956,1097.98842004966,0.33060554414987564,block1:s3,gated_rule_c,mixed,1785124376.7972748,1785124376.7976055,1785124377.0833998,1785124377.8956017,
block1-000276,501.12287350930274,1203.057145467028,48,152.5,500.389227992855,1202.3234999505803,0.7336455164477229,block1:s3,gated_rule_c,mixed,1785124377.0436625,1785124377.0443966,1785124377.5448048,1785124378.2467391,
block1-000277,455.7123981649056,1114.5545591134578,46,357.5,454.6243870863691,1113.4665480349213,1.0880110785365105,block1:s3,gated_rule_c,mixed,1785124377.1320584,1785124377.1331465,1785124377.5877802,1785124378.2466223,
block1-000278,555.0773608265445,1022.821472841315,43,22.5,554.6468499815091,1022.3909619962797,0.43051084503531456,block1:s3,gated_rule_c,mixed,1785124377.3001692,1785124377.3006,1785124377.8552551,1785124378.322999,
block1-000279,353.16977568436414,970.4825506778434,43,110.0,351.92510206252337,969.2378770560026,1.244673621840775,block1:s3,gated_rule_c,mixed,1785124377.5423336,1785124377.5435786,1785124377.8955114,1785124378.512824,
block1-000280,419.9598159175366,1032.7269758563489,48,145.0,419.01897999923676,1031.786139938049,0.9408359182998538,block1:s4,gated_rule_c,mixed,1785124377.6120121,1785124377.6129532,1785124378.031981,1785124378.6447482,
block1-000281,398.22027715854347,1084.2903770972043,48,17.5,397.9458340909332,1084.015934029594,0.2744430676102638,block1:s4,gated_rule_c,mixed,1785124378.8073673,1785124378.8076417,1785124379.2055962,1785124379.8916664,
block1-000282,56.0975595144555,2809.0148244518787,133,117.5,55.47258805017918,2808.3898529876024,0.6249714642763138,block1:zero_tool,gated_rule_c,mixed,1785124379.265062,1785124379.2656872,1785124379.3211675,1785124382.0740845,
block1-000283,62.03000643290579,3408.161488478072,158,132.5,60.61551999300718,3406.7470020381734,1.4144864398986101,block1:zero_tool,gated_rule_c,mixed,1785124379.4501936,1785124379.4516082,1785124379.5122304,1785124382.858362,
block1-000284,448.60528665594757,1185.5269427178428,48,17.5,448.2312010368332,1185.1528570987284,0.37408561911433935,block1:s4,gated_rule_c,mixed,1785124379.5930011,1785124379.5933752,1785124380.0416138,1785124380.7785358,
block1-000285,402.13514072820544,1183.0488147679716,48,105.0,401.7716709058732,1182.6853449456394,0.363469822332263,block1:s4,gated_rule_c,mixed,1785124379.6771429,1785124379.6775064,1785124380.079286,1785124380.8601997,
block1-000286,100.14642553869635,3625.818590633571,172,107.5,99.26125698257238,3624.933422077447,0.8851685561239719,block1:zero_tool,gated_rule_c,mixed,1785124379.7150013,1785124379.7158868,1785124379.8151574,1785124383.3408296,
block1-000287,435.0231357384473,1159.0837157564238,48,85.0,434.23977098427713,1158.3003510022536,0.7833647541701794,block1:s4,gated_rule_c,mixed,1785124380.2403738,1785124380.2411573,1785124380.6754053,1785124381.399466,
block1-000288,425.84977159276605,1002.9783295467496,43,117.5,425.65267998725176,1002.7812379412353,0.19709160551428795,block1:s1,gated_rule_c,mixed,1785124380.4528024,1785124380.4529998,1785124380.8786616,1785124381.4557903,
block1-000289,124.57046657800674,1252.78448255267,58,132.5,122.88597505539656,1251.0999910300598,1.6844915226101875,block1:s1,gated_rule_c,mixed,1785124380.6541328,1785124380.6558177,1785124380.7787113,1785124381.9069257,
block1-000290,366.3934328360483,939.4170758314431,43,20.0,366.09562498051673,939.1192679759115,0.2978078555315733,block1:s1,gated_rule_c,mixed,1785124380.7052357,1785124380.7055337,1785124381.071636,1785124381.6446598,
block1-000291,354.7229820396751,868.7830100534484,37,15.0,353.4078309312463,867.4678589450195,1.3151511084288359,block1:s1,gated_rule_c,mixed,1785124382.0451422,1785124382.0464575,1785124382.3998733,1785124382.9139333,
block1-000292,64.71849419176579,4280.3194191074,201,15.0,63.934480072930455,4279.535404988565,0.78401411883533,block1:zero_tool,gated_rule_c,mixed,1785124382.3165636,1785124382.3173478,1785124382.3812892,1785124386.5968904,
block1-000293,122.31144995894283,1400.872693862766,63,15.0,122.0600790111348,1400.621322914958,0.25137094780802727,block1:s1,gated_rule_c,mixed,1785124382.4891074,1785124382.4893591,1785124382.6114264,1785124383.8899875,
block1-000294,70.13887423090637,3165.0092771742493,147,177.5,69.01290302630514,3163.883305969648,1.1259712046012282,block1:zero_tool,gated_rule_c,mixed,1785124382.7496738,1785124382.7508,1785124382.819821,1785124385.914691,
block1-000295,455.8624988421798,973.1527179246768,37,217.5,455.5239899782464,972.8142090607435,0.3385088639333844,block1:s1,gated_rule_c,mixed,1785124383.604458,1785124383.604797,1785124384.0603282,1785124384.5776184,
block1-000296,363.74681524466723,1029.3897432275116,40,22.5,362.87483002524823,1028.5177580080926,0.8719852194190025,block1:s2,gated_rule_c,mixed,1785124383.6045482,1785124383.6054204,1785124383.9683,1785124384.6339436,
block1-000297,57.32504965271801,2256.0174537356943,105,15.0,56.5096449572593,2255.2020490402356,0.8154046954587102,block1:zero_tool,gated_rule_c,mixed,1785124383.9110265,1785124383.9118423,1785124383.9683595,1785124386.1670518,
block1-000298,299.28444733377546,819.0055983141065,36,110.0,298.2124730478972,817.9336240282282,1.071974285878241,block1:s2,gated_rule_c,mixed,1785124384.0025003,1785124384.0035725,1785124384.301792,1785124384.8215132,
block1-000299,101.53896256815642,1642.4173206323758,74,95.0,100.50446295645088,1641.3828210206702,1.0344996117055416,block1:s2,gated_rule_c,mixed,1785124384.2911723,1785124384.292207,1785124384.3927188,1785124385.933597,
block1-000300,315.6081149354577,968.2544189272448,42,92.5,315.1277849683538,967.774088960141,0.4803299671038985,block1:s2,gated_rule_c,mixed,1785124384.336372,1785124384.3368523,1785124384.6519883,1785124385.3046343,
block1-000301,368.6290693003684,881.7987843649462,38,10.0,368.5216309968382,881.691346061416,0.10743830353021622,block1:s2,gated_rule_c,mixed,1785124384.8215003,1785124384.8216076,1785124385.190135,1785124385.703305,
block1-000302,84.57419800106436,3484.3696219613776,168,15.0,84.0346299810335,3483.8300539413467,0.5395680200308561,block1:zero_tool,gated_rule_c,mixed,1785124384.8824604,1785124384.8830001,1785124384.967041,1785124388.3668365,
block1-000303,277.4305146886036,771.1137967417017,34,15.0,275.4895919933915,769.1728740464896,1.9409226952120662,block1:s2,gated_rule_c,mixed,1785124385.1249924,1785124385.1269336,1785124385.4024312,1785124385.8961143,
block1-000304,403.5781581187621,1053.9842310827225,48,17.5,403.4176430432126,1053.823716007173,0.1605150755494833,block1:s3,gated_rule_c,mixed,1785124385.3556983,1785124385.355859,1785124385.7592845,1785124386.4096906,
block1-000305,67.38825095817447,2595.674282987602,126,15.0,65.59445499442518,2593.8804870238528,1.7937959637492895,block1:zero_tool,gated_rule_c,mixed,1785124385.7903028,1785124385.7920969,1785124385.8576982,1785124388.3859842,
block1-000306,52.735351608134806,3154.7732456820086,152,350.0,51.698861992917955,3153.7367560667917,1.0364896152168512,block1:zero_tool,gated_rule_c,mixed,1785124385.9397671,1785124385.9408038,1785124385.9925103,1785124389.0945482,
block1-000307,70.66911330912262,2481.7018103785813,120,135.0,68.88319295831025,2479.915890027769,1.7859203508123755,block1:zero_tool,gated_rule_c,mixed,1785124386.0753033,1785124386.0770895,1785124386.14598,1785124388.5570126,
block1-000308,396.93908381741494,1002.0253837574273,48,10.0,396.65754698216915,1001.7438469221815,0.2815368352457881,block1:s3,gated_rule_c,mixed,1785124386.1431684,1785124386.1434503,1785124386.5401168,1785124387.1452029,
block1-000309,59.10847312770784,4034.704720135778,181,320.0,58.821148006245494,4034.417395014316,0.2873251214623451,block1:zero_tool,gated_rule_c,mixed,1785124386.8389633,1785124386.8392508,1785124386.8980784,1785124390.8736742,
block1-000310,69.11817821674049,3044.713373295963,141,170.0,68.4889149852097,3044.084110064432,0.6292632315307856,block1:zero_tool,gated_rule_c,mixed,1785124386.9815361,1785124386.9821658,1785124387.0506616,1785124390.026257,
block1-000311,409.2170399380848,1105.0978610292077,48,320.0,408.40188693255186,1104.2827080236748,0.8151530055329204,block1:s3,gated_rule_c,mixed,1785124387.24232,1785124387.2431355,1785124387.6515448,1785124388.3474255,
block1-000312,443.3000588323921,1138.5747028980404,48,115.0,441.6654519736767,1136.940096039325,1.634606858715415,block1:s4,gated_rule_c,mixed,1785124387.7063425,1785124387.707977,1785124388.1496499,1785124388.8449247,
block1-000313,421.9443316105753,1111.7057745577767,48,10.0,420.5049660522491,1110.2664089994505,1.4393655583262444,block1:s4,gated_rule_c,mixed,1785124388.0016596,1785124388.0030994,1785124388.4236119,1785124389.1133735,
block1-000314,103.85878197848797,3581.5070560202003,154,117.5,102.2759189363569,3579.924192978069,1.5828630421310663,block1:zero_tool,gated_rule_c,mixed,1785124388.001933,1785124388.0035162,1785124388.1057975,1785124391.5834458,
block1-000315,68.88584233820438,4048.362158355303,174,60.0,67.09182006306946,4046.568136080168,1.794022275134921,block1:zero_tool,gated_rule_c,mixed,1785124388.123169,1785124388.124963,1785124388.1920638,1785124392.1715403,
block1-000316,98.70017122011632,3870.66681322176,161,107.5,97.32252592220902,3869.289167923853,1.3776452979072928,block1:zero_tool,gated_rule_c,mixed,1785124388.6255198,1785124388.6268976,1785124388.7242281,1785124392.4961948,
block1-000317,444.6465860819444,1109.7225941484794,48,170.0,443.9859859412536,1109.0619940077886,0.6606001406908035,block1:s4,gated_rule_c,mixed,1785124388.629842,1785124388.630503,1785124389.074496,1785124389.7395718,
block1-000318,452.73143984377384,1124.9398038489744,48,10.0,452.52651697956026,1124.7348809847608,0.20492286421358585,block1:s4,gated_rule_c,mixed,1785124388.6419399,1785124388.642145,1785124389.094678,1785124389.7668865,
block1-000319,408.4304595598951,1206.5943324705586,48,70.0,407.6699120923877,1205.8337850030512,0.760547467507422,block1:s4,gated_rule_c,mixed,1785124389.1976998,1785124389.1984603,1785124389.6061387,1785124390.4043024,
block1-000320,359.67020806856453,1169.4705220870674,43,545.0,359.3378079822287,1169.1381220007315,0.33240008633583784,block1:s1,gated_rule_c,mixed,1785124389.685054,1785124389.6853867,1785124390.0447333,1785124390.8545337,
block1-000321,79.54383571632206,3393.7138637993485,143,115.0,78.88752897270024,3393.0575570557266,0.6563067436218262,block1:zero_tool,gated_rule_c,mixed,1785124389.7277274,1785124389.7283838,1785124389.8072789,1785124393.121449,
block1-000322,452.4603089084849,1153.8521948968992,43,107.5,452.27312901988626,1153.6650150083005,0.1871798885986209,block1:s1,gated_rule_c,mixed,1785124389.8737195,1785124389.8739069,1785124390.326188,1785124391.02758,
block1-000323,124.6289478149265,1837.7247777534649,71,820.0,123.8288750173524,1836.9247049558908,0.8000727975741029,block1:s1,gated_rule_c,mixed,1785124390.058225,1785124390.059025,1785124390.1828616,1785124391.8959575,
block1-000324,357.4868789874017,1167.5984029425308,42,485.0,357.2042060550302,1167.3157300101593,0.28267293237149715,block1:s1,gated_rule_c,mixed,1785124390.1228273,1785124390.12311,1785124390.4803216,1785124391.290433,
block1-000325,355.4281099932268,931.1483480269089,34,60.0,354.3156150262803,930.0358530599624,1.1124949669465423,block1:s1,gated_rule_c,mixed,1785124390.5562983,1785124390.557411,1785124390.9117339,1785124391.487454,
block1-000326,409.48475420009345,1100.7841372629628,43,187.5,408.41804002411664,1099.717423086986,1.0667141759768128,block1:s1,gated_rule_c,mixed,1785124390.5791154,1785124390.5801823,1785124390.988608,1785124391.6799076,
block1-000327,127.60806630831212,1435.3890683269128,56,117.5,127.32540396973491,1435.1064059883356,0.2826623385772109,block1:s1,gated_rule_c,mixed,1785124391.0803363,1785124391.0806193,1785124391.2079515,1785124392.5157328,
block1-000328,376.30091328173876,1009.5993243157864,38,25.0,376.01941206958145,1009.317823103629,0.28150121215730906,block1:s2,gated_rule_c,mixed,1785124391.1034505,1785124391.1037319,1785124391.4797573,1785124392.1130555,
block1-000329,60.584620805457234,3015.5468398006633,128,117.5,59.99134504236281,3014.953564037569,0.5932757630944252,block1:zero_tool,gated_rule_c,mixed,1785124391.4269958,1785124391.4275894,1785124391.4875894,1785124394.4425519,
block1-000330,402.6677851798013,943.2082651183009,36,217.5,402.19248307403177,942.7329630125314,0.47530210576951504,block1:s2,gated_rule_c,mixed,1785124391.6494293,1785124391.649905,1785124392.052105,1785124392.592645,
block1-000331,97.3996592219919,1639.4845511531457,74,75.0,97.10935805924237,1639.1942499903962,0.2903011627495289,block1:s2,gated_rule_c,mixed,1785124391.7445438,1785124391.7448344,1785124391.841951,1785124393.3840358,
block1-000332,63.45603277441114,4690.30353683047,198,115.0,61.480939970351756,4688.328444026411,1.9750928040593863,block1:zero_tool,gated_rule_c,mixed,1785124391.8392482,1785124391.8412232,1785124391.90271,1785124396.5295575,
block1-000333,406.66024130769074,1016.3273542420939,44,545.0,405.85717104841024,1015.5242839828134,0.8030702592805028,block1:s2,gated_rule_c,mixed,1785124391.9180698,1785124391.918873,1785124392.3247373,1785124392.9344044,
block1-000334,72.70335010252893,7995.100016123615,359,60.0,71.84919400606304,7994.245860027149,0.8541560964658856,block1:zero_tool,gated_rule_c,mixed,1785124392.0406735,1785124392.041528,1785124392.1133845,1785124400.035781,
block1-000335,308.11696988530457,766.898178961128,34,140.0,307.7198970131576,766.501106088981,0.3970728721469641,block1:s2,gated_rule_c,mixed,1785124392.1484518,1785124392.1488497,1785124392.45658,1785124392.915361,
block1-000336,412.65000007115304,1013.86415399611,48,132.5,412.0012290077284,1013.2153829326853,0.6487710634246469,block1:s3,gated_rule_c,mixed,1785124392.2934768,1785124392.2941258,1785124392.7061355,1785124393.3073494,
block1-000337,311.9885066989809,884.5126886153594,33,320.0,310.6798470253125,883.2040289416909,1.3086596736684442,block1:s3,gated_rule_c,mixed,1785124393.2966144,1785124393.2979233,1785124393.608611,1785124394.1811354,
block1-000338,377.18970282003284,1157.7657437883317,41,60.0,376.29119399935007,1156.867234967649,0.898508820682764,block1:s3,gated_rule_c,mixed,1785124393.3623173,1785124393.363216,1785124393.7395132,1785124394.5200891,
block1-000339,56.32360803429037,4047.0283100148663,172,107.5,55.515200016088784,4046.2199019966647,0.8084080182015896,block1:zero_tool,gated_rule_c,mixed,1785124393.533552,1785124393.5343606,1785124393.5898821,1785124397.5805867,
block1-000340,427.9151241062209,1275.1778481760994,41,485.0,427.73219803348184,1274.9949221033603,0.1829260727390647,block1:s3,gated_rule_c,mixed,1785124393.8282778,1785124393.8284612,1785124394.2562008,1785124395.1034636,
block1-000341,538.6535559082404,1347.9749698890373,43,217.5,536.832525045611,1346.153939026408,1.8210308626294136,block1:s3,gated_rule_c,mixed,1785124393.8501196,1785124393.8519406,1785124394.3887792,1785124395.1981008,
block1-000342,684.3714475398883,1510.6479146052152,49,85.0,683.4707239177078,1509.7471909830347,0.9007236221805215,block1:s3,gated_rule_c,mixed,1785124393.854848,1785124393.855749,1785124394.5392263,1785124395.365503,
block1-000343,422.4182500038296,1284.3394849915057,43,177.5,422.15405695606023,1284.0752919437364,0.2641930477693677,block1:s3,gated_rule_c,mixed,1785124394.1403956,1785124394.14066,1785124394.562824,1785124395.4247453,
block1-000344,605.6471960619092,1402.7139131212607,49,485.0,604.8710329923779,1401.9377500517294,0.7761630695313215,block1:s4,gated_rule_c,mixed,1785124394.1612275,1785124394.162004,1785124394.7668817,1785124395.5639486,
block1-000345,551.6090268502012,1341.8785579269752,48,50.0,550.2439789706841,1340.513510047458,1.3650478795170784,block1:s4,gated_rule_c,mixed,1785124394.2422,1785124394.243565,1785124394.793816,1785124395.5840857,
block1-000346,507.23623076919466,1296.4810148114339,48,412.5,506.43237901385874,1295.677163056098,0.803851755335927,block1:s4,gated_rule_c,mixed,1785124394.3068802,1785124394.3076844,1785124394.8141243,1785124395.6033688,
block1-000347,481.9199275225401,1249.2286764318123,48,357.5,481.11295606940985,1248.421704978682,0.8069714531302452,block1:s4,gated_rule_c,mixed,1785124394.529495,1785124394.5303023,1785124395.0114224,1785124395.778731,
block1-000348,486.6122390376404,1230.9010870521888,48,17.5,486.42912798095495,1230.7179759955034,0.1831110566854477,block1:s4,gated_rule_c,mixed,1785124394.5668328,1785124394.567016,1785124395.0534525,1785124395.7977412,
block1-000349,71.89899822697043,3920.0635572196916,177,15.0,71.49895594920963,3919.6635149419308,0.4000422777608037,block1:zero_tool,gated_rule_c,mixed,1785124394.7024925,1785124394.7028928,1785124394.774399,1785124398.6225634,
block1-000350,530.7238828390837,1222.0706817461178,48,95.0,529.825400095433,1221.172199002467,0.8984827436506748,block1:s4,gated_rule_c,mixed,1785124394.9333372,1785124394.9342358,1785124395.4640691,1785124396.155416,
block1-000351,506.1944341287017,1200.2381142228842,48,15.0,505.8109919773415,1199.854672071524,0.38344215136021376,block1:s4,gated_rule_c,mixed,1785124394.997611,1785124394.9979947,1785124395.5038145,1785124396.197858,
block1-000352,419.70920050516725,1073.1097784591839,43,152.5,418.48651110194623,1071.8870890559629,1.2226894032210112,block1:s1,gated_rule_c,mixed,1785124395.0245488,1785124395.0257719,1785124395.444266,1785124396.0976665,
block1-000353,127.69374647177756,3038.5108734481037,138,10.0,127.07084603607655,3037.8879730124027,0.6229004357010126,block1:zero_tool,gated_rule_c,mixed,1785124395.0495164,1785124395.0501397,1785124395.1772182,1785124398.0880356,
block1-000354,296.1277781287208,963.0750610958785,40,412.5,295.50941102206707,962.4566939892247,0.6183671066537499,block1:s1,gated_rule_c,mixed,1785124395.2277577,1785124395.2283764,1785124395.5238926,1785124396.1908398,
block1-000355,68.23159044142812,3345.264655421488,151,15.0,67.98143801279366,3345.0145029928535,0.25015242863446474,block1:zero_tool,gated_rule_c,mixed,1785124395.8667552,1785124395.8670053,1785124395.9349945,1785124399.2120275,
block1-000356,107.73765156045556,3632.442804519087,166,20.0,106.81936505716294,3631.5245180157945,0.9182865032926202,block1:zero_tool,gated_rule_c,mixed,1785124395.9501998,1785124395.951118,1785124396.057944,1785124399.582649,
block1-000357,395.602774922736,910.1135488599539,36,50.0,394.5681139593944,909.0788878966123,1.0346609633415937,block1:s1,gated_rule_c,mixed,1785124395.9791415,1785124395.9801764,1785124396.3747518,1785124396.8892627,
block1-000358,68.07230494450778,3980.1461109891534,188,15.0,67.06772092729807,3979.1415269719437,1.0045840172097087,block1:zero_tool,gated_rule_c,mixed,1785124396.129869,1785124396.130874,1785124396.1979485,1785124400.1100223,
block1-000359,302.45668964926153,798.5778156435117,33,25.0,301.84255994390696,797.9636859381571,0.6141297053545713,block1:s1,gated_rule_c,mixed,1785124396.2458365,1785124396.246451,1785124396.5483,1785124397.0444212,
block1-000360,284.6584767103195,862.8709746990353,40,20.0,283.4776029922068,861.6901009809226,1.1808737181127071,block1:s2,gated_rule_c,mixed,1785124396.5849898,1785124396.5861714,1785124396.8696594,1785124397.447872,
block1-000361,73.26334749814123,1864.8323495872319,89,17.5,71.1686669383198,1862.7376690274104,2.094680559821427,block1:zero_tool,gated_rule_c,mixed,1785124396.7769778,1785124396.7790725,1785124396.8502483,1785124398.6418173,
block1-000362,297.6863448275253,827.9580977978185,36,15.0,297.43978602346033,827.7115389937535,0.2465588040649891,block1:s2,gated_rule_c,mixed,1785124397.6758623,1785124397.676109,1785124397.973555,1785124398.5038269,
block1-000363,361.60775797907263,1050.590150989592,43,115.0,360.9315500361845,1049.913943046704,0.6762079428881407,block1:s2,gated_rule_c,mixed,1785124398.1419454,1785124398.142622,1785124398.503561,1785124399.1925435,
block1-000364,302.69381089601666,838.8228547992185,35,115.0,301.6531619941816,837.7822058973834,1.040648901835084,block1:s2,gated_rule_c,mixed,1785124398.201032,1785124398.2020729,1785124398.503735,1785124399.039864,
block1-000365,65.20658335648477,5598.6500033177435,257,15.0,65.02775801345706,5598.471177974716,0.17882534302771091,block1:zero_tool,gated_rule_c,mixed,1785124398.3215964,1785124398.3217754,1785124398.38681,1785124403.9202538,
block1-000366,70.08504157420248,3663.338554557413,167,117.5,69.72919206600636,3662.9827050492167,0.3558495081961155,block1:zero_tool,gated_rule_c,mixed,1785124398.5326324,1785124398.5329883,1785124398.6027248,1785124402.1959784,
block1-000367,306.11697013955563,809.2799672158435,34,177.5,305.4093789542094,808.5723760304973,0.7075911853462458,block1:s2,gated_rule_c,mixed,1785124398.7136962,1785124398.714404,1785124399.0198202,1785124399.5229833,
block1-000368,468.25592406094074,1085.2182030212134,48,177.5,467.7220770390704,1084.684355999343,0.5338470218703151,block1:s3,gated_rule_c,mixed,1785124398.7247953,1785124398.7253294,1785124399.1930585,1785124399.8100207,
block1-000369,413.5296089807525,1023.8220709143206,48,357.5,413.18004310596734,1023.4725050395355,0.34956587478518486,block1:s3,gated_rule_c,mixed,1785124399.0306232,1785124399.030973,1785124399.4441588,1785124400.0544512,
block1-000370,67.35246779862791,3410.816785879433,154,287.5,65.57188695296645,3409.0362050337717,1.7805808456614614,block1:zero_tool,gated_rule_c,mixed,1785124399.2808058,1785124399.2825866,1785124399.348166,1785124402.6916301,
block1-000371,68.98402178194374,3590.5850757844746,163,92.5,68.40795709285885,3590.0090110953897,0.5760646890848875,block1:zero_tool,gated_rule_c,mixed,1785124399.5132704,1785124399.5138466,1785124399.5822616,1785124403.1038628,
block1-000372,437.09964270237833,1092.2673747409135,41,395.0,436.8571439990774,1092.0248760376126,0.2424987033009529,block1:s3,gated_rule_c,mixed,1785124400.4593332,1785124400.4595761,1785124400.8964407,1785124401.5516086,
block1-000373,504.0305146249011,1184.3487205915153,46,282.5,503.55222704820335,1183.8704330148175,0.4782875766977668,block1:s3,gated_rule_c,mixed,1785124400.5782747,1785124400.578753,1785124401.0823119,1785124401.76263,
block1-000374,596.8072968535125,1124.6811418095604,43,100.0,596.4929710607976,1124.3668160168454,0.3143257927149534,block1:s3,gated_rule_c,mixed,1785124400.5792036,1785124400.5795178,1785124401.1760159,1785124401.7038896,
block1-000375,511.7722990689799,1230.2861660718918,48,412.5,511.6055590333417,1230.1194260362536,0.16674003563821316,block1:s3,gated_rule_c,mixed,1785124400.590896,1785124400.5910628,1785124401.102675,1785124401.821189,
block1-000376,71.47777243517339,3195.5321774585173,143,412.5,69.89482196513563,3193.9492269884795,1.5829504700377584,block1:zero_tool,gated_rule_c,mixed,1785124400.8316183,1785124400.8332016,1785124400.903105,1785124404.0271595,
block1-000377,464.74669117014855,1150.253531173803,48,550.0,462.6885970355943,1148.1954370392486,2.058094134554267,block1:s4,gated_rule_c,mixed,1785124401.0458777,1785124401.047936,1785124401.510634,1785124402.1961403,
block1-000378,475.8466770872474,1160.362460068427,48,20.0,474.7950859600678,1159.3108689412475,1.051591127179563,block1:s4,gated_rule_c,mixed,1785124401.0546565,1785124401.0557082,1785124401.5305104,1785124402.215026,
block1-000379,56.198179139755666,2849.804848083295,130,15.0,55.4991610115394,2849.1058299550787,0.6990181282162666,block1:zero_tool,gated_rule_c,mixed,1785124401.215609,1785124401.216308,1785124401.2718163,1785124404.0654228,
block1-000380,59.17060491628945,3470.0144298840314,160,15.0,58.580521028488874,3469.424345996231,0.5900838878005743,block1:zero_tool,gated_rule_c,mixed,1785124401.333433,1785124401.3340232,1785124401.3926136,1785124404.8034575,
block1-000381,83.33175035659224,3924.398529343307,185,12.5,82.5002589263022,3923.567037913017,0.8314914302900434,block1:zero_tool,gated_rule_c,mixed,1785124401.5378728,1785124401.5387044,1785124401.621212,1785124405.4622786,
block1-000382,53.49108995869756,3574.0257159341127,167,15.0,53.33387805148959,3573.8685040269047,0.15721190720796585,block1:zero_tool,gated_rule_c,mixed,1785124401.570689,1785124401.5708466,1785124401.6241882,1785124405.1447225,
block1-000383,415.0511174229905,1149.351763422601,48,10.0,414.38791097607464,1148.688556975685,0.6632064469158649,block1:s4,gated_rule_c,mixed,1785124401.8380122,1785124401.8386757,1785124402.2530713,1785124402.987372,
block1-000384,70.31342294067144,3955.7476449990645,187,160.0,69.87945199944079,3955.313674057834,0.4339709412306547,block1:zero_tool,gated_rule_c,mixed,1785124401.9285302,1785124401.9289644,1785124401.9988518,1785124405.884286,
block1-000385,120.89707516133785,1464.0082531841472,65,282.5,119.65229304041713,1462.7634710632265,1.2447821209207177,block1:s1,gated_rule_c,mixed,1785124402.3285584,1785124402.329804,1785124402.4494653,1785124403.7925763,
block1-000386,369.350676308386,893.2815772714093,41,92.5,367.7199010271579,891.6508019901812,1.630775281228125,block1:s1,gated_rule_c,mixed,1785124402.5590274,1785124402.5606585,1785124402.9283862,1785124403.4523175,
block1-000387,71.64669618941844,4768.358990200795,226,20.0,70.92387892771512,4767.636172939092,0.7228172617033124,block1:zero_tool,gated_rule_c,mixed,1785124402.8568668,1785124402.85759,1785124402.9285214,1785124407.625234,
block1-000388,279.8583803232759,917.1439972706139,39,10.0,279.2357220314443,916.5213389787823,0.6226582918316126,block1:s1,gated_rule_c,mixed,1785124403.550946,1785124403.5515692,1785124403.8308136,1785124404.4680989,
block1-000389,77.41448876913637,6592.596842790954,304,15.0,76.87046902719885,6592.052823049016,0.5440197419375181,block1:zero_tool,gated_rule_c,mixed,1785124403.6184218,1785124403.618966,1785124403.695844,1785124410.2110262,
block1-000390,128.44469293486327,1322.9031208902597,61,17.5,127.91711604222655,1322.375543997623,0.5275768926367164,block1:s1,gated_rule_c,mixed,1785124403.840777,1785124403.8413048,1785124403.9692318,1785124405.1636903,
block1-000391,56.74672778695822,3401.217713835649,161,12.5,56.070439983159304,3400.5414260318503,0.676287803798914,block1:zero_tool,gated_rule_c,mixed,1785124404.392042,1785124404.3927183,1785124404.4487956,1785124407.7932668,
block1-000392,279.5589481247589,845.476309186779,40,105.0,278.7223649211228,844.6397259831429,0.8365832036361098,block1:s2,gated_rule_c,mixed,1785124404.5237827,1785124404.5246196,1785124404.80335,1785124405.3692675,
block1-000393,278.6777544533834,878.8788004312664,40,820.0,277.9158280463889,878.116874024272,0.761926406994462,block1:s2,gated_rule_c,mixed,1785124405.4913163,1785124405.4920785,1785124405.770002,1785124406.3702025,
block1-000394,295.3336883801967,835.6466974364594,36,75.0,294.20669295359403,834.5197020098567,1.1269954266026616,block1:s2,gated_rule_c,mixed,1785124405.918233,1785124405.9193602,1785124406.2135744,1785124406.7538872,
block1-000395,64.24261187203228,11414.433710859157,516,15.0,63.59296396840364,11413.784062955528,0.6496479036286473,block1:zero_tool,gated_rule_c,mixed,1785124406.2650952,1785124406.2657452,1785124406.3293486,1785124417.6795397,
block1-000396,60.52641128189862,3792.2703162766993,167,22.5,59.65984798967838,3791.403752984479,0.8665632922202349,block1:zero_tool,gated_rule_c,mixed,1785124406.4580655,1785124406.4589324,1785124406.518603,1785124410.250347,
block1-000397,525.7940887240693,1146.2758076377213,49,17.5,524.6641030535102,1145.1458219671622,1.1299856705591083,block1:s2,gated_rule_c,mixed,1785124406.535832,1785124406.536962,1785124407.0616322,1785124407.6821141,
block1-000398,402.9137729667127,909.594997880049,38,10.0,402.561356080696,909.2425809940323,0.3524168860167265,block1:s2,gated_rule_c,mixed,1785124406.5808494,1785124406.5812023,1785124406.9837704,1785124407.4904518,
block1-000399,325.4892460536212,831.4185229828581,37,217.5,324.5555910980329,830.4848680272698,0.9336549555882812,block1:s2,gated_rule_c,mixed,1785124406.7360973,1785124406.7370312,1785124407.0615933,1785124407.5675228,
block1-000400,57.59246926754713,2776.095891254954,125,280.0,56.74866808112711,2775.252090068534,0.8438011864200234,block1:zero_tool,gated_rule_c,mixed,1785124406.8685105,1785124406.8693545,1785124406.92611,1785124409.6446133,
block1-000401,275.62974113970995,925.189002067782,39,307.5,273.40920409187675,922.9684650199488,2.2205370478332043,block1:s3,gated_rule_c,mixed,1785124407.0584142,1785124407.0606349,1785124407.3340516,1785124407.9836109,
block1-000402,62.18784337397665,3586.873183376156,161,47.5,61.846511089242995,3586.531851091422,0.34133228473365307,block1:zero_tool,gated_rule_c,mixed,1785124407.2528853,1785124407.2532268,1785124407.3150804,1785124410.8397655,
block1-000403,91.29233669955283,10072.84942374099,453,550.0,90.7244220143184,10072.281509055756,0.5679146852344275,block1:zero_tool,gated_rule_c,mixed,1785124407.7371404,1785124407.7377086,1785124407.82844,1785124417.809997,
block1-000404,107.60019684676081,3083.53251486551,135,17.5,107.41858591791242,3083.350903936662,0.1816109288483858,block1:zero_tool,gated_rule_c,mixed,1785124407.7559407,1785124407.7561226,1785124407.8635476,1785124410.8394802,
block1-000405,466.49323811288923,1167.236447101459,48,12.5,465.4825050383806,1166.2257140269503,1.0107330745086074,block1:s3,gated_rule_c,mixed,1785124407.7833235,1785124407.7843344,1785124408.2498238,1785124408.9505677,
block1-000406,532.1068674093112,1040.2882683556527,43,395.0,531.2868120381609,1039.4682129845023,0.8200553711503744,block1:s3,gated_rule_c,mixed,1785124407.9111128,1785124407.911933,1785124408.4432268,1785124408.9514081,
block1-000407,327.6248184265569,1027.8671494452283,43,105.0,326.75326499156654,1026.995596010238,0.8715534349903464,block1:s3,gated_rule_c,mixed,1785124407.9416633,1785124407.9425352,1785124408.2692952,1785124408.9695375,
block1-000408,447.5181526504457,1143.8981676474214,48,17.5,445.9525920683518,1142.3326070653275,1.5655605820938945,block1:s4,gated_rule_c,mixed,1785124408.3255568,1785124408.3271227,1785124408.7730818,1785124409.469462,
block1-000409,411.1871748464182,1104.0901019005105,48,155.0,411.0591800417751,1103.9621070958674,0.12799480464309454,block1:s4,gated_rule_c,mixed,1785124408.540015,1785124408.540143,1785124408.9512093,1785124409.644112,
block1-000410,446.1345503805205,1149.2612333968282,48,287.5,445.0512259500101,1148.1779089663178,1.0833244305104017,block1:s4,gated_rule_c,mixed,1785124409.0810988,1785124409.0821826,1785124409.5272439,1785124410.2303705,
block1-000411,435.8187267789617,1140.206566778943,48,15.0,435.1059489417821,1139.4937889417633,0.7127778371796012,block1:s4,gated_rule_c,mixed,1785124409.1103942,1785124409.1111073,1785124409.5462196,1785124410.250607,
block1-000412,453.9828415727243,1140.7549516297877,48,287.5,452.34632096253335,1139.1184310195968,1.636520610190928,block1:s4,gated_rule_c,mixed,1785124409.7174788,1785124409.7191153,1785124410.1714683,1785124410.8582404,
block1-000413,465.04568215459585,1151.6258331248537,48,117.5,464.85115902032703,1151.4313099905849,0.19452313426882029,block1:s4,gated_rule_c,mixed,1785124409.725944,1785124409.7261388,1785124410.190996,1785124410.8775759,
block1-000414,84.317845874466,3782.10641478654,167,115.0,84.05439602211118,3781.842964934185,0.26344985235482454,block1:zero_tool,gated_rule_c,mixed,1785124409.7273939,1785124409.7276576,1785124409.811717,1785124413.5095053,
block1-000415,99.31322827469558,3595.2070981729776,159,135.0,97.74375008419156,3593.6376199824736,1.5694781905040145,block1:zero_tool,gated_rule_c,mixed,1785124409.8373408,1785124409.8389108,1785124409.936662,1785124413.4325557,
block1-000416,97.47316339053214,3981.7232283530757,182,282.5,96.86319308821112,3981.1132580507547,0.6099703023210168,block1:zero_tool,gated_rule_c,mixed,1785124410.2987573,1785124410.2993674,1785124410.396238,1785124414.2804878,
block1-000417,53.192516905255616,3636.678055860102,165,152.5,52.110874094069004,3635.5964130489156,1.0816428111866117,block1:zero_tool,gated_rule_c,mixed,1785124410.3455803,1785124410.346662,1785124410.3987823,1785124413.9822676,
block1-000418,334.51464818790555,1030.0839191768318,36,20.0,332.99509494099766,1028.564365929924,1.5195532469078898,block1:s1,gated_rule_c,mixed,1785124410.484646,1785124410.4861658,1785124410.8191695,1785124411.514739,
block1-000419,65.69452944677323,3515.003223554231,161,357.5,64.87382098566741,3514.1825150931254,0.8207084611058235,block1:zero_tool,gated_rule_c,mixed,1785124410.6356187,1785124410.6364396,1785124410.7013202,1785124414.1506286,
block1-000420,445.3303625341505,976.0033905040473,36,357.5,444.6629190351814,975.3359470050782,0.6674434989690781,block1:s1,gated_rule_c,mixed,1785124410.8891199,1785124410.8897874,1785124411.3344574,1785124411.8651302,
block1-000421,174.64401863981038,1524.2517236620188,59,15.0,173.91060292720795,1523.5183079494163,0.7334157126024365,block1:s1,gated_rule_c,mixed,1785124410.9056854,1785124410.906419,1785124411.0803366,1785124412.4299445,
block1-000422,333.342197118327,1040.8570991130546,39,287.5,332.8349170042202,1040.3498189989477,0.5072801141068339,block1:s1,gated_rule_c,mixed,1785124411.0012076,1785124411.001715,1785124411.3345556,1785124412.0420709,
block1-000423,324.80835646856576,871.0199624765664,34,412.5,324.12014598958194,870.3317519975826,0.6882104789838195,block1:s1,gated_rule_c,mixed,1785124411.3640513,1785124411.3647397,1785124411.6888673,1785124412.2350788,
block1-000424,329.5081484830007,858.0462655518204,37,117.5,329.08594992477447,857.6240669935942,0.42219855822622776,block1:s2,gated_rule_c,mixed,1785124411.924475,1785124411.9248972,1785124412.2539907,1785124412.7825289,
block1-000425,395.96446428913623,865.8373402431607,38,155.0,394.3173800362274,864.1902559902519,1.6470842529088259,block1:s2,gated_rule_c,mixed,1785124411.9553475,1785124411.9569948,1785124412.3513215,1785124412.8211944,
block1-000426,56.68271239846945,3635.3048634482548,176,12.5,56.40766897704452,3635.02982002683,0.2750434214249253,block1:zero_tool,gated_rule_c,mixed,1785124412.1390054,1785124412.1392806,1785124412.1956966,1785124415.7743187,
block1-000427,64.00269398000091,3325.874303933233,160,320.0,61.45253300201148,3323.3241429552436,2.550160977989435,block1:zero_tool,gated_rule_c,mixed,1785124412.5240247,1785124412.5265756,1785124412.588037,1785124415.849909,
block1-000428,305.70502777118236,763.8665838167071,36,115.0,304.2518140282482,762.413370073773,1.4532137429341674,block1:s2,gated_rule_c,mixed,1785124413.0490336,1785124413.050487,1785124413.354746,1785124413.8129075,
block1-000429,358.51124103646725,969.2220039432868,41,115.0,357.7859851066023,968.4967480134219,0.725255929864943,block1:s2,gated_rule_c,mixed,1785124414.2646945,1785124414.2654197,1785124414.623213,1785124415.2339237,
block1-000430,395.1839980436489,892.2468640375882,38,110.0,394.63341096416116,891.6962769581005,0.550587079487741,block1:s2,gated_rule_c,mixed,1785124414.3042843,1785124414.3048353,1785124414.6994758,1785124415.1965384,
block1-000431,364.280215697363,861.4458016818389,37,10.0,363.9090140350163,861.0746000194922,0.3712016623467207,block1:s2,gated_rule_c,mixed,1785124414.3349006,1785124414.3352718,1785124414.699188,1785124415.1963534,
block1-000432,66.6299358708784,2808.0542928073555,125,10.0,65.88479806669056,2807.3091550031677,0.7451378041878343,block1:zero_tool,gated_rule_c,mixed,1785124414.7693262,1785124414.7700715,1785124414.8359632,1785124417.5773876,
block1-000433,452.3552554892376,1072.220078553073,48,105.0,451.3418310089037,1071.2066540727392,1.0134244803339243,block1:s3,gated_rule_c,mixed,1785124415.049182,1785124415.050196,1785124415.501547,1785124416.1214118,
block1-000434,50.93632498756051,5110.281032975763,229,135.0,49.85463304910809,5109.199341037311,1.0816919384524226,block1:zero_tool,gated_rule_c,mixed,1785124415.2610745,1785124415.2621562,1785124415.3120174,1785124420.371362,
block1-000435,405.21042642649263,1139.2986964201555,48,172.5,404.26633902825415,1138.354609021917,0.9440873982384801,block1:s3,gated_rule_c,mixed,1785124415.368669,1785124415.3696134,1785124415.7738862,1785124416.5079744,
block1-000436,70.91573439538479,11523.074833326973,535,85.0,69.34655702207237,11521.50565595366,1.5691773733124137,block1:zero_tool,gated_rule_c,mixed,1785124415.491167,1785124415.4927366,1785124415.5620894,1785124427.0142481,
block1-000437,53.75892040319741,3212.6108244992793,141,132.5,53.517699940130115,3212.369604036212,0.24122046306729317,block1:zero_tool,gated_rule_c,mixed,1785124415.988026,1785124415.9882674,1785124416.0417922,1785124419.200644,
block1-000438,494.94590994436294,1157.126553938724,46,10.0,494.7079049888998,1156.888548983261,0.2380049554631114,block1:s3,gated_rule_c,mixed,1785124416.0904863,1785124416.0907247,1785124416.5854394,1785124417.2476206,
block1-000439,488.61836013384163,1190.817849128507,48,395.0,487.1756409993395,1189.375129994005,1.4427191345021129,block1:s3,gated_rule_c,mixed,1785124416.116314,1785124416.1177566,1785124416.6049395,1785124417.3071392,
block1-000440,457.04679284244776,1162.8763298504055,48,85.0,455.1607590401545,1160.9902960481122,1.886033802293241,block1:s4,gated_rule_c,mixed,1785124416.1672647,1785124416.169151,1785124416.6243174,1785124417.330147,
block1-000441,151.3809704920277,2980.5407625390217,130,95.0,150.83134197629988,2979.991134023294,0.549628515727818,block1:zero_tool,gated_rule_c,mixed,1785124416.1781359,1785124416.178686,1785124416.3295262,1785124419.158686,
block1-000442,111.02981201838702,3468.9084499841556,151,545.0,110.28376896865666,3468.1624069344252,0.7460430497303605,block1:zero_tool,gated_rule_c,mixed,1785124416.2399545,1785124416.240701,1785124416.3509917,1785124419.7088704,
block1-000443,451.7254064558074,1249.5585443684831,48,10.0,450.8101750398055,1248.6433129524812,0.9152314160019159,block1:s4,gated_rule_c,mixed,1785124416.877943,1785124416.8788586,1785124417.329676,1785124418.1275096,
block1-000444,499.12196677178144,1248.602717765607,49,17.5,498.9368630340323,1248.4176140278578,0.18510373774915934,block1:s4,gated_rule_c,mixed,1785124417.0191846,1785124417.0193703,1785124417.5183158,1785124418.2677965,
block1-000445,481.0235459590331,1172.016943921335,48,12.5,480.006457073614,1170.999855035916,1.0170888854190707,block1:s4,gated_rule_c,mixed,1785124417.2901893,1785124417.2912064,1785124417.7712197,1785124418.462213,
block1-000446,464.31145549286157,1175.0928174005821,49,152.5,463.96679105237126,1174.7481529600918,0.3446644404903054,block1:s4,gated_rule_c,mixed,1785124417.325788,1785124417.3261328,1785124417.7901058,1785124418.5008872,
block1-000447,485.10493361391127,1107.7621725853533,48,17.5,484.6227209782228,1107.2799599496648,0.4822126356884837,block1:s4,gated_rule_c,mixed,1785124417.6430068,1785124417.6434894,1785124418.128119,1785124418.750776,
block1-000448,110.17853615339845,2684.653644100763,117,105.0,109.99185999389738,2684.466967941262,0.18667615950107574,block1:zero_tool,gated_rule_c,mixed,1785124417.8813734,1785124417.8815603,1785124417.9915597,1785124420.5660348,
block1-000449,131.7178881727159,1541.200535139069,69,172.5,131.1183300567791,1540.6009770231321,0.5995581159368157,block1:s1,gated_rule_c,mixed,1785124417.8974917,1785124417.8980916,1785124418.029217,1785124419.4386995,
block1-000450,66.53031916357577,4992.724758107215,225,297.5,66.21689710300416,4992.411336046644,0.3134220605716109,block1:zero_tool,gated_rule_c,mixed,1785124418.1420367,1785124418.1423502,1785124418.208575,1785124423.1347694,
block1-000451,328.47971620503813,1033.0692012794316,42,170.0,327.997109037824,1032.5865941122174,0.4826071672141552,block1:s1,gated_rule_c,mixed,1785124418.7332702,1785124418.7337527,1785124419.0617564,1785124419.7663457,
block1-000452,56.505555170588195,4464.136081165634,202,17.5,55.83288206253201,4463.463408057578,0.6726731080561876,block1:zero_tool,gated_rule_c,mixed,1785124419.1442285,1785124419.1449013,1785124419.2007406,1785124423.6083713,
block1-000453,119.17042476125062,1553.3001128351316,65,135.0,118.66677191574126,1552.7964599896222,0.5036528455093503,block1:s1,gated_rule_c,mixed,1785124419.3700252,1785124419.370529,1785124419.4892025,1785124420.9233325,
block1-000454,65.92277891468257,10113.170856842771,477,117.5,65.28525101020932,10112.533328938298,0.6375279044732451,block1:zero_tool,gated_rule_c,mixed,1785124419.5027273,1785124419.503365,1785124419.5686576,1785124429.6159058,
block1-000455,348.4032435808331,791.7662055697292,33,92.5,348.15262199845165,791.5155839873478,0.2506215823814273,block1:s1,gated_rule_c,mixed,1785124419.5797813,1785124419.5800323,1785124419.9281929,1785124420.3715556,
block1-000456,357.2487386409193,898.6195626202971,38,145.0,355.0732689909637,896.4440929703414,2.1754696499556303,block1:s2,gated_rule_c,mixed,1785124419.7437398,1785124419.7459154,1785124420.1009958,1785124420.6423664,
block1-000457,109.85567991156131,1604.6259788563475,67,60.0,108.42132603283972,1603.191624977626,1.4343538787215948,block1:s2,gated_rule_c,mixed,1785124420.384326,1785124420.3857605,1785124420.4941893,1785124421.9889596,
block1-000458,342.5728102447465,1077.61921628844,43,20.0,342.3328719800338,1077.3792780237272,0.2399382647126913,block1:s2,gated_rule_c,mixed,1785124420.4312048,1785124420.4314446,1785124420.7737834,1785124421.5088303,
block1-000459,319.44977084640414,1060.1498278556392,43,22.5,319.0594100160524,1059.7594670252874,0.3903608303517103,block1:s2,gated_rule_c,mixed,1785124420.8662264,1785124420.8666167,1785124421.1856842,1785124421.9263844,
block1-000460,422.77196794748306,1048.525681020692,42,282.5,422.2658349899575,1048.0195480631664,0.5061329575255513,block1:s2,gated_rule_c,mixed,1785124421.2448661,1785124421.2453728,1785124421.6676488,1785124422.2934027,
block1-000461,390.2615503175184,1011.6816282970831,41,550.0,389.4667240092531,1010.8868019888178,0.7948263082653284,block1:s2,gated_rule_c,mixed,1785124421.3199193,1785124421.3207145,1785124421.7101903,1785124422.3316104,
block1-000462,437.3683218145743,943.3936768909916,38,140.0,436.8167360080406,942.8420910844579,0.5515858065336943,block1:s2,gated_rule_c,mixed,1785124421.3309639,1785124421.3315156,1785124421.7683394,1785124422.2743647,
block1-000463,217.86673925817013,727.7365302434191,31,350.0,216.86930395662785,726.7390949418768,0.9974353015422821,block1:s2,gated_rule_c,mixed,1785124421.4498074,1785124421.450805,1785124421.6676836,1785124422.1775537,
block1-000464,71.91229797899723,2971.8869188800454,145,117.5,70.75808302033693,2970.732703921385,1.1542149586603045,block1:zero_tool,gated_rule_c,mixed,1785124421.556028,1785124421.5571826,1785124421.6279485,1785124424.5279229,
block1-000465,55.39861391298473,2589.689108892344,126,155.0,54.594907094724476,2588.8854020740837,0.8037068182602525,block1:zero_tool,gated_rule_c,mixed,1785124421.6546824,1785124421.6554863,1785124421.7100885,1785124424.2443788,
block1-000466,405.85533203557134,1057.9065990168601,48,322.5,405.39238206110895,1057.4436490423977,0.46294997446238995,block1:s3,gated_rule_c,mixed,1785124421.9441311,1785124421.9445944,1785124422.3499932,1785124423.0020444,
block1-000467,413.4485104586929,1060.7728534378111,48,135.0,412.58755803573877,1059.911901014857,0.8609524229541421,block1:s3,gated_rule_c,mixed,1785124422.4347067,1785124422.4355679,1785124422.8481631,1785124423.4954872,
block1-000468,70.13981370255351,3251.6561107477173,163,17.5,69.01143898721784,3250.5277360323817,1.1283747153356671,block1:zero_tool,gated_rule_c,mixed,1785124422.54779,1785124422.5489187,1785124422.6179385,1785124425.7994547,
block1-000469,339.12903361488134,903.9509126450866,43,92.5,338.9627760043368,903.7846550345421,0.16625761054456234,block1:s3,gated_rule_c,mixed,1785124423.0034988,1785124423.0036652,1785124423.3426359,1785124423.9074578,
block1-000470,448.9616028731689,898.9523178897798,43,297.5,448.74596898443997,898.7366840010509,0.21563388872891665,block1:s3,gated_rule_c,mixed,1785124423.9252503,1785124423.925466,1785124424.3742187,1785124424.8242095,
block1-000471,69.32888773735613,2668.0982337566093,128,17.5,68.52104095742106,2667.290386976674,0.8078467799350619,block1:zero_tool,gated_rule_c,mixed,1785124424.458288,1785124424.459096,1785124424.5276244,1785124427.1263933,
block1-000472,410.9785541659221,1089.9961151881143,48,395.0,410.7692469842732,1089.7868080064654,0.20930718164891005,block1:s4,gated_rule_c,mixed,1785124425.0863001,1785124425.0865095,1785124425.4972856,1785124426.1763034,
block1-000473,92.745759524405,2575.9067175677046,122,395.0,92.45719993487,2575.6181579781696,0.28855958953499794,block1:zero_tool,gated_rule_c,mixed,1785124425.3639915,1785124425.364281,1785124425.456746,1785124427.9399068,
block1-000474,69.26046556327492,3541.735483566299,165,307.5,69.08310891594738,3541.5581269189715,0.1773566473275423,block1:zero_tool,gated_rule_c,mixed,1785124425.3904028,1785124425.3905804,1785124425.4596705,1785124428.9321456,
block1-000475,442.56449304521084,1129.3387791374698,48,132.5,441.65297399740666,1128.4272600896657,0.9115190478041768,block1:s4,gated_rule_c,mixed,1785124425.8656163,1785124425.866528,1785124426.3081887,1785124426.994963,
block1-000476,438.9610595535487,1126.1017845245078,48,117.5,438.5071250144392,1125.6478499853984,0.45393453910946846,block1:s4,gated_rule_c,mixed,1785124425.8878412,1785124425.8882954,1785124426.3268096,1785124427.01395,
block1-000477,437.1821206295863,1102.0945016061887,48,15.0,436.2941320287064,1101.2065130053088,0.8879886008799076,block1:s4,gated_rule_c,mixed,1785124426.5575438,1785124426.558432,1785124426.994734,1785124427.6596465,
block1-000478,403.6599325481802,1068.8563325675204,48,572.5,403.2553529832512,1068.4517530025914,0.4045795649290085,block1:s4,gated_rule_c,mixed,1785124426.6658704,1785124426.6662753,1785124427.0695376,1785124427.734734,
block1-000479,397.2801663912833,1131.3496273942292,48,17.5,396.88070595730096,1130.9501669602469,0.3994604339823127,block1:s4,gated_rule_c,mixed,1785124427.1225061,1785124427.122906,1785124427.519796,1785124428.2538652,
block1-000480,311.06332351919264,980.1719625247642,43,52.5,310.49406295642257,979.6027019619942,0.5692605627700686,block1:s1,gated_rule_c,mixed,1785124427.5537274,1785124427.5542967,1785124427.8647974,1785124428.5339062,
block1-000481,133.22220009285957,1577.3550950689241,69,47.5,132.19515897799283,1576.3280539540574,1.0270411148667336,block1:s1,gated_rule_c,mixed,1785124427.9636247,1785124427.964652,1785124428.0968542,1785124429.5409873,
block1-000482,360.15762225724757,983.0764152575284,43,15.0,359.6664499491453,982.5852429494262,0.4911723081022501,block1:s1,gated_rule_c,mixed,1785124428.024196,1785124428.0246873,1785124428.3843622,1785124429.007281,
block1-000483,124.2515784688294,1669.379859464243,72,105.0,122.79335095081478,1667.9216319462284,1.4582275180146098,block1:s1,gated_rule_c,mixed,1785124428.677409,1785124428.678867,1785124428.801668,1785124430.3467963,
block1-000484,66.740378504619,4998.277736478485,232,350.0,66.43133901525289,4997.968696989119,0.30903948936611414,block1:zero_tool,gated_rule_c,mixed,1785124429.1125274,1785124429.1128366,1785124429.179275,1785124434.1108124,
block1-000485,126.63589359726757,1423.2685036258772,62,155.0,125.66163099836558,1422.2942410269752,0.9742625989019871,block1:s1,gated_rule_c,mixed,1785124429.3022401,1785124429.3032146,1785124429.4288833,1785124430.7255158,
block1-000486,112.19812056515366,1443.8406155677512,67,60.0,111.94752703886479,1443.5900220414624,0.250593526288867,block1:s1,gated_rule_c,mixed,1785124429.6961346,1785124429.6963854,1785124429.8083405,1785124431.139983,
block1-000487,100.48723162617534,3175.0997175695375,151,92.5,99.53251807019114,3174.1450040135533,0.954713555984199,block1:zero_tool,gated_rule_c,mixed,1785124429.730353,1785124429.731308,1785124429.830848,1785124432.905461,
block1-000488,340.1989456033334,911.9955815840513,41,17.5,338.12066400423646,909.9172999849543,2.078281599096954,block1:s2,gated_rule_c,mixed,1785124429.9867342,1785124429.9888124,1785124430.326941,1785124430.8987377,
block1-000489,70.05523703992367,2001.634786138311,95,322.5,69.21603996306658,2000.795589061454,0.83919707685709,block1:zero_tool,gated_rule_c,mixed,1785124430.0531044,1785124430.0539436,1785124430.1231666,1785124432.0547462,
block1-000490,305.14410487376153,761.2445158883929,36,17.5,304.40971604548395,760.5101270601153,0.7343888282775879,block1:s2,gated_rule_c,mixed,1785124430.211646,1785124430.2123806,1785124430.5167968,1785124430.9728975,
block1-000491,69.16572456248105,8256.576371495612,380,15.0,67.99925304949284,8255.409899982624,1.1664715129882097,block1:zero_tool,gated_rule_c,mixed,1785124430.734517,1785124430.7356837,1785124430.803689,1785124438.9910994,
block1-000492,52.892840816639364,4985.474338871427,227,60.0,52.52570495940745,4985.107203014195,0.367135857231915,block1:zero_tool,gated_rule_c,mixed,1785124431.1645813,1785124431.1649487,1785124431.2174811,1785124436.1500628,
block1-000493,293.90983132179826,935.6901752762496,41,357.5,293.6712730443105,935.4516169987619,0.23855827748775482,block1:s2,gated_rule_c,mixed,1785124431.2333627,1785124431.2336013,1785124431.527279,1785124432.169059,
block1-000494,335.8271778561175,828.4024798776954,36,95.0,335.64935298636556,828.2246550079435,0.17782486975193024,block1:s2,gated_rule_c,mixed,1785124431.8333023,1785124431.8334801,1785124432.1691356,1785124432.6617107,
block1-000495,91.67264611460268,8906.97948820889,411,12.5,89.95478099677712,8905.261623091064,1.7178651178255677,block1:zero_tool,gated_rule_c,mixed,1785124431.8718317,1785124431.8735495,1785124431.9635112,1785124440.7788181,
block1-000496,250.06706803105772,743.2399380486459,32,820.0,249.6533099329099,742.826179950498,0.4137580981478095,block1:s3,gated_rule_c,mixed,1785124431.918589,1785124431.9190032,1785124432.1686635,1785124432.6618361,
block1-000497,394.64907511137426,1073.4638590365648,48,60.0,394.13598901592195,1072.9507729411125,0.5130860954523087,block1:s3,gated_rule_c,mixed,1785124432.247382,1785124432.2478952,1785124432.6420372,1785124433.320852,
block1-000498,410.50540760625154,872.1928825834766,38,12.5,409.7647479502484,871.4522229274735,0.7406596560031176,block1:s3,gated_rule_c,mixed,1785124432.9099686,1785124432.9107096,1785124433.3204837,1785124433.7821712,
block1-000499,399.5272701140493,1138.6914741015062,48,15.0,399.2163030197844,1138.3805070072412,0.3109670942649245,block1:s3,gated_rule_c,mixed,1785124433.1275017,1785124433.1278129,1785124433.5270367,1785124434.2662008,
block1-000500,81.43240946810693,3758.52185243275,164,20.0,80.88228106498718,3757.9717240296304,0.5501284031197429,block1:zero_tool,gated_rule_c,mixed,1785124433.2005756,1785124433.2011259,1785124433.2820156,1785124436.959105,
block1-000501,69.96304437052459,2900.7425763411447,128,15.0,68.07366397697479,2898.853195947595,1.8893803935498,block1:zero_tool,gated_rule_c,mixed,1785124433.5560832,1785124433.5579727,1785124433.6260543,1785124436.456834,
block1-000502,66.41069892793894,5055.784728843719,225,187.5,65.7187020406127,5055.0927319563925,0.6919968873262405,block1:zero_tool,gated_rule_c,mixed,1785124433.618961,1785124433.6196532,1785124433.6853778,1785124438.6747518,
block1-000503,494.49292151257396,1198.0431844713166,48,10.0,494.26135793328285,1197.8116208920255,0.23156357929110527,block1:s3,gated_rule_c,mixed,1785124433.7720513,1785124433.772283,1785124434.266551,1785124434.9701014,
block1-000504,87.43099158164114,3052.0590415690094,129,217.5,87.01296104118228,3051.6410110285506,0.418030540458858,block1:zero_tool,gated_rule_c,mixed,1785124433.788013,1785124433.7884312,1785124433.8754501,1785124436.840078,
block1-000505,467.82301901839674,1172.4976090481505,48,12.5,466.5695100557059,1171.2441000854596,1.2535089626908302,block1:s4,gated_rule_c,mixed,1785124433.8364558,1785124433.8377094,1785124434.3042846,1785124435.0089593,
block1-000506,447.7459993213415,1152.9246272984892,48,115.0,446.9180159503594,1152.096643927507,0.8279833709821105,block1:s4,gated_rule_c,mixed,1785124433.8757927,1785124433.8766208,1785124434.323547,1785124435.0287251,
block1-000507,460.5130379786715,1191.1841129185632,48,12.5,459.723474108614,1190.3945490485057,0.7895638700574636,block1:s4,gated_rule_c,mixed,1785124434.4496446,1785124434.4504342,1785124434.9101646,1785124435.6408355,
block1-000508,91.67688444722444,3757.35624844674,171,320.0,91.2654169369489,3756.9447809364647,0.41146751027554274,block1:zero_tool,gated_rule_c,mixed,1785124434.574645,1785124434.5750568,1785124434.666331,1785124438.3320103,
block1-000509,408.52369577623904,1158.5787457879633,49,412.5,408.3457749802619,1158.4008249919862,0.17792079597711563,block1:s4,gated_rule_c,mixed,1785124434.5805123,1785124434.5806904,1785124434.989044,1785124435.739099,
block1-000510,483.3796148886904,1168.7690209364519,48,217.5,482.66644799150527,1168.0558540392667,0.7131668971851468,block1:s4,gated_rule_c,mixed,1785124435.0975113,1785124435.0982246,1785124435.5808973,1785124436.2662866,
block1-000511,473.13096711877733,1157.585246139206,48,187.5,472.8856210131198,1157.3399000335485,0.2453461056575179,block1:s4,gated_rule_c,mixed,1785124435.1471796,1785124435.147425,1785124435.6203172,1785124436.3047714,
block1-000512,365.89021678082645,1012.9197697388008,43,297.5,365.1032280176878,1012.1327809756622,0.7869887631386518,block1:s1,gated_rule_c,mixed,1785124435.1954014,1785124435.1961887,1785124435.5613003,1785124436.2083297,
block1-000513,120.54939265362918,1589.8695816285908,66,70.0,120.05601194687188,1589.3762009218335,0.49338070675730705,block1:s1,gated_rule_c,mixed,1785124435.9904466,1785124435.9909403,1785124436.111007,1785124437.5803273,
block1-000514,457.84590928815305,1099.0970243001357,43,95.0,456.93485403899103,1098.1859690509737,0.9110552491620183,block1:s1,gated_rule_c,mixed,1785124436.5387995,1785124436.539711,1785124436.9966533,1785124437.6379044,
block1-000515,448.85599392000586,1088.2613150170073,45,395.0,447.22113793250173,1086.6264590295032,1.6348559875041246,block1:s1,gated_rule_c,mixed,1785124436.6438768,1785124436.6455119,1785124437.0927398,1785124437.732145,
block1-000516,348.88364595826715,932.1318329311907,39,20.0,347.9688559891656,931.2170429620892,0.9147899691015482,block1:s1,gated_rule_c,mixed,1785124436.7059774,1785124436.7068925,1785124437.0548708,1785124437.638119,
block1-000517,59.07798605039716,6182.661017053761,290,100.0,58.110498008318245,6181.693529011682,0.9674880420789123,block1:zero_tool,gated_rule_c,mixed,1785124436.8998919,1785124436.9008596,1785124436.9589775,1785124443.0825605,
block1-000518,124.38068899791688,1449.780008988455,66,60.0,124.10920800175518,1449.5085279922932,0.2714809961616993,block1:s1,gated_rule_c,mixed,1785124437.300925,1785124437.3011968,1785124437.425314,1785124438.7507133,
block1-000519,53.497805376537144,7527.861872455105,356,15.0,53.14029392320663,7527.504361001775,0.3575114533305168,block1:zero_tool,gated_rule_c,mixed,1785124438.3191042,1785124438.3194618,1785124438.3726094,1785124445.8469732,
block1-000520,323.03780934307724,809.0904803248122,34,85.0,322.8932999772951,808.9459709590301,0.14450936578214169,block1:s2,gated_rule_c,mixed,1785124438.370463,1785124438.3706076,1785124438.693509,1785124439.1795616,
block1-000521,347.09801024291664,865.1521462015808,38,117.5,346.9893999863416,865.0435359450057,0.10861025657504797,block1:s2,gated_rule_c,mixed,1785124438.5540266,1785124438.5541356,1785124438.9011319,1785124439.4191856,
block1-000522,291.9319284847006,812.0548063889146,36,357.5,290.8920580521226,811.0149359563366,1.0398704325780272,block1:s2,gated_rule_c,mixed,1785124438.8877041,1785124438.8887439,1785124439.1796422,1785124439.6997652,
block1-000523,356.12881334964186,953.1870672944933,43,70.0,355.3226849762723,952.3809389211237,0.8061283733695745,block1:s2,gated_rule_c,mixed,1785124439.2299418,1785124439.2307482,1785124439.5860782,1785124440.1831362,
block1-000524,276.7317163525149,760.8727453043684,35,115.0,276.5219140565023,760.6629430083558,0.20980229601264,block1:s2,gated_rule_c,mixed,1785124439.4598088,1785124439.4600189,1785124439.7365475,1785124440.2206888,
block1-000525,80.32773446757346,3557.968428474851,165,15.0,78.63095006905496,3556.2716440763324,1.6967843985185027,block1:zero_tool,gated_rule_c,mixed,1785124439.4869044,1785124439.4886017,1785124439.5672395,1785124443.0448802,
block1-000526,297.26667201612145,781.6145599354059,36,20.0,296.8776080524549,781.2254959717393,0.38906396366655827,block1:s2,gated_rule_c,mixed,1785124439.978843,1785124439.9792323,1785124440.2761164,1785124440.7604642,
block1-000527,206.42297412268817,814.4207540899515,37,110.0,205.41482092812657,813.4126008953899,1.0081531945616007,block1:s2,gated_rule_c,mixed,1785124440.478265,1785124440.4792736,1785124440.684696,1785124441.292694,
block1-000528,409.91919743828475,1170.337364426814,48,52.5,408.40372000820935,1168.8218869967386,1.515477430075407,block1:s3,gated_rule_c,mixed,1785124440.9193301,1785124440.9208457,1785124441.3292565,1785124442.0896747,
block1-000529,80.75655961874872,3954.290501656942,186,10.0,80.01226501073688,3953.5462070489302,0.7442946080118418,block1:zero_tool,gated_rule_c,mixed,1785124441.004263,1785124441.0050073,1785124441.0850263,1785124444.9585602,
block1-000530,79.99958912841976,3448.9006651565433,161,75.0,79.63855704292655,3448.53963307105,0.361032085493207,block1:zero_tool,gated_rule_c,mixed,1785124441.0051355,1785124441.0054967,1785124441.0851412,1785124444.4540427,
block1-000531,521.6301487525925,1186.4600838162005,48,20.0,519.6590319974348,1184.4889670610428,1.9711167551577091,block1:s3,gated_rule_c,mixed,1785124441.5095153,1785124441.5114865,1785124442.0311534,1785124442.6959836,
block1-000532,101.75730392802507,4091.235638014041,192,322.5,99.81036989483982,4089.2887039808556,1.9469340331852436,block1:zero_tool,gated_rule_c,mixed,1785124441.528276,1785124441.5302231,1785124441.6300404,1785124445.6195185,
block1-000533,482.4807709082961,1151.896649855189,48,320.0,481.5680190222338,1150.9838979691267,0.912751886062324,block1:s3,gated_rule_c,mixed,1785124441.6452901,1785124441.646203,1785124442.1277783,1785124442.7971945,
block1-000534,518.2117917574942,1062.7942337887362,43,152.5,517.2532410360873,1061.8356830673292,0.9585507214069366,block1:s3,gated_rule_c,mixed,1785124441.807235,1785124441.8081937,1785124442.3254538,1785124442.8700364,
block1-000535,422.35775326844305,1141.281359246932,48,170.0,422.04229603521526,1140.9659020137042,0.3154572332277894,block1:s3,gated_rule_c,mixed,1785124441.9031456,1785124441.9034615,1785124442.3255117,1785124443.0444353,
block1-000536,56.40264123212546,3599.2272421717644,172,115.0,55.67998602055013,3598.504586960189,0.7226552115753293,block1:zero_tool,gated_rule_c,mixed,1785124442.2109008,1785124442.2116237,1785124442.2673113,1785124445.810136,
block1-000537,416.59455420449376,1147.0469431951642,48,10.0,415.7479270361364,1146.2003160268068,0.8466271683573723,block1:s4,gated_rule_c,mixed,1785124442.337238,1785124442.338085,1785124442.7538412,1785124443.4842937,
block1-000538,481.31632967852056,1098.8096717046574,48,12.5,480.6875829817727,1098.1809250079095,0.6287466967478395,block1:s4,gated_rule_c,mixed,1785124442.7532322,1785124442.7538612,1785124443.2345552,1785124443.8520482,
block1-000539,439.9757703067735,1056.3589263474569,48,115.0,439.7237478988245,1056.106903939508,0.2520224079489708,block1:s4,gated_rule_c,mixed,1785124442.9664507,1785124442.966703,1785124443.4064333,1785124444.0228162,
block1-000540,413.30179350916296,1046.21614550706,49,322.5,411.18513292167336,1044.0994849195704,2.116660587489605,block1:s4,gated_rule_c,mixed,1785124443.1084886,1785124443.1106052,1785124443.5217986,1785124444.1547127,
block1-000541,65.23728603497148,3216.898176120594,153,17.5,65.08878490421921,3216.749674989842,0.14850113075226545,block1:zero_tool,gated_rule_c,mixed,1785124443.4983547,1785124443.4985032,1785124443.5635993,1785124446.7152603,
block1-000542,415.6372939469293,1041.321421856992,48,20.0,415.41186009999365,1041.0959880100563,0.22543384693562984,block1:s4,gated_rule_c,mixed,1785124444.6173656,1785124444.6175911,1785124445.0330114,1785124445.6586957,
block1-000543,411.5235125645995,1118.6393925454468,48,545.0,410.7565460726619,1117.8724260535091,0.7669664919376373,block1:s4,gated_rule_c,mixed,1785124444.9438262,1785124444.9445934,1785124445.3553574,1785124446.0624735,
block1-000544,67.79855757486075,3958.1424494972453,182,287.5,67.38617806695402,3957.7300699893385,0.41237950790673494,block1:zero_tool,gated_rule_c,mixed,1785124445.080479,1785124445.0808916,1785124445.1482854,1785124449.0386295,
block1-000545,124.94538747705519,1558.1404174445197,66,15.0,123.91915102489293,1557.1141809923574,1.0262364521622658,block1:s1,gated_rule_c,mixed,1785124445.6476672,1785124445.6486936,1785124445.7726204,1785124447.2058158,
block1-000546,433.8002416770905,1075.5846376996487,44,10.0,432.85075400490314,1074.6351500274613,0.9494876721873879,block1:s1,gated_rule_c,mixed,1785124445.8690562,1785124445.8700058,1785124446.302864,1785124446.9446485,
block1-000547,114.2650373512879,1566.2090262630954,72,20.0,113.46232600044459,1565.4063149122521,0.8027113508433104,block1:s1,gated_rule_c,mixed,1785124446.0848436,1785124446.0856466,1785124446.1991162,1785124447.6510603,
block1-000548,310.4337912518531,933.1945602316409,42,282.5,309.3053810298443,932.0661500096321,1.1284102220088243,block1:s1,gated_rule_c,mixed,1785124446.235066,1785124446.2361946,1785124446.5455067,1785124447.1682675,
block1-000549,122.89008859079331,1339.5384036703035,61,485.0,122.05286789685488,1338.701182976365,0.8372206939384341,block1:s1,gated_rule_c,mixed,1785124446.7842915,1785124446.785129,1785124446.9071891,1785124448.1238377,
block1-000550,83.80654721986502,4158.18736422807,195,20.0,83.14396697096527,4157.52478397917,0.6625802488997579,block1:zero_tool,gated_rule_c,mixed,1785124447.2856913,1785124447.2863538,1785124447.369505,1785124451.443886,
block1-000551,49.67683996073902,2879.508964018896,139,17.5,48.81003999616951,2878.6421640543267,0.866799964569509,block1:zero_tool,gated_rule_c,mixed,1785124447.3225017,1785124447.3233688,1785124447.372186,1785124450.2020178,
block1-000552,298.4183720545843,911.4701250800863,38,12.5,297.64769005123526,910.6994430767372,0.7706820033490658,block1:s2,gated_rule_c,mixed,1785124447.6605115,1785124447.6612825,1785124447.9589374,1785124448.5719888,
block1-000553,100.73171847034246,1914.0790954697877,89,550.0,98.89246500097215,1912.2398420004174,1.8392534693703055,block1:zero_tool,gated_rule_c,mixed,1785124448.0229363,1785124448.0247757,1785124448.1236773,1785124449.9370248,
block1-000554,378.3294358290732,900.433738832362,37,75.0,376.97680993005633,899.0811129333451,1.3526258990168571,block1:s2,gated_rule_c,mixed,1785124448.0443065,1785124448.0456593,1785124448.4226441,1785124448.9447489,
block1-000555,349.88179767969996,966.5244597708806,43,350.0,349.66313000768423,966.3057920988649,0.21866767201572657,block1:s2,gated_rule_c,mixed,1785124448.2594411,1785124448.2596598,1785124448.6093297,1785124449.2259722,
block1-000556,291.793200885877,795.9860828705132,36,350.0,291.63012106437236,795.8230030490085,0.1630798215046525,block1:s2,gated_rule_c,mixed,1785124448.374064,1785124448.3742273,1785124448.6658645,1785124449.1700573,
block1-000557,350.47846427187324,836.5369762759656,38,15.0,349.8075900133699,835.8661020174623,0.6708742585033178,block1:s2,gated_rule_c,mixed,1785124448.8000987,1785124448.8007698,1785124449.150585,1785124449.6366436,
block1-000558,345.70007328875363,840.3847982408479,38,287.5,345.350984018296,840.0357089703903,0.3490892704576254,block1:s2,gated_rule_c,mixed,1785124449.515017,1785124449.5153663,1785124449.8607254,1785124450.35541,
block1-000559,63.61032836139202,6689.498318359256,322,572.5,63.172323047183454,6689.060313045047,0.43800531420856714,block1:zero_tool,gated_rule_c,mixed,1785124450.1189408,1785124450.1193793,1785124450.1825607,1785124456.808449,
block1-000560,398.9617165643722,1169.5956555195153,48,395.0,398.73623102903366,1169.3701699841768,0.225485535338521,block1:s3,gated_rule_c,mixed,1785124450.1994996,1785124450.1997254,1785124450.598469,1785124451.369103,
block1-000561,83.37863115593791,2681.648113182746,125,187.5,83.15796696115285,2681.427448987961,0.2206641947850585,block1:zero_tool,gated_rule_c,mixed,1785124450.271727,1785124450.271948,1785124450.3551147,1785124452.953384,
block1-000562,85.5561726493761,4337.132908636704,208,412.5,84.45180300623178,4336.02853899356,1.1043696431443095,block1:zero_tool,gated_rule_c,mixed,1785124450.602536,1785124450.6036406,1785124450.6881015,1785124454.9396784,
block1-000563,314.73476241808385,988.7023004703224,41,92.5,313.68128897156566,987.6488270238042,1.0534734465181828,block1:s3,gated_rule_c,mixed,1785124450.6120703,1785124450.6131241,1785124450.9268136,1785124451.600781,
block1-000564,84.0653699124232,2732.7081699622795,130,485.0,83.5933550260961,2732.2361550759524,0.4720148863270879,block1:zero_tool,gated_rule_c,mixed,1785124450.6539967,1785124450.6544688,1785124450.73807,1785124453.386713,
block1-000565,382.31255393475294,998.4723610104993,43,280.0,381.1668979469687,997.326705022715,1.1456559877842665,block1:s3,gated_rule_c,mixed,1785124450.7161171,1785124450.7172627,1785124451.098437,1785124451.7145967,
block1-000566,507.68717157188803,971.0256606340408,43,75.0,506.2505779787898,969.5890670409426,1.4365935930982232,block1:s3,gated_rule_c,mixed,1785124450.8401995,1785124450.8416362,1785124451.3478951,1785124451.8112333,
block1-000567,322.058831108734,953.5638791276142,43,140.0,321.7837440315634,953.2887920504436,0.27508707717061043,block1:s3,gated_rule_c,mixed,1785124451.2135015,1785124451.2137766,1785124451.5355673,1785124452.1670725,
block1-000568,65.84479671437293,3104.267103713937,151,10.0,65.58596494141966,3104.008271940984,0.25883177295327187,block1:zero_tool,gated_rule_c,mixed,1785124451.4767058,1785124451.4769652,1785124451.5425613,1785124454.5809839,
block1-000569,401.6737831989303,1075.1724132569507,49,70.0,400.6619160063565,1074.1605460643768,1.0118671925738454,block1:s4,gated_rule_c,mixed,1785124451.7836032,1785124451.7846153,1785124452.1852853,1785124452.858784,
block1-000570,59.49900741688907,2718.742010416463,133,217.5,58.86426696088165,2718.1072699604556,0.634740456007421,block1:zero_tool,gated_rule_c,mixed,1785124452.185819,1785124452.1864538,1785124452.2453258,1785124454.904569,
block1-000571,54.15346869267523,3202.287153690122,154,10.0,53.39355499017984,3201.5272399876267,0.7599137024953961,block1:zero_tool,gated_rule_c,mixed,1785124452.3833165,1785124452.3840766,1785124452.4374783,1785124455.585612,
block1-000572,416.91549331881106,1020.4441852401942,48,572.5,416.0490951035172,1019.5777870249003,0.8663982152938843,block1:s4,gated_rule_c,mixed,1785124452.4218533,1785124452.42272,1785124452.8387764,1785124453.442305,
block1-000573,64.21926408074796,3537.5372221460566,170,135.0,64.00834990199655,3537.326307967305,0.21091417875140905,block1:zero_tool,gated_rule_c,mixed,1785124453.5113592,1785124453.5115702,1785124453.5755844,1785124457.0489028,
block1-000574,463.92627409659326,1084.1640520375222,48,105.0,462.81581302173436,1083.0535909626633,1.1104610748589039,block1:s4,gated_rule_c,mixed,1785124453.5927427,1785124453.5938535,1785124454.056676,1785124454.6769135,
block1-000575,432.2075698291883,1049.605767824687,48,85.0,431.2580469995737,1048.6562449950725,0.9495228296145797,block1:s4,gated_rule_c,mixed,1785124453.7595375,1785124453.7604873,1785124454.1917543,1785124454.8091516,
block1-000576,342.89979736786336,923.8362843170762,43,217.5,342.50754804816097,923.4440349973738,0.39224931970238686,block1:s1,gated_rule_c,mixed,1785124453.8098009,1785124453.8101938,1785124454.1527107,1785124454.733647,
block1-000577,57.85833834670484,3510.2325812913477,165,485.0,57.640701066702604,3510.0149440113455,0.21763728000223637,block1:zero_tool,gated_rule_c,mixed,1785124454.2908664,1785124454.2910843,1785124454.3487344,1785124457.8011088,
block1-000578,364.143916987814,816.8972649145871,36,115.0,362.7504820469767,815.5038299737498,1.3934349408373237,block1:s1,gated_rule_c,mixed,1785124454.9748402,1785124454.9762337,1785124455.338991,1785124455.7917445,
block1-000579,147.44873868767172,3518.4834436513484,166,412.5,146.90306899137795,3517.9377739550546,0.5456696962937713,block1:zero_tool,gated_rule_c,mixed,1785124455.0030632,1785124455.0036094,1785124455.1505208,1785124458.5215552,
block1-000580,341.8496048543602,906.2064778991044,42,50.0,341.55994199682027,905.9168150415644,0.2896628575399518,block1:s1,gated_rule_c,mixed,1785124455.0157418,1785124455.0160317,1785124455.3575983,1785124455.9219553,
block1-000581,64.32730855885893,2992.50011658296,140,17.5,63.54329199530184,2991.716100019403,0.7840165635570884,block1:zero_tool,gated_rule_c,mixed,1785124456.0295713,1785124456.0303555,1785124456.0939064,1785124459.022079,
block1-000582,119.20204933267087,1604.251253302209,69,60.0,118.99401096161455,1604.0432149311528,0.20803837105631828,block1:s1,gated_rule_c,mixed,1785124456.389818,1785124456.3900263,1785124456.5090275,1785124457.9940767,
block1-000583,99.35024078004062,3395.9780738223344,164,60.0,98.89947599731386,3395.5273090396076,0.4507647827267647,block1:zero_tool,gated_rule_c,mixed,1785124456.9984941,1785124456.998945,1785124457.097852,1785124460.3944793,
block1-000584,324.15626384317875,1000.0522538321093,40,155.0,324.0366110112518,999.9326010001823,0.11965283192694187,block1:s2,gated_rule_c,mixed,1785124457.0124326,1785124457.0125523,1785124457.3365943,1785124458.0124905,
block1-000585,396.3784531224519,958.8215241674334,38,15.0,394.6442600572482,957.0873311022297,1.7341930652037263,block1:s2,gated_rule_c,mixed,1785124457.035014,1785124457.0367482,1785124457.4313989,1785124457.9938421,
block1-000586,383.71224037837237,956.1636893777177,43,107.5,382.60315998923033,955.0546089885756,1.1090803891420364,block1:s2,gated_rule_c,mixed,1785124457.4355476,1785124457.436657,1785124457.8192706,1785124458.3917222,
block1-000587,362.2645061695948,928.6847952753305,43,22.5,360.64140091184527,927.061690017581,1.6231052577495575,block1:s2,gated_rule_c,mixed,1785124457.6111932,1785124457.6128166,1785124457.9734693,1785124458.5398893,
block1-000588,307.5601179152727,763.8530769618228,35,395.0,307.26275593042374,763.5557149769738,0.29736198484897614,block1:s2,gated_rule_c,mixed,1785124457.6466467,1785124457.6469445,1785124457.9542162,1785124458.4105093,
block1-000589,66.89167174044997,2902.7537438087165,142,115.0,66.15732400678098,2902.0193960750476,0.734347733668983,block1:zero_tool,gated_rule_c,mixed,1785124458.0239382,1785124458.0246725,1785124458.0908365,1785124460.9266987,
block1-000590,94.31176935322583,1338.2088784128428,67,17.5,93.9326329389587,1337.8297419985756,0.37913641426712275,block1:s2,gated_rule_c,mixed,1785124458.722249,1785124458.7226284,1785124458.8165689,1785124460.0604658,
block1-000591,97.05454076174647,2340.1725797448307,112,17.5,96.58851404674351,2339.706553029828,0.466026715002954,block1:zero_tool,gated_rule_c,mixed,1785124458.7412944,1785124458.7417605,1785124458.838356,1785124461.081474,
block1-000592,53.21003217250109,5058.045075158589,244,287.5,52.99335694871843,5057.828399934806,0.21667522378265858,block1:zero_tool,gated_rule_c,mixed,1785124458.9740965,1785124458.9743135,1785124459.0273137,1785124464.0321488,
block1-000593,57.15488037094474,2646.140623372048,128,60.0,56.42189597710967,2645.407638978213,0.7329843938350677,block1:zero_tool,gated_rule_c,mixed,1785124459.1222026,1785124459.1229358,1785124459.1793644,1785124461.76835,
block1-000594,416.8978196103126,1179.6774916583672,49,85.0,416.7336210375652,1179.5132930856198,0.16419857274740934,block1:s3,gated_rule_c,mixed,1785124460.0125022,1785124460.0126667,1785124460.429408,1785124461.1921875,
block1-000595,96.73502808436751,4856.112925102934,227,15.0,96.19379602372646,4855.571693042293,0.5412320606410503,block1:zero_tool,gated_rule_c,mixed,1785124460.36777,1785124460.3683114,1785124460.4645123,1785124465.22389,
block1-000596,427.79465042985976,1116.97559338063,48,10.0,427.38487606402487,1116.5658190147951,0.4097743658348918,block1:s3,gated_rule_c,mixed,1785124460.387289,1785124460.387699,1785124460.8150907,1785124461.504271,
block1-000597,447.3877487471327,1063.8186488067731,46,187.5,446.45434292033315,1062.8852429799736,0.9334058267995715,block1:s3,gated_rule_c,mixed,1785124460.5355265,1785124460.5364604,1785124460.982922,1785124461.5993526,
block1-000598,514.0497472602874,971.6670751804486,43,155.0,513.6176550295204,971.2349829496816,0.43209223076701164,block1:s3,gated_rule_c,mixed,1785124460.7594688,1785124460.7599013,1785124461.2735288,1785124461.7311463,
block1-000599,322.193908970803,926.8163579981774,43,12.5,321.22269296087325,925.8451419882476,0.9712160099297762,block1:s3,gated_rule_c,mixed,1785124461.0280778,1785124461.0290494,1785124461.3502808,1785124461.9549031,
block1-000600,71.32801285479218,4059.6843449166045,193,10.0,70.51602099090815,4058.8723530527204,0.8119918638840318,block1:zero_tool,gated_rule_c,mixed,1785124461.1637762,1785124461.1645882,1785124461.2351115,1785124465.2234678,
block1-000601,65.32920675817877,3114.4468237180263,150,60.0,64.27837105002254,3113.39598800987,1.050835708156228,block1:zero_tool,gated_rule_c,mixed,1785124461.1701012,1785124461.1711528,1785124461.2354386,1785124464.2845564,
block1-000602,57.57744319271296,3383.1020381767303,158,15.0,56.6037850221619,3382.128380006179,0.9736581705510616,block1:zero_tool,gated_rule_c,mixed,1785124461.9551446,1785124461.9561186,1785124462.0127301,1785124465.3382547,
block1-000603,61.75453797914088,3391.0563009558246,155,15.0,60.80218206625432,3390.103945042938,0.95235591288656,block1:zero_tool,gated_rule_c,mixed,1785124462.1212335,1785124462.122186,1785124462.1829972,1785124465.5122988,
block1-000604,67.53103213850409,3380.462830187753,154,15.0,66.54043402522802,3379.472232074477,0.9905981132760644,block1:zero_tool,gated_rule_c,mixed,1785124462.3431845,1785124462.344175,1785124462.4107223,1785124465.7236538,
block1-000605,408.1293235067278,1178.1328464858234,48,22.5,407.5753119541332,1177.5788349332288,0.5540115525946021,block1:s4,gated_rule_c,mixed,1785124462.4805207,1785124462.481075,1785124462.8886592,1785124463.6586623,
block1-000606,69.23447456210852,3577.242651488632,167,60.0,68.67970700841397,3576.6878839349374,0.5547675536945462,block1:zero_tool,gated_rule_c,mixed,1785124462.7998312,1785124462.8003862,1785124462.8690753,1785124466.377083,
block1-000607,101.79317533038557,3628.5786523949355,170,20.0,100.5656230263412,3627.351100090891,1.2275523040443659,block1:zero_tool,gated_rule_c,mixed,1785124462.8976038,1785124462.8988316,1785124462.999406,1785124466.526191,
block1-000608,321.71906845178455,1024.597620475106,43,25.0,320.73034497443587,1023.6088969977573,0.9887234773486853,block1:s1,gated_rule_c,mixed,1785124462.909456,1785124462.910445,1785124463.2311823,1785124463.9340608,
block1-000609,62.20818671863526,4134.556205710396,193,47.5,61.16121099330485,4133.509229985066,1.0469757253304124,block1:zero_tool,gated_rule_c,mixed,1785124463.347758,1785124463.3488052,1785124463.4099746,1785124467.4823225,
block1-000610,442.72477738559246,1026.3909684726968,44,10.0,441.7979309801012,1025.4641220672056,0.9268464054912329,block1:s1,gated_rule_c,mixed,1785124463.4518528,1785124463.4527798,1785124463.8945851,1785124464.4782512,
block1-000611,181.3943344168365,1657.028172397986,73,15.0,180.65539200324565,1656.2892299843952,0.7389424135908484,block1:s1,gated_rule_c,mixed,1785124463.4581358,1785124463.4588752,1785124463.639537,1785124465.1151707,
block1-000612,321.53678336180747,902.7547932928428,36,17.5,320.88007603306323,902.0980859640986,0.6567073287442327,block1:s1,gated_rule_c,mixed,1785124464.70478,1785124464.705437,1785124465.0263262,1785124465.6075444,
block1-000613,125.97373884636909,1356.4659988041967,63,47.5,124.43302501924336,1354.925284977071,1.5407138271257281,block1:s1,gated_rule_c,mixed,1785124465.0390394,1785124465.0405803,1785124465.1650217,1785124466.3955133,
block1-000614,355.6533483788371,917.6154814194888,43,117.5,355.4551739944145,917.4173070350662,0.19817438442260027,block1:s1,gated_rule_c,mixed,1785124465.3296816,1785124465.3298798,1785124465.6853423,1785124466.2473042,
block1-000615,61.14701391197741,3517.712189932354,175,15.0,60.1946139940992,3516.7597900144756,0.9523999178782105,block1:zero_tool,gated_rule_c,mixed,1785124465.605642,1785124465.6065948,1785124465.6667972,1785124469.1233623,
block1-000616,285.1973145734519,878.4011176321656,38,170.0,284.7764450125396,877.9802480712533,0.4208695609122515,block1:s2,gated_rule_c,mixed,1785124466.6040895,1785124466.6045108,1785124466.8892944,1785124467.482498,
block1-000617,51.836598198860884,6397.184771136381,310,12.5,51.633532042615116,6396.981704980135,0.20306615624576807,block1:zero_tool,gated_rule_c,mixed,1785124466.9345076,1785124466.9347107,1785124466.986352,1785124473.3317003,
block1-000618,358.68141788523644,860.2826698916033,37,280.0,357.87957708816975,859.4808290945366,0.8018407970666885,block1:s2,gated_rule_c,mixed,1785124467.0124397,1785124467.0132415,1785124467.3711286,1785124467.8727298,
block1-000619,93.57578842900693,1455.283358343877,69,297.5,93.12065702397376,1454.8282269388437,0.4551314050331712,block1:s2,gated_rule_c,mixed,1785124467.2215621,1785124467.2220175,1785124467.3151445,1785124468.676852,
block1-000620,60.57384074665606,2982.887660851702,148,17.5,60.19949493929744,2982.5133150443435,0.37434580735862255,block1:zero_tool,gated_rule_c,mixed,1785124467.4269922,1785124467.4273667,1785124467.487573,1785124470.4098868,
block1-000621,295.47432146500796,860.3057585423812,41,357.5,295.0735619524494,859.9049990298226,0.40075951255857944,block1:s2,gated_rule_c,mixed,1785124467.520771,1785124467.521172,1785124467.8162527,1785124468.3810844,
block1-000622,67.88693310227245,3712.9656050819904,180,177.5,66.84067298192531,3711.919344961643,1.0462601203471422,block1:zero_tool,gated_rule_c,mixed,1785124467.8453991,1785124467.8464456,1785124467.913293,1785124471.5583713,
block1-000623,203.52603832725435,651.9149333471432,31,12.5,203.142300946638,651.5311959665269,0.38373738061636686,block1:s2,gated_rule_c,mixed,1785124468.5838232,1785124468.5842068,1785124468.7873569,1785124469.235746,
block1-000624,65.0680634425953,3263.175292406231,155,17.5,64.65705006849021,3262.764279032126,0.41101337410509586,block1:zero_tool,gated_rule_c,mixed,1785124469.2872887,1785124469.2877,1785124469.3523648,1785124472.5504723,
block1-000625,437.3964039841667,1042.2510829521343,48,50.0,436.75396405160427,1041.608643019572,0.6424399325624108,block1:s3,gated_rule_c,mixed,1785124469.3304634,1785124469.331106,1785124469.767867,1785124470.372722,
block1-000626,365.34435127396137,876.4877142384648,41,412.5,365.1226260699332,876.2659890344366,0.22172520402818918,block1:s3,gated_rule_c,mixed,1785124469.4400172,1785124469.4402394,1785124469.805369,1785124470.3165123,
block1-000627,83.09208729770035,3911.607039277442,188,485.0,82.27724302560091,3910.7921950053424,0.8148442720994353,block1:zero_tool,gated_rule_c,mixed,1785124469.5144558,1785124469.515271,1785124469.597555,1785124473.4260697,
block1-000628,72.40449590608478,3313.443603925407,157,280.0,70.3680410515517,3311.407149070874,2.0364548545330763,block1:zero_tool,gated_rule_c,mixed,1785124470.2446492,1785124470.2466857,1785124470.3170621,1785124473.5581012,
block1-000629,427.53989447373897,1049.1191415349022,43,15.0,426.73440696671605,1048.3136540278792,0.8054875070229173,block1:s3,gated_rule_c,mixed,1785124470.566741,1785124470.5675466,1785124470.9942873,1785124471.6158667,
block1-000630,545.0798684032634,1162.019751383923,49,95.0,543.1974700186402,1160.1373529992998,1.8823983846232295,block1:s3,gated_rule_c,mixed,1785124470.5882523,1785124470.5901349,1785124471.133338,1785124471.7502775,
block1-000631,418.40789979323745,1074.4610757101327,48,10.0,417.81334602274,1073.8665219396353,0.5945537704974413,block1:s3,gated_rule_c,mixed,1785124470.7150311,1785124470.7156258,1785124471.1334453,1785124471.7894986,
block1-000632,55.03677541855723,2694.7230914374813,131,17.5,54.609394050203264,2694.2957100691274,0.4273813683539629,block1:zero_tool,gated_rule_c,mixed,1785124470.9004438,1785124470.9008715,1785124470.95549,1785124473.5951762,
block1-000633,58.55420604348183,2966.9220751384273,146,820.0,58.15451196394861,2966.522381058894,0.39969407953321934,block1:zero_tool,gated_rule_c,mixed,1785124471.0748408,1785124471.0752406,1785124471.1334028,1785124474.0417707,
block1-000634,410.9082039212808,1060.2549508912489,48,15.0,410.0590619491413,1059.4058089191094,0.8491419721394777,block1:s4,gated_rule_c,mixed,1785124471.3004224,1785124471.3012714,1785124471.711338,1785124472.3606849,
block1-000635,69.55149548593909,2521.8745415331796,125,117.5,68.53568798396736,2520.858734031208,1.0158075019717216,block1:zero_tool,gated_rule_c,mixed,1785124471.7791634,1785124471.7801795,1785124471.8487236,1785124474.3010461,
block1-000636,403.64500251598656,1072.6564885117114,48,17.5,403.2889539375901,1072.300439933315,0.35604857839643955,block1:s4,gated_rule_c,mixed,1785124472.2215712,1785124472.2219274,1785124472.6252234,1785124473.294235,
block1-000637,55.10587722528726,2715.4868772486225,135,280.0,54.4077439699322,2714.7887439932674,0.6981332553550601,block1:zero_tool,gated_rule_c,mixed,1785124472.781026,1785124472.7817242,1785124472.8361409,1785124475.496522,
block1-000638,442.1741006663069,1039.5315487403423,48,172.5,441.61311199422926,1038.9705600682646,0.5609886720776558,block1:s4,gated_rule_c,mixed,1785124473.0020843,1785124473.0026457,1785124473.4442685,1785124474.0416257,
block1-000639,410.8571717515588,1009.8320747492835,48,155.0,410.58495303150266,1009.5598560292274,0.2722187200561166,block1:s4,gated_rule_c,mixed,1785124473.2027063,1785124473.2029788,1785124473.6135724,1785124474.2125473,
block1-000640,305.98083802033216,918.3690389618278,43,115.0,305.73135206941515,918.1195530109107,0.24948595091700554,block1:s1,gated_rule_c,mixed,1785124474.3306587,1785124474.3309083,1785124474.636648,1785124475.2490368,
block1-000641,60.48312038183212,3655.999754439108,169,15.0,60.29286596458405,3655.80950002186,0.19025441724807024,block1:zero_tool,gated_rule_c,mixed,1785124474.6536314,1785124474.6538217,1785124474.714123,1785124478.3096397,
block1-000642,345.6254437332973,1044.4882756564766,43,177.5,344.7405170882121,1043.6033490113914,0.8849266450852156,block1:s1,gated_rule_c,mixed,1785124474.9589713,1785124474.959857,1785124475.3046086,1785124476.0034714,
block1-000643,65.22913568187505,3264.2582127591595,149,395.0,64.42795193288475,3263.457029010169,0.8011837489902973,block1:zero_tool,gated_rule_c,mixed,1785124475.2802522,1785124475.2810535,1785124475.3454895,1785124478.5445185,
block1-000644,66.25004136003554,3168.1686732918024,140,60.0,66.09687604941428,3168.015507981181,0.1531653106212616,block1:zero_tool,gated_rule_c,mixed,1785124475.52643,1785124475.5265832,1785124475.5926878,1785124478.6946068,
block1-000645,124.61870990227908,1450.391570921056,63,170.0,123.89952002558857,1449.6723810443655,0.7191898766905069,block1:s1,gated_rule_c,mixed,1785124475.6622927,1785124475.663012,1785124475.7869196,1785124477.1126928,
block1-000646,114.79650100227445,3325.4522240022197,142,820.0,114.04429096728563,3324.700013967231,0.7522100349888206,block1:zero_tool,gated_rule_c,mixed,1785124475.67202,1785124475.6727724,1785124475.7868242,1785124478.99748,
block1-000647,275.60443989932537,714.9811919080094,31,187.5,275.16946103423834,714.5462130429223,0.4349788650870323,block1:s1,gated_rule_c,mixed,1785124475.7456512,1785124475.7460866,1785124476.0212657,1785124476.4606428,
block1-000648,87.16524729970843,2648.165505263023,123,572.5,86.95045893546194,2647.9507168987766,0.21478836424648762,block1:zero_tool,gated_rule_c,mixed,1785124475.8396535,1785124475.8398688,1785124475.9268289,1785124478.4878287,
block1-000649,60.81664725206792,2880.736102350056,125,132.5,59.82645694166422,2879.7459120396525,0.9901903104037046,block1:zero_tool,gated_rule_c,mixed,1785124476.1543052,1785124476.1552958,1785124476.21513,1785124479.0350494,
block1-000650,66.60763989202678,4059.045453905128,181,15.0,65.1683290489018,4057.606143062003,1.4393108431249857,block1:zero_tool,gated_rule_c,mixed,1785124476.7545645,1785124476.756004,1785124476.8211813,1785124480.813619,
block1-000651,90.20090976264328,1584.0497417375445,69,10.0,89.57647101487964,1583.425302989781,0.6244387477636337,block1:s2,gated_rule_c,mixed,1785124476.8600547,1785124476.8606791,1785124476.9502642,1785124478.4441128,
block1-000652,436.5880449768156,913.654716918245,36,132.5,434.8020270699635,911.8686990113929,1.7860179068520665,block1:s2,gated_rule_c,mixed,1785124477.0053852,1785124477.0071719,1785124477.4419854,1785124477.9190521,
block1-000653,556.7453391849995,1151.1652522021905,49,550.0,555.6390580022708,1150.0589710194618,1.1062811827287078,block1:s2,gated_rule_c,mixed,1785124477.0417922,1785124477.0428987,1785124477.598546,1785124478.1929657,
block1-000654,71.00310595706105,4182.567068957724,188,52.5,70.8540320629254,4182.417995063588,0.14907389413565397,block1:zero_tool,gated_rule_c,mixed,1785124477.159732,1785124477.159881,1785124477.2307415,1785124481.3423054,
block1-000655,366.9637049315497,844.3766559939831,37,15.0,365.9779289737344,843.3908800361678,0.9857759578153491,block1:s2,gated_rule_c,mixed,1785124477.2120404,1785124477.2130265,1785124477.579012,1785124478.0564244,
block1-000656,420.39024748373777,1049.8497975058854,48,357.5,419.8586749844253,1049.318225006573,0.5315724993124604,block1:s3,gated_rule_c,mixed,1785124477.3199217,1785124477.3204536,1785124477.7403195,1785124478.3697789,
block1-000657,67.00205511879176,2842.17175305821,128,12.5,65.95633702818304,2841.1260349676013,1.045718090608716,block1:zero_tool,gated_rule_c,mixed,1785124477.6340165,1785124477.6350625,1785124477.7010279,1785124480.4761975,
block1-000658,610.3337063686922,1263.4291723370552,48,17.5,609.7829740028828,1262.8784399712458,0.550732365809381,block1:s3,gated_rule_c,mixed,1785124478.4436262,1785124478.4441772,1785124479.053968,1785124479.7070632,
block1-000659,471.51192545425147,1088.853596476838,41,155.0,471.3757699355483,1088.7174409581348,0.13615551870316267,block1:s3,gated_rule_c,mixed,1785124478.4660661,1785124478.4662023,1785124478.937586,1785124479.5549276,
block1-000660,435.0577261066064,1014.9374480824918,41,15.0,434.900259017013,1014.7799809928983,0.1574670895934105,block1:s3,gated_rule_c,mixed,1785124478.600131,1785124478.6002889,1785124479.035196,1785124479.615076,
block1-000661,546.2491412181407,1196.0995282279328,48,572.5,545.2044430421665,1195.0548300519586,1.0446981759741902,block1:s3,gated_rule_c,mixed,1785124478.6039095,1785124478.6049545,1785124479.1501656,1785124479.800016,
block1-000662,578.3339160261676,1076.6955410363153,43,20.0,577.7618780266494,1076.123503036797,0.5720379995182157,block1:s3,gated_rule_c,mixed,1785124478.6300125,1785124478.6305847,1785124479.2083564,1785124479.7067182,
block1-000663,365.5710257589817,1017.5470147514716,43,10.0,364.5066060125828,1016.4825950050727,1.0644197463989258,block1:s3,gated_rule_c,mixed,1785124478.7267773,1785124478.727842,1785124479.0923557,1785124479.744332,
block1-000664,410.36846942733973,1086.433022399433,48,17.5,409.32111197616905,1085.3856649482623,1.047357451170683,block1:s4,gated_rule_c,mixed,1785124479.5580966,1785124479.5591443,1785124479.9684732,1785124480.6445377,
block1-000665,436.0507221426815,1152.6866351487115,48,550.0,435.3225789964199,1151.95849200245,0.7281431462615728,block1:s4,gated_rule_c,mixed,1785124480.0777965,1785124480.0785248,1785124480.5138562,1785124481.230492,
block1-000666,429.6832353575155,1147.036216338165,48,15.0,429.43399806972593,1146.7869790503755,0.2492372877895832,block1:s4,gated_rule_c,mixed,1785124480.1020427,1785124480.1022923,1785124480.531732,1785124481.249085,
block1-000667,475.0590823823586,1078.586781397462,48,10.0,474.0577039774507,1077.585402992554,1.0013784049078822,block1:s4,gated_rule_c,mixed,1785124480.8853054,1785124480.8863068,1785124481.3603725,1785124481.9639,
block1-000668,62.438302440568805,2554.991648416035,131,15.0,61.360843013972044,2553.914188989438,1.0774594265967607,block1:zero_tool,gated_rule_c,mixed,1785124481.0017016,1785124481.0027792,1785124481.0641477,1785124483.5567012,
block1-000669,437.7707402454689,1059.1178323375061,49,412.5,437.16827291063964,1058.5153650026768,0.6024673348292708,block1:s4,gated_rule_c,mixed,1785124481.016742,1785124481.0173445,1785124481.4545233,1785124482.0758705,
block1-000670,398.2542216544971,1000.0383466249332,48,52.5,397.1547820838168,998.9389070542529,1.0994395706802607,block1:s4,gated_rule_c,mixed,1785124481.0941901,1785124481.0952897,1785124481.4924548,1785124482.0942388,
block1-000671,392.39057118538767,983.6105812573805,48,92.5,391.9447899097577,983.1647999817505,0.44578127562999725,block1:s4,gated_rule_c,mixed,1785124482.433898,1785124482.434344,1785124482.8262973,1785124483.4175174,
block1-000672,87.30448561254889,2708.3201446803287,117,412.5,86.67841192800552,2707.6940709957853,0.6260736845433712,block1:zero_tool,gated_rule_c,mixed,1785124483.982807,1785124483.9834332,1785124484.0701196,1785124486.6911354,
block1-000673,117.67308309208602,1437.5418060226366,58,550.0,117.27432301267982,1437.1430459432304,0.39876007940620184,block1:s1,gated_rule_c,mixed,1785124483.9886825,1785124483.9890816,1785124484.1063626,1785124485.4262314,
block1-000674,448.806406930089,1025.5591059103608,43,297.5,448.1397509807721,1024.892449961044,0.6666559493169188,block1:s1,gated_rule_c,mixed,1785124484.0926313,1785124484.0932984,1785124484.5414476,1785124485.1182003,
block1-000675,404.12624122109264,861.3243643194437,37,117.5,403.49822398275137,860.6963470811024,0.6280172383412719,block1:s1,gated_rule_c,mixed,1785124484.3316736,1785124484.3323019,1785124484.7358072,1785124485.1930053,
block1-000676,325.7418990833685,783.3987501217052,36,550.0,325.55946498177946,783.2163160201162,0.18243410158902407,block1:s1,gated_rule_c,mixed,1785124484.4288683,1785124484.429051,1785124484.7546182,1785124485.212275,
block1-000677,66.09680934343487,6791.618024348281,326,15.0,64.7929230472073,6790.314138052054,1.3038862962275743,block1:zero_tool,gated_rule_c,mixed,1785124484.572127,1785124484.573431,1785124484.6382313,1785124491.3637526,
block1-000678,62.26392951793969,6013.194142491557,285,322.5,61.71598203945905,6012.646195013076,0.5479474784806371,block1:zero_tool,gated_rule_c,mixed,1785124484.6548493,1785124484.6553974,1785124484.7171216,1785124490.6680515,
block1-000679,55.08998199366033,6955.012224032544,332,17.5,54.202995961532,6954.125238000415,0.886986032128334,block1:zero_tool,gated_rule_c,mixed,1785124484.9110668,1785124484.9119537,1785124484.9661653,1785124491.8660874,
block1-000680,384.6162469126284,925.0057638855651,34,15.0,384.1628669761121,924.5523839490488,0.45337993651628494,block1:s2,gated_rule_c,mixed,1785124485.1968195,1785124485.197273,1785124485.5814435,1785124486.1218328,
block1-000681,95.87407670915127,5769.027895759791,275,15.0,94.95385503396392,5768.107674084604,0.9202216751873493,block1:zero_tool,gated_rule_c,mixed,1785124485.3115156,1785124485.3124359,1785124485.4073977,1785124491.0805516,
block1-000682,450.5360283656046,917.7748593501747,36,117.5,449.5296370005235,916.7684679850936,1.0063913650810719,block1:s2,gated_rule_c,mixed,1785124485.3197632,1785124485.3207698,1785124485.7703066,1785124486.2375455,
block1-000683,104.56006147433072,1613.7101404601708,74,47.5,104.09475699998438,1613.2448359858245,0.4653044743463397,block1:s2,gated_rule_c,mixed,1785124485.3933253,1785124485.3937907,1785124485.4978921,1785124487.007042,
block1-000684,403.49018189590424,869.253798853606,36,395.0,402.8466669842601,868.6102839419618,0.6435149116441607,block1:s2,gated_rule_c,mixed,1785124485.4640257,1785124485.4646697,1785124485.8675227,1785124486.3332863,
block1-000685,436.50763062760234,1014.1857085982338,44,152.5,434.58001606632024,1012.2580940369517,1.9276145612820983,block1:s2,gated_rule_c,mixed,1785124485.489716,1785124485.491644,1785124485.9262314,1785124486.5039093,
block1-000686,350.0020387582481,812.535265693441,38,485.0,348.89688005205244,811.4301069872454,1.1051587061956525,block1:s2,gated_rule_c,mixed,1785124485.6348286,1785124485.6359339,1785124485.9848382,1785124486.4473712,
block1-000687,103.11902489047498,3765.8641398884356,179,145.0,101.98989300988615,3764.735008007847,1.1291318805888295,block1:zero_tool,gated_rule_c,mixed,1785124487.1436257,1785124487.1447551,1785124487.2467523,1785124490.9094973,
block1-000688,111.93662090227008,3155.726675875485,147,280.0,110.08834699168801,3153.878401964903,1.8482739105820656,block1:zero_tool,gated_rule_c,mixed,1785124487.1695135,1785124487.1713626,1785124487.2814627,1785124490.3252525,
block1-000689,272.76642236392945,925.2428823383525,39,105.0,272.3088669590652,924.7853269334882,0.4575554048642516,block1:s3,gated_rule_c,mixed,1785124487.182065,1785124487.1825233,1785124487.454843,1785124488.1073196,
block1-000690,448.5238192137331,1068.8229422084987,48,12.5,448.16455407999456,1068.4636770747602,0.35926513373851776,block1:s3,gated_rule_c,mixed,1785124487.5232742,1785124487.5236337,1785124487.9718068,1785124488.5921063,
block1-000691,414.7699259920046,1067.507495987229,48,320.0,414.3200219841674,1067.0575919793919,0.4499040078371763,block1:s3,gated_rule_c,mixed,1785124487.7497864,1785124487.7502367,1785124488.1645656,1785124488.817303,
block1-000692,96.24247311148793,2737.971607130021,130,307.5,94.97699607163668,2736.7061300901696,1.2654770398512483,block1:zero_tool,gated_rule_c,mixed,1785124487.7981741,1785124487.7994397,1785124487.894425,1785124490.5361538,
block1-000693,405.75758775230497,1103.8310037693009,48,17.5,405.5370209971443,1103.6104370141402,0.22056675516068935,block1:s3,gated_rule_c,mixed,1785124488.547905,1785124488.5481257,1785124488.953671,1785124489.6517446,
block1-000694,482.3332376545295,1139.8242436116561,49,545.0,481.7812580149621,1139.2722639720887,0.5519796395674348,block1:s3,gated_rule_c,mixed,1785124488.8951674,1785124488.8957195,1785124489.377508,1785124490.034999,
block1-000695,65.03293884452432,2639.261675882153,128,545.0,63.99421498645097,2638.22295202408,1.0387238580733538,block1:zero_tool,gated_rule_c,mixed,1785124489.003284,1785124489.0043228,1785124489.0683246,1785124491.6425536,
block1-000696,443.6402036808431,1060.9118797583506,48,92.5,443.0018529528752,1060.2735290303826,0.6383507279679179,block1:s4,gated_rule_c,mixed,1785124489.5322587,1785124489.5328972,1785124489.9759068,1785124490.5931783,
block1-000697,440.85606932640076,1056.8499993532896,48,15.0,439.9807619629428,1055.9746919898316,0.8753073634579778,block1:s4,gated_rule_c,mixed,1785124489.5549192,1785124489.5557947,1785124489.9957829,1785124490.6117766,
block1-000698,58.75319486949593,2856.710377964191,130,47.5,57.7882049838081,2855.7453880785033,0.9649898856878281,block1:zero_tool,gated_rule_c,mixed,1785124490.9472594,1785124490.9482245,1785124491.006021,1785124493.8039787,
block1-000699,68.15955589991063,3097.0011719036847,142,15.0,67.76191398967057,3096.6035299934447,0.39764191024005413,block1:zero_tool,gated_rule_c,mixed,1785124491.0525784,1785124491.0529764,1785124491.120746,1785124494.1495876,
block1-000700,434.956475161016,1177.1657242206857,48,217.5,433.7948430329561,1176.0040920926258,1.161632128059864,block1:s4,gated_rule_c,mixed,1785124491.3373032,1785124491.3384652,1785124491.7722678,1785124492.514477,
block1-000701,400.6977929966524,1144.4646869786084,48,322.5,399.56626296043396,1143.33315694239,1.1315300362184644,block1:s4,gated_rule_c,mixed,1785124491.4651134,1785124491.4662452,1785124491.8658195,1785124492.6095865,
block1-000702,499.01657714508474,1103.5776861244813,48,105.0,498.3812579885125,1102.942366967909,0.6353191565722227,block1:s4,gated_rule_c,mixed,1785124491.8623593,1785124491.8629947,1785124492.3613842,1785124492.965945,
block1-000703,466.21052641421556,1099.3164544925094,48,132.5,465.8790020039305,1098.9849300822243,0.33152441028505564,block1:s4,gated_rule_c,mixed,1785124491.952556,1785124491.9528875,1785124492.4187741,1785124493.05188,
block1-000704,102.60854079388082,4207.337623811327,192,20.0,101.40920605044812,4206.138289067894,1.1993347434327006,block1:zero_tool,gated_rule_c,mixed,1785124491.9713564,1785124491.972556,1785124492.0739722,1785124496.1787014,
block1-000705,347.69836196210235,957.6976839452982,43,280.0,346.60580300260335,956.6051249857992,1.0925589594990015,block1:s1,gated_rule_c,mixed,1785124492.185542,1785124492.1866348,1785124492.533248,1785124493.1432471,
block1-000706,327.32389494776726,1005.381230963394,43,485.0,327.04432599712163,1005.1016620127484,0.2795689506456256,block1:s1,gated_rule_c,mixed,1785124492.9875824,1785124492.9878623,1785124493.3149145,1785124493.9929721,
block1-000707,60.80761458724737,7405.201113666408,337,105.0,60.20447798073292,7404.597977059893,0.6031366065144539,block1:zero_tool,gated_rule_c,mixed,1785124493.217018,1785124493.2176213,1785124493.2778323,1785124500.622226,
block1-000708,381.14650652278215,954.4668775051832,42,177.5,380.315204965882,953.6355759482831,0.8313015569001436,block1:s1,gated_rule_c,mixed,1785124493.2891731,1785124493.2900045,1785124493.6703277,1785124494.243648,
block1-000709,133.65830352995545,1393.1409044889733,65,50.0,133.13796499278396,1392.6205659518018,0.520338537171483,block1:s1,gated_rule_c,mixed,1785124493.3467326,1785124493.3472533,1785124493.4803987,1785124494.7398813,
block1-000710,128.82208777591586,6806.896486785263,311,15.0,128.5780289908871,6806.652428000234,0.24405878502875566,block1:zero_tool,gated_rule_c,mixed,1785124493.3517675,1785124493.3520117,1785124493.4805965,1785124500.1586711,
block1-000711,71.70045946259052,3223.628112464212,144,17.5,71.39865204226226,3223.3263050438836,0.30180742032825947,block1:zero_tool,gated_rule_c,mixed,1785124494.0396729,1785124494.039975,1785124494.1113806,1785124497.2633078,
block1-000712,71.02559984195977,3549.08157477621,161,95.0,70.08178601972759,3548.1377609539777,0.9438138222321868,block1:zero_tool,gated_rule_c,mixed,1785124494.0406196,1785124494.0415637,1785124494.1116512,1785124497.589707,
block1-000713,282.4790332233533,960.9938692301512,40,107.5,281.46966197527945,959.9844979820773,1.009371248073876,block1:s2,gated_rule_c,mixed,1785124494.532102,1785124494.5331118,1785124494.8145888,1785124495.4931035,
block1-000714,329.35649575665593,828.1979648163542,36,172.5,328.66817293688655,827.5096419965848,0.6883228197693825,block1:s2,gated_rule_c,mixed,1785124494.8930283,1785124494.8937168,1785124495.2223914,1785124495.7212324,
block1-000715,345.0093842111528,992.7430391544476,43,152.5,344.09506304655224,991.8287179898471,0.9143211646005511,block1:s2,gated_rule_c,mixed,1785124494.9345472,1785124494.9354615,1785124495.2795627,1785124495.9272964,
block1-000716,316.73939514439553,890.307467081584,36,140.0,315.35715505015105,888.9252269873396,1.3822400942444801,block1:s2,gated_rule_c,mixed,1785124495.3264382,1785124495.3278205,1785124495.6431863,1785124496.2167544,
block1-000717,86.76860574632883,2132.7626176644117,93,105.0,84.78546002879739,2130.77947194688,1.9831457175314426,block1:zero_tool,gated_rule_c,mixed,1785124495.3644485,1785124495.366432,1785124495.4512265,1785124497.4972203,
block1-000718,386.8329239776358,962.6946889329702,38,282.5,385.1933829719201,961.0551479272544,1.6395410057157278,block1:s2,gated_rule_c,mixed,1785124495.7185073,1785124495.7201474,1785124496.1053505,1785124496.6812122,
block1-000719,62.92488134931773,2339.38086242415,104,17.5,61.75600294955075,2338.211984024383,1.1688783997669816,block1:zero_tool,gated_rule_c,mixed,1785124495.9061437,1785124495.9073129,1785124495.9690766,1785124498.2455325,
block1-000720,283.31607684958726,1017.2120889183134,38,135.0,283.16110791638494,1017.0571199851111,0.1549689332023263,block1:s3,gated_rule_c,mixed,1785124495.9525857,1785124495.952741,1785124496.2359083,1785124496.9698043,
block1-000721,417.2962981974706,1195.0703621841967,48,95.0,416.67880199383944,1194.4528659805655,0.6174962036311626,block1:s3,gated_rule_c,mixed,1785124496.0487552,1785124496.049373,1785124496.466062,1785124497.2438362,
block1-000722,485.17040035221726,1012.0998322963715,41,15.0,484.73323602229357,1011.6626679664478,0.43716432992368937,block1:s3,gated_rule_c,mixed,1785124496.4847245,1785124496.485162,1785124496.969902,1785124497.496832,
block1-000723,522.8710923111066,1139.633299317211,48,820.0,522.4737549433485,1139.2359619494528,0.39733736775815487,block1:s3,gated_rule_c,mixed,1785124496.524675,1785124496.5250726,1785124497.0475554,1785124497.6643176,
block1-000724,363.15744079183787,945.6709467340261,41,117.5,362.6532640773803,945.1667700195685,0.5041767144575715,block1:s3,gated_rule_c,mixed,1785124496.6250138,1785124496.625518,1785124496.98818,1785124497.5706935,
block1-000725,358.5417668800801,937.5226639676839,43,282.5,357.84474993124604,936.8256470188498,0.6970169488340616,block1:s3,gated_rule_c,mixed,1785124496.708174,1785124496.7088711,1785124497.066723,1785124497.645704,
block1-000726,70.2056436566636,4586.739169666544,211,357.5,68.57791205402464,4585.111438063905,1.6277316026389599,block1:zero_tool,gated_rule_c,mixed,1785124496.899421,1785124496.901049,1785124496.9696345,1785124501.4861681,
block1-000727,444.7090936591849,1160.7878056820482,48,282.5,444.01023699902,1160.0889490218833,0.6988566601648927,block1:s3,gated_rule_c,mixed,1785124497.9153028,1785124497.9160018,1785124498.36002,1785124499.076099,
block1-000728,437.3571873875335,1120.2657654648647,48,92.5,437.0485389372334,1119.9571170145646,0.30864845030009747,block1:s4,gated_rule_c,mixed,1785124498.0314472,1785124498.031756,1785124498.4688115,1785124499.1517203,
block1-000729,482.9052375862375,1127.7400866383687,48,172.5,482.1212759707123,1126.9561250228435,0.7839616155251861,block1:s4,gated_rule_c,mixed,1785124498.32574,1785124498.3265243,1785124498.8086526,1785124499.4534876,
block1-000730,447.84269214142114,1129.9000041326508,48,280.0,447.01360701583326,1129.070919007063,0.8290851255878806,block1:s4,gated_rule_c,mixed,1785124498.5728683,1785124498.5736976,1785124499.0207186,1785124499.702776,
block1-000731,400.10121488012373,1116.7034768732265,48,350.0,399.8078880831599,1116.4101500762627,0.2933267969638109,block1:s4,gated_rule_c,mixed,1785124498.6764042,1785124498.676698,1785124499.076513,1785124499.7931154,
block1-000732,455.6853484828025,1222.9320695623755,48,322.5,455.4622519062832,1222.7089729858562,0.22309657651931047,block1:s4,gated_rule_c,mixed,1785124499.2468312,1785124499.2470546,1785124499.702524,1785124500.4697707,
block1-000733,441.9502199161798,1177.6816019555554,48,17.5,441.70484598726034,1177.436228026636,0.24537392891943455,block1:s4,gated_rule_c,mixed,1785124499.5009844,1785124499.50123,1785124499.9429421,1785124500.6786735,
block1-000734,419.36346574220806,1244.4845337886363,49,12.5,418.83370897267014,1243.9547770190984,0.5297567695379257,block1:s4,gated_rule_c,mixed,1785124499.6566732,1785124499.6572032,1785124500.0760438,1785124500.9011648,
block1-000735,492.6829362520948,1206.5391682554036,48,52.5,492.48549505136907,1206.341727054678,0.19744120072573423,block1:s4,gated_rule_c,mixed,1785124499.9954512,1785124499.995649,1785124500.4881418,1785124501.2019978,
block1-000736,396.55837428290397,1075.8118962403387,43,10.0,395.7437420031056,1074.9972639605403,0.8146322797983885,block1:s1,gated_rule_c,mixed,1785124500.0506313,1785124500.0514462,1785124500.4471977,1785124501.1264515,
block1-000737,121.97507545351982,1459.8452264908701,66,12.5,121.76360294688493,1459.6337539842352,0.21147250663489103,block1:s1,gated_rule_c,mixed,1785124500.3252752,1785124500.325487,1785124500.4472566,1785124501.785127,
block1-000738,130.46695315279067,11769.352635135874,535,20.0,130.27694693300873,11769.162628916092,0.19000621978193521,block1:zero_tool,gated_rule_c,mixed,1785124500.3394434,1785124500.3396335,1785124500.4699163,1785124512.108802,
block1-000739,124.66733250766993,1608.8689595926553,71,95.0,123.52202797774225,1607.7236550627276,1.145304529927671,block1:s1,gated_rule_c,mixed,1785124500.7284498,1785124500.7295952,1785124500.8531244,1785124502.337326,
block1-000740,345.31148546375334,797.5644884863868,36,105.0,344.43339600693434,796.6863990295678,0.8780894568189979,block1:s1,gated_rule_c,mixed,1785124500.7996757,1785124500.800554,1785124501.1449945,1785124501.5972478,
block1-000741,62.2811681823805,6310.19754416775,302,10.0,61.22548598796129,6309.14186197333,1.0556821944192052,block1:zero_tool,gated_rule_c,mixed,1785124501.2735612,1785124501.2746172,1785124501.33585,1785124507.5837665,
block1-000742,485.76739605050534,1089.6343500353396,47,15.0,485.3597490582615,1089.2267030430958,0.4076469922438264,block1:s1,gated_rule_c,mixed,1785124501.9450223,1785124501.9454303,1785124502.430798,1785124503.0346649,
block1-000743,406.93985926918685,842.3188083106652,37,100.0,406.09639103058726,841.4753400720656,0.8434682385995984,block1:s1,gated_rule_c,mixed,1785124501.9859846,1785124501.9868283,1785124502.3929322,1785124502.8283105,
block1-000744,61.55329314060509,3479.8634480684996,165,10.0,60.36601809319109,3478.6761730210856,1.1872750474140048,block1:zero_tool,gated_rule_c,mixed,1785124502.636727,1785124502.6379147,1785124502.6982865,1785124506.116597,
block1-000745,82.76971441227943,4200.493457377888,199,107.5,82.31928898021579,4200.043031945825,0.45042543206363916,block1:zero_tool,gated_rule_c,mixed,1785124502.909412,1785124502.9098625,1785124502.9921885,1785124507.1099124,
block1-000746,311.89367757178843,880.3611946059391,37,10.0,311.36782304383814,879.8353400779888,0.5258545279502869,block1:s2,gated_rule_c,mixed,1785124502.927116,1785124502.927642,1785124503.239017,1785124503.8074846,
block1-000747,100.85085418540984,1741.4757532533258,77,172.5,100.43431096710265,1741.0592100350186,0.4165432183071971,block1:s2,gated_rule_c,mixed,1785124503.3769674,1785124503.3773842,1785124503.4778244,1785124505.1184494,
block1-000748,328.5483808722347,817.3095209058374,35,297.5,327.642641030252,816.4037810638547,0.9057398419827223,block1:s2,gated_rule_c,mixed,1785124503.5537472,1785124503.5546532,1785124503.8823037,1785124504.3710651,
block1-000749,390.34172205720097,913.9872520463541,38,95.0,389.2708249622956,912.9163549514487,1.0708970949053764,block1:s2,gated_rule_c,mixed,1785124503.5679684,1785124503.5690393,1785124503.9583182,1785124504.481964,
block1-000750,372.18040763400495,873.021200648509,38,135.0,371.2833529571071,872.1241459716111,0.8970546768978238,block1:s2,gated_rule_c,mixed,1785124504.2837634,1785124504.2846606,1785124504.655952,1785124505.1567926,
block1-000751,296.7894292669371,911.8694802746177,40,485.0,296.15198099054396,911.2320319982246,0.6374482763931155,block1:s2,gated_rule_c,mixed,1785124504.321003,1785124504.3216405,1785124504.6178012,1785124505.232881,
block1-000752,61.14387861452997,2267.3891506856307,110,280.0,60.92354701831937,2267.16881908942,0.22033159621059895,block1:zero_tool,gated_rule_c,mixed,1785124504.500287,1785124504.5005074,1785124504.5614383,1785124506.7676833,
block1-000753,423.1500215828419,1074.2392495740205,48,820.0,422.26706200744957,1073.3562899986282,0.8829595753923059,block1:s3,gated_rule_c,mixed,1785124504.7332747,1785124504.734158,1785124505.1564324,1785124505.8075216,
block1-000754,68.13488504849374,4186.763514066115,193,187.5,66.75343797542155,4185.382066993043,1.381447073072195,block1:zero_tool,gated_rule_c,mixed,1785124505.0306873,1785124505.0320692,1785124505.0988317,1785124509.2174602,
block1-000755,277.159952907823,896.1170628899708,41,170.0,276.722333044745,895.6794430268928,0.43761986307799816,block1:s3,gated_rule_c,mixed,1785124505.2577174,1785124505.258155,1785124505.534885,1785124506.153842,
block1-000756,59.2286316677928,3583.7215706706047,164,12.5,58.90300404280424,3583.395943045616,0.3256276249885559,block1:zero_tool,gated_rule_c,mixed,1785124505.5557516,1785124505.5560775,1785124505.6149886,1785124509.1394818,
block1-000757,68.50990327075124,3765.477950219065,164,550.0,67.45070707984269,3764.4187540281564,1.0591961909085512,block1:zero_tool,gated_rule_c,mixed,1785124505.9316776,1785124505.932737,1785124506.000197,1785124509.6971645,
block1-000758,408.4340633125976,1056.3801323296502,48,282.5,407.613450079225,1055.5595190962777,0.8206132333725691,block1:s3,gated_rule_c,mixed,1785124506.2052,1785124506.2060208,1785124506.613642,1785124507.2615879,
block1-000759,69.88993496634066,3849.3472560076043,165,117.5,69.1664710175246,3848.6237920587882,0.723463948816061,block1:zero_tool,gated_rule_c,mixed,1785124506.3904684,1785124506.3911917,1785124506.4603658,1785124510.2398233,
block1-000760,401.6207312233746,1168.6932442244142,48,320.0,400.543502997607,1167.6160159986466,1.0772282257676125,block1:s4,gated_rule_c,mixed,1785124506.9540024,1785124506.9550798,1785124507.3556318,1785124508.1227043,
block1-000761,401.9864030415192,1211.4870130317286,49,135.0,401.7028691014275,1211.2034790916368,0.28353394009172916,block1:s4,gated_rule_c,mixed,1785124507.4115834,1785124507.411867,1785124507.8135767,1785124508.6230774,
block1-000762,66.25764165073633,3467.1203177422285,143,572.5,64.2189469654113,3465.0816230569035,2.0386946853250265,block1:zero_tool,gated_rule_c,mixed,1785124507.7473655,1785124507.7494044,1785124507.813633,1785124511.214496,
block1-000763,520.0542230159044,1271.17407892365,48,100.0,518.5531410388649,1269.6729969466105,1.5010819770395756,block1:s4,gated_rule_c,mixed,1785124507.8875687,1785124507.88907,1785124508.4076304,1785124509.1587496,
block1-000764,520.7577521214262,1271.8896181322634,48,70.0,520.3516350593418,1271.483501070179,0.4061170620843768,block1:s4,gated_rule_c,mixed,1785124507.9065464,1785124507.9069526,1785124508.4273117,1785124509.1784432,
block1-000765,494.3914517061785,1245.9562367293984,48,95.0,493.4724799823016,1245.0372650055215,0.9189717238768935,block1:s4,gated_rule_c,mixed,1785124507.9519846,1785124507.9529042,1785124508.4463866,1785124509.1979516,
block1-000766,438.53365432005376,1238.2125272415578,49,95.0,437.43176700081676,1237.1106399223208,1.1018873192369938,block1:s4,gated_rule_c,mixed,1785124508.047363,1785124508.0484657,1785124508.4859068,1785124509.2855856,
block1-000767,505.37999882362783,1347.6367368130013,48,172.5,504.43020602688193,1346.6869440162554,0.9497927967458963,block1:s4,gated_rule_c,mixed,1785124508.5349016,1785124508.5358517,1785124509.040291,1785124509.8825476,
block1-000768,393.953301361762,1194.259702344425,43,322.5,393.7814049422741,1194.0878059249371,0.17189641948789358,block1:s1,gated_rule_c,mixed,1785124508.7459736,1785124508.7461457,1785124509.1399357,1785124509.9402418,
block1-000769,365.18452200107276,1017.0586419990286,37,105.0,364.91476697847247,1016.7888869764283,0.26975502260029316,block1:s1,gated_rule_c,mixed,1785124508.8133965,1785124508.8136663,1785124509.1785886,1785124509.830463,
block1-000770,456.07342524454,1179.4152611400932,43,15.0,455.643970053643,1178.9858059491962,0.4294551908969879,block1:s1,gated_rule_c,mixed,1785124509.2057402,1785124509.2061698,1785124509.6618223,1785124510.3851638,
block1-000771,124.61401196196675,1708.1115829059854,69,85.0,123.67094808723778,1707.1685190312564,0.9430638747289777,block1:s1,gated_rule_c,mixed,1785124509.3362536,1785124509.337197,1785124509.460875,1785124511.0443728,
block1-000772,317.0441831462085,891.4105901494622,36,12.5,316.78408896550536,891.1504959687591,0.26009418070316315,block1:s1,gated_rule_c,mixed,1785124509.4449477,1785124509.445208,1785124509.761999,1785124510.3363652,
block1-000773,59.25544141791761,3955.681328428909,182,15.0,58.89570398721844,3955.32159099821,0.35973743069916964,block1:zero_tool,gated_rule_c,mixed,1785124509.6438935,1785124509.6442537,1785124509.7031589,1785124513.5995848,
block1-000774,309.78630669414997,1015.0360995903611,40,12.5,309.42540301475674,1014.6751959109679,0.36090367939323187,block1:s1,gated_rule_c,mixed,1785124509.7479024,1785124509.7482636,1785124510.057697,1785124510.762947,
block1-000775,70.45333296991885,2535.3694549994543,114,15.0,69.40955098252743,2534.325673012063,1.0437819873914123,block1:zero_tool,gated_rule_c,mixed,1785124509.9295719,1785124509.9306161,1785124510.0000336,1785124512.4649496,
block1-000776,326.1421672068536,968.6496482463554,40,170.0,325.53164195269346,968.0391229921952,0.6105252541601658,block1:s2,gated_rule_c,mixed,1785124510.09505,1785124510.0956604,1785124510.4211981,1785124511.0637057,
block1-000777,346.68585180770606,952.1242007613182,42,572.5,345.72789806406945,951.1662470176816,0.9579537436366081,block1:s2,gated_rule_c,mixed,1785124510.3193483,1785124510.3203065,1785124510.6660404,1785124511.271479,
block1-000778,342.17117889784276,978.6990599241108,43,10.0,341.8742310022935,978.4021120285615,0.29694789554923773,block1:s2,gated_rule_c,mixed,1785124510.381349,1785124510.3816462,1785124510.7235272,1785124511.3600552,
block1-000779,322.3512376425788,1009.0739906299859,43,572.5,321.73647498711944,1008.4592279745266,0.6147626554593444,block1:s2,gated_rule_c,mixed,1785124510.9100974,1785124510.9107125,1785124511.2324567,1785124511.9191794,
block1-000780,387.3009777162224,883.1939726369455,36,287.5,385.4538040468469,881.3467989675701,1.8471736693754792,block1:s2,gated_rule_c,mixed,1785124511.2632802,1785124511.2651274,1785124511.6505876,1785124512.1464806,
block1-000781,500.2045960864052,1107.6587800635025,49,287.5,499.6388630243018,1107.093047001399,0.5657330621033907,block1:s2,gated_rule_c,mixed,1785124511.320264,1785124511.32083,1785124511.8204756,1785124512.4279299,
block1-000782,346.0876389872283,836.7213410092518,38,20.0,345.1115610077977,835.7452630298212,0.9760779794305563,block1:s2,gated_rule_c,mixed,1785124511.553856,1785124511.5548322,1785124511.899952,1785124512.3905857,
block1-000783,63.655287376604974,2869.9103423859924,136,15.0,62.570891925133765,2868.825946934521,1.0843954514712095,block1:zero_tool,gated_rule_c,mixed,1785124511.8365588,1785124511.8376436,1785124511.900223,1785124514.706478,
block1-000784,243.08468482922763,693.4435748262331,32,307.5,242.22548597026616,692.5843759672716,0.859198858961463,block1:s3,gated_rule_c,mixed,1785124511.9407413,1785124511.9416008,1785124512.1838334,1785124512.6341922,
block1-000785,259.192286292091,868.1493463227525,39,17.5,258.71017400640994,867.6672340370715,0.4821122856810689,block1:s3,gated_rule_c,mixed,1785124512.615774,1785124512.6162562,1785124512.8749735,1785124513.4839306,
block1-000786,50.25568592827767,3199.0410989383236,150,485.0,49.491174053400755,3198.2765870634466,0.7645118748769164,block1:zero_tool,gated_rule_c,mixed,1785124512.9594686,1785124512.9602332,1785124513.0097318,1785124516.1585174,
block1-000787,61.378656420856714,2677.8715254040435,128,307.5,60.674399021081626,2677.1672680042684,0.7042573997750878,block1:zero_tool,gated_rule_c,mixed,1785124513.0673282,1785124513.0680325,1785124513.128713,1785124515.7452056,
block1-000788,59.92444895673543,5377.964473911561,248,287.5,59.10222395323217,5377.142248908058,0.822225003503263,block1:zero_tool,gated_rule_c,mixed,1785124513.0687332,1785124513.0695555,1785124513.1286638,1785124518.4467037,
block1-000789,438.4682399686426,1114.840829046443,48,92.5,438.1399790290743,1114.5125681068748,0.3282609395682812,block1:s3,gated_rule_c,mixed,1785124513.3076515,1785124513.30798,1785124513.7461262,1785124514.4224985,
block1-000790,463.36387551855296,1029.2704635066912,43,160.0,462.9413109505549,1028.847898938693,0.42256456799805164,block1:s3,gated_rule_c,mixed,1785124513.5451918,1785124513.5456142,1785124514.0085618,1785124514.5744686,
block1-000791,474.572935490869,1121.4949095156044,48,60.0,474.2685159435496,1121.190489968285,0.30441954731941223,block1:s3,gated_rule_c,mixed,1785124514.212698,1785124514.2130027,1785124514.6872787,1785124515.3342009,
block1-000792,459.8535564728081,1106.8079594988376,48,20.0,458.9241039939225,1105.878507019952,0.9294524788856506,block1:s4,gated_rule_c,mixed,1785124514.265036,1785124514.2659662,1785124514.7248976,1785124515.371852,
block1-000793,405.05549730733037,1052.008671220392,48,15.0,404.7124449862167,1051.6656188992783,0.34305232111364603,block1:s4,gated_rule_c,mixed,1785124514.4140146,1785124514.4143584,1785124514.8190804,1785124515.4660337,
block1-000794,56.51313881389797,2533.2202857825905,122,412.5,55.88230397552252,2532.589450944215,0.6308348383754492,block1:zero_tool,gated_rule_c,mixed,1785124514.8036902,1785124514.8043213,1785124514.8602111,1785124517.3369184,
block1-000795,408.05937664117664,1120.266564656049,48,280.0,407.1138589642942,1119.3210469791666,0.9455176768824458,block1:s4,gated_rule_c,mixed,1785124514.9446084,1785124514.9455543,1785124515.352676,1785124516.064883,
block1-000796,492.62365663889796,1113.177644670941,48,95.0,492.51402099616826,1113.0680090282112,0.10963564272969961,block1:s4,gated_rule_c,mixed,1785124515.7409093,1785124515.7410195,1785124516.2335403,1785124516.8540943,
block1-000797,481.8597297417,1083.4879177855328,48,320.0,480.91965704225004,1082.5478450860828,0.9400726994499564,block1:s4,gated_rule_c,mixed,1785124515.8074214,1785124515.8083615,1785124516.2892869,1785124516.8909152,
block1-000798,456.8145682569593,1058.2343662390485,48,395.0,454.9859189428389,1056.4057169249281,1.8286493141204119,block1:s4,gated_rule_c,mixed,1785124515.8513849,1785124515.8532138,1785124516.3082054,1785124516.909625,
block1-000799,405.7835179846734,1039.8850429337472,49,10.0,405.5687839863822,1039.670308935456,0.21473399829119444,block1:s4,gated_rule_c,mixed,1785124516.1471612,1785124516.147376,1785124516.5529513,1785124517.1870527,
block1-000800,96.71320591587573,2850.3158249659464,125,17.5,95.9089279640466,2849.5115470141172,0.8042779518291354,block1:zero_tool,gated_rule_c,mixed,1785124516.9200318,1785124516.9208362,1785124517.0167527,1785124519.770355,
block1-000801,78.58260860666633,6856.669039581902,320,107.5,77.76302599813789,6855.849456973374,0.8195826085284352,block1:zero_tool,gated_rule_c,mixed,1785124516.940741,1785124516.9415607,1785124517.0193307,1785124523.7974172,
block1-000802,336.61391609348357,1136.1825830535963,43,25.0,336.15744404960424,1135.726111009717,0.45647204387933016,block1:s1,gated_rule_c,mixed,1785124517.310382,1785124517.3108385,1785124517.6470034,1785124518.446572,
block1-000803,443.9128275262192,1022.810468566604,36,12.5,443.40260594617575,1022.3002469865605,0.5102215800434351,block1:s1,gated_rule_c,mixed,1785124517.694271,1785124517.6947818,1785124518.1381924,1785124518.7170901,
block1-000804,441.3003111258149,1061.7430821293965,39,170.0,440.22301700897515,1060.6657880125567,1.0772941168397665,block1:s1,gated_rule_c,mixed,1785124517.851293,1785124517.8523707,1785124518.2926009,1785124518.9130437,
block1-000805,127.72266508545727,1554.9908520188183,65,60.0,127.13251099921763,1554.4006979325786,0.5901540862396359,block1:s1,gated_rule_c,mixed,1785124518.0102298,1785124518.0108202,1785124518.1379592,1785124519.5652273,
block1-000806,184.9336166633293,1626.7089487519115,69,92.5,183.56392299756408,1625.3392550861463,1.3696936657652259,block1:s1,gated_rule_c,mixed,1785124518.031627,1785124518.032997,1785124518.216567,1785124519.6583421,
block1-000807,298.9443464903161,781.7877604393288,31,15.0,298.066474031657,780.9098879806697,0.8778724586591125,block1:s1,gated_rule_c,mixed,1785124518.594819,1785124518.595697,1785124518.89377,1785124519.3766139,
block1-000808,303.2954471418634,861.1082561546937,38,145.0,303.08808700647205,860.9008960193023,0.20736013539135456,block1:s2,gated_rule_c,mixed,1785124518.7037659,1785124518.7039735,1785124519.0070693,1785124519.5648825,
block1-000809,352.046504849568,834.5306708943099,38,105.0,351.58462601248175,834.0687920572236,0.4618788370862603,block1:s2,gated_rule_c,mixed,1785124519.080139,1785124519.080601,1785124519.4321928,1785124519.914677,
block1-000810,301.15341069176793,789.256319636479,36,12.5,300.14181800652295,788.244726951234,1.0115926852449775,block1:s2,gated_rule_c,mixed,1785124519.8157208,1785124519.8167326,1785124520.1168818,1785124520.6049848,
block1-000811,54.37359947245568,10722.725528525189,526,10.0,54.01220091152936,10722.364129964262,0.36139856092631817,block1:zero_tool,gated_rule_c,mixed,1785124520.1029255,1785124520.103287,1785124520.1573067,1785124530.8256586,
block1-000812,296.97668564040214,796.0965796373785,36,297.5,296.7880080686882,795.9079020656645,0.1886775717139244,block1:s2,gated_rule_c,mixed,1785124520.1563995,1785124520.1565883,1785124520.4533832,1785124520.952503,
block1-000813,443.45870544202626,1070.2465093927458,49,12.5,441.79208506830037,1068.57988901902,1.6666203737258911,block1:s2,gated_rule_c,mixed,1785124520.8271942,1785124520.828861,1785124521.2706594,1785124521.897447,
block1-000814,68.99323523975909,3525.2230392070487,171,15.0,68.51935596205294,3524.7491599293426,0.47387927770614624,block1:zero_tool,gated_rule_c,mixed,1785124521.5240376,1785124521.5245118,1785124521.5930383,1785124525.0492685,
block1-000815,395.42674948461354,927.4337124079466,37,95.0,394.77795199491084,926.7849149182439,0.6487974897027016,block1:s2,gated_rule_c,mixed,1785124521.7406805,1785124521.7413294,1785124522.1361146,1785124522.6681216,
block1-000816,289.73084629978985,821.7760982224718,32,15.0,289.3027130048722,821.3479649275541,0.42813329491764307,block1:s3,gated_rule_c,mixed,1785124521.8087559,1785124521.8091846,1785124522.098496,1785124522.630541,
block1-000817,304.75685570854694,950.0420626718551,39,117.5,303.74503799248487,949.030244955793,1.011817716062069,block1:s3,gated_rule_c,mixed,1785124521.831422,1785124521.8324342,1785124522.1361856,1785124522.781471,
block1-000818,406.94676782004535,917.3929188400507,41,12.5,405.4016090231016,915.847760043107,1.5451587969437242,block1:s3,gated_rule_c,mixed,1785124522.2992995,1785124522.300845,1785124522.7062538,1785124523.2167003,
block1-000819,68.7443430069834,9181.265737046488,453,170.0,67.68798804841936,9180.209382087924,1.056354958564043,block1:zero_tool,gated_rule_c,mixed,1785124522.3904269,1785124522.3914833,1785124522.459179,1785124531.5717008,
block1-000820,398.58674549032,1040.976123418659,48,320.0,397.716774023138,1040.106151951477,0.8699714671820402,block1:s3,gated_rule_c,mixed,1785124522.5133,1785124522.5141702,1785124522.9118938,1785124523.5542834,
block1-000821,52.16693552210927,3256.2711784848943,164,10.0,51.7345080152154,3255.8387509780005,0.4324275068938732,block1:zero_tool,gated_rule_c,mixed,1785124522.9756846,1785124522.976117,1785124523.0278578,1785124526.231962,
block1-000822,455.7829338591546,907.8566889511421,43,322.5,454.2373570147902,906.3111121067777,1.5455768443644047,block1:s3,gated_rule_c,mixed,1785124523.434197,1785124523.435743,1785124523.8899903,1785124524.3420641,
block1-000823,53.32393350545317,2879.099424579181,144,115.0,53.1498339259997,2878.9253249997273,0.17409957945346832,block1:zero_tool,gated_rule_c,mixed,1785124523.9151204,1785124523.9152944,1785124523.9684527,1785124526.7942283,
block1-000824,399.87910352647305,1077.2918844595551,48,395.0,398.87737203389406,1076.2901529669762,1.0017314925789833,block1:s4,gated_rule_c,mixed,1785124524.6862378,1785124524.68724,1785124525.086125,1785124525.763538,
block1-000825,444.21517255250365,1046.9266874715686,48,107.5,443.33094300236553,1046.0424579214305,0.8842295501381159,block1:s4,gated_rule_c,mixed,1785124525.129341,1785124525.1302252,1785124525.5735629,1785124526.1762745,
block1-000826,406.616730382666,1006.9069024175406,48,52.5,405.41404299438,1005.7042150292546,1.2026873882859945,block1:s4,gated_rule_c,mixed,1785124525.3564475,1785124525.3576503,1785124525.7630723,1785124526.3633623,
block1-000827,446.82560360524803,1088.7682186439633,48,287.5,446.5078649809584,1088.4504800196737,0.31773862428963184,block1:s4,gated_rule_c,mixed,1785124526.669159,1785124526.6694767,1785124527.115992,1785124527.7579348,
block1-000828,78.74211901798844,2564.4317159894854,126,105.0,78.12003593426198,2563.809632905759,0.6220830837264657,block1:zero_tool,gated_rule_c,mixed,1785124526.7553108,1785124526.7559333,1785124526.8340626,1785124529.3197522,
block1-000829,428.18667681422085,1067.8590898169205,48,282.5,427.28819500189275,1066.9606080045924,0.8984818123281002,block1:s4,gated_rule_c,mixed,1785124526.9865463,1785124526.9874449,1785124527.4147408,1785124528.0544133,
block1-000830,402.7442600345239,1068.7097100308165,48,115.0,401.65162505581975,1067.6170750521123,1.0926349787041545,block1:s4,gated_rule_c,mixed,1785124527.2750044,1785124527.2760973,1785124527.6777573,1785124528.3437228,
block1-000831,434.9392604781315,1056.8584484281018,49,105.0,434.41167299170047,1056.3308609416708,0.5275874864310026,block1:s4,gated_rule_c,mixed,1785124527.7198386,1785124527.7203662,1785124528.1547854,1785124528.7767045,
block1-000832,301.7602568725124,864.8402888793498,43,15.0,301.27356003504246,864.3535920418799,0.4866968374699354,block1:s1,gated_rule_c,mixed,1785124528.041808,1785124528.0422945,1785124528.3435743,1785124528.9066544,
block1-000833,60.082086361944675,12193.247063318267,567,22.5,59.67560410499573,12192.840581061319,0.4064822569489479,block1:zero_tool,gated_rule_c,mixed,1785124528.3425875,1785124528.3429942,1785124528.4026759,1785124540.535841,
block1-000834,321.5872971341014,809.479525196366,36,177.5,319.6189529262483,807.5111809885129,1.9683442078530788,block1:s1,gated_rule_c,mixed,1785124529.2901278,1785124529.2920961,1785124529.6117227,1785124530.0996149,
block1-000835,94.18844839092344,3162.379017448984,146,117.5,93.44196796882898,3161.6325370268896,0.7464804220944643,block1:zero_tool,gated_rule_c,mixed,1785124529.9667296,1785124529.9674761,1785124530.0609267,1785124533.1291168,
block1-000836,95.78047948889434,3372.089500539005,154,412.5,94.99260294251144,3371.301623992622,0.787876546382904,block1:zero_tool,gated_rule_c,mixed,1785124530.0003316,1785124530.0011199,1785124530.0961194,1785124533.3724287,
block1-000837,64.58101293537766,6518.550133914687,302,17.5,64.12865908350796,6518.097780062817,0.45235385186970234,block1:zero_tool,gated_rule_c,mixed,1785124530.0346103,1785124530.0350628,1785124530.0991979,1785124536.553167,
block1-000838,274.9892361462116,954.2102292180061,39,15.0,274.3591039907187,953.5800970625132,0.6301321554929018,block1:s1,gated_rule_c,mixed,1785124530.1847131,1785124530.1853435,1785124530.4597094,1785124531.13893,
block1-000839,251.06995762325823,734.8035796312615,31,17.5,250.93780702445656,734.6714290324599,0.13215059880167246,block1:s1,gated_rule_c,mixed,1785124530.5929296,1785124530.5930617,1785124530.8440063,1785124531.3277402,
block1-000840,362.0108999311924,812.6423259964213,38,17.5,360.00957794021815,810.641004005447,2.0013219909742475,block1:s2,gated_rule_c,mixed,1785124530.8708127,1785124530.8728142,1785124531.232831,1785124531.6834624,
block1-000841,112.85144416615367,1515.3060872107744,67,320.0,112.3729789396748,1514.8276219842955,0.4784652264788747,block1:s2,gated_rule_c,mixed,1785124531.767489,1785124531.7679675,1785124531.8803482,1785124533.2828033,
block1-000842,339.6957165095955,804.2209794512019,36,412.5,337.61819906067103,802.1434620022774,2.077517448924482,block1:s2,gated_rule_c,mixed,1785124531.888511,1785124531.8905888,1785124532.2282145,1785124532.6927395,
block1-000843,322.67741404939443,935.0990070961416,43,105.0,321.49303902406245,933.9146320708096,1.184375025331974,block1:s2,gated_rule_c,mixed,1785124532.1175628,1785124532.1187475,1785124532.4402475,1785124533.0526693,
block1-000844,71.74280844628811,3220.9907294018194,151,282.5,71.22906809672713,3220.4769890522584,0.513740349560976,block1:zero_tool,gated_rule_c,mixed,1785124532.349588,1785124532.3501017,1785124532.4213407,1785124535.5705884,
block1-000845,71.66029163636267,3122.8693786542863,146,22.5,70.76627004425973,3121.9753570621833,0.8940215921029449,block1:zero_tool,gated_rule_c,mixed,1785124532.4665864,1785124532.4674807,1785124532.5382538,1785124535.589463,
block1-000846,347.8534846799448,1033.666429691948,44,15.0,347.6066580042243,1033.4196030162275,0.24682667572051287,block1:s2,gated_rule_c,mixed,1785124532.723214,1785124532.7234612,1785124533.0710757,1785124533.7568886,
block1-000847,364.67385734431446,858.8570493739098,37,155.0,363.60143800266087,857.7846300322562,1.0724193416535854,block1:s2,gated_rule_c,mixed,1785124533.1059706,1785124533.1070433,1785124533.4706523,1785124533.9648356,
block1-000848,249.2371890693903,800.1240950543433,35,20.0,248.96593403536826,799.8528400203213,0.2712550340220332,block1:s3,gated_rule_c,mixed,1785124533.2402194,1785124533.2404907,1785124533.4894645,1785124534.0403514,
block1-000849,59.13810071069747,2735.0639587966725,128,52.5,57.988658896647394,2733.9145169826224,1.1494418140500784,block1:zero_tool,gated_rule_c,mixed,1785124533.373493,1785124533.3746426,1785124533.432639,1785124536.1085653,
block1-000850,401.1646592989564,1000.4998953081667,48,70.0,400.651782983914,999.9870189931244,0.5128763150423765,block1:s3,gated_rule_c,mixed,1785124533.6009448,1785124533.6014578,1785124534.002118,1785124534.6014533,
block1-000851,281.32177935913205,1032.1931754006073,41,412.5,281.010175938718,1031.8815719801933,0.31160342041403055,block1:s3,gated_rule_c,mixed,1785124534.7687426,1785124534.7690542,1785124535.050071,1785124535.8009427,
block1-000852,99.8360977973789,3125.078757875599,136,135.0,99.34501198586076,3124.587672064081,0.4910858115181327,block1:zero_tool,gated_rule_c,mixed,1785124534.8021839,1785124534.8026752,1785124534.9020274,1785124537.9272697,
block1-000853,60.92545413412154,3504.7651671338826,151,15.0,60.554131981916726,3504.393844981678,0.3713221522048116,block1:zero_tool,gated_rule_c,mixed,1785124534.9953449,1785124534.9957163,1785124535.0562773,1785124538.500117,
block1-000854,584.3096679309383,1084.565803874284,43,107.5,582.6083780266345,1082.8645139699802,1.7012899043038487,block1:s3,gated_rule_c,mixed,1785124535.2351477,1785124535.236849,1785124535.819465,1785124536.3197212,
block1-000855,401.3160429894924,1094.1332399379462,43,15.0,400.30025597661734,1093.1174529250711,1.01578701287508,block1:s3,gated_rule_c,mixed,1785124535.245589,1785124535.2466052,1785124535.646911,1785124536.3397284,
block1-000856,441.83268502820283,1175.8081649895757,48,117.5,440.97318896092474,1174.9486689222977,0.8594960672780871,block1:s4,gated_rule_c,mixed,1785124535.3775885,1785124535.378448,1785124535.8194284,1785124536.5534036,
block1-000857,446.93635893054307,1177.5542688556015,48,17.5,445.9310640813783,1176.5489740064368,1.005294849164784,block1:s4,gated_rule_c,mixed,1785124535.6799471,1785124535.6809523,1785124536.1268902,1785124536.8575082,
block1-000858,443.2480111718178,1133.879336179234,48,115.0,443.0767339654267,1133.708058972843,0.17127720639109612,block1:s4,gated_rule_c,mixed,1785124535.99034,1785124535.9905117,1785124536.4335961,1785124537.1242275,
block1-000859,482.5067793717608,1089.5505542866886,48,70.0,480.7038870640099,1087.7476619789377,1.8028923077508807,block1:s4,gated_rule_c,mixed,1785124536.31679,1785124536.3185935,1785124536.7993062,1785124537.40635,
block1-000860,68.6305136187002,3939.947270671837,174,105.0,68.32862796727568,3939.6453850204125,0.30188565142452717,block1:zero_tool,gated_rule_c,mixed,1785124536.4103513,1785124536.410653,1785124536.4789886,1785124540.3503053,
block1-000861,437.04485637135804,1072.814532322809,48,15.0,436.5259340265766,1072.2956099780276,0.5189223447814584,block1:s4,gated_rule_c,mixed,1785124536.439205,1785124536.439724,1785124536.8762567,1785124537.5120265,
block1-000862,406.36259166058153,1153.001153608784,48,10.0,405.5358599871397,1152.1744219353423,0.8267316734418273,block1:s4,gated_rule_c,mixed,1785124536.6408134,1785124536.6416402,1785124537.0471823,1785124537.7938209,
block1-000863,93.39252044446766,3226.9472404150292,139,75.0,92.46571303810924,3226.020433008671,0.9268074063584208,block1:zero_tool,gated_rule_c,mixed,1785124537.4021122,1785124537.403039,1785124537.4955125,1785124540.6290672,
block1-000864,421.81608628015965,1130.2962471963838,43,172.5,421.33407201617956,1129.8142329324037,0.4820142639800906,block1:s1,gated_rule_c,mixed,1785124537.4285693,1785124537.4290514,1785124537.8503933,1785124538.5588737,
block1-000865,179.6511021675542,1745.9612111561,71,107.5,179.13453408982605,1745.4446430783719,0.5165680777281523,block1:s1,gated_rule_c,mixed,1785124537.4991546,1785124537.4996715,1785124537.678814,1785124539.245124,
block1-000866,343.93319638911635,1052.4361373391002,40,100.0,343.1256039766595,1051.6285449266434,0.8075924124568701,block1:s1,gated_rule_c,mixed,1785124537.5066555,1785124537.5074632,1785124537.8505962,1785124538.559099,
block1-000867,464.3837925978005,1130.4756766185164,45,70.0,464.1833190107718,1130.2752030314878,0.20047358702868223,block1:s1,gated_rule_c,mixed,1785124538.016089,1785124538.0162895,1785124538.480481,1785124539.1465728,
block1-000868,69.60887007880956,3745.26447604876,166,20.0,68.1766381021589,3743.8322440721095,1.4322319766506553,block1:zero_tool,gated_rule_c,mixed,1785124538.2085345,1785124538.209967,1785124538.2781508,1785124541.9538066,
block1-000869,73.53881956078112,6412.596405600198,299,297.5,72.75491394102573,6411.812499980442,0.7839056197553873,block1:zero_tool,gated_rule_c,mixed,1785124538.2659483,1785124538.2667325,1785124538.3394964,1785124544.6785538,
block1-000870,68.26906593050808,3778.161755995825,167,95.0,67.23603093996644,3777.1287210052833,1.033034990541637,block1:zero_tool,gated_rule_c,mixed,1785124538.2714713,1785124538.2725046,1785124538.339748,1785124542.0496407,
block1-000871,315.7639877172187,866.6145387105644,35,70.0,314.4724640296772,865.3230150230229,1.2915236875414848,block1:s1,gated_rule_c,mixed,1785124538.3575683,1785124538.35886,1785124538.67334,1785124539.2241907,
block1-000872,277.9083570931107,899.4549690978602,34,20.0,276.8766609951854,898.4232729999349,1.0316960979253054,block1:s2,gated_rule_c,mixed,1785124538.694717,1785124538.6957488,1785124538.9726336,1785124539.59418,
block1-000873,55.33606617245823,4682.012124219909,217,115.0,54.75622997619212,4681.432288023643,0.5798361962661147,block1:zero_tool,gated_rule_c,mixed,1785124538.9591,1785124538.9596803,1785124539.0144465,1785124543.641123,
block1-000874,348.32913090940565,899.9030509730801,36,20.0,347.97213098499924,899.5460510486737,0.35699992440640926,block1:s2,gated_rule_c,mixed,1785124539.025289,1785124539.0256464,1785124539.3736277,1785124539.9252017,
block1-000875,102.28916036430746,1528.184000402689,69,155.0,101.62850492633879,1527.5233449647203,0.6606554379686713,block1:s2,gated_rule_c,mixed,1785124539.232262,1785124539.2329226,1785124539.3345582,1785124540.7604537,
block1-000876,357.41781955584884,823.5234245657921,36,107.5,356.85177298728377,822.957377997227,0.5660465685650706,block1:s2,gated_rule_c,mixed,1785124539.3917885,1785124539.3923545,1785124539.7492135,1785124540.2153194,
block1-000877,358.93028951250017,938.3975535165519,44,20.0,357.93529998045415,937.4025639845058,0.99498953204602,block1:s2,gated_rule_c,mixed,1785124539.4683535,1785124539.469349,1785124539.8272932,1785124540.4067605,
block1-000878,340.6891555059701,791.7683774139732,38,115.0,339.4673680886626,790.5465899966657,1.221787417307496,block1:s2,gated_rule_c,mixed,1785124540.437978,1785124540.4392,1785124540.7786756,1785124541.2297547,
block1-000879,63.631959492340684,3344.6649744873866,155,105.0,62.82569596078247,3343.8587109558284,0.8062635315582156,block1:zero_tool,gated_rule_c,mixed,1785124541.0349357,1785124541.0357423,1785124541.0985756,1785124544.3796086,
block1-000880,334.9997774930671,912.1806204784662,32,10.0,334.2532250098884,911.4340679952875,0.7465524831786752,block1:s3,gated_rule_c,mixed,1785124541.2921174,1785124541.292864,1785124541.6271253,1785124542.204306,
block1-000881,352.0258611533791,1045.0357461813837,39,95.0,351.04303201660514,1044.0529170446098,0.9828291367739439,block1:s3,gated_rule_c,mixed,1785124541.3133101,1785124541.314293,1785124541.6653414,1785124542.3583515,
block1-000882,413.46482664812356,1005.7649426162243,41,545.0,413.2023199927062,1005.5024359608069,0.2625066554173827,block1:s3,gated_rule_c,mixed,1785124541.4291468,1785124541.4294095,1785124541.8426218,1785124542.4349217,
block1-000883,96.828862442635,3767.687845393084,182,25.0,96.63842106238008,3767.497404012829,0.1904413802549243,block1:zero_tool,gated_rule_c,mixed,1785124541.4724422,1785124541.472633,1785124541.5692809,1785124545.2401395,
block1-000884,386.8755749426782,963.886018958874,41,140.0,386.21963397599757,963.2300779921934,0.6559409666806459,block1:s3,gated_rule_c,mixed,1785124541.7203863,1785124541.7210424,1785124542.1072714,1785124542.6842816,
block1-000885,446.8367611989379,1020.6531041767448,46,70.0,446.1087789386511,1019.925121916458,0.727982260286808,block1:s3,gated_rule_c,mixed,1785124541.7957006,1785124541.7964284,1785124542.2425442,1785124542.8163605,
block1-000886,500.5668088560924,959.199778852053,43,10.0,499.5076539926231,958.1406239885837,1.0591548634693027,block1:s3,gated_rule_c,mixed,1785124541.8377068,1785124541.8387668,1785124542.3382847,1785124542.7969177,
block1-000887,69.31226141750813,3360.3723633568734,165,22.5,68.91786702908576,3359.977968968451,0.39439438842236996,block1:zero_tool,gated_rule_c,mixed,1785124542.4065616,1785124542.406956,1785124542.475882,1785124545.766942,
block1-000888,59.98142692260444,3264.575508888811,157,10.0,59.61312598083168,3264.207207947038,0.36830094177275896,block1:zero_tool,gated_rule_c,mixed,1785124542.8516152,1785124542.8519835,1785124542.911603,1785124546.1161969,
block1-000889,447.9635279858485,1097.050829906948,48,115.0,446.4440190931782,1095.5313210142776,1.5195088926702738,block1:s4,gated_rule_c,mixed,1785124542.9429789,1785124542.944499,1785124543.39095,1785124544.0400376,
block1-000890,434.49545570183545,1083.5992275970057,48,160.0,433.37324901949614,1082.4770209146664,1.1222066823393106,block1:s4,gated_rule_c,mixed,1785124542.9754035,1785124542.976526,1785124543.4099064,1785124544.0590103,
block1-000891,121.84420460835099,3213.88685668353,155,155.0,120.24503794964403,3212.287690024823,1.599166658706963,block1:zero_tool,gated_rule_c,mixed,1785124543.0193493,1785124543.0209486,1785124543.1412013,1785124546.2332435,
block1-000892,411.8539970368147,1010.5519260978326,48,17.5,411.1981278983876,1009.8960569594055,0.6558691384270787,block1:s4,gated_rule_c,mixed,1785124543.8352306,1785124543.835887,1785124544.2470934,1785124544.8457913,
block1-000893,100.40171362925321,2953.322365647182,140,70.0,100.20403994712979,2953.1246919650584,0.19767368212342262,block1:zero_tool,gated_rule_c,mixed,1785124545.3811781,1785124545.381376,1785124545.4815876,1785124548.3345087,
block1-000894,439.7970852442086,1161.324756219983,48,17.5,438.83263505995274,1160.3603060357273,0.9644501842558384,block1:s4,gated_rule_c,mixed,1785124545.383018,1785124545.3839831,1785124545.8228242,1785124546.5443518,
block1-000895,439.4821823807433,1129.1138123488054,48,15.0,438.3566550677642,1127.9882850358263,1.1255273129791021,block1:s4,gated_rule_c,mixed,1785124545.5284371,1785124545.529563,1785124545.9679265,1785124546.6575582,
block1-000896,100.23103619460016,2418.6895492020994,117,15.0,98.48412591964006,2416.9426389271393,1.7469102749601007,block1:zero_tool,gated_rule_c,mixed,1785124545.8677816,1785124545.8695288,1785124545.9680202,1785124548.2864788,
block1-000897,96.67027881368995,15493.09876083862,699,350.0,95.79043404664844,15492.218916071579,0.8798447670415044,block1:zero_tool,gated_rule_c,mixed,1785124545.9200797,1785124545.9209597,1785124546.0167577,1785124561.4131863,
block1-000898,281.3598712673411,894.8012972250581,40,105.0,280.2869640290737,893.7283899867907,1.0729072382673621,block1:s1,gated_rule_c,mixed,1785124545.9320424,1785124545.9331155,1785124546.213409,1785124546.8268504,
block1-000899,63.94644686952233,8929.166548885405,408,60.0,63.01927496679127,8928.239376982674,0.927171902731061,block1:zero_tool,gated_rule_c,mixed,1785124546.1121025,1785124546.11303,1785124546.176057,1785124555.0412772,
block1-000900,314.3737541977316,819.1765351220965,39,17.5,313.57842206489295,818.3812029892579,0.7953321328386664,block1:s1,gated_rule_c,mixed,1785124546.3240676,1785124546.324863,1785124546.6384494,1785124547.1432521,
block1-000901,125.72551565244794,1371.5245316270739,61,280.0,124.65458596125245,1370.4536019358784,1.070929691195488,block1:s1,gated_rule_c,mixed,1785124547.2849588,1785124547.28603,1785124547.4106932,1785124548.656492,
block1-000902,129.96899930294603,1681.4982963260263,69,145.0,129.21170191839337,1680.7409989414737,0.7572973845526576,block1:s1,gated_rule_c,mixed,1785124548.2548637,1785124548.2556214,1785124548.3848417,1785124549.9363708,
block1-000903,264.1001620795578,811.3886441569775,31,20.0,263.8650860171765,811.1535680945963,0.23507606238126755,block1:s1,gated_rule_c,mixed,1785124548.3928263,1785124548.3930616,1785124548.6569328,1785124549.2042215,
block1-000904,112.16043459717184,2821.0167966317385,122,177.5,111.76949494984001,2820.6258569844067,0.39093964733183384,block1:zero_tool,gated_rule_c,mixed,1785124548.431358,1785124548.431749,1785124548.5435252,1785124551.2523813,
block1-000905,375.5593025125563,1031.5510504879057,42,17.5,374.89783402998,1030.8895820053294,0.6614684825763106,block1:s2,gated_rule_c,mixed,1785124548.7706058,1785124548.7712674,1785124549.1461728,1785124549.8021646,
block1-000906,352.3512788815424,893.6283608200029,37,105.0,350.47774901613593,891.7548309545964,1.8735298654064536,block1:s2,gated_rule_c,mixed,1785124548.8515587,1785124548.8534324,1785124549.2039163,1785124549.7451935,
block1-000907,330.7996953371912,1056.57436826732,43,85.0,330.1930520683527,1055.9677249984816,0.6066432688385248,block1:s2,gated_rule_c,mixed,1785124549.0055656,1785124549.0061727,1785124549.336375,1785124550.06215,
block1-000908,345.0414505787194,869.9919425416738,36,145.0,344.5429280400276,869.493420002982,0.4985225386917591,block1:s2,gated_rule_c,mixed,1785124549.3420427,1785124549.3425415,1785124549.6870925,1785124550.212043,
block1-000909,352.85386187024415,989.0470118261874,44,282.5,352.6500529842451,988.8432029401883,0.20380888599902391,block1:s2,gated_rule_c,mixed,1785124549.5051143,1785124549.5053184,1785124549.857976,1785124550.4941692,
block1-000910,367.782004061155,975.9044810198247,44,15.0,367.11495905183256,975.2374360105023,0.6670450093224645,block1:s2,gated_rule_c,mixed,1785124549.9191887,1785124549.9198558,1785124550.2869778,1785124550.8951,
block1-000911,367.44325945619494,859.3120743753389,37,395.0,366.41665105707943,858.2854659762233,1.0266083991155028,block1:s2,gated_rule_c,mixed,1785124549.9193094,1785124549.9203362,1785124550.286758,1785124550.7786264,
block1-000912,60.531055787578225,3245.6898228265345,142,155.0,60.32059493009001,3245.4793619690463,0.21046085748821497,block1:zero_tool,gated_rule_c,mixed,1785124550.5493422,1785124550.549553,1785124550.6098802,1785124553.7950392,
block1-000913,259.6017619362101,999.6745330281556,39,287.5,258.00340599380434,998.0761770857498,1.5983559424057603,block1:s3,gated_rule_c,mixed,1785124550.5933723,1785124550.594971,1785124550.8529818,1785124551.5930545,
block1-000914,434.884789516218,936.6181246004999,38,172.5,434.5801220042631,936.313457088545,0.3046675119549036,block1:s3,gated_rule_c,mixed,1785124550.8548791,1785124550.8551838,1785124551.2897692,1785124551.7915025,
block1-000915,485.700948163867,1139.4346751039848,48,17.5,485.0347660249099,1138.7684929650277,0.6661821389570832,block1:s3,gated_rule_c,mixed,1785124550.861084,1785124550.8617504,1785124551.3467915,1785124552.000525,
block1-000916,439.218201325275,1088.6512813158333,48,20.0,438.7154299765825,1088.1485099671409,0.5027713486924767,block1:s3,gated_rule_c,mixed,1785124550.9496434,1785124550.9501462,1785124551.3888676,1785124552.0383008,
block1-000917,127.22053518518806,2823.0572501197457,124,412.5,126.64984003640711,2822.486554970965,0.570695148780942,block1:zero_tool,gated_rule_c,mixed,1785124550.971649,1785124550.97222,1785124551.098877,1785124553.7947135,
block1-000918,419.48230820707977,1022.2832033177838,48,12.5,419.2301189759746,1022.0310140866786,0.2521892311051488,block1:s3,gated_rule_c,mixed,1785124551.3527858,1785124551.3530383,1785124551.7722764,1785124552.3750775,
block1-000919,68.49017017520964,3158.5223962320015,144,280.0,67.76535196695477,3157.7975780237466,0.7248182082548738,block1:zero_tool,gated_rule_c,mixed,1785124551.53047,1785124551.531195,1785124551.598969,1785124554.6890016,
block1-000920,558.597971801646,1297.6375797297806,48,47.5,557.4958641082048,1296.5354720363393,1.1021076934412122,block1:s4,gated_rule_c,mixed,1785124552.477411,1785124552.4785135,1785124553.036017,1785124553.7750566,
block1-000921,520.3637634404004,1258.952881442383,48,307.5,518.7527849338949,1257.3419029358774,1.6109785065054893,block1:s4,gated_rule_c,mixed,1785124552.5741813,1785124552.5757926,1785124553.0945523,1785124553.8331416,
block1-000922,526.3145043281838,1264.6108733024448,48,10.0,525.5675140069798,1263.8638829812407,0.7469903212040663,block1:s4,gated_rule_c,mixed,1785124552.5877032,1785124552.5884502,1785124553.1140246,1785124553.852321,
block1-000923,453.5414142301306,1186.3188411807641,48,187.5,452.72044802550226,1185.4978749761358,0.8209662046283484,block1:s4,gated_rule_c,mixed,1785124552.7612078,1785124552.7620292,1785124553.2147574,1785124553.9475348,
block1-000924,473.15384401008487,1166.7273209895939,48,17.5,472.25022804923356,1165.8237050287426,0.9036159608513117,block1:s4,gated_rule_c,mixed,1785124552.8922148,1785124552.8931184,1785124553.3653765,1785124554.0589497,
block1-000925,458.6978363804519,1111.395369283855,48,132.5,458.24345108121634,1110.9409839846194,0.45438529923558235,block1:s4,gated_rule_c,mixed,1785124553.1603065,1785124553.1607609,1785124553.6190116,1785124554.271709,
block1-000926,434.71934041008353,1095.8270684350282,48,15.0,434.40948391798884,1095.5172119429335,0.30985649209469557,block1:s4,gated_rule_c,mixed,1785124553.2820342,1785124553.2823443,1785124553.7167614,1785124554.3778691,
block1-000927,425.4729107487947,1074.6188357006758,48,485.0,424.54356502275914,1073.6894899746403,0.9293457260355353,block1:s4,gated_rule_c,mixed,1785124553.6332142,1785124553.6341438,1785124554.0586965,1785124554.7078426,
block1-000928,57.655431679449975,3252.30701174587,148,15.0,57.52413300797343,3252.1757130743936,0.13129867147654295,block1:zero_tool,gated_rule_c,mixed,1785124554.0066822,1785124554.0068138,1785124554.0643442,1785124557.2589955,
block1-000929,341.9424594612792,947.8452174225822,37,282.5,341.1088620778173,947.0116200391203,0.8335973834618926,block1:s1,gated_rule_c,mixed,1785124554.309318,1785124554.310152,1785124554.651268,1785124555.257171,
block1-000930,338.66512740496546,1012.9484863718972,40,15.0,338.32086995244026,1012.604228919372,0.34425745252519846,block1:s1,gated_rule_c,mixed,1785124554.7395203,1785124554.7398646,1785124555.0781922,1785124555.7524757,
block1-000931,388.7492190115154,1014.5270570646971,43,15.0,388.35310691501945,1014.1309449682012,0.3961120964959264,block1:s1,gated_rule_c,mixed,1785124554.8684993,1785124554.8688955,1785124555.2572563,1785124555.8830345,
block1-000932,311.071919859387,936.298118904233,42,100.0,309.95817901566625,935.1843780605122,1.1137408437207341,block1:s1,gated_rule_c,mixed,1785124555.1139913,1785124555.115105,1785124555.42507,1785124556.050296,
block1-000933,126.65757688228041,1313.450752873905,61,12.5,126.03618297725916,1312.8293589688838,0.6213939050212502,block1:s1,gated_rule_c,mixed,1785124555.415127,1785124555.4157486,1785124555.541792,1785124556.7285855,
block1-000934,70.87981759104878,4686.085323570296,209,170.0,68.95883800461888,4684.164343983866,1.920979586429894,block1:zero_tool,gated_rule_c,mixed,1785124555.624791,1785124555.626712,1785124555.6956794,1785124560.3108852,
block1-000935,119.9527473654598,1303.347755339928,59,350.0,119.56976307556033,1302.9647710500285,0.3829842898994684,block1:s1,gated_rule_c,mixed,1785124556.08654,1785124556.0869234,1785124556.2064996,1785124557.3898945,
block1-000936,399.3988564470783,1080.7863065274432,44,60.0,398.97484600078315,1080.362296081148,0.4240104462951422,block1:s2,gated_rule_c,mixed,1785124556.7648582,1785124556.7652824,1785124557.1642635,1785124557.845651,
block1-000937,308.95756371319294,923.7797086825594,40,322.5,308.4227330982685,923.244878067635,0.5348306149244308,block1:s2,gated_rule_c,mixed,1785124556.798775,1785124556.7993097,1785124557.107739,1785124557.7225611,
block1-000938,57.778908871114254,3745.358705869876,165,17.5,57.34541395213455,3744.925210950896,0.4334949189797044,block1:zero_tool,gated_rule_c,mixed,1785124556.9933136,1785124556.9937472,1785124557.0510993,1785124560.738679,
block1-000939,366.36339500546455,1092.0295100659132,43,107.5,365.6866579549387,1091.3527730153874,0.6767370505258441,block1:s2,gated_rule_c,mixed,1785124557.404492,1785124557.405169,1785124557.7708611,1785124558.4965274,
block1-000940,357.39924130029976,1130.9935202589259,42,282.5,356.50161607190967,1130.0958950305358,0.8976252283900976,block1:s2,gated_rule_c,mixed,1785124557.6585212,1785124557.659419,1785124558.015929,1785124558.7895234,
block1-000941,516.6816484415904,1298.8860805053264,49,107.5,516.1794469458982,1298.3838790096343,0.5022014956921339,block1:s2,gated_rule_c,mixed,1785124557.689224,1785124557.6897264,1785124558.2059138,1785124558.9881182,
block1-000942,95.45642673037946,7492.243732674979,346,280.0,94.68974999617785,7491.477055940777,0.7666767342016101,block1:zero_tool,gated_rule_c,mixed,1785124558.0090256,1785124558.0097926,1785124558.1044896,1785124565.5012767,
block1-000943,351.8894938752055,1013.0185568705201,37,12.5,351.23033297713846,1012.3593959724531,0.6591608980670571,block1:s2,gated_rule_c,mixed,1785124558.0488489,1785124558.0495083,1785124558.4007485,1785124559.0618775,
block1-000944,540.4928197385743,1258.3702396368608,48,172.5,539.8105450440198,1257.6879649423063,0.6822746945545077,block1:s3,gated_rule_c,mixed,1785124558.22802,1785124558.2287025,1785124558.768521,1785124559.4863985,
block1-000945,541.416440391913,1225.0937153585255,48,15.0,540.7510020304471,1224.4282769970596,0.6654383614659309,block1:s3,gated_rule_c,mixed,1785124558.3634872,1785124558.364153,1785124558.9049115,1785124559.588589,
block1-000946,487.5238558743149,1057.6387589098886,41,15.0,486.0972899477929,1056.2121929833665,1.4265659265220165,block1:s3,gated_rule_c,mixed,1785124558.4095488,1785124558.4109755,1785124558.897081,1785124559.467196,
block1-000947,111.72814900055528,3066.2699589738622,131,115.0,110.77152006328106,3065.313330036588,0.9566289372742176,block1:zero_tool,gated_rule_c,mixed,1785124558.4636648,1785124558.4646215,1785124558.5753996,1785124561.5299416,
block1-000948,458.80843873601407,1176.251930766739,48,217.5,457.8872360289097,1175.3307280596346,0.9212027071043849,block1:s3,gated_rule_c,mixed,1785124558.5290692,1785124558.5299904,1785124558.9878843,1785124559.7053282,
block1-000949,398.9801325369626,1043.2491985848173,43,17.5,398.40634900610894,1042.6754150539637,0.5737835308536887,block1:s3,gated_rule_c,mixed,1785124558.7405772,1785124558.7411513,1785124559.139565,1785124559.7838345,
block1-000950,60.883637284860015,3841.562672285363,171,170.0,59.82473609037697,3840.50377109088,1.0589011944830418,block1:zero_tool,gated_rule_c,mixed,1785124558.8439238,1785124558.8449829,1785124558.9048152,1785124562.6854942,
block1-000951,431.6248712129891,1144.2447882145643,48,20.0,430.515370098874,1143.1352871004492,1.109501114115119,block1:s3,gated_rule_c,mixed,1785124558.9316614,1785124558.932771,1785124559.3632941,1785124560.0759144,
block1-000952,57.67037358600646,3462.596789584495,154,412.5,56.96382594760507,3461.8902419460937,0.7065476384013891,block1:zero_tool,gated_rule_c,mixed,1785124559.2037072,1785124559.204414,1785124559.2613854,1785124562.6663117,
block1-000953,66.53976475354284,3371.2859468068928,149,117.5,66.18082791101187,3370.927009964362,0.3589368425309658,block1:zero_tool,gated_rule_c,mixed,1785124559.2571883,1785124559.2575476,1785124559.3237352,1785124562.6284814,
block1-000954,73.57634510844946,2999.215168179944,130,60.0,73.24668497312814,2998.885508044623,0.3296601353213191,block1:zero_tool,gated_rule_c,mixed,1785124559.393489,1785124559.3938186,1785124559.4670725,1785124562.3927114,
block1-000955,80.64849604852498,3563.4545650100335,157,95.0,79.27824696525931,3562.084315926768,1.3702490832656622,block1:zero_tool,gated_rule_c,mixed,1785124559.4484568,1785124559.449827,1785124559.5291123,1785124563.011918,
block1-000956,462.2144417371601,1126.4291277620941,48,545.0,461.34518599137664,1125.5598720163107,0.8692557457834482,block1:s4,gated_rule_c,mixed,1785124559.5734167,1785124559.5742862,1785124560.0356405,1785124560.6998553,
block1-000957,423.2824844075367,1083.7563424138352,48,110.0,422.3909958964214,1082.86485390272,0.8914885111153126,block1:s4,gated_rule_c,mixed,1785124559.8869195,1785124559.8878114,1785124560.31021,1785124560.9706838,
block1-000958,415.8046544762328,1238.1045575020835,48,287.5,414.98706000857055,1237.2869630344212,0.8175944676622748,block1:s4,gated_rule_c,mixed,1785124560.4188068,1785124560.4196248,1785124560.834619,1785124561.656919,
block1-000959,548.9003316033632,1294.8380386224017,48,85.0,548.0564530007541,1293.9941600197926,0.8438786026090384,block1:s4,gated_rule_c,mixed,1785124561.0390356,1785124561.0398793,1785124561.5879428,1785124562.333881,
block1-000960,455.7374296709895,1162.0974675752223,43,357.5,454.84341809060425,1161.203455994837,0.8940115803852677,block1:s1,gated_rule_c,mixed,1785124561.1129417,1785124561.1138358,1785124561.5686872,1785124562.2750475,
block1-000961,139.96887835673988,1573.5825423616916,66,60.0,138.90247500967234,1572.516139014624,1.066403347067535,block1:s1,gated_rule_c,mixed,1785124561.1677454,1785124561.168812,1785124561.3077223,1785124562.7413356,
block1-000962,420.63992167823017,1065.404498600401,44,22.5,419.5270760683343,1064.291652990505,1.112845609895885,block1:s1,gated_rule_c,mixed,1785124561.2878141,1785124561.2889273,1785124561.7084613,1785124562.3532257,
block1-000963,470.09034641087055,1065.5797343933955,46,152.5,469.34101392980665,1064.8304019123316,0.7493324810639024,block1:s1,gated_rule_c,mixed,1785124561.5820906,1785124561.58284,1785124562.0521884,1785124562.6476777,
block1-000964,334.6643368713558,870.3264188952744,39,10.0,333.5472790058702,869.2093610297889,1.117057865485549,block1:s1,gated_rule_c,mixed,1785124561.7776113,1785124561.7787285,1785124562.1122844,1785124562.6479466,
block1-000965,60.645397868938744,4042.0074408175424,203,17.5,60.284395003691316,4041.646437952295,0.3610028652474284,block1:zero_tool,gated_rule_c,mixed,1785124561.9523215,1785124561.9526827,1785124562.0129755,1785124565.9943376,
block1-000966,58.89703508000821,10368.621860048734,498,15.0,57.97703308053315,10367.701858049259,0.9200019994750619,block1:zero_tool,gated_rule_c,mixed,1785124562.0959942,1785124562.0969145,1785124562.1548986,1785124572.4646235,
block1-000967,60.51380396820605,2897.949393023737,146,22.5,59.94907603599131,2897.384665091522,0.5647279322147369,block1:zero_tool,gated_rule_c,mixed,1785124562.528766,1785124562.5293307,1785124562.5892882,1785124565.4267242,
block1-000968,268.0123613681644,776.7227563308552,37,145.0,267.86668098066,776.5770759433508,0.14568038750439882,block1:s2,gated_rule_c,mixed,1785124562.8365803,1785124562.8367262,1785124563.1046007,1785124563.613311,
block1-000969,58.88193438295275,2209.490893292241,112,287.5,57.77191405650228,2208.3808729657903,1.110020326450467,block1:zero_tool,gated_rule_c,mixed,1785124563.217363,1785124563.2184734,1785124563.2762527,1785124565.4268615,
block1-000970,60.78789138700813,8190.438332385384,393,12.5,58.76110098324716,8188.411541981623,2.0267904037609696,block1:zero_tool,gated_rule_c,mixed,1785124563.610516,1785124563.6125438,1785124563.671316,1785124571.8009667,
block1-000971,64.80156176257879,2523.170663858764,126,17.5,64.42645296920091,2522.795555065386,0.3751087933778763,block1:zero_tool,gated_rule_c,mixed,1785124563.778217,1785124563.7785926,1785124563.843026,1785124566.301395,
block1-000972,70.92767767608166,2887.9979486810043,141,217.5,68.88456991873682,2885.9548409236595,2.043107757344842,block1:zero_tool,gated_rule_c,mixed,1785124564.4333055,1785124564.4353487,1785124564.504241,1785124567.3213112,
block1-000973,58.868318679742515,2893.441836698912,142,187.5,58.68522101081908,2893.2587390299886,0.1830976689234376,block1:zero_tool,gated_rule_c,mixed,1785124564.6006668,1785124564.6008499,1785124564.6595418,1785124567.494115,
block1-000974,338.1576339015737,830.3625909611583,38,140.0,337.7937889890745,829.9987460486591,0.3638449124991894,block1:s2,gated_rule_c,mixed,1785124565.0284493,1785124565.0288134,1785124565.3666143,1785124565.858819,
block1-000975,203.8579402724281,777.5049302726984,37,117.5,202.71025109104812,776.3572410913184,1.1476891813799739,block1:s2,gated_rule_c,mixed,1785124565.6548615,1785124565.6560094,1785124565.8587277,1785124566.4323747,
block1-000976,53.876171936281025,2507.1656978689134,125,25.0,53.67456702515483,2506.964092957787,0.20160491112619638,block1:zero_tool,gated_rule_c,mixed,1785124565.8453095,1785124565.8455112,1785124565.8991935,1785124568.3524833,
block1-000977,58.18000447470695,2559.715924435295,126,60.0,57.576094986870885,2559.112014947459,0.6039094878360629,block1:zero_tool,gated_rule_c,mixed,1785124565.9960492,1785124565.9966533,1785124566.0542364,1785124568.555772,
block1-000978,397.3569052759558,947.7576472563669,41,217.5,396.500870003365,946.9016119837761,0.856035272590816,block1:s3,gated_rule_c,mixed,1785124566.6185062,1785124566.6193624,1785124567.01587,1785124567.566271,
block1-000979,289.4353901501745,933.6121962405741,41,287.5,288.44853898044676,932.6253450708464,0.9868511697277427,block1:s3,gated_rule_c,mixed,1785124566.6692455,1785124566.6702325,1785124566.9586885,1785124567.6028652,
block1-000980,401.39903128147125,1038.6592493159696,48,60.0,401.19209594558924,1038.4523139800876,0.20693533588200808,block1:s3,gated_rule_c,mixed,1785124567.4432342,1785124567.4434412,1785124567.8446422,1785124568.4819024,
block1-000981,349.1095268400386,965.8746278146282,44,412.5,347.9052900802344,964.670391054824,1.2042367598041892,block1:s3,gated_rule_c,mixed,1785124568.3187335,1785124568.3199377,1785124568.6678498,1785124569.2846146,
block1-000982,73.32372036762536,3510.7748433947563,157,20.0,72.74268893525004,3510.193811962381,0.5810314323753119,block1:zero_tool,gated_rule_c,mixed,1785124568.40839,1785124568.4089713,1785124568.481721,1785124571.919172,
block1-000983,399.72245367243886,1002.5112077128142,48,170.0,399.4967029429972,1002.2854569833726,0.22575072944164276,block1:s3,gated_rule_c,mixed,1785124568.7352014,1785124568.7354274,1785124569.1349306,1785124569.7377193,
block1-000984,62.661333358846605,3191.5233712643385,132,160.0,61.87540199607611,3190.737439901568,0.7859313627704978,block1:zero_tool,gated_rule_c,mixed,1785124569.5634906,1785124569.5642767,1785124569.62616,1785124572.7550218,
block1-000985,437.65771808102727,1194.0633159829304,48,10.0,436.69031001627445,1193.0959079181775,0.9674080647528172,block1:s4,gated_rule_c,mixed,1785124569.8815134,1785124569.8824809,1785124570.3191783,1785124571.0755837,
block1-000986,416.766740498133,1174.556084559299,48,572.5,416.1862719338387,1173.9756159950048,0.5804685642942786,block1:s4,gated_rule_c,mixed,1785124569.9400656,1785124569.9406462,1785124570.3568401,1785124571.1146297,
block1-000987,65.86014793720096,3071.40603591688,126,17.5,64.91823203396052,3070.4641200136393,0.9419159032404423,block1:zero_tool,gated_rule_c,mixed,1785124570.4076955,1785124570.4086378,1785124570.4735646,1785124573.4791107,
block1-000988,517.849313095212,1362.058104132302,48,95.0,517.0334370341152,1361.2422280712053,0.8158760610967875,block1:s4,gated_rule_c,mixed,1785124570.5767741,1785124570.57759,1785124571.09463,1785124571.9388385,
block1-000989,100.58836673852056,3106.3508657971397,131,85.0,99.90348597057164,3105.665985029191,0.6848807679489255,block1:zero_tool,gated_rule_c,mixed,1785124570.7484574,1785124570.7491426,1785124570.8490536,1785124573.8548162,
block1-000990,479.2629114817828,1324.393670540303,48,172.5,478.5571239190176,1323.6878829775378,0.7057875627651811,block1:s4,gated_rule_c,mixed,1785124570.7509956,1785124570.7517016,1785124571.2302656,1785124572.0753963,
block1-000991,471.6411035042256,1284.9213895387948,48,322.5,470.7440169295296,1284.0243029640988,0.8970865746960044,block1:s4,gated_rule_c,mixed,1785124570.867317,1785124570.8682144,1785124571.3389652,1785124572.1522455,
block1-000992,336.01610944606364,1143.074263469316,43,322.5,335.028450936079,1142.0866049593315,0.9876585099846125,block1:s1,gated_rule_c,mixed,1785124570.9534576,1785124570.9544454,1785124571.289481,1785124572.096539,
block1-000993,126.20758195407689,1745.8400969626382,65,12.5,125.24839793331921,1744.8809129418805,0.9591840207576752,block1:s1,gated_rule_c,mixed,1785124571.2654996,1785124571.266459,1785124571.3917155,1785124573.0113482,
block1-000994,489.132433780469,956.2406538752839,36,105.0,488.49232390057296,955.6005439953879,0.6401098798960447,block1:s1,gated_rule_c,mixed,1785124571.2911437,1785124571.291784,1785124571.7802842,1785124572.2473922,
block1-000995,191.91753724589944,1895.3019272303209,75,287.5,191.3174280198291,1894.7018180042505,0.6001092260703444,block1:s1,gated_rule_c,mixed,1785124571.3438406,1785124571.344441,1785124571.5357647,1785124573.239149,
block1-000996,333.5673139663413,979.1903709992766,36,17.5,332.6939570251852,978.3170140581205,0.8733569411560893,block1:s1,gated_rule_c,mixed,1785124571.5850422,1785124571.5859158,1785124571.9186184,1785124572.5642412,
block1-000997,417.5715473247692,921.5127953793854,34,170.0,416.04623501189053,919.9874830665067,1.5253123128786683,block1:s1,gated_rule_c,mixed,1785124572.2601645,1785124572.2616901,1785124572.6777442,1785124573.1816854,
block1-000998,446.76455028820783,1061.702021281235,43,145.0,445.68939495366067,1060.6268659466878,1.075155334547162,block1:s1,gated_rule_c,mixed,1785124572.3079398,1785124572.3090153,1785124572.754713,1785124573.3696506,
block1-000999,335.75889852363616,820.2405455522239,33,22.5,335.58416995219886,820.0658169807866,0.17472857143729925,block1:s1,gated_rule_c,mixed,1785124572.3992183,1785124572.3993933,1785124572.7349846,1785124573.219466,
block1-001000,269.41985997837037,723.3423909638077,34,550.0,269.1005020169541,723.0230330023915,0.3193579614162445,block1:s2,gated_rule_c,mixed,1785124572.8549144,1785124572.8552344,1785124573.1243436,1785124573.5782661,
block1-001001,67.86696321796626,1437.8383812727407,70,545.0,67.0877059455961,1437.0591240003705,0.7792572723701596,block1:zero_tool,gated_rule_c,mixed,1785124573.4163837,1785124573.4171634,1785124573.4842587,1785124574.85423,
block1-001002,57.70180840045214,2849.9275314388797,136,545.0,57.29257594794035,2849.518298986368,0.4092324525117874,block1:zero_tool,gated_rule_c,mixed,1785124573.83638,1785124573.8367891,1785124573.894088,1785124576.6863136,
block1-001003,319.0169393783435,964.8137284675613,43,92.5,318.3114029234275,964.1081920126453,0.7055364549160004,block1:s2,gated_rule_c,mixed,1785124574.146792,1785124574.1474977,1785124574.4658165,1785124575.1116133,
block1-001004,54.18623751029372,2626.7113595968112,120,15.0,53.586247959174216,2626.1113700456917,0.5999895511195064,block1:zero_tool,gated_rule_c,mixed,1785124574.5086784,1785124574.5092788,1785124574.562873,1785124577.135398,
block1-001005,472.6058392552659,1070.6722033210099,49,17.5,471.826096996665,1069.892461062409,0.7797422586008906,block1:s2,gated_rule_c,mixed,1785124574.6948032,1785124574.6955833,1785124575.1674156,1785124575.765482,
block1-001006,330.882586655207,816.1558136343956,38,17.5,329.81952803675085,815.0927550159395,1.0630586184561253,block1:s2,gated_rule_c,mixed,1785124574.855403,1785124574.8564663,1785124575.1862926,1785124575.6715658,
block1-001007,208.2340724300593,808.6150904418901,37,15.0,207.7402190770954,808.1212370889261,0.4938533529639244,block1:s2,gated_rule_c,mixed,1785124575.369593,1785124575.370087,1785124575.5778341,1785124576.1782155,
block1-001008,391.72862737905234,1181.2924123369157,48,47.5,391.19553298223764,1180.759317940101,0.5330943968147039,block1:s3,gated_rule_c,mixed,1785124575.8974943,1785124575.8980274,1785124576.28923,1785124577.0787938,
block1-001009,99.87511741928756,3069.1632453817874,128,155.0,98.76391000580043,3068.0520379683003,1.1112074134871364,block1:zero_tool,gated_rule_c,mixed,1785124575.9095995,1785124575.910711,1785124576.0094817,1785124578.9787698,
block1-001010,515.5971500789747,1393.6247570673004,48,307.5,514.132590033114,1392.1601970214397,1.4645600458607078,block1:s3,gated_rule_c,mixed,1785124576.3732524,1785124576.3747172,1785124576.8888571,1785124577.7668846,
block1-001011,324.6802241774276,1123.2419022126123,39,20.0,324.16618696879596,1122.7278650039807,0.5140372086316347,block1:s3,gated_rule_c,mixed,1785124576.4341257,1785124576.43464,1785124576.7588112,1785124577.557373,
block1-001012,482.0196421351284,1331.8464151816443,48,177.5,481.7415790166706,1331.5683520631865,0.2780631184577942,block1:s3,gated_rule_c,mixed,1785124576.634067,1785124576.6343455,1785124577.116094,1785124577.9659212,
block1-001013,434.0237624710426,1347.9766314849257,48,12.5,432.8107270412147,1346.7635960550979,1.213035429827869,block1:s3,gated_rule_c,mixed,1785124576.738591,1785124576.7398043,1785124577.1726217,1785124578.0865748,
block1-001014,614.313862635754,1224.6738926041871,43,170.0,613.6849890463054,1224.0450190147385,0.6288735894486308,block1:s3,gated_rule_c,mixed,1785124576.943214,1785124576.9438434,1785124577.55754,1785124578.1678998,
block1-001015,606.9073411636055,1358.7127932114527,48,20.0,606.4714809181169,1358.276932965964,0.43586024548858404,block1:s3,gated_rule_c,mixed,1785124577.236667,1785124577.2371027,1785124577.8435814,1785124578.595387,
block1-001016,571.1592346196994,1323.1108656618744,48,545.0,570.3237709822133,1322.2754020243883,0.8354636374861002,block1:s4,gated_rule_c,mixed,1785124577.2921104,1785124577.2929463,1785124577.8632786,1785124578.6152306,
block1-001017,549.8085066210479,1301.575648598373,48,152.5,548.8301649456844,1300.5973069230095,0.978341675363481,block1:s4,gated_rule_c,mixed,1785124577.333143,1785124577.3341215,1785124577.8829553,1785124578.6347225,
block1-001018,124.82366582844406,4097.8818339062855,182,115.0,123.93358396366239,4096.991752041504,0.8900818647816777,block1:zero_tool,gated_rule_c,mixed,1785124577.38993,1785124577.3908203,1785124577.514762,1785124581.4878204,
block1-001019,503.7446439964697,1255.2546269726008,48,550.0,503.02960502449423,1254.5395880006254,0.7150389719754457,block1:s4,gated_rule_c,mixed,1785124577.4183733,1785124577.4190886,1785124577.9221277,1785124578.6736376,
block1-001020,505.1005478017032,1255.4591537918895,48,282.5,503.2308050431311,1253.5894110333174,1.8697427585721016,block1:s4,gated_rule_c,mixed,1785124577.4377902,1785124577.43966,1785124577.9428976,1785124578.6932564,
block1-001021,490.87534099817276,1170.9141100291163,48,107.5,489.10015693400055,1169.138925964944,1.7751840641722083,block1:s4,gated_rule_c,mixed,1785124577.6370609,1785124577.6388364,1785124578.1279435,1785124578.807982,
block1-001022,87.56827830802649,3729.0804903022945,170,15.0,86.46862802561373,3727.9808400198817,1.0996502824127674,block1:zero_tool,gated_rule_c,mixed,1785124577.6794748,1785124577.6805747,1785124577.7670515,1785124581.4085636,
block1-001023,491.2189735332504,1109.452769625932,48,12.5,490.32845499459654,1108.5622510872781,0.8905185386538506,block1:s4,gated_rule_c,mixed,1785124577.9253585,1785124577.9262493,1785124578.4165838,1785124579.0348175,
block1-001024,405.4323820164427,987.8193279728293,43,12.5,404.99732200987637,987.384267966263,0.4350600065663457,block1:s1,gated_rule_c,mixed,1785124577.9718494,1785124577.9722846,1785124578.377289,1785124578.9596758,
block1-001025,60.38009887561202,14190.123356878757,654,85.0,60.090458020567894,14189.833716023713,0.2896408550441265,block1:zero_tool,gated_rule_c,mixed,1785124578.0678968,1785124578.0681865,1785124578.1282837,1785124592.258027,
block1-001026,374.3875583168119,980.027923360467,44,60.0,372.7936999639496,978.4340650076047,1.5938583528622985,block1:s1,gated_rule_c,mixed,1785124578.1408978,1785124578.1424918,1785124578.515293,1785124579.120933,
block1-001027,105.54817924275994,3530.923768179491,165,115.0,104.94327207561582,3530.318861012347,0.6049071671441197,block1:zero_tool,gated_rule_c,mixed,1785124578.1718106,1785124578.1724157,1785124578.277366,1785124581.7027419,
block1-001028,305.9198388364166,881.6449958831072,42,15.0,305.3118250099942,881.0369820566848,0.6080138264223933,block1:s1,gated_rule_c,mixed,1785124579.0540998,1785124579.054708,1785124579.3600268,1785124579.9357522,
block1-001029,53.21236897725612,9858.45410800539,452,12.5,52.59730096440762,9857.839039992541,0.6150680128484964,block1:zero_tool,gated_rule_c,mixed,1785124579.5166178,1785124579.5172331,1785124579.5698378,1785124589.3750796,
block1-001030,64.7333743982017,3674.1793454857543,163,17.5,63.680496998131275,3673.126468085684,1.0528774000704288,block1:zero_tool,gated_rule_c,mixed,1785124579.5637014,1785124579.5647545,1785124579.6284418,1785124583.2378879,
block1-001031,53.768236888572574,3891.680119908415,174,12.5,53.20593889337033,3891.1178219132125,0.5622979952022433,block1:zero_tool,gated_rule_c,mixed,1785124579.804111,1785124579.8046734,1785124579.8578851,1785124583.695797,
block1-001032,109.59715687204152,8552.570306812413,384,117.5,109.06515002716333,8552.038299967535,0.5320068448781967,block1:zero_tool,gated_rule_c,mixed,1785124579.9281538,1785124579.928686,1785124580.0377574,1785124588.4807303,
block1-001033,149.21511511784047,1559.5702071441337,67,70.0,148.55169993825257,1558.9067919645458,0.6634151795879006,block1:s2,gated_rule_c,mixed,1785124579.9477031,1785124579.9483669,1785124580.0969255,1785124581.5072806,
block1-001034,366.8757847044617,876.676422660239,37,12.5,366.17618100717664,875.976818962954,0.6996036972850561,block1:s2,gated_rule_c,mixed,1785124579.9659746,1785124579.9666743,1785124580.3328578,1785124580.8426585,
block1-001035,60.766358859837055,3345.1935647754,150,12.5,59.937289101071656,3344.3644950166345,0.8290697587653995,block1:zero_tool,gated_rule_c,mixed,1785124580.155193,1785124580.1560225,1785124580.2159657,1785124583.500393,
block1-001036,62.83240928314626,3365.108993370086,151,20.0,62.60721990838647,3364.883803995326,0.22518937475979328,block1:zero_tool,gated_rule_c,mixed,1785124580.3121169,1785124580.3123422,1785124580.374957,1785124583.6772337,
block1-001037,103.48111891653389,3193.984903860837,142,357.5,102.86906000692397,3193.3728449512273,0.6120589096099138,block1:zero_tool,gated_rule_c,mixed,1785124580.5809839,1785124580.5815961,1785124580.6844738,1785124583.7749772,
block1-001038,92.99186407588422,1419.770980020985,65,217.5,92.66356006264687,1419.4426760077477,0.32830401323735714,block1:s2,gated_rule_c,mixed,1785124580.591606,1785124580.5919342,1785124580.684605,1785124582.011384,
block1-001039,249.36029873788357,720.0717946980149,31,140.0,248.86915797833353,719.5806539384648,0.491140759550035,block1:s2,gated_rule_c,mixed,1785124581.0600119,1785124581.0605032,1785124581.30938,1785124581.7800913,
block1-001040,269.3781330017373,736.5292290924117,32,92.5,268.64389795809984,735.7949940487742,0.7342350436374545,block1:s3,gated_rule_c,mixed,1785124581.1784427,1785124581.1791773,1785124581.4478295,1785124581.9149806,
block1-001041,496.9099051086232,1257.0926171028987,48,60.0,495.33536296803504,1255.5180749623105,1.5745421405881643,block1:s3,gated_rule_c,mixed,1785124582.0424554,1785124582.0440302,1785124582.5393732,1785124583.2995558,
block1-001042,479.43529672920704,1240.479706786573,48,15.0,478.77035196870565,1239.8147620260715,0.6649447605013847,block1:s3,gated_rule_c,mixed,1785124582.0796084,1785124582.0802736,1785124582.5590508,1785124583.320095,
block1-001043,114.69042196404189,3933.4724280051887,174,395.0,113.8553359778598,3932.6373420190066,0.8350859861820936,block1:zero_tool,gated_rule_c,mixed,1785124582.1057532,1785124582.1065884,1785124582.2204506,1785124586.0392325,
block1-001044,54.40627422649413,4481.771124294028,197,412.5,53.27685899101198,4480.6417090585455,1.1294152354821563,block1:zero_tool,gated_rule_c,mixed,1785124582.2275379,1785124582.2286677,1785124582.2819514,1785124586.7093163,
block1-001045,369.18058956507593,1091.1616976372898,43,172.5,368.78523498307914,1090.766343055293,0.3953545819967985,block1:s3,gated_rule_c,mixed,1785124582.3484027,1785124582.3487985,1785124582.7175903,1785124583.4395714,
block1-001046,92.81184431165457,3600.496430299245,160,280.0,91.94463200401515,3599.6292179916054,0.86721230763942,block1:zero_tool,gated_rule_c,mixed,1785124582.3617065,1785124582.3625739,1785124582.4545255,1785124585.9622097,
block1-001047,72.90260121226311,3719.528149231337,165,60.0,71.96988293435425,3718.595430953428,0.9327182779088616,block1:zero_tool,gated_rule_c,mixed,1785124582.7278585,1785124582.7287912,1785124582.8007696,1785124586.447395,
block1-001048,523.4953582985327,1259.6732343081385,48,10.0,522.0622919732705,1258.2401679828763,1.433066325262189,block1:s4,gated_rule_c,mixed,1785124582.997055,1785124582.9984887,1785124583.52056,1785124584.256738,
block1-001049,505.1105455495417,1243.9662835095078,48,172.5,504.72889409866184,1243.584632058628,0.38165145087987185,block1:s4,gated_rule_c,mixed,1785124583.0338504,1785124583.0342324,1785124583.5389676,1785124584.2778234,
block1-001050,480.167692177929,1219.5293192053214,48,17.5,479.2591619770974,1218.6207890044898,0.9085302008315921,block1:s4,gated_rule_c,mixed,1785124583.0589094,1785124583.0598185,1785124583.5390859,1785124584.2784474,
block1-001051,487.95548581983894,1145.7346798852086,48,10.0,487.35976801253855,1145.1389620779082,0.5957178073003888,block1:s4,gated_rule_c,mixed,1785124583.7905984,1785124583.7911942,1785124584.2785614,1785124584.9363408,
block1-001052,481.0528118396178,1103.73611189425,48,322.5,480.2678000414744,1102.9511000961065,0.7850117981433868,block1:s4,gated_rule_c,mixed,1785124584.0446095,1785124584.0453947,1785124584.5256712,1785124585.1483543,
block1-001053,453.94228224176913,1075.608705286868,48,820.0,453.5568009596318,1075.2232240047306,0.38548128213733435,block1:s4,gated_rule_c,mixed,1785124584.1112359,1785124584.1116214,1785124584.5651863,1785124585.186853,
block1-001054,428.09801979456097,1044.757858850062,48,17.5,427.4810189381242,1044.140857993625,0.617000856436789,block1:s4,gated_rule_c,mixed,1785124584.3708434,1785124584.371461,1785124584.7989507,1785124585.41561,
block1-001055,510.31706389039755,1296.6967208776623,48,15.0,508.35762603674084,1294.7372830240056,1.9594378536567092,block1:s4,gated_rule_c,mixed,1785124585.4128268,1785124585.4147866,1785124585.923154,1785124586.7095337,
block1-001056,405.4978140629828,1046.1511510657147,43,135.0,404.996927944012,1045.6502649467438,0.5008861189708114,block1:s1,gated_rule_c,mixed,1785124585.4398103,1785124585.4403117,1785124585.8453157,1785124586.4859686,
block1-001057,145.5026821931824,1788.0823682062328,71,47.5,144.88081191666424,1787.4604979297146,0.6218702765181661,block1:s1,gated_rule_c,mixed,1785124585.5063756,1785124585.5069978,1785124585.651886,1785124587.2944658,
block1-001058,111.94116016849875,3510.318058077246,163,357.5,109.9810890154913,3508.3579869242385,1.9600711530074477,block1:zero_tool,gated_rule_c,mixed,1785124586.2409413,1785124586.2429016,1785124586.352889,1785124589.7512658,
block1-001059,133.23644897900522,1789.0462459763512,73,135.0,133.00943991634995,1788.819236913696,0.2270090626552701,block1:s1,gated_rule_c,mixed,1785124586.2560601,1785124586.2562876,1785124586.3893046,1785124588.0451145,
block1-001060,370.21173839457333,1073.1817993801087,42,357.5,369.661514996551,1072.6315759820864,0.5502233980223536,block1:s1,gated_rule_c,mixed,1785124586.4906268,1785124586.4911776,1785124586.860846,1785124587.5638158,
block1-001061,353.9817987475544,941.8315556831658,36,115.0,353.4499640809372,941.2997210165486,0.5318346666172147,block1:s1,gated_rule_c,mixed,1785124586.5453708,1785124586.5459027,1785124586.8993597,1785124587.4872096,
block1-001062,353.697128361091,927.2158893290907,40,115.0,352.73280704859644,926.2515680165961,0.964321312494576,block1:s1,gated_rule_c,mixed,1785124586.8820598,1785124586.8830245,1785124587.235764,1785124587.8092828,
block1-001063,127.66079127322882,1300.2454661764205,60,17.5,126.60852901171893,1299.1932039149106,1.0522622615098953,block1:s1,gated_rule_c,mixed,1785124587.0307486,1785124587.0318007,1785124587.1584158,1785124588.3310003,
block1-001064,278.1629496021196,731.3664746470749,34,145.0,277.1211239742115,730.3246490191668,1.0418256279081106,block1:s2,gated_rule_c,mixed,1785124587.8789866,1785124587.8800285,1785124588.1571574,1785124588.6103609,
block1-001065,60.870901332236826,2528.5236913478,121,155.0,60.62328699044883,2528.276077006012,0.2476143417879939,block1:zero_tool,gated_rule_c,mixed,1785124588.1942487,1785124588.1944962,1785124588.2551255,1785124590.7227783,
block1-001066,310.8166572637856,828.8510972633958,37,820.0,309.79812797158957,827.8325679711998,1.0185292921960354,block1:s2,gated_rule_c,mixed,1785124589.1196253,1785124589.120644,1785124589.4304497,1785124589.9484842,
block1-001067,400.0745138619095,1033.7214168393984,43,15.0,398.8213890697807,1032.4682920472696,1.2531247921288013,block1:s2,gated_rule_c,mixed,1785124589.7821906,1785124589.783444,1785124590.1822727,1785124590.8159199,
block1-001068,367.2600301215425,889.3189681693912,36,60.0,365.3668509796262,887.4257890274748,1.8931791419163346,block1:s2,gated_rule_c,mixed,1785124589.8148978,1785124589.8167913,1785124590.1821651,1785124590.7042243,
block1-001069,358.301714528352,1012.1598264668137,45,15.0,357.65479400288314,1011.5129059413448,0.6469205254688859,block1:s2,gated_rule_c,mixed,1785124589.9353735,1785124589.936021,1785124590.293683,1785124590.9475412,
block1-001070,93.27558125369251,1498.6987232696265,67,17.5,93.0172799853608,1498.4404220012948,0.2583012683317065,block1:s2,gated_rule_c,mixed,1785124590.2718978,1785124590.2721562,1785124590.3651807,1785124591.7706041,
block1-001071,207.2569055017084,771.451408509165,37,105.0,206.94934693165123,771.1438499391079,0.3075585700571537,block1:s2,gated_rule_c,mixed,1785124590.3634212,1785124590.3637292,1785124590.5706856,1785124591.1348803,
block1-001072,481.67044413276017,1230.9637512080371,48,12.5,481.48580198176205,1230.779109057039,0.18464215099811554,block1:s3,gated_rule_c,mixed,1785124591.1936452,1785124591.1938303,1785124591.6753232,1785124592.4246163,
block1-001073,469.79347174055874,1224.4965228019282,48,10.0,469.158167950809,1223.8612190121785,0.6353037897497416,block1:s3,gated_rule_c,mixed,1785124591.4311543,1785124591.4317899,1785124591.9009547,1785124592.6556578,
block1-001074,418.3534940239042,1061.1742419423535,41,12.5,417.60759404860437,1060.4283419670537,0.7458999752998352,block1:s3,gated_rule_c,mixed,1785124591.5379636,1785124591.5387099,1785124591.9563246,1785124592.5991454,
block1-001075,301.4800545061007,1019.3649465218186,41,10.0,301.0758849559352,1018.9607769716531,0.404169550165534,block1:s3,gated_rule_c,mixed,1785124591.6920867,1785124591.692491,1785124591.9935744,1785124592.7114594,
block1-001076,434.14714466780424,1114.1897806664929,48,10.0,432.968417997472,1113.0110539961606,1.178726670332253,block1:s3,gated_rule_c,mixed,1785124591.879573,1785124591.8807518,1785124592.3137264,1785124592.9937692,
block1-001077,445.8555490709841,1052.6184650370851,46,117.5,444.9853119440377,1051.7482279101387,0.8702371269464493,block1:s3,gated_rule_c,mixed,1785124591.9786184,1785124591.9794888,1785124592.4244816,1785124593.0312443,
block1-001078,497.33155709691346,944.3518430925906,43,110.0,495.64960005227476,942.6698860479519,1.6819570446386933,block1:s3,gated_rule_c,mixed,1785124592.3262222,1785124592.3279042,1785124592.8235612,1785124593.2705815,
block1-001079,440.8166330540553,1031.73387714196,48,110.0,438.85560100898147,1029.7728450968862,1.9610320450738072,block1:s3,gated_rule_c,mixed,1785124592.3264,1785124592.3283613,1785124592.7672222,1785124593.3581393,
block1-001080,42.22117573954165,3893.094752682373,193,17.5,40.77755694743246,3891.6511338902637,1.4436187921091914,block1:zero_tool,gated_rule_c,mixed,1785124593.9114995,1785124593.9129434,1785124593.9537294,1785124597.8046029,
block1-001081,391.2982050096616,1067.2186750452965,48,50.0,390.1878990000114,1066.1083690356463,1.1103060096502304,block1:s4,gated_rule_c,mixed,1785124594.106636,1785124594.1077466,1785124594.4979413,1785124595.1738617,
block1-001082,401.7558533232659,1040.4685563407838,48,572.5,401.48261503782123,1040.1953180553392,0.2732382854446769,block1:s4,gated_rule_c,mixed,1785124594.452745,1785124594.4530187,1785124594.854508,1785124595.4932206,
block1-001083,84.41238466184586,3091.299744672142,151,572.5,84.03971698135138,3090.9270769916475,0.3726676804944873,block1:zero_tool,gated_rule_c,mixed,1785124594.5257385,1785124594.5261111,1785124594.610159,1785124597.6170466,
block1-001084,405.40233557112515,1049.9025016324595,48,132.5,405.06199398078024,1049.5621600421146,0.34034159034490585,block1:s4,gated_rule_c,mixed,1785124594.917738,1785124594.9180784,1785124595.323148,1785124595.9676483,
block1-001085,403.2358047552407,1063.3365847170353,48,172.5,402.78290200512856,1062.8836819669232,0.45290275011211634,block1:s4,gated_rule_c,mixed,1785124595.619514,1785124595.6199672,1785124596.0227585,1785124596.6828592,
block1-001086,81.30107703618705,3284.2577850678936,159,155.0,80.73347702156752,3283.690185053274,0.5676000146195292,block1:zero_tool,gated_rule_c,mixed,1785124595.6959548,1785124595.6965225,1785124595.7772634,1785124598.98022,
block1-001087,61.946081346832216,2993.1599342962727,148,92.5,60.959807015024126,2992.1736599644646,0.9862743318080902,block1:zero_tool,gated_rule_c,mixed,1785124595.7744012,1785124595.7753878,1785124595.8363547,1785124598.7675688,
block1-001088,106.62378498818725,3386.630916967988,158,17.5,106.26555106136948,3386.2726830411702,0.3582339268177748,block1:zero_tool,gated_rule_c,mixed,1785124596.4264982,1785124596.4268568,1785124596.5331292,1785124599.813136,
block1-001089,126.10263249371201,1249.4052444817498,58,107.5,125.20903395488858,1248.5116459429264,0.8935985388234258,block1:s1,gated_rule_c,mixed,1785124596.443337,1785124596.4442308,1785124596.5694468,1785124597.6927495,
block1-001090,348.0530804954469,907.38806349691,44,10.0,347.9372579604387,907.2722409619018,0.11582253500819206,block1:s1,gated_rule_c,mixed,1785124597.2310953,1785124597.2312112,1785124597.5791545,1785124598.1384892,
block1-001091,56.06911622453481,9235.279673244804,431,17.5,54.96821494307369,9234.178771963343,1.1009012814611197,block1:zero_tool,gated_rule_c,mixed,1785124597.5231676,1785124597.5242686,1785124597.5792444,1785124606.7584548,
block1-001092,63.40675614774227,3453.45923921559,158,412.5,62.37416295334697,3452.4266460211948,1.0325931943953037,block1:zero_tool,gated_rule_c,mixed,1785124598.3967063,1785124598.3977392,1785124598.4601212,1785124601.8501732,
block1-001093,118.04454657249153,1525.1671125879511,62,92.5,117.59844690095633,1524.721012916416,0.4460996715351939,block1:s1,gated_rule_c,mixed,1785124598.5518994,1785124598.5523455,1785124598.6699522,1785124600.0770748,
block1-001094,85.82329924684018,3710.887581226416,172,350.0,84.98943503946066,3710.0537170190364,0.8338642073795199,block1:zero_tool,gated_rule_c,mixed,1785124598.6248572,1785124598.6256912,1785124598.710689,1785124602.3357532,
block1-001095,126.02212850470096,1586.7339065298438,68,572.5,123.97963798139244,1584.6914160065353,2.0424905233085155,block1:s1,gated_rule_c,mixed,1785124598.8538482,1785124598.855891,1785124598.979878,1785124600.44059,
block1-001096,55.7240613270551,9202.511487412266,427,22.5,54.77820592932403,9201.565632014535,0.9458553977310658,block1:zero_tool,gated_rule_c,mixed,1785124598.9646347,1785124598.9655805,1785124599.0203655,1785124608.167153,
block1-001097,431.18118355050683,949.5978915365413,38,545.0,429.2077749269083,947.6244829129428,1.973408623598516,block1:s2,gated_rule_c,mixed,1785124599.088927,1785124599.0909007,1785124599.5201151,1785124600.0385323,
block1-001098,92.27038163226098,1392.1143907355145,64,172.5,91.56835591420531,1391.4123650174588,0.7020257180556655,block1:s2,gated_rule_c,mixed,1785124599.274314,1785124599.2750163,1785124599.3665915,1785124600.6664352,
block1-001099,353.6210637539625,985.065043787472,43,117.5,352.3590649710968,983.8030450046062,1.261998782865703,block1:s2,gated_rule_c,mixed,1785124599.3033047,1785124599.3045669,1785124599.6569333,1785124600.288377,
block1-001100,57.242377661168575,3061.323130619712,149,132.5,56.90968898124993,3060.9904419397935,0.3326886799186468,block1:zero_tool,gated_rule_c,mixed,1785124599.4434118,1785124599.4437447,1785124599.5006623,1785124602.5047429,
block1-001101,356.0933970147744,923.1149409897625,44,17.5,355.52285495214164,922.5443989271298,0.5705420626327395,block1:s2,gated_rule_c,mixed,1785124599.8930628,1785124599.8936336,1785124600.2491636,1785124600.816185,
block1-001102,411.6518232040107,870.2570212772116,38,70.0,411.28448001109064,869.8896780842915,0.36734319292008877,block1:s2,gated_rule_c,mixed,1785124600.868436,1785124600.8688035,1785124601.280094,1785124601.738699,
block1-001103,365.3119517257437,822.7763837203383,37,132.5,364.723009057343,822.1874410519376,0.5889426684007049,block1:s2,gated_rule_c,mixed,1785124600.9527977,1785124600.9533868,1785124601.3181167,1785124601.775581,
block1-001104,400.42601816821843,1004.6068711671978,48,155.0,399.9159639934078,1004.0968169923872,0.510054174810648,block1:s3,gated_rule_c,mixed,1785124601.0132349,1785124601.0137453,1785124601.41367,1785124602.0178509,
block1-001105,273.01974687725306,872.4553958745673,39,17.5,272.21821597777307,871.6538649750873,0.8015308994799852,block1:s3,gated_rule_c,mixed,1785124602.1371708,1785124602.1379726,1785124602.410198,1785124603.0096338,
block1-001106,354.9712644889951,805.1611294504255,38,485.0,354.5399709837511,804.7298359451815,0.43129350524395704,block1:s3,gated_rule_c,mixed,1785124602.8226922,1785124602.8231235,1785124603.1776702,1785124603.62786,
block1-001107,522.2040528897196,1135.095312842168,48,95.0,521.2424430064857,1134.133702958934,0.9616098832339048,block1:s3,gated_rule_c,mixed,1785124603.6491184,1785124603.6500802,1785124604.1713302,1785124604.7842216,
block1-001108,91.9760859105736,3046.1048699216917,130,60.0,90.92823800165206,3045.05702201277,1.0478479089215398,block1:zero_tool,gated_rule_c,mixed,1785124603.8862374,1785124603.8872855,1785124603.9782217,1785124606.9323502,
block1-001109,465.662072179839,1118.7153122154996,46,357.5,464.61002295836806,1117.6632629940286,1.052049221470952,block1:s3,gated_rule_c,mixed,1785124603.8956976,1785124603.8967497,1785124604.361367,1785124605.0144205,
block1-001110,459.23027803655714,1143.250724999234,46,320.0,458.1989919533953,1142.2194389160722,1.031286083161831,block1:s3,gated_rule_c,mixed,1785124603.9433904,1785124603.944422,1785124604.402628,1785124605.086648,
block1-001111,330.57427662424743,1037.168436567299,43,105.0,330.3673230111599,1036.9614829542115,0.2069536130875349,block1:s3,gated_rule_c,mixed,1785124604.0117295,1785124604.0119367,1785124604.3423135,1785124605.0489075,
block1-001112,62.792617827653885,3093.7598549062386,136,70.0,60.750028933398426,3091.717266011983,2.0425888942554593,block1:zero_tool,gated_rule_c,mixed,1785124604.3397315,1785124604.341774,1785124604.402531,1785124607.4334984,
block1-001113,478.06608909741044,1263.0101770628244,48,297.5,477.38752409350127,1262.3316120589152,0.6785650039091706,block1:s4,gated_rule_c,mixed,1785124604.7590756,1785124604.7597544,1785124605.2371492,1785124606.0220935,
block1-001114,496.15016987081617,1245.8767128409818,48,110.0,495.03306206315756,1244.7596050333232,1.1171078076586127,block1:s4,gated_rule_c,mixed,1785124604.8633766,1785124604.8644938,1785124605.3595366,1785124606.109263,
block1-001115,474.76088162511587,1195.6962906988338,48,152.5,474.4926639832556,1195.4280730569735,0.26821764186024666,block1:s4,gated_rule_c,mixed,1785124604.9718747,1785124604.9721432,1785124605.446643,1785124606.167579,
block1-001116,480.42233218438923,1275.47342015896,48,12.5,479.627019027248,1274.6781070018187,0.7953131571412086,block1:s4,gated_rule_c,mixed,1785124605.2343361,1785124605.2351317,1785124605.7147665,1785124606.5098176,
block1-001117,451.5602707397193,1244.3727657664567,48,297.5,451.33218297269195,1244.1446779994294,0.22808776702731848,block1:s4,gated_rule_c,mixed,1785124605.3213794,1785124605.3216076,1785124605.7729473,1785124606.5657594,
block1-001118,482.2115881834179,1226.177159231156,48,395.0,481.54827300459146,1225.5138440523297,0.6633151788264513,block1:s4,gated_rule_c,mixed,1785124605.5683165,1785124605.56898,1785124606.0505369,1785124606.7945027,
block1-001119,520.2254496980458,1185.9393736813217,48,320.0,519.3359811091796,1185.0499050924554,0.8894685888662934,block1:s4,gated_rule_c,mixed,1785124605.8516197,1785124605.8525095,1785124606.3718526,1785124607.0375664,
block1-001120,419.8276597307995,1018.0914247175679,43,545.0,418.86571096256375,1017.1294759493321,0.961948768235743,block1:s1,gated_rule_c,mixed,1785124605.9519777,1785124605.95294,1785124606.3718123,1785124606.970076,
block1-001121,118.39286587201059,1661.797773791477,71,140.0,117.84982809331268,1661.2547360127792,0.5430377786979079,block1:s1,gated_rule_c,mixed,1785124606.185576,1785124606.1861193,1785124606.3039763,1785124607.8473814,
block1-001122,279.49303935747594,900.2267983742058,40,132.5,279.13373801857233,899.8674970353022,0.35930133890360594,block1:s1,gated_rule_c,mixed,1785124606.3048248,1785124606.3051844,1785124606.5843244,1785124607.2050583,
block1-001123,69.2732174647972,4796.568819554523,226,280.0,68.18189600016922,4795.477498089895,1.0913214646279812,block1:zero_tool,gated_rule_c,mixed,1785124606.7305036,1785124606.731595,1785124606.7997842,1785124611.5270796,
block1-001124,304.4463999103755,985.7803388731554,42,15.0,304.1458330117166,985.4797719744965,0.30056689865887165,block1:s1,gated_rule_c,mixed,1785124606.9749825,1785124606.9752831,1785124607.279436,1785124607.9607701,
block1-001125,58.22655220981687,10831.774530233815,499,12.5,57.71436798386276,10831.262346007861,0.5121842259541154,block1:zero_tool,gated_rule_c,mixed,1785124607.262088,1785124607.2626004,1785124607.3203223,1785124618.0938704,
block1-001126,126.51898374315351,1419.675539713353,67,15.0,125.1065869582817,1418.263142928481,1.4123967848718166,block1:s1,gated_rule_c,mixed,1785124607.4423378,1785124607.4437501,1785124607.5688648,1785124608.8620214,
block1-001127,83.61124736256897,9462.603544350713,436,10.0,83.2165910396725,9462.208888027817,0.39465632289648056,block1:zero_tool,gated_rule_c,mixed,1785124607.525856,1785124607.526251,1785124607.6094754,1785124616.9884677,
block1-001128,286.19889018591493,847.9277861770242,40,110.0,285.9004179481417,847.629313939251,0.2984722377732396,block1:s2,gated_rule_c,mixed,1785124607.6173866,1785124607.617685,1785124607.9035919,1785124608.4653206,
block1-001129,62.551410868763924,2997.495795949362,139,12.5,61.73718592617661,2996.681571006775,0.814224942587316,block1:zero_tool,gated_rule_c,mixed,1785124608.706169,1785124608.7069833,1785124608.7687278,1785124611.7036724,
block1-001130,87.56848610937595,1422.9465700918809,64,280.0,86.61173307336867,1421.9898170558736,0.9567530360072851,block1:s2,gated_rule_c,mixed,1785124609.1648836,1785124609.1658406,1785124609.25246,1785124610.5878382,
block1-001131,71.80081191472709,3546.384563902393,166,217.5,71.24033896252513,3545.824090950191,0.5604729522019625,block1:zero_tool,gated_rule_c,mixed,1785124609.201177,1785124609.2017374,1785124609.2729836,1785124612.7475674,
block1-001132,52.0762181840837,3240.380733157508,151,320.0,51.72719608526677,3240.031711058691,0.34902209881693125,block1:zero_tool,gated_rule_c,mixed,1785124609.411124,1785124609.411473,1785124609.4632063,1785124612.651511,
block1-001133,438.9443126274273,1025.731536676176,44,307.5,438.49878502078354,1025.2860090695322,0.44552760664373636,block1:s2,gated_rule_c,mixed,1785124609.7369814,1785124609.7374275,1785124610.1759355,1785124610.762723,
block1-001134,127.94078921433538,1534.220754285343,67,15.0,126.42382399644703,1532.7037890674546,1.5169652178883553,block1:s2,gated_rule_c,mixed,1785124609.7763882,1785124609.7779055,1785124609.9043362,1785124611.310616,
block1-001135,262.34805514104664,853.1745370710269,37,20.0,262.09823903627694,852.9247209662572,0.24981610476970673,block1:s2,gated_rule_c,mixed,1785124609.8126328,1785124609.812883,1785124610.074987,1785124610.6658134,
block1-001136,65.35884155891836,3421.7935705091804,161,217.5,64.63096698280424,3421.0656959330663,0.7278745761141181,block1:zero_tool,gated_rule_c,mixed,1785124610.1105013,1785124610.1112294,1785124610.1758678,1785124613.5323026,
block1-001137,65.19457313697785,2804.7969561303034,134,92.5,64.37654898036271,2803.9789319736883,0.818024156615138,block1:zero_tool,gated_rule_c,mixed,1785124610.4643595,1785124610.4651778,1785124610.529562,1785124613.2691646,
block1-001138,414.1885474091396,984.2797614401206,41,17.5,412.8204520093277,982.9116660403088,1.368095399811864,block1:s3,gated_rule_c,mixed,1785124610.8563776,1785124610.857746,1785124611.2705734,1785124611.8406646,
block1-001139,468.84847630281,1094.529406283982,48,820.0,467.8119079908356,1093.4928379720077,1.0365683119744062,block1:s3,gated_rule_c,mixed,1785124610.9983044,1785124610.9993412,1785124611.4671624,1785124612.0928433,
block1-001140,97.62535628397018,10461.608741316013,481,110.0,97.08205191418529,10461.065436946228,0.5433043697848916,block1:zero_tool,gated_rule_c,mixed,1785124611.0075753,1785124611.0081189,1785124611.105208,1785124621.4691913,
block1-001141,63.941015279851854,3649.4178402936086,171,287.5,63.058592029847205,3648.535417043604,0.8824232500046492,block1:zero_tool,gated_rule_c,mixed,1785124611.1476743,1785124611.148557,1785124611.2116258,1785124614.7971025,
block1-001142,484.70049537718296,1084.8766003036872,49,47.5,484.1072710696608,1084.283375996165,0.5932243075221777,block1:s3,gated_rule_c,mixed,1785124611.2976708,1785124611.2982643,1785124611.7823784,1785124612.3825548,
block1-001143,101.47089243400842,2729.868669528514,127,17.5,101.21160000562668,2729.6093771001324,0.25929242838174105,block1:zero_tool,gated_rule_c,mixed,1785124611.3266523,1785124611.3269117,1785124611.4281306,1785124614.0565283,
block1-001144,416.18034010753036,1087.1126061538234,48,287.5,415.6556250527501,1086.5878910990432,0.5247150547802448,block1:s4,gated_rule_c,mixed,1785124612.2925684,1785124612.2930934,1785124612.7087553,1785124613.3796878,
block1-001145,56.90013070125133,4049.823558656499,174,85.0,56.70343106612563,4049.626859021373,0.19669963512569666,block1:zero_tool,gated_rule_c,mixed,1785124613.0926754,1785124613.0928724,1785124613.1495838,1785124617.1425073,
block1-001146,479.94198417291045,1203.3476552460343,48,85.0,479.3093459447846,1202.7150170179084,0.6326382281258702,block1:s4,gated_rule_c,mixed,1785124613.2276175,1785124613.2282503,1785124613.707568,1785124614.4309735,
block1-001147,468.32085493952036,1191.7170159285888,48,12.5,466.84953302610666,1190.245694015175,1.4713219134137034,block1:s4,gated_rule_c,mixed,1785124613.277916,1785124613.2793875,1785124613.7462442,1785124614.4696403,
block1-001148,416.3343985565007,1136.1434715799987,48,100.0,415.7990840030834,1135.6081570265815,0.5353145534172654,block1:s4,gated_rule_c,mixed,1785124613.449852,1785124613.4503875,1785124613.8661945,1785124614.5860033,
block1-001149,60.02043001353741,3103.0620670644566,131,177.5,59.46971301455051,3102.5113500654697,0.5507169989868999,block1:zero_tool,gated_rule_c,mixed,1785124613.6281583,1785124613.6287093,1785124613.6881866,1785124616.7312284,
block1-001150,447.5953143555671,1091.0400532884523,48,52.5,446.8185029691085,1090.2632419019938,0.7768113864585757,block1:s4,gated_rule_c,mixed,1785124613.8392525,1785124613.8400297,1785124614.286857,1785124614.9303017,
block1-001151,428.5397870698944,1041.1829081131145,48,170.0,428.3547279192135,1040.9978489624336,0.18505915068089962,block1:s4,gated_rule_c,mixed,1785124614.1573691,1785124614.1575544,1785124614.585917,1785124615.19856,
block1-001152,315.3070642147213,890.4309262288734,43,12.5,314.5297470036894,889.6536090178415,0.7773172110319138,block1:s1,gated_rule_c,mixed,1785124614.2892392,1785124614.2900164,1785124614.6045535,1785124615.1796775,
block1-001153,58.67137433961034,12041.05206928216,556,12.5,57.3593300068751,12039.740024949424,1.3120443327352405,block1:zero_tool,gated_rule_c,mixed,1785124614.9313955,1785124614.9327078,1785124614.9900746,1785124626.9724557,
block1-001154,503.19494726136327,1311.969518312253,43,100.0,502.0036699716002,1310.77824102249,1.191277289763093,block1:s1,gated_rule_c,mixed,1785124615.4579062,1785124615.4590976,1785124615.961108,1785124616.7698827,
block1-001155,456.43790590111166,1160.0069989217445,37,187.5,456.0522669926286,1159.6213600132614,0.385638908483088,block1:s1,gated_rule_c,mixed,1785124615.5431676,1785124615.5435534,1785124615.9996111,1785124616.7031803,
block1-001156,372.5257320329547,1065.6427060021088,36,135.0,371.92924600094557,1065.0462199700996,0.5964860320091248,block1:s1,gated_rule_c,mixed,1785124615.6660726,1785124615.6666694,1785124616.038606,1785124616.7317228,
block1-001157,305.31191476620734,998.0772897833958,34,395.0,304.2545379139483,997.0199129311368,1.0573768522590399,block1:s1,gated_rule_c,mixed,1785124615.7526257,1785124615.7536836,1785124616.0579476,1785124616.7507129,
block1-001158,447.41826923564076,1041.4369772188365,40,280.0,446.84786396101117,1040.866571944207,0.5704052746295929,block1:s1,gated_rule_c,mixed,1785124616.120077,1785124616.1206474,1785124616.5675044,1785124617.1615226,
block1-001159,140.1205676374957,1470.8583216415718,60,155.0,139.36604594346136,1470.1037999475375,0.754521694034338,block1:s1,gated_rule_c,mixed,1785124616.2759836,1785124616.2767384,1785124616.4161124,1785124617.74685,
block1-001160,361.4229023223743,991.9340233318508,40,85.0,360.294561018236,990.8056820277125,1.1283413041383028,block1:s2,gated_rule_c,mixed,1785124616.3692992,1785124616.3704278,1785124616.7307317,1785124617.3612423,
block1-001161,322.085962863639,986.7820118088275,40,95.0,319.97915101237595,984.6751999575645,2.1068118512630463,block1:s2,gated_rule_c,mixed,1785124616.428241,1785124616.430348,1785124616.750335,1785124617.4150312,
block1-001162,73.94831581041217,3158.655264880508,151,10.0,73.49271199200302,3158.199661062099,0.4556038184091449,block1:zero_tool,gated_rule_c,mixed,1785124616.6365116,1785124616.6369672,1785124616.7104678,1785124619.7951746,
block1-001163,63.68675036355853,6728.875569417141,323,170.0,63.112332951277494,6728.30115200486,0.5744174122810364,block1:zero_tool,gated_rule_c,mixed,1785124616.7673936,1785124616.7679682,1785124616.831088,1785124623.4962766,
block1-001164,348.6508111236617,851.1018911376595,36,115.0,347.85496909171343,850.3060491057113,0.7958420319482684,block1:s2,gated_rule_c,mixed,1785124617.2618396,1785124617.2626357,1785124617.6104977,1785124618.112949,
block1-001165,317.65366857871413,934.1742605902255,41,105.0,315.56403497233987,932.0846269838512,2.0896336063742638,block1:s2,gated_rule_c,mixed,1785124617.292871,1785124617.294961,1785124617.6105316,1785124618.2270525,
block1-001166,70.63237961847335,3649.794338620268,174,20.0,69.54224407672882,3648.7042030785233,1.0901355417445302,block1:zero_tool,gated_rule_c,mixed,1785124617.3856516,1785124617.386742,1785124617.4562907,1785124621.0354526,
block1-001167,67.18442332930863,3070.9064073162153,146,60.0,66.26912392675877,3069.9911079136655,0.9152994025498629,block1:zero_tool,gated_rule_c,mixed,1785124617.7391627,1785124617.740078,1785124617.8063536,1785124620.8100758,
block1-001168,255.40002714842558,751.2431981740519,32,52.5,254.13558701984584,749.9787580454722,1.2644401285797358,block1:s3,gated_rule_c,mixed,1785124617.9147234,1785124617.915988,1785124618.170131,1785124618.6659734,
block1-001169,66.94307911675423,2683.4472310729325,126,10.0,65.17900701146573,2681.683158967644,1.7640721052885056,block1:zero_tool,gated_rule_c,mixed,1785124618.333038,1785124618.3348022,1785124618.3999875,1785124621.0164914,
block1-001170,421.2531023658812,1053.113681380637,48,15.0,420.9779530065134,1052.8385320212692,0.27514935936778784,block1:s3,gated_rule_c,mixed,1785124618.5112226,1785124618.511498,1785124618.9324837,1785124619.5643437,
block1-001171,408.88297907076776,1057.0037900470197,48,10.0,408.39539002627134,1056.5162010025233,0.48758904449641705,block1:s3,gated_rule_c,mixed,1785124618.847677,1785124618.8481646,1785124619.2565658,1785124619.9046867,
block1-001172,417.2461077105254,1141.1350446287543,48,17.5,416.6842970298603,1140.5732339480892,0.5618106806650758,block1:s3,gated_rule_c,mixed,1785124619.7418163,1785124619.7423782,1785124620.15907,1785124620.882959,
block1-001173,52.74276528507471,2961.76193037536,141,140.0,52.42712493054569,2961.446290020831,0.31564035452902317,block1:zero_tool,gated_rule_c,mixed,1785124619.987543,1785124619.987859,1785124620.040293,1785124622.949312,
block1-001174,419.20854547061026,1069.2523315083236,46,132.5,418.0668229237199,1068.1106089614332,1.141722546890378,block1:s3,gated_rule_c,mixed,1785124620.1179326,1785124620.1190746,1785124620.53715,1785124621.1871936,
block1-001175,451.0804262245074,1130.2579172188416,48,20.0,450.5077169742435,1129.6852079685777,0.5727092502638698,block1:s3,gated_rule_c,mixed,1785124620.659639,1785124620.6602118,1785124621.110728,1785124621.789905,
block1-001176,407.3333895066753,1086.035952437669,48,25.0,406.6342660225928,1085.3368289535865,0.69912348408252,block1:s4,gated_rule_c,mixed,1785124620.7601676,1785124620.760867,1785124621.1675096,1785124621.8462121,
block1-001177,440.2629386167973,1078.2239126274362,48,60.0,438.71984200086445,1076.6808160115033,1.5430966159328818,block1:s4,gated_rule_c,mixed,1785124621.3300154,1785124621.3315587,1785124621.7702858,1785124622.4082468,
block1-001178,407.6724034966901,1044.6175694232807,48,282.5,407.22935507074,1044.1745209973305,0.44304842595010996,block1:s4,gated_rule_c,mixed,1785124621.4564629,1785124621.4569063,1785124621.8641431,1785124622.501088,
block1-001179,402.4584066355601,1037.9900186089799,48,20.0,402.128481073305,1037.6600930467248,0.3299255622550845,block1:s4,gated_rule_c,mixed,1785124621.9487934,1785124621.9491236,1785124622.3512585,1785124622.9867902,
block1-001180,409.8702899646014,1050.2871979260817,48,17.5,409.2840099474415,1049.7009179089218,0.5862800171598792,block1:s4,gated_rule_c,mixed,1785124622.5016677,1785124622.502254,1785124622.9115448,1785124623.5519617,
block1-001181,399.00680852588266,1057.7455625170842,49,117.5,398.39329302776605,1057.1320470189676,0.6135154981166124,block1:s4,gated_rule_c,mixed,1785124623.2272527,1785124623.2278666,1785124623.6262689,1785124624.285008,
block1-001182,61.85869500041008,3797.159829060547,174,15.0,61.4645779132843,3796.7657119734213,0.3941170871257782,block1:zero_tool,gated_rule_c,mixed,1785124623.3595154,1785124623.3599095,1785124623.4213827,1785124627.1566837,
block1-001183,470.3123038634658,1312.6746468478814,48,95.0,469.7454330744222,1312.1077760588378,0.5668707890436053,block1:s4,gated_rule_c,mixed,1785124624.042227,1785124624.0427942,1785124624.512547,1785124625.3549094,
block1-001184,55.84028421435505,3510.62317925971,161,320.0,55.07499794475734,3509.8578929901123,0.7652862695977092,block1:zero_tool,gated_rule_c,mixed,1785124624.2109845,1785124624.2117505,1785124624.2668338,1785124627.7216167,
block1-001185,353.587877121754,1044.364697067067,37,140.0,352.6396290399134,1043.4164489852265,0.9482480818405747,block1:s1,gated_rule_c,mixed,1785124624.2521727,1785124624.2531214,1785124624.605769,1785124625.2965457,
block1-001186,93.60468771774322,3106.0743797570467,143,17.5,92.94402599334717,3105.4137180326506,0.66066172439605,block1:zero_tool,gated_rule_c,mixed,1785124624.6154041,1785124624.616065,1785124624.7090158,1785124627.7214856,
block1-001187,396.8988509150222,982.3268029140308,37,297.5,396.79812802933156,982.2260800283402,0.10072288569062948,block1:s1,gated_rule_c,mixed,1785124624.6248038,1785124624.6249046,1785124625.0217106,1785124625.6071384,
block1-001188,261.41646574251354,903.8644497049972,36,170.0,260.87039906997234,903.318383032456,0.5460666725412011,block1:s1,gated_rule_c,mixed,1785124624.7416348,1785124624.742181,1785124625.0030587,1785124625.6455066,
block1-001189,114.06307900324464,1422.2571089630947,61,12.5,113.95511298906058,1422.1491429489106,0.10796601418405771,block1:s1,gated_rule_c,mixed,1785124625.0837688,1785124625.0838768,1785124625.1978393,1785124626.5060327,
block1-001190,164.83066813088953,1563.331181067042,69,320.0,164.2302650725469,1562.7307780086994,0.6004030583426356,block1:s1,gated_rule_c,mixed,1785124625.1119938,1785124625.1125944,1785124625.2768326,1785124626.6753325,
block1-001191,69.77173814084381,3567.3013841733336,165,152.5,68.96867603063583,3566.4983220631257,0.8030621102079749,block1:zero_tool,gated_rule_c,mixed,1785124625.3832352,1785124625.3840384,1785124625.4530146,1785124628.9505439,
block1-001192,273.19537207949907,896.4621940394863,40,172.5,272.4114661104977,895.678288070485,0.7839059690013528,block1:s2,gated_rule_c,mixed,1785124625.6280007,1785124625.628785,1785124625.9012039,1785124626.524471,
block1-001193,287.5209590420127,856.6016809782013,40,60.0,286.94509307388216,856.0258150100708,0.5758659681305289,block1:s2,gated_rule_c,mixed,1785124626.0057952,1785124626.006371,1785124626.2933226,1785124626.8624034,
block1-001194,96.11894399859011,1390.9193170256913,64,115.0,95.44054896105081,1390.240921988152,0.6783950375393033,block1:s2,gated_rule_c,mixed,1785124626.9122586,1785124626.912937,1785124627.008384,1785124628.303184,
block1-001195,60.49667706247419,11997.796634095721,535,52.5,60.05064304918051,11997.350600082427,0.44603401329368353,block1:zero_tool,gated_rule_c,mixed,1785124627.4936063,1785124627.494053,1785124627.5541103,1785124639.4914103,
block1-001196,386.1387619981542,916.7746080784127,36,107.5,384.0889179846272,914.7247640648857,2.0498440135270357,block1:s2,gated_rule_c,mixed,1785124627.8223433,1785124627.8243933,1785124628.2085233,1785124628.7391593,
block1-001197,513.8522635679692,1357.0950896246359,49,10.0,513.1562280002981,1356.3990540569648,0.6960355676710606,block1:s2,gated_rule_c,mixed,1785124627.9561737,1785124627.9568696,1785124628.470033,1785124629.3132758,
block1-001198,137.3030530521646,1656.741157057695,64,412.5,137.1795650338754,1656.6176690394059,0.12348801828920841,block1:s2,gated_rule_c,mixed,1785124627.9776406,1785124627.9777641,1785124628.1149502,1785124629.6343882,
block1-001199,212.00454933568835,862.568462267518,31,17.5,211.76794602070004,862.3318589525297,0.2366033149883151,block1:s2,gated_rule_c,mixed,1785124628.2792056,1785124628.279442,1785124628.4912198,1785124629.1417837,
block1-001200,487.23188193980604,1308.0196849768981,48,15.0,485.36977893672884,1306.157581973821,1.862103003077209,block1:s3,gated_rule_c,mixed,1785124628.4632118,1785124628.465074,1785124628.9504519,1785124629.77124,
block1-001201,84.9739545956254,3021.4417786337435,129,572.5,84.37254105228931,3020.8403650904074,0.6014135433360934,block1:zero_tool,gated_rule_c,mixed,1785124628.4766128,1785124628.4772146,1785124628.5615928,1785124631.4980605,
block1-001202,561.4658944541588,1080.393746495247,38,485.0,561.0698669916019,1079.99771903269,0.3960274625569582,block1:s3,gated_rule_c,mixed,1785124628.7711875,1785124628.7715838,1785124629.3326612,1785124629.851589,
block1-001203,415.253248764202,1123.957150732167,41,155.0,414.91840803064406,1123.6223099986091,0.33484073355793953,block1:s3,gated_rule_c,mixed,1785124628.8057172,1785124628.8060524,1785124629.220979,1785124629.9296832,
block1-001204,534.1539470246062,1212.4588690930977,48,117.5,533.5542289540172,1211.8591510225087,0.599718070589006,block1:s3,gated_rule_c,mixed,1785124628.8956606,1785124628.8962605,1785124629.429822,1785124630.1081266,
block1-001205,494.7624352062121,1168.6596712097526,48,287.5,493.653955985792,1167.5511919893324,1.1084792204201221,block1:s3,gated_rule_c,mixed,1785124628.9975805,1785124628.9986892,1785124629.4923525,1785124630.16625,
block1-001206,515.7003453932703,1029.5379523886368,43,177.5,515.4196019284427,1029.2572089238092,0.28074346482753754,block1:s3,gated_rule_c,mixed,1785124629.0981822,1785124629.0984633,1785124629.6138914,1785124630.127729,
block1-001207,104.94488780386746,3456.7454427015036,153,60.0,104.81867205817252,3456.6192269558087,0.12621574569493532,block1:zero_tool,gated_rule_c,mixed,1785124629.1159847,1785124629.116111,1785124629.2209356,1785124632.5727365,
block1-001208,427.617606241256,1095.1068901922554,48,105.0,427.4223210522905,1094.9116050032899,0.1952851889654994,block1:s4,gated_rule_c,mixed,1785124629.1667678,1785124629.166963,1785124629.5943916,1785124630.2618809,
block1-001209,71.13818591460586,3125.199847854674,139,105.0,70.33583300653845,3124.3974949466065,0.8023529080674052,block1:zero_tool,gated_rule_c,mixed,1785124629.4010472,1785124629.4018495,1785124629.4721942,1785124632.526256,
block1-001210,74.14436037652194,3489.643570384942,156,107.5,72.35410693101585,3487.853316939436,1.7902534455060959,block1:zero_tool,gated_rule_c,mixed,1785124629.5201974,1785124629.521988,1785124629.5943496,1785124633.0098486,
block1-001211,413.8154594693333,1071.9585114857182,48,545.0,412.3653559945524,1070.5084080109373,1.4501034747809172,block1:s4,gated_rule_c,mixed,1785124629.631807,1785124629.6332572,1785124630.0456302,1785124630.7037733,
block1-001212,76.22192392591387,3405.3890189388767,152,10.0,75.17885894048959,3404.3459539534524,1.0430649854242802,block1:zero_tool,gated_rule_c,mixed,1785124629.7554193,1785124629.7564626,1785124629.83165,1785124633.1608171,
block1-001213,70.10421680752188,4179.321951814927,182,60.0,69.18645603582263,4178.404191043228,0.9177607716992497,block1:zero_tool,gated_rule_c,mixed,1785124630.0176744,1785124630.0185924,1785124630.0877862,1785124634.197004,
block1-001214,61.409682617522776,3907.901711529121,167,12.5,60.392401996068656,3906.8844309076667,1.0172806214541197,block1:zero_tool,gated_rule_c,mixed,1785124630.470884,1785124630.4719014,1785124630.5323002,1785124634.3787923,
block1-001215,434.4934046966955,1173.4778407262638,48,52.5,433.4577739937231,1172.4422100232914,1.035630702972412,block1:s4,gated_rule_c,mixed,1785124630.5258255,1785124630.5268614,1785124630.9603257,1785124631.6993096,
block1-001216,418.5344106517732,1040.457940660417,43,10.0,418.32083894405514,1040.244368952699,0.21357170771807432,block1:s1,gated_rule_c,mixed,1785124630.804977,1785124630.8051906,1785124631.2235198,1785124631.845443,
block1-001217,119.08910423517227,1574.2756441468373,66,155.0,118.80116001702845,1573.9876999286935,0.28794421814382076,block1:s1,gated_rule_c,mixed,1785124630.9600997,1785124630.960388,1785124631.079198,1785124632.5343847,
block1-001218,368.90027252957225,1051.3095455244184,44,152.5,368.6889549717307,1051.0982279665768,0.21131755784153938,block1:s1,gated_rule_c,mixed,1785124631.1089914,1785124631.1092029,1785124631.4779007,1785124632.1603098,
block1-001219,73.85438692290336,4796.610209858045,213,395.0,73.48798401653767,4796.243806951679,0.3664029063656926,block1:zero_tool,gated_rule_c,mixed,1785124631.5268664,1785124631.5272331,1785124631.6007292,1785124636.3234851,
block1-001220,63.271110877394676,7417.434247792698,337,280.0,63.034504069946706,7417.1976409852505,0.2366068074479699,block1:zero_tool,gated_rule_c,mixed,1785124631.5376494,1785124631.5378861,1785124631.600928,1785124638.9550915,
block1-001221,116.66462186258286,1420.8571969065815,60,152.5,115.68608996458352,1419.8786650085822,0.9785318979993463,block1:s1,gated_rule_c,mixed,1785124631.7797225,1785124631.7807012,1785124631.896395,1785124633.2005875,
block1-001222,441.1342282546684,1107.5092792743817,47,820.0,440.26934495195746,1106.6443959716707,0.8648833027109504,block1:s1,gated_rule_c,mixed,1785124632.0924168,1785124632.0932817,1785124632.533559,1785124633.1999338,
block1-001223,60.543652856722474,3822.5457908120006,170,135.0,59.661085018888116,3821.6632229741663,0.8825678378343582,block1:zero_tool,gated_rule_c,mixed,1785124632.2921863,1785124632.2930691,1785124632.352738,1785124636.11474,
block1-001224,61.75759597681463,3832.01986993663,171,60.0,60.72314199991524,3830.9854159597307,1.0344539768993855,block1:zero_tool,gated_rule_c,mixed,1785124632.472722,1785124632.4737568,1785124632.5344894,1785124636.3047516,
block1-001225,361.03844293393195,1009.9724258761853,42,395.0,359.81695202644914,1008.7509349687025,1.2214909074828029,block1:s2,gated_rule_c,mixed,1785124632.8188293,1785124632.820051,1785124633.1798759,1785124633.82881,
block1-001226,333.8765515945852,896.9007065752521,37,15.0,332.80393201857805,895.828086999245,1.0726195760071278,block1:s2,gated_rule_c,mixed,1785124632.9810386,1785124632.9821112,1785124633.3149233,1785124633.8779473,
block1-001227,95.40974523406476,1699.2991032311693,69,485.0,95.10252007748932,1698.9918780745938,0.30722515657544136,block1:s2,gated_rule_c,mixed,1785124633.3309982,1785124633.3313055,1785124633.4264162,1785124635.0303054,
block1-001228,318.9702519448474,929.1718989843503,35,395.0,318.6198329785839,928.8214800180867,0.35041896626353264,block1:s2,gated_rule_c,mixed,1785124633.3531423,1785124633.353493,1785124633.6721203,1785124634.2823217,
block1-001229,448.8913145614788,1153.5889744991437,44,545.0,447.29052507318556,1151.9881850108504,1.6007894882932305,block1:s2,gated_rule_c,mixed,1785124633.7976506,1785124633.7992518,1785124634.2465508,1785124634.9512484,
block1-001230,106.1901890207082,1537.1783359441906,64,10.0,105.57324008550495,1536.5613870089874,0.6169489352032542,block1:s2,gated_rule_c,mixed,1785124633.883639,1785124633.8842564,1785124633.989836,1785124635.4208243,
block1-001231,371.1212519556284,936.6648409049958,37,105.0,370.7299310481176,936.273519997485,0.39132090751081705,block1:s2,gated_rule_c,mixed,1785124633.9678557,1785124633.9682477,1785124634.338986,1785124634.9045296,
block1-001232,64.4304424058646,4240.377397392876,194,287.5,63.03681503050029,4238.983770017512,1.3936273753643036,block1:zero_tool,gated_rule_c,mixed,1785124634.1397603,1785124634.141154,1785124634.2041984,1785124638.380145,
block1-001233,421.2987788487226,1167.80677693896,48,320.0,420.7897939486429,1167.2977920388803,0.5089849000796676,block1:s3,gated_rule_c,mixed,1785124634.1949646,1785124634.195474,1785124634.6162713,1785124635.3627794,
block1-001234,462.6178158214316,1125.4573387559503,48,280.0,461.80615411140025,1124.645677045919,0.8116617100313306,block1:s3,gated_rule_c,mixed,1785124634.5672073,1785124634.5680192,1785124635.0298326,1785124635.6926723,
block1-001235,278.3327082870528,943.1793863186613,41,485.0,277.25084603298455,942.097524064593,1.0818622540682554,block1:s3,gated_rule_c,mixed,1785124634.6526623,1785124634.6537445,1785124634.931003,1785124635.59585,
block1-001236,91.04373829904944,3566.0234823590145,164,105.0,90.30629496555775,3565.2860390255228,0.737443333491683,block1:zero_tool,gated_rule_c,mixed,1785124634.6974957,1785124634.6982334,1785124634.7885475,1785124638.263527,
block1-001237,62.82159988768399,3188.116568955593,146,95.0,62.63384595513344,3187.9288150230423,0.1877539325505495,block1:zero_tool,gated_rule_c,mixed,1785124634.8485527,1785124634.8487403,1785124634.911381,1785124638.036676,
block1-001238,474.8795701889321,976.5209382167086,43,217.5,472.7502620080486,974.3916300358251,2.129308180883527,block1:s3,gated_rule_c,mixed,1785124635.0424292,1785124635.0445588,1785124635.5173166,1785124636.018958,
block1-001239,409.66202470008284,1113.4848496876657,48,550.0,408.016211935319,1111.8390369229019,1.645812764763832,block1:s3,gated_rule_c,mixed,1785124635.7426913,1785124635.7443373,1785124636.152361,1785124636.8561838,
block1-001240,476.44307441078126,1178.7910944549367,48,117.5,476.0591830126941,1178.4072030568495,0.3838913980871439,block1:s4,gated_rule_c,mixed,1785124636.4359903,1785124636.4363744,1785124636.9124413,1785124637.6147897,
block1-001241,66.76284375134856,2677.7950787218288,122,95.0,65.80041605047882,2676.832651020959,0.9624277008697391,block1:zero_tool,gated_rule_c,mixed,1785124636.618494,1785124636.6194568,1785124636.6852667,1785124639.296299,
block1-001242,481.56918946187943,1147.2610473865643,48,15.0,481.1280081048608,1146.8198660295457,0.4411813570186496,block1:s4,gated_rule_c,mixed,1785124636.6618779,1785124636.6623194,1785124637.143456,1785124637.8091476,
block1-001243,450.0668951077387,1120.04795006942,48,17.5,449.38571203965694,1119.3667670013383,0.6811830680817366,block1:s4,gated_rule_c,mixed,1785124636.770518,1785124636.7712,1785124637.2205942,1785124637.890576,
block1-001244,433.7398651987314,1117.4639291130006,48,85.0,432.676941039972,1116.4010049542412,1.0629241587594151,block1:s4,gated_rule_c,mixed,1785124636.9456208,1785124636.946684,1785124637.3793676,1785124638.063092,
block1-001245,62.14736879337579,3220.237843808718,147,485.0,61.84826896060258,3219.938743975945,0.2990998327732086,block1:zero_tool,gated_rule_c,mixed,1785124637.264091,1785124637.2643902,1785124637.326247,1785124640.4843373,
block1-001246,421.5472241630778,1090.0590841192752,48,15.0,420.48990703187883,1089.0017669880763,1.0573171311989427,block1:s4,gated_rule_c,mixed,1785124637.2894766,1785124637.2905345,1785124637.7110324,1785124638.3795443,
block1-001247,430.44341483619064,1045.8345807855949,48,92.5,429.5492209494114,1044.9403868988156,0.8941938867792487,block1:s4,gated_rule_c,mixed,1785124637.8333845,1785124637.8342786,1785124638.2638361,1785124638.8792276,
block1-001248,60.43100799433887,2428.723359014839,112,187.5,60.013144044205546,2428.3054950647056,0.41786395013332367,block1:zero_tool,gated_rule_c,mixed,1785124637.9830785,1785124637.9834967,1785124638.0435183,1785124640.4118104,
block1-001249,53.24123112950474,4336.5548881702125,199,20.0,51.2036900036037,4334.5173470443115,2.0375411259010434,block1:zero_tool,gated_rule_c,mixed,1785124638.0899012,1785124638.091939,1785124638.1431496,1785124642.4264631,
block1-001250,54.388809483498335,3376.735098543577,154,287.5,54.134181002154946,3376.4804700622335,0.25462848134338856,block1:zero_tool,gated_rule_c,mixed,1785124638.1500707,1785124638.1503253,1785124638.2044656,1785124641.526812,
block1-001251,61.43601436633617,4926.1409842874855,225,177.5,61.19972106534988,4925.904690986499,0.23629330098628998,block1:zero_tool,gated_rule_c,mixed,1785124638.6252077,1785124638.6254442,1785124638.6866522,1785124643.5513577,
block1-001252,102.3424924351275,1474.1095044882968,61,170.0,101.21192398946732,1472.9789360426366,1.130568445660174,block1:s1,gated_rule_c,mixed,1785124639.1258693,1785124639.127,1785124639.2282202,1785124640.5999873,
block1-001253,121.53283413499594,1417.33613924589,60,280.0,120.58999692089856,1416.3933020317927,0.9428372140973806,block1:s1,gated_rule_c,mixed,1785124639.2243671,1785124639.2253103,1785124639.3459098,1785124640.6417127,
block1-001254,400.6523215211928,873.8996054744348,37,320.0,400.6015460472554,873.8488300004974,0.050775473937392235,block1:s1,gated_rule_c,mixed,1785124639.4216797,1785124639.4217305,1785124639.8223393,1785124640.2955866,
block1-001255,133.20499751716852,6602.096209535375,296,280.0,132.79544096440077,6601.6866529826075,0.4095565527677536,block1:zero_tool,gated_rule_c,mixed,1785124639.4963512,1785124639.4967608,1785124639.6295629,1785124646.098454,
block1-001256,277.6091111591086,867.6387331215665,40,160.0,277.30722806882113,867.336850031279,0.301883090287447,block1:s2,gated_rule_c,mixed,1785124639.5257347,1785124639.5260377,1785124639.803356,1785124640.3933856,
block1-001257,78.08082411065698,2481.497369008139,113,107.5,77.74290209636092,2481.1594469938427,0.33792201429605484,block1:zero_tool,gated_rule_c,mixed,1785124640.0413578,1785124640.041696,1785124640.1194475,1785124642.5228643,
block1-001258,62.02355970162898,3551.731648738496,165,287.5,61.88555900007486,3551.593648036942,0.1380007015541196,block1:zero_tool,gated_rule_c,mixed,1785124640.0570846,1785124640.0572228,1785124640.1191165,1785124643.6088247,
block1-001259,96.81450482457876,1533.3884698338807,69,282.5,96.36963799130172,1532.9436030006036,0.4448668332770467,block1:s2,gated_rule_c,mixed,1785124640.3872712,1785124640.387716,1785124640.484093,1785124641.9206672,
block1-001260,61.49440165609121,4232.590962667018,193,75.0,60.63918198924512,4231.735743000172,0.8552196668460965,block1:zero_tool,gated_rule_c,mixed,1785124640.5800674,1785124640.580923,1785124640.641571,1785124644.8126678,
block1-001261,71.13394583575428,3955.7644948363304,180,95.0,70.79079304821789,3955.421342048794,0.3431527875363827,block1:zero_tool,gated_rule_c,mixed,1785124640.6496193,1785124640.6499627,1785124640.7207608,1785124644.6053913,
block1-001262,144.0189213026315,1487.2535113245249,64,177.5,143.30758096184582,1486.5421709837392,0.7113403407856822,block1:s2,gated_rule_c,mixed,1785124641.134993,1785124641.1357045,1785124641.279021,1785124642.6222553,
block1-001263,343.0680432356894,815.2148112421855,34,572.5,342.2572589479387,814.4040269544348,0.810784287750721,block1:s2,gated_rule_c,mixed,1785124641.1441205,1785124641.1449316,1785124641.487196,1785124641.959343,
block1-001264,480.2876046160236,1145.394268562086,48,15.0,479.4704270316288,1144.5770909776911,0.8171775843948126,block1:s3,gated_rule_c,mixed,1785124641.1458614,1785124641.1466784,1785124641.6261554,1785124642.291262,
block1-001265,73.98198288865387,2951.562778907828,134,20.0,72.13189895264804,2949.712694971822,1.8500839360058308,block1:zero_tool,gated_rule_c,mixed,1785124641.6123266,1785124641.6141768,1785124641.6863167,1785124644.5638971,
block1-001266,94.46397260762751,3697.803140617907,161,297.5,94.14968499913812,3697.4888530094177,0.3142876084893942,block1:zero_tool,gated_rule_c,mixed,1785124642.1094363,1785124642.1097507,1785124642.2039084,1785124645.8072476,
block1-001267,299.6924433391541,959.0501552447677,39,15.0,298.1258180225268,957.4835299281403,1.5666253166273236,block1:s3,gated_rule_c,mixed,1785124642.1265602,1785124642.1281273,1785124642.4262614,1785124643.0856192,
block1-001268,422.6010717684403,1120.3332317527384,48,550.0,421.68636596761644,1119.4185259519145,0.9147058008238673,block1:s3,gated_rule_c,mixed,1785124642.2955868,1785124642.2965019,1785124642.7181952,1785124643.415928,
block1-001269,397.48024044092745,980.5199764668941,43,17.5,397.07554900087416,980.1152850268409,0.40469144005328417,block1:s3,gated_rule_c,mixed,1785124642.688294,1785124642.6886988,1785124643.085781,1785124643.668821,
block1-001270,75.31414669938385,3528.4529976779595,155,572.5,74.70771193038672,3527.8465629089624,0.6064347689971328,block1:zero_tool,gated_rule_c,mixed,1785124642.7585108,1785124642.7591174,1785124642.8338323,1785124646.2869709,
block1-001271,316.68981281109154,1008.1376518355682,43,287.5,315.8118459396064,1007.2596849640831,0.8779668714851141,block1:s3,gated_rule_c,mixed,1785124642.8850043,1785124642.8858824,1785124643.201702,1785124643.8931496,
block1-001272,484.7177159972489,1176.2866249773651,48,100.0,484.1343549778685,1175.7032639579847,0.5833610193803906,block1:s4,gated_rule_c,mixed,1785124643.6167212,1785124643.6173046,1785124644.101447,1785124644.7930167,
block1-001273,461.20660414453596,1153.3127120928839,48,10.0,460.6450339779258,1152.7511419262737,0.5615701666101813,block1:s4,gated_rule_c,mixed,1785124643.6595213,1785124643.6600835,1785124644.1207392,1785124644.8128455,
block1-001274,401.36304567568004,1126.4112276257947,48,117.5,401.06163802556694,1126.1098199756816,0.3014076501131058,block1:s4,gated_rule_c,mixed,1785124643.9313602,1785124643.931662,1785124644.3327324,1785124645.0577805,
block1-001275,494.9895468307659,1276.555183925666,48,15.0,494.0119859529659,1275.577623047866,0.9775608777999878,block1:s4,gated_rule_c,mixed,1785124644.4299107,1785124644.4308887,1785124644.924909,1785124645.7064748,
block1-001276,437.0184955187142,1224.7433145530522,48,115.0,436.44827499520034,1224.1730940295383,0.5702205235138535,block1:s4,gated_rule_c,mixed,1785124644.563398,1785124644.563968,1785124645.000423,1785124645.7881477,
block1-001277,435.0113634718582,1252.297316561453,48,20.0,434.53266099095345,1251.8186140805483,0.478702480904758,block1:s4,gated_rule_c,mixed,1785124644.8079572,1785124644.8084362,1785124645.2429774,1785124646.0602634,
block1-001278,534.7372834803537,1211.876126471907,48,105.0,534.380599972792,1211.5194429643452,0.35668350756168365,block1:s4,gated_rule_c,mixed,1785124645.151405,1785124645.151762,1785124645.6861496,1785124646.3632886,
block1-001279,540.6265442725271,1214.975785347633,48,282.5,539.5852540386841,1213.93449511379,1.0412902338430285,block1:s4,gated_rule_c,mixed,1785124645.165459,1785124645.1665003,1785124645.7060928,1785124646.3804417,
block1-001280,455.92827326618135,1096.1966833565384,43,15.0,454.88812192343175,1095.1565320137888,1.0401513427495956,block1:s1,gated_rule_c,mixed,1785124645.1718132,1785124645.1728535,1785124645.6277473,1785124646.2680156,
block1-001281,424.667977495119,1064.411600586027,43,10.0,424.490759964101,1064.234383055009,0.17721753101795912,block1:s1,gated_rule_c,mixed,1785124645.2228966,1785124645.223074,1785124645.647572,1785124646.287316,
block1-001282,66.95860938634723,3596.883632359095,171,15.0,65.97689702175558,3595.9019199945033,0.9817123645916581,block1:zero_tool,gated_rule_c,mixed,1785124645.720863,1785124645.721845,1785124645.78783,1785124649.317755,
block1-001283,360.2300954516977,857.6905834488571,37,395.0,360.07444898132235,857.5349369784817,0.15564647037535906,block1:s1,gated_rule_c,mixed,1785124645.7752614,1785124645.7754173,1785124646.1354988,1785124646.6329591,
block1-001284,315.0333174271509,762.5777514185756,36,140.0,313.4286149870604,760.9730489784852,1.6047024400904775,block1:s1,gated_rule_c,mixed,1785124646.354516,1785124646.356121,1785124646.6695561,1785124647.1171007,
block1-001285,50.0373465474695,3501.284434576519,167,117.5,48.815127927809954,3500.0622159568593,1.222218619659543,block1:zero_tool,gated_rule_c,mixed,1785124646.9917474,1785124646.9929698,1785124647.0417922,1785124650.4930394,
block1-001286,289.9537115590647,901.3685685349628,40,307.5,289.06926698982716,900.4841239657253,0.8844445692375302,block1:s1,gated_rule_c,mixed,1785124647.1334305,1785124647.1343155,1785124647.423395,1785124648.0348098,
block1-001287,64.17637038975954,2434.2301004799083,116,297.5,62.918615993112326,2432.972346083261,1.257754396647215,block1:zero_tool,gated_rule_c,mixed,1785124647.2276278,1785124647.2288857,1785124647.2918122,1785124649.6618657,
block1-001288,55.91779400128871,3117.995019070804,149,95.0,55.07189896889031,3117.1491240384057,0.8458950323984027,block1:zero_tool,gated_rule_c,mixed,1785124647.540688,1785124647.541534,1785124647.596613,1785124650.6586902,
block1-001289,278.9741426240653,843.3661665767431,40,10.0,278.322599013336,842.7146229660138,0.6515436107292771,block1:s2,gated_rule_c,mixed,1785124647.8299067,1785124647.8305583,1785124648.108887,1785124648.6732793,
block1-001290,53.81326691713184,2937.441402929835,140,10.0,52.71986697334796,2936.348002986051,1.0933999437838793,block1:zero_tool,gated_rule_c,mixed,1785124648.0959125,1785124648.097006,1785124648.1497319,1785124651.0333602,
block1-001291,344.85005226451904,1011.1247602617368,43,12.5,343.94013695418835,1010.2148449514061,0.909915310330689,block1:s2,gated_rule_c,mixed,1785124648.7119262,1785124648.712836,1785124649.0567837,1785124649.7230582,
block1-001292,351.1952789267525,885.3240329772234,36,287.5,350.3390590194613,884.4678130699322,0.8562199072912335,block1:s2,gated_rule_c,mixed,1785124648.9464111,1785124648.9472675,1785124649.297614,1785124649.8317428,
block1-001293,389.0740758506581,1001.8020798452199,44,282.5,388.23333906475455,1000.9613430593163,0.840736785903573,block1:s2,gated_rule_c,mixed,1785124649.0414243,1785124649.0422654,1785124649.4305065,1785124650.0432348,
block1-001294,353.5722498781979,849.4650048669428,38,350.0,353.03277091588825,848.9255259046331,0.5394789623096585,block1:s2,gated_rule_c,mixed,1785124649.2880604,1785124649.2886,1785124649.6416407,1785124650.1375332,
block1-001295,82.43084338027984,6797.835936420597,317,177.5,81.34643302764744,6796.751526067965,1.0844103526324034,block1:zero_tool,gated_rule_c,mixed,1785124649.3480287,1785124649.349113,1785124649.4304667,1785124656.1458719,
block1-001296,260.7373776845634,711.0957957338542,32,297.5,260.22024103440344,710.5786590836942,0.517136650159955,block1:s3,gated_rule_c,mixed,1785124649.6874087,1785124649.687926,1785124649.9481523,1785124650.398511,
block1-001297,67.95680930372328,2833.1325493054464,129,12.5,66.91613490693271,2832.091874908656,1.040674396790564,block1:zero_tool,gated_rule_c,mixed,1785124649.804699,1785124649.8057399,1785124649.872663,1785124652.6378386,
block1-001298,352.48450050130486,874.5867904508486,38,15.0,352.1878740284592,874.290163978003,0.29662647284567356,block1:s3,gated_rule_c,mixed,1785124650.418387,1785124650.418684,1785124650.7708786,1785124651.2929807,
block1-001299,435.1605213014409,1151.54827630613,48,140.0,433.4635679842904,1149.8513229889795,1.6969533171504736,block1:s3,gated_rule_c,mixed,1785124650.7641745,1785124650.7658715,1785124651.199343,1785124651.9157305,
block1-001300,297.8687649592757,1033.374303020537,42,152.5,296.85345594771206,1032.3589940089732,1.0153090115636587,block1:s3,gated_rule_c,mixed,1785124651.013298,1785124651.0143135,1785124651.3111742,1785124652.0466795,
block1-001301,505.7746508391574,1175.037203822285,46,350.0,505.13179902918637,1174.394352012314,0.6428518099710345,block1:s3,gated_rule_c,mixed,1785124651.5207386,1785124651.5213816,1785124652.0265207,1785124652.6957834,
block1-001302,499.3253039428964,1165.3322369093075,46,25.0,497.40067205857486,1163.407605024986,1.9246318843215704,block1:s3,gated_rule_c,mixed,1785124651.5683365,1785124651.5702612,1785124652.0676699,1785124652.733677,
block1-001303,366.4815297815949,1091.3892998360097,43,117.5,366.18053389247507,1091.08830394689,0.3009958891198039,block1:s3,gated_rule_c,mixed,1785124651.6045446,1785124651.6048458,1785124651.9710326,1785124652.6959403,
block1-001304,492.40988946985453,1209.8101525334641,48,320.0,491.80395889561623,1209.2042219592258,0.6059305742383003,block1:s4,gated_rule_c,mixed,1785124651.891856,1785124651.892462,1785124652.3842752,1785124653.1016755,
block1-001305,450.0782387331128,1165.8191757742316,48,357.5,449.03506396804005,1164.7760010091588,1.043174765072763,block1:s4,gated_rule_c,mixed,1785124652.0316427,1785124652.032686,1785124652.4817286,1785124653.1974695,
block1-001306,434.1619012411684,1147.8307952638716,48,820.0,433.5228579584509,1147.191751981154,0.6390432827174664,block1:s4,gated_rule_c,mixed,1785124652.163862,1785124652.1645012,1785124652.5980318,1785124653.3117006,
block1-001307,96.96529572829604,3897.108019795269,184,75.0,95.87493096478283,3896.0176550317556,1.0903647635132074,block1:zero_tool,gated_rule_c,mixed,1785124652.322976,1785124652.3240666,1785124652.4199493,1785124656.220092,
block1-001308,64.53629396855831,3393.160895910114,158,572.5,63.816444016993046,3392.441045958549,0.7198499515652657,block1:zero_tool,gated_rule_c,mixed,1785124652.3586733,1785124652.3593934,1785124652.4232173,1785124655.7518423,
block1-001309,58.808472589589655,3481.5940615953878,163,115.0,58.50530893076211,3481.29089793656,0.30316365882754326,block1:zero_tool,gated_rule_c,mixed,1785124652.3646321,1785124652.3649354,1785124652.4234474,1785124655.8462331,
block1-001310,477.08380850963295,1149.6983824763447,48,350.0,476.3068240135908,1148.9213979803026,0.7769844960421324,block1:s4,gated_rule_c,mixed,1785124652.7772195,1785124652.7779968,1785124653.2543108,1785124653.9269254,
block1-001311,459.8035356029868,1132.8787085367367,48,22.5,459.5516730332747,1132.6268459670246,0.2518625697121024,block1:s4,gated_rule_c,mixed,1785124652.8131914,1785124652.813444,1785124653.27301,1785124653.9460852,
block1-001312,324.89718252327293,959.3642374966294,43,572.5,323.43354902695864,957.9006040003151,1.4636334963142872,block1:s1,gated_rule_c,mixed,1785124652.9868748,1785124652.9883387,1785124653.311779,1785124653.9462461,
block1-001313,339.83354014344513,973.0798291275278,43,217.5,339.2586540430784,972.5049430271611,0.5748861003667116,block1:s1,gated_rule_c,mixed,1785124653.3543828,1785124653.3549578,1785124653.694223,1785124654.327469,
block1-001314,63.21764038875699,10980.315848370083,530,95.0,61.93401897326112,10979.032226954587,1.2836214154958725,block1:zero_tool,gated_rule_c,mixed,1785124653.8635445,1785124653.864828,1785124653.9267702,1785124664.8438685,
block1-001315,113.92952594906092,1575.492997886613,72,15.0,113.31745109055191,1574.880923028104,0.6120748585090041,block1:s1,gated_rule_c,mixed,1785124654.0057447,1785124654.006357,1785124654.1196804,1785124655.5812442,
block1-001316,250.62991841696203,818.6399884289131,39,105.0,249.6557739796117,817.6658439915627,0.9741444373503327,block1:s1,gated_rule_c,mixed,1785124654.424682,1785124654.4256563,1785124654.6753185,1785124655.2433286,
block1-001317,69.38788550905883,3372.715355595574,167,15.0,69.26257896702737,3372.5900490535423,0.12530654203146696,block1:zero_tool,gated_rule_c,mixed,1785124655.214597,1785124655.2147224,1785124655.2839923,1785124658.5873199,
block1-001318,107.41955367848277,3984.7041396424174,194,280.0,106.67423997074366,3983.9588259346783,0.7453137077391148,block1:zero_tool,gated_rule_c,mixed,1785124655.3391097,1785124655.3398552,1785124655.4465356,1785124659.32382,
block1-001319,126.18077651131898,1236.986079486087,60,10.0,125.87299500592053,1236.6782979806885,0.3077815053984523,block1:s1,gated_rule_c,mixed,1785124655.3585105,1785124655.3588183,1785124655.4846976,1785124656.5955029,
block1-001320,272.7782925358042,904.6438675140962,40,187.5,272.2988500026986,904.1644249809906,0.4794425331056118,block1:s2,gated_rule_c,mixed,1785124656.597238,1785124656.5977178,1785124656.8700244,1785124657.50189,
block1-001321,57.50752741005272,3076.8831983441487,150,282.5,56.912105064839125,3076.287775998935,0.595422345213592,block1:zero_tool,gated_rule_c,mixed,1785124656.7567852,1785124656.7573807,1785124656.8143,1785124659.833676,
block1-001322,300.1352063147351,786.7615843424574,36,22.5,299.3239009520039,785.9502789797261,0.8113053627312183,block1:s2,gated_rule_c,mixed,1785124657.0546243,1785124657.0554357,1785124657.3547664,1785124657.8413928,
block1-001323,61.72656605485827,14454.919353011064,672,485.0,60.562583967112005,14453.755370923318,1.1639820877462626,block1:zero_tool,gated_rule_c,mixed,1785124657.180411,1785124657.181575,1785124657.2421458,1785124671.6353385,
block1-001324,306.51420378126204,757.9116338165477,36,160.0,305.7807229924947,757.1781530277804,0.7334807887673378,block1:s2,gated_rule_c,mixed,1785124657.3644273,1785124657.365161,1785124657.670951,1785124658.1223485,
block1-001325,480.09073035791516,1087.8701583715156,49,485.0,479.80777896009386,1087.5872069736943,0.2829513978213072,block1:s2,gated_rule_c,mixed,1785124658.637586,1785124658.6378691,1785124659.1176832,1785124659.7254624,
block1-001326,341.5966023458168,797.3346014041454,36,282.5,341.14465094171464,796.8826500000432,0.4519514041021466,block1:s2,gated_rule_c,mixed,1785124658.8871214,1785124658.8875735,1785124659.2287254,1785124659.6844635,
block1-001327,329.57942853681743,820.9102635737509,37,110.0,328.99901596829295,820.3298510052264,0.5804125685244799,block1:s2,gated_rule_c,mixed,1785124659.1061697,1785124659.1067502,1785124659.4357553,1785124659.927086,
block1-001328,62.632588553242385,2719.3515616236255,124,15.0,62.03214090783149,2718.7511139782146,0.6004476454108953,block1:zero_tool,gated_rule_c,mixed,1785124659.4901416,1785124659.4907422,1785124659.5527813,1785124662.2095,
block1-001329,474.5041796704754,1229.1963626630604,48,117.5,474.01036601513624,1228.7025490077212,0.4938136553391814,block1:s3,gated_rule_c,mixed,1785124659.6798785,1785124659.6803725,1785124660.1543896,1785124660.909082,
block1-001330,439.2605487955734,1066.813639830798,41,145.0,438.3182000601664,1065.871291095391,0.9423487354069948,block1:s3,gated_rule_c,mixed,1785124659.9190753,1785124659.9200177,1785124660.3583415,1785124660.9858944,
block1-001331,465.9867638256401,1189.286607899703,48,12.5,465.51256196107715,1188.8124060351402,0.4742018645629287,block1:s3,gated_rule_c,mixed,1785124659.9679918,1785124659.9684658,1785124660.4339843,1785124661.157284,
block1-001332,314.00898820720613,999.6701522031799,41,20.0,312.89596296846867,998.5571269644424,1.113025238737464,block1:s3,gated_rule_c,mixed,1785124660.1010053,1785124660.1021187,1785124660.4150233,1785124661.1006846,
block1-001333,424.0560344187543,1068.1287394836545,43,60.0,423.9166409242898,1067.98934598919,0.13939349446445704,block1:s3,gated_rule_c,mixed,1785124660.5617123,1785124660.561852,1785124660.985775,1785124661.6298482,
block1-001334,458.8805241510272,1140.5758601613343,48,17.5,457.984603010118,1139.679939020425,0.895921140909195,block1:s3,gated_rule_c,mixed,1785124660.6216774,1785124660.6225736,1785124661.0805657,1785124661.7622612,
block1-001335,339.33896594680846,1040.5442150076851,44,107.5,338.6937490431592,1039.8989981040359,0.6452169036492705,block1:s3,gated_rule_c,mixed,1785124660.6839716,1785124660.684617,1785124661.0233166,1785124661.7245219,
block1-001336,445.1802266994491,1044.6113706566393,48,95.0,444.6960019413382,1044.1271458985284,0.48422475811094046,block1:s4,gated_rule_c,mixed,1785124661.1650474,1785124661.1655319,1785124661.610234,1785124662.2096653,
block1-001337,393.5842822538689,994.9943502433598,48,10.0,393.05429195519537,994.4643599446863,0.5299902986735106,block1:s4,gated_rule_c,mixed,1785124661.3683,1785124661.3688302,1785124661.7618916,1785124662.3633015,
block1-001338,403.61203253269196,1008.4392025601119,48,217.5,401.91647596657276,1006.7436459939927,1.695556566119194,block1:s4,gated_rule_c,mixed,1785124662.328999,1785124662.330695,1785124662.7326188,1785124663.337446,
block1-001339,64.75868751294911,4133.855284424499,184,485.0,64.39877406228334,4133.495370973833,0.35991345066577196,block1:zero_tool,gated_rule_c,mixed,1785124662.971371,1785124662.9717312,1785124663.0361378,1785124667.1052344,
block1-001340,67.72609835024923,3530.946677434258,154,357.5,67.28217494674027,3530.502754030749,0.4439234035089612,block1:zero_tool,gated_rule_c,mixed,1785124663.3661327,1785124663.366577,1785124663.433866,1785124666.8970864,
block1-001341,84.78868985548615,3158.219945849851,135,320.0,83.89438700396568,3157.3256429983303,0.8943028515204787,block1:zero_tool,gated_rule_c,mixed,1785124663.738734,1785124663.7396286,1785124663.8235302,1785124666.8969615,
block1-001342,61.50016176979989,3835.455964785069,167,10.0,61.08878296799958,3835.044585983269,0.4113788018003106,block1:zero_tool,gated_rule_c,mixed,1785124663.7651143,1785124663.765526,1785124663.8266222,1785124667.6005778,
block1-001343,62.11884296499193,3450.4107208922505,148,15.0,61.93175108637661,3450.223629013635,0.18709187861531973,block1:zero_tool,gated_rule_c,mixed,1785124663.8245163,1785124663.8247035,1785124663.8866413,1785124667.2749326,
block1-001344,311.0017020953819,994.2385260947049,43,152.5,310.14224293176085,993.3790669310838,0.859459163621068,block1:s1,gated_rule_c,mixed,1785124663.8686013,1785124663.869461,1785124664.1796103,1785124664.862847,
block1-001345,119.05207217205316,1643.8924652757123,69,280.0,118.72508598025888,1643.565479083918,0.32698619179427624,block1:s1,gated_rule_c,mixed,1785124664.2156062,1785124664.2159333,1785124664.334667,1785124665.8595076,
block1-001346,277.6726371375844,962.1103091631085,40,350.0,276.7101189820096,961.1477910075337,0.9625181555747986,block1:s1,gated_rule_c,mixed,1785124664.5853682,1785124664.586331,1785124664.8630476,1785124665.5474854,
block1-001347,384.3283783644438,1231.3042604364455,45,177.5,383.2051520003006,1230.1810340723023,1.1232263641431928,block1:s1,gated_rule_c,mixed,1785124664.9418116,1785124664.942935,1785124665.3261476,1785124666.1731236,
block1-001348,322.00849638320506,1011.249985313043,36,550.0,321.35044096503407,1010.591929894872,0.6580554181709886,block1:s1,gated_rule_c,mixed,1785124665.4358788,1785124665.4365368,1785124665.7578952,1785124666.447137,
block1-001349,133.92415549606085,1556.5774254500866,62,20.0,133.41740402393043,1556.0706739779562,0.5067514721304178,block1:s1,gated_rule_c,mixed,1785124665.7257264,1785124665.7262332,1785124665.8596587,1785124667.2823122,
block1-001350,77.2869004867971,8175.465357489884,368,15.0,76.39653899241239,8174.574995995499,0.890361494384706,block1:zero_tool,gated_rule_c,mixed,1785124665.8224897,1785124665.8233802,1785124665.8997836,1785124673.997962,
block1-001351,138.0058650393039,1490.5664490070194,62,307.5,137.0950830169022,1489.6556669846177,0.9107820224016905,block1:s1,gated_rule_c,mixed,1785124665.9053013,1785124665.9062123,1785124666.0433154,1785124667.3958762,
block1-001352,436.7598396493122,945.9681086009368,38,107.5,436.5833590272814,945.791627978906,0.17648062203079462,block1:s2,gated_rule_c,mixed,1785124665.9707503,1785124665.970927,1785124666.407517,1785124666.9167252,
block1-001353,430.35121622961015,954.8833302687854,38,110.0,428.6545920185745,953.1867060577497,1.6966242110356688,block1:s2,gated_rule_c,mixed,1785124665.9966204,1785124665.9983172,1785124666.426981,1785124666.9515128,
block1-001354,98.07104710489511,1416.9371790485457,64,22.5,97.07744908519089,1415.9435810288414,0.9935980197042227,block1:s2,gated_rule_c,mixed,1785124666.61717,1785124666.618164,1785124666.7152488,1785124668.034115,
block1-001355,63.60672670416534,13710.536724654958,623,60.0,62.53414007369429,13709.464138024487,1.0725866304710507,block1:zero_tool,gated_rule_c,mixed,1785124666.693711,1785124666.6947837,1785124666.7573254,1785124680.4042554,
block1-001356,300.4408226115629,944.1497835796326,42,15.0,299.5004950789735,943.2094560470432,0.9403275325894356,block1:s2,gated_rule_c,mixed,1785124666.900325,1785124666.9012656,1785124667.2007732,1785124667.844482,
block1-001357,61.86986900866032,12132.220581057481,554,105.0,61.483053024858236,12131.83376507368,0.38681598380208015,block1:zero_tool,gated_rule_c,mixed,1785124667.2206664,1785124667.2210534,1785124667.282543,1785124679.3528934,
block1-001358,379.61901805829257,832.8470790293068,38,60.0,377.624629996717,830.8526909677312,1.9943880615755916,block1:s2,gated_rule_c,mixed,1785124667.4263532,1785124667.4283476,1785124667.8059783,1785124668.2592063,
block1-001359,323.7162831937894,811.0029262024909,37,10.0,323.2511969981715,810.537840006873,0.4650861956179142,block1:s2,gated_rule_c,mixed,1785124667.6531887,1785124667.653654,1785124667.9769127,1785124668.464199,
block1-001360,406.0520767234266,1126.0214986978099,48,17.5,405.33811098430306,1125.3075329586864,0.7139657391235232,block1:s3,gated_rule_c,mixed,1785124668.265738,1785124668.266452,1785124668.6717973,1785124669.3917668,
block1-001361,305.95027445815504,957.8289134660736,39,20.0,305.6361279450357,957.5147669529542,0.31414651311933994,block1:s3,gated_rule_c,mixed,1785124668.6294875,1785124668.629802,1785124668.9354455,1785124669.5873241,
block1-001362,407.05328236799687,1137.9308344330639,48,280.0,406.64682700298727,1137.5243790680543,0.4064553650096059,block1:s3,gated_rule_c,mixed,1785124668.7370498,1785124668.7374566,1785124669.1441107,1785124669.8749883,
block1-001363,74.2797905113548,2889.517543488182,128,187.5,73.86680704075843,2889.1045600175858,0.4129834705963731,block1:zero_tool,gated_rule_c,mixed,1785124668.8040652,1785124668.8044784,1785124668.8783526,1785124671.6935902,
block1-001364,461.2423616927117,1194.2802877165377,48,100.0,460.513822035864,1193.55174805969,0.7285396568477154,block1:s3,gated_rule_c,mixed,1785124669.183145,1785124669.1838737,1785124669.644394,1785124670.3774319,
block1-001365,449.92363604251295,1188.9075450599194,48,115.0,449.1763149853796,1188.160224002786,0.7473210571333766,block1:s3,gated_rule_c,mixed,1785124669.4052515,1785124669.4059992,1785124669.8551834,1785124670.5941672,
block1-001366,67.91072781197727,3770.4256587894633,165,485.0,66.2020780146122,3768.7170089920983,1.7086497973650694,block1:zero_tool,gated_rule_c,mixed,1785124669.499532,1785124669.5012407,1785124669.5674503,1785124673.2699652,
block1-001367,355.7806258322671,1133.4853648440912,43,50.0,354.8336559906602,1132.5383950024843,0.946969841606915,block1:s3,gated_rule_c,mixed,1785124669.672479,1785124669.6734262,1785124670.0282667,1785124670.8059714,
block1-001368,449.41492506768554,1194.4433781318367,48,50.0,448.33534699864686,1193.363800062798,1.0795780690386891,block1:s4,gated_rule_c,mixed,1785124669.8692667,1785124669.8703468,1785124670.3186889,1785124671.0637171,
block1-001369,441.8698624940589,1227.894477546215,49,152.5,440.7687790226191,1226.7933940747753,1.1010834714397788,block1:s4,gated_rule_c,mixed,1785124670.0513391,1785124670.0524404,1785124670.4932165,1785124671.2792413,
block1-001370,495.55231153499335,1169.772808556445,48,110.0,494.69565402250737,1168.916151043959,0.856657512485981,block1:s4,gated_rule_c,mixed,1785124670.407391,1785124670.408248,1785124670.9029512,1785124671.5771718,
block1-001371,78.05029058363289,3901.43796952907,175,15.0,77.39915698766708,3900.786835933104,0.6511335959658027,block1:zero_tool,gated_rule_c,mixed,1785124670.4956887,1785124670.49634,1785124670.573747,1785124674.3971343,
block1-001372,463.6065145023167,1132.7390865189955,48,10.0,462.646996951662,1131.7795689683408,0.9595175506547093,block1:s4,gated_rule_c,mixed,1785124670.579954,1785124670.5809138,1785124671.043569,1785124671.7127018,
block1-001373,444.5521680172533,1097.2561279777437,48,15.0,443.64944100379944,1096.35340096429,0.9027270134538412,block1:s4,gated_rule_c,mixed,1785124670.653899,1785124670.6548016,1785124671.0984566,1785124671.7511606,
block1-001374,425.00118003226817,1155.001727049239,48,545.0,424.06561807729304,1154.0661650942639,0.9355619549751282,block1:s4,gated_rule_c,mixed,1785124671.0123208,1785124671.0132565,1785124671.43733,1785124672.1673303,
block1-001375,60.481069376692176,3239.2087953630835,148,322.5,59.909387957304716,3238.637113943696,0.5716814193874598,block1:zero_tool,gated_rule_c,mixed,1785124671.1191516,1785124671.1197236,1785124671.1796403,1785124674.358368,
block1-001376,71.19467854499817,2473.6647905083373,112,320.0,70.53518609609455,2473.0052980594337,0.6594924489036202,block1:zero_tool,gated_rule_c,mixed,1785124671.426684,1785124671.4273436,1785124671.497888,1785124673.900358,
block1-001377,132.52090360037982,1670.4007346415892,71,15.0,131.800829898566,1669.6806609397754,0.720073701813817,block1:s1,gated_rule_c,mixed,1785124671.718195,1785124671.7189152,1785124671.850724,1785124673.3886037,
block1-001378,380.53585262969136,1055.6537786033005,45,17.5,380.2800750127062,1055.3980009863153,0.25577761698514223,block1:s1,gated_rule_c,mixed,1785124671.805429,1785124671.805685,1785124672.185972,1785124672.8610904,
block1-001379,64.50998713262379,4650.099054095335,213,22.5,64.14442497771233,4649.733491940424,0.3655621549114585,block1:zero_tool,gated_rule_c,mixed,1785124672.2409716,1785124672.2413373,1785124672.305491,1785124676.8910797,
block1-001380,67.14841176290065,3437.011174741201,158,20.0,66.88759697135538,3436.750359949656,0.2608147915452719,block1:zero_tool,gated_rule_c,mixed,1785124672.3194597,1785124672.3197207,1785124672.3866172,1785124675.75648,
block1-001381,131.68258569203317,1407.1063046576455,62,15.0,131.48131093475968,1406.905029900372,0.2012747572734952,block1:s1,gated_rule_c,mixed,1785124672.6861374,1785124672.6863391,1785124672.8178315,1785124674.0932553,
block1-001382,73.11617443338037,11365.977599401958,526,17.5,72.6586600067094,11365.520084975287,0.45751442667096853,block1:zero_tool,gated_rule_c,mixed,1785124672.7880764,1785124672.7885342,1785124672.861202,1785124684.1540637,
block1-001383,74.12307208869606,2811.3908271770924,129,170.0,71.97319297119975,2809.240948059596,2.1498791174963117,block1:zero_tool,gated_rule_c,mixed,1785124673.0055952,1785124673.0077453,1785124673.0797274,1785124675.8169951,
block1-001384,116.86466645915061,2839.2354843672365,131,357.5,115.99880503490567,2838.3696229429916,0.8658614242449403,block1:zero_tool,gated_rule_c,mixed,1785124673.0728948,1785124673.0737607,1785124673.1897671,1785124675.912138,
block1-001385,368.9674288034439,959.040759713389,44,12.5,367.03934404067695,957.112674950622,1.9280847627669573,block1:s2,gated_rule_c,mixed,1785124673.0778165,1785124673.0797448,1785124673.4467905,1785124674.0368636,
block1-001386,339.5857554860413,892.4082154408097,36,115.0,338.50525598973036,891.3277159444988,1.0804994963109493,block1:s2,gated_rule_c,mixed,1785124674.037948,1785124674.0390284,1785124674.3775403,1785124674.930363,
block1-001387,119.09780197311193,7566.05362391565,345,10.0,118.2931890944019,7565.24901103694,0.8046128787100315,block1:zero_tool,gated_rule_c,mixed,1785124674.0831723,1785124674.083977,1785124674.202277,1785124681.6492326,
block1-001388,292.3563561635092,845.3316250815988,35,12.5,291.49846208747476,844.4737310055643,0.8578940760344267,block1:s2,gated_rule_c,mixed,1785124674.1044672,1785124674.1053252,1785124674.3968318,1785124674.949807,
block1-001389,334.34711396694183,917.4681269796565,41,15.0,333.7113599991426,916.8323730118573,0.6357539677992463,block1:s2,gated_rule_c,mixed,1785124674.4970145,1785124674.4976504,1785124674.8313696,1785124675.414491,
block1-001390,344.85572623088956,809.9631281802431,38,152.5,344.46679905522615,809.5742010045797,0.3889271756634116,block1:s2,gated_rule_c,mixed,1785124674.6048572,1785124674.6052465,1785124674.9497209,1785124675.414828,
block1-001391,324.8748250771314,821.7886870261282,37,15.0,323.9395290147513,820.8533909637481,0.9352960623800755,block1:s2,gated_rule_c,mixed,1785124675.472857,1785124675.473793,1785124675.7977402,1785124676.2946546,
block1-001392,64.7221531253308,2810.757773113437,125,152.5,63.6051770998165,2809.6407970879227,1.1169760255143046,block1:zero_tool,gated_rule_c,mixed,1785124675.7329657,1785124675.7340834,1785124675.7977,1785124678.5437355,
block1-001393,439.1939726192504,1139.006951591,48,15.0,438.83647897746414,1138.6494579492137,0.3574936417862773,block1:s3,gated_rule_c,mixed,1785124676.0452423,1785124676.0456,1785124676.4844449,1785124677.1842577,
block1-001394,74.48770187329501,4102.6909339707345,179,10.0,73.52208788506687,4101.725319982506,0.9656139882281423,block1:zero_tool,gated_rule_c,mixed,1785124676.1238942,1785124676.1248598,1785124676.1983907,1785124680.226594,
block1-001395,487.524630385451,1188.622786430642,48,152.5,486.81846098043025,1187.9166170256212,0.7061694050207734,block1:s3,gated_rule_c,mixed,1785124676.3247507,1785124676.325457,1785124676.8122833,1785124677.5133815,
block1-001396,455.20370069425553,1195.17201569397,48,280.0,454.3354439083487,1194.3037589080632,0.8682567859068513,block1:s3,gated_rule_c,mixed,1785124676.5319338,1785124676.5328023,1785124676.9871454,1785124677.727114,
block1-001397,360.16683699563146,1023.600859916769,43,412.5,359.0198390884325,1022.45386200957,1.1469979071989655,block1:s3,gated_rule_c,mixed,1785124676.6073508,1785124676.608498,1785124676.9675257,1785124677.63096,
block1-001398,455.99087071605027,1115.3370167594403,46,12.5,454.12357593886554,1113.4697219822556,1.8672947771847248,block1:s3,gated_rule_c,mixed,1785124677.1543887,1785124677.156256,1785124677.6103861,1785124678.2697322,
block1-001399,64.53840143512934,3374.6390594169497,150,395.0,64.09794604405761,3374.198604025878,0.4404553910717368,block1:zero_tool,gated_rule_c,mixed,1785124677.2622876,1785124677.2627282,1785124677.326833,1785124680.636933,
block1-001400,456.0296884737909,1157.531283563003,48,280.0,454.4043749338016,1155.9059700230137,1.6253135399892926,block1:s4,gated_rule_c,mixed,1785124677.2893555,1785124677.290981,1785124677.7453923,1785124678.446894,
block1-001401,408.24016195256263,1103.6019859602675,48,152.5,407.15084003750235,1102.5126640452072,1.0893219150602818,block1:s4,gated_rule_c,mixed,1785124677.6144974,1785124677.6155868,1785124678.0227456,1785124678.7181072,
block1-001402,461.6686904337257,1118.3632854372263,48,17.5,461.3637749571353,1118.058369960636,0.304915476590395,block1:s4,gated_rule_c,mixed,1785124677.9849892,1785124677.9852943,1785124678.4466665,1785124679.1033614,
block1-001403,413.5745271341875,1126.0602611582726,49,170.0,411.82401799596846,1124.3097520200536,1.7505091382190585,block1:s4,gated_rule_c,mixed,1785124678.2460363,1785124678.2477877,1785124678.659624,1785124679.37211,
block1-001404,88.25644699390978,3522.8871719446033,162,50.0,87.30035903863609,3521.9310839893296,0.9560879552736878,block1:zero_tool,gated_rule_c,mixed,1785124678.3184464,1785124678.3194027,1785124678.4067104,1785124681.841341,
block1-001405,425.8317061467096,1207.1989141404629,48,322.5,424.3058320134878,1205.673040007241,1.525874133221805,block1:s4,gated_rule_c,mixed,1785124678.8310697,1785124678.8325958,1785124679.2569082,1785124680.0382752,
block1-001406,430.06067792885005,1222.0729449763894,48,177.5,429.64223702438176,1221.654504071921,0.41844090446829796,block1:s4,gated_rule_c,mixed,1785124679.1829333,1785124679.183352,1785124679.613002,1785124680.405014,
block1-001407,91.51932189706713,3900.111391907558,178,412.5,91.35398699436337,3899.946057004854,0.16533490270376205,block1:zero_tool,gated_rule_c,mixed,1785124679.466329,1785124679.4664946,1785124679.557855,1785124683.3664472,
block1-001408,331.33935870137066,1083.4732506191358,43,322.5,331.17600006517023,1083.3098919829354,0.163358636200428,block1:s1,gated_rule_c,mixed,1785124679.4766736,1785124679.4768379,1785124679.8080235,1785124680.5601575,
block1-001409,76.83275791350752,4771.748350001872,222,152.5,76.0559419868514,4770.9715340752155,0.776815926656127,block1:zero_tool,gated_rule_c,mixed,1785124679.4975622,1785124679.4983392,1785124679.574402,1785124684.2693176,
block1-001410,483.329898561351,1065.259669558145,44,572.5,482.76973492465913,1064.6995059214532,0.5601636366918683,block1:s1,gated_rule_c,mixed,1785124679.80193,1785124679.8024907,1785124680.2852685,1785124680.8671985,
block1-001411,176.3692459790036,1640.923295984976,73,320.0,176.3224439928308,1640.8764939988032,0.046801986172795296,block1:s1,gated_rule_c,mixed,1785124679.8031306,1785124679.8031774,1785124679.979507,1785124681.444061,
block1-001412,336.2204930745065,801.6897981287912,36,187.5,335.7699359767139,801.2392410309985,0.4505570977926254,block1:s1,gated_rule_c,mixed,1785124680.0085263,1785124680.0089772,1785124680.3447545,1785124680.8102238,
block1-001413,87.2313646832481,3209.973372751847,151,282.5,86.48678194731474,3209.2287900159135,0.7445827359333634,block1:zero_tool,gated_rule_c,mixed,1785124680.0797648,1785124680.0805097,1785124680.1670043,1785124683.2897463,
block1-001414,301.3050915906206,957.0766715332866,40,107.5,300.1351790735498,955.9067590162158,1.1699125170707703,block1:s1,gated_rule_c,mixed,1785124681.366149,1785124681.367319,1785124681.6674635,1785124682.323235,
block1-001415,62.11367656942457,3565.6571816653013,165,217.5,61.286853975616395,3564.830359071493,0.8268225938081741,block1:zero_tool,gated_rule_c,mixed,1785124681.4916146,1785124681.492442,1785124681.5537379,1785124685.0572815,
block1-001416,61.23849772848189,3180.875221733004,145,395.0,60.86383492220193,3180.500558926724,0.3746628062799573,block1:zero_tool,gated_rule_c,mixed,1785124681.7611578,1785124681.7615323,1785124681.822403,1785124684.9420395,
block1-001417,355.0636391155422,963.777125114575,42,25.0,354.3657539412379,963.0792399402708,0.6978851743042469,block1:s2,gated_rule_c,mixed,1785124681.8523364,1785124681.8530345,1785124682.2074084,1785124682.8161216,
block1-001418,299.79049251414835,793.6406475491822,36,350.0,299.2999219568446,793.1500769918784,0.4905705573037267,block1:s2,gated_rule_c,mixed,1785124681.98456,1785124681.985051,1785124682.2843583,1785124682.7782085,
block1-001419,91.09014982823282,1602.363970829174,74,10.0,90.37792100571096,1601.651742006652,0.7122288225218654,block1:s2,gated_rule_c,mixed,1785124682.4374468,1785124682.4381595,1785124682.5285454,1785124684.0398188,
block1-001420,332.3273796122521,797.6885356474668,36,107.5,331.99063898064196,797.3517950158566,0.3367406316101551,block1:s2,gated_rule_c,mixed,1785124682.8212383,1785124682.8215752,1785124683.153573,1785124683.6189346,
block1-001421,96.51919628959149,3419.0285463118926,161,485.0,95.30616691336036,3417.8155169356614,1.213029376231134,block1:zero_tool,gated_rule_c,mixed,1785124682.9562123,1785124682.9574256,1785124683.0527408,1785124686.37525,
block1-001422,330.7053572498262,797.1774211619049,38,17.5,329.78125603403896,796.2533199461177,0.9241012157872319,block1:s2,gated_rule_c,mixed,1785124682.9966302,1785124682.9975545,1785124683.327343,1785124683.7938154,
block1-001423,55.83017983008176,3003.4781638532877,142,15.0,54.78412297088653,3002.4321069940925,1.0460568591952324,block1:zero_tool,gated_rule_c,mixed,1785124683.4092748,1785124683.4103212,1785124683.4651122,1785124686.4127603,
block1-001424,261.42797351349145,845.941400504671,38,17.5,261.01004204247147,845.523469033651,0.4179314710199833,block1:s3,gated_rule_c,mixed,1785124683.7395406,1785124683.7399588,1785124684.000976,1785124684.5854897,
block1-001425,103.47635438665748,2743.6731593916193,128,15.0,102.33815701212734,2742.534962017089,1.1381973745301366,block1:zero_tool,gated_rule_c,mixed,1785124683.7628767,1785124683.7640152,1785124683.86636,1785124686.5065567,
block1-001426,480.6903793942183,999.1137954639271,41,550.0,479.2419179575518,997.6653340272605,1.4484614366665483,block1:s3,gated_rule_c,mixed,1785124684.4989395,1785124684.5003881,1785124684.9796371,1785124685.4980605,
block1-001427,486.88309686258435,1140.9279648214579,48,820.0,486.26369796693325,1140.3085659258068,0.6193988956511021,block1:s3,gated_rule_c,mixed,1785124684.6649141,1785124684.6655338,1785124685.151805,1785124685.8058498,
block1-001428,359.99649309087545,972.1207610564306,41,287.5,358.9402729412541,971.0645409068093,1.0562201496213675,block1:s3,gated_rule_c,mixed,1785124684.7538605,1785124684.7549171,1785124685.113864,1785124685.7259884,
block1-001429,403.4915192751214,1031.8644002545625,43,217.5,403.3128860173747,1031.6857669968158,0.17863325774669647,block1:s3,gated_rule_c,mixed,1785124684.767358,1785124684.7675369,1785124685.170857,1785124685.7992299,
block1-001430,103.53756253607571,3356.7585485288873,156,115.0,102.31748700607568,3355.5384729988873,1.220075530000031,block1:zero_tool,gated_rule_c,mixed,1785124684.7859426,1785124684.7871628,1785124684.889488,1785124688.1427088,
block1-001431,71.9399923691526,3702.355854329653,170,95.0,70.27966901659966,3700.6955309771,1.6603233525529504,block1:zero_tool,gated_rule_c,mixed,1785124685.4262545,1785124685.427915,1785124685.4982014,1785124689.128618,
block1-001432,440.3727224562317,1045.1495224842802,48,70.0,440.2395710349083,1045.0163710629568,0.13315142132341862,block1:s4,gated_rule_c,mixed,1785124685.5915818,1785124685.591715,1785124686.0319605,1785124686.636737,
block1-001433,63.3188767824322,3208.841645740904,150,280.0,62.39683099556714,3207.919599954039,0.9220457868650556,block1:zero_tool,gated_rule_c,mixed,1785124685.7422752,1785124685.7431977,1785124685.8056011,1785124688.9511237,
block1-001434,399.7108759358525,1001.3426649384201,48,172.5,399.1929478943348,1000.8247368969023,0.5179280415177345,block1:s4,gated_rule_c,mixed,1785124685.860788,1785124685.8613062,1785124686.2605054,1785124686.8621368,
block1-001435,67.83074210397899,3132.683626143262,139,47.5,67.02076899819076,3131.8736530374736,0.8099731057882309,block1:zero_tool,gated_rule_c,mixed,1785124687.170909,1785124687.1717193,1785124687.2387478,1785124690.3036008,
block1-001436,445.6427834229544,1253.7149743875489,48,20.0,445.15232800040394,1253.2245189649984,0.49045542255043983,block1:s4,gated_rule_c,mixed,1785124687.3056586,1785124687.306149,1785124687.7513082,1785124688.5593808,
block1-001437,405.0534433918074,1216.4538854267448,48,282.5,404.101614956744,1215.5020569916815,0.9518284350633621,block1:s4,gated_rule_c,mixed,1785124687.4410744,1785124687.4420266,1785124687.846135,1785124688.6575353,
block1-001438,93.68126012850553,3817.0016672229394,172,155.0,93.41438300907612,3816.73479010351,0.2668771194294095,block1:zero_tool,gated_rule_c,mixed,1785124687.4654276,1785124687.4656944,1785124687.5591147,1785124691.2824352,
block1-001439,69.87140490673482,3752.2434188285843,170,287.5,69.05591301620007,3751.4279269380495,0.8154918905347586,block1:zero_tool,gated_rule_c,mixed,1785124687.529955,1785124687.5307705,1785124687.599834,1785124691.282206,
block1-001440,65.04509423393756,4706.724444287829,216,15.0,64.41615498624742,4706.095505040139,0.6289392476901412,block1:zero_tool,gated_rule_c,mixed,1785124687.8235614,1785124687.8241906,1785124687.888614,1785124692.5302935,
block1-001441,413.27715071383864,946.2340876925737,37,52.5,412.99268894363195,945.949625922367,0.28446177020668983,block1:s1,gated_rule_c,mixed,1785124687.8871915,1785124687.8874764,1785124688.3004782,1785124688.833435,
block1-001442,409.67434307094663,1119.6692140074447,44,145.0,408.61500205937773,1118.6098729958758,1.059341011568904,block1:s1,gated_rule_c,mixed,1785124687.951422,1785124687.9524817,1785124688.361105,1785124689.0711,
block1-001443,133.94318346399814,8945.35354943946,399,117.5,133.02011997438967,8944.430485949852,0.9230634896084666,block1:zero_tool,gated_rule_c,mixed,1785124687.9636052,1785124687.9645286,1785124688.0975566,1785124696.9089665,
block1-001444,95.57277441490442,3156.920113484375,147,140.0,95.1988568995148,3156.5461959689856,0.37391751538962126,block1:zero_tool,gated_rule_c,mixed,1785124688.0241587,1785124688.024533,1785124688.1197383,1785124691.1810856,
block1-001445,55.992510402575135,1198.4693073900416,53,12.5,54.891353007405996,1197.3681499948725,1.101157395169139,block1:zero_tool,gated_rule_c,mixed,1785124688.1460717,1785124688.1471732,1785124688.2020712,1785124689.344548,
block1-001446,288.50411309394985,937.510569114238,39,10.0,287.75214799679816,936.7586040170863,0.7519650971516967,block1:s1,gated_rule_c,mixed,1785124688.3488572,1785124688.3496094,1785124688.63737,1785124689.2863765,
block1-001447,124.51514485292137,1493.2067558402196,68,12.5,124.26234595477581,1492.953956942074,0.25279889814555645,block1:s1,gated_rule_c,mixed,1785124688.9263752,1785124688.926628,1785124689.050899,1785124690.4195905,
block1-001448,71.08780217822641,3292.1448801644146,156,820.0,70.0423700036481,3291.0994479898363,1.045432174578309,block1:zero_tool,gated_rule_c,mixed,1785124689.11849,1785124689.119536,1785124689.1895869,1785124692.410644,
block1-001449,54.39955473411828,3853.782614809461,179,172.5,53.63917595241219,3853.022236027755,0.7603787817060947,block1:zero_tool,gated_rule_c,mixed,1785124689.331326,1785124689.3320863,1785124689.3857327,1785124693.1851156,
block1-001450,359.48746174108237,857.4169807834551,37,12.5,358.97939605638385,856.9089150987566,0.5080656846985221,block1:s2,gated_rule_c,mixed,1785124689.8652287,1785124689.865737,1785124690.2247245,1785124690.7226539,
block1-001451,334.1106816660613,945.6051666056737,43,15.0,333.4097779588774,944.9042628984898,0.7009037071838975,block1:s2,gated_rule_c,mixed,1785124690.007417,1785124690.008118,1785124690.3415363,1785124690.9530308,
block1-001452,312.4313502339646,869.8649302823469,36,572.5,312.1117289410904,869.5453089894727,0.31962129287421703,block1:s2,gated_rule_c,mixed,1785124690.5440116,1785124690.5443316,1785124690.8564513,1785124691.4138849,
block1-001453,406.79174195975065,866.6511098854244,38,282.5,406.23382199555635,866.0931899212301,0.5579199641942978,block1:s2,gated_rule_c,mixed,1785124691.1587183,1785124691.1592765,1785124691.5655181,1785124692.0253775,
block1-001454,162.55428548902273,3392.2283585416153,154,75.0,161.9784280192107,3391.6525010718033,0.5758574698120356,block1:zero_tool,gated_rule_c,mixed,1785124691.1727388,1785124691.1733148,1785124691.3353024,1785124694.5649765,
block1-001455,384.5103094354272,844.4300474366173,37,282.5,384.363132994622,844.2828709958121,0.14717644080519676,block1:s2,gated_rule_c,mixed,1785124691.1811042,1785124691.1812515,1785124691.5656197,1785124692.0255396,
block1-001456,118.0591156007722,3229.249006602913,148,322.5,117.02739493921399,3228.217285941355,1.0317206615582108,block1:zero_tool,gated_rule_c,mixed,1785124691.2385018,1785124691.239534,1785124691.3565705,1785124694.4677603,
block1-001457,282.1701428620145,905.6131348479539,39,145.0,281.6422370960936,905.085229082033,0.5279057659208775,block1:s3,gated_rule_c,mixed,1785124691.9892728,1785124691.989801,1785124692.2714505,1785124692.8948936,
block1-001458,91.7887381510809,3862.023755093105,173,15.0,91.04990097694099,3861.284917918965,0.7388371741399169,block1:zero_tool,gated_rule_c,mixed,1785124692.0269053,1785124692.0276442,1785124692.1187003,1785124695.8889353,
block1-001459,85.2351050125435,3816.429073922336,171,320.0,84.97849805280566,3816.1724669625983,0.2566069597378373,block1:zero_tool,gated_rule_c,mixed,1785124692.0333402,1785124692.033597,1785124692.118583,1785124695.8497763,
block1-001460,53.45527222380042,3010.2416971931234,138,287.5,53.2465580618009,3010.032983031124,0.20871416199952364,block1:zero_tool,gated_rule_c,mixed,1785124692.2794,1785124692.2796087,1785124692.3328626,1785124695.2896492,
block1-001461,52.18780622817576,3261.0871442593634,146,85.0,51.28447292372584,3260.1838109549135,0.9033333044499159,block1:zero_tool,gated_rule_c,mixed,1785124692.438355,1785124692.4392586,1785124692.4905498,1785124695.699449,
block1-001462,68.47483443561941,4026.1600114172325,171,20.0,66.70582003425807,4024.390997015871,1.7690144013613462,block1:zero_tool,gated_rule_c,mixed,1785124692.5986855,1785124692.6004546,1785124692.6671674,1785124696.6248524,
block1-001463,423.2204139698297,1098.3218599576503,43,160.0,421.83665791526437,1096.938103903085,1.3837560545653105,block1:s3,gated_rule_c,mixed,1785124692.780508,1785124692.781892,1785124693.203737,1785124693.8788388,
block1-001464,518.9990203361958,1252.545390278101,49,95.0,518.2568730087951,1251.8032429507002,0.742147327400744,block1:s4,gated_rule_c,mixed,1785124692.7832932,1785124692.7840357,1785124693.3022997,1785124694.035846,
block1-001465,86.74158016219735,4103.796821204014,176,550.0,86.61136298906058,4103.666604030877,0.13021717313677073,block1:zero_tool,gated_rule_c,mixed,1785124693.0197365,1785124693.019867,1785124693.1064844,1785124697.12354,
block1-001466,106.74897860735655,3738.4218466468155,158,140.0,106.45033698529005,3738.123205024749,0.2986416220664978,block1:zero_tool,gated_rule_c,mixed,1785124693.0345383,1785124693.034837,1785124693.1412957,1785124696.7729685,
block1-001467,401.79207746405154,1111.2519254675135,48,117.5,401.13088698126376,1110.5907349847257,0.6611904827877879,block1:s4,gated_rule_c,mixed,1785124693.0620003,1785124693.062662,1785124693.4638016,1785124694.1732616,
block1-001468,419.8857715819031,1088.2467275951058,48,15.0,418.7676359433681,1087.1285919565707,1.1181356385350227,block1:s4,gated_rule_c,mixed,1785124693.4184883,1785124693.4196064,1785124693.8383849,1785124694.5067453,
block1-001469,63.15641768742353,3312.992803636007,140,15.0,62.37616203725338,3312.212547985837,0.7802556501701474,block1:zero_tool,gated_rule_c,mixed,1785124693.5570471,1785124693.5578275,1785124693.6202111,1785124696.8700476,
block1-001470,408.62722345627844,1095.888705458492,48,107.5,407.56084001623094,1094.8223220184445,1.0663834400475025,block1:s4,gated_rule_c,mixed,1785124693.9207969,1785124693.9218633,1785124694.3294342,1785124695.0166955,
block1-001471,437.3490117723122,1193.3466887567192,48,17.5,436.4567870507017,1192.4544640351087,0.8922247216105461,block1:s4,gated_rule_c,mixed,1785124694.6565866,1785124694.6574793,1785124695.093943,1785124695.8499405,
block1-001472,318.0408427724615,1063.8973797904328,43,100.0,317.55732593592256,1063.4138629538938,0.48351683653891087,block1:s1,gated_rule_c,mixed,1785124694.8928726,1785124694.8933563,1785124695.210921,1785124695.9567776,
block1-001473,67.62408162467182,4185.440058703534,184,10.0,65.73244300670922,4183.548420085572,1.8916386179625988,block1:zero_tool,gated_rule_c,mixed,1785124695.3020036,1785124695.3038955,1785124695.3696365,1785124699.4874525,
block1-001474,94.43980874493718,3234.598094713874,140,297.5,94.21538200695068,3234.3736679758877,0.22442673798650503,block1:zero_tool,gated_rule_c,mixed,1785124695.4252543,1785124695.4254792,1785124695.5197034,1785124698.6598616,
block1-001475,129.80665871873498,4729.852416669019,213,95.0,129.3990220874548,4729.444780037738,0.4076366312801838,block1:zero_tool,gated_rule_c,mixed,1785124695.437919,1785124695.4383268,1785124695.5677326,1785124700.167778,
block1-001476,320.33400679938495,1017.3244727775455,33,322.5,319.7899489896372,1016.7804149677977,0.5440578097477555,block1:s1,gated_rule_c,mixed,1785124695.4893112,1785124695.4898555,1785124695.8096526,1785124696.5066426,
block1-001477,120.13266782741994,1631.0559979174286,63,155.0,119.12073090206832,1630.044060992077,1.0119369253516197,block1:s1,gated_rule_c,mixed,1785124695.6300297,1785124695.6310418,1785124695.7501712,1785124697.2610943,
block1-001478,612.5711462227628,1270.0169952586293,47,17.5,612.3082269914448,1269.7540760273114,0.2629192313179374,block1:s1,gated_rule_c,mixed,1785124695.8737874,1785124695.8740504,1785124696.4863667,1785124697.143813,
block1-001479,415.94367008656263,934.6165840979666,33,115.0,415.65635707229376,934.3292710836977,0.2873130142688751,block1:s1,gated_rule_c,mixed,1785124696.1689959,1785124696.1692834,1785124696.5849457,1785124697.1036186,
block1-001480,406.6863154293969,1063.7225464452058,40,297.5,404.96733703184873,1062.0035680476576,1.7189783975481987,block1:s2,gated_rule_c,mixed,1785124696.1784348,1785124696.1801538,1785124696.5851276,1785124697.2421637,
block1-001481,415.86682468187064,956.1361087253317,36,117.5,415.15499795787036,955.4242820013314,0.7118267240002751,block1:s2,gated_rule_c,mixed,1785124696.248122,1785124696.2488341,1785124696.6639984,1785124697.2042677,
block1-001482,370.57411344721913,995.0128374621272,43,297.5,369.8522869963199,994.291011011228,0.7218264508992434,block1:s2,gated_rule_c,mixed,1785124696.635345,1785124696.6360672,1785124697.0059266,1785124697.6303654,
block1-001483,347.84893633332103,970.716405310668,43,10.0,347.31237101368606,970.1798399910331,0.536565319634974,block1:s2,gated_rule_c,mixed,1785124696.6970584,1785124696.6975951,1785124697.0449145,1785124697.6677818,
block1-001484,57.09300504531711,3901.326809078455,193,10.0,55.957200936973095,3900.191004970111,1.1358041083440185,block1:zero_tool,gated_rule_c,mixed,1785124697.127601,1785124697.128737,1785124697.1847029,1785124701.0289366,
block1-001485,451.0290225734934,1052.524912636727,49,110.0,450.445988913998,1051.9418789772317,0.5830336594954133,block1:s2,gated_rule_c,mixed,1785124697.4212568,1785124697.42184,1785124697.872294,1785124698.4737897,
block1-001486,318.89277091249824,756.8907359382138,36,15.0,317.2522579552606,755.2502229809761,1.6405129572376609,block1:s2,gated_rule_c,mixed,1785124697.84733,1785124697.848971,1785124698.1662304,1785124698.6042292,
block1-001487,67.6747664110735,2007.5496335048229,98,17.5,67.16273899655789,2007.0376060903072,0.5120274145156145,block1:zero_tool,gated_rule_c,mixed,1785124698.1048884,1785124698.1054006,1785124698.1725702,1785124700.112445,
block1-001488,54.306257516145706,2890.069381566718,142,115.0,53.46241791266948,2889.225541963242,0.8438396034762263,block1:zero_tool,gated_rule_c,mixed,1785124698.6641953,1785124698.6650393,1785124698.7185082,1785124701.5542715,
block1-001489,393.83366773836315,1073.0415866710246,48,282.5,392.8927229717374,1072.1006419043988,0.940944766625762,block1:s3,gated_rule_c,mixed,1785124698.735776,1785124698.736717,1785124699.1296177,1785124699.8088255,
block1-001490,402.83071249723434,858.4077775012702,38,17.5,402.5801959214732,858.157260925509,0.2505165757611394,block1:s3,gated_rule_c,mixed,1785124699.1978185,1785124699.1980693,1785124699.600657,1785124700.056234,
block1-001491,286.09184455126524,854.6822285279632,39,52.5,285.67720809951425,854.2675920762122,0.41463645175099373,block1:s3,gated_rule_c,mixed,1785124699.2575407,1785124699.2579556,1785124699.543641,1785124700.1122313,
block1-001492,52.36143618822098,3429.1416101623327,171,20.0,51.91711301449686,3428.6972869886085,0.4443231737241149,block1:zero_tool,gated_rule_c,mixed,1785124699.9280186,1785124699.9284632,1785124699.9803877,1785124703.357168,
block1-001493,408.7711100000888,1009.5461340388283,46,152.5,407.7251619892195,1008.500186027959,1.0459480108693242,block1:s3,gated_rule_c,mixed,1785124700.6383536,1785124700.6393998,1785124701.0471327,1785124701.6479077,
block1-001494,448.16236244514585,971.9492754666135,43,572.5,447.5246099755168,971.3115229969844,0.6377524696290493,block1:s3,gated_rule_c,mixed,1785124701.3285737,1785124701.3292117,1785124701.7767427,1785124702.3005297,
block1-001495,52.55655210930854,2902.0555401220918,139,10.0,51.818062900565565,2901.317050913349,0.7384892087429762,block1:zero_tool,gated_rule_c,mixed,1785124701.9675972,1785124701.968336,1785124702.020161,1785124704.8696601,
block1-001496,476.19250079151243,1085.3437928017229,48,350.0,475.8548099780455,1085.006101988256,0.33769081346690655,block1:s4,gated_rule_c,mixed,1785124702.0864265,1785124702.0867643,1785124702.5626256,1785124703.1717768,
block1-001497,461.7262112442404,1067.2309532528743,48,572.5,461.334730964154,1066.839472972788,0.3914802800863981,block1:s4,gated_rule_c,mixed,1785124702.1418295,1785124702.142221,1785124702.603563,1785124703.209068,
block1-001498,411.2182311946526,1010.6848812429234,48,10.0,409.8410269943997,1009.3076770426705,1.3772042002528906,block1:s4,gated_rule_c,mixed,1785124702.3837354,1785124702.3851128,1785124702.7949605,1785124703.394427,
block1-001499,57.29714361950755,3505.253348615952,155,322.5,56.826728978194296,3504.7829339746386,0.47041464131325483,block1:zero_tool,gated_rule_c,mixed,1785124702.5463464,1785124702.546817,1785124702.6036508,1785124706.0516074,
block1-001500,50.468239234760404,3085.579434176907,136,20.0,50.20469694864005,3085.3158918907866,0.26354228612035513,block1:zero_tool,gated_rule_c,mixed,1785124702.6319213,1785124702.632185,1785124702.682397,1785124705.717508,
block1-001501,49.71409623976797,3652.8156062122434,153,282.5,49.325520056299865,3652.4270300287753,0.3885761834681034,block1:zero_tool,gated_rule_c,mixed,1785124703.5530488,1785124703.5534377,1785124703.602771,1785124707.2058723,
block1-001502,90.15409310813993,3997.2564231138676,167,187.5,89.00953794363886,3996.1118679493666,1.144555164501071,block1:zero_tool,gated_rule_c,mixed,1785124703.6200795,1785124703.6212244,1785124703.71024,1785124707.6173422,
block1-001503,55.17319485079497,4034.338930854574,170,115.0,53.438588976860046,4032.604324980639,1.7346058739349246,block1:zero_tool,gated_rule_c,mixed,1785124703.6578503,1785124703.659585,1785124703.7130318,1785124707.692197,
block1-001504,51.80406884755939,2907.68852585461,117,10.0,51.14753497764468,2907.031991984695,0.6565338699147105,block1:zero_tool,gated_rule_c,mixed,1785124703.757817,1785124703.7584739,1785124703.8096325,1785124706.6655169,
block1-001505,123.85422363877296,1629.727765568532,59,15.0,123.4494000673294,1629.3229419970885,0.40482357144355774,block1:s1,gated_rule_c,mixed,1785124704.08713,1785124704.087535,1785124704.210993,1785124705.716867,
block1-001506,340.20003757905215,1056.0168985975906,40,187.5,339.492577011697,1055.3094380302355,0.707460567355156,block1:s1,gated_rule_c,mixed,1785124704.1064224,1785124704.10713,1785124704.44663,1785124705.1624465,
block1-001507,178.6259231157601,1964.0072152251378,72,177.5,178.36312390863895,1963.7444160180166,0.2627992071211338,block1:s1,gated_rule_c,mixed,1785124704.9361923,1785124704.9364552,1785124705.1148267,1785124706.9002082,
block1-001508,560.3983418550342,1265.8326928503811,39,217.5,559.6220440929756,1265.0563950883225,0.7762977620586753,block1:s1,gated_rule_c,mixed,1785124704.9493537,1785124704.9501302,1785124705.5097597,1785124706.2151945,
block1-001509,163.97089569363743,1773.3356767566875,66,110.0,163.37798698805273,1772.7427680511028,0.5929087055847049,block1:s1,gated_rule_c,mixed,1785124705.0486143,1785124705.0492074,1785124705.2125924,1785124706.821957,
block1-001510,570.1515732798725,1273.5815002815798,47,20.0,569.911845959723,1273.3417729614303,0.2397273201495409,block1:s1,gated_rule_c,mixed,1785124705.2004254,1785124705.2006652,1785124705.7705843,1785124706.4740145,
block1-001511,123.21718141902238,1513.1840333342552,61,15.0,121.46715703420341,1511.4340089494362,1.7500243848189712,block1:s1,gated_rule_c,mixed,1785124705.367636,1785124705.3693862,1785124705.49086,1785124706.880827,
block1-001512,417.59012860711664,1131.9651656085625,44,95.0,416.49949993006885,1130.8745369315147,1.090628677047789,block1:s2,gated_rule_c,mixed,1785124705.5141294,1785124705.5152202,1785124705.9317272,1785124706.6461022,
block1-001513,76.32538862526417,2861.288973595947,124,95.0,75.6678159814328,2860.6314009521157,0.6575726438313723,block1:zero_tool,gated_rule_c,mixed,1785124705.702067,1785124705.7027247,1785124705.7784,1785124708.5633633,
block1-001514,99.97050103265792,3993.338232045062,177,92.5,99.0542690269649,3992.422000039369,0.9162320056930184,block1:zero_tool,gated_rule_c,mixed,1785124705.7728171,1785124705.7737334,1785124705.872795,1785124709.7661629,
block1-001515,98.06620178278536,1710.619605728425,72,177.5,96.99660399928689,1709.5500079449266,1.069597783498466,block1:s2,gated_rule_c,mixed,1785124705.774239,1785124705.775309,1785124705.8723135,1785124707.4848669,
block1-001516,367.8109369939193,875.0820299610496,36,105.0,366.98680103290826,874.2578940000385,0.8241359610110521,block1:s2,gated_rule_c,mixed,1785124706.025385,1785124706.026209,1785124706.3932045,1785124706.9004755,
block1-001517,389.19412705581635,1005.5234420578927,44,12.5,388.8083290075883,1005.1376440096647,0.38579804822802544,block1:s2,gated_rule_c,mixed,1785124706.0845327,1785124706.0849187,1785124706.4737346,1785124707.0900636,
block1-001518,353.027792298235,921.4020932558924,38,10.0,352.0042230375111,920.3785239951685,1.0235692607238889,block1:s2,gated_rule_c,mixed,1785124706.5073295,1785124706.508353,1785124706.8603637,1785124707.428738,
block1-001519,349.44726317189634,881.7160071339458,34,92.5,348.34998298902065,880.6187269510701,1.0972801828756928,block1:s2,gated_rule_c,mixed,1785124707.0971758,1785124707.0982733,1785124707.44663,1785124707.9788988,
block1-001520,295.70276488084346,828.0982278520241,32,307.5,294.87189499195665,827.2673579631373,0.8308698888868093,block1:s3,gated_rule_c,mixed,1785124707.1506195,1785124707.1514506,1785124707.4463289,1785124707.9787242,
block1-001521,263.91456474084407,940.3128906851634,39,485.0,262.8031560452655,939.2014819895849,1.1114086955785751,block1:s3,gated_rule_c,mixed,1785124707.3154995,1785124707.316611,1785124707.5794225,1785124708.2558205,
block1-001522,487.1465143514797,1224.4409883860499,49,217.5,486.07955407351255,1223.3740281080827,1.066960277967155,block1:s3,gated_rule_c,mixed,1785124707.730551,1785124707.7316184,1785124708.2177052,1785124708.9549992,
block1-001523,486.61532590631396,1204.7256239457056,48,20.0,485.82445399370044,1203.934752033092,0.7908719126135111,block1:s3,gated_rule_c,mixed,1785124707.7312973,1785124707.7320883,1785124708.2179174,1785124708.936028,
block1-001524,399.0178209496662,1152.761428966187,48,217.5,398.6884020268917,1152.4320100434124,0.3294189227744937,block1:s3,gated_rule_c,mixed,1785124707.9529326,1785124707.9532623,1785124708.3519595,1785124709.1057034,
block1-001525,443.1215247604996,1122.9852417018265,46,15.0,442.81745702028275,1122.6811739616096,0.30406774021685123,block1:s3,gated_rule_c,mixed,1785124708.3026984,1785124708.3030026,1785124708.745826,1785124709.4256897,
block1-001526,62.82371666748077,3660.9314146917313,172,15.0,61.69933592900634,3659.807033953257,1.1243807384744287,block1:zero_tool,gated_rule_c,mixed,1785124708.4777286,1785124708.4788532,1785124708.5405586,1785124712.1386662,
block1-001527,318.0431667715311,1030.8118608081713,43,20.0,316.9226539321244,1029.6913479687646,1.1205128394067287,block1:s3,gated_rule_c,mixed,1785124708.5262842,1785124708.5274048,1785124708.844335,1785124709.5571039,
block1-001528,440.34214213024825,1078.3525181468576,48,47.5,439.2688169609755,1077.279192977585,1.0733251692727208,block1:s4,gated_rule_c,mixed,1785124708.7987492,1785124708.7998228,1785124709.2390988,1785124709.8771093,
block1-001529,437.75744328740984,1039.1710323747247,48,287.5,437.4706029193476,1038.8841920066625,0.28684036806225777,block1:s4,gated_rule_c,mixed,1785124708.9878297,1785124708.9881167,1785124709.4255943,1785124710.027008,
block1-001530,401.8147939350456,1003.2488839933649,48,60.0,399.72779899835587,1001.1618890566751,2.0869949366897345,block1:s4,gated_rule_c,mixed,1785124709.2106128,1785124709.2127001,1785124709.612435,1785124710.2138693,
block1-001531,63.10275546275079,3753.3158694859594,176,20.0,62.48028401751071,3752.6933980407193,0.6224714452400804,block1:zero_tool,gated_rule_c,mixed,1785124709.6281936,1785124709.6288164,1785124709.691304,1785124713.3815172,
block1-001532,52.581717260181904,3751.4983211876824,162,12.5,51.83934303931892,3750.7559469668195,0.7423742208629847,block1:zero_tool,gated_rule_c,mixed,1785124710.53294,1785124710.5336826,1785124710.5855293,1785124714.2844462,
block1-001533,540.5199119122699,1178.5813089227304,48,95.0,540.0563039584085,1178.117700968869,0.4636079538613558,block1:s4,gated_rule_c,mixed,1785124710.6766934,1785124710.6771572,1785124711.21722,1785124711.8552816,
block1-001534,525.2428266685456,1192.9240706376731,48,115.0,524.8456570552662,1192.5269010243937,0.39716961327940226,block1:s4,gated_rule_c,mixed,1785124710.6987596,1785124710.699157,1785124711.224009,1785124711.8916905,
block1-001535,93.429482774809,3314.525325782597,145,100.0,92.93548797722906,3314.031330985017,0.49399479757994413,block1:zero_tool,gated_rule_c,mixed,1785124710.775733,1785124710.7762272,1785124710.8691723,1785124714.0902684,
block1-001536,384.3146553263068,997.0089643029496,43,217.5,383.8363660033792,996.530674980022,0.4782893229275942,block1:s1,gated_rule_c,mixed,1785124710.858487,1785124710.8589654,1785124711.24281,1785124711.8555048,
block1-001537,150.22202290128917,1312.618438852951,58,152.5,149.73625703714788,1312.1326729888096,0.4857658641412854,block1:s1,gated_rule_c,mixed,1785124710.8798487,1785124710.8803349,1785124711.0300784,1785124712.1924748,
block1-001538,58.22991009335965,5804.409836069681,260,95.0,57.8792659798637,5804.059191956185,0.35064411349594593,block1:zero_tool,gated_rule_c,mixed,1785124711.1655467,1785124711.1658974,1785124711.2237842,1785124716.969964,
block1-001539,74.37772233970463,4833.29787326511,213,10.0,73.26987304259092,4832.190023967996,1.1078492971137166,block1:zero_tool,gated_rule_c,mixed,1785124711.6149828,1785124711.6160908,1785124711.6893694,1785124716.4482896,
block1-001540,320.2779155690223,832.7519485028461,39,50.0,318.42679099645466,830.9008239302784,1.8511245725676417,block1:s1,gated_rule_c,mixed,1785124711.7791085,1785124711.78096,1785124712.0993948,1785124712.6118686,
block1-001541,66.1313091404736,2533.6726831737906,108,15.0,64.88406704738736,2532.4254410807043,1.2472420930862427,block1:zero_tool,gated_rule_c,mixed,1785124712.131422,1785124712.1326697,1785124712.1975608,1785124714.665102,
block1-001542,375.09096891153604,1070.3432569280267,43,15.0,374.8849609401077,1070.1372489565983,0.2060079714283347,block1:s1,gated_rule_c,mixed,1785124712.6138346,1785124712.6140409,1785124712.9889321,1785124713.6841843,
block1-001543,120.48731290269643,5838.200220838189,248,152.5,119.60923101287335,5837.322138948366,0.8780818898230791,block1:zero_tool,gated_rule_c,mixed,1785124712.630172,1785124712.6310503,1785124712.7506657,1785124718.4683783,
block1-001544,369.38582896254957,1166.4847789797932,44,170.0,368.34088002797216,1165.4398300452158,1.0449489345774055,block1:s2,gated_rule_c,mixed,1785124712.906293,1785124712.907338,1785124713.2756855,1785124714.072785,
block1-001545,357.48944617807865,1153.4454402280971,42,12.5,356.61669401451945,1152.572688064538,0.8727521635591984,block1:s2,gated_rule_c,mixed,1785124713.271231,1785124713.272104,1785124713.6287289,1785124714.4246845,
block1-001546,335.5230665765703,1133.3156655309722,43,20.0,334.02529801242054,1131.8178969668224,1.4977685641497374,block1:s2,gated_rule_c,mixed,1785124713.394253,1785124713.395751,1785124713.729784,1785124714.5275767,
block1-001547,89.94726638775319,13773.560177418403,625,20.0,88.90622900798917,13772.51914003864,1.0410373797640204,block1:zero_tool,gated_rule_c,mixed,1785124713.403336,1785124713.404377,1785124713.4932904,1785124727.1769032,
block1-001548,59.97196619864553,5723.650742205791,246,117.5,59.24988305196166,5722.928659059107,0.7220831466838717,block1:zero_tool,gated_rule_c,mixed,1785124713.6311705,1785124713.6318927,1785124713.691151,1785124719.3548295,
block1-001549,102.55118552595377,5698.51036358159,245,107.5,102.37199091352522,5698.331168969162,0.17919461242854595,block1:zero_tool,gated_rule_c,mixed,1785124713.7908733,1785124713.7910528,1785124713.893432,1785124719.4893909,
block1-001550,124.68207126948982,6703.939063358121,292,12.5,124.21401997562498,6703.471012064256,0.46805129386484623,block1:zero_tool,gated_rule_c,mixed,1785124713.7961152,1785124713.7965834,1785124713.920804,1785124720.5000618,
block1-001551,366.7067363858223,900.2577803330496,34,10.0,365.90677802450955,899.4578219717368,0.799958361312747,block1:s2,gated_rule_c,mixed,1785124713.824865,1785124713.8256652,1785124714.1915817,1785124714.7251327,
block1-001552,322.3381822463125,1013.5824522003531,38,177.5,320.5353550147265,1011.7796249687672,1.8028272315859795,block1:s3,gated_rule_c,mixed,1785124713.8693073,1785124713.8711104,1785124714.1916547,1785124714.8828993,
block1-001553,388.43307737261057,1026.223988388665,39,95.0,387.41203595418483,1025.2029469702393,1.0210414184257388,block1:s3,gated_rule_c,mixed,1785124713.9151933,1785124713.9162147,1785124714.3036356,1785124714.9414268,
block1-001554,428.101550322026,1017.9165463196114,41,545.0,426.9894449971616,1016.804440994747,1.1121053248643875,block1:s3,gated_rule_c,mixed,1785124714.099374,1785124714.1004865,1785124714.5274832,1785124715.1172984,
block1-001555,323.8374658394605,963.2105028722435,39,17.5,323.1570180505514,962.5300550833344,0.6804477889090776,block1:s3,gated_rule_c,mixed,1785124714.119365,1785124714.1200457,1785124714.4432094,1785124715.0825825,
block1-001556,65.46028808224946,3805.943584186025,164,10.0,64.88143699243665,3805.364733096212,0.5788510898128152,block1:zero_tool,gated_rule_c,mixed,1785124714.4619467,1785124714.4625256,1785124714.5274146,1785124718.2678978,
block1-001557,96.52275638654828,3788.8242293847725,163,152.5,95.4229609342292,3787.7244339324534,1.0997954523190856,block1:zero_tool,gated_rule_c,mixed,1785124714.6992912,1785124714.700391,1785124714.795822,1785124718.4881232,
block1-001558,547.49583278317,1059.9472867324948,43,95.0,546.7821380589157,1059.2335920082405,0.7136947242543101,block1:s3,gated_rule_c,mixed,1785124714.7057056,1785124714.7064197,1785124715.2532103,1785124715.765662,
block1-001559,395.84041584748775,1027.2139358567074,43,107.5,394.99762502964586,1026.3711450388655,0.8427908178418875,block1:s3,gated_rule_c,mixed,1785124715.0332394,1785124715.0340827,1785124715.4290874,1785124716.060461,
block1-001560,461.66367654222995,1091.5307805407792,48,485.0,461.02788008283824,1090.8949840813875,0.6357964593917131,block1:s4,gated_rule_c,mixed,1785124715.1052136,1785124715.1058495,1785124715.5668852,1785124716.1967525,
block1-001561,90.77131270896643,2986.8250116705894,127,70.0,90.17529501579702,2986.22899397742,0.596017693169415,block1:zero_tool,gated_rule_c,mixed,1785124715.162485,1785124715.1630812,1785124715.2532644,1785124718.1493185,
block1-001562,410.1804436650127,1057.0939396275207,48,15.0,410.0217040395364,1056.9352000020444,0.15873962547630072,block1:s4,gated_rule_c,mixed,1785124715.3148384,1785124715.3149972,1785124715.725027,1785124716.3719406,
block1-001563,407.3034869506955,1140.9518398577347,48,287.5,406.83002304285765,1140.4783759498969,0.47346390783786774,block1:s4,gated_rule_c,mixed,1785124716.2951512,1785124716.2956247,1785124716.7024615,1785124717.4361098,
block1-001564,452.15307746548206,1323.6798024736345,48,572.5,450.60433994513005,1322.1310649532825,1.548737520352006,block1:s4,gated_rule_c,mixed,1785124716.6531901,1785124716.654739,1785124717.1053493,1785124717.9768763,
block1-001565,406.9737601093948,1312.8709772136062,48,25.0,406.1426059342921,1312.0398230385035,0.8311541751027107,block1:s4,gated_rule_c,mixed,1785124716.7766938,1785124716.777525,1785124717.1836748,1785124718.0895722,
block1-001566,477.40719525609165,1284.6331221517175,48,572.5,476.51835705619305,1283.744283951819,0.8888381998986006,block1:s4,gated_rule_c,mixed,1785124717.3003516,1785124717.3012407,1785124717.777765,1785124718.584991,
block1-001567,625.3236206248403,1257.4977906187996,48,357.5,624.7439299477264,1256.9180999416858,0.579690677113831,block1:s4,gated_rule_c,mixed,1785124717.4437597,1785124717.4443395,1785124718.0690913,1785124718.7012653,
block1-001568,503.2659488497302,1091.7922517983243,43,25.0,501.3522180961445,1089.8785210447386,1.9137307535856962,block1:s1,gated_rule_c,mixed,1785124717.704646,1785124717.70656,1785124718.2079215,1785124718.7964482,
block1-001569,157.1087879128754,1646.6937138466164,66,15.0,156.2996089924127,1645.8845349261537,0.8091789204627275,block1:s1,gated_rule_c,mixed,1785124717.7079058,1785124717.708715,1785124717.865021,1785124719.354606,
block1-001570,407.5324416626245,998.2155386824161,40,10.0,406.60584496799856,997.2889419877902,0.9265966946259141,block1:s1,gated_rule_c,mixed,1785124717.7602592,1785124717.7611861,1785124718.1677988,1785124718.758482,
block1-001571,368.63906553480774,840.9178656293079,37,160.0,368.22185397613794,840.5006540706381,0.4172115586698055,block1:s1,gated_rule_c,mixed,1785124717.898832,1785124717.8992493,1785124718.2674809,1785124718.7397594,
block1-001572,67.7454904653132,2312.1838534716517,107,100.0,66.84129103086889,2311.2796540372074,0.9041994344443083,block1:zero_tool,gated_rule_c,mixed,1785124718.2822227,1785124718.283127,1785124718.3499746,1785124720.5944128,
block1-001573,130.16921700909734,1543.7471779296175,67,52.5,129.10337699577212,1542.6813379162923,1.0658400133252144,block1:s1,gated_rule_c,mixed,1785124718.8215957,1785124718.8226614,1785124718.9517708,1785124720.3653486,
block1-001574,351.8630820326507,1015.076446114108,43,172.5,351.64567991159856,1014.8590439930558,0.21740212105214596,block1:s1,gated_rule_c,mixed,1785124719.0994215,1785124719.099639,1785124719.4512923,1785124720.1145055,
block1-001575,57.35578003805131,3340.1163670932874,155,22.5,57.04892997164279,3339.809517026879,0.306850066408515,block1:zero_tool,gated_rule_c,mixed,1785124719.3753426,1785124719.3756495,1785124719.4327068,1785124722.7154672,
block1-001576,63.226806465536356,2896.734516485594,135,357.5,62.84854398109019,2896.356254001148,0.37826248444616795,block1:zero_tool,gated_rule_c,mixed,1785124719.6168416,1785124719.61722,1785124719.6800747,1785124722.5135827,
block1-001577,318.8912670593709,933.27434908133,42,12.5,318.74205300118774,933.1251350231469,0.1492140581831336,block1:s2,gated_rule_c,mixed,1785124719.6810727,1785124719.6812222,1785124719.9999702,1785124720.6143534,
block1-001578,66.4643042255193,3495.1158232288435,165,60.0,65.33015589229763,3493.981674895622,1.134148333221674,block1:zero_tool,gated_rule_c,mixed,1785124719.7782702,1785124719.7794046,1785124719.8447433,1785124723.2733946,
block1-001579,99.3393196258694,9941.134250722826,457,282.5,98.61445194110274,9940.409383038059,0.7248676847666502,block1:zero_tool,gated_rule_c,mixed,1785124719.989473,1785124719.9901984,1785124720.0888207,1785124729.930615,
block1-001580,298.841550713405,838.153583696112,35,280.0,296.8632649863139,836.1752979690209,1.9782857270911336,block1:s2,gated_rule_c,mixed,1785124720.0082855,1785124720.010264,1785124720.307134,1785124720.846446,
block1-001581,334.4826090615243,939.8278360022232,41,115.0,333.4178620716557,938.7630890123546,1.0647469898685813,block1:s2,gated_rule_c,mixed,1785124720.6055653,1785124720.6066303,1785124720.9400558,1785124721.5454013,
block1-001582,341.4268948836252,833.1553518073633,38,115.0,340.6288920668885,832.3573489906266,0.7980028167366982,block1:s2,gated_rule_c,mixed,1785124720.7499676,1785124720.7507658,1785124721.0914009,1785124721.5831296,
block1-001583,267.3294816631824,761.4276816602796,34,50.0,266.44812105223536,760.5463210493326,0.8813606109470129,block1:s2,gated_rule_c,mixed,1785124721.2011483,1785124721.2020297,1785124721.4684844,1785124721.9625823,
block1-001584,249.15491801220924,741.0061759874225,32,412.5,248.3787110541016,740.2299690293148,0.7762069581076503,block1:s3,gated_rule_c,mixed,1785124721.7502906,1785124721.7510672,1785124721.9994535,1785124722.4913044,
block1-001585,62.65929120127112,2837.0150761911646,128,95.0,62.368575017899275,2836.7243600077927,0.2907161833718419,block1:zero_tool,gated_rule_c,mixed,1785124721.8612034,1785124721.8614945,1785124721.9238698,1785124724.6982257,
block1-001586,429.5959926676005,893.2013096055016,38,15.0,429.31793408934027,892.9232510272413,0.27805857826024294,block1:s3,gated_rule_c,mixed,1785124722.2665164,1785124722.2667947,1785124722.6961195,1785124723.1597247,
block1-001587,303.53599577210844,919.260305701755,41,25.0,302.1507910452783,917.8751009749249,1.3852047268301249,block1:s3,gated_rule_c,mixed,1785124722.468462,1785124722.4698482,1785124722.7720125,1785124723.3877366,
block1-001588,447.3965559154749,1101.1602389626205,48,12.5,446.98902394156903,1100.7527069887146,0.4075319739058614,block1:s3,gated_rule_c,mixed,1785124722.4764097,1785124722.4768176,1785124722.923813,1785124723.5775764,
block1-001589,70.18108619377017,5905.2503211423755,269,20.0,69.81380505021662,5904.883039998822,0.367281143553555,block1:zero_tool,gated_rule_c,mixed,1785124722.9162357,1785124722.9166033,1785124722.986425,1785124728.8214943,
block1-001590,65.67973596975207,3932.475500041619,186,107.5,65.2026969473809,3931.9984610192478,0.4770390223711729,block1:zero_tool,gated_rule_c,mixed,1785124722.9206889,1785124722.9211662,1785124722.9863753,1785124726.853171,
block1-001591,453.95508874207735,1118.3990627760068,43,10.0,453.56142590753734,1118.0053999414667,0.3936628345400095,block1:s3,gated_rule_c,mixed,1785124723.3662813,1785124723.3666751,1785124723.8202426,1785124724.4846869,
block1-001592,533.3725810050964,1194.7354839649051,48,152.5,532.523354049772,1193.8862570095807,0.8492269553244114,block1:s4,gated_rule_c,mixed,1785124723.542404,1785124723.5432532,1785124724.075783,1785124724.737146,
block1-001593,529.7111188992858,1191.1560709122568,48,12.5,528.9854740258306,1190.4304260388017,0.7256448734551668,block1:s4,gated_rule_c,mixed,1785124723.5461073,1785124723.546833,1785124724.0758245,1785124724.7372692,
block1-001594,490.1514529483393,1151.390955899842,48,15.0,488.4365980979055,1149.6761010494083,1.7148548504337668,block1:s4,gated_rule_c,mixed,1785124723.6045518,1785124723.606267,1785124724.094711,1785124724.7559505,
block1-001595,467.8011001087725,1128.3693452132866,48,282.5,467.04926795791835,1127.6175130624324,0.7518321508541703,block1:s4,gated_rule_c,mixed,1785124723.6465077,1785124723.64726,1785124724.114319,1785124724.7748868,
block1-001596,54.15277765132487,3232.822157558985,155,15.0,53.87960805092007,3232.5489879585803,0.273169600404799,block1:zero_tool,gated_rule_c,mixed,1785124723.982363,1785124723.9826362,1785124724.0365233,1785124727.2151926,
block1-001597,401.0540588060394,1041.06080182828,48,135.0,400.3918260568753,1040.398569079116,0.6622327491641045,block1:s4,gated_rule_c,mixed,1785124724.2973983,1785124724.298061,1785124724.6984615,1785124725.338468,
block1-001598,402.661248575896,1004.005370545201,48,105.0,401.83097298722714,1003.1750949565321,0.8302755886688828,block1:s4,gated_rule_c,mixed,1785124725.0477476,1785124725.048578,1785124725.4504168,1785124726.051761,
block1-001599,563.0292567657307,1421.3747198227793,48,395.0,562.7062419662252,1421.0517050232738,0.3230147995054722,block1:s4,gated_rule_c,mixed,1785124726.652302,1785124726.652625,1785124727.215339,1785124728.0736845,
block1-001600,479.6708902576938,1298.2183753047138,43,50.0,479.19521504081786,1297.7427000878379,0.47567521687597036,block1:s1,gated_rule_c,mixed,1785124726.6578395,1785124726.6583157,1785124727.1375182,1785124727.956066,
block1-001601,123.84189432486892,1778.0368763487786,71,820.0,123.14256501849741,1777.337547042407,0.69932930637151,block1:s1,gated_rule_c,mixed,1785124726.7781234,1785124726.778823,1785124726.901973,1785124728.5561686,
block1-001602,117.38881736528128,4376.81334244553,185,110.0,116.82759295217693,4376.252118032426,0.5612244131043553,block1:zero_tool,gated_rule_c,mixed,1785124726.80665,1785124726.8072116,1785124726.9240475,1785124731.183472,
block1-001603,480.71900790091604,1058.672706829384,37,15.0,479.65138510335237,1057.6050840318203,1.067622797563672,block1:s1,gated_rule_c,mixed,1785124726.9950418,1785124726.9961095,1785124727.475768,1785124728.0537217,
block1-001604,100.85079190321267,2594.1254339413717,111,145.0,100.58384796138853,2593.8584899995476,0.26694394182413816,block1:zero_tool,gated_rule_c,mixed,1785124727.2560449,1785124727.2563121,1785124727.356902,1785124729.8501768,
block1-001605,199.31633514352143,1525.4281071247533,62,47.5,198.69181304238737,1524.8035850236192,0.6245221011340618,block1:s1,gated_rule_c,mixed,1785124727.2582574,1785124727.2588823,1785124727.4575808,1785124728.7836926,
block1-001606,168.68262621574104,1589.5830921363086,67,187.5,166.60566302016377,1587.5061289407313,2.076963195577264,block1:s1,gated_rule_c,mixed,1785124727.2885451,1785124727.2906225,1785124727.457235,1785124728.8781354,
block1-001607,122.99294746480882,1324.0479804808274,59,280.0,121.84431892819703,1322.8993519442156,1.1486285366117954,block1:s1,gated_rule_c,mixed,1785124727.6098511,1785124727.6110003,1785124727.732856,1785124728.933911,
block1-001608,278.61985459458083,855.9473465429619,40,155.0,278.14048004802316,855.4679719964042,0.47937454655766487,block1:s2,gated_rule_c,mixed,1785124727.7944975,1785124727.794977,1785124728.0731273,1785124728.6504543,
block1-001609,95.35501850768924,2265.8539884723723,94,105.0,94.8291840031743,2265.3281539678574,0.5258345045149326,block1:zero_tool,gated_rule_c,mixed,1785124728.6641517,1785124728.6646776,1785124728.759515,1785124730.930014,
block1-001610,86.85256296303123,1557.1776640135795,64,155.0,84.81663197744638,1555.1417330279946,2.035930985584855,block1:s2,gated_rule_c,mixed,1785124728.6962266,1785124728.6982627,1785124728.7830863,1785124730.253411,
block1-001611,354.77539559360594,1062.9308016505092,43,10.0,353.4148499602452,1061.5702560171485,1.3605456333607435,block1:s2,gated_rule_c,mixed,1785124729.0205224,1785124729.0218832,1785124729.3753052,1785124730.0834608,
block1-001612,336.8025802774355,846.0049832938239,35,10.0,335.76005999930203,844.9624630156904,1.042520278133452,block1:s2,gated_rule_c,mixed,1785124729.1273792,1785124729.1284218,1785124729.464188,1785124729.9733908,
block1-001613,490.67937314976007,1225.4197450820357,49,17.5,490.14846701174974,1224.8888389440253,0.530906138010323,block1:s2,gated_rule_c,mixed,1785124729.359588,1785124729.3601189,1785124729.8502753,1785124730.5850158,
block1-001614,62.7959551056847,3680.7537981076166,154,187.5,62.49591498635709,3680.453757988289,0.30004011932760477,block1:zero_tool,gated_rule_c,mixed,1785124729.4813075,1785124729.4816077,1785124729.5441117,1785124733.1620698,
block1-001615,218.53526553604752,950.0132076209411,37,15.0,217.56420994643122,949.0421520313248,0.9710555896162987,block1:s2,gated_rule_c,mixed,1785124729.7122803,1785124729.7132516,1785124729.9308245,1785124730.6623023,
block1-001616,66.33298401720822,4053.46488696523,161,115.0,64.49642905499786,4051.6283320030198,1.8365549622103572,block1:zero_tool,gated_rule_c,mixed,1785124729.8248627,1785124729.8266995,1785124729.891205,1785124733.8783374,
block1-001617,358.34473359864205,899.7641776222736,33,12.5,357.8655179589987,899.2849619826302,0.4792156396433711,block1:s3,gated_rule_c,mixed,1785124729.9364984,1785124729.9369779,1785124730.2948506,1785124730.83627,
block1-001618,439.0564155764878,1057.1372845442966,41,10.0,438.30237293150276,1056.3832418993115,0.7540426449850202,block1:s3,gated_rule_c,mixed,1785124730.0689914,1785124730.0697458,1785124730.5080564,1785124731.1261373,
block1-001619,470.5283105140552,1167.7863885415718,48,282.5,468.50545797497034,1165.763536002487,2.0228525390848517,block1:s3,gated_rule_c,mixed,1785124730.1146119,1785124730.1166348,1785124730.585148,1785124731.282406,
block1-001620,94.28749047219753,3427.8888914268464,135,70.0,93.84867793414742,3427.4500788887963,0.4388125380501151,block1:zero_tool,gated_rule_c,mixed,1785124730.1814258,1785124730.181865,1785124730.275721,1785124733.6093223,
block1-001621,391.6092108702287,1061.6166258696467,43,20.0,389.4631890580058,1059.4706040574238,2.146021812222898,block1:s3,gated_rule_c,mixed,1785124730.4230225,1785124730.425169,1785124730.8146405,1785124731.4846482,
block1-001622,505.73250418528914,1119.8682561516762,43,282.5,504.584867041558,1118.720619007945,1.1476371437311172,block1:s3,gated_rule_c,mixed,1785124730.6581264,1785124730.6592743,1785124731.1638665,1785124731.7780023,
block1-001623,315.37158822175115,1188.9350432902575,43,15.0,315.06471801549196,1188.6281730839983,0.30687020625919104,block1:s3,gated_rule_c,mixed,1785124730.8106682,1785124730.8109756,1785124731.1260493,1785124731.9996126,
block1-001624,79.34974215459079,4645.843481179327,195,172.5,79.04542901087552,4645.5391680356115,0.3043131437152624,block1:zero_tool,gated_rule_c,mixed,1785124730.8916774,1785124730.8919816,1785124730.9710336,1785124735.5375273,
block1-001625,504.2826747521758,1335.6575577054173,48,17.5,504.04925004113466,1335.4241329943761,0.23342471104115248,block1:s4,gated_rule_c,mixed,1785124731.223081,1785124731.2233148,1785124731.7273715,1785124732.5587466,
block1-001626,56.39027548022568,4006.375049473718,165,307.5,55.85713405162096,4005.841908045113,0.533141428604722,block1:zero_tool,gated_rule_c,mixed,1785124731.4344795,1785124731.4350128,1785124731.4908772,1785124735.440862,
block1-001627,592.035741196014,1288.4594121715054,48,100.0,591.6066450299695,1288.030316005461,0.42909616604447365,block1:s4,gated_rule_c,mixed,1785124731.4854362,1785124731.4858654,1785124732.0774798,1785124732.7739036,
block1-001628,619.9299361323938,1287.0402492117137,48,60.0,619.076828006655,1286.1871410859749,0.8531081257387996,block1:s4,gated_rule_c,mixed,1785124731.5061762,1785124731.5070295,1785124732.1261125,1785124732.793223,
block1-001629,588.8037215918303,1223.3131565153599,48,550.0,588.2451540092006,1222.7545889327303,0.558567582629621,block1:s4,gated_rule_c,mixed,1785124731.6679733,1785124731.668532,1785124732.2567844,1785124732.891294,
block1-001630,586.5077667403966,1221.0904617095366,48,10.0,585.7069310732186,1220.2896260423586,0.8008356671780348,block1:s4,gated_rule_c,mixed,1785124731.6703124,1785124731.6711133,1785124732.256826,1785124732.8914084,
block1-001631,579.7825310146436,1231.0232289601117,49,60.0,579.0179100586101,1230.2586080040783,0.7646209560334682,block1:s4,gated_rule_c,mixed,1785124731.6966877,1785124731.6974525,1785124732.2764778,1785124732.9277184,
block1-001632,482.86827513948083,1078.2649791799486,43,115.0,482.17107099480927,1077.567775035277,0.6972041446715593,block1:s1,gated_rule_c,mixed,1785124731.7343771,1785124731.7350748,1785124732.2172546,1785124732.8126516,
block1-001633,352.2292406996712,828.2716897083446,37,17.5,351.8694950034842,827.9119440121576,0.35974569618701935,block1:s1,gated_rule_c,mixed,1785124732.0624008,1785124732.0627606,1785124732.414638,1785124732.8906808,
block1-001634,71.83294743299484,3915.461313445121,173,95.0,70.99714200012386,3914.62550801225,0.8358054328709841,block1:zero_tool,gated_rule_c,mixed,1785124732.4263706,1785124732.4272068,1785124732.4982119,1785124736.34184,
block1-001635,642.7280246280134,1251.4329926343635,45,357.5,641.6788860224187,1250.3838540287688,1.049138605594635,block1:s1,gated_rule_c,mixed,1785124733.0407276,1785124733.041777,1785124733.683463,1785124734.292168,
block1-001636,569.2399953259155,1135.6703413184732,39,15.0,568.4453310677782,1134.8756770603359,0.7946642581373453,block1:s1,gated_rule_c,mixed,1785124733.0587373,1785124733.059532,1785124733.6279833,1785124734.194414,
block1-001637,263.8242329703644,1550.910813966766,62,60.0,262.8735549515113,1549.960135947913,0.9506780188530684,block1:s1,gated_rule_c,mixed,1785124733.1031916,1785124733.1041424,1785124733.3670223,1785124734.654109,
block1-001638,568.7689044279978,1177.104283357039,43,170.0,567.6370930159464,1175.9724719449878,1.13181141205132,block1:s1,gated_rule_c,mixed,1785124733.1146448,1785124733.115777,1785124733.6834207,1785124734.2917564,
block1-001639,388.5494899004698,876.6450248658657,33,10.0,387.6106459647417,875.7061809301376,0.9388439357280731,block1:s1,gated_rule_c,mixed,1785124733.2597356,1785124733.2606747,1785124733.6482937,1785124734.136389,
block1-001640,100.20807106047869,3102.303662104532,145,105.0,99.35031295754015,3101.4459040015936,0.8577581029385328,block1:zero_tool,gated_rule_c,mixed,1785124733.3883314,1785124733.3891895,1785124733.4885483,1785124736.490644,
block1-001641,63.39716829825193,3583.2294042920694,171,110.0,61.94904702715576,3581.781283020973,1.44812127109617,block1:zero_tool,gated_rule_c,mixed,1785124733.5255527,1785124733.5270011,1785124733.588957,1785124737.1087894,
block1-001642,308.8637727778405,777.6772027136758,36,152.5,308.4573569940403,777.2707869298756,0.4064157838001847,block1:s2,gated_rule_c,mixed,1785124733.6275995,1785124733.628006,1785124733.9364698,1785124734.405283,
block1-001643,57.640522602014244,10751.888138591312,505,10.0,56.79717205930501,10751.044788048603,0.8433505427092314,block1:zero_tool,gated_rule_c,mixed,1785124733.9409523,1785124733.9417958,1785124733.998601,1785124744.6928484,
block1-001644,57.09540960378945,2476.75985051319,116,15.0,56.281583034433424,2475.946023943834,0.8138265693560243,block1:zero_tool,gated_rule_c,mixed,1785124734.52098,1785124734.5217938,1785124734.5780833,1785124736.9977477,
block1-001645,491.19140300899744,1180.960925994441,49,70.0,490.757267922163,1180.5267909076065,0.4341350868344307,block1:s2,gated_rule_c,mixed,1785124734.7029562,1785124734.7033904,1785124735.1941547,1785124735.8839245,
block1-001646,371.44781404640526,872.1703650662675,36,100.0,370.7922640023753,871.5148150222376,0.6555500440299511,block1:s2,gated_rule_c,mixed,1785124735.0499554,1785124735.0506113,1785124735.4214115,1785124735.922134,
block1-001647,246.2753497529775,859.8724157782272,37,60.0,245.63658400438726,859.2336500296369,0.6387657485902309,block1:s2,gated_rule_c,mixed,1785124735.252234,1785124735.2528727,1785124735.4985168,1785124736.1121137,
block1-001648,445.7928604679182,1058.8482884922996,48,350.0,445.08446601685137,1058.1398940412328,0.7083944510668516,block1:s3,gated_rule_c,mixed,1785124735.3017733,1785124735.302482,1785124735.7475731,1785124736.3606288,
block1-001649,278.4554469399154,849.5989319635555,39,10.0,277.3410159861669,848.484501009807,1.1144309537485242,block1:s3,gated_rule_c,mixed,1785124735.5856159,1785124735.5867305,1785124735.8640797,1785124736.435223,
block1-001650,64.4556435290724,3673.158864490688,173,15.0,63.40996304061264,3672.113184002228,1.045680488459766,block1:zero_tool,gated_rule_c,mixed,1785124736.239484,1785124736.24053,1785124736.3039474,1785124739.9126508,
block1-001651,275.76998237054795,913.3257434004918,41,20.0,275.19653097260743,912.7522920025513,0.5734513979405165,block1:s3,gated_rule_c,mixed,1785124736.5129912,1785124736.5135648,1785124736.7887685,1785124737.4263241,
block1-001652,58.565650251694024,2926.7192882252857,136,550.0,57.60025908239186,2925.7538970559835,0.9653911693021655,block1:zero_tool,gated_rule_c,mixed,1785124736.8643174,1785124736.8652828,1785124736.9228914,1785124739.791045,
block1-001653,399.18771071825176,1160.4366867104545,48,320.0,397.72546000313014,1158.974435995333,1.4622507151216269,block1:s3,gated_rule_c,mixed,1785124737.2144184,1785124737.2158806,1785124737.613614,1785124738.3748631,
block1-001654,486.20077478699386,1141.042717732489,48,170.0,485.1110359886661,1139.9529789341614,1.089738798327744,block1:s3,gated_rule_c,mixed,1785124737.6197207,1785124737.6208107,1785124738.1059296,1785124738.7607715,
block1-001655,357.7695975545794,1011.8282724870369,43,52.5,356.71713505871594,1010.7758099911734,1.0524624958634377,block1:s3,gated_rule_c,mixed,1785124737.7296317,1785124737.7306845,1785124738.0874093,1785124738.741468,
block1-001656,59.87117171753198,3819.435779703781,172,145.0,59.334404999390244,3818.8990129856393,0.5367667181417346,block1:zero_tool,gated_rule_c,mixed,1785124737.9346845,1785124737.9352214,1785124737.994564,1785124741.7541287,
block1-001657,444.9938158504665,1062.0217937976122,48,10.0,444.18077205773443,1061.2087500048801,0.81304379273206,block1:s4,gated_rule_c,mixed,1785124737.967237,1785124737.9680502,1785124738.4122386,1785124739.0292666,
block1-001658,418.38338773231953,1056.1130887363106,48,297.5,417.5191350514069,1055.248836055398,0.8642526809126139,block1:s4,gated_rule_c,mixed,1785124738.1237698,1785124738.124634,1785124738.5421615,1785124739.179891,
block1-001659,58.470499236136675,3399.278716184199,154,115.0,58.297377079725266,3399.1055940277874,0.17312215641140938,block1:zero_tool,gated_rule_c,mixed,1785124738.491159,1785124738.4913323,1785124738.5496364,1785124741.8904445,
block1-001660,60.39342482108623,3365.687721874565,152,105.0,60.10648293886334,3365.400779992342,0.28694188222289085,block1:zero_tool,gated_rule_c,mixed,1785124738.7607057,1785124738.7609928,1785124738.8211064,1785124742.1264002,
block1-001661,413.7746294727549,1176.9843914080411,48,187.5,413.48283598199487,1176.692597917281,0.29179349076002836,block1:s4,gated_rule_c,mixed,1785124739.030233,1785124739.030525,1785124739.4440153,1785124740.2072253,
block1-001662,93.49243727046996,3676.5394733520225,167,187.5,93.01674098242074,3676.0637770639732,0.47569628804922104,block1:zero_tool,gated_rule_c,mixed,1785124739.4982264,1785124739.4987023,1785124739.591727,1785124743.174774,
block1-001663,83.16303859464824,4065.529153565876,185,15.0,82.42230105679482,4064.7884160280228,0.7407375378534198,block1:zero_tool,gated_rule_c,mixed,1785124739.508922,1785124739.5096629,1785124739.5920925,1785124743.5744584,
block1-001664,377.3191880900413,1067.0184650225565,43,17.5,377.10172904189676,1066.801005974412,0.21745904814451933,block1:s1,gated_rule_c,mixed,1785124739.515548,1785124739.5157654,1785124739.8928733,1785124740.5825725,
block1-001665,117.53071960993111,2946.9908255850896,133,140.0,117.20772297121584,2946.6678289463744,0.3229966387152672,block1:zero_tool,gated_rule_c,mixed,1785124739.6736531,1785124739.6739764,1785124739.791191,1785124742.6206512,
block1-001666,435.0974578410387,1125.746802892536,44,117.5,434.3161389697343,1124.9654840212315,0.7813188713043928,block1:s1,gated_rule_c,mixed,1785124739.6934183,1785124739.6942,1785124740.1285253,1785124740.8191743,
block1-001667,131.27917749807239,1735.731755499728,73,110.0,129.54898900352418,1734.0015670051798,1.7301884945482016,block1:s1,gated_rule_c,mixed,1785124739.8810055,1785124739.882736,1785124740.0122924,1785124741.6167455,
block1-001668,269.04467737767845,973.0377653613687,39,110.0,268.4616519836709,972.4547399673611,0.5830253940075636,block1:s1,gated_rule_c,mixed,1785124740.2749126,1785124740.2754958,1785124740.5439665,1785124741.2479596,
block1-001669,116.34716053958982,1464.1794055933133,65,15.0,116.11488601192832,1463.9471310656518,0.23227452766150236,block1:s1,gated_rule_c,mixed,1785124740.5855615,1785124740.585794,1785124740.7019165,1785124742.0497487,
block1-001670,62.036453862674534,7644.3331198534,333,282.5,60.994709958322346,7643.2913759490475,1.041743904352188,block1:zero_tool,gated_rule_c,mixed,1785124740.8589928,1785124740.8600347,1785124740.9210365,1785124748.5033333,
block1-001671,56.79646600037813,3188.287485972978,152,15.0,56.55050196219236,3188.0415219347924,0.24596403818577528,block1:zero_tool,gated_rule_c,mixed,1785124740.864358,1785124740.8646042,1785124740.9211614,1785124744.0526521,
block1-001672,299.14171528071165,924.1511243162677,40,47.5,298.76034695189446,923.7697559874505,0.38136832881718874,block1:s2,gated_rule_c,mixed,1785124740.9083476,1785124740.9087293,1785124741.2074962,1785124741.8325057,
block1-001673,56.8592733470723,2065.706698340364,100,25.0,56.371372076682746,2065.2187970699742,0.4879012703895569,block1:zero_tool,gated_rule_c,mixed,1785124741.0710273,1785124741.0715153,1785124741.1278958,1785124743.1367428,
block1-001674,312.64370307326317,780.04491108004,36,152.5,312.0495709590614,779.4507789658383,0.5941321142017841,block1:s2,gated_rule_c,mixed,1785124741.4801645,1785124741.4807587,1785124741.7928162,1785124742.2602174,
block1-001675,55.40571245364845,9704.084136523306,437,60.0,54.34001795947552,9703.018442029133,1.0656944941729307,block1:zero_tool,gated_rule_c,mixed,1785124741.9939716,1785124741.9950376,1785124742.0493853,1785124751.6980636,
block1-001676,109.3480319250375,4936.177926952951,207,100.0,108.31309901550412,4935.142994043417,1.0349329095333815,block1:zero_tool,gated_rule_c,mixed,1785124742.6952622,1785124742.6962972,1785124742.8046184,1785124747.6314478,
block1-001677,360.4570080060512,1009.1434320202097,44,17.5,359.6016090596095,1008.288033073768,0.85539894644171,block1:s2,gated_rule_c,mixed,1785124742.6980457,1785124742.6989014,1785124743.058511,1785124743.7071974,
block1-001678,72.44922814425081,3387.220506090671,154,47.5,70.77461306471378,3385.545891011134,1.674615079537034,block1:zero_tool,gated_rule_c,mixed,1785124742.8313766,1785124742.8330514,1785124742.9038327,1785124746.2186038,
block1-001679,270.05846914835274,761.8133600335568,34,117.5,269.7513900930062,761.5062809782103,0.30707905534654856,block1:s2,gated_rule_c,mixed,1785124743.2686396,1785124743.2689466,1785124743.5387049,1785124744.03046,
block1-001680,259.3510178849101,827.6153659680858,32,95.0,257.26310501340777,825.5274530965835,2.08791287150234,block1:s3,gated_rule_c,mixed,1785124743.485234,1785124743.4873223,1785124743.7445939,1785124744.3128583,
block1-001681,334.5140041783452,903.4506012685597,39,140.0,334.12372099701315,903.0603180872276,0.39028318133205175,block1:s3,gated_rule_c,mixed,1785124744.0158896,1785124744.0162802,1785124744.3504105,1785124744.919347,
block1-001682,481.4514460740611,1085.2898061275482,48,60.0,480.5578830419108,1084.396243095398,0.8935630321502686,block1:s3,gated_rule_c,mixed,1785124744.0210478,1785124744.0219417,1785124744.5025055,1785124745.106344,
block1-001683,439.39289450645447,1042.9080955218524,48,15.0,438.1509510567412,1041.666152072139,1.2419434497132897,block1:s3,gated_rule_c,mixed,1785124744.0818608,1785124744.0831027,1785124744.5212605,1785124745.124776,
block1-001684,419.8614042252302,1217.6301463041455,41,12.5,419.4202539511025,1217.1889960300177,0.4411502741277218,block1:s3,gated_rule_c,mixed,1785124745.3839042,1785124745.3843455,1785124745.803773,1785124746.6015415,
block1-001685,533.4686314454302,1518.6735533643514,48,297.5,532.3559190146625,1517.5608409335837,1.112712430767715,block1:s3,gated_rule_c,mixed,1785124745.386023,1785124745.387136,1785124745.919497,1785124746.904702,
block1-001686,571.0594995180145,1393.6725424136966,43,172.5,570.2023040503263,1392.8153469460085,0.8571954676881433,block1:s3,gated_rule_c,mixed,1785124745.4268155,1785124745.427673,1785124745.9978821,1785124746.8204954,
block1-001687,465.52176552359015,1455.968022462912,48,145.0,465.1060360483825,1455.5522929877043,0.4157294752076268,block1:s3,gated_rule_c,mixed,1785124745.5118902,1785124745.5123062,1785124745.9774213,1785124746.9678679,
block1-001688,91.07118588872254,3790.408828877844,154,152.5,90.04723990801722,3789.3848828971386,1.0239459807053208,block1:zero_tool,gated_rule_c,mixed,1785124745.806093,1785124745.8071172,1785124745.8971722,1785124749.59651,
block1-001689,84.16039939038455,4206.815637415275,174,545.0,83.37697794195265,4206.032215966843,0.7834214484319091,block1:zero_tool,gated_rule_c,mixed,1785124745.8129148,1785124745.8136988,1785124745.8970861,1785124750.0197415,
block1-001690,80.21832793019712,3297.207648982294,130,60.0,79.79384902864695,3296.7831700807437,0.42447890155017376,block1:zero_tool,gated_rule_c,mixed,1785124745.81938,1785124745.8198047,1785124745.899605,1785124749.116594,
block1-001691,59.71937894355506,4374.689743970521,184,287.5,58.97322599776089,4373.943591024727,0.7461529457941651,block1:zero_tool,gated_rule_c,mixed,1785124745.9841824,1785124745.9849286,1785124746.0439086,1785124750.358879,
block1-001692,562.472824123688,1506.6705901408568,48,12.5,561.9323180289939,1506.1300840461627,0.5405060946941376,block1:s4,gated_rule_c,mixed,1785124745.9960132,1785124745.996554,1785124746.558493,1785124747.5026908,
block1-001693,691.7388158617541,1480.5220538983122,48,395.0,691.5284380083904,1480.3116760449484,0.21037785336375237,block1:s4,gated_rule_c,mixed,1785124746.1911721,1785124746.191383,1785124746.8829198,1785124747.671703,
block1-001694,675.3166698617861,1462.1951528824866,48,15.0,674.2401859955862,1461.1186690162867,1.076483866199851,block1:s4,gated_rule_c,mixed,1785124746.2295542,1785124746.2306309,1785124746.9048793,1785124747.691758,
block1-001695,663.3614706806839,1450.1456146826968,48,15.0,662.8876880276948,1449.6718320297077,0.4737826529890299,block1:s4,gated_rule_c,mixed,1785124746.2614117,1785124746.2618856,1785124746.9247804,1785124747.7115643,
block1-001696,524.3648351170123,1272.9658350581303,43,15.0,523.3487549703568,1271.9497549114749,1.0160801466554403,block1:s1,gated_rule_c,mixed,1785124746.3580668,1785124746.359083,1785124746.8824387,1785124747.6310399,
block1-001697,93.65707787219435,3731.5488238818944,158,15.0,93.51680998224765,3731.4085559919477,0.14026788994669914,block1:zero_tool,gated_rule_c,mixed,1785124746.4020178,1785124746.4021583,1785124746.4956818,1785124750.1335735,
block1-001698,496.1884170770645,1237.0950389886275,44,282.5,496.01737107150257,1236.9239929830655,0.17104600556194782,block1:s1,gated_rule_c,mixed,1785124746.5725672,1785124746.5727386,1785124747.0687616,1785124747.8096683,
block1-001699,180.9302297187969,1947.8104708250612,72,572.5,180.35519891418517,1947.2354400204495,0.5750308046117425,block1:s1,gated_rule_c,mixed,1785124746.575306,1785124746.5758812,1785124746.756243,1785124748.523123,
block1-001700,375.92695630155504,1119.2476912401617,39,152.5,375.75425603426993,1119.0749909728765,0.17270026728510857,block1:s1,gated_rule_c,mixed,1785124746.6117291,1785124746.611902,1785124746.9876626,1785124747.7309835,
block1-001701,207.32435316313058,1528.9913122542202,59,20.0,207.0085349259898,1528.6754940170795,0.3158182371407747,block1:s1,gated_rule_c,mixed,1785124747.2532668,1785124747.253583,1785124747.4605997,1785124748.7822666,
block1-001702,374.72181755583733,1094.0783785190433,39,60.0,374.15525096002966,1093.5118119232357,0.5665665958076715,block1:s1,gated_rule_c,mixed,1785124747.2568338,1785124747.2574005,1785124747.6315627,1785124748.35092,
block1-001703,75.53205266594887,2829.775985679589,130,17.5,74.82609199360013,2829.0700250072405,0.7059606723487377,block1:zero_tool,gated_rule_c,mixed,1785124747.4918873,1785124747.4925935,1785124747.567428,1785124750.321672,
block1-001704,395.71137609891593,1028.4252990968525,41,75.0,393.9256659941748,1026.6395889921114,1.785710104741156,block1:s2,gated_rule_c,mixed,1785124747.914677,1785124747.9164627,1785124748.3103952,1785124748.9431088,
block1-001705,368.91395994462073,867.7048839163035,36,187.5,368.7124860007316,867.5034099724144,0.20147394388914108,block1:s2,gated_rule_c,mixed,1785124748.0359356,1785124748.0361376,1785124748.4048584,1785124748.9036493,
block1-001706,360.2019572863355,838.1272902479395,37,140.0,359.25520199816674,837.1805349597707,0.946755288168788,block1:s2,gated_rule_c,mixed,1785124748.162993,1785124748.1639402,1785124748.5232031,1785124749.0011284,
block1-001707,347.73852152284235,968.6116975499317,43,17.5,346.7894059140235,967.6625819411129,0.9491156088188291,block1:s2,gated_rule_c,mixed,1785124748.3355894,1785124748.3365388,1785124748.6833367,1785124749.3042102,
block1-001708,56.01169203873724,11832.07589504309,555,10.0,55.56948599405587,11831.633688998409,0.44220604468137026,block1:zero_tool,gated_rule_c,mixed,1785124748.5288966,1785124748.5293388,1785124748.5849152,1785124760.3609796,
block1-001709,73.19504674524069,9629.602908738889,447,15.0,72.24765897262841,9628.655520966277,0.9473877726122737,block1:zero_tool,gated_rule_c,mixed,1785124748.8104093,1785124748.8113568,1785124748.8836114,1785124758.440019,
block1-001710,348.9529045764357,849.5523044839501,38,60.0,348.2282840413973,848.8276839489117,0.7246205350384116,block1:s2,gated_rule_c,mixed,1785124749.2080944,1785124749.2088192,1785124749.557055,1785124750.0576544,
block1-001711,69.48646658565849,2476.384108653292,119,110.0,68.41139995958656,2475.30904202722,1.07506662607193,block1:zero_tool,gated_rule_c,mixed,1785124749.410339,1785124749.4114144,1785124749.4798326,1785124751.8867302,
block1-001712,249.1363288136199,703.5975278122351,32,217.5,248.858729028143,703.3199280267581,0.277599785476923,block1:s3,gated_rule_c,mixed,1785124749.6924021,1785124749.69268,1785124749.9415452,1785124750.3960063,
block1-001713,302.8646137099713,795.0948487268761,33,20.0,302.5538099464029,794.7840449633077,0.31080376356840134,block1:s3,gated_rule_c,mixed,1785124750.9409642,1785124750.9412751,1785124751.2438357,1785124751.736066,
block1-001714,400.77482105698436,1075.0431400956586,48,485.0,400.616368977353,1074.8846880160272,0.1584520796313882,block1:s3,gated_rule_c,mixed,1785124751.0167499,1785124751.0169086,1785124751.4175322,1785124752.0918007,
block1-001715,52.171247312799096,2802.2726733470336,131,297.5,51.71275697648525,2801.8141830107197,0.4584903363138437,block1:zero_tool,gated_rule_c,mixed,1785124751.1350768,1785124751.1355355,1785124751.1872551,1785124753.9373565,
block1-001716,303.7271201610565,903.1075082020834,41,395.0,303.44740801956505,902.8277960605919,0.2797121414914727,block1:s3,gated_rule_c,mixed,1785124751.3752644,1785124751.3755443,1785124751.6789982,1785124752.2783787,
block1-001717,400.425533647649,1053.8183725439012,46,60.0,400.06536105647683,1053.458199952729,0.3601725911721587,block1:s3,gated_rule_c,mixed,1785124751.8026445,1785124751.803005,1785124752.2030785,1785124752.856471,
block1-001718,491.87521601561457,1020.7520100520924,43,172.5,490.2507408987731,1019.1275349352509,1.624475116841495,block1:s3,gated_rule_c,mixed,1785124752.4636772,1785124752.4653018,1785124752.9555593,1785124753.4844363,
block1-001719,310.148223885335,989.9526798399165,43,280.0,309.9160910351202,989.7205469897017,0.23213285021483898,block1:s3,gated_rule_c,mixed,1785124752.6079404,1785124752.608173,1785124752.9180965,1785124753.597901,
block1-001720,57.5219935271889,4690.822294563986,209,15.0,57.02192196622491,4690.322223003022,0.5000715609639883,block1:zero_tool,gated_rule_c,mixed,1785124752.8046758,1785124752.805176,1785124752.862205,1785124757.4955053,
block1-001721,433.4426161367446,1117.9258301854134,48,550.0,433.0592399928719,1117.5424540415406,0.3833761438727379,block1:s4,gated_rule_c,mixed,1785124753.0882082,1785124753.0885916,1785124753.521657,1785124754.2061405,
block1-001722,405.217805178836,1089.1798101365566,48,115.0,404.774098074995,1088.7361030327156,0.44370710384100676,block1:s4,gated_rule_c,mixed,1785124753.2485914,1785124753.2490356,1785124753.653817,1785124754.3377788,
block1-001723,432.23400693386793,1115.7800238579512,48,145.0,431.17390503175557,1114.7199219558388,1.0601019021123648,block1:s4,gated_rule_c,mixed,1785124753.6558762,1785124753.6569364,1785124754.0881164,1785124754.7716625,
block1-001724,422.28951142169535,1105.8620584663004,48,485.0,421.88139096833766,1105.4539380129427,0.40812045335769653,block1:s4,gated_rule_c,mixed,1785124753.6846824,1785124753.6850905,1785124754.106978,1785124754.7905505,
block1-001725,62.53852788358927,3812.546658795327,167,105.0,62.16819805558771,3812.1763289673254,0.3703298280015588,block1:zero_tool,gated_rule_c,mixed,1785124754.12395,1785124754.1243207,1785124754.1864982,1785124757.936506,
block1-001726,509.79248236399144,1147.484406363219,49,60.0,508.73714103363454,1146.4290650328621,1.055341330356896,block1:s4,gated_rule_c,mixed,1785124754.4397702,1785124754.440826,1785124754.9495687,1785124755.5872607,
block1-001727,457.99528050702065,1106.4870854606852,48,140.0,457.6297120656818,1106.1215170193464,0.36556844133883715,block1:s4,gated_rule_c,mixed,1785124754.5289078,1785124754.5292735,1785124754.9869108,1785124755.6354027,
block1-001728,96.2919294834137,2718.9701304305345,117,152.5,95.22283601108938,2717.90103695821,1.0690934723243117,block1:zero_tool,gated_rule_c,mixed,1785124754.8157475,1785124754.8168166,1785124754.9120467,1785124757.534725,
block1-001729,124.99818252399564,1672.465659561567,69,395.0,124.02806605678052,1671.495543094352,0.9701164672151208,block1:s1,gated_rule_c,mixed,1785124754.8242624,1785124754.8252327,1785124754.9492683,1785124756.4967356,
block1-001730,70.37976814899594,3504.4699881691486,155,60.0,69.88495693076402,3503.9751769509166,0.4948112182319164,block1:zero_tool,gated_rule_c,mixed,1785124755.397133,1785124755.397628,1785124755.4675214,1785124758.9016118,
block1-001731,58.33680066280067,4222.891972633079,190,70.0,58.00579907372594,4222.560971044004,0.3310015890747309,block1:zero_tool,gated_rule_c,mixed,1785124755.5290182,1785124755.5293493,1785124755.5873625,1785124759.7519178,
block1-001732,374.0412718616426,964.0216297702864,36,172.5,373.6607050523162,963.64106296096,0.3805668093264103,block1:s1,gated_rule_c,mixed,1785124755.5711403,1785124755.571521,1785124755.945188,1785124756.5351684,
block1-001733,133.3876014687121,1466.8329514097422,63,10.0,132.75574205908924,1466.2010920001194,0.631859409622848,block1:s1,gated_rule_c,mixed,1785124755.6962526,1785124755.6968844,1785124755.8296459,1785124757.1630912,
block1-001734,133.74919642228633,1654.873998486437,67,170.0,133.06703104171902,1654.1918331058696,0.6821653805673122,block1:s1,gated_rule_c,mixed,1785124756.0477476,1785124756.04843,1785124756.1815057,1785124757.70263,
block1-001735,381.9923761766404,830.6650152662769,37,117.5,381.3362449873239,830.0088840769604,0.6561311893165112,block1:s1,gated_rule_c,mixed,1785124756.3128364,1785124756.3134928,1785124756.6948378,1785124757.1435103,
block1-001736,53.17587382160127,8604.914174880832,398,280.0,52.92846402153373,8604.666765080765,0.24740980006754398,block1:zero_tool,gated_rule_c,mixed,1785124756.5437038,1785124756.5439515,1785124756.5968874,1785124765.1486259,
block1-001737,347.6301651680842,986.619898234494,40,217.5,346.9969698926434,985.9867029590532,0.6331952754408121,block1:s2,gated_rule_c,mixed,1785124757.1481037,1785124757.148737,1785124757.495741,1785124758.1347308,
block1-001738,85.28429409489036,3335.720249102451,156,10.0,84.2460470739752,3334.6820020815358,1.0382470209151506,block1:zero_tool,gated_rule_c,mixed,1785124757.2338545,1785124757.234893,1785124757.319146,1785124760.5695815,
block1-001739,425.6806025514379,1050.0266766175628,43,47.5,424.56102499272674,1048.9070990588516,1.1195775587111712,block1:s2,gated_rule_c,mixed,1785124757.2373018,1785124757.2384217,1785124757.6629899,1785124758.2873359,
block1-001740,344.150755321607,837.5857502687722,35,92.5,343.48053007852286,836.9155250256881,0.6702252430841327,block1:s2,gated_rule_c,mixed,1785124757.277436,1785124757.2781067,1785124757.6215942,1785124758.115029,
block1-001741,464.6041275700554,1077.4406526470557,49,172.5,463.73223792761564,1076.568763004616,0.8718896424397826,block1:s2,gated_rule_c,mixed,1785124757.5522974,1785124757.5531695,1785124758.0169098,1785124758.6297464,
block1-001742,57.428231462836266,2572.1512214513496,123,322.5,57.286422001197934,2572.009411989711,0.1418094616383314,block1:zero_tool,gated_rule_c,mixed,1785124757.940533,1785124757.9406748,1785124757.9979672,1785124760.51269,
block1-001743,214.4403693964705,674.673147383146,31,15.0,213.84422900155187,674.0770069882274,0.5961403949186206,block1:s2,gated_rule_c,mixed,1785124758.1668477,1785124758.167444,1785124758.3812952,1785124758.8415284,
block1-001744,56.327817612327635,4430.939475540072,210,170.0,55.254377075470984,4429.866035003215,1.0734405368566513,block1:zero_tool,gated_rule_c,mixed,1785124758.6519222,1785124758.6529958,1785124758.7082572,1785124763.082869,
block1-001745,277.125989086926,871.22040707618,39,20.0,276.76218596752733,870.8566039567813,0.3638031193986535,block1:s3,gated_rule_c,mixed,1785124758.8622527,1785124758.8626168,1785124759.1393876,1785124759.7334821,
block1-001746,52.409409545361996,4752.803141600452,217,152.5,52.163594984449446,4752.55732703954,0.2458145609125495,block1:zero_tool,gated_rule_c,mixed,1785124759.0934978,1785124759.0937438,1785124759.1459146,1785124763.8463085,
block1-001747,278.14740606117994,964.1510500805452,41,70.0,277.2718039341271,963.2754479534924,0.8756021270528436,block1:s3,gated_rule_c,mixed,1785124759.605545,1785124759.6064208,1785124759.883701,1785124760.5697048,
block1-001748,352.4968213168904,917.2070312779397,41,172.5,351.43520997371525,916.1454199347645,1.0616113431751728,block1:s3,gated_rule_c,mixed,1785124759.9116623,1785124759.9127243,1785124760.2641678,1785124760.828878,
block1-001749,393.1094101862982,956.5079541644081,43,52.5,392.67316402401775,956.0717080021277,0.43624616228044033,block1:s3,gated_rule_c,mixed,1785124759.9282076,1785124759.9286444,1785124760.3213267,1785124760.8847253,
block1-001750,458.00121023785323,1098.1567931594327,46,172.5,457.513035973534,1097.6686188951135,0.48817426431924105,block1:s3,gated_rule_c,mixed,1785124761.0017922,1785124761.0022807,1785124761.4598017,1785124762.0999575,
block1-001751,307.0609351852909,1000.690040178597,43,412.5,306.8008830305189,1000.429988023825,0.2600521547719836,block1:s3,gated_rule_c,mixed,1785124761.080416,1785124761.080676,1785124761.3874838,1785124762.081113,
block1-001752,59.5166691346094,3248.4409601893276,143,287.5,58.405768941156566,3247.3300599958748,1.110900193452835,block1:zero_tool,gated_rule_c,mixed,1785124761.4099612,1785124761.4110723,1785124761.4694853,1785124764.65841,
block1-001753,450.4759336123243,1096.5777406236157,48,282.5,449.6323890052736,1095.734196016565,0.8435446070507169,block1:s4,gated_rule_c,mixed,1785124761.4379478,1785124761.4387915,1785124761.8884306,1785124762.5345323,
block1-001754,423.3623823383823,1069.2437193356454,48,145.0,422.32634394895285,1068.207680946216,1.03603838942945,block1:s4,gated_rule_c,mixed,1785124761.5030973,1785124761.5041337,1785124761.9264665,1785124762.5723479,
block1-001755,87.67090435139835,2860.1221742574126,125,140.0,86.07829210814089,2858.529562014155,1.592612243257463,block1:zero_tool,gated_rule_c,mixed,1785124761.5895345,1785124761.5911276,1785124761.6772141,1785124764.4496653,
block1-001756,476.4408654300496,1311.2172223627567,48,140.0,476.2201060075313,1310.9964629402384,0.22075942251831293,block1:s4,gated_rule_c,mixed,1785124762.3207011,1785124762.3209221,1785124762.7971497,1785124763.6319265,
block1-001757,449.0635966649279,1352.2445046110079,48,545.0,448.7697819713503,1351.9506899174303,0.2938146935775876,block1:s4,gated_rule_c,mixed,1785124762.6140473,1785124762.614341,1785124763.063118,1785124763.9662988,
block1-001758,449.72809276077896,1351.4346748124808,48,145.0,449.08901094459,1350.7955929962918,0.6390818161889911,block1:s4,gated_rule_c,mixed,1785124762.633256,1785124762.6338952,1785124763.082991,1785124763.9846976,
block1-001759,591.43732173834,1274.498097714968,48,140.0,590.8748600631952,1273.9356360398233,0.562461675144732,block1:s4,gated_rule_c,mixed,1785124763.17496,1785124763.1755233,1785124763.7664096,1785124764.4494705,
block1-001760,494.8456312995404,1141.0611493047327,43,20.0,494.63648593518883,1140.852003940381,0.2091453643515706,block1:s1,gated_rule_c,mixed,1785124763.2519238,1785124763.2521334,1785124763.7467797,1785124764.3929949,
block1-001761,133.97076865658164,1517.7770026493818,65,50.0,132.5599440606311,1516.3661780534312,1.4108245959505439,block1:s1,gated_rule_c,mixed,1785124763.363405,1785124763.3648162,1785124763.4973848,1785124764.8811913,
block1-001762,409.2489239992574,936.7919999640435,36,287.5,408.3175630075857,935.8606389723718,0.9313609916716814,block1:s1,gated_rule_c,mixed,1785124763.4163766,1785124763.4173086,1785124763.8256369,1785124764.3531802,
block1-001763,141.9657141668722,4962.490670150146,239,60.0,141.6272900532931,4962.152246036567,0.3384241135790944,block1:zero_tool,gated_rule_c,mixed,1785124763.4258642,1785124763.4262028,1785124763.5678387,1785124768.3883631,
block1-001764,396.08509896788746,1053.3569869585335,42,117.5,394.7190010221675,1051.9908890128136,1.3660979457199574,block1:s1,gated_rule_c,mixed,1785124763.449851,1785124763.4512174,1785124763.8459458,1785124764.5032177,
block1-001765,119.18659170623869,1302.4658096255735,60,107.5,118.34260309115052,1301.6218210104853,0.8439886150881648,block1:s1,gated_rule_c,mixed,1785124763.8467193,1785124763.8475635,1785124763.965915,1785124765.1491942,
block1-001766,65.49115793313831,5900.853277998976,284,357.5,64.383081975393,5899.745202041231,1.1080759577453136,block1:zero_tool,gated_rule_c,mixed,1785124764.4430091,1785124764.4441175,1785124764.50851,1785124770.3438723,
block1-001767,115.32725661527365,1290.4950776137412,59,12.5,114.47540402878076,1289.6432250272483,0.8518525864928961,block1:s1,gated_rule_c,mixed,1785124764.9216447,1785124764.9224968,1785124765.036981,1785124766.2121487,
block1-001768,313.0866389255971,875.4547588760033,40,15.0,312.55013903137296,874.9182589817792,0.5364998942241073,block1:s2,gated_rule_c,mixed,1785124765.5258374,1785124765.5263743,1785124765.8389337,1785124766.4013019,
block1-001769,390.04632516298443,840.8672132063657,38,322.5,389.41871700808406,840.2396050514653,0.627608154900372,block1:s2,gated_rule_c,mixed,1785124765.5417624,1785124765.5423903,1785124765.9318156,1785124766.3826365,
block1-001770,67.11033976171166,3268.835014780052,159,22.5,66.91934599075466,3268.644021009095,0.1909937709569931,block1:zero_tool,gated_rule_c,mixed,1785124766.203887,1785124766.2040787,1785124766.2710068,1785124769.4727314,
block1-001771,64.28546272218227,8449.13991575595,396,135.0,63.20685602258891,8448.061309056357,1.0786066995933652,block1:zero_tool,gated_rule_c,mixed,1785124766.5643418,1785124766.5654206,1785124766.6286352,1785124775.0134895,
block1-001772,285.9668022720143,743.8531413208693,35,15.0,285.2365239523351,743.1228630011901,0.7302783196792006,block1:s2,gated_rule_c,mixed,1785124766.6170034,1785124766.617734,1785124766.902977,1785124767.3608634,
block1-001773,69.39334981143475,3844.3541118176654,179,17.5,67.88512191269547,3842.845883918926,1.5082278987392783,block1:zero_tool,gated_rule_c,mixed,1785124767.0421138,1785124767.0436225,1785124767.1115146,1785124770.8864753,
block1-001774,62.64903815463185,7459.404301131144,348,307.5,62.33210803475231,7459.087371011265,0.3169301198795438,block1:zero_tool,gated_rule_c,mixed,1785124767.2392187,1785124767.2395358,1785124767.301875,1785124774.6986306,
block1-001775,84.22684413380921,2308.7504821596667,103,485.0,83.09906104113907,2307.6226990669966,1.1277830926701427,block1:zero_tool,gated_rule_c,mixed,1785124768.0157843,1785124768.0169125,1785124768.1000195,1785124770.3245432,
block1-001776,59.23109769355506,2804.3194856727496,125,70.0,58.21448902133852,2803.302877000533,1.0166086722165346,block1:zero_tool,gated_rule_c,mixed,1785124768.0437708,1785124768.0447876,1785124768.1030095,1785124770.848098,
block1-001777,457.6286888914183,1156.0294268419966,48,17.5,456.5902129979804,1154.9909509485587,1.0384758934378624,block1:s3,gated_rule_c,mixed,1785124768.2950814,1785124768.2961202,1785124768.7527177,1785124769.4511187,
block1-001778,371.3596541201696,970.6461551832035,41,160.0,370.81776990089566,970.1042709639296,0.5418842192739248,block1:s3,gated_rule_c,mixed,1785124768.4621391,1785124768.462681,1785124768.8335054,1785124769.4327917,
block1-001779,85.22240666206926,5096.588607644662,229,172.5,84.81526700779796,5096.181467990391,0.4071396542713046,block1:zero_tool,gated_rule_c,mixed,1785124768.514075,1785124768.5144825,1785124768.5993042,1785124773.6106703,
block1-001780,416.41126677859575,1154.445435735397,48,10.0,415.34141707234085,1153.3755860291421,1.0698497062548995,block1:s3,gated_rule_c,mixed,1785124768.801224,1785124768.802294,1785124769.2176442,1785124769.9556785,
block1-001781,446.9412602484226,1144.580231164582,48,170.0,446.58382097259164,1144.222791888751,0.3574392758309841,block1:s3,gated_rule_c,mixed,1785124769.257255,1785124769.257613,1785124769.7042077,1785124770.4018462,
block1-001782,450.1355924876407,1097.8533115703613,46,820.0,449.2937729228288,1097.0114920055494,0.8418195648118854,block1:s3,gated_rule_c,mixed,1785124769.4431434,1785124769.4439855,1785124769.893287,1785124770.5410047,
block1-001783,315.53122703917325,1019.8039900278673,43,100.0,315.2978919679299,1019.5706549566239,0.23333507124334574,block1:s3,gated_rule_c,mixed,1785124769.6593523,1785124769.6595862,1785124769.9748933,1785124770.6791658,
block1-001784,71.84003491420299,3141.3662259001285,143,20.0,71.4223439572379,3140.9485349431634,0.41769095696508884,block1:zero_tool,gated_rule_c,mixed,1785124769.8840244,1785124769.884442,1785124769.9558716,1785124773.025398,
block1-001785,436.6863811155781,1144.8328340193257,48,17.5,435.53291202988476,1143.6793649336323,1.1534690856933594,block1:s4,gated_rule_c,mixed,1785124770.1044054,1785124770.105559,1785124770.5410986,1785124771.249245,
block1-001786,56.47244828287512,3739.056198275648,170,20.0,55.71315705310553,3738.2969070458785,0.7592912297695875,block1:zero_tool,gated_rule_c,mixed,1785124770.4062967,1785124770.407056,1785124770.4627767,1785124774.1453607,
block1-001787,450.1601468073204,1120.6301538040861,48,217.5,449.8654829803854,1120.3354899771512,0.29466382693499327,block1:s4,gated_rule_c,mixed,1785124770.4552002,1785124770.4554949,1785124770.9053664,1785124771.5758364,
block1-001788,416.36380506679416,1071.9321931246668,48,85.0,414.7680689347908,1070.3364569926634,1.595736132003367,block1:s4,gated_rule_c,mixed,1785124770.6253664,1785124770.6269624,1785124771.041738,1785124771.6973064,
block1-001789,411.71629226300865,1030.937590287067,48,550.0,410.32102203462273,1029.542320058681,1.3952702283859253,block1:s4,gated_rule_c,mixed,1785124770.9938114,1785124770.9952068,1785124771.405535,1785124772.0247562,
block1-001790,56.174131110310555,3759.7039281390607,174,10.0,55.35377794876695,3758.883574977517,0.8203531615436077,block1:zero_tool,gated_rule_c,mixed,1785124771.253645,1785124771.2544656,1785124771.3098266,1785124775.0133564,
block1-001791,66.60517142154276,3695.0435744365677,170,412.5,66.31736794952303,3694.755770964548,0.287803472019732,block1:zero_tool,gated_rule_c,mixed,1785124771.5155125,1785124771.5158002,1785124771.5821261,1785124775.2105644,
block1-001792,66.19973003398627,4676.646061008796,219,70.0,65.9289590548724,4676.375290029682,0.2707709791138768,block1:zero_tool,gated_rule_c,mixed,1785124771.8813994,1785124771.8816702,1785124771.947606,1785124776.5580523,
block1-001793,100.55893729440868,4644.463993259706,217,572.5,99.89864507224411,4643.803701037541,0.6602922221645713,block1:zero_tool,gated_rule_c,mixed,1785124772.123425,1785124772.1240854,1785124772.2239916,1785124776.7678964,
block1-001794,479.9344438361004,1018.3590748347342,41,12.5,479.42401200998574,1017.8486430086195,0.5104318261146545,block1:s1,gated_rule_c,mixed,1785124772.126187,1785124772.1266978,1785124772.606129,1785124773.1445532,
block1-001795,416.01136687677354,923.423703876324,37,107.5,415.6064180424437,923.0187550419942,0.4049488343298435,block1:s1,gated_rule_c,mixed,1785124772.4102538,1785124772.4106588,1785124772.8262718,1785124773.333684,
block1-001796,317.7808701293543,976.7653201706707,39,395.0,317.24672799464315,976.2311780359596,0.5341421347111464,block1:s1,gated_rule_c,mixed,1785124772.4494138,1785124772.449948,1785124772.7672036,1785124773.426188,
block1-001797,148.74723402317613,2338.9895689906552,106,12.5,147.66263402998447,2337.9049689974636,1.0845999931916595,block1:zero_tool,gated_rule_c,mixed,1785124772.4803183,1785124772.481403,1785124772.6290724,1785124774.8193147,
block1-001798,71.28568808548152,6085.073289112188,280,172.5,70.16079791355878,6083.948398940265,1.1248901719227433,block1:zero_tool,gated_rule_c,mixed,1785124773.0144522,1785124773.0155773,1785124773.0857468,1785124779.0995343,
block1-001799,122.64526111539453,1379.6069400850683,62,47.5,122.14925501029938,1379.1109339799732,0.4960061050951481,block1:s1,gated_rule_c,mixed,1785124773.2604322,1785124773.2609282,1785124773.3830845,1785124774.6400461,
block1-001800,116.54514574911445,2540.9444997785613,120,320.0,116.20911094360054,2540.6084649730474,0.3360348055139184,block1:zero_tool,gated_rule_c,mixed,1785124773.289454,1785124773.2897904,1785124773.406008,1785124775.8304074,
block1-001801,281.84119798243046,877.4986919015646,40,12.5,280.8740889886394,876.5315829077736,0.9671089937910438,block1:s2,gated_rule_c,mixed,1785124773.5040233,1785124773.5049906,1785124773.785871,1785124774.3815286,
block1-001802,71.34012621827424,10085.439678281546,462,12.5,70.67900593392551,10084.778557997197,0.6611202843487263,block1:zero_tool,gated_rule_c,mixed,1785124774.0538452,1785124774.0545065,1785124774.1251945,1785124784.139294,
block1-001803,57.48082557693124,9685.347224585712,442,60.0,57.23588296677917,9685.10228197556,0.24494261015206575,block1:zero_tool,gated_rule_c,mixed,1785124774.0679288,1785124774.0681741,1785124774.1254196,1785124783.753286,
block1-001804,71.42602186650038,2417.074335855432,116,95.0,71.21083501260728,2416.8591490015388,0.21518685389310122,block1:zero_tool,gated_rule_c,mixed,1785124774.4894495,1785124774.4896648,1785124774.5608833,1785124776.9065313,
block1-001805,53.8570947246626,3090.217214776203,146,115.0,52.855174988508224,3089.2152950400487,1.0019197361543775,block1:zero_tool,gated_rule_c,mixed,1785124774.7059069,1785124774.706909,1785124774.759771,1785124777.7961314,
block1-001806,348.4122392255813,814.6495092660189,38,187.5,347.5219259271398,813.7591959675774,0.8903132984414697,block1:s2,gated_rule_c,mixed,1785124774.8809538,1785124774.8818443,1785124775.2293742,1785124775.6956115,
block1-001807,78.60337558668107,3760.709916590713,175,545.0,77.78335700277239,3759.8898980068043,0.8200185839086771,block1:zero_tool,gated_rule_c,mixed,1785124774.9349957,1785124774.935816,1785124775.013607,1785124778.6957133,
block1-001808,66.90514204092324,3416.792765026912,158,485.0,66.20544893667102,3416.09307192266,0.6996931042522192,block1:zero_tool,gated_rule_c,mixed,1785124775.1234765,1785124775.1241765,1785124775.1903892,1785124778.540277,
block1-001809,452.11532711982727,1112.0797770563513,48,107.5,451.7142620170489,1111.678711953573,0.40106510277837515,block1:s3,gated_rule_c,mixed,1785124776.4153812,1785124776.4157827,1785124776.8675046,1785124777.5274692,
block1-001810,68.33708682097495,3705.2100998116657,161,282.5,67.37956602592021,3704.252579016611,0.9575207950547338,block1:zero_tool,gated_rule_c,mixed,1785124776.7079349,1785124776.7088923,1785124776.7762794,1785124780.4131522,
block1-001811,273.9044609479606,1005.74762490578,41,15.0,273.5659789759666,1005.4091429337859,0.3384819719940424,block1:s3,gated_rule_c,mixed,1785124776.7325807,1785124776.7329192,1785124777.0064921,1785124777.7383351,
block1-001812,418.0670315399766,1161.9986515725031,48,17.5,417.48917603399605,1161.4207960665226,0.5778555059805512,block1:s3,gated_rule_c,mixed,1785124776.969139,1785124776.9697173,1785124777.3872135,1785124778.131145,
block1-001813,455.6065710494295,1174.229871132411,47,412.5,454.9437129171565,1173.567013000138,0.6628581322729588,block1:s3,gated_rule_c,mixed,1785124777.4825816,1785124777.4832447,1785124777.938196,1785124778.656819,
block1-001814,445.5257885856554,1167.9746586596593,48,17.5,444.5600309409201,1167.008901014924,0.9657576447352767,block1:s3,gated_rule_c,mixed,1785124777.547695,1785124777.548661,1785124777.9932277,1785124778.7156763,
block1-001815,57.9552958952263,3801.6006209654734,165,145.0,56.883753975853324,3800.5290790461004,1.0715419193729758,block1:zero_tool,gated_rule_c,mixed,1785124777.6604702,1785124777.6615424,1785124777.718436,1785124781.4620812,
block1-001816,72.34565995167941,3242.740135989152,136,92.5,70.25243691168725,3240.6469129491597,2.0932230399921536,block1:zero_tool,gated_rule_c,mixed,1785124777.865549,1785124777.8676424,1785124777.9379017,1785124781.1082964,
block1-001817,492.003794410266,1272.8604044532403,50,135.0,490.9476940520108,1271.8043040949851,1.0561003582552075,block1:s4,gated_rule_c,mixed,1785124777.908337,1785124777.9093933,1785124778.4003477,1785124779.181204,
block1-001818,450.27963153552264,1228.6701685516164,48,15.0,448.49562109448016,1226.886158110574,1.7840104410424829,block1:s4,gated_rule_c,mixed,1785124778.1074653,1785124778.1092494,1785124778.5577528,1785124779.3361433,
block1-001819,429.44504192564636,1207.389970892109,48,20.0,429.22953399829566,1207.1744629647583,0.2155079273506999,block1:s4,gated_rule_c,mixed,1785124778.1481206,1785124778.1483364,1785124778.5775743,1785124779.3555193,
block1-001820,485.01961631700397,1142.999543226324,48,10.0,484.4681330723688,1142.4480599816889,0.5514832446351647,block1:s4,gated_rule_c,mixed,1785124778.6963203,1785124778.696872,1785124779.1813464,1785124779.8393261,
block1-001821,498.72653058264405,1105.769147630781,48,15.0,498.61223401967436,1105.6548510678113,0.1142965629696846,block1:s4,gated_rule_c,mixed,1785124778.8099065,1785124778.810021,1785124779.3086405,1785124779.915683,
block1-001822,483.638865291141,1101.277273381129,48,52.5,482.91461693588644,1100.5530250258744,0.7242483552545309,block1:s4,gated_rule_c,mixed,1785124778.8524077,1785124778.8531322,1785124779.3360536,1785124779.9536922,
block1-001823,407.40521950647235,1146.2593855103478,48,545.0,407.04512502998114,1145.8992910338566,0.36009447649121284,block1:s4,gated_rule_c,mixed,1785124779.1411114,1785124779.1414719,1785124779.548525,1785124780.287379,
block1-001824,68.79964494146407,3619.0172359347343,162,105.0,68.1398140732199,3618.35740506649,0.6598308682441711,block1:zero_tool,gated_rule_c,mixed,1785124779.2468822,1785124779.2475424,1785124779.3156888,1785124782.8659067,
block1-001825,400.35289130173624,986.3219573162496,37,172.5,400.024683913216,985.9937499277294,0.3282073885202408,block1:s1,gated_rule_c,mixed,1785124779.9545722,1785124779.9549005,1785124780.3549328,1785124780.940902,
block1-001826,338.1808560807258,1092.3875510925427,43,60.0,337.1662669815123,1091.3729619933292,1.014589099213481,block1:s1,gated_rule_c,mixed,1785124780.0551846,1785124780.0561993,1785124780.393375,1785124781.1475816,
block1-001827,63.186406157910824,3637.368225143291,161,115.0,61.97004101704806,3636.1518600024283,1.216365140862763,block1:zero_tool,gated_rule_c,mixed,1785124780.2302313,1785124780.2314477,1785124780.2934248,1785124783.8676069,
block1-001828,71.40697096474469,3366.541953990236,149,70.0,70.97088498994708,3366.1058680154383,0.43608597479760647,block1:zero_tool,gated_rule_c,mixed,1785124780.283444,1785124780.2838802,1785124780.3548603,1785124783.6499953,
block1-001829,129.0474784327671,1485.3151864372194,65,60.0,128.30878898967057,1484.5764969941229,0.7386894430965185,block1:s1,gated_rule_c,mixed,1785124780.6346066,1785124780.6353457,1785124780.763662,1785124782.1199298,
block1-001830,344.3059432320297,930.423689307645,40,12.5,343.7894389498979,929.9071850255132,0.5165042821317911,block1:s1,gated_rule_c,mixed,1785124780.8221812,1785124780.8226979,1785124781.166495,1785124781.7526126,
block1-001831,149.0981635870412,2538.565795519389,114,100.0,148.2017240487039,2537.669355981052,0.8964395383372903,block1:zero_tool,gated_rule_c,mixed,1785124780.8821292,1785124780.883026,1785124781.0312345,1785124783.4207022,
block1-001832,282.06478036008775,868.3437653817236,40,395.0,281.05149092152715,867.330475943163,1.013289438560605,block1:s2,gated_rule_c,mixed,1785124780.9233692,1785124780.9243832,1785124781.2054439,1785124781.791723,
block1-001833,61.579041997902095,3922.0186240272596,185,15.0,61.23160198330879,3921.6711840126663,0.3474400145933032,block1:zero_tool,gated_rule_c,mixed,1785124781.186329,1785124781.1866763,1785124781.247914,1785124785.1083536,
block1-001834,66.93001475650817,3096.513319760561,142,12.5,66.12632900942117,3095.709634013474,0.8036857470870018,block1:zero_tool,gated_rule_c,mixed,1785124781.9554064,1785124781.9562101,1785124782.0223434,1785124785.0519266,
block1-001835,97.36695641186088,1660.2426914032549,69,95.0,96.63522604387254,1659.5109610352665,0.731730367988348,block1:s2,gated_rule_c,mixed,1785124782.1122751,1785124782.1130068,1785124782.209649,1785124783.7725248,
block1-001836,373.16191964782774,890.5072846682742,35,545.0,372.31717200484127,889.6625370252877,0.8447476429864764,block1:s2,gated_rule_c,mixed,1785124782.6082284,1785124782.6090734,1785124782.9813979,1785124783.498743,
block1-001837,401.9575930433348,1115.2825719909742,44,20.0,401.6425210284069,1114.9674999760464,0.3150720149278641,block1:s2,gated_rule_c,mixed,1785124782.697034,1785124782.6973495,1785124783.0989997,1785124783.8123248,
block1-001838,346.7670966638252,917.4526866991073,36,152.5,345.7341939210892,916.4197839563712,1.0329027427360415,block1:s2,gated_rule_c,mixed,1785124782.7324007,1785124782.733434,1785124783.0791757,1785124783.6498613,
block1-001839,297.34917741734535,845.5027684103698,34,395.0,296.7139290412888,844.8675200343132,0.6352483760565519,block1:s2,gated_rule_c,mixed,1785124783.1424606,1785124783.143096,1785124783.4398184,1785124783.987972,
block1-001840,116.38030060566962,3453.9287795778364,162,10.0,115.64958305098116,3453.198062023148,0.7307175546884537,block1:zero_tool,gated_rule_c,mixed,1785124783.1471202,1785124783.147851,1785124783.2635076,1785124786.6010563,
block1-001841,324.88783774897456,789.0356488060206,33,550.0,324.05612396541983,788.2039350224659,0.8317137835547328,block1:s3,gated_rule_c,mixed,1785124783.5051744,1785124783.5060062,1785124783.8300703,1785124784.2942185,
block1-001842,101.42829641699791,3379.0880993474275,161,152.5,100.36997601855546,3378.029778948985,1.0583203984424472,block1:zero_tool,gated_rule_c,mixed,1785124783.5116513,1785124783.5127099,1785124783.6130867,1785124786.8907464,
block1-001843,425.82589271478355,1032.191154663451,48,820.0,425.6044760113582,1031.9697379600257,0.2214167034253478,block1:s3,gated_rule_c,mixed,1785124783.5622182,1785124783.56244,1785124783.9880517,1785124784.594417,
block1-001844,66.80830416735262,2950.650894199498,143,412.5,66.61298801191151,2950.455578044057,0.19531615544110537,block1:zero_tool,gated_rule_c,mixed,1785124783.8052504,1785124783.805446,1785124783.8720665,1785124786.7559094,
block1-001845,57.71298392210156,3839.1075648833066,185,287.5,57.49029293656349,3838.8848738977686,0.22269098553806543,block1:zero_tool,gated_rule_c,mixed,1785124784.1979985,1785124784.1982212,1785124784.2557194,1785124788.037114,
block1-001846,462.51327043864876,955.0989044364542,43,350.0,462.31458603870124,954.9002200365067,0.19868439994752407,block1:s3,gated_rule_c,mixed,1785124784.6460123,1785124784.6462111,1785124785.108532,1785124785.6011176,
block1-001847,88.25143182184547,3614.9472998222336,170,145.0,87.84107002429664,3614.536938024685,0.4103617975488305,block1:zero_tool,gated_rule_c,mixed,1785124784.6535888,1785124784.6539993,1785124784.7418475,1785124788.2685435,
block1-001848,436.0012514516711,1119.1136453999206,49,95.0,435.16176100820303,1118.2741549564525,0.8394904434680939,block1:s4,gated_rule_c,mixed,1785124785.4086668,1785124785.4095063,1785124785.844675,1785124786.5277874,
block1-001849,99.56215741112828,2617.2484224662185,122,50.0,98.91235898248851,2616.5986240375787,0.6497984286397696,block1:zero_tool,gated_rule_c,mixed,1785124785.4195395,1785124785.4201894,1785124785.5191095,1785124788.0367959,
block1-001850,86.57751115970314,2826.8926391610876,130,412.5,86.24946407508105,2826.5645920764655,0.3280470846220851,block1:zero_tool,gated_rule_c,mixed,1785124785.67843,1785124785.6787581,1785124785.7650142,1785124788.5053291,
block1-001851,71.59426051657647,2733.1425335723907,125,282.5,71.38150394894183,2732.929777004756,0.21275656763464212,block1:zero_tool,gated_rule_c,mixed,1785124785.6963232,1785124785.6965365,1785124785.767928,1785124788.429476,
block1-001852,61.14905315916985,3514.7197861224413,158,60.0,60.47085497993976,3514.041587943211,0.678198179230094,block1:zero_tool,gated_rule_c,mixed,1785124786.1712387,1785124786.171917,1785124786.2323954,1785124789.685966,
block1-001853,461.79484052117914,1106.350691523403,48,307.5,460.99585003685206,1105.5517010390759,0.7989904843270779,block1:s4,gated_rule_c,mixed,1785124786.3318238,1785124786.3326228,1785124786.793627,1785124787.4381828,
block1-001854,86.49931626860052,3690.3446402866393,166,550.0,85.68123599980026,3689.526560017839,0.8180802688002586,block1:zero_tool,gated_rule_c,mixed,1785124786.3785691,1785124786.3793874,1785124786.4650755,1785124790.0689209,
block1-001855,408.0151885282248,1051.5681215329096,48,15.0,407.5208270223811,1051.0737600270659,0.494361505843699,block1:s4,gated_rule_c,mixed,1785124786.48262,1785124786.4831147,1785124786.8906436,1785124787.5341964,
block1-001856,310.49788487143815,947.8454248746857,43,60.0,309.69093402381986,947.0384740270674,0.8069508476182818,block1:s1,gated_rule_c,mixed,1785124786.9146411,1785124786.9154484,1785124787.2251475,1785124787.862495,
block1-001857,130.4679170716554,1712.592780124396,69,70.0,129.57511597778648,1711.6999790305272,0.8928010938689113,block1:s1,gated_rule_c,mixed,1785124787.6915596,1785124787.6924527,1785124787.8220358,1785124789.4041605,
block1-001858,66.4599440060556,2928.5157970152795,135,95.0,66.17368897423148,2928.2295419834554,0.28625503182411194,block1:zero_tool,gated_rule_c,mixed,1785124787.8546321,1785124787.8549185,1785124787.9211016,1785124790.7831576,
block1-001859,394.3368640029803,907.2529739933088,37,140.0,393.86707497760653,906.7831849679351,0.4697890253737569,block1:s1,gated_rule_c,mixed,1785124788.1110694,1785124788.1115394,1785124788.5054116,1785124789.018328,
block1-001860,262.1850979048759,887.3855518177152,39,17.5,260.84467908367515,886.0451329965144,1.3404188212007284,block1:s1,gated_rule_c,mixed,1785124788.243297,1785124788.2446377,1785124788.5054893,1785124789.13069,
block1-001861,131.2569580040872,1502.1600580075756,65,75.0,130.42548403609544,1501.3285840395838,0.8314739679917693,block1:s1,gated_rule_c,mixed,1785124788.7167263,1785124788.7175577,1785124788.8479898,1785124790.2188928,
block1-001862,400.9614356327802,1009.713894687593,43,572.5,400.0164089957252,1008.768868050538,0.9450266370549798,block1:s1,gated_rule_c,mixed,1785124789.1339922,1785124789.1349375,1785124789.534961,1785124790.1437135,
block1-001863,128.3077667467296,1434.2143157264218,68,117.5,126.96281308308244,1432.8693620627746,1.3449536636471748,block1:s1,gated_rule_c,mixed,1785124789.2569118,1785124789.258257,1785124789.3852274,1785124790.691134,
block1-001864,280.1374245900661,734.9354246398434,34,12.5,279.5700180577114,734.3680181074888,0.5674065323546529,block1:s2,gated_rule_c,mixed,1785124789.9003987,1785124789.9009664,1785124790.1805437,1785124790.635342,
block1-001865,50.44923652894795,3727.2072095656767,165,187.5,49.52096496708691,3726.2789380038157,0.9282715618610382,block1:zero_tool,gated_rule_c,mixed,1785124790.4524796,1785124790.4534082,1785124790.5029373,1785124794.1796954,
block1-001866,342.9845474893227,1011.2110554473475,43,115.0,341.6914490517229,1009.9179570097476,1.2930984375998378,block1:s2,gated_rule_c,mixed,1785124790.9230394,1785124790.9243329,1785124791.2660315,1785124791.9342582,
block1-001867,97.79240656644106,1640.413673594594,69,100.0,96.84392507188022,1639.4651921000332,0.9484814945608377,block1:s2,gated_rule_c,mixed,1785124790.9620557,1785124790.9630044,1785124791.0598562,1785124792.6024773,
block1-001868,373.8843313185498,908.3219453459606,36,10.0,372.845973004587,907.2835870319977,1.0383583139628172,block1:s2,gated_rule_c,mixed,1785124791.483292,1785124791.4843304,1785124791.8571837,1785124792.391621,
block1-001869,95.85758706089109,3155.376913957298,136,15.0,94.96934106573462,3154.4886679621413,0.888245995156467,block1:zero_tool,gated_rule_c,mixed,1785124791.4871345,1785124791.488023,1785124791.582999,1785124794.6425183,
block1-001870,377.61197600048035,953.8147760322317,36,105.0,375.83709601312876,952.0398960448802,1.7748799873515964,block1:s2,gated_rule_c,mixed,1785124791.687485,1785124791.68926,1785124792.0651042,1785124792.6413069,
block1-001871,317.52187537495047,1027.235061279498,40,92.5,316.8631670996547,1026.5763530042022,0.658708275295794,block1:s2,gated_rule_c,mixed,1785124791.7107015,1785124791.7113605,1785124792.028231,1785124792.7379446,
block1-001872,438.5743486927822,1254.2951366631314,48,320.0,437.5238880747929,1253.2446760451421,1.0504606179893017,block1:s3,gated_rule_c,mixed,1785124791.9529479,1785124791.9539983,1785124792.3915284,1785124793.2072492,
block1-001873,479.9123367993161,1221.7563258018345,48,485.0,479.78176292963326,1221.6257519321516,0.13057386968284845,block1:s3,gated_rule_c,mixed,1785124792.1612287,1785124792.1613593,1785124792.6411483,1785124793.3829923,
block1-001874,61.76146678626537,2989.2060657730326,124,107.5,61.42500299029052,2988.8696019770578,0.33646379597485065,block1:zero_tool,gated_rule_c,mixed,1785124792.290832,1785124792.2911685,1785124792.3526,1785124795.2800448,
block1-001875,502.6932975742966,1198.1157835107297,48,107.5,502.29478103574365,1197.7172669721767,0.3985165385529399,block1:s3,gated_rule_c,mixed,1785124792.3984387,1785124792.3988373,1785124792.9011393,1785124793.5965617,
block1-001876,492.1965757384896,1189.3381676636636,48,110.0,491.4085320197046,1188.5501239448786,0.7880437187850475,block1:s3,gated_rule_c,mixed,1785124792.426755,1785124792.427543,1785124792.9189577,1785124793.6160998,
block1-001877,108.70559164322913,3038.127096602693,128,287.5,108.32369502168149,3037.7451999811456,0.38189662154763937,block1:zero_tool,gated_rule_c,mixed,1785124792.4742367,1785124792.4746192,1785124792.5829525,1785124795.5123737,
block1-001878,59.37744700349867,7524.921032949351,343,85.0,58.71771008241922,7524.261296028271,0.6597369210794568,block1:zero_tool,gated_rule_c,mixed,1785124792.7199366,1785124792.7205966,1785124792.7793221,1785124800.244866,
block1-001879,500.76426460873336,1237.1803595451638,48,52.5,499.6404390549287,1236.0565339913592,1.123825553804636,block1:s3,gated_rule_c,mixed,1785124792.764047,1785124792.765171,1785124793.2648191,1785124794.0012355,
block1-001880,106.07150953728706,4428.801856585778,193,17.5,105.75999203138053,4428.490339079872,0.3115175059065223,block1:zero_tool,gated_rule_c,mixed,1785124792.7951734,1785124792.795485,1785124792.9012518,1785124797.2239826,
block1-001881,462.2440015664324,1217.8937536664307,49,107.5,462.08763192407787,1217.7373840240762,0.15636964235454798,block1:s4,gated_rule_c,mixed,1785124792.8614209,1785124792.8615773,1785124793.3236709,1785124794.0793211,
block1-001882,404.1448411298916,1143.4941882034764,48,20.0,403.97526894230396,1143.3246160158888,0.16957218758761883,block1:s4,gated_rule_c,mixed,1785124793.0947714,1785124793.0949414,1785124793.4989252,1785124794.2382746,
block1-001883,502.725902129896,1170.164286158979,48,307.5,501.9148229621351,1169.353206991218,0.8110791677609086,block1:s4,gated_rule_c,mixed,1785124793.611009,1785124793.61182,1785124794.113742,1785124794.7811806,
block1-001884,499.59860858507454,1178.3466516062617,48,135.0,498.6769719980657,1177.425015019253,0.9216365870088339,block1:s4,gated_rule_c,mixed,1785124793.6215878,1785124793.6225095,1785124794.1211941,1785124794.7999423,
block1-001885,411.8173965252936,1196.268381550908,48,280.0,411.3340899348259,1195.7850749604404,0.4833065904676914,block1:s4,gated_rule_c,mixed,1785124793.8258579,1785124793.8263414,1785124794.2376838,1785124795.0221343,
block1-001886,58.866029838100076,2893.623876851052,128,17.5,58.15595202147961,2892.9137990344316,0.7100778166204691,block1:zero_tool,gated_rule_c,mixed,1785124794.0619814,1785124794.062692,1785124794.1208544,1785124796.9556122,
block1-001887,569.4004783872515,1283.398495404981,48,280.0,568.3199228951707,1282.3179399129003,1.080555492080748,block1:s4,gated_rule_c,mixed,1785124794.615858,1785124794.6169388,1785124795.185266,1785124795.899264,
block1-001888,440.568482154049,1144.705286133103,43,95.0,439.790362957865,1143.927166936919,0.7781191961839795,block1:s1,gated_rule_c,mixed,1785124794.6773427,1785124794.6781209,1785124795.1179178,1785124795.8220546,
block1-001889,117.94706410728395,1646.351716015488,69,100.0,117.4992200685665,1645.9038719767705,0.4478440387174487,block1:s1,gated_rule_c,mixed,1785124794.8401036,1785124794.8405516,1785124794.9580579,1785124796.4864624,
block1-001890,433.70451673399657,1071.7137716710567,43,320.0,433.13759099692106,1071.1468459339812,0.5669257370755076,block1:s1,gated_rule_c,mixed,1785124794.8844097,1785124794.8849766,1785124795.3181205,1785124795.9561298,
block1-001891,122.10739986039698,1617.1959928469732,73,85.0,120.38039194885641,1615.4689849354327,1.7270079115405679,block1:s1,gated_rule_c,mixed,1785124795.1152794,1785124795.1170068,1785124795.2373953,1785124796.7324839,
block1-001892,90.3925261227414,3277.6003381004557,150,15.0,89.29351798724383,3276.501329964958,1.09900813549757,block1:zero_tool,gated_rule_c,mixed,1785124795.1894975,1785124795.1905966,1785124795.2798991,1785124798.467107,
block1-001893,292.4237232655287,803.4740332514048,34,70.0,290.542840026319,801.5931500121951,1.880883239209652,block1:s1,gated_rule_c,mixed,1785124795.6823556,1785124795.6842368,1785124795.9747863,1785124796.485837,
block1-001894,52.78626875951886,4146.602492779493,195,20.0,52.300218027085066,4146.1164420470595,0.48605073243379593,block1:zero_tool,gated_rule_c,mixed,1785124796.1901891,1785124796.1906753,1785124796.2429817,1785124800.3367977,
block1-001895,70.17699570860714,6464.902235660702,309,20.0,69.08927205950022,6463.814512011595,1.0877236491069198,block1:zero_tool,gated_rule_c,mixed,1785124796.2907722,1785124796.2918599,1785124796.3609557,1785124802.7556808,
block1-001896,354.05074968002737,1103.0051436973736,44,10.0,352.96694899443537,1101.9213430117816,1.0838006855919957,block1:s2,gated_rule_c,mixed,1785124796.358726,1785124796.35981,1785124796.7127836,1785124797.4617386,
block1-001897,371.18533882312477,1022.2882487578318,42,15.0,370.43197301682085,1021.5348829515278,0.7533658063039184,block1:s2,gated_rule_c,mixed,1785124796.729432,1785124796.7301857,1785124797.1006258,1785124797.7517285,
block1-001898,73.18540033884346,8203.73874832876,391,485.0,72.49950291588902,8203.052850905806,0.6858974229544401,block1:zero_tool,gated_rule_c,mixed,1785124796.7854156,1785124796.7861018,1785124796.8586085,1785124804.9891613,
block1-001899,328.6008731229231,991.5230601327494,43,350.0,327.0685209427029,989.9907079525292,1.5323521802201867,block1:s2,gated_rule_c,mixed,1785124796.9335968,1785124796.9351294,1785124797.2622044,1785124797.925127,
block1-001900,60.94886735081673,2820.658397395164,134,92.5,60.61358598526567,2820.3231160296127,0.3352813655510545,block1:zero_tool,gated_rule_c,mixed,1785124797.0467448,1785124797.0470803,1785124797.1076999,1785124799.8674095,
block1-001901,493.6652609612793,1113.2833369774744,49,15.0,493.33705799654126,1112.9551340127364,0.32820296473801136,block1:s2,gated_rule_c,mixed,1785124797.2770386,1785124797.277367,1785124797.770711,1785124798.3903294,
block1-001902,331.6371439723298,809.2157349456102,36,10.0,330.84983099251986,808.4284219658002,0.7873129798099399,block1:s2,gated_rule_c,mixed,1785124797.323077,1785124797.3238642,1785124797.6547213,1785124798.1322997,
block1-001903,73.90063442289829,2045.6897374242544,98,75.0,73.74515000265092,2045.534253004007,0.15548442024737597,block1:zero_tool,gated_rule_c,mixed,1785124798.0673022,1785124798.0674582,1785124798.1412108,1785124800.1130004,
block1-001904,257.8365814406425,754.3698024237528,32,92.5,257.3890599887818,753.9222809718922,0.4475214518606663,block1:s3,gated_rule_c,mixed,1785124798.0934308,1785124798.0938783,1785124798.3512733,1785124798.8478062,
block1-001905,65.65913546364754,2650.700813392177,128,107.5,64.87292400561273,2649.9146019341424,0.7862114580348134,block1:zero_tool,gated_rule_c,mixed,1785124798.2467284,1785124798.247515,1785124798.3123944,1785124800.8974364,
block1-001906,410.9790753573179,1068.3784993598238,48,17.5,410.37163499277085,1067.7710589952767,0.6074403645470738,block1:s3,gated_rule_c,mixed,1785124798.5500312,1785124798.550639,1785124798.961017,1785124799.618416,
block1-001907,281.4192242221907,897.1329912310466,41,152.5,280.66859790124,896.3823649100959,0.7506263209506869,block1:s3,gated_rule_c,mixed,1785124798.9895227,1785124798.9902732,1785124799.2709484,1785124799.8866622,
block1-001908,63.432868802919984,3340.9894407959655,164,282.5,61.95273203775287,3339.5093040307984,1.4801367651671171,block1:zero_tool,gated_rule_c,mixed,1785124799.1683328,1785124799.1698132,1785124799.2317739,1785124802.5093307,
block1-001909,401.9457713002339,1060.6455722590908,48,132.5,400.2387140644714,1058.9385150233284,1.707057235762477,block1:s3,gated_rule_c,mixed,1785124800.1577957,1785124800.1595027,1785124800.5597498,1785124801.2184498,
block1-001910,100.34743137657642,3473.8005393883213,165,160.0,98.28189306426793,3471.735001076013,2.0655383123084903,block1:zero_tool,gated_rule_c,mixed,1785124800.604921,1785124800.606987,1785124800.705277,1785124804.0787296,
block1-001911,54.41044026520103,3405.745378229767,163,485.0,53.36202506441623,3404.6969630289823,1.0484152007848024,block1:zero_tool,gated_rule_c,mixed,1785124800.6532183,1785124800.6542666,1785124800.707635,1785124804.05897,
block1-001912,414.4502842100337,1126.0798732982948,49,15.0,414.3233549548313,1125.9529440430924,0.1269292552024126,block1:s4,gated_rule_c,mixed,1785124800.7468455,1785124800.7469723,1785124801.1613042,1785124801.8729339,
block1-001913,53.579338476993144,3459.304641466588,161,15.0,53.36987506598234,3459.095178055577,0.2094634110108018,block1:zero_tool,gated_rule_c,mixed,1785124801.2054324,1785124801.205642,1785124801.2590194,1785124804.6647444,
block1-001914,424.48972549755126,1073.9246625453234,48,10.0,423.9284999202937,1073.3634369680658,0.5612255772575736,block1:s4,gated_rule_c,mixed,1785124801.336612,1785124801.3371732,1785124801.7611094,1785124802.4105446,
block1-001915,57.071971241384745,2626.0622632689774,126,12.5,56.43895594403148,2625.429247971624,0.6330152973532677,block1:zero_tool,gated_rule_c,mixed,1785124801.4891224,1785124801.4897559,1785124801.5462027,1785124804.1151927,
block1-001916,417.8136002738029,1032.8641922678798,48,485.0,416.8591790366918,1031.9097710307688,0.9544212371110916,block1:s4,gated_rule_c,mixed,1785124801.7038517,1785124801.7048063,1785124802.121674,1785124802.7367244,
block1-001917,56.95091490633786,5423.550331965089,255,20.0,55.99751800764352,5422.5969350663945,0.9533968986943364,block1:zero_tool,gated_rule_c,mixed,1785124802.4329307,1785124802.4338844,1785124802.4898908,1785124807.85649,
block1-001918,443.30154568888247,1124.4576877215877,48,10.0,442.9289490217343,1124.0850910544395,0.37259666714817286,block1:s4,gated_rule_c,mixed,1785124802.8393798,1785124802.8397524,1785124803.2826889,1785124803.9638448,
block1-001919,421.31656885612756,1102.8524708235636,48,187.5,420.7898289896548,1102.3257309570909,0.5267398664727807,block1:s4,gated_rule_c,mixed,1785124802.8992996,1785124802.8998265,1785124803.320623,1785124804.0021586,
block1-001920,66.77533581387252,2650.351153803058,117,12.5,66.03816093411297,2649.6139789232984,0.7371748797595501,block1:zero_tool,gated_rule_c,mixed,1785124803.4103527,1785124803.41109,1785124803.4771366,1785124806.0607123,
block1-001921,118.81122994236648,1341.5516660315916,58,17.5,118.38715791236609,1341.1275940015912,0.4240720300003886,block1:s1,gated_rule_c,mixed,1785124803.4578106,1785124803.4582348,1785124803.5766294,1785124804.79937,
block1-001922,56.65601138025522,4480.285340338014,209,115.0,55.676399962976575,4479.305728920735,0.9796114172786474,block1:zero_tool,gated_rule_c,mixed,1785124804.1394713,1785124804.140451,1785124804.1961346,1785124808.6197639,
block1-001923,404.0275177685544,859.7226827405393,36,152.5,402.4494889890775,858.1446539610624,1.578028779476881,block1:s1,gated_rule_c,mixed,1785124804.3179553,1785124804.3195336,1785124804.7219903,1785124805.1776855,
block1-001924,129.2687023524195,3805.1381453406066,173,485.0,128.3221630146727,3804.1916060028598,0.946539337746799,block1:zero_tool,gated_rule_c,mixed,1785124804.3470676,1785124804.3480144,1785124804.4763427,1785124808.152212,
block1-001925,87.23209507297724,2831.7806200357154,132,117.5,85.84079705178738,2830.3893220145255,1.3912980211898685,block1:zero_tool,gated_rule_c,mixed,1785124804.4002469,1785124804.4016385,1785124804.487485,1785124807.2320335,
block1-001926,121.69008690398186,1536.9603019207716,66,15.0,120.30500394757837,1535.575218964368,1.3850829564034939,block1:s1,gated_rule_c,mixed,1785124804.5046952,1785124804.5060806,1785124804.626393,1785124806.0416632,
block1-001927,115.4448090819642,1525.6659800652415,68,395.0,114.59060898050666,1524.811779963784,0.8542001014575362,block1:s1,gated_rule_c,mixed,1785124805.4235034,1785124805.424358,1785124805.5389557,1785124806.949177,
block1-001928,116.75447796005756,3820.0552120106295,181,12.5,115.65831594634801,3818.95904999692,1.0961620137095451,block1:zero_tool,gated_rule_c,mixed,1785124805.4441698,1785124805.4452662,1785124805.560931,1785124809.2642317,
block1-001929,393.82447791285813,978.7126629380509,42,135.0,393.1571450084448,978.0453300336376,0.6673329044133425,block1:s2,gated_rule_c,mixed,1785124805.6082501,1785124805.6089175,1785124806.0020802,1785124806.5869687,
block1-001930,351.79699352011085,935.5598925612867,43,17.5,351.4336079824716,935.1965070236474,0.3633855376392603,block1:s2,gated_rule_c,mixed,1785124805.7857313,1785124805.786095,1785124806.137537,1785124806.7213,
block1-001931,95.48019687645137,1495.2172657940537,74,75.0,94.36156402807683,1494.0986329456791,1.1186328483745456,block1:s2,gated_rule_c,mixed,1785124805.8677363,1785124805.8688552,1785124805.9632244,1785124807.3629613,
block1-001932,64.51505923178047,2428.209930192679,117,160.0,63.87266702950001,2427.5675379903987,0.6423922022804618,block1:zero_tool,gated_rule_c,mixed,1785124806.1345348,1785124806.1351776,1785124806.19906,1785124808.5627549,
block1-001933,378.91904823482037,1029.7984272474423,44,412.5,378.70334507897496,1029.582724091597,0.21570315584540367,block1:s2,gated_rule_c,mixed,1785124807.514519,1785124807.5147347,1785124807.8934445,1785124808.544324,
block1-001934,93.24987628497183,1370.6995882093906,64,15.0,92.39204006735235,1369.8417519917712,0.8578362176194787,block1:s2,gated_rule_c,mixed,1785124807.6304004,1785124807.6312587,1785124807.7236586,1785124809.001108,
block1-001935,256.0315520968288,717.6801231689751,31,15.0,254.92163002490997,716.5702010970563,1.1099220719188452,block1:s2,gated_rule_c,mixed,1785124807.959051,1785124807.960161,1785124808.2150896,1785124808.6767385,
block1-001936,441.6458320338279,1052.0941599970683,48,350.0,441.10157701652497,1051.5499049797654,0.5442550173029304,block1:s3,gated_rule_c,mixed,1785124807.9673414,1785124807.9678857,1785124808.408995,1785124809.0194433,
block1-001937,75.20228065550327,2745.5289165955037,129,17.5,74.34597902465612,2744.6726149646565,0.856301630847156,block1:zero_tool,gated_rule_c,mixed,1785124808.0830417,1785124808.083898,1785124808.1582503,1785124810.828577,
block1-001938,57.844042079523206,3958.664944046177,185,22.5,56.810145964846015,3957.6310479315,1.0338961146771908,block1:zero_tool,gated_rule_c,mixed,1785124808.3126976,1785124808.3137317,1785124808.370549,1785124812.27137,
block1-001939,69.28399519529194,6865.400611190125,318,145.0,67.86091695539653,6863.97753295023,1.4230782398954034,block1:zero_tool,gated_rule_c,mixed,1785124808.7027302,1785124808.7041535,1785124808.7720222,1785124815.5681388,
block1-001940,67.61554116383195,2863.348030252382,130,287.5,67.27298791520298,2863.005477003753,0.34255324862897396,block1:zero_tool,gated_rule_c,mixed,1785124808.820024,1785124808.8203669,1785124808.8876467,1785124811.6833792,
block1-001941,65.60898013412952,3091.916998149827,139,60.0,64.30146598722786,3090.6094840029255,1.3075141469016671,block1:zero_tool,gated_rule_c,mixed,1785124809.198444,1785124809.1997516,1785124809.264059,1785124812.2903671,
block1-001942,511.256214347668,1010.8951233560219,43,60.0,510.57784899603575,1010.2167580043897,0.6783653516322374,block1:s3,gated_rule_c,mixed,1785124809.3409598,1785124809.3416383,1785124809.8522232,1785124810.3518622,
block1-001943,61.891155783087015,3192.4160628113896,144,350.0,60.799095896072686,3191.3240029243752,1.0920598870143294,block1:zero_tool,gated_rule_c,mixed,1785124809.4473376,1785124809.4484298,1785124809.5092359,1785124812.639761,
block1-001944,447.34998350031674,1178.7315754918382,48,25.0,446.23676396440715,1177.6183559559286,1.113219535909593,block1:s4,gated_rule_c,mixed,1785124809.6880202,1785124809.689134,1785124810.135378,1785124810.8667595,
block1-001945,402.974245371297,1134.533237433061,48,135.0,402.5370109593496,1134.0960030211136,0.4372344119474292,block1:s4,gated_rule_c,mixed,1785124809.8094141,1785124809.8098516,1785124810.2123957,1785124810.943955,
block1-001946,482.209927868098,1135.7357809320092,48,357.5,481.9876269903034,1135.5134800542146,0.22230087779462337,block1:s4,gated_rule_c,mixed,1785124810.3061037,1785124810.3063264,1785124810.7883224,1785124811.4418483,
block1-001947,451.792175299488,1125.3828452900052,48,25.0,450.9751299628988,1124.565799953416,0.8170453365892172,block1:s4,gated_rule_c,mixed,1785124810.3951015,1785124810.3959188,1785124810.8469014,1785124811.5204926,
block1-001948,412.0553710963577,1153.4331970615312,49,10.0,410.973108955659,1152.3509349208325,1.082262140698731,block1:s4,gated_rule_c,mixed,1785124810.6265898,1785124810.6276724,1785124811.0386536,1785124811.7800312,
block1-001949,487.6617620466277,1150.032303063199,48,95.0,486.7695140419528,1149.140055058524,0.8922480046749115,block1:s4,gated_rule_c,mixed,1785124811.2919688,1785124811.2928612,1785124811.7796383,1785124812.4420085,
block1-001950,86.47725346963853,2723.4025795478374,128,47.5,86.0205179778859,2722.9458440560848,0.4567354917526245,block1:zero_tool,gated_rule_c,mixed,1785124811.3552432,1785124811.3557,1785124811.4417272,1785124814.0786524,
block1-001951,484.76917028892785,1098.9570203237236,48,15.0,484.1830409131944,1098.3708909479901,0.5861293757334352,block1:s4,gated_rule_c,mixed,1785124811.437805,1785124811.4383912,1785124811.9225817,1785124812.5367696,
block1-001952,360.4866729583591,984.358936897479,43,20.0,359.841158031486,983.7134219706059,0.6455149268731475,block1:s1,gated_rule_c,mixed,1785124811.4766717,1785124811.4773173,1785124811.8371658,1785124812.461038,
block1-001953,87.74683065712452,2887.155669624917,138,15.0,87.34872296918184,2886.7575619369745,0.3981076879426837,block1:zero_tool,gated_rule_c,mixed,1785124811.5364919,1785124811.53689,1785124811.6242468,1785124814.4236555,
block1-001954,323.40685348026454,827.6412214618176,36,10.0,322.8644570335746,827.0988250151277,0.5423964466899633,block1:s1,gated_rule_c,mixed,1785124811.811889,1785124811.8124316,1785124812.1353035,1785124812.6395376,
block1-001955,108.0648151692003,3074.4746061973274,140,17.5,107.4364900123328,3073.84628104046,0.6283251568675041,block1:zero_tool,gated_rule_c,mixed,1785124812.5311308,1785124812.5317593,1785124812.6392028,1785124815.6056123,
block1-001956,321.4197875931859,841.0396846011281,36,85.0,320.5487939994782,840.1686910074204,0.8709935937076807,block1:s1,gated_rule_c,mixed,1785124812.5434804,1785124812.5443518,1785124812.864907,1785124813.3845272,
block1-001957,60.54322456475347,5983.175075612962,268,140.0,60.13212795369327,5982.763979001902,0.4110966110602021,block1:zero_tool,gated_rule_c,mixed,1785124812.9573789,1785124812.95779,1785124813.017928,1785124818.9405599,
block1-001958,282.5847411295399,847.7156450971961,39,297.5,282.05024800263345,847.1811519702896,0.5344931269064546,block1:s1,gated_rule_c,mixed,1785124813.025553,1785124813.0260878,1785124813.308145,1785124813.8732762,
block1-001959,55.7244986994192,3203.302273643203,145,15.0,55.46224000863731,3203.040014952421,0.26225869078189135,block1:zero_tool,gated_rule_c,mixed,1785124813.252316,1785124813.2525783,1785124813.3080475,1785124816.4556255,
block1-001960,279.8400411847979,908.6490541230887,37,320.0,278.84462696965784,907.6536399079487,0.9954142151400447,block1:s2,gated_rule_c,mixed,1785124814.2378216,1785124814.2388172,1785124814.5176694,1785124815.1464784,
block1-001961,349.4915764313191,1038.2712273858488,40,572.5,348.9189180545509,1037.6985690090805,0.5726583767682314,block1:s2,gated_rule_c,mixed,1785124814.5106337,1785124814.5112066,1785124814.8601327,1785124815.548912,
block1-001962,381.45857211202383,937.5997111201286,36,820.0,381.03520101867616,937.176340026781,0.42337109334766865,block1:s2,gated_rule_c,mixed,1785124814.5167148,1785124814.5171382,1785124814.898179,1785124815.4543202,
block1-001963,88.05896050762385,1721.4277235325426,74,282.5,87.09361497312784,1720.4623779980466,0.9653455344960093,block1:s2,gated_rule_c,mixed,1785124814.695879,1785124814.6968446,1785124814.783944,1785124816.4173129,
block1-001964,379.2836486827582,906.6314556403086,36,95.0,378.37506900541484,905.7228759629652,0.9085796773433685,block1:s2,gated_rule_c,mixed,1785124815.1884928,1785124815.1894016,1785124815.5677824,1785124816.0951304,
block1-001965,382.58911308366805,1065.77919004485,44,395.0,382.3241980280727,1065.5142749892548,0.26491505559533834,block1:s2,gated_rule_c,mixed,1785124815.316654,1785124815.316919,1785124815.6992493,1785124816.3824396,
block1-001966,113.52935491595417,1507.5810638954863,67,132.5,113.29453403595835,1507.3462430154905,0.2348208799958229,block1:s2,gated_rule_c,mixed,1785124815.3774583,1785124815.3776934,1785124815.4909978,1785124816.8850496,
block1-001967,223.75396185088903,885.4652479058132,37,10.0,223.44259603414685,885.153882089071,0.3113658167421818,block1:s2,gated_rule_c,mixed,1785124815.7195656,1785124815.719877,1785124815.9433258,1785124816.605037,
block1-001968,395.4574178205803,1076.5463998541236,48,12.5,395.094505045563,1076.1834870791063,0.3629127750173211,block1:s3,gated_rule_c,mixed,1785124815.8726888,1785124815.8730516,1785124816.268152,1785124816.949241,
block1-001969,435.1852248655632,1242.4318279372528,48,85.0,433.8448200142011,1241.0914230858907,1.3404048513621092,block1:s3,gated_rule_c,mixed,1785124816.2253358,1785124816.2266765,1785124816.660527,1785124817.4677737,
block1-001970,360.309983137995,1057.4136432260275,41,287.5,359.36803091317415,1056.4716910012066,0.9419522248208523,block1:s3,gated_rule_c,mixed,1785124816.3373597,1785124816.338302,1785124816.697677,1785124817.3947804,
block1-001971,428.28841402661055,1044.7807720629498,41,20.0,427.4893179535866,1043.9816759899259,0.7990960730239749,block1:s3,gated_rule_c,mixed,1785124816.8894587,1785124816.8902578,1785124817.3177538,1785124817.9342463,
block1-001972,478.7992051569745,1074.3724592030048,41,135.0,477.85155195742846,1073.4248060034588,0.9476531995460391,block1:s3,gated_rule_c,mixed,1785124816.8959813,1785124816.8969293,1785124817.3747873,1785124817.9703605,
block1-001973,497.08263331558555,1148.3185983961448,46,50.0,495.949761942029,1147.1857270225883,1.1328713735565543,block1:s3,gated_rule_c,mixed,1785124817.013919,1785124817.015052,1785124817.5110087,1785124818.1622446,
block1-001974,552.7175161987543,1204.5955192297697,49,160.0,552.0089010242373,1203.8869040552527,0.7086151745170355,block1:s3,gated_rule_c,mixed,1785124817.014763,1785124817.0154717,1785124817.5674858,1785124818.219364,
block1-001975,406.79105988238007,1118.0036627920344,49,350.0,405.3203370422125,1116.5329399518669,1.470722840167582,block1:s3,gated_rule_c,mixed,1785124817.1986234,1785124817.2000942,1785124817.6054218,1785124818.3166347,
block1-001976,64.24793030600995,4415.1466803159565,195,60.0,63.138169003650546,4414.036919013597,1.1097613023594022,block1:zero_tool,gated_rule_c,mixed,1785124817.4090207,1785124817.4101307,1785124817.4732757,1785124821.8241744,
block1-001977,66.03835767600685,3539.9256707169116,156,135.0,65.32227399293333,3539.209587033838,0.7160836830735207,block1:zero_tool,gated_rule_c,mixed,1785124817.8493912,1785124817.8501077,1785124817.9154375,1785124821.3893251,
block1-001978,458.72436941135675,1179.7818163176998,48,60.0,457.6491870684549,1178.706633974798,1.075182342901826,block1:s4,gated_rule_c,mixed,1785124817.8761635,1785124817.877239,1785124818.3348947,1785124819.055952,
block1-001979,96.97197563946247,3157.441161572933,139,545.0,95.45584302395582,3155.9250289574265,1.516132615506649,block1:zero_tool,gated_rule_c,mixed,1785124817.9469442,1785124817.9484603,1785124818.0439227,1785124821.104392,
block1-001980,454.4978397898376,1157.5964346993715,48,10.0,453.9904970442876,1157.0890919538215,0.5073427455499768,block1:s4,gated_rule_c,mixed,1785124817.9524224,1785124817.9529295,1785124818.4069245,1785124819.110023,
block1-001981,465.9646018408239,1181.658403831534,48,47.5,465.20289592444897,1180.8966979151592,0.7617059163749218,block1:s4,gated_rule_c,mixed,1785124818.2824614,1785124818.2832234,1785124818.7484336,1785124819.4641275,
block1-001982,458.15681491512805,1200.4403749015182,48,10.0,457.8968459973112,1200.1804059837013,0.25996891781687737,block1:s4,gated_rule_c,mixed,1785124818.5770063,1785124818.5772667,1785124819.035172,1785124819.777456,
block1-001983,437.04798934049904,1178.9733703481033,48,107.5,436.08352600131184,1178.0089070089161,0.9644633391872048,block1:s4,gated_rule_c,mixed,1785124818.6361246,1785124818.6370893,1785124819.0731802,1785124819.8151054,
block1-001984,377.7532478561625,992.2135517699644,43,17.5,376.384356059134,990.8446599729359,1.368891797028482,block1:s1,gated_rule_c,mixed,1785124819.0480022,1785124819.0493715,1785124819.425763,1785124820.0402231,
block1-001985,131.8776987027377,1448.2981836190447,65,115.0,131.21540599968284,1447.6358909159899,0.6622927030548453,block1:s1,gated_rule_c,mixed,1785124819.199088,1785124819.1997507,1785124819.3309736,1785124820.6473944,
block1-001986,283.76774094067514,906.8897529505193,40,92.5,283.22888701222837,906.3508990220726,0.5388539284467697,block1:s1,gated_rule_c,mixed,1785124819.5311277,1785124819.5316672,1785124819.8149076,1785124820.4380298,
block1-001987,119.9256987310946,1752.530412748456,71,307.5,119.04704000335187,1751.6517540207133,0.8786587277427316,block1:s1,gated_rule_c,mixed,1785124820.2062116,1785124820.2070906,1785124820.3261452,1785124821.95875,
block1-001988,62.66302173025906,13048.773572780192,146,170.0,62.47038196306676,13048.580933013,0.19263976719230413,block1:zero_tool,gated_rule_c,mixed,1785124820.4719794,1785124820.4721723,1785124820.5346506,1785124833.5207615,
block1-001989,59.99706941656768,34603.22442348115,407,107.5,59.794298955239356,34603.02165301982,0.20277046132832766,block1:zero_tool,gated_rule_c,mixed,1785124820.720519,1785124820.7207222,1785124820.7805235,1785124855.323751,
block1-001990,52.289469400420785,23180.998332449235,176,412.5,51.81175994221121,23180.520622991025,0.4777094582095742,block1:zero_tool,gated_rule_c,mixed,1785124820.788169,1785124820.7886467,1785124820.8404655,1785124843.9691749,
block1-001991,129.35620616190135,2578.520726179704,68,15.0,128.9480929262936,2578.1126129440963,0.40811323560774326,block1:s1,gated_rule_c,mixed,1785124820.869836,1785124820.8702445,1785124820.9992,1785124823.4483645,
block1-001992,322.97921006102115,1007.6473969966173,37,155.0,322.22889305558056,1006.8970799911767,0.7503170054405928,block1:s2,gated_rule_c,mixed,1785124820.9152098,1785124820.9159606,1785124821.2381964,1785124821.9228647,
block1-001993,90.33219865523279,20229.84272672329,156,357.5,89.3216299591586,20228.832158027217,1.0105686960741878,block1:zero_tool,gated_rule_c,mixed,1785124821.014311,1785124821.0153215,1785124821.1046505,1785124841.2441607,
block1-001994,85.66534670535475,3552.2974317427725,64,15.0,84.65197100304067,3551.2840560404584,1.0133757023140788,block1:s2,gated_rule_c,mixed,1785124821.2446012,1785124821.2456148,1785124821.3302746,1785124824.7969067,
block1-001995,92.9832587717101,18729.5442877803,136,820.0,92.3620710382238,18728.923100046813,0.6211877334862947,block1:zero_tool,gated_rule_c,mixed,1785124821.3677182,1785124821.3683398,1785124821.4607081,1785124840.097269,
block1-001996,369.24747028388083,1379.5087311882526,35,17.5,368.54534805752337,1378.806608961895,0.70212222635746,block1:s2,gated_rule_c,mixed,1785124821.3949168,1785124821.3956194,1785124821.7641718,1785124822.7744331,
block1-001997,369.2793563241139,1504.4702123850584,41,172.5,369.0337559673935,1504.224612028338,0.24560035672038794,block1:s2,gated_rule_c,mixed,1785124821.4147801,1785124821.4150262,1785124821.784067,1785124822.9192576,
block1-001998,385.45860000886023,1394.674414070323,36,177.5,385.15742297749966,1394.3732370389625,0.3011770313605666,block1:s2,gated_rule_c,mixed,1785124821.4198706,1785124821.420172,1785124821.805336,1785124822.814552,
block1-001999,228.60227955970913,1989.5299415802583,31,47.5,227.57807793095708,1988.5057399515063,1.0242016287520528,block1:s2,gated_rule_c,mixed,1785124821.8886492,1785124821.8896737,1785124822.1172595,1785124823.8781874,
7eba32c5ed309a549e16cb8f1794ba3a,80.82138048484921,29136.090715415776,185,10.0,79.79434495791793,29135.063679888844,1.0270355269312859,block1:trace,gated_rule_c,mixed,1785124821.9381657,1785124821.9391928,1785124822.0189943,1785124851.074264,
5adf433bc2e4195bd7ef382c6c889b95,833.209321135655,2792.7392912097275,28,60.0,832.7169499825686,2792.246920056641,0.4923711530864239,block1:trace,gated_rule_c,mixed,1785124822.0657756,1785124822.0662682,1785124822.8989916,1785124824.858522,
758ea06009c678a342085d29a206c7ce,65.04337314981967,2685.9275562455878,28,10.0,64.94940491393209,2685.8335880097,0.09396823588758707,block1:trace,gated_rule_c,mixed,1785124822.8338337,1785124822.8339276,1785124822.8988843,1785124825.5197685,
92b8951b88159b4f1b1e4116b3f8e80c,1868.3954356238246,3762.3971956782043,26,50.0,1868.0617969948798,3762.0635570492595,0.3336386289447546,block1:trace,gated_rule_c,mixed,1785124822.8870533,1785124822.887387,1785124824.755456,1785124826.649458,
46416569378bfce2f330ee1b996f15f6,1191.0325221251696,12191.494309226982,62,545.0,1190.2914089150727,12190.753196016885,0.7411132100969553,block1:trace,gated_rule_c,mixed,1785124823.1279726,1785124823.128714,1785124824.3190143,1785124835.3194764,
c000d3ac5878c891e5776a9ee748b819,1065.5292156152427,32810.68495369982,362,10.0,1065.3664049459621,32810.52214303054,0.16281066928058863,block1:trace,gated_rule_c,mixed,1785124823.2535858,1785124823.253749,1785124824.319124,1785124856.0642798,
836c44364150391728a9bb76d84b11f9,1187.234622077085,4528.339647105895,28,92.5,1186.927448026836,4528.032473055646,0.30717405024915934,block1:trace,gated_rule_c,mixed,1785124823.6708202,1785124823.6711278,1785124824.8580623,1785124828.1991675,
61ab27469179a8d20d10b4ab2963209b,596.1985919857398,28888.834435027093,212,17.5,595.1559999957681,28887.79184303712,1.0425919899716973,block1:trace,gated_rule_c,mixed,1785124823.7225869,1785124823.7236295,1785124824.3187923,1785124852.6114285,
913f72b4333690403d9a30abd93949d1,705.9296832885593,12547.281986335292,56,105.0,704.7888250090182,12546.141128055751,1.1408582795411348,block1:trace,gated_rule_c,mixed,1785124824.813305,1785124824.814446,1785124825.5192435,1785124837.3605955,
d8f93f06b93fdff3fff5e575a870b601,638.7321674264967,32812.36366950907,427,15.0,638.3627739269286,32811.9942760095,0.36939349956810474,block1:trace,gated_rule_c,mixed,1785124824.8811421,1785124824.8815117,1785124825.519881,1785124857.6935124,
1bd17147da3b449a267511e3a004382d,760.7065106276423,8836.063078721054,38,117.5,759.0692999074236,8834.425868000835,1.637210720218718,block1:trace,gated_rule_c,mixed,1785124825.35556,1785124825.3571975,1785124826.1162765,1785124834.191633,
13bb600e64d52b8b04f167d8df85507c,2106.2941381242126,6071.305321180262,26,572.5,2105.1655559567735,6070.1767390128225,1.1285821674391627,block1:trace,gated_rule_c,mixed,1785124825.872903,1785124825.8740318,1785124827.9792056,1785124831.9442165,
38ce90a921739308e8dcb305e874b076,755.5732893524691,18524.80140933767,80,550.0,755.0890420097858,18524.317161994986,0.4842473426833749,block1:trace,gated_rule_c,mixed,1785124826.12734,1785124826.1278245,1785124826.882922,1785124844.65215,
2e43416311c97a10ecafb221a80e4947,2425.7320711622015,30285.373232210986,358,307.5,2425.4841869696975,30285.125348018482,0.24788419250398874,block1:trace,gated_rule_c,mixed,1785124826.2138138,1785124826.214062,1785124828.6395543,1785124856.499195,
59457a3b339fbd612c7a15e28fddc630,1545.8854113239795,19362.78553935699,80,320.0,1545.591298956424,19362.491426989436,0.2941123675554991,block1:trace,gated_rule_c,mixed,1785124826.6534266,1785124826.653721,1785124828.1993198,1785124846.0162199,
fdbb1fab71ec2f219480410082aaa700,20033.647461328655,25172.51628928352,71,485.0,20032.05059200991,25170.919419964775,1.5968693187460303,block1:trace,gated_rule_c,mixed,1785124826.663178,1785124826.664775,1785124846.6968322,1785124851.8357012,
a84addf55839616eda694c16b68310a0,998.8472906406969,14694.322697701864,62,95.0,997.720510000363,14693.19591706153,1.126780640333891,block1:trace,gated_rule_c,mixed,1785124826.7690291,1785124826.7701561,1785124827.7678847,1785124841.4633598,
eb9453e7437651807ba8f12d7460448f,1338.2534284610301,11658.110655494966,47,135.0,1336.2004529917613,11656.057680025697,2.0529754692688584,block1:trace,gated_rule_c,mixed,1785124827.3013823,1785124827.3034356,1785124828.6396446,1785124838.9595027,
4d602a5b8bd629a2c0cdcef59e069d2a,3691.7122423183173,16606.14071029704,58,350.0,3690.6175760086626,16605.046043987386,1.0946663096547127,block1:trace,gated_rule_c,mixed,1785124827.3636632,1785124827.364758,1785124831.0553842,1785124843.9698124,
f7c225c0c39616faa35f312e2351832a,1658.595544518903,19507.11860449519,80,297.5,1657.569430069998,19506.092490046285,1.0261144489049911,block1:trace,gated_rule_c,mixed,1785124827.4105134,1785124827.4115398,1785124829.069116,1785124846.9176393,
0cca76cc3ca0d6e890c548195f267bcc,4259.992900071666,29301.901657134295,351,177.5,4258.7992219487205,29300.70797901135,1.1936781229451299,block1:trace,gated_rule_c,mixed,1785124827.4634635,1785124827.4646575,1785124831.7234635,1785124856.7653718,
399e9384a77d048276bcab8ed40d2a06,19207.71304203663,26119.467866956256,142,20.0,19206.720118992962,26118.474943912588,0.9929230436682701,block1:trace,gated_rule_c,mixed,1785124827.4894168,1785124827.49041,1785124846.6971366,1785124853.6088917,
a1fc6050cd23d5b5a2aa0b1903664f7b,3547.572578303516,20088.468048372306,81,105.0,3546.6429829830304,20087.53845305182,0.9295953204855323,block1:trace,gated_rule_c,mixed,1785124827.507403,1785124827.5083332,1785124831.0549862,1785124847.5958815,
167904016dc8a8c52b5e5270d0c8c00e,18711.327059776522,24345.012711826712,90,17.5,18710.555091965944,24344.240744016133,0.7719678105786443,block1:trace,gated_rule_c,mixed,1785124827.9856076,1785124827.9863799,1785124846.6969433,1785124852.330629,
4c2b04c011712e2cf8c052bce94537ec,1708.4773848764598,11402.562940958887,44,145.0,1708.1130859442055,11402.198642026633,0.3642989322543144,block1:trace,gated_rule_c,mixed,1785124828.4641266,1785124828.464491,1785124830.1726124,1785124839.8666978,
9610b9cdee775a760c04f530fce99362,18225.651035783812,23078.96507671103,83,280.0,18225.171358091757,23078.485399018973,0.4796776920557022,block1:trace,gated_rule_c,mixed,1785124829.1491797,1785124829.1496596,1785124847.37484,1785124852.2281542,
6cd994a1e2e3d5a2a017314cd0caf180,18013.596997596323,23938.124959589913,126,15.0,18012.912648031488,23937.440610025078,0.6843495648354292,block1:trace,gated_rule_c,mixed,1785124829.3616114,1785124829.362296,1785124847.3752172,1785124853.2997453,
187b278d55de04dc8ca4117618cfbd56,1342.849335167557,15160.389971220866,62,107.5,1341.7589400196448,15159.299576072954,1.0903951479122043,block1:trace,gated_rule_c,mixed,1785124829.4916356,1785124829.4927266,1785124830.834494,1785124844.6520348,
edcec609ff7bf1e65630e415e82ff7fb,17102.747578872368,23452.269701869227,144,15.0,17101.734402007423,23451.256525004283,1.0131768649443984,block1:trace,gated_rule_c,mixed,1785124830.2725117,1785124830.2735252,1785124847.3752677,1785124853.72479,
28221743887b39264b796a9e076d48aa,3876.2666929978877,10923.010698053986,39,47.5,3875.5996039835736,10922.343609039672,0.667089014314115,block1:trace,gated_rule_c,mixed,1785124830.5406153,1785124830.5412831,1785124834.416892,1785124841.463636,
d88d4d2d221233bd5d36172b59bb4d48,19562.566352426074,25233.278187457472,239,170.0,19561.719371937215,25232.431206968613,0.846980488859117,block1:trace,gated_rule_c,mixed,1785124830.8109236,1785124830.811771,1785124850.3734992,1785124856.0442107,
548464e367bcbb5191857c38592a6c15,16543.3970305603,31485.206434503198,561,20.0,16542.60573105421,31484.415134997107,0.7912995060905814,block1:trace,gated_rule_c,mixed,1785124830.831997,1785124830.8327882,1785124847.375401,1785124862.317211,
67328d8f9ba24c0eb27d51b97f7452b9,2432.75616876781,6950.68715675734,27,107.5,2432.4858899926767,6950.416877982207,0.27027877513319254,block1:trace,gated_rule_c,mixed,1785124831.0883167,1785124831.0885873,1785124833.5210834,1785124838.0390146,
d0f26dc69ab8bfc523b09278a72dcbac,16811.271219397895,23905.715928412974,203,282.5,16810.484534944408,23904.929243959486,0.7866844534873962,block1:trace,gated_rule_c,mixed,1785124831.2395134,1785124831.2403007,1785124848.0507941,1785124855.1452389,
3d305e802ea24247695f7f1c683f4abc,17881.86989654787,34158.29198656138,720,15.0,17881.716732052155,34158.138822065666,0.1531644957140088,block1:trace,gated_rule_c,mixed,1785124831.3016202,1785124831.3017735,1785124849.183497,1785124865.4599192,
bfcd3e5a0bdf2e1076ff4a3c6058b785,5795.369105529971,32089.873756514862,692,75.0,5794.747843989171,32089.252494974062,0.621261540800333,block1:trace,gated_rule_c,mixed,1785124831.7830207,1785124831.7836425,1785124837.5784013,1785124863.872906,
bbd0676a7661be624e24c0c0d2ae8afc,17281.256013317034,29047.687176265754,483,22.5,17280.580364982598,29047.011527931318,0.6756483344361186,block1:trace,gated_rule_c,mixed,1785124831.902287,1785124831.902963,1785124849.1835508,1785124860.949982,
e59c3398cf21d42898de7a6489e6462c,1434.2532959999517,13930.100432946347,56,117.5,1432.174333021976,13928.021469968371,2.078962977975607,block1:trace,gated_rule_c,mixed,1785124832.0867126,1785124832.0887916,1785124833.5209737,1785124846.0168204,
2edb508ced48c09379f12135683148a4,4769.774415064603,9567.676881095394,28,152.5,4769.296958926134,9567.199424956925,0.4774561384692788,block1:trace,gated_rule_c,mixed,1785124832.1276884,1785124832.1281662,1785124836.8974702,1785124841.6953723,
53825a835bbe66a5bc0f73f69a041c66,16316.792089142837,22507.322912104428,181,357.5,16316.229288000613,22506.760110962205,0.5628011422231793,block1:trace,gated_rule_c,mixed,1785124832.1825628,1785124832.1831257,1785124848.4993627,1785124854.689894,
d112becaac3b29d41a6e31fdc66cbd57,1796.9983112998307,5192.623033304699,16,115.0,1796.647898037918,5192.272620042786,0.3504132619127631,block1:trace,gated_rule_c,mixed,1785124832.6189797,1785124832.6193304,1785124834.4159873,1785124837.8116121,
6e8aa3f75688fcceeb652abf550a3788,16418.980256072246,20048.027600045316,98,12.5,16418.35935600102,20047.40669997409,0.6209000712260604,block1:trace,gated_rule_c,mixed,1785124832.7654762,1785124832.7660973,1785124849.1844652,1785124852.8135128,
cabfb78966d427734223bf4115904520,1079.5768849784508,19125.685881008394,134,282.5,1079.2701879981905,19125.379184028134,0.30669698026031256,block1:trace,gated_rule_c,mixed,1785124832.8950958,1785124832.8954027,1785124833.9746819,1785124852.0207906,
7ba7f36dc0ca614925a9ecc1351a39cf,16066.479165456258,24052.453865413554,294,15.0,16066.150519996881,24052.125219954178,0.32864545937627554,block1:trace,gated_rule_c,mixed,1785124833.117561,1785124833.1178901,1785124849.184049,1785124857.170024,
0f5f50b42d96f1fbe1ab84f38ef0df45,1950.175452977419,14001.14660593681,54,85.0,1949.8502280330285,14000.82138099242,0.32522494439035654,block1:trace,gated_rule_c,mixed,1785124833.1432743,1785124833.1435995,1785124835.0934582,1785124847.1444292,
0830ab29a701c1fb09238ade2070111d,16716.670346213505,29492.040231241845,597,820.0,16716.321159969084,29491.691044997424,0.3491862444207072,block1:trace,gated_rule_c,mixed,1785124833.7363791,1785124833.736729,1785124850.4530578,1785124863.2284281,
4c3b78878d4758af14524c65505ce024,15452.683892915957,19508.9427549392,142,20.0,15451.74831605982,19508.007178083062,0.935576856136322,block1:trace,gated_rule_c,mixed,1785124834.4231246,1785124834.42406,1785124849.8758168,1785124853.9320757,
4a788fdebd738d606e4e26720ef0f792,2138.3624779991806,15102.8381990036,58,140.0,2137.9437469877303,15102.41946799215,0.4187310114502907,block1:trace,gated_rule_c,mixed,1785124834.5379403,1785124834.5383599,1785124836.6763117,1785124849.640788,
9993958a01bab41edd38186aaf5b69d1,4067.2680230345577,8854.126370046288,28,172.5,4067.014841013588,8853.873188025318,0.2531820209696889,block1:trace,gated_rule_c,mixed,1785124835.1146154,1785124835.1148686,1785124839.1818917,1785124843.9687505,
1f71126c5eac70999ec0c49c7d8f7a11,9229.283636668697,16288.813641644083,68,60.0,9228.353818994947,16287.883823970333,0.9298176737502217,block1:trace,gated_rule_c,mixed,1785124835.1980934,1785124835.199024,1785124844.4273875,1785124851.4869173,
ca34e497adb7104ea4a17f38f8e725f7,14616.274338564835,17993.838023627177,113,17.5,14615.989914978854,17993.553600041196,0.2844235859811306,block1:trace,gated_rule_c,mixed,1785124835.258739,1785124835.2590237,1785124849.8750203,1785124853.2525837,
d5d88091912481a5370e8f515884581d,4807.2811083402485,8909.004649263807,26,100.0,4806.691066012718,8908.414606936276,0.5900423275306821,block1:trace,gated_rule_c,mixed,1785124835.7424986,1785124835.7430887,1785124840.5497882,1785124844.651512,
fa46980d6c53fb042ffdc5dcda1f86fd,13925.810417276807,19550.92200136278,211,17.5,13925.453801988624,19550.565386074595,0.35661528818309307,block1:trace,gated_rule_c,mixed,1785124835.9507515,1785124835.9511085,1785124849.8765707,1785124855.5016823,
d438a0f8ccd3f6aca6231d37cff76ede,1388.0715343402699,14681.02548038587,69,95.0,1386.286251945421,14679.240197991021,1.785282394848764,block1:trace,gated_rule_c,mixed,1785124835.971758,1785124835.9735432,1785124837.3598366,1785124850.6527905,
5c337c4aa06bb71ecad6c1c1048d4584,13856.861619045958,27741.36356904637,625,10.0,13856.323327985592,27740.825277986005,0.5382910603657365,block1:trace,gated_rule_c,mixed,1785124836.0188398,1785124836.0193784,1785124849.8757105,1785124863.7602124,
c95c0451560500f3100c2e9974fcb221,1161.4132969407365,13455.934402882122,62,52.5,1160.3427670197561,13454.863872961141,1.0705299209803343,block1:trace,gated_rule_c,mixed,1785124837.1127822,1785124837.113853,1785124838.274206,1785124850.5687263,
00f0daca0a1cd93921335b9a0cbff421,9943.091135239229,15383.31223721616,120,217.5,9942.653940059245,15382.875042036176,0.4371951799839735,block1:trace,gated_rule_c,mixed,1785124837.6530294,1785124837.653467,1785124847.5961287,1785124853.03635,
d3056c212cb319b617cbdc60a60898e3,12007.772570941597,22376.27172691282,444,15.0,12007.10538495332,22375.60454092454,0.6671859882771969,block1:trace,gated_rule_c,mixed,1785124837.8673773,1785124837.8680449,1785124849.875158,1785124860.2436576,
4a1e22c4b6812b0590a448708ddabc59,1496.2653127731755,12565.77348173596,54,287.5,1495.244462043047,12564.752631005831,1.0208507301285863,block1:trace,gated_rule_c,mixed,1785124837.917227,1785124837.9182482,1785124839.4134994,1785124850.4830077,
77d1a8c34095b709ff61e623749bb9ac,2595.89303471148,7380.426576710306,22,110.0,2595.117073971778,7379.650615970604,0.7759607397019863,block1:trace,gated_rule_c,mixed,1785124838.1851227,1785124838.1858988,1785124840.781024,1785124845.565558,
71c138f995102b398fda90ff13638aba,11482.20926639624,14596.078002359718,102,15.0,11481.998078990728,14595.866814954206,0.21118740551173687,block1:trace,gated_rule_c,mixed,1785124838.3944378,1785124838.3946493,1785124849.876656,1785124852.9905252,
780905b19621b7c64531696d5a2b20ba,2988.505315501243,7309.455746551976,27,70.0,2987.791927997023,7308.742359047756,0.7133875042200089,block1:trace,gated_rule_c,mixed,1785124838.7060993,1785124838.7068129,1785124841.694614,1785124846.015565,
f74afc3e00a6eb78b5475bc41d63f2da,6837.757527362555,14763.473287341185,142,322.5,6837.223676033318,14762.939436011948,0.5338513292372227,block1:trace,gated_rule_c,mixed,1785124838.7279115,1785124838.7284458,1785124845.5656762,1785124853.4913924,
a6ac39901dce0f5fbf9ba60876e3edb5,2335.9474991448224,7108.672084170394,22,187.5,2334.9337320541963,7107.658317079768,1.013767090626061,block1:trace,gated_rule_c,mixed,1785124838.907897,1785124838.908911,1785124841.2438543,1785124846.0165787,
f30c9585b8b3abd64fce572ec7cd21c6,10461.844925768673,41728.11532381456,1614,15.0,10461.767826927826,41728.038224973716,0.07709884084761143,block1:trace,gated_rule_c,mixed,1785124839.4139125,1785124839.4139895,1785124849.875765,1785124881.142036,
27d0eddcf7b46d1e0685d30f356a4a13,2299.693544395268,12078.143734368496,87,115.0,2298.442580970004,12076.892770943232,1.2509634252637625,block1:trace,gated_rule_c,mixed,1785124839.6241605,1785124839.6254115,1785124841.9238615,1785124851.7023113,
31e92ac2ec9459262da7859903d4c53c,9724.795813090168,13364.086573128588,124,10.0,9724.530076957308,13363.820836995728,0.2657361328601837,block1:trace,gated_rule_c,mixed,1785124840.1508112,1785124840.151077,1785124849.8756146,1785124853.5149057,
1d5043aefb85496bbfe75c40500ed75e,4712.529993150383,10985.107545158826,54,132.5,4711.854991968721,10984.432543977164,0.6750011816620827,block1:trace,gated_rule_c,mixed,1785124840.1717515,1785124840.1724267,1785124844.8842883,1785124851.156866,
2a90888288ecc36c7a7e932ceddaad63,10355.419339612126,23099.399059661664,597,395.0,10353.432421921752,23097.41214197129,1.9869176903739572,block1:trace,gated_rule_c,mixed,1785124840.1857738,1785124840.187761,1785124850.5412009,1785124863.2851806,
5558b3142fffd0dc0d4b17751ebddcab,9532.447668723762,19364.900110755116,439,25.0,9532.145494944416,19364.59793697577,0.30217377934604883,block1:trace,gated_rule_c,mixed,1785124840.8411036,1785124840.8414059,1785124850.37356,1785124860.2060134,
3ac99427681a55795db7c2bac4e70ea5,1488.8479190412909,9929.790854104795,60,412.5,1487.881017033942,9928.823952097446,0.9669020073488355,block1:trace,gated_rule_c,mixed,1785124841.1170065,1785124841.117974,1785124842.6058633,1785124851.0468063,
fe0030d8f43ef28681407903b625070b,8934.966318658553,13996.334211668,205,12.5,8934.314282028936,13995.682175038382,0.6520366296172142,block1:trace,gated_rule_c,mixed,1785124841.4389246,1785124841.4395769,1785124850.373899,1785124855.4352667,
6e9a5ec465e4b1d2a6883ce717855bbc,1504.6376613900065,10411.298432387412,92,155.0,1503.7173349410295,10410.378105938435,0.9203264489769936,block1:trace,gated_rule_c,mixed,1785124841.5570183,1785124841.5579386,1785124843.0616636,1785124851.9683247,
38fb67b12f449385ad372aee944624fe,8685.492359218188,14122.547075152397,222,12.5,8684.912436990999,14121.967152925208,0.5799222271889448,block1:trace,gated_rule_c,mixed,1785124841.6881125,1785124841.6886933,1785124850.3736153,1785124855.8106704,
b47cf155edc621a66364c8e594e0c94c,1804.6940714120865,11647.957648499869,154,160.0,1803.7578460061923,11647.021423093975,0.9362254058942199,block1:trace,gated_rule_c,mixed,1785124841.9382548,1785124841.9391913,1785124843.742957,1785124853.5862205,
