request_id,ttft_ms,ttlt_ms,output_tokens,baseline_service_ms,send_ttft_ms,send_ttlt_ms,dispatch_lag_ms,category,policy,profile,scheduled_at_unix_s,dispatched_at_unix_s,first_token_at_unix_s,completed_at_unix_s,error
block1-000000,291.81754728779197,899.3011482525617,43,20.0,290.665548061952,898.1491490267217,1.1519992258399725,block1:s1,gated_rule_c,mixed,1785123731.8368912,1785123731.8380435,1785123732.128716,1785123732.7361996,
block1-000001,56.941259652376175,3413.238499662839,171,25.0,56.158446008339524,3412.455686018802,0.7828136440366507,block1:zero_tool,gated_rule_c,mixed,1785123731.9611847,1785123731.9619677,1785123732.0181313,1785123735.3744285,
block1-000002,319.13063023239374,771.5655493084341,36,572.5,318.6262489762157,771.0611680522561,0.5043812561780214,block1:s1,gated_rule_c,mixed,1785123732.435195,1785123732.4356997,1785123732.754333,1785123733.2067678,
block1-000003,58.66609117947519,7512.731888215058,370,25.0,57.91467591188848,7511.980472947471,0.7514152675867081,block1:zero_tool,gated_rule_c,mixed,1785123732.6207747,1785123732.6215262,1785123732.6794477,1785123740.1335135,
block1-000004,55.69557356648147,2915.7389615429565,147,177.5,55.520092020742595,2915.5634799972177,0.17548154573887587,block1:zero_tool,gated_rule_c,mixed,1785123733.131838,1785123733.1320138,1785123733.1875412,1785123736.0475848,
block1-000005,128.95639927592129,1374.4584593223408,67,15.0,128.05919896345586,1373.5612590098754,0.8972003124654293,block1:s1,gated_rule_c,mixed,1785123733.23201,1785123733.2329073,1785123733.3609724,1785123734.6064742,
block1-000006,57.128926971927285,4037.9571989178658,204,85.0,55.98466901574284,4036.8129409616813,1.1442579561844468,block1:zero_tool,gated_rule_c,mixed,1785123733.6270053,1785123733.6281497,1785123733.6841428,1785123737.6649714,
block1-000007,62.37407261505723,2869.178776512854,143,287.5,62.02831899281591,2868.8330228906125,0.3457536222413182,block1:zero_tool,gated_rule_c,mixed,1785123734.1079762,1785123734.1083224,1785123734.1703582,1785123736.9771628,
block1-000008,54.48400496970862,2396.9091390026733,121,412.5,53.62181505188346,2396.046949084848,0.8621899178251624,block1:zero_tool,gated_rule_c,mixed,1785123734.2128003,1785123734.2136626,1785123734.2672925,1785123736.6097176,
block1-000009,351.964152068831,921.934184152633,44,145.0,350.89443589095026,920.8644679747522,1.069716177880764,block1:s2,gated_rule_c,mixed,1785123734.6590176,1785123734.6600876,1785123735.010989,1785123735.5809593,
block1-000010,65.28938165865839,3104.410062660463,155,117.5,64.30672400165349,3103.4274050034583,0.9826576570048928,block1:zero_tool,gated_rule_c,mixed,1785123735.1950965,1785123735.1960793,1785123735.2603936,1785123738.299514,
block1-000011,322.67787936143577,938.5593263432384,43,287.5,322.0363270957023,937.9177740775049,0.6415522657334805,block1:s2,gated_rule_c,mixed,1785123736.0387197,1785123736.0393615,1785123736.3614063,1785123736.9772875,
block1-000012,69.63363103568554,3299.20323996339,156,15.0,68.87314305640757,3298.442751984112,0.7604879792779684,block1:zero_tool,gated_rule_c,mixed,1785123736.3893769,1785123736.3901377,1785123736.4590178,1785123739.6885872,
block1-000013,384.6690133213997,947.286595357582,44,20.0,383.8728410191834,946.4904230553657,0.7961723022162914,block1:s2,gated_rule_c,mixed,1785123736.8666127,1785123736.8674092,1785123737.2512896,1785123737.8139071,
block1-000014,304.0632735937834,753.6498915869743,36,12.5,303.16698795650154,752.7536059496924,0.8962856372818351,block1:s2,gated_rule_c,mixed,1785123737.1352262,1785123737.136123,1785123737.4392965,1785123737.888883,
block1-000015,302.89945495314896,795.3346269205213,34,545.0,302.1339480765164,794.5691200438887,0.7655068766325712,block1:s2,gated_rule_c,mixed,1785123738.2075002,1785123738.2082663,1785123738.5104077,1785123739.0028431,
block1-000016,451.1555804638192,1210.7985904440284,48,155.0,450.17425797414035,1209.8172679543495,0.9813224896788597,block1:s3,gated_rule_c,mixed,1785123738.246145,1785123738.2471266,1785123738.697308,1785123739.4569514,
block1-000017,79.60009900853038,3628.0103370081633,160,287.5,79.19862505514175,3627.6088630547747,0.40147395338863134,block1:zero_tool,gated_rule_c,mixed,1785123738.2624645,1785123738.2628665,1785123738.342072,1785123741.8904822,
block1-000018,64.28579636849463,3640.934360329993,160,12.5,63.87349800206721,3640.5220619635656,0.41229836642742157,block1:zero_tool,gated_rule_c,mixed,1785123738.427482,1785123738.4278946,1785123738.4917748,1785123742.0684233,
block1-000019,474.51101115439087,1169.3047411972657,48,100.0,474.0054589929059,1168.7991890357807,0.5055521614849567,block1:s3,gated_rule_c,mixed,1785123738.7911563,1785123738.791662,1785123739.2656734,1785123739.960467,
block1-000020,68.79469729028642,4171.849378268234,177,572.5,68.64915695041418,4171.703837928362,0.14554033987224102,block1:zero_tool,gated_rule_c,mixed,1785123738.8766627,1785123738.8768084,1785123738.945465,1785123743.0485196,
block1-000021,434.3202153686434,1053.6201962968335,43,10.0,433.79763199482113,1053.0976129230112,0.5225833738222718,block1:s3,gated_rule_c,mixed,1785123739.0797377,1785123739.0802603,1785123739.5140636,1785123740.1333635,
block1-000022,529.7008021734655,1146.4923911262304,49,412.5,528.7890010513365,1145.5805900041014,0.9118011221289635,block1:s3,gated_rule_c,mixed,1785123739.1187167,1785123739.1196291,1785123739.6484263,1785123740.2652183,
block1-000023,312.92253045830876,967.2488564392552,43,15.0,311.92931497935206,966.2556409602985,0.9932154789566994,block1:s3,gated_rule_c,mixed,1785123739.316625,1785123739.3176184,1785123739.6295545,1785123740.283881,
block1-000024,69.27221489604563,4005.6959338253364,172,10.0,68.90878500416875,4005.3325039334595,0.36342989187687635,block1:zero_tool,gated_rule_c,mixed,1785123739.6826177,1785123739.6829815,1785123739.751898,1785123743.6883218,
block1-000025,400.9537285892293,1122.69403366372,48,152.5,400.6247669458389,1122.3650720203295,0.3289616433903575,block1:s4,gated_rule_c,mixed,1785123739.7122884,1785123739.7126174,1785123740.113249,1785123740.8349893,
block1-000026,63.62264172639698,4392.282968736254,190,132.5,62.95545701868832,4391.615784028545,0.6671847077086568,block1:zero_tool,gated_rule_c,mixed,1785123740.48317,1785123740.4838374,1785123740.5467994,1785123744.8754597,
block1-000027,568.6386523302644,1282.289959373884,48,320.0,568.308649933897,1281.9599569775164,0.3300023963674903,block1:s4,gated_rule_c,mixed,1785123740.5506258,1785123740.550956,1785123741.1192718,1785123741.8329232,
block1-000028,565.7792267156765,1279.7450007637963,48,17.5,565.5274989549071,1279.4932730030268,0.2517277607694268,block1:s4,gated_rule_c,mixed,1785123740.5532966,1785123740.5535486,1785123741.119083,1785123741.8330486,
block1-000029,538.1821948103607,1251.7939708195627,48,322.5,536.4915450336412,1250.1033210428432,1.6906497767195106,block1:s4,gated_rule_c,mixed,1785123740.619434,1785123740.621125,1785123741.157624,1785123741.8712358,
block1-000030,445.29648835305125,1187.1419344097376,48,95.0,445.0808030087501,1186.9262490654364,0.21568534430116415,block1:s4,gated_rule_c,mixed,1785123740.8099313,1785123740.8101473,1785123741.255236,1785123741.9970815,
block1-000031,459.820308489725,1207.1670484729111,48,132.5,459.6879939781502,1207.0347339613363,0.13231451157480478,block1:s4,gated_rule_c,mixed,1785123740.8609977,1785123740.8611302,1785123741.3208256,1785123742.0681725,
block1-000032,325.41200798004866,1137.7230340149254,43,280.0,324.40471602603793,1136.7157420609146,1.007291954010725,block1:s1,gated_rule_c,mixed,1785123741.2288864,1785123741.229894,1785123741.5543048,1785123742.3666158,
block1-000033,128.61854978837073,1816.4691547863185,71,10.0,127.06876499578357,1814.9193699937314,1.549784792587161,block1:s1,gated_rule_c,mixed,1785123741.6055825,1785123741.6071324,1785123741.7342098,1785123743.4220603,
block1-000034,125.15644764062017,4346.048392704688,198,15.0,124.85092889983207,4345.7428739639,0.30551874078810215,block1:zero_tool,gated_rule_c,mixed,1785123741.6091237,1785123741.6094296,1785123741.7342873,1785123745.9551792,
block1-000035,121.02474679704756,1816.2121168570593,75,10.0,120.55641994811594,1815.7437900081277,0.4683268489316106,block1:s1,gated_rule_c,mixed,1785123741.9278862,1785123741.9283547,1785123742.0489175,1785123743.7441049,
block1-000036,377.9953852063045,964.4912132062018,36,105.0,377.3664430482313,963.8622710481286,0.6289421580731869,block1:s1,gated_rule_c,mixed,1785123742.1024954,1785123742.1031246,1785123742.4805,1785123743.0669956,
block1-000037,322.0175576861948,908.5196946980432,34,170.0,321.61229802295566,908.114435034804,0.40525966323912144,block1:s1,gated_rule_c,mixed,1785123742.13977,1785123742.1401756,1785123742.461794,1785123743.048296,
block1-000038,414.52607279643416,1037.0892328210175,43,12.5,413.9979970641434,1036.5611570887268,0.5280757322907448,block1:s1,gated_rule_c,mixed,1785123742.593905,1785123742.5944333,1785123743.0084383,1785123743.6310017,
block1-000039,158.6707989918068,1515.3718289220706,68,145.0,158.32897706422955,1515.0300069944933,0.34182192757725716,block1:s1,gated_rule_c,mixed,1785123742.6369948,1785123742.637337,1785123742.7956743,1785123744.1523752,
block1-000040,63.78536345437169,8512.083137524314,387,10.0,62.83925799652934,8511.137032066472,0.94610545784235,block1:zero_tool,gated_rule_c,mixed,1785123743.120352,1785123743.1212983,1785123743.184145,1785123751.632443,
block1-000041,321.422073058784,806.4677270594984,36,17.5,320.926666026935,805.9723200276494,0.4954070318490267,block1:s2,gated_rule_c,mixed,1785123743.2901042,1785123743.2905998,1785123743.6115332,1785123744.0965786,
block1-000042,87.92223781347275,1337.075741845183,64,145.0,87.48335298150778,1336.636857013218,0.43888483196496964,block1:s2,gated_rule_c,mixed,1785123743.8020415,1785123743.8024805,1785123743.8899698,1785123745.1391234,
block1-000043,95.70166969206184,1620.536053669639,78,17.5,94.78879405651242,1619.6231780340895,0.9128756355494261,block1:s2,gated_rule_c,mixed,1785123744.2409656,1785123744.2418787,1785123744.3366745,1785123745.8615088,
block1-000044,311.41680700238794,761.0741020180285,35,412.5,310.9272550791502,760.5845500947908,0.489551923237741,block1:s2,gated_rule_c,mixed,1785123744.2630475,1785123744.2635372,1785123744.574472,1785123745.0241294,
block1-000045,63.3796660695225,3068.184755044058,143,572.5,62.683481024578214,3067.4885699991137,0.6961850449442863,block1:zero_tool,gated_rule_c,mixed,1785123745.0199687,1785123745.0206652,1785123745.0833566,1785123748.0881617,
block1-000046,61.14091514609754,7054.789730114862,314,107.5,60.15065801329911,7053.799472982064,0.9902571327984333,block1:zero_tool,gated_rule_c,mixed,1785123745.4005415,1785123745.401532,1785123745.4616885,1785123752.4553375,
block1-000047,259.01897728908807,752.4307263083756,34,10.0,258.33015993703157,751.7419089563191,0.6888173520565033,block1:s2,gated_rule_c,mixed,1785123745.5224643,1785123745.523153,1785123745.7814908,1785123746.2749026,
block1-000048,69.72094741649926,3128.870870335959,142,10.0,67.88248510565609,3127.0324080251157,1.8384623108431697,block1:zero_tool,gated_rule_c,mixed,1785123745.617686,1785123745.619525,1785123745.687415,1785123748.7465649,
block1-000049,59.37235779128969,2809.1692987363786,126,17.5,58.88838600367308,2808.685326948762,0.4839717876166105,block1:zero_tool,gated_rule_c,mixed,1785123745.8020334,1785123745.8025174,1785123745.8614135,1785123748.6112106,
block1-000050,438.7899008579552,1127.6232668897137,48,160.0,437.74274294264615,1126.5761089744046,1.0471579153090715,block1:s3,gated_rule_c,mixed,1785123746.0423973,1785123746.0434446,1785123746.4811947,1785123747.170028,
block1-000051,274.77210049983114,868.6108405236155,36,17.5,274.51634500175714,868.3550850255415,0.2557554980739951,block1:s3,gated_rule_c,mixed,1785123746.26315,1785123746.2634058,1785123746.5379288,1785123747.1317675,
block1-000052,451.28378667868674,1118.337671738118,48,170.0,450.3975899424404,1117.4514750018716,0.8861967362463474,block1:s3,gated_rule_c,mixed,1785123746.6612096,1785123746.6620965,1785123747.1125052,1785123747.7795591,
block1-000053,69.04176401440054,3166.5707130450755,139,160.0,67.93330598156899,3165.462255012244,1.1084580328315496,block1:zero_tool,gated_rule_c,mixed,1785123746.832325,1785123746.8334339,1785123746.901376,1785123749.998905,
block1-000054,503.47449677065015,1022.4346118047833,43,282.5,503.0074800597504,1021.9675950938836,0.46701671089977026,block1:s3,gated_rule_c,mixed,1785123746.9890852,1785123746.9895525,1785123747.4925673,1785123748.0115275,
block1-000055,412.7171328291297,1186.4563397830352,48,282.5,412.59077505674213,1186.3299820106477,0.12635777238756418,block1:s3,gated_rule_c,mixed,1785123747.308326,1785123747.3084526,1785123747.7210493,1785123748.4947884,
block1-000056,96.34741162881255,3635.517555521801,154,115.0,94.50934804044664,3633.679491933435,1.8380635883659124,block1:zero_tool,gated_rule_c,mixed,1785123747.5049276,1785123747.506766,1785123747.601283,1785123751.1404533,
block1-000057,58.194919023662806,4344.887855928391,185,15.0,57.93492402881384,4344.627860933542,0.2599949948489666,block1:zero_tool,gated_rule_c,mixed,1785123747.54565,1785123747.5459104,1785123747.6038513,1785123751.8905442,
block1-000058,488.05582453496754,1185.3138045407832,48,105.0,486.43461405299604,1183.6925940588117,1.6212104819715023,block1:s4,gated_rule_c,mixed,1785123747.8348427,1785123747.8364642,1785123748.322905,1785123749.0201633,
block1-000059,495.93735369853675,1223.5554726794362,49,25.0,495.10341801214963,1222.721536993049,0.8339356863871217,block1:s4,gated_rule_c,mixed,1785123747.9986665,1785123747.9995008,1785123748.4946117,1785123749.22223,
block1-000060,454.2657909914851,1163.078525918536,48,412.5,453.9727020310238,1162.7854369580746,0.2930889604613185,block1:s4,gated_rule_c,mixed,1785123748.1370356,1785123748.1373289,1785123748.5913086,1785123749.3001213,
block1-000061,422.15560271870345,1130.6251506321132,48,282.5,421.9085560180247,1130.3781039314345,0.24704670067876577,block1:s4,gated_rule_c,mixed,1785123748.266037,1785123748.2662842,1785123748.6882007,1785123749.39667,
block1-000062,469.2537245573476,1188.6105636367574,48,15.0,468.84444600436836,1188.2012850837782,0.4092785529792309,block1:s4,gated_rule_c,mixed,1785123748.8883073,1785123748.8887172,1785123749.3575687,1785123750.0769255,
block1-000063,431.3595260027796,1150.6792169529945,48,282.5,430.7472900254652,1150.06698097568,0.6122359773144126,block1:s4,gated_rule_c,mixed,1785123748.9842358,1785123748.984848,1785123749.415602,1785123750.1349218,
block1-000064,88.02659495268017,3401.154708932154,148,10.0,87.62350608594716,3400.751620065421,0.4030888667330146,block1:zero_tool,gated_rule_c,mixed,1785123749.1116455,1785123749.1120489,1785123749.1996794,1785123752.5128076,
block1-000065,70.47997019253671,3706.1490431660786,164,282.5,70.21959300618619,3705.888665979728,0.2603771863505244,block1:zero_tool,gated_rule_c,mixed,1785123749.1319861,1785123749.1322467,1785123749.2024734,1785123752.8381426,
block1-000066,393.01337115466595,1149.90950608626,43,12.5,392.5261959666386,1149.4223308982328,0.4871751880273223,block1:s1,gated_rule_c,mixed,1785123749.5856943,1785123749.5861816,1785123749.978716,1785123750.7356122,
block1-000067,68.00411990843713,3189.1053710132837,140,140.0,67.38651089835912,3188.4877620032057,0.6176090100780129,block1:zero_tool,gated_rule_c,mixed,1785123749.6685436,1785123749.6691616,1785123749.7365563,1785123752.8576577,
block1-000068,319.59551433101296,1018.1570074055344,39,10.0,319.4231130182743,1017.9846060927957,0.172401312738657,block1:s1,gated_rule_c,mixed,1785123749.7176118,1785123749.7177844,1785123750.037214,1785123750.7357755,
block1-000069,125.83944154903293,1597.4718605866656,60,15.0,124.71711996477097,1596.3495390024036,1.1223215842619538,block1:s1,gated_rule_c,mixed,1785123750.2263787,1785123750.2275014,1785123750.352226,1785123751.8238583,
block1-000070,114.97908609453589,17723.209614050575,791,12.5,114.51114807277918,17722.741676028818,0.4679380217567086,block1:zero_tool,gated_rule_c,mixed,1785123750.2373655,1785123750.2378337,1785123750.3523514,1785123767.9605823,
block1-000071,134.91599552799016,1533.6009805323556,60,177.5,133.83626996073872,1532.5212549651042,1.0797255672514439,block1:s1,gated_rule_c,mixed,1785123750.416066,1785123750.417146,1785123750.5509908,1785123751.949676,
block1-000072,362.15993436053395,1052.008911385201,41,105.0,362.0075120124966,1051.8564890371636,0.1524223480373621,block1:s2,gated_rule_c,mixed,1785123750.5408251,1785123750.540978,1785123750.902993,1785123751.592842,
block1-000073,299.4003735948354,1024.1079095285386,40,20.0,299.05380110722035,1023.7613370409235,0.3465724876150489,block1:s2,gated_rule_c,mixed,1785123750.7456264,1785123750.7459733,1785123751.0450327,1785123751.7697406,
block1-000074,102.80217893887311,3544.283421942964,160,545.0,102.64971700962633,3544.1309600137174,0.15246192924678326,block1:zero_tool,gated_rule_c,mixed,1785123750.780288,1785123750.7804408,1785123750.8830962,1785123754.3245773,
block1-000075,58.39279294013977,3300.7903068792075,150,357.5,57.7933550812304,3300.190869020298,0.5994378589093685,block1:zero_tool,gated_rule_c,mixed,1785123750.9469266,1785123750.9475262,1785123751.0053282,1785123754.2477255,
block1-000076,73.51928239222616,3307.3210574220866,150,282.5,73.07886495254934,3306.88063998241,0.44041743967682123,block1:zero_tool,gated_rule_c,mixed,1785123751.0744371,1785123751.074878,1785123751.147965,1785123754.3817666,
block1-000077,310.52315956912935,977.882917621173,41,115.0,310.38164894562215,977.7414069976658,0.14151062350720167,block1:s2,gated_rule_c,mixed,1785123751.1675484,1785123751.16769,1785123751.478078,1785123752.1454377,
block1-000078,100.29034176841378,1441.470910795033,67,50.0,99.22142105642706,1440.4019900830463,1.0689207119867206,block1:s2,gated_rule_c,mixed,1785123751.4517531,1785123751.4528222,1785123751.5520515,1785123752.893232,
block1-000079,280.41974909137934,748.180745053105,34,160.0,279.8936009639874,747.6545969257131,0.5261481273919344,block1:s2,gated_rule_c,mixed,1785123751.6492045,1785123751.649731,1785123751.9296317,1785123752.3973927,
block1-000080,74.59070719778538,3044.6037551155314,142,115.0,72.93025602120906,3042.943303938955,1.6604511765763164,block1:zero_tool,gated_rule_c,mixed,1785123751.7566452,1785123751.7583058,1785123751.8312438,1785123754.8012567,
block1-000081,270.57605830486864,808.637443347834,33,60.0,270.2991379192099,808.3605229621753,0.276920385658741,block1:s3,gated_rule_c,mixed,1785123752.807493,1785123752.80777,1785123753.078076,1785123753.6161375,
block1-000082,59.07971388660371,3695.1088208006695,161,10.0,58.39320307131857,3694.4223099853843,0.6865108152851462,block1:zero_tool,gated_rule_c,mixed,1785123753.0827596,1785123753.0834463,1785123753.141847,1785123756.7778757,
block1-000083,280.7719726115465,1047.7729615522549,41,115.0,279.9896060023457,1046.990594943054,0.7823666092008352,block1:s3,gated_rule_c,mixed,1785123753.1032503,1785123753.104033,1785123753.3840294,1785123754.1510305,
block1-000084,530.3434968227521,1181.2642097938806,48,17.5,530.1972170127556,1181.117929983884,0.1462798099964857,block1:s3,gated_rule_c,mixed,1785123753.483788,1785123753.4839344,1785123754.0141401,1785123754.6650605,
block1-000085,519.7773240506649,1132.6907790498808,46,145.0,519.4651189958677,1132.3785739950836,0.31220505479723215,block1:s3,gated_rule_c,mixed,1785123753.513422,1785123753.5137343,1785123754.0332065,1785123754.6461196,
block1-000086,455.7204340817407,1067.6931550260633,46,155.0,455.23847499862313,1067.2111959429458,0.48195908311754465,block1:s3,gated_rule_c,mixed,1785123753.7334065,1785123753.7338889,1785123754.1891341,1785123754.801107,
block1-000087,351.8254697555676,999.2826556554064,43,22.5,350.76865705195814,998.225842951797,1.0568127036094666,block1:s3,gated_rule_c,mixed,1785123753.7595136,1785123753.7605705,1785123754.111346,1785123754.7588031,
block1-000088,435.1449740352109,1040.465793106705,48,110.0,433.956908993423,1039.277728064917,1.1880650417879224,block1:s4,gated_rule_c,mixed,1785123754.5115442,1785123754.5127327,1785123754.9466963,1785123755.552017,
block1-000089,412.3284574598074,1092.0149764278904,48,20.0,412.0014449581504,1091.6879639262334,0.3270125016570091,block1:s4,gated_rule_c,mixed,1785123754.7616944,1785123754.7620215,1785123755.1740303,1785123755.853717,
block1-000090,92.42258430458605,3543.0235483217984,154,170.0,91.333766002208,3541.9347300194204,1.0888183023780584,block1:zero_tool,gated_rule_c,mixed,1785123754.7983434,1785123754.7994328,1785123754.8907752,1785123758.3413763,
block1-000091,67.58827110752463,4036.635857191868,174,50.0,67.37149402033538,4036.419080104679,0.21677708718925714,block1:zero_tool,gated_rule_c,mixed,1785123754.938352,1785123754.9385695,1785123755.0059512,1785123758.974999,
block1-000092,67.52179958857596,3321.8944725813344,136,15.0,66.7578789871186,3321.130551979877,0.7639206014573574,block1:zero_tool,gated_rule_c,mixed,1785123755.4652736,1785123755.4660375,1785123755.5328023,1785123758.787175,
block1-000093,435.81321311648935,1303.4936371259391,48,60.0,435.29913399834186,1302.9795580077916,0.5140791181474924,block1:s4,gated_rule_c,mixed,1785123755.5717585,1785123755.5722728,1785123756.0075786,1785123756.8752592,
block1-000094,501.3098370982334,1345.4142371192575,48,307.5,501.13612099085003,1345.240521011874,0.1737161073833704,block1:s4,gated_rule_c,mixed,1785123755.728474,1785123755.7286477,1785123756.22979,1785123757.0738943,
block1-000095,77.2977089509368,3515.349864959717,149,92.5,75.57614101096988,3513.62829701975,1.721567939966917,block1:zero_tool,gated_rule_c,mixed,1785123755.7975307,1785123755.7992525,1785123755.8748348,1785123759.312887,
block1-000096,422.1254321746528,1184.2264542356133,43,135.0,421.5028289472684,1183.603851008229,0.6226032273843884,block1:s1,gated_rule_c,mixed,1785123756.0103328,1785123756.0109556,1785123756.4324646,1785123757.1945655,
block1-000097,131.63220684509724,1783.5606128210202,71,115.0,131.21628505177796,1783.144691027701,0.4159217933192849,block1:s1,gated_rule_c,mixed,1785123756.059327,1785123756.0597432,1785123756.1909664,1785123757.8428946,
block1-000098,459.5416105585173,1132.815640536137,44,412.5,457.6437510550022,1130.9177810326219,1.8978595035150647,block1:s1,gated_rule_c,mixed,1785123756.280266,1785123756.2821643,1785123756.7398143,1785123757.4130888,
block1-000099,385.2928252890706,924.7474293224514,36,282.5,383.331389981322,922.7859940147027,1.9614353077486157,block1:s1,gated_rule_c,mixed,1785123756.4498644,1785123756.4518263,1785123756.8351684,1785123757.3746228,
block1-000100,377.9271508101374,969.1102247452363,42,170.0,376.9712020875886,968.1542760226876,0.9559487225487828,block1:s1,gated_rule_c,mixed,1785123756.6756623,1785123756.6766186,1785123757.0535986,1785123757.6447816,
block1-000101,298.04359981790185,797.5344777805731,34,15.0,297.0950319431722,796.5859099058434,0.9485678747296333,block1:s1,gated_rule_c,mixed,1785123756.915251,1785123756.9162,1785123757.213303,1785123757.7127938,
block1-000102,69.10461059305817,5414.275591610931,239,135.0,67.49251601286232,5412.663497030735,1.6120945801958442,block1:zero_tool,gated_rule_c,mixed,1785123757.0465283,1785123757.0481405,1785123757.1156402,1785123762.460811,
block1-000103,65.09543198626488,7437.395542045124,321,105.0,63.15490393899381,7435.455013997853,1.9405280472710729,block1:zero_tool,gated_rule_c,mixed,1785123757.2501118,1785123757.2520528,1785123757.3152144,1785123764.6875143,
block1-000104,279.7092266846448,1047.1801636740565,40,95.0,279.4682290405035,1046.9391660299152,0.24099764414131641,block1:s2,gated_rule_c,mixed,1785123757.645935,1785123757.6461763,1785123757.9256532,1785123758.693124,
block1-000105,57.26352974306792,4038.4540436789393,176,160.0,56.420249049551785,4037.610762985423,0.8432806935161352,block1:zero_tool,gated_rule_c,mixed,1785123757.7918615,1785123757.792705,1785123757.8491333,1785123761.830324,
block1-000106,104.21196406241506,1495.586532051675,64,70.0,103.13012101687491,1494.5046890061349,1.081843045540154,block1:s2,gated_rule_c,mixed,1785123758.086671,1785123758.0877533,1785123758.190892,1785123759.5822666,
block1-000107,122.43556324392557,1710.535108228214,74,95.0,121.75985903013498,1709.8594040144235,0.6757042137905955,block1:s2,gated_rule_c,mixed,1785123758.1407995,1785123758.141476,1785123758.2632434,1785123759.8513432,
block1-000108,374.1698102094233,853.3048492390662,35,322.5,373.1558440485969,852.2908830782399,1.013966160826385,block1:s2,gated_rule_c,mixed,1785123758.4199197,1785123758.420934,1785123758.7940958,1785123759.2732308,
block1-000109,444.47196286637336,1037.6938128611073,44,110.0,444.2737059434876,1037.4955559382215,0.19825692288577557,block1:s2,gated_rule_c,mixed,1785123758.4293728,1785123758.4295714,1785123758.87385,1785123759.4670718,
block1-000110,402.2269694833085,882.1057634195313,36,17.5,401.6116070561111,881.4904009923339,0.6153624271973968,block1:s2,gated_rule_c,mixed,1785123758.4305198,1785123758.4311354,1785123758.8327541,1785123759.3126328,
block1-000111,56.746240123175085,3988.685950054787,179,110.0,55.64356304239482,3987.583272974007,1.1026770807802677,block1:zero_tool,gated_rule_c,mixed,1785123758.7374642,1785123758.7385669,1785123758.7942166,1785123762.7261565,
block1-000112,70.64484572038054,3202.4143886519596,142,107.5,69.06810507643968,3200.8376480080187,1.576740643940866,block1:zero_tool,gated_rule_c,mixed,1785123758.8651602,1785123758.8667374,1785123758.9358122,1785123762.067582,
block1-000113,68.33066302351654,2920.5655821133405,128,95.0,67.71356600802392,2919.948485097848,0.6170970154926181,block1:zero_tool,gated_rule_c,mixed,1785123759.0666504,1785123759.067268,1785123759.134989,1785123761.9872239,
block1-000114,490.8217763295397,1039.1067273449153,38,25.0,490.02672103233635,1038.311672047712,0.795055297203362,block1:s3,gated_rule_c,mixed,1785123759.70469,1785123759.7054853,1785123760.1955185,1785123760.7438035,
block1-000115,309.5277069369331,1010.4734560009092,39,105.0,308.4609949728474,1009.4067440368235,1.0667119640856981,block1:s3,gated_rule_c,mixed,1785123759.8120406,1785123759.813108,1785123760.1215758,1785123760.8225217,
block1-000116,385.16536680981517,1051.2913648271933,41,10.0,384.61597403511405,1050.7419720524922,0.5493927747011185,block1:s3,gated_rule_c,mixed,1785123759.8300254,1785123759.830575,1785123760.2151961,1785123760.8813221,
block1-000117,64.31397411506623,2504.031826159917,108,320.0,63.66557301953435,2503.383425064385,0.6484010955318809,block1:zero_tool,gated_rule_c,mixed,1785123759.9560714,1785123759.9567199,1785123760.0203912,1785123762.460109,
block1-000118,555.3312549600378,1025.9339269250631,43,20.0,554.8822180135176,1025.484889978543,0.4490369465202093,block1:s3,gated_rule_c,mixed,1785123760.069033,1785123760.069482,1785123760.62437,1785123761.0949728,
block1-000119,361.0645669978112,1010.1935579441488,44,307.5,360.1036760956049,1009.2326670419425,0.9608909022063017,block1:s3,gated_rule_c,mixed,1785123760.2433918,1785123760.244353,1785123760.6044662,1785123761.253595,
block1-000120,412.6615326385945,1129.773820634,48,172.5,411.5649180021137,1128.6772059975192,1.0966146364808083,block1:s4,gated_rule_c,mixed,1785123760.4484808,1785123760.449578,1785123760.8611503,1785123761.5782626,
block1-000121,530.5246041389182,1238.8757742010057,48,20.0,529.5877089956775,1237.938879057765,0.9368951432406902,block1:s4,gated_rule_c,mixed,1785123761.2216728,1785123761.22261,1785123761.7522056,1785123762.4605563,
block1-000122,493.41628758702427,1198.833657661453,48,155.0,492.64985998161137,1198.06723005604,0.7664276054129004,block1:s4,gated_rule_c,mixed,1785123761.316562,1785123761.3173287,1785123761.8099856,1785123762.515403,
block1-000123,446.3964187307283,1149.6188647579402,48,140.0,445.6788880052045,1148.9013340324163,0.7175307255238295,block1:s4,gated_rule_c,mixed,1785123761.5003448,1785123761.5010626,1785123761.9467473,1785123762.6499698,
block1-000124,422.93933022301644,1150.2381992759183,48,95.0,421.50016699451953,1148.7990360474214,1.4391632284969091,block1:s4,gated_rule_c,mixed,1785123761.6248512,1785123761.6262908,1785123762.0477977,1785123762.775097,
block1-000125,69.61062934715301,3351.86100541614,139,287.5,69.13503701798618,3351.385413086973,0.4755923291668296,block1:zero_tool,gated_rule_c,mixed,1785123761.977881,1785123761.9783568,1785123762.047501,1785123765.3297515,
block1-000126,445.0273561524227,1369.0922212554142,48,15.0,444.6004689671099,1368.6653340701014,0.42688718531280756,block1:s4,gated_rule_c,mixed,1785123762.2050521,1785123762.2054791,1785123762.6500862,1785123763.5741508,
block1-000127,440.68913627415895,1366.2344723707065,48,20.0,439.8646599147469,1365.4099960112944,0.8244763594120741,block1:s4,gated_rule_c,mixed,1785123762.2469811,1785123762.2478058,1785123762.6876776,1785123763.613223,
block1-000128,63.05684905964881,4784.268154064193,216,110.0,62.32535105664283,4783.536656061187,0.7314980030059814,block1:zero_tool,gated_rule_c,mixed,1785123762.397576,1785123762.3983078,1785123762.4606426,1785123767.181854,
block1-000129,130.75691228732467,1878.672986291349,71,17.5,129.84910095110536,1877.7651749551296,0.9078113362193108,block1:s1,gated_rule_c,mixed,1785123762.6949363,1785123762.6958444,1785123762.8257005,1785123764.5736167,
block1-000130,200.31597814522684,3667.713435133919,160,75.0,198.50407994817942,3665.9015369368717,1.8118981970474124,block1:zero_tool,gated_rule_c,mixed,1785123762.7835023,1785123762.7853146,1785123762.9838257,1785123766.4512236,
block1-000131,473.26726058963686,1066.5442815516144,36,117.5,472.1238319762051,1065.4008529381827,1.1434286134317517,block1:s1,gated_rule_c,mixed,1785123762.7845001,1785123762.7856438,1785123763.2577727,1785123763.8510497,
block1-000132,402.91288192383945,1112.9056899808347,39,15.0,402.7291649254039,1112.7219729823992,0.1837169984355569,block1:s1,gated_rule_c,mixed,1785123762.7959847,1785123762.7961688,1785123763.1989048,1785123763.9088976,
block1-000133,181.44599930383265,1558.7358783232048,62,117.5,180.61245803255588,1557.902337051928,0.833541271276772,block1:s1,gated_rule_c,mixed,1785123762.9008367,1785123762.9016705,1785123763.08229,1785123764.45958,
block1-000134,424.22292043920606,1057.1794444695115,43,160.0,424.00292796082795,1056.9594519911334,0.21999247837811708,block1:s1,gated_rule_c,mixed,1785123763.3086705,1785123763.3088906,1785123763.7329018,1785123764.3658583,
block1-000135,269.6124118519947,764.5064789103344,31,10.0,269.2053900100291,764.0994570683688,0.40702184196561575,block1:s1,gated_rule_c,mixed,1785123763.5819647,1785123763.5823722,1785123763.8515844,1785123764.3464782,
block1-000136,315.07108523510396,911.290773190558,41,15.0,314.39054606016725,910.6102340156212,0.6805391749367118,block1:s2,gated_rule_c,mixed,1785123764.1442637,1785123764.144945,1785123764.4593449,1785123765.0555649,
block1-000137,70.32505911774933,4176.1349440785125,197,115.0,69.63653606362641,4175.44642102439,0.6885230541229248,block1:zero_tool,gated_rule_c,mixed,1785123764.2176874,1785123764.2183762,1785123764.2880213,1785123768.393831,
block1-000138,307.849922333844,801.2558813206851,36,107.5,306.9878160022199,800.3937749890611,0.8621063316240907,block1:s2,gated_rule_c,mixed,1785123764.3980997,1785123764.398962,1785123764.705958,1785123765.199364,
block1-000139,52.652025828137994,2942.6703387871385,145,550.0,52.408258081413805,2942.4265710404143,0.24376774672418833,block1:zero_tool,gated_rule_c,mixed,1785123764.7892377,1785123764.7894816,1785123764.841898,1785123767.7319162,
block1-000140,58.235771022737026,5883.0699370009825,281,152.5,57.702442980371416,5882.536608958617,0.5333280423656106,block1:zero_tool,gated_rule_c,mixed,1785123764.9389198,1785123764.9394534,1785123764.9971645,1785123770.8219986,
block1-000141,387.8954143729061,999.1683093830943,44,10.0,387.06224609632045,998.3351411065087,0.8331682765856385,block1:s2,gated_rule_c,mixed,1785123765.1317444,1785123765.132578,1785123765.5196478,1785123766.1309206,
block1-000142,314.462534035556,811.6557409521192,36,322.5,314.26409108098596,811.4572979975492,0.198442954570055,block1:s2,gated_rule_c,mixed,1785123765.2053423,1785123765.205541,1785123765.519812,1785123766.0170052,
block1-000143,269.1411725245416,726.8591795582324,34,15.0,268.01279303617775,725.7308000698686,1.128379488363862,block1:s2,gated_rule_c,mixed,1785123765.5359251,1785123765.5370536,1785123765.8050747,1785123766.2627923,
block1-000144,406.76446771249175,1006.6178347915411,48,107.5,406.62890090607107,1006.4822679851204,0.13556680642068386,block1:s3,gated_rule_c,mixed,1785123766.3615632,1785123766.3616989,1785123766.7683346,1785123767.3681881,
block1-000145,57.358078309334815,2707.023309310898,126,322.5,56.557212956249714,2706.222443957813,0.8008653530851007,block1:zero_tool,gated_rule_c,mixed,1785123767.634256,1785123767.6350572,1785123767.6916215,1785123770.341287,
block1-000146,492.87176330108196,1195.4617103328928,48,297.5,492.5364980008453,1195.1264450326562,0.33526530023664236,block1:s3,gated_rule_c,mixed,1785123767.6777868,1785123767.6781223,1785123768.170666,1785123768.873256,
block1-000147,105.98273435607553,5029.370812349953,229,12.5,105.41094397194684,5028.799021965824,0.5717903841286898,block1:zero_tool,gated_rule_c,mixed,1785123767.7707398,1785123767.7713115,1785123767.8767292,1785123772.8001175,
block1-000148,521.1743484251201,1141.7218074202538,48,172.5,520.6200969405472,1141.1675559356809,0.5542514845728874,block1:s3,gated_rule_c,mixed,1785123767.776294,1785123767.7768486,1785123768.297475,1785123768.9180226,
block1-000149,418.5821913415566,1000.5547113250941,43,357.5,418.15133299678564,1000.1238529803231,0.43085834477096796,block1:s3,gated_rule_c,mixed,1785123767.9364986,1785123767.9369297,1785123768.3550885,1785123768.937061,
block1-000150,443.5394450556487,1064.246895024553,48,107.5,441.8966800440103,1062.6041300129145,1.642765011638403,block1:s3,gated_rule_c,mixed,1785123768.1214855,1785123768.1231287,1785123768.5650342,1785123769.1857421,
block1-000151,340.45482357032597,981.163592543453,44,105.0,340.1120309717953,980.8207999449223,0.34279259853065014,block1:s3,gated_rule_c,mixed,1785123768.1483562,1785123768.148699,1785123768.4888172,1785123769.1295264,
block1-000152,66.73655845224857,3141.512239468284,142,15.0,65.79020305071026,3140.5658840667456,0.9463554015383124,block1:zero_tool,gated_rule_c,mixed,1785123768.5398211,1785123768.5407677,1785123768.6065645,1785123771.6813405,
block1-000153,57.12543334811926,3509.5817603869364,161,22.5,56.91633990500122,3509.3726669438183,0.2090934431180358,block1:zero_tool,gated_rule_c,mixed,1785123768.8226278,1785123768.8228369,1785123768.879761,1785123772.3322175,
block1-000154,52.861124044284225,2756.2784800538793,122,280.0,52.38914000801742,2755.8064960176125,0.47198403626680374,block1:zero_tool,gated_rule_c,mixed,1785123769.0379307,1785123769.038403,1785123769.0907998,1785123771.794217,
block1-000155,58.019126183353364,3146.897505270317,139,297.5,57.611645897850394,3146.490024984814,0.4074802855029702,block1:zero_tool,gated_rule_c,mixed,1785123769.6719623,1785123769.6723702,1785123769.7299888,1785123772.8188672,
block1-000156,454.87571810372174,1176.5232731122524,48,20.0,454.3953340034932,1176.0428890120238,0.48038410022854805,block1:s4,gated_rule_c,mixed,1785123769.732688,1785123769.7331684,1785123770.18757,1785123770.9092178,
block1-000157,418.9840604085475,1172.9712263913825,48,217.5,418.1356900371611,1172.122856019996,0.8483703713864088,block1:s4,gated_rule_c,mixed,1785123769.9024339,1785123769.9032824,1785123770.3214252,1785123771.0754125,
block1-000158,520.7026455318555,1317.456639604643,48,15.0,520.3435500152409,1317.0975440880284,0.3590955166146159,block1:s4,gated_rule_c,mixed,1785123770.515551,1785123770.5159104,1785123771.0362613,1785123771.8330154,
block1-000159,485.29658664483577,1282.5380086433142,48,12.5,483.7980460142717,1281.0394680127501,1.4985406305640936,block1:s4,gated_rule_c,mixed,1785123770.5896642,1785123770.591163,1785123771.0749676,1785123771.8722084,
block1-000160,63.79052088595927,3365.2085779467598,149,15.0,62.753204023465514,3364.171261084266,1.0373168624937534,block1:zero_tool,gated_rule_c,mixed,1785123770.757858,1785123770.758896,1785123770.8216574,1785123774.1230757,
block1-000161,120.14956690836698,1577.8521788306534,65,10.0,119.8031340027228,1577.5057459250093,0.3464329056441784,block1:s1,gated_rule_c,mixed,1785123770.839478,1785123770.8398247,1785123770.9596334,1785123772.4173357,
block1-000162,481.78183170966804,1023.5383776016533,41,160.0,481.53181408997625,1023.2883599819615,0.25001761969178915,block1:s1,gated_rule_c,mixed,1785123771.0421336,1785123771.0423837,1785123771.5239215,1785123772.0656781,
block1-000163,142.944700201042,1622.8542511817068,72,15.0,142.2410700470209,1622.1506210276857,0.7036301540210843,block1:s1,gated_rule_c,mixed,1785123771.101943,1785123771.1026468,1785123771.2448957,1785123772.7248054,
block1-000164,405.87767446413636,1005.0483985105529,42,307.5,405.72234499268234,1004.8930690390989,0.15532947145402431,block1:s1,gated_rule_c,mixed,1785123771.1179311,1785123771.1180868,1785123771.5238175,1785123772.1229882,
block1-000165,96.81516396813095,6307.2980280267075,293,100.0,95.74517095461488,6306.228035013191,1.0699930135160685,block1:zero_tool,gated_rule_c,mixed,1785123771.6739182,1785123771.6749885,1785123771.7707412,1785123777.9812243,
block1-000166,64.30889118928462,7922.051191213541,371,107.5,64.05036593787372,7921.79266596213,0.25852525141090155,block1:zero_tool,gated_rule_c,mixed,1785123771.7099483,1785123771.710207,1785123771.7742627,1785123779.6320052,
block1-000167,108.01805730443448,6360.054460237734,295,25.0,107.52200509887189,6359.558408032171,0.49605220556259155,block1:zero_tool,gated_rule_c,mixed,1785123772.3090973,1785123772.3095937,1785123772.4171233,1785123778.6691594,
block1-000168,268.92490696627647,831.4301240025088,40,187.5,267.53558102063835,830.0407980568707,1.3893259456381202,block1:s2,gated_rule_c,mixed,1785123772.3409982,1785123772.3423877,1785123772.6099293,1785123773.1724343,
block1-000169,109.34850014746189,1585.39778215345,67,412.5,108.61388896591961,1584.6631709719077,0.7346111815422773,block1:s2,gated_rule_c,mixed,1785123773.2225566,1785123773.2232916,1785123773.331913,1785123774.8079624,
block1-000170,335.3570137405768,1083.7881386978552,43,485.0,334.3879230087623,1082.8190479660407,0.9690907318145037,block1:s2,gated_rule_c,mixed,1785123773.5142145,1785123773.515184,1785123773.8495793,1785123774.5980103,
block1-000171,91.31697239354253,1675.1718673622236,70,357.5,90.80995398107916,1674.6648489497602,0.507018412463367,block1:s2,gated_rule_c,mixed,1785123773.7947886,1785123773.795296,1785123773.886112,1785123775.469967,
block1-000172,395.9186158608645,893.7801979482174,36,320.0,395.4442909453064,893.3058730326593,0.47432491555809975,block1:s2,gated_rule_c,mixed,1785123773.9334466,1785123773.9339213,1785123774.3293722,1785123774.8272336,
block1-000173,513.381740427576,1163.1922944216058,49,117.5,511.24735502526164,1161.0579090192914,2.134385402314365,block1:s2,gated_rule_c,mixed,1785123773.970069,1785123773.9722035,1785123774.4834602,1785123775.1332705,
block1-000174,348.0513533577323,863.4346313774586,38,20.0,346.08071006368846,861.4639880834147,1.970643294043839,block1:s2,gated_rule_c,mixed,1785123774.1353629,1785123774.1373339,1785123774.4834223,1785123774.9988055,
block1-000175,323.7515091896057,890.713288099505,37,115.0,322.8878390509635,889.8496179608628,0.8636701386421919,block1:s2,gated_rule_c,mixed,1785123774.5038583,1785123774.5047224,1785123774.8276176,1785123775.3945794,
block1-000176,472.5490655982867,1151.2270586099476,48,95.0,471.45561408251524,1150.133607094176,1.0934515157714486,block1:s3,gated_rule_c,mixed,1785123774.922375,1785123774.9234688,1785123775.3949318,1785123776.0736096,
block1-000177,433.0659258412197,1112.7994519192725,48,10.0,432.4508069548756,1112.1843330329284,0.6151188863441348,block1:s3,gated_rule_c,mixed,1785123775.0927594,1785123775.0933747,1785123775.5258315,1785123776.2055652,
block1-000178,433.9833415579051,1076.5578085556626,48,297.5,432.9776540398598,1075.5521210376173,1.0056875180453062,block1:s3,gated_rule_c,mixed,1785123775.2796037,1785123775.2806096,1785123775.7135947,1785123776.3561692,
block1-000179,419.519214425236,1037.8991303732619,48,412.5,418.53611497208476,1036.9160309201106,0.983099453151226,block1:s3,gated_rule_c,mixed,1785123775.579297,1785123775.5802808,1785123775.9988265,1785123776.6172066,
block1-000180,399.820116115734,999.6269901748747,48,170.0,398.9531350089237,998.7600090680644,0.8669811068102717,block1:s3,gated_rule_c,mixed,1785123775.9180648,1785123775.9189322,1785123776.3178926,1785123776.9176998,
block1-000181,67.58552836254239,3635.001652291976,164,115.0,67.09249003324658,3634.50861396268,0.49303832929581404,block1:zero_tool,gated_rule_c,mixed,1785123777.0960152,1785123777.0965087,1785123777.1636088,1785123780.731025,
block1-000182,531.3055370934308,1181.460216990672,48,297.5,531.0535110766068,1181.208190973848,0.25202601682394743,block1:s3,gated_rule_c,mixed,1785123777.2228296,1785123777.2230818,1785123777.7541432,1785123778.4042978,
block1-000183,411.8395266123116,1046.2746475823224,43,282.5,411.4314300240949,1045.8665509941056,0.408096588216722,block1:s3,gated_rule_c,mixed,1785123777.3959863,1785123777.3963947,1785123777.8078508,1785123778.4422858,
block1-000184,482.22673940472305,1133.8238824391738,48,132.5,481.3585199881345,1132.9556630225852,0.8682194165885448,block1:s4,gated_rule_c,mixed,1785123777.4792297,1785123777.480098,1785123777.9614635,1785123778.6130607,
block1-000185,117.80356196686625,2603.8358230143785,122,297.5,117.31783696450293,2603.350098012015,0.48572500236332417,block1:zero_tool,gated_rule_c,mixed,1785123777.555519,1785123777.556005,1785123777.67333,1785123780.1593626,
block1-000186,441.0811612615362,1091.448741266504,48,17.5,440.88561995886266,1091.2531999638304,0.19554130267351866,block1:s4,gated_rule_c,mixed,1785123777.558969,1785123777.559165,1785123778.000057,1785123778.6504245,
block1-000187,418.195299920626,1064.2505479045212,48,115.0,417.6803510636091,1063.7355990475044,0.5149488570168614,block1:s4,gated_rule_c,mixed,1785123777.7168171,1785123777.7173321,1785123778.1350207,1785123778.781076,
block1-000188,404.50938348658383,1137.0391935342923,48,170.0,403.52529194206,1136.0551019897684,0.9840915445238352,block1:s4,gated_rule_c,mixed,1785123778.4886177,1785123778.489602,1785123778.8931348,1785123779.6256647,
block1-000189,480.8368830708787,1194.670425960794,48,550.0,480.42146500665694,1194.2550078965724,0.41541806422173977,block1:s4,gated_rule_c,mixed,1785123779.2625782,1785123779.2629938,1785123779.7434225,1785123780.4572566,
block1-000190,463.68666540365666,1177.9121964937076,48,10.0,463.5101219173521,1177.735653007403,0.17654348630458117,block1:s4,gated_rule_c,mixed,1785123779.2983587,1785123779.2985358,1785123779.7620556,1785123780.4762812,
block1-000191,404.1020713048056,1118.6059013707563,48,140.0,403.7588050123304,1118.2626350782812,0.34326629247516394,block1:s4,gated_rule_c,mixed,1785123779.4329202,1785123779.4332638,1785123779.8370297,1785123780.5515335,
block1-000192,65.87250891607255,2576.638991944492,117,155.0,65.36111200693995,2576.1275950353593,0.5113969091325998,block1:zero_tool,gated_rule_c,mixed,1785123779.5660083,1785123779.56652,1785123779.6318882,1785123782.1426547,
block1-000193,59.24379359930754,15811.20747665409,723,170.0,59.08387200906873,15811.047555063851,0.15992159023880959,block1:zero_tool,gated_rule_c,mixed,1785123780.080808,1785123780.0809681,1785123780.1400583,1785123795.8920221,
block1-000194,336.62620943505317,1075.1331694191322,40,110.0,336.10505098477006,1074.612010968849,0.5211584502831101,block1:s1,gated_rule_c,mixed,1785123780.1395588,1785123780.1400802,1785123780.4761915,1785123781.2146983,
block1-000195,358.66442299447954,984.8814209690318,37,22.5,358.37697808165103,984.5939760562032,0.28744491282850504,block1:s1,gated_rule_c,mixed,1785123780.2483282,1785123780.248616,1785123780.607,1785123781.233217,
block1-000196,436.0359365819022,943.1878576288,39,85.0,435.0949788931757,942.2468999400735,0.9409576887264848,block1:s1,gated_rule_c,mixed,1785123780.6639829,1785123780.664924,1785123781.1000252,1785123781.607177,
block1-000197,177.60646960232407,1492.94918065425,65,107.5,176.83101899456233,1492.1737300464883,0.7754506077617407,block1:s1,gated_rule_c,mixed,1785123780.6678646,1785123780.6686404,1785123780.8454783,1785123782.160821,
block1-000198,119.64074987918139,1447.4734228570014,69,70.0,119.31679700501263,1447.1494699828327,0.3239528741687536,block1:s1,gated_rule_c,mixed,1785123780.8444118,1785123780.844736,1785123780.96406,1785123782.2918928,
block1-000199,130.75385661795735,6530.570830684155,302,12.5,129.93190891575068,6529.748882981949,0.8219477022066712,block1:zero_tool,gated_rule_c,mixed,1785123780.8550847,1785123780.8559077,1785123780.9858475,1785123787.3856642,
block1-000200,302.09743208251894,808.475902187638,38,17.5,300.1706439536065,806.5491140587255,1.9267881289124489,block1:s2,gated_rule_c,mixed,1785123781.651676,1785123781.6536028,1785123781.953781,1785123782.4601595,
block1-000201,54.300623829476535,2764.2575717763975,124,22.5,53.596888086758554,2763.5538360336795,0.7037357427179813,block1:zero_tool,gated_rule_c,mixed,1785123782.501146,1785123782.5018501,1785123782.555454,1785123785.265411,
block1-000202,423.69398195296526,878.3687059767544,36,145.0,421.73075198661536,876.4054760104045,1.9632299663498998,block1:s2,gated_rule_c,mixed,1785123782.8809862,1785123782.8829496,1785123783.3046873,1785123783.759362,
block1-000203,134.46970481891185,1795.6522398162633,78,10.0,133.79016693215817,1794.9727019295096,0.6795378867536783,block1:s2,gated_rule_c,mixed,1785123782.8993707,1785123782.9000506,1785123783.0338476,1785123784.69503,
block1-000204,357.9179527005181,812.350798631087,35,95.0,357.5392720522359,811.9721179828048,0.3786806482821703,block1:s2,gated_rule_c,mixed,1785123782.9842682,1785123782.9846473,1785123783.3421938,1785123783.796627,
block1-000205,402.54828275647014,1046.1192537331954,44,95.0,402.18908805400133,1045.7600590307266,0.35919470246881247,block1:s2,gated_rule_c,mixed,1785123782.996786,1785123782.9971457,1785123783.3993406,1785123784.0429115,
block1-000206,85.64139681402594,3469.9648898094893,154,132.5,85.14208800625056,3469.465581001714,0.4993088077753782,block1:zero_tool,gated_rule_c,mixed,1785123783.8192687,1785123783.819768,1785123783.9049163,1785123787.28924,
block1-000207,389.4447176717222,852.4542126106098,37,117.5,388.03716003894806,851.0466549778357,1.4075576327741146,block1:s2,gated_rule_c,mixed,1785123783.8423219,1785123783.8437297,1785123784.231773,1785123784.6947825,
block1-000208,266.87308971304446,879.4958527432755,38,15.0,266.43697393592447,879.0597369661555,0.43611577711999416,block1:s3,gated_rule_c,mixed,1785123783.8551705,1785123783.8556068,1785123784.1220496,1785123784.7346723,
block1-000209,418.0899243801832,1094.089056365192,48,17.5,417.3560549970716,1093.3551869820803,0.7338693831115961,block1:s3,gated_rule_c,mixed,1785123784.0775995,1785123784.0783336,1785123784.4956958,1785123785.1716945,
block1-000210,66.81312108412385,3066.031040158123,138,282.5,65.59256301261485,3064.810482086614,1.2205580715090036,block1:zero_tool,gated_rule_c,mixed,1785123784.4350564,1785123784.4362772,1785123784.5018775,1785123787.501095,
block1-000211,307.74586950428784,1009.8389384802431,41,140.0,307.34629603102803,1009.4393650069833,0.39957347325980663,block1:s3,gated_rule_c,mixed,1785123784.70683,1785123784.7072296,1785123785.0145833,1785123785.7166762,
block1-000212,452.92750815860927,1174.9012612272054,48,12.5,452.4318639887497,1174.4056170573458,0.49564416985958815,block1:s3,gated_rule_c,mixed,1785123784.7532146,1785123784.7537105,1785123785.2061481,1785123785.9281218,
block1-000213,438.17015748936683,1188.0762755172327,48,105.0,437.2870330698788,1187.1931510977447,0.8831244194880128,block1:s3,gated_rule_c,mixed,1785123785.1276753,1785123785.1285589,1785123785.5658536,1785123786.31576,
block1-000214,488.4319443954155,1064.0758094377816,43,320.0,487.57745302282274,1063.2213180651888,0.8544913725927472,block1:s3,gated_rule_c,mixed,1785123785.2084455,1785123785.2093003,1785123785.696887,1785123786.272531,
block1-000215,92.68400236032903,3679.816522402689,159,187.5,92.41861302871257,3679.5511330710724,0.2653893316164613,block1:zero_tool,gated_rule_c,mixed,1785123785.5827904,1785123785.5830562,1785123785.675483,1785123789.262615,
block1-000216,66.71071622986346,3711.349492194131,161,60.0,66.08204008080065,3710.720816045068,0.6286761490628123,block1:zero_tool,gated_rule_c,mixed,1785123785.611016,1785123785.6116452,1785123785.677737,1785123789.3223763,
block1-000217,492.0333750778809,1177.7505440404639,48,297.5,490.9861229825765,1176.7032919451594,1.0472520953044295,block1:s4,gated_rule_c,mixed,1785123785.7411413,1785123785.7421887,1785123786.2331815,1785123786.9188983,
block1-000218,500.7937125628814,1164.394753635861,48,75.0,500.37047592923045,1163.97151700221,0.42323663365095854,block1:s4,gated_rule_c,mixed,1785123786.0468445,1785123786.0472682,1785123786.5476463,1785123787.2112474,
block1-000219,516.049628611654,1164.2812975915149,48,217.5,515.4206899460405,1163.6523589259014,0.6289386656135321,block1:s4,gated_rule_c,mixed,1785123786.0667136,1785123786.0673428,1785123786.5827718,1785123787.2310033,
block1-000220,420.7891740370542,1080.5472609354183,48,25.0,420.12493405491114,1079.8830209532753,0.6642399821430445,block1:s4,gated_rule_c,mixed,1785123786.2669597,1785123786.2676241,1785123786.6877568,1785123787.3475149,
block1-000221,79.58030141890049,4862.9708824446425,211,485.0,78.7015400128439,4862.092121038586,0.8787614060565829,block1:zero_tool,gated_rule_c,mixed,1785123786.3321357,1785123786.3330147,1785123786.4117234,1785123791.195114,
block1-000222,68.42079909984022,4036.100523197092,172,92.5,67.71364994347095,4035.393374040723,0.7071491563692689,block1:zero_tool,gated_rule_c,mixed,1785123786.52141,1785123786.5221174,1785123786.5898376,1785123790.5575175,
block1-000223,59.83934737741947,4116.738789365627,174,15.0,59.08017500769347,4115.979616995901,0.7591723697260022,block1:zero_tool,gated_rule_c,mixed,1785123786.8659644,1785123786.8667238,1785123786.9258122,1785123790.9827116,
block1-000224,323.2874813256785,894.1371043911204,43,107.5,322.92567391414195,893.7752969795838,0.36180741153657436,block1:s1,gated_rule_c,mixed,1785123787.0238492,1785123787.0242112,1785123787.3471434,1785123787.9179933,
block1-000225,75.11180639266968,4327.337545459159,184,75.0,73.18119599949569,4325.406935065985,1.9306103931739926,block1:zero_tool,gated_rule_c,mixed,1785123787.0957708,1785123787.0977018,1785123787.170892,1785123791.4231176,
block1-000226,454.51937813777477,1166.3239151239395,43,105.0,453.83353694342077,1165.6380739295855,0.6858411943539977,block1:s1,gated_rule_c,mixed,1785123787.9495695,1785123787.9502556,1785123788.404095,1785123789.1158996,
block1-000227,131.10216241329908,1980.7505063945428,72,60.0,130.60357398353517,1980.2519179647788,0.49858842976391315,block1:s1,gated_rule_c,mixed,1785123788.0703297,1785123788.0708284,1785123788.2014384,1785123790.051087,
block1-000228,390.3934881091118,1078.1191980931908,39,10.0,388.9336979482323,1076.6594079323113,1.4597901608794928,block1:s1,gated_rule_c,mixed,1785123788.0919018,1785123788.0933619,1785123788.4823031,1785123789.1700292,
block1-000229,156.69713297393173,6100.256833946332,266,95.0,156.46703995298594,6100.026740925387,0.23009302094578743,block1:zero_tool,gated_rule_c,mixed,1785123788.1116583,1785123788.1118886,1785123788.2683628,1785123794.2119224,
block1-000230,61.23090302571654,8533.426193986088,385,15.0,60.92788407113403,8533.123175031506,0.3030189545825124,block1:zero_tool,gated_rule_c,mixed,1785123788.7553,1785123788.7556036,1785123788.8165388,1785123797.2887342,
block1-000231,131.3258003210649,1749.5362993795425,63,15.0,130.62057294882834,1748.831072007306,0.7052273722365499,block1:s1,gated_rule_c,mixed,1785123788.8856916,1785123788.8863971,1785123789.0170252,1785123790.6352355,
block1-000232,425.9012397378683,1207.8827397199348,41,10.0,424.91273395717144,1206.894233939238,0.9885057806968689,block1:s2,gated_rule_c,mixed,1785123788.9897442,1785123788.9907334,1785123789.415655,1785123790.1976364,
block1-000233,484.04953838326037,1090.8155143260956,36,70.0,483.0642370507121,1089.8302129935473,0.9853013325482607,block1:s2,gated_rule_c,mixed,1785123789.023384,1785123789.0243697,1785123789.5074403,1785123790.1142066,
block1-000234,150.4494632827118,1660.535755334422,64,217.5,149.3872059509158,1659.473498002626,1.0622573317959905,block1:s2,gated_rule_c,mixed,1785123789.0720382,1785123789.0731008,1785123789.2224967,1785123790.7325828,
block1-000235,95.39358480833471,1796.8356208875775,74,350.0,94.28650396876037,1795.7285400480032,1.107080839574337,block1:s2,gated_rule_c,mixed,1785123789.302272,1785123789.3033795,1785123789.3976731,1785123791.0991156,
block1-000236,92.8742594551295,3397.472256445326,149,172.5,92.56278502289206,3397.1607820130885,0.3114744322374463,block1:zero_tool,gated_rule_c,mixed,1785123789.3047197,1785123789.3050315,1785123789.3975997,1785123792.7021983,
block1-000237,452.6760653825477,1109.8061373922974,44,320.0,452.4011699249968,1109.5312419347465,0.2748954575508833,block1:s2,gated_rule_c,mixed,1785123789.3904455,1785123789.3907206,1785123789.8431294,1785123790.5002594,
block1-000238,452.43276888504624,944.1750448895618,38,15.0,451.5250070253387,943.2672830298543,0.9077618597075343,block1:s2,gated_rule_c,mixed,1785123789.5562012,1785123789.5571094,1785123790.0086417,1785123790.500384,
block1-000239,326.5145820332691,858.9026810368523,34,10.0,326.32981799542904,858.7179169990122,0.18476403784006834,block1:s2,gated_rule_c,mixed,1785123789.5805025,1785123789.5806875,1785123789.9070253,1785123790.4394138,
block1-000240,269.581590895541,788.1890379358083,32,15.0,268.80232198163867,787.409769021906,0.7792689139023423,block1:s3,gated_rule_c,mixed,1785123789.8860955,1785123789.8868752,1785123790.1556857,1785123790.674293,
block1-000241,111.3851034315303,2771.0781653877348,126,52.5,110.45880196616054,2770.151863922365,0.926301465369761,block1:zero_tool,gated_rule_c,mixed,1785123789.8971472,1785123789.898074,1785123790.0085392,1785123792.6682324,
block1-000242,372.18225689139217,875.3917538560927,38,12.5,370.98094809334725,874.1904450580478,1.20130879804492,block1:s3,gated_rule_c,mixed,1785123790.4760468,1785123790.4772484,1785123790.848237,1785123791.3514469,
block1-000243,264.9729405529797,949.0579285193235,41,282.5,264.0715640736744,948.1565520400181,0.9013764793053269,block1:s3,gated_rule_c,mixed,1785123790.8525314,1785123790.8534331,1785123791.117512,1785123791.8015969,
block1-000244,441.7358135106042,1131.7548274528235,48,92.5,440.14295598026365,1130.161969922483,1.5928575303405523,block1:s3,gated_rule_c,mixed,1785123791.3021572,1785123791.30375,1785123791.7438993,1785123792.4339187,
block1-000245,363.4486156515777,998.724574688822,43,12.5,362.64856497291476,997.9245240101591,0.8000506786629558,block1:s3,gated_rule_c,mixed,1785123791.512167,1785123791.5129673,1785123791.8756237,1785123792.5108995,
block1-000246,59.447281528264284,3409.2612215317786,165,307.5,58.56070097070187,3408.374640974216,0.8865805575624108,block1:zero_tool,gated_rule_c,mixed,1785123791.8213365,1785123791.8222234,1785123791.88079,1785123795.230604,
block1-000247,348.5003107925877,1036.175902816467,43,75.0,348.32363692112267,1035.999228945002,0.17667387146502733,block1:s3,gated_rule_c,mixed,1785123792.1042533,1785123792.1044304,1785123792.452761,1785123793.1404364,
block1-000248,417.3404494067654,1137.4648694181815,48,12.5,416.2758890306577,1136.4003090420738,1.0645603761076927,block1:s4,gated_rule_c,mixed,1785123792.251006,1785123792.252071,1785123792.668356,1785123793.3884802,
block1-000249,413.9919945737347,1140.5538364779204,48,17.5,412.8718110732734,1139.4336529774591,1.1201835004612803,block1:s4,gated_rule_c,mixed,1785123792.6115685,1785123792.6126888,1785123793.0255685,1785123793.75213,
block1-000250,452.7475649956614,1108.5868630325422,48,85.0,450.9288639528677,1106.7681619897485,1.8187010427936912,block1:s4,gated_rule_c,mixed,1785123792.9732547,1785123792.9750738,1785123793.4260125,1785123794.0818517,
block1-000251,76.30678045097739,2550.002455362119,126,105.0,75.53787401411682,2549.233548925258,0.7689064368605614,block1:zero_tool,gated_rule_c,mixed,1785123793.0439732,1785123793.0447423,1785123793.1202893,1785123795.593985,
block1-000252,441.3220010465011,1061.9510910473764,48,132.5,439.6198160247877,1060.248906025663,1.702185021713376,block1:s4,gated_rule_c,mixed,1785123793.1945105,1785123793.196213,1785123793.6358397,1785123794.2564688,
block1-000253,403.21492694783956,1013.5199240176007,48,177.5,402.13460102677345,1012.4395980965346,1.0803259210661054,block1:s4,gated_rule_c,mixed,1785123793.4499786,1785123793.451059,1785123793.853201,1785123794.4635062,
block1-000254,60.120349982753396,2665.9886009292677,131,117.5,59.76511398330331,2665.6333649298176,0.35523599945008755,block1:zero_tool,gated_rule_c,mixed,1785123793.7930305,1785123793.793386,1785123793.8531594,1785123796.4590275,
block1-000255,71.53581141028553,3912.529253400862,185,15.0,69.67898202128708,3910.6724240118638,1.8568293889984488,block1:zero_tool,gated_rule_c,mixed,1785123794.146514,1785123794.1483712,1785123794.2180586,1785123798.059052,
block1-000256,314.26662544254214,1005.5610014824197,43,95.0,314.1381599707529,1005.4325360106304,0.12846547178924084,block1:s1,gated_rule_c,mixed,1785123795.2604887,1785123795.2606175,1785123795.5747619,1785123796.2660563,
block1-000257,89.51696450822055,14769.89600842353,672,85.0,89.26151099149138,14769.6405549068,0.25545351672917604,block1:zero_tool,gated_rule_c,mixed,1785123795.705159,1785123795.7054143,1785123795.7946823,1785123810.4750612,
block1-000258,69.2619951441884,3357.7011642046273,155,10.0,68.21559194941074,3356.6547610098496,1.0464031947776675,block1:zero_tool,gated_rule_c,mixed,1785123795.7281618,1785123795.7292082,1785123795.79743,1785123799.085869,
block1-000259,118.25034220237285,1721.039449214004,72,15.0,117.37730295863003,1720.1664099702612,0.8730392437428236,block1:s1,gated_rule_c,mixed,1785123795.8923645,1785123795.8932376,1785123796.0106206,1785123797.6134098,
block1-000260,117.93659348040819,1715.4644345864654,74,117.5,117.61138390284032,1715.1392250088975,0.3252095775678754,block1:s1,gated_rule_c,mixed,1785123796.033624,1785123796.0339491,1785123796.1515667,1785123797.7490945,
block1-000261,61.54509459156543,5862.640861538239,275,52.5,61.00760807748884,5862.103375024162,0.5374865140765905,block1:zero_tool,gated_rule_c,mixed,1785123796.3211176,1785123796.3216553,1785123796.3826702,1785123802.1837661,
block1-000262,51.005094894208014,3758.2252479624003,179,15.0,50.545852980576456,3757.7660060487688,0.4592419136315584,block1:zero_tool,gated_rule_c,mixed,1785123796.618385,1785123796.6188445,1785123796.6693969,1785123800.376617,
block1-000263,131.98598707094789,1400.5709131015465,60,17.5,131.09478901606053,1399.679715046659,0.8911980548873544,block1:s1,gated_rule_c,mixed,1785123796.770939,1785123796.7718308,1785123796.9029324,1785123798.1715171,
block1-000264,359.2102511320263,825.5842241924256,34,287.5,358.1266199471429,824.5005930075422,1.0836311848834157,block1:s2,gated_rule_c,mixed,1785123797.0003767,1785123797.0014608,1785123797.3595963,1785123797.8259704,
block1-000265,362.9133172798902,944.2992402473465,42,12.5,362.75644099805504,944.1423639655113,0.1568762818351388,block1:s2,gated_rule_c,mixed,1785123797.1523478,1785123797.1525052,1785123797.5152683,1785123798.0966544,
block1-000266,304.9114344175905,771.2470474652946,36,320.0,304.73631399217993,771.071927039884,0.17512042541056871,block1:s2,gated_rule_c,mixed,1785123797.2687514,1785123797.2689266,1785123797.5736692,1785123798.040005,
block1-000267,72.50366744119674,14982.50148340594,670,287.5,71.95856003090739,14981.95637599565,0.5451074102893472,block1:zero_tool,gated_rule_c,mixed,1785123797.8710968,1785123797.871642,1785123797.943608,1785123812.8536057,
block1-000268,103.13510382547975,10711.695547797717,487,52.5,103.02355699241161,10711.584000964649,0.1115468330681324,block1:zero_tool,gated_rule_c,mixed,1785123798.708804,1785123798.7089155,1785123798.8119452,1785123809.4205055,
block1-000269,351.1660679941997,952.7347149560228,44,15.0,350.1006829319522,951.6693298937753,1.0653850622475147,block1:s2,gated_rule_c,mixed,1785123798.7343986,1785123798.735464,1785123799.0855706,1785123799.6871393,
block1-000270,63.11705056577921,3563.2681156275794,166,115.0,62.79108696617186,3562.942152027972,0.32596359960734844,block1:zero_tool,gated_rule_c,mixed,1785123798.7943594,1785123798.7946856,1785123798.8574824,1785123802.3576336,
block1-000271,318.7260264530778,820.0509714661166,37,85.0,318.00445599947125,819.3294010125101,0.7215704536065459,block1:s2,gated_rule_c,mixed,1785123799.500002,1785123799.5007236,1785123799.8187346,1785123800.3200593,
block1-000272,263.92521033994853,721.4282302884385,32,307.5,263.144409051165,720.647428999655,0.7808012887835503,block1:s3,gated_rule_c,mixed,1785123799.806062,1785123799.806843,1785123800.069994,1785123800.5274973,
block1-000273,84.91640060674399,2780.6301806122065,126,15.0,83.85049703065306,2779.5642770361155,1.065903576090932,block1:zero_tool,gated_rule_c,mixed,1785123799.827791,1785123799.8288572,1785123799.9127142,1785123802.608428,
block1-000274,444.20025299768895,1170.349403982982,48,155.0,443.49510699976236,1169.6442579850554,0.7051459979265928,block1:s3,gated_rule_c,mixed,1785123800.5902734,1785123800.5909789,1785123801.034483,1785123801.760632,
block1-000275,268.7551223207265,997.152759344317,41,115.0,268.1786499451846,996.5762869687751,0.5764723755419254,block1:s3,gated_rule_c,mixed,1785123800.8991516,1785123800.8997283,1785123801.167914,1785123801.8963118,
block1-000276,485.1122758118436,1217.4584527965635,48,152.5,483.92674804199487,1216.2729250267148,1.1855277698487043,block1:s3,gated_rule_c,mixed,1785123801.3329806,1785123801.3341665,1785123801.8181014,1785123802.5504477,
block1-000277,458.265982568264,1152.0321306306869,46,357.5,457.5894119916484,1151.3555600540712,0.6765705766156316,block1:s3,gated_rule_c,mixed,1785123801.4565766,1785123801.4572537,1785123801.9148505,1785123802.6086166,
block1-000278,520.6553392345086,1056.4336092211306,43,22.5,519.1785800270736,1054.9568500136957,1.4767592074349523,block1:s3,gated_rule_c,mixed,1785123801.5321915,1785123801.5336685,1785123802.0528574,1785123802.5886354,
block1-000279,357.834598980844,1004.4036710169166,43,110.0,356.809890945442,1003.3789629815146,1.024708035402,block1:s3,gated_rule_c,mixed,1785123801.9219925,1785123801.9230175,1785123802.279835,1785123802.926404,
block1-000280,488.4455947903916,1093.1768568698317,48,145.0,487.7478879643604,1092.4791500438005,0.697706826031208,block1:s4,gated_rule_c,mixed,1785123801.944893,1785123801.9455905,1785123802.4333444,1785123803.0380754,
block1-000281,401.9797018263489,1001.6320768045262,48,17.5,401.3703049859032,1001.0226799640805,0.6093968404456973,block1:s4,gated_rule_c,mixed,1785123802.280458,1785123802.2810676,1785123802.6824455,1785123803.2820978,
block1-000282,66.75931194331497,3156.263109878637,133,117.5,66.20907899923623,3155.712876934558,0.5502329440787435,block1:zero_tool,gated_rule_c,mixed,1785123803.2937706,1785123803.294321,1785123803.3605392,1785123806.4500427,
block1-000283,65.6907013617456,3804.3614393100142,158,132.5,64.68426808714867,3803.3550060354173,1.0064332745969296,block1:zero_tool,gated_rule_c,mixed,1785123803.3917189,1785123803.3927255,1785123803.4574199,1785123807.1960905,
block1-000284,462.3419096460566,1313.809841638431,48,17.5,461.5356749854982,1313.0036069778726,0.8062346605584025,block1:s4,gated_rule_c,mixed,1785123803.5594592,1785123803.5602658,1785123804.0218105,1785123804.873278,
block1-000285,483.8204396655783,1282.187350676395,48,105.0,482.8547639772296,1281.2216749880463,0.9656756883487105,block1:s4,gated_rule_c,mixed,1785123803.6296275,1785123803.6305938,1785123804.1134589,1785123804.9118257,
block1-000286,100.05158034618944,3937.118559377268,165,107.5,99.65965198352933,3936.726631014608,0.39192836266011,block1:zero_tool,gated_rule_c,mixed,1785123803.959849,1785123803.960242,1785123804.0599146,1785123807.8969815,
block1-000287,608.7294537574053,1303.0920408200473,48,85.0,608.3261689636856,1302.6887560263276,0.4032847937196493,block1:s4,gated_rule_c,mixed,1785123803.9681175,1785123803.968521,1785123804.5768564,1785123805.271219,
block1-000288,528.8935085991398,1153.0718005960807,43,117.5,527.8346569975838,1152.0129489945248,1.0588516015559435,block1:s1,gated_rule_c,mixed,1785123803.969196,1785123803.9702551,1785123804.4980977,1785123805.1222758,
block1-000289,131.00634911097586,1424.6060431469232,58,132.5,130.26863301638514,1423.8683270523325,0.7377160945907235,block1:s1,gated_rule_c,mixed,1785123804.0814073,1785123804.0821452,1785123804.2124243,1785123805.506024,
block1-000290,401.51928598061204,1055.0496169598773,43,20.0,400.50493797753006,1054.0352689567953,1.0143480030819774,block1:s1,gated_rule_c,mixed,1785123804.2731776,1785123804.274192,1785123804.6747053,1785123805.3282359,
block1-000291,362.1402533026412,899.7324522351846,37,15.0,361.186200985685,898.7783999182284,0.9540523169562221,block1:s1,gated_rule_c,mixed,1785123804.3716269,1785123804.3725815,1785123804.7337763,1785123805.2713683,
block1-000292,70.31548209488392,2697.137587121688,114,15.0,69.91593597922474,2696.7380410060287,0.3995461156591773,block1:zero_tool,gated_rule_c,mixed,1785123804.9231908,1785123804.9235907,1785123804.9935143,1785123807.6203363,
block1-000293,129.46526939049363,1485.4754484258592,63,15.0,129.05286101158708,1485.0630400469527,0.412408378906548,block1:s1,gated_rule_c,mixed,1785123805.042832,1785123805.0432446,1785123805.1723068,1785123806.5283172,
block1-000294,64.29303262848407,3843.127340544015,170,177.5,63.7193750590086,3842.5536829745397,0.573657569475472,block1:zero_tool,gated_rule_c,mixed,1785123805.3252285,1785123805.3258026,1785123805.389532,1785123809.1683667,
block1-000295,473.4576245537028,992.684573517181,37,217.5,472.98683400731534,992.2137829707935,0.470790546387434,block1:s1,gated_rule_c,mixed,1785123805.817381,1785123805.817852,1785123806.2908468,1785123806.8100739,
block1-000296,321.92986365407705,1069.541541626677,40,22.5,321.2205140152946,1068.8321919878945,0.7093496387824416,block1:s2,gated_rule_c,mixed,1785123806.0480762,1785123806.0487864,1785123806.3700175,1785123807.1176288,
block1-000297,92.13986294344068,2208.3499209256843,95,15.0,91.67834301479161,2207.888400997035,0.4615199286490679,block1:zero_tool,gated_rule_c,mixed,1785123806.0981827,1785123806.0986454,1785123806.1903367,1785123808.3065467,
block1-000298,329.0582087356597,922.313870745711,36,110.0,328.2283410662785,921.4840030763298,0.8298676693812013,block1:s2,gated_rule_c,mixed,1785123806.1207294,1785123806.1215596,1785123806.4497955,1785123807.0430512,
block1-000299,91.12833580002189,1741.6523648425937,74,95.0,90.79976798966527,1741.323797032237,0.328567810356617,block1:s2,gated_rule_c,mixed,1785123806.6457586,1785123806.6460874,1785123806.7368941,1785123808.3874183,
block1-000300,423.3266591327265,1086.429664050229,42,92.5,422.2415100084618,1085.3445149259642,1.085149124264717,block1:s2,gated_rule_c,mixed,1785123806.6537335,1785123806.6548188,1785123807.0770664,1785123807.7401695,
block1-000301,410.4184878524393,935.1859278976917,38,10.0,409.853596938774,934.6210369840264,0.5648909136652946,block1:s2,gated_rule_c,mixed,1785123806.8043914,1785123806.8049567,1785123807.214817,1785123807.7395847,
block1-000302,85.19607153721154,3804.802020546049,168,15.0,84.59022699389607,3804.1961760027334,0.6058445433154702,block1:zero_tool,gated_rule_c,mixed,1785123806.8573737,1785123806.85798,1785123806.9425766,1785123810.6621823,
block1-000303,295.21573102101684,800.3673719940707,34,15.0,294.06841401942074,799.2200549924746,1.1473170015960932,block1:s2,gated_rule_c,mixed,1785123807.017885,1785123807.0190325,1785123807.31311,1785123807.8182614,
block1-000304,426.6272915992886,1109.0989096555859,48,17.5,424.17870997451246,1106.6503280308098,2.448581624776125,block1:s3,gated_rule_c,mixed,1785123807.2323427,1785123807.2347918,1785123807.6589768,1785123808.3414485,
block1-000305,69.52990149147809,2766.379074542783,126,15.0,68.66981589701027,2765.5189889483154,0.8600855944678187,block1:zero_tool,gated_rule_c,mixed,1785123807.384072,1785123807.3849323,1785123807.4536114,1785123810.1504602,
block1-000306,62.313629779964685,3385.9770498238504,152,350.0,61.86568702105433,3385.52910706494,0.44794275891035795,block1:zero_tool,gated_rule_c,mixed,1785123807.4738958,1785123807.4743443,1785123807.5362167,1785123810.8598802,
block1-000307,62.106571393087506,2854.390031308867,128,135.0,61.15126307122409,2853.4347229870036,0.9553083218634129,block1:zero_tool,gated_rule_c,mixed,1785123807.5580556,1785123807.5590112,1785123807.620169,1785123810.4124527,
block1-000308,413.61992713063955,1118.2195821311325,48,10.0,412.99945197533816,1117.599106975831,0.6204751553013921,block1:s3,gated_rule_c,mixed,1785123807.8926926,1785123807.8933132,1785123808.3063214,1785123809.010921,
block1-000309,63.726963475346565,4418.939932482317,186,320.0,62.88053293246776,4418.093501939438,0.8464305428788066,block1:zero_tool,gated_rule_c,mixed,1785123808.284023,1785123808.28487,1785123808.347758,1785123812.7029712,
block1-000310,69.41794999875128,3463.1096380762756,141,170.0,67.34386400785297,3461.0355520853773,2.074085990898311,block1:zero_tool,gated_rule_c,mixed,1785123808.5728445,1785123808.574919,1785123808.6422713,1785123812.0359626,
block1-000311,444.42941865418106,1109.1931046685204,48,320.0,444.2180310143158,1108.981717028655,0.2113876398652792,block1:s3,gated_rule_c,mixed,1785123808.6442635,1785123808.6444752,1785123809.0887017,1785123809.753466,
block1-000312,411.93469741847366,1121.8459954252467,48,115.0,410.0949929561466,1120.0062909629196,1.839704462327063,block1:s4,gated_rule_c,mixed,1785123808.8718185,1785123808.8736587,1785123809.2837622,1785123809.9936736,
block1-000313,455.4800813784823,1242.774378391914,48,10.0,454.63077002204955,1241.9250670354813,0.8493113564327359,block1:s4,gated_rule_c,mixed,1785123809.5379965,1785123809.538846,1785123809.9934835,1785123810.780778,
block1-000314,65.9982921788469,3714.542908128351,147,117.5,64.94793901219964,3713.4925549617037,1.0503531666472554,block1:zero_tool,gated_rule_c,mixed,1785123809.6477628,1785123809.6488132,1785123809.713771,1785123813.3623152,
block1-000315,72.1580971730873,3890.2096471283585,154,60.0,71.02969300467521,3889.0812429599464,1.1284041684120893,block1:zero_tool,gated_rule_c,mixed,1785123809.768577,1785123809.769706,1785123809.8407438,1785123813.6587954,
block1-000316,69.65564948040992,3927.8756835265085,156,107.5,69.37473302241415,3927.5947670685127,0.28091645799577236,block1:zero_tool,gated_rule_c,mixed,1785123809.771028,1785123809.7713094,1785123809.840692,1785123813.698912,
block1-000317,506.6588774789125,1201.4753035036847,48,170.0,505.5670380825177,1200.38346410729,1.0918393963947892,block1:s4,gated_rule_c,mixed,1785123809.794638,1785123809.7957299,1785123810.3013024,1785123810.9961188,
block1-000318,497.3429061938077,1173.6492961645126,48,10.0,497.0967420376837,1173.4031320083886,0.24616415612399578,block1:s4,gated_rule_c,mixed,1785123809.9976315,1785123809.997878,1785123810.4949825,1785123811.1712885,
block1-000319,445.51089161541313,1182.91116761975,48,70.0,445.1210320694372,1182.521308073774,0.38985954597592354,block1:s4,gated_rule_c,mixed,1785123810.1288073,1785123810.1291976,1785123810.574326,1785123811.3117266,
block1-000320,339.16353061795235,974.9896116554737,43,545.0,338.1642990279943,973.9903800655156,0.9992315899580717,block1:s1,gated_rule_c,mixed,1785123810.2350023,1785123810.2360017,1785123810.574173,1785123811.209999,
block1-000321,74.98160656541586,4412.053558626212,179,115.0,73.34017904940993,4410.412131110206,1.6414275160059333,block1:zero_tool,gated_rule_c,mixed,1785123810.4002595,1785123810.4019012,1785123810.475249,1785123814.8123212,
block1-000322,339.0643011080101,1093.3597760740668,43,107.5,338.7745360378176,1093.0700110038742,0.28976507019251585,block1:s1,gated_rule_c,mixed,1785123810.5586307,1785123810.5589206,1785123810.897702,1785123811.6519973,
block1-000323,135.33976254984736,2028.7315616151318,71,820.0,134.33863397222012,2027.7304330375046,1.0011285776272416,block1:s1,gated_rule_c,mixed,1785123811.1765354,1785123811.1775367,1785123811.311882,1785123813.205274,
block1-000324,554.9997678026557,1233.3682657917961,42,485.0,554.6910020057112,1233.0594999948516,0.308765796944499,block1:s1,gated_rule_c,mixed,1785123811.42145,1785123811.421759,1785123811.9764569,1785123812.6548252,
block1-000325,480.83971498999745,957.755348063074,34,60.0,480.0341009395197,956.9497340125963,0.8056140504777431,block1:s1,gated_rule_c,mixed,1785123811.5149667,1785123811.5157726,1785123811.9958146,1785123812.4727302,
block1-000326,480.8356282301247,1180.3766562370583,43,187.5,479.8607430420816,1179.4017710490152,0.9748851880431175,block1:s1,gated_rule_c,mixed,1785123811.6334057,1785123811.6343808,1785123812.1142485,1785123812.8137894,
block1-000327,132.27269670460373,1505.4979616543278,56,117.5,131.684330990538,1504.909595940262,0.5883657140657306,block1:s1,gated_rule_c,mixed,1785123811.7379563,1785123811.7385452,1785123811.8702388,1785123813.243464,
block1-000328,307.43580940179527,948.1051893671975,38,25.0,306.6700469935313,947.3394269589335,0.7657624082639813,block1:s2,gated_rule_c,mixed,1785123811.8658342,1785123811.8666008,1785123812.1732814,1785123812.8139508,
block1-000329,54.907375713810325,3151.1603296967223,128,117.5,54.601525072939694,3150.8544790558517,0.30585064087063074,block1:zero_tool,gated_rule_c,mixed,1785123812.2200098,1785123812.220316,1785123812.2749267,1785123815.3711796,
block1-000330,418.578592594713,991.5307606570423,36,217.5,417.66175790689886,990.6139259692281,0.9168346878141165,block1:s2,gated_rule_c,mixed,1785123812.4690082,1785123812.4699254,1785123812.887595,1785123813.4605474,
block1-000331,134.68123006168753,1904.784603160806,74,75.0,134.37991496175528,1904.4832880608737,0.30131509993225336,block1:s2,gated_rule_c,mixed,1785123812.485483,1785123812.4857848,1785123812.6201735,1785123814.3902767,
block1-000332,63.3218486327678,4584.75081063807,202,115.0,62.472217017784715,4583.901179023087,0.8496316149830818,block1:zero_tool,gated_rule_c,mixed,1785123812.599026,1785123812.599876,1785123812.662356,1785123817.1837847,
block1-000333,477.4464525980875,1145.1829315628856,44,545.0,476.5493480954319,1144.28582706023,0.8971045026555657,block1:s2,gated_rule_c,mixed,1785123812.7458563,1785123812.7467535,1785123813.22331,1785123813.8910463,
block1-000334,102.29498613625765,5967.871247092262,271,60.0,101.92849498707801,5967.504755943082,0.36649114917963743,block1:zero_tool,gated_rule_c,mixed,1785123812.7851121,1785123812.7854788,1785123812.8874154,1785123818.7529914,
block1-000335,378.23303265031427,891.972683602944,34,140.0,377.8791039949283,891.618754947558,0.35392865538597107,block1:s2,gated_rule_c,mixed,1785123812.8060637,1785123812.8064177,1785123813.1843038,1785123813.698043,
block1-000336,448.33771232515574,1189.426351338625,48,132.5,447.46610696893185,1188.554745982401,0.8716053562238812,block1:s3,gated_rule_c,mixed,1785123812.913887,1785123812.914759,1785123813.3622317,1785123814.1033206,
block1-000337,284.5896828221157,833.6067688651383,33,320.0,284.3704369151965,833.387522958219,0.21924590691924095,block1:s3,gated_rule_c,mixed,1785123813.057566,1785123813.0577853,1785123813.3421626,1785123813.8911798,
block1-000338,423.7033440731466,1057.7620030380785,41,60.0,423.4228649875149,1057.4815239524469,0.28047908563166857,block1:s3,gated_rule_c,mixed,1785123813.4469275,1785123813.4472082,1785123813.8706388,1785123814.504697,
block1-000339,93.26990996487439,3760.627780924551,169,107.5,92.82301098573953,3760.1808819454163,0.44689897913485765,block1:zero_tool,gated_rule_c,mixed,1785123813.4604452,1785123813.4608924,1785123813.5537214,1785123817.221079,
block1-000340,310.56517199613154,1037.452923017554,41,485.0,309.88700094167143,1036.7747519630939,0.6781710544601083,block1:s3,gated_rule_c,mixed,1785123813.6975522,1785123813.6982307,1785123814.008124,1785123814.7350118,
block1-000341,411.4416299853474,1119.0329199889675,43,217.5,409.4291439978406,1117.0204340014607,2.012485987506807,block1:s3,gated_rule_c,mixed,1785123813.9787292,1785123813.9807422,1785123814.3901799,1785123815.097771,
block1-000342,503.4313058713451,1273.3199469512329,49,85.0,502.5739239063114,1272.4625649861991,0.85738196503371,block1:s3,gated_rule_c,mixed,1785123814.078164,1785123814.0790215,1785123814.5816023,1785123815.3514907,
block1-000343,312.8129346296191,1119.221782661043,43,177.5,311.0145959071815,1117.4234439386055,1.7983387224376202,block1:s3,gated_rule_c,mixed,1785123814.310062,1785123814.3118608,1785123814.6228836,1785123815.4292932,
block1-000344,490.8104145433754,1206.91046747379,49,485.0,489.7932129679248,1205.8932658983395,1.0172015754505992,block1:s4,gated_rule_c,mixed,1785123814.5679505,1785123814.5689678,1785123815.0587695,1785123815.7748694,
block1-000345,534.6970101818442,1187.557999161072,48,50.0,533.6694370489568,1186.5304260281846,1.0275731328874826,block1:s4,gated_rule_c,mixed,1785123814.8164835,1785123814.8175113,1785123815.351188,1785123816.004049,
block1-000346,546.3219281518832,1199.7603330528364,48,412.5,545.7741930149496,1199.2125979159027,0.5477351369336247,block1:s4,gated_rule_c,mixed,1785123814.8246202,1785123814.8251681,1785123815.3709486,1785123816.0243871,
block1-000347,445.52467577159405,1098.7316047539935,48,357.5,444.6431329706684,1097.8500619530678,0.881542800925672,block1:s4,gated_rule_c,mixed,1785123815.1176546,1785123815.1185362,1785123815.5631855,1785123816.2163923,
block1-000348,405.7791163213551,1091.2250083638355,48,17.5,404.80908600147814,1090.2549780439585,0.9700303198769689,block1:s4,gated_rule_c,mixed,1785123815.2147884,1785123815.2157586,1785123815.6205742,1785123816.30602,
block1-000349,109.0180758619681,3780.3435218520463,177,15.0,107.91062097996473,3779.236066970043,1.107454882003367,block1:zero_tool,gated_rule_c,mixed,1785123815.242378,1785123815.2434857,1785123815.3514035,1785123819.022729,
block1-000350,418.59303053934127,1067.4226295668632,48,95.0,417.0344229787588,1065.8640220062807,1.558607560582459,block1:s4,gated_rule_c,mixed,1785123815.8315008,1785123815.8330598,1785123816.250101,1785123816.8989308,
block1-000351,421.50182533077896,1028.2390932552516,48,15.0,420.82732007838786,1027.5645880028605,0.6745052523910999,block1:s4,gated_rule_c,mixed,1785123816.1742423,1785123816.1749172,1785123816.5957499,1785123817.202487,
block1-000352,306.4862118335441,874.0817387588322,43,152.5,305.45864498708397,873.0541719123721,1.027566846460104,block1:s1,gated_rule_c,mixed,1785123816.4027674,1785123816.4037952,1785123816.7092617,1785123817.2768571,
block1-000353,68.25270364060998,2998.375812661834,142,10.0,67.53800809383392,2997.661117115058,0.7146955467760563,block1:zero_tool,gated_rule_c,mixed,1785123817.0397837,1785123817.0404987,1785123817.1080446,1785123820.0381675,
block1-000354,282.58635208476335,910.6060351477936,40,412.5,282.19920897390693,910.2188920369372,0.38714311085641384,block1:s1,gated_rule_c,mixed,1785123817.3017569,1785123817.3021443,1785123817.5843499,1785123818.21237,
block1-000355,87.0902284514159,3228.7941314280033,154,15.0,86.83250099420547,3228.536403970793,0.25772745721042156,block1:zero_tool,gated_rule_c,mixed,1785123817.4196167,1785123817.419875,1785123817.5067139,1785123820.6484177,
block1-000356,62.433965620584786,3446.87860365957,166,20.0,61.71246396843344,3446.157102007419,0.7215016521513462,block1:zero_tool,gated_rule_c,mixed,1785123817.4471488,1785123817.4478705,1785123817.5095897,1785123820.8940344,
block1-000357,329.94656718801707,782.652750145644,36,50.0,328.94811406731606,781.6542970249429,0.998453120701015,block1:s1,gated_rule_c,mixed,1785123817.579676,1785123817.580675,1785123817.9096305,1785123818.3623369,
block1-000358,142.77545316144824,4040.9492581384256,188,15.0,141.60726801492274,4039.7810729919,1.1681851465255022,block1:zero_tool,gated_rule_c,mixed,1785123818.8172495,1785123818.818418,1785123818.9600325,1785123822.8582063,
block1-000359,347.065927577205,818.2414815528318,33,25.0,346.0040050558746,817.1795590315014,1.0619225213304162,block1:s1,gated_rule_c,mixed,1785123818.8249738,1785123818.826036,1785123819.1720467,1785123819.6432223,
block1-000360,341.62246680352837,945.379665819928,40,20.0,340.5041469959542,944.2613460123539,1.118319807574153,block1:s2,gated_rule_c,mixed,1785123818.8491378,1785123818.8502564,1785123819.1907673,1785123819.7945247,
block1-000361,61.1010572174564,1813.73215012718,89,17.5,60.74035004712641,1813.37144295685,0.360707170329988,block1:zero_tool,gated_rule_c,mixed,1785123819.43424,1785123819.434601,1785123819.4953485,1785123821.2479799,
block1-000362,297.05583513714373,813.4333360940218,36,15.0,296.12843005452305,812.5059310114011,0.9274050826206803,block1:s2,gated_rule_c,mixed,1785123819.4975367,1785123819.498464,1785123819.794598,1785123820.3109758,
block1-000363,343.1392415659502,907.2615954792127,43,115.0,342.6322180312127,906.7545719444752,0.5070235347375274,block1:s2,gated_rule_c,mixed,1785123820.060639,1785123820.0611463,1785123820.4037857,1785123820.967908,
block1-000364,279.8188984161243,731.6296234494075,35,115.0,279.67061195522547,731.4813369885087,0.14828646089881659,block1:s2,gated_rule_c,mixed,1785123820.2179294,1785123820.218078,1785123820.497756,1785123820.9495666,
block1-000365,57.90408968459815,3408.613055595197,160,15.0,57.64998006634414,3408.358945976943,0.2541096182540059,block1:zero_tool,gated_rule_c,mixed,1785123820.6493833,1785123820.6496377,1785123820.7072952,1785123824.058004,
block1-000366,56.07525410596281,3722.1823170548305,165,117.5,55.88388105388731,3721.990944002755,0.19137305207550526,block1:zero_tool,gated_rule_c,mixed,1785123821.5083852,1785123821.5085769,1785123821.564468,1785123825.2305753,
block1-000367,293.77945454325527,832.7918585855514,34,177.5,292.86429297644645,831.8766970187426,0.9151615668088198,block1:s2,gated_rule_c,mixed,1785123821.6057913,1785123821.6067066,1785123821.8995788,1785123822.4385912,
block1-000368,439.07431955449283,1167.2697175526991,48,177.5,437.7231060061604,1165.9185040043667,1.3512135483324528,block1:s3,gated_rule_c,mixed,1785123821.7294292,1785123821.7307806,1785123822.1685107,1785123822.896706,
block1-000369,426.4020943082869,1178.4443682990968,48,357.5,426.04586901143193,1178.0881430022418,0.35622529685497284,block1:s3,gated_rule_c,mixed,1785123821.9514341,1785123821.9517906,1785123822.3778436,1785123823.129886,
block1-000370,100.01640918198973,3506.1994972638786,154,287.5,99.43895693868399,3505.622045020573,0.5774522433057427,block1:zero_tool,gated_rule_c,mixed,1785123821.9928653,1785123821.993443,1785123822.0928895,1785123825.4990728,
block1-000371,96.91576519981027,5164.673864259385,229,92.5,96.6367139481008,5164.394813007675,0.2790512517094612,block1:zero_tool,gated_rule_c,mixed,1785123821.9959178,1785123821.9961967,1785123822.0928395,1785123827.1605978,
block1-000372,381.23260519932956,1000.6630942225456,41,395.0,380.9145720442757,1000.3450610674918,0.318033155053854,block1:s3,gated_rule_c,mixed,1785123822.3017607,1785123822.302079,1785123822.683001,1785123823.3024316,
block1-000373,441.4273096481338,1057.074862648733,46,282.5,440.4706320492551,1056.1181850498542,0.9566775988787413,block1:s3,gated_rule_c,mixed,1785123822.3971033,1785123822.3980603,1785123822.8385391,1785123823.4541867,
block1-000374,475.15775286592543,972.4547128425911,43,100.0,474.35201599728316,971.6489759739488,0.8057368686422706,block1:s3,gated_rule_c,mixed,1785123822.4630098,1785123822.463816,1785123822.9381757,1785123823.4354727,
block1-000375,413.1070034345612,1092.6909614354372,48,412.5,411.53386898804456,1091.1178269889206,1.573134446516633,block1:s3,gated_rule_c,mixed,1785123822.8893998,1785123822.890973,1785123823.302514,1785123823.982098,
block1-000376,65.21702068857849,3208.7863866472617,142,412.5,65.05678605753928,3208.6261520162225,0.1602346310392022,block1:zero_tool,gated_rule_c,mixed,1785123822.987227,1785123822.9873877,1785123823.0524526,1785123826.196022,
block1-000377,431.83857516851276,1144.0716511569917,48,550.0,431.36730999685824,1143.6003859853372,0.4712651716545224,block1:s4,gated_rule_c,mixed,1785123823.5498686,1785123823.5503402,1785123823.9817138,1785123824.6939466,
block1-000378,431.9419435923919,1201.5543825691566,48,20.0,431.717130006291,1201.3295689830557,0.22481358610093594,block1:s4,gated_rule_c,mixed,1785123823.792552,1785123823.792777,1785123824.224501,1785123824.9941134,
block1-000379,98.17436686716974,2930.8637998765334,126,15.0,97.5878209574148,2930.2772539667785,0.5865459097549319,block1:zero_tool,gated_rule_c,mixed,1785123824.0305653,1785123824.031152,1785123824.128746,1785123826.9614353,
block1-000380,76.31261926144361,3799.452862236649,171,15.0,76.07724994886667,3799.217492924072,0.2353693125769496,block1:zero_tool,gated_rule_c,mixed,1785123824.0559413,1785123824.0561771,1785123824.1322644,1785123827.8554049,
block1-000381,51.68419564142823,4038.1674437085167,185,12.5,49.81050896458328,4036.2937570316717,1.8736866768449545,block1:zero_tool,gated_rule_c,mixed,1785123824.08044,1785123824.082314,1785123824.1321318,1785123828.1186154,
block1-000382,63.10150807257742,3705.3447890793905,167,15.0,61.78697699215263,3704.0302579989657,1.3145310804247856,block1:zero_tool,gated_rule_c,mixed,1785123824.1686778,1785123824.1699924,1785123824.2317855,1785123827.8740287,
block1-000383,539.4798930501565,1222.5807280046865,48,10.0,539.0567829599604,1222.1576179144904,0.42311009019613266,block1:s4,gated_rule_c,mixed,1785123824.3156788,1785123824.316102,1785123824.8551662,1785123825.5382671,
block1-000384,98.59815624076873,6332.85332727246,298,160.0,98.22188597172499,6332.477057003416,0.3762702690437436,block1:zero_tool,gated_rule_c,mixed,1785123824.3675754,1785123824.3679523,1785123824.4661841,1785123830.700439,
block1-000385,172.5556820165366,1593.9063129480928,65,282.5,172.01699002180248,1593.3676209533587,0.5386919947341084,block1:s1,gated_rule_c,mixed,1785123824.6220543,1785123824.6225932,1785123824.794618,1785123826.2159684,
block1-000386,429.5367627637461,1012.9324507433921,41,92.5,428.64536005072296,1012.041048030369,0.8914027130231261,block1:s1,gated_rule_c,mixed,1785123824.6235445,1785123824.624436,1785123825.0530882,1785123825.636484,
block1-000387,59.46252087596804,4792.113497969694,225,20.0,59.00631390977651,4791.657291003503,0.4562069661915302,block1:zero_tool,gated_rule_c,mixed,1785123824.7757921,1785123824.7762487,1785123824.8352613,1785123829.5679123,
block1-000388,280.52130923606455,978.4475282067433,39,10.0,280.3553780540824,978.2815970247611,0.16593118198215961,block1:s1,gated_rule_c,mixed,1785123825.2378066,1785123825.2379727,1785123825.5183353,1785123826.2162616,
block1-000389,108.0986640881747,3631.394252064638,167,15.0,107.40875103510916,3630.7043390115723,0.6899130530655384,block1:zero_tool,gated_rule_c,mixed,1785123825.2528632,1785123825.2535532,1785123825.3609695,1785123828.8842652,
block1-000390,134.3764413613826,1439.2289073439315,61,17.5,133.94420105032623,1438.7966670328751,0.4322403110563755,block1:s1,gated_rule_c,mixed,1785123825.8378625,1785123825.8382947,1785123825.9722455,1785123827.277098,
block1-000391,124.66044654138386,3758.168699569069,175,12.5,123.2552669243887,3756.7635199520737,1.4051796169951558,block1:zero_tool,gated_rule_c,mixed,1785123825.8476653,1785123825.8490705,1785123825.9723313,1785123829.6058393,
block1-000392,299.65743934735656,968.209779355675,40,105.0,298.2082819798961,966.7606219882146,1.4491573674604297,block1:s2,gated_rule_c,mixed,1785123825.954406,1785123825.9558556,1785123826.2540727,1785123826.922625,
block1-000393,327.71515217609704,916.6567641077563,40,820.0,325.743886991404,914.6854989230633,1.9712651846930385,block1:s2,gated_rule_c,mixed,1785123826.495602,1785123826.4975736,1785123826.823326,1785123827.4122677,
block1-000394,315.37199683953077,784.999068826437,36,75.0,314.4426550716162,784.0697270585224,0.9293417679145932,block1:s2,gated_rule_c,mixed,1785123826.6464226,1785123826.6473522,1785123826.9618025,1785123827.4314296,
block1-000395,62.588084023445845,12492.120714043267,591,15.0,62.00003600679338,12491.532666026615,0.5880480166524649,block1:zero_tool,gated_rule_c,mixed,1785123826.9800363,1785123826.9806247,1785123827.042631,1785123839.472163,
block1-000396,70.90318074915558,4079.6067307237536,198,22.5,69.46429202798754,4078.1678420025855,1.4388887211680412,block1:zero_tool,gated_rule_c,mixed,1785123827.5346467,1785123827.536086,1785123827.6055577,1785123831.6142612,
block1-000397,489.36987470369786,1095.9666797425598,49,17.5,488.8136200606823,1095.4104250995442,0.5562546430155635,block1:s2,gated_rule_c,mixed,1785123828.1483839,1785123828.1489403,1785123828.6377616,1785123829.244358,
block1-000398,349.43189506884664,842.6443709759042,38,10.0,349.0720910485834,842.2845669556409,0.35980402026325464,block1:s2,gated_rule_c,mixed,1785123828.3454456,1785123828.3458056,1785123828.6948867,1785123829.1880991,
block1-000399,334.59413109812886,829.9191461410373,37,217.5,334.1795919695869,829.5046070124954,0.4145391285419464,block1:s2,gated_rule_c,mixed,1785123828.7194796,1785123828.7198942,1785123829.0540833,1785123829.5494082,
block1-000400,69.06439585145563,2567.589300801046,125,280.0,68.34743008948863,2566.872335039079,0.7169657619670033,block1:zero_tool,gated_rule_c,mixed,1785123829.290612,1785123829.2913294,1785123829.3596854,1785123831.8582103,
block1-000401,279.14310328196734,718.771614250727,33,307.5,278.0423100339249,717.6708210026845,1.1007932480424643,block1:s3,gated_rule_c,mixed,1785123829.3794556,1785123829.3805566,1785123829.6586053,1785123830.098234,
block1-000402,67.73858168162405,3442.670500720851,161,47.5,67.28908594232053,3442.2210049815476,0.44949573930352926,block1:zero_tool,gated_rule_c,mixed,1785123829.596904,1785123829.5973537,1785123829.6646497,1785123833.0395818,
block1-000403,52.31193406507373,9692.29182600975,453,550.0,51.86296906322241,9691.842861007899,0.44896500185132027,block1:zero_tool,gated_rule_c,mixed,1785123830.0267284,1785123830.0271778,1785123830.079048,1785123839.7190278,
block1-000404,70.04134054295719,3565.508331521414,164,17.5,68.52223898749799,3563.989229965955,1.5191015554592013,block1:zero_tool,gated_rule_c,mixed,1785123830.4232795,1785123830.424799,1785123830.493329,1785123833.9887962,
block1-000405,484.00399496313184,1096.5719260275364,48,12.5,483.10259403660893,1095.6705251010135,0.9014009265229106,block1:s3,gated_rule_c,mixed,1785123830.7617497,1785123830.7626514,1785123831.24576,1785123831.8583276,
block1-000406,512.293430394493,972.7855513338,43,395.0,511.796644073911,972.2887650132179,0.4967863205820322,block1:s3,gated_rule_c,mixed,1785123830.963921,1785123830.964418,1785123831.4762218,1785123831.936714,
block1-000407,345.69652285426855,975.504579837434,43,105.0,345.5291099380702,975.3371669212356,0.16741291619837284,block1:s3,gated_rule_c,mixed,1785123830.9959373,1785123830.9961052,1785123831.34164,1785123831.9714482,
block1-000408,478.9577112533152,1210.5067962547764,48,17.5,477.92350000236183,1209.472585003823,1.0342112509533763,block1:s4,gated_rule_c,mixed,1785123831.8870487,1785123831.888083,1785123832.3660138,1785123833.0975626,
block1-000409,530.2422499516979,1190.1352839777246,48,155.0,530.0553389824927,1189.9483730085194,0.18691096920520067,block1:s4,gated_rule_c,mixed,1785123832.0285826,1785123832.0287697,1785123832.5588324,1785123833.2187254,
block1-000410,528.2300049439073,1153.2476580468938,48,287.5,527.2178259911016,1152.235479094088,1.012178952805698,block1:s4,gated_rule_c,mixed,1785123832.1229792,1785123832.1239915,1785123832.6512163,1785123833.2762337,
block1-000411,494.4768830901012,1115.2221631491557,48,15.0,494.0379839390516,1114.7832639981061,0.43889915104955435,block1:s4,gated_rule_c,mixed,1785123832.350759,1785123832.3511982,1785123832.8452432,1785123833.4659884,
block1-000412,474.9936325242743,1111.9610155001283,48,287.5,474.7243890305981,1111.691772006452,0.2692434936761856,block1:s4,gated_rule_c,mixed,1785123832.3894217,1785123832.389691,1785123832.8644233,1785123833.5013902,
block1-000413,407.9014473827556,1029.1052754037082,48,117.5,407.3044939432293,1028.508321964182,0.5969534395262599,block1:s4,gated_rule_c,mixed,1785123832.5156326,1785123832.51623,1785123832.9235427,1785123833.5447464,
block1-000414,63.91387840267271,3860.5540574062616,174,115.0,63.070442993193865,3859.7106219967827,0.8434354094788432,block1:zero_tool,gated_rule_c,mixed,1785123833.0773742,1785123833.078218,1785123833.1412945,1785123836.9379349,
block1-000415,58.67599998600781,3279.6996739925817,147,135.0,58.470160933211446,3279.4938349397853,0.20583905279636383,block1:zero_tool,gated_rule_c,mixed,1785123833.0825644,1785123833.0827703,1785123833.1412477,1785123836.3622715,
block1-000416,57.0605177199468,4792.744995793328,218,282.5,56.246454012580216,4791.930932085961,0.8140637073665857,block1:zero_tool,gated_rule_c,mixed,1785123833.449476,1785123833.4502904,1785123833.5065436,1785123838.242228,
block1-000417,55.376275326125324,3167.0423573814332,138,152.5,54.76498301140964,3166.4310650667176,0.6112923147156835,block1:zero_tool,gated_rule_c,mixed,1785123833.828429,1785123833.8290403,1785123833.883813,1785123836.9954789,
block1-000418,310.98086573183537,938.2758727297187,36,20.0,310.49613596405834,937.7911429619417,0.4847297677770257,block1:s1,gated_rule_c,mixed,1785123833.8884923,1785123833.8889773,1785123834.1994803,1785123834.8267753,
block1-000419,58.70400997810066,3626.7267268849537,161,357.5,58.207133086398244,3626.2298499932513,0.49687689170241356,block1:zero_tool,gated_rule_c,mixed,1785123834.084089,1785123834.0845861,1785123834.1428006,1785123837.7108235,
block1-000420,448.7678810255602,976.2651360360906,36,357.5,447.8120169369504,975.3092719474807,0.9558640886098146,block1:s1,gated_rule_c,mixed,1785123834.4359105,1785123834.4368668,1785123834.8846872,1785123835.4121842,
block1-000421,159.8072990309447,1494.1706829704344,61,15.0,159.25598901230842,1493.6193729517981,0.5513100186362863,block1:s1,gated_rule_c,mixed,1785123834.470443,1785123834.4709947,1785123834.6302598,1785123835.9646227,
block1-000422,283.00921816844493,916.9024100992829,36,287.5,282.1963659953326,916.0895579261705,0.8128521731123328,block1:s1,gated_rule_c,mixed,1785123834.6791725,1785123834.6799858,1785123834.9621897,1785123835.596083,
block1-000423,348.7068371614441,860.8088962500915,34,412.5,348.2788238907233,860.3808829793707,0.4280132707208395,block1:s1,gated_rule_c,mixed,1785123835.208738,1785123835.2091665,1785123835.557453,1785123836.069555,
block1-000424,277.12270768824965,889.6513796644285,37,117.5,276.71524102333933,889.2439129995182,0.40746666491031647,block1:s2,gated_rule_c,mixed,1785123835.4918027,1785123835.4922104,1785123835.7689326,1785123836.3814611,
block1-000425,405.4144042311236,923.2180122053251,38,155.0,405.02907801419497,922.8326859883964,0.38532621692866087,block1:s2,gated_rule_c,mixed,1785123835.9569373,1785123835.9573228,1785123836.36236,1785123836.880164,
block1-000426,103.8026693277061,3731.577783357352,176,12.5,102.97063598409295,3730.745750013739,0.8320333436131477,block1:zero_tool,gated_rule_c,mixed,1785123835.9872835,1785123835.9881158,1785123836.0910938,1785123839.7188687,
block1-000427,68.261852953583,3160.2982169715688,150,320.0,67.42591795045882,3159.4622819684446,0.8359350031241775,block1:zero_tool,gated_rule_c,mixed,1785123836.1430979,1785123836.1439342,1785123836.2113676,1785123839.303404,
block1-000428,359.83256774488837,825.6075757090002,36,115.0,359.07371202483773,824.8487199889496,0.758855720050633,block1:s2,gated_rule_c,mixed,1785123836.2078612,1785123836.2086208,1785123836.567706,1785123837.0334811,
block1-000429,313.45680402591825,922.3206319147721,41,115.0,313.23598604649305,922.0998139353469,0.22081797942519188,block1:s2,gated_rule_c,mixed,1785123836.4296079,1785123836.429829,1785123836.743072,1785123837.3519356,
block1-000430,341.6424306342378,833.2529386971146,38,110.0,341.2030600011349,832.8135680640116,0.43937063310295343,block1:s2,gated_rule_c,mixed,1785123837.0853982,1785123837.0858378,1785123837.4270484,1785123837.9186587,
block1-000431,327.44987728074193,821.2398432660848,37,10.0,325.5018750205636,819.2918410059065,1.9480022601783276,block1:s2,gated_rule_c,mixed,1785123837.458176,1785123837.4601247,1785123837.785635,1785123838.2794247,
block1-000432,67.04855698626488,2612.2168919537216,125,10.0,66.62973400671035,2611.798068974167,0.41882297955453396,block1:zero_tool,gated_rule_c,mixed,1785123838.0235398,1785123838.023959,1785123838.0905964,1785123840.6357648,
block1-000433,415.86588602513075,1061.4599540131167,48,105.0,415.73408094700426,1061.3281489349902,0.13180507812649012,block1:s3,gated_rule_c,mixed,1785123838.1234193,1785123838.1235511,1785123838.5392928,1785123839.184887,
block1-000434,65.37282257340848,4720.169505570084,229,135.0,65.09910302702338,4719.895786023699,0.2737195463851094,block1:zero_tool,gated_rule_c,mixed,1785123838.4802697,1785123838.4805439,1785123838.5456493,1785123843.200446,
block1-000435,415.3443432878703,1070.8919652970508,48,172.5,415.1928349165246,1070.740456925705,0.15150837134569883,block1:s3,gated_rule_c,mixed,1785123838.5912306,1785123838.5913825,1785123839.0065827,1785123839.6621304,
block1-000436,92.4680883763358,9478.81061641965,457,85.0,91.91104397177696,9478.253572015092,0.5570444045588374,block1:zero_tool,gated_rule_c,mixed,1785123838.645678,1785123838.6462352,1785123838.7381525,1785123848.1244948,
block1-000437,68.14409361686558,2896.929739625193,141,132.5,66.56480499077588,2895.3504509991035,1.5792886260896921,block1:zero_tool,gated_rule_c,mixed,1785123839.038482,1785123839.0400615,1785123839.1066349,1785123841.9354205,
block1-000438,414.16580334771425,1013.5919804451987,46,10.0,413.1511999294162,1012.5773770269006,1.0146034182980657,block1:s3,gated_rule_c,mixed,1785123839.2478638,1785123839.2488785,1785123839.6620371,1785123840.261463,
block1-000439,391.59574161749333,1028.3467705594376,48,395.0,391.05450198985636,1027.8055309318006,0.5412396276369691,block1:s3,gated_rule_c,mixed,1785123839.7564926,1785123839.757034,1785123840.1480958,1785123840.7848465,
block1-000440,394.62151867337525,997.1819926286116,48,85.0,393.7745069852099,996.3349809404463,0.8470116881653666,block1:s4,gated_rule_c,mixed,1785123840.2778366,1785123840.2786837,1785123840.6724656,1785123841.2750258,
block1-000441,57.09996330551803,2736.5992723498493,130,95.0,56.958022993057966,2736.4573320373893,0.1419403124600649,block1:zero_tool,gated_rule_c,mixed,1785123841.0690658,1785123841.069208,1785123841.1261723,1785123843.8056717,
block1-000442,53.54023107793182,3052.6688281679526,147,545.0,52.454649936407804,3051.5832470264286,1.0855811415240169,block1:zero_tool,gated_rule_c,mixed,1785123841.2803342,1785123841.2814202,1785123841.3338819,1785123844.3330104,
block1-000443,393.5042943339795,1033.3242623601109,48,10.0,393.23754399083555,1033.057512016967,0.26675034314393997,block1:s4,gated_rule_c,mixed,1785123841.3518887,1785123841.3521554,1785123841.745399,1785123842.385219,
block1-000444,410.2322714170441,1108.3708674414083,49,17.5,409.7324169706553,1107.8710129950196,0.49985444638878107,block1:s4,gated_rule_c,mixed,1785123841.805289,1785123841.8057892,1785123842.2155318,1785123842.9136703,
block1-000445,452.65903684776276,1096.1387888528407,48,12.5,451.5649819513783,1095.0447339564562,1.0940548963844776,block1:s4,gated_rule_c,mixed,1785123842.4611037,1785123842.462198,1785123842.9137707,1785123843.5572505,
block1-000446,413.0725704599172,1105.0114973913878,49,152.5,412.30752400588244,1104.246450937353,0.7650464540347457,block1:s4,gated_rule_c,mixed,1785123842.5577555,1785123842.5585208,1785123842.9708347,1785123843.6627738,
block1-000447,400.9489497402683,1060.9451858326793,48,17.5,400.1489579677582,1060.1451940601692,0.7999917725101113,block1:s4,gated_rule_c,mixed,1785123842.9492657,1785123842.9500659,1785123843.3502219,1785123844.010218,
block1-000448,68.11328569892794,2307.4735656846315,117,105.0,67.71428999491036,2307.074569980614,0.39899570401757956,block1:zero_tool,gated_rule_c,mixed,1785123843.1319945,1785123843.1323938,1785123843.2001317,1785123845.4394917,
block1-000449,117.97090317122638,1397.567910142243,69,172.5,117.50304698944092,1397.1000539604574,0.4678561817854643,block1:s1,gated_rule_c,mixed,1785123843.5937474,1785123843.5942154,1785123843.7117245,1785123844.9913218,
block1-000450,64.23880392685533,4754.395556868985,223,297.5,63.759683980606496,4753.9164369227365,0.47911994624882936,block1:zero_tool,gated_rule_c,mixed,1785123844.2499332,1785123844.2504127,1785123844.3141797,1785123849.0043364,
block1-000451,333.69130140636116,956.8611173890531,42,170.0,333.36713910102844,956.5369550837204,0.3241623053327203,block1:s1,gated_rule_c,mixed,1785123845.7641084,1785123845.764433,1785123846.0978076,1785123846.7209773,
block1-000452,88.02575850859284,5260.215858579613,243,17.5,86.92948799580336,5259.119588066824,1.0962705127894878,block1:zero_tool,gated_rule_c,mixed,1785123845.8212545,1785123845.8223507,1785123845.9092877,1785123851.0814776,
block1-000453,116.75458308309317,1513.6428871192038,65,135.0,116.43120599910617,1513.3195100352168,0.3233770839869976,block1:s1,gated_rule_c,mixed,1785123846.3244593,1785123846.3247828,1785123846.441222,1785123847.83811,
block1-000454,64.17239760048687,10582.888141623698,477,117.5,63.04394896142185,10581.759692984633,1.1284486390650272,block1:zero_tool,gated_rule_c,mixed,1785123846.810394,1785123846.8115227,1785123846.874575,1785123857.3932908,
block1-000455,293.9449034165591,859.2423644149676,33,92.5,291.912506101653,857.2099671000615,2.0323973149061203,block1:s1,gated_rule_c,mixed,1785123846.9787211,1785123846.9807537,1785123847.2726767,1785123847.837974,
block1-000456,396.7675296589732,1077.0710677606985,38,145.0,396.37418289203197,1076.6777209937572,0.39334676694124937,block1:s2,gated_rule_c,mixed,1785123847.329678,1785123847.3300714,1785123847.7264528,1785123848.4067562,
block1-000457,103.1719126040116,1587.9273945465684,67,60.0,102.66727698035538,1587.4227589229122,0.5046356236562133,block1:s2,gated_rule_c,mixed,1785123847.5275688,1785123847.5280735,1785123847.6307468,1785123849.1155026,
block1-000458,438.6902719270438,1090.632997918874,43,20.0,438.5134669719264,1090.4561929637566,0.17680495511740446,block1:s2,gated_rule_c,mixed,1785123847.7038224,1785123847.7039995,1785123848.1425192,1785123848.794462,
block1-000459,443.1315576657653,1059.0702557237819,43,22.5,442.3837149515748,1058.3224130095914,0.7478427141904831,block1:s2,gated_rule_c,mixed,1785123847.8692334,1785123847.8699815,1785123848.312373,1785123848.9283116,
block1-000460,409.84969458077103,1010.4179525515065,42,282.5,409.0836299583316,1009.651887929067,0.7660646224394441,block1:s2,gated_rule_c,mixed,1785123847.9372284,1785123847.937995,1785123848.3470871,1785123848.9476554,
block1-000461,366.16652796510607,946.0552879609168,41,550.0,365.5147459357977,945.4035059316084,0.6517820293083787,block1:s2,gated_rule_c,mixed,1785123848.0207841,1785123848.0214365,1785123848.3869612,1785123848.9668498,
block1-000462,374.00898605119437,836.3549540517852,38,140.0,372.9736339300871,835.3196019306779,1.0353521211072803,block1:s2,gated_rule_c,mixed,1785123848.1677244,1785123848.16876,1785123848.541741,1785123849.0040872,
block1-000463,206.29893022123724,670.2517091762275,31,350.0,205.28486603870988,669.2376449937001,1.0140641825273633,block1:s2,gated_rule_c,mixed,1785123848.29647,1785123848.2974844,1785123848.5027783,1785123848.966731,
block1-000464,61.563022900372744,3141.6435559513047,145,117.5,61.22626201249659,3141.3067950634286,0.336760887876153,block1:zero_tool,gated_rule_c,mixed,1785123849.3887262,1785123849.3890631,1785123849.4502969,1785123852.5303774,
block1-000465,92.62253786437213,2701.955679920502,126,155.0,91.88372199423611,2701.216864050366,0.7388158701360226,block1:zero_tool,gated_rule_c,mixed,1785123849.4463236,1785123849.4470627,1785123849.5389557,1785123852.1482887,
block1-000466,424.77184312883765,1070.6879041390494,48,322.5,424.42338401451707,1070.3394450247288,0.3484591143205762,block1:s3,gated_rule_c,mixed,1785123849.461944,1785123849.4622927,1785123849.886723,1785123850.532639,
block1-000467,436.37766200117767,1044.5548739517108,48,135.0,435.2736820001155,1043.4508939506486,1.1039800010621548,block1:s3,gated_rule_c,mixed,1785123849.6954918,1785123849.696596,1785123850.1318781,1785123850.7400556,
block1-000468,85.60515125282109,3679.6366982162,163,17.5,84.54581501428038,3678.577361977659,1.059336238540709,block1:zero_tool,gated_rule_c,mixed,1785123849.763156,1785123849.7642155,1785123849.8487687,1785123853.4428003,
block1-000469,343.58581283595413,915.7636958407238,43,92.5,342.61226491071284,914.7901479154825,0.9735479252412915,block1:s3,gated_rule_c,mixed,1785123849.8836572,1785123849.8846312,1785123850.227251,1785123850.799429,
block1-000470,469.0327950520441,966.9072269462049,43,297.5,468.37115101516247,966.2455829093233,0.6616440368816257,block1:s3,gated_rule_c,mixed,1785123850.7426035,1785123850.7432656,1785123851.2116437,1785123851.7095184,
block1-000471,60.6720318319276,2938.881575828418,128,17.5,60.209757066331804,2938.4193010628223,0.4622747655957937,block1:zero_tool,gated_rule_c,mixed,1785123850.907626,1785123850.9080882,1785123850.9683042,1785123853.846514,
block1-000472,407.71047945600003,1172.45610547252,48,395.0,406.92000288981944,1171.6656289063394,0.7904765661805868,block1:s4,gated_rule_c,mixed,1785123851.3772132,1785123851.3780043,1785123851.784932,1785123852.5496776,
block1-000473,71.77309098187834,2949.7962369350716,122,395.0,71.55537197832018,2949.5785179315135,0.21771900355815887,block1:zero_tool,gated_rule_c,mixed,1785123851.443093,1785123851.4433115,1785123851.5148761,1785123854.3928995,
block1-000474,57.985787629149854,4115.336616639979,171,307.5,57.822132017463446,4115.172961028293,0.16365561168640852,block1:zero_tool,gated_rule_c,mixed,1785123851.593563,1785123851.5937269,1785123851.651558,1785123855.7089086,
block1-000475,450.8340855827555,1207.2625015862286,48,132.5,450.19322191365063,1206.6216379171237,0.6408636691048741,block1:s4,gated_rule_c,mixed,1785123851.7924128,1785123851.7930539,1785123852.243253,1785123852.9996812,
block1-000476,492.32696543913335,1313.6106653837487,48,117.5,491.55423196498305,1312.8379319095984,0.7727334741503,block1:s4,gated_rule_c,mixed,1785123852.0179849,1785123852.0187578,1785123852.5103197,1785123853.3316038,
block1-000477,449.3819019990042,1303.8390700239688,48,15.0,448.5733930487186,1303.0305610736832,0.8085089502856135,block1:s4,gated_rule_c,mixed,1785123852.3149412,1785123852.31575,1785123852.7643316,1785123853.618789,
block1-000478,452.86649744957685,1291.622208431363,48,572.5,451.94609207101166,1290.701803052798,0.9204053785651922,block1:s4,gated_rule_c,mixed,1785123852.3464534,1785123852.347374,1785123852.799327,1785123853.6380825,
block1-000479,546.4914040639997,1294.4568060338497,48,17.5,545.986984972842,1293.952386942692,0.5044190911576152,block1:s4,gated_rule_c,mixed,1785123852.716655,1785123852.7171597,1785123853.2631536,1785123854.0111191,
block1-000480,450.46998758334666,1129.7043786616996,43,52.5,450.13958599884063,1129.3739770771936,0.33040158450603485,block1:s1,gated_rule_c,mixed,1785123852.8812783,1785123852.881609,1785123853.3317547,1785123854.0109894,
block1-000481,126.07686244882643,1767.9909483995289,69,47.5,125.83908706437796,1767.7531730150804,0.23777538444846869,block1:s1,gated_rule_c,mixed,1785123853.0147183,1785123853.014957,1785123853.140809,1785123854.7827232,
block1-000482,442.91721808258444,1147.8077421197668,43,15.0,442.24066205788404,1147.1311860950664,0.6765560247004032,block1:s1,gated_rule_c,mixed,1785123853.0582595,1785123853.0589364,1785123853.501186,1785123854.2060764,
block1-000483,128.67886712774634,1721.29204205703,72,105.0,127.30216805357486,1719.9153429828584,1.3766990741714835,block1:s1,gated_rule_c,mixed,1785123853.2559671,1785123853.257344,1785123853.3846538,1785123854.977267,
block1-000484,67.75271671358496,5507.277196738869,238,350.0,66.45227305125445,5505.976753076538,1.3004436623305082,block1:zero_tool,gated_rule_c,mixed,1785123853.7845628,1785123853.7858634,1785123853.8523238,1785123859.2918482,
block1-000485,122.90218740236014,1550.7318694144487,62,155.0,122.48582590837032,1550.315507920459,0.41636149398982525,block1:s1,gated_rule_c,mixed,1785123853.8681219,1785123853.8685386,1785123853.9910321,1785123855.4188616,
block1-000486,132.96658918261528,1675.0645481515676,67,60.0,132.17115204315633,1674.2691110121086,0.7954371394589543,block1:s1,gated_rule_c,mixed,1785123854.0732038,1785123854.074,1785123854.2061806,1785123855.7482789,
block1-000487,98.01084653008729,3338.768304558471,152,92.5,97.18242392409593,3337.9398819524795,0.8284226059913635,block1:zero_tool,gated_rule_c,mixed,1785123854.1296484,1785123854.130477,1785123854.2276685,1785123857.4684262,
block1-000488,327.56460236851126,966.5969853522256,41,17.5,327.06546608824283,966.0978490719572,0.4991362802684307,block1:s2,gated_rule_c,mixed,1785123854.3153806,1785123854.3158803,1785123854.6429522,1785123855.2819848,
block1-000489,118.55065519921482,2146.3635162217543,95,322.5,117.60168499313295,2145.4145460156724,0.9489702060818672,block1:zero_tool,gated_rule_c,mixed,1785123854.3154464,1785123854.3163955,1785123854.434022,1785123856.4618347,
block1-000490,315.8721426734701,874.8442226788029,36,17.5,315.21884503308684,874.1909250384197,0.6532976403832436,block1:s2,gated_rule_c,mixed,1785123854.5829828,1785123854.5836365,1785123854.8988628,1785123855.4578347,
block1-000491,72.69145338796079,10416.660824324936,465,15.0,72.51671806443483,10416.48608900141,0.1747353235259652,block1:zero_tool,gated_rule_c,mixed,1785123854.650941,1785123854.6511161,1785123854.7236397,1785123865.067609,
block1-000492,71.72588794492185,3945.249685901217,174,60.0,71.16446702275425,3944.6882649790496,0.5614209221675992,block1:zero_tool,gated_rule_c,mixed,1785123855.1606982,1785123855.16126,1785123855.2324321,1785123859.1059558,
block1-000493,362.5906988745555,1001.518715871498,41,357.5,361.8585669901222,1000.7865839870647,0.7321318844333291,block1:s2,gated_rule_c,mixed,1785123855.2135484,1785123855.2142804,1785123855.5761445,1785123856.2150724,
block1-000494,402.2546971682459,870.5908961128443,36,95.0,401.9667130196467,870.3029119642451,0.2879841485992074,block1:s2,gated_rule_c,mixed,1785123855.2869074,1785123855.2871957,1785123855.689169,1785123856.1575053,
block1-000495,73.69198987726122,2526.5175298554823,119,12.5,73.17436498124152,2525.9999049594626,0.5176248960196972,block1:zero_tool,gated_rule_c,mixed,1785123855.3453429,1785123855.345861,1785123855.419042,1785123857.8718677,
block1-000496,295.4525778768584,762.3805447947234,32,820.0,294.6435180492699,761.5714849671349,0.8090598275884986,block1:s3,gated_rule_c,mixed,1785123855.490841,1785123855.49165,1785123855.7863004,1785123856.2532284,
block1-000497,453.32815346773714,1103.3593994798139,48,60.0,452.10865093395114,1102.1398969460279,1.2195025337859988,block1:s3,gated_rule_c,mixed,1785123855.5086553,1785123855.5098753,1785123855.9619892,1785123856.6120203,
block1-000498,367.6228425465524,863.7076056329533,38,12.5,367.15950700454414,863.2442700909451,0.46333554200828075,block1:s3,gated_rule_c,mixed,1785123856.453855,1785123856.4543185,1785123856.8214853,1785123857.31757,
block1-000499,399.8434926616028,1054.5648066326976,48,15.0,399.4658309966326,1054.1871449677274,0.37766166497021914,block1:s3,gated_rule_c,mixed,1785123856.7984126,1785123856.7987905,1785123857.198264,1785123857.8529851,
block1-000500,67.71231768652797,4052.2364526987076,164,20.0,66.3261660374701,4050.8503010496497,1.3861516490578651,block1:zero_tool,gated_rule_c,mixed,1785123857.229931,1785123857.2313175,1785123857.2976503,1785123861.282174,
block1-000501,57.47172574046999,3402.0062127383426,131,15.0,56.731261080130935,3401.2657480780035,0.7404646603390574,block1:zero_tool,gated_rule_c,mixed,1785123857.5645578,1785123857.5652983,1785123857.6220374,1785123860.9665723,
block1-000502,102.70478262100369,5320.750408689491,225,187.5,101.9357789773494,5319.981405045837,0.7690036436542869,block1:zero_tool,gated_rule_c,mixed,1785123857.6092336,1785123857.6100032,1785123857.7119489,1785123862.9299943,
block1-000503,401.8651618389413,1220.4191808123142,48,10.0,401.242534047924,1219.7965530212969,0.6226277910172939,block1:s3,gated_rule_c,mixed,1785123857.6203732,1785123857.6209962,1785123858.0222456,1785123858.8408,
block1-000504,93.99539581499994,3510.180731769651,136,217.5,93.72795699164271,3509.913292946294,0.26743882335722446,block1:zero_tool,gated_rule_c,mixed,1785123857.9991317,1785123857.9993994,1785123858.0931346,1785123861.50932,
block1-000505,479.1764692636207,1362.0057692751288,48,12.5,478.8475059904158,1361.676806001924,0.32896327320486307,block1:s4,gated_rule_c,mixed,1785123858.009797,1785123858.0101264,1785123858.4889805,1785123859.3718097,
block1-000506,479.1428779717535,1342.815688927658,48,115.0,478.4873380558565,1342.160149011761,0.6555399158969522,block1:s4,gated_rule_c,mixed,1785123858.088051,1785123858.088707,1785123858.5672028,1785123859.4308755,
block1-000507,502.3895784979686,1347.8102955268696,48,12.5,502.21269100438803,1347.633408033289,0.17688749358057976,block1:s4,gated_rule_c,mixed,1785123858.103121,1785123858.1032982,1785123858.605518,1785123859.450939,
block1-000508,105.86522985249758,4024.1853438783437,163,320.0,105.17805092968047,4023.4981649555266,0.687178922817111,block1:zero_tool,gated_rule_c,mixed,1785123858.168855,1785123858.1695423,1785123858.2747302,1785123862.19305,
block1-000509,461.60560636781156,1381.8864023778588,48,412.5,461.2727689091116,1381.5535649191588,0.33283745869994164,block1:s4,gated_rule_c,mixed,1785123858.4772668,1785123858.4776003,1785123858.9388814,1785123859.859162,
block1-000510,483.87461283709854,1402.0638508955017,48,217.5,483.4750809241086,1401.6643189825118,0.3995319129899144,block1:s4,gated_rule_c,mixed,1785123858.621431,1785123858.621831,1785123859.1053174,1785123860.0235062,
block1-000511,557.1962634567171,1539.1852364409715,48,187.5,556.3393409829587,1538.328313967213,0.8569224737584591,block1:s4,gated_rule_c,mixed,1785123858.9323175,1785123858.933175,1785123859.4895241,1785123860.471513,
block1-000512,482.13846737053245,1419.9917344376445,43,297.5,481.4387559890747,1419.2920230561867,0.699711381457746,block1:s1,gated_rule_c,mixed,1785123858.9689035,1785123858.9696043,1785123859.4510536,1785123860.3889067,
block1-000513,232.79247619211674,1905.0121492473409,66,70.0,232.50681499484926,1904.7264880500734,0.28566119726747274,block1:s1,gated_rule_c,mixed,1785123859.0010135,1785123859.0012996,1785123859.233815,1785123860.9060345,
block1-000514,456.3718595309183,1396.022236556746,43,95.0,456.1312309233472,1395.781607949175,0.24062860757112503,block1:s1,gated_rule_c,mixed,1785123859.0133622,1785123859.013603,1785123859.469742,1785123860.4093928,
block1-000515,521.2130743311718,1290.4987094225362,45,395.0,519.7317539714277,1289.017389062792,1.4813203597441316,block1:s1,gated_rule_c,mixed,1785123859.482644,1785123859.4841256,1785123860.0038652,1785123860.773151,
block1-000516,458.74028163962066,1124.3889456382021,39,20.0,458.0344109563157,1123.6830749548972,0.7058706833049655,block1:s1,gated_rule_c,mixed,1785123859.7241702,1785123859.7248766,1785123860.1829183,1785123860.8485672,
block1-000517,91.41017810907215,9417.844618204981,419,100.0,90.06045991554856,9416.494900011458,1.3497181935235858,block1:zero_tool,gated_rule_c,mixed,1785123859.7672782,1785123859.7686281,1785123859.858696,1785123869.1851306,
block1-000518,126.78786518517882,1656.417770194821,66,60.0,126.53788807801902,1656.1677930876613,0.24997710715979338,block1:s1,gated_rule_c,mixed,1785123859.852637,1785123859.8528876,1785123859.9794345,1785123861.5090642,
block1-000519,119.92037750314921,7941.487846546806,355,15.0,119.37652993947268,7940.94399898313,0.5438475636765361,block1:zero_tool,gated_rule_c,mixed,1785123859.884088,1785123859.8846323,1785123860.0040164,1785123867.825584,
block1-000520,414.8898225976154,945.1252185972407,34,85.0,414.4540859851986,944.6894819848239,0.43573661241680384,block1:s2,gated_rule_c,mixed,1785123860.0564756,1785123860.0569117,1785123860.4713733,1785123861.0016086,
block1-000521,484.1769167687744,1000.7004837971181,38,117.5,483.2848870428279,999.8084540711716,0.892029725946486,block1:s2,gated_rule_c,mixed,1785123860.0873675,1785123860.08826,1785123860.5715523,1785123861.0880756,
block1-000522,385.6321214698255,902.125297463499,36,357.5,384.82459692750126,901.3177729211748,0.807524542324245,block1:s2,gated_rule_c,mixed,1785123860.1865191,1785123860.187327,1785123860.5721588,1785123861.0886521,
block1-000523,348.1422698823735,979.5330639462918,43,70.0,347.62664092704654,979.0174349909648,0.5156289553269744,block1:s2,gated_rule_c,mixed,1785123860.2840512,1785123860.2845674,1785123860.6322012,1785123861.263592,
block1-000524,305.3570738993585,838.1504298886284,35,115.0,304.5635300222784,837.3568860115483,0.7935438770800829,block1:s2,gated_rule_c,mixed,1785123860.7827942,1785123860.7835882,1785123861.0881581,1785123861.6209517,
block1-000525,56.54262320604175,3533.4066812647507,165,15.0,56.07073602732271,3532.9347940860316,0.47188717871904373,block1:zero_tool,gated_rule_c,mixed,1785123860.952179,1785123860.9526513,1785123861.008729,1785123864.4855933,
block1-000526,337.3752352781594,835.3569933678955,36,20.0,336.38946898281574,834.3712270725518,0.9857662953436375,block1:s2,gated_rule_c,mixed,1785123861.3977215,1785123861.3987074,1785123861.7351043,1785123862.2330859,
block1-000527,220.7876550965011,834.6569050336257,37,110.0,220.25708900764585,834.1263389447704,0.5305660888552666,block1:s2,gated_rule_c,mixed,1785123861.4758556,1785123861.4763865,1785123861.6966522,1785123862.3105214,
block1-000528,403.54853600729257,1007.4716949602589,48,52.5,403.3747250214219,1007.2978839743882,0.17381098587065935,block1:s3,gated_rule_c,mixed,1785123861.829329,1785123861.829503,1785123862.2328854,1785123862.8368084,
block1-000529,70.28860272839665,3836.6153896786273,177,10.0,69.09891206305474,3835.4256990132853,1.1896906653419137,block1:zero_tool,gated_rule_c,mixed,1785123862.2205966,1785123862.2217867,1785123862.2908957,1785123866.0572226,
block1-000530,67.61194358114153,3657.112818560563,161,75.0,67.09449295885861,3656.59536793828,0.5174506222829223,block1:zero_tool,gated_rule_c,mixed,1785123863.0695684,1785123863.070086,1785123863.1371872,1785123866.7266881,
block1-000531,494.51024283189327,1236.9790828088298,48,20.0,494.21149503905326,1236.6803350159898,0.29874779284000397,block1:s3,gated_rule_c,mixed,1785123863.3271902,1785123863.3274899,1785123863.8217134,1785123864.5641823,
block1-000532,100.48155044205487,4008.2932175137103,176,322.5,100.03536392468959,4007.847030996345,0.4461865173652768,block1:zero_tool,gated_rule_c,mixed,1785123863.3349159,1785123863.3353622,1785123863.435404,1785123867.3432157,
block1-000533,450.09357028175145,1192.8862383356318,48,320.0,449.66069201473147,1192.4533600686118,0.4328782670199871,block1:s3,gated_rule_c,mixed,1785123863.3909523,1785123863.3913853,1785123863.841053,1785123864.5838456,
block1-000534,503.2632206566632,1049.5272796833888,43,152.5,502.4407788878307,1048.7048379145563,0.8224417688325047,block1:s3,gated_rule_c,mixed,1785123863.651151,1785123863.6519737,1785123864.1544225,1785123864.7006867,
block1-000535,451.2590434169397,1108.8139134226367,48,170.0,450.2793300198391,1107.8342000255361,0.9797133971005678,block1:s3,gated_rule_c,mixed,1785123863.9013631,1785123863.9023433,1785123864.3526316,1785123865.0101862,
block1-000536,85.29544447083026,4432.886500493623,194,115.0,84.883211995475,4432.474268018268,0.4122324753552675,block1:zero_tool,gated_rule_c,mixed,1785123863.9056609,1785123863.9060736,1785123863.9909635,1785123868.3385541,
block1-000537,459.5659807091579,1158.373674727045,48,10.0,459.2417699750513,1158.0494639929384,0.3242107341066003,block1:s4,gated_rule_c,mixed,1785123864.2212567,1785123864.2215812,1785123864.6808329,1785123865.3796406,
block1-000538,470.1663163723424,1168.012247304432,48,12.5,468.43059605453163,1166.2765269866213,1.7357203178107738,block1:s4,gated_rule_c,mixed,1785123864.2306616,1785123864.2323976,1785123864.7008603,1785123865.3987062,
block1-000539,500.1105002593249,1175.3213142510504,48,115.0,499.142004060559,1174.3528180522844,0.9684961987659335,block1:s4,gated_rule_c,mixed,1785123865.070853,1785123865.071822,1785123865.5709713,1785123866.246182,
block1-000540,496.91201362293214,1179.0736785624176,49,322.5,496.15585105493665,1178.3175159944221,0.7561625679954886,block1:s4,gated_rule_c,mixed,1785123865.073778,1785123865.0745344,1785123865.5706973,1785123866.2528586,
block1-000541,98.50504086352885,2998.9142909180373,128,17.5,97.79534791596234,2998.204597970471,0.7096929475665092,block1:zero_tool,gated_rule_c,mixed,1785123865.1834815,1785123865.1841912,1785123865.2819932,1785123868.1824026,
block1-000542,438.7153147254139,1123.0038596550003,48,20.0,438.25732299592346,1122.5458679255098,0.45799172949045897,block1:s4,gated_rule_c,mixed,1785123865.4412348,1785123865.441693,1785123865.8799577,1785123866.5642462,
block1-000543,417.24982880987227,1146.4043367886916,48,545.0,416.24847101047635,1145.4029789892957,1.0013577993959188,block1:s4,gated_rule_c,mixed,1785123865.7343624,1785123865.7353642,1785123866.1516218,1785123866.8807764,
block1-000544,63.814371824264526,4051.2741517741233,182,287.5,62.67277104780078,4050.1325509976596,1.141600776463747,block1:zero_tool,gated_rule_c,mixed,1785123866.1891904,1785123866.1903322,1785123866.2530112,1785123870.2404711,
block1-000545,117.48903815168887,1654.5782291796058,66,15.0,116.79625103715807,1653.885442065075,0.6927871145308018,block1:s1,gated_rule_c,mixed,1785123866.3110392,1785123866.3117325,1785123866.4285376,1785123867.965627,
block1-000546,361.6620406974107,1109.6779346698895,44,10.0,360.71461206302047,1108.7305060354993,0.947428634390235,block1:s1,gated_rule_c,mixed,1785123866.5756757,1785123866.5766234,1785123866.9373455,1785123867.6853611,
block1-000547,114.82509027700871,1721.447363262996,72,20.0,114.3437250284478,1720.9659980144352,0.48136524856090546,block1:s1,gated_rule_c,mixed,1785123867.093778,1785123867.0942595,1785123867.2086103,1785123868.8152328,
block1-000548,399.4087582686916,1056.9447642192245,42,282.5,398.26778904534876,1055.8037949958816,1.140969223342836,block1:s1,gated_rule_c,mixed,1785123867.339676,1785123867.3408172,1785123867.7390928,1785123868.396628,
block1-000549,134.61910851765424,1455.3281505359337,61,485.0,134.3235899694264,1455.0326319877058,0.2955185482278466,block1:s1,gated_rule_c,mixed,1785123867.527627,1785123867.5279229,1785123867.6622534,1785123868.9829626,
block1-000550,131.4059083815664,4002.436841488816,190,20.0,130.5588319664821,4001.5897650737315,0.8470764150843024,block1:zero_tool,gated_rule_c,mixed,1785123867.5538318,1785123867.5546792,1785123867.6852455,1785123871.5562766,
block1-000551,59.739256859757006,2613.135667750612,122,17.5,58.908803039230406,2612.3052139300853,0.8304538205265999,block1:zero_tool,gated_rule_c,mixed,1785123867.686958,1785123867.6877887,1785123867.7467048,1785123870.300101,
block1-000552,351.7869020579383,890.5614900868386,38,12.5,351.1963189812377,889.970907010138,0.5905830767005682,block1:s2,gated_rule_c,mixed,1785123867.810647,1785123867.8112376,1785123868.1624417,1785123868.701216,
block1-000553,72.49537785537541,1942.8314528195187,89,550.0,71.98386802338064,1942.319942987524,0.511509831994772,block1:zero_tool,gated_rule_c,mixed,1785123867.9004602,1785123867.9009721,1785123867.972963,1785123869.8432992,
block1-000554,322.0721920952201,851.8645111471415,37,75.0,321.60103996284306,851.3933590147644,0.47115213237702847,block1:s2,gated_rule_c,mixed,1785123868.0744295,1785123868.074901,1785123868.3965087,1785123868.926301,
block1-000555,366.4388279430568,1020.9369380027056,43,350.0,366.21324496809393,1020.7113550277427,0.22558297496289015,block1:s2,gated_rule_c,mixed,1785123868.63489,1785123868.6351159,1785123869.0013366,1785123869.6558344,
block1-000556,361.8680939543992,852.6090999366716,36,350.0,360.2821099339053,851.0231159161776,1.5859840204939246,block1:s2,gated_rule_c,mixed,1785123868.7843325,1785123868.7859187,1785123869.1462076,1785123869.6369486,
block1-000557,398.0988165130839,851.1400885181502,38,15.0,397.35349896363914,850.3947709687054,0.745317549444735,block1:s2,gated_rule_c,mixed,1785123869.0107558,1785123869.0115013,1785123869.4088628,1785123869.8619034,
block1-000558,335.9413690632209,786.5768850315362,38,287.5,335.2743940195069,785.9099099878222,0.6669750437140465,block1:s2,gated_rule_c,mixed,1785123869.3194964,1785123869.3201637,1785123869.6554453,1785123870.1060805,
block1-000559,61.23695056885481,10017.581804539077,489,572.5,60.44408609159291,10016.788940061815,0.7928644772619009,block1:zero_tool,gated_rule_c,mixed,1785123870.17947,1785123870.1802633,1785123870.2407138,1785123880.1970587,
block1-000560,412.2675770195201,1016.3330310024321,48,395.0,411.4027520408854,1015.4682060237974,0.8648249786347151,block1:s3,gated_rule_c,mixed,1785123870.2585514,1785123870.2594163,1785123870.6708257,1785123871.274891,
block1-000561,64.288807567209,2557.7549824956805,122,187.5,63.5333270765841,2556.9995020050555,0.7554804906249046,block1:zero_tool,gated_rule_c,mixed,1785123870.664854,1785123870.66561,1785123870.7291517,1785123873.2226179,
block1-000562,55.64831418450922,4538.084581145085,219,412.5,54.810767993330956,4537.247034953907,0.8375461911782622,block1:zero_tool,gated_rule_c,mixed,1785123871.0152888,1785123871.0161264,1785123871.070945,1785123875.5533812,
block1-000563,382.8111980110407,1059.7095540724695,41,92.5,382.2100139223039,1059.1083699837327,0.6011840887367725,block1:s3,gated_rule_c,mixed,1785123872.0203729,1785123872.0209744,1785123872.403192,1785123873.0800903,
block1-000564,104.95525330770761,2831.5691293682903,130,485.0,104.47503498289734,2831.08891104348,0.4802183248102665,block1:zero_tool,gated_rule_c,mixed,1785123872.0689626,1785123872.069443,1785123872.173925,1785123874.9005387,
block1-000565,444.5423053111881,1068.5234032571316,43,280.0,444.41083003766835,1068.3919279836118,0.1314752735197544,block1:s3,gated_rule_c,mixed,1785123872.0771995,1785123872.0773308,1785123872.5217469,1785123873.1457283,
block1-000566,506.64096092805266,1015.4394558630884,43,75.0,505.66811102908105,1014.4666059641168,0.9728498989716172,block1:s3,gated_rule_c,mixed,1785123872.169058,1785123872.170031,1785123872.6757061,1785123873.1845047,
block1-000567,307.64927237760276,970.0326533056796,43,140.0,307.10708210244775,969.4904630305246,0.5421902751550078,block1:s3,gated_rule_c,mixed,1785123872.2718272,1785123872.2723696,1785123872.5794842,1785123873.2418678,
block1-000568,57.63714259956032,3108.097727643326,151,10.0,56.67320697102696,3107.1337920147926,0.9639356285333633,block1:zero_tool,gated_rule_c,mixed,1785123872.3881147,1785123872.389079,1785123872.4457607,1785123875.4962208,
block1-000569,451.77236606832594,1084.4064591219649,48,70.0,450.55275689810514,1083.186849951744,1.2196091702207923,block1:s4,gated_rule_c,mixed,1785123872.8659313,1785123872.867151,1785123873.3177114,1785123873.9503455,
block1-000570,93.28176430426538,2706.8014583783224,130,217.5,92.3662839923054,2705.8859780663624,0.9154803119599819,block1:zero_tool,gated_rule_c,mixed,1785123872.8875332,1785123872.8884494,1785123872.9808269,1785123875.5943465,
block1-000571,61.866078176535666,3154.634416103363,154,10.0,61.325111077167094,3154.0934490039945,0.5409670993685722,block1:zero_tool,gated_rule_c,mixed,1785123873.0254931,1785123873.026034,1785123873.0873668,1785123876.1801348,
block1-000572,403.74972100835294,1056.6999699221924,48,572.5,402.8142400784418,1055.7644889922813,0.9354809299111366,block1:s4,gated_rule_c,mixed,1785123873.2358963,1785123873.236832,1785123873.6396537,1785123874.292604,
block1-000573,69.62282059248537,3457.4240415822715,170,135.0,68.76671896316111,3456.567939952947,0.8561016293242574,block1:zero_tool,gated_rule_c,mixed,1785123873.6687055,1785123873.6695619,1785123873.7383373,1785123877.1261387,
block1-000574,402.6933603454381,1049.2086893646047,48,105.0,402.4406149983406,1048.9559440175071,0.25274534709751606,block1:s4,gated_rule_c,mixed,1785123874.0978787,1785123874.0981317,1785123874.5005786,1785123875.147094,
block1-000575,402.49407570809126,1036.863467656076,48,85.0,401.52231010142714,1035.8917020494118,0.9717656066641212,block1:s4,gated_rule_c,mixed,1785123874.7251472,1785123874.7261195,1785123875.1276486,1785123875.762018,
block1-000576,313.4814251679927,908.0146030755714,43,217.5,312.55995703395456,907.0931349415332,0.9214681340381503,block1:s1,gated_rule_c,mixed,1785123875.163377,1785123875.1642988,1785123875.4768653,1785123876.0713985,
block1-000577,53.159258561208844,3610.5941456044093,177,485.0,52.596841007471085,3610.0317280506715,0.5624175537377596,block1:zero_tool,gated_rule_c,mixed,1785123875.5410995,1785123875.5416622,1785123875.5942657,1785123879.1517005,
block1-000578,311.54986994806677,806.4195259939879,36,115.0,311.21150695253164,806.0811629984528,0.33836299553513527,block1:s1,gated_rule_c,mixed,1785123876.003122,1785123876.0034606,1785123876.3146791,1785123876.8095489,
block1-000579,63.551746774464846,2882.1022307965904,140,412.5,62.78146500699222,2881.331949029118,0.7702817674726248,block1:zero_tool,gated_rule_c,mixed,1785123876.232275,1785123876.2330456,1785123876.2958336,1785123879.1143842,
block1-000580,309.4376497901976,870.0622757896781,42,50.0,308.4129330236465,869.037559023127,1.024716766551137,block1:s1,gated_rule_c,mixed,1785123876.500225,1785123876.5012507,1785123876.8096747,1785123877.3702993,
block1-000581,62.56103958003223,10585.852504591458,491,17.5,62.35976691823453,10585.65123192966,0.2012726617977023,block1:zero_tool,gated_rule_c,mixed,1785123877.628745,1785123877.6289468,1785123877.6913145,1785123888.2146056,
block1-000582,121.00870301946998,1499.9255520524457,69,60.0,120.47635891940445,1499.3932079523802,0.5323441000655293,block1:s1,gated_rule_c,mixed,1785123877.913284,1785123877.9138167,1785123878.0343025,1785123879.4132192,
block1-000583,52.49873932916671,3456.587352324277,164,60.0,51.68061796575785,3455.7692309608683,0.8181213634088635,block1:zero_tool,gated_rule_c,mixed,1785123878.0406458,1785123878.041464,1785123878.093152,1785123881.4972405,
block1-000584,280.65438417252153,897.6127891801298,40,155.0,280.22644598968327,897.1848509972915,0.4279381828382611,block1:s2,gated_rule_c,mixed,1785123878.3665764,1785123878.3670046,1785123878.6472392,1785123879.2641976,
block1-000585,361.5050041116774,812.4852891778573,38,15.0,361.0742299351841,812.054515001364,0.4307741764932871,block1:s2,gated_rule_c,mixed,1785123878.6756823,1785123878.6761131,1785123879.0371954,1785123879.488176,
block1-000586,364.1369917895645,1002.0167158218101,43,107.5,363.5106079746038,1001.3903320068493,0.6263838149607182,block1:s2,gated_rule_c,mixed,1785123879.5699854,1785123879.5706122,1785123879.9341297,1785123880.5720096,
block1-000587,346.54514549765736,984.5132384216413,43,22.5,346.0187370656058,983.9868299895898,0.5264084320515394,block1:s2,gated_rule_c,mixed,1785123879.5876143,1785123879.588141,1785123879.9341667,1785123880.572135,
block1-000588,289.45598809514195,775.7191370474175,35,395.0,288.68302202317864,774.9461709754542,0.7729660719633102,block1:s2,gated_rule_c,mixed,1785123879.9076848,1785123879.9084582,1785123880.1971478,1785123880.6834111,
block1-000589,84.686319809407,3026.070155785419,142,115.0,83.58141907956451,3024.9652550555766,1.104900729842484,block1:zero_tool,gated_rule_c,mixed,1785123879.9612246,1785123879.9623296,1785123880.0459182,1785123882.987302,
block1-000590,92.68817177508026,1518.8348278170452,67,17.5,91.80573199409992,1517.9523880360648,0.8824397809803486,block1:s2,gated_rule_c,mixed,1785123880.3989258,1785123880.3998084,1785123880.4916215,1785123881.9177682,
block1-000591,82.37039623782039,2687.8198492340744,126,17.5,81.84418908786029,2687.2936420841143,0.5262071499601007,block1:zero_tool,gated_rule_c,mixed,1785123880.4320076,1785123880.432534,1785123880.5143843,1785123883.119834,
block1-000592,89.45522259455174,4633.173750597052,207,287.5,88.83351890835911,4632.55204691086,0.6217036861926317,block1:zero_tool,gated_rule_c,mixed,1785123880.867414,1785123880.8680358,1785123880.9568753,1785123885.500594,
block1-000593,65.24564453866333,2669.8242215206847,126,60.0,64.86971501726657,2669.448291999288,0.37592952139675617,block1:zero_tool,gated_rule_c,mixed,1785123880.8945103,1785123880.8948865,1785123880.9597619,1785123883.56434,
block1-000594,488.68821130599827,1208.1636122893542,49,85.0,488.58213901985437,1208.0575400032103,0.10607228614389896,block1:s3,gated_rule_c,mixed,1785123881.1386447,1785123881.138751,1785123881.6273396,1785123882.3468146,
block1-000595,64.78349433746189,9825.678761349991,450,15.0,63.91420098952949,9824.809468002059,0.8692933479323983,block1:zero_tool,gated_rule_c,mixed,1785123881.2765906,1785123881.2774603,1785123881.341381,1785123891.1022763,
block1-000596,459.25032638479024,1157.1452503558248,48,10.0,458.65416701417416,1156.5490909852087,0.5961593706160784,block1:s3,gated_rule_c,mixed,1785123881.3259547,1785123881.3265512,1785123881.7852142,1785123882.4831092,
block1-000597,454.1154751786962,1076.9922611070797,46,187.5,452.4644330376759,1075.3412189660594,1.651042141020298,block1:s3,gated_rule_c,mixed,1785123881.4640257,1785123881.465677,1785123881.9181488,1785123882.5410259,
block1-000598,515.4653736390173,983.7414396461099,43,155.0,514.6794740576297,982.9555400647223,0.785899581387639,block1:s3,gated_rule_c,mixed,1785123881.729867,1785123881.7306528,1785123882.2453394,1785123882.7136154,
block1-000599,318.0040246807039,940.3765246970579,43,12.5,316.9099469669163,939.2824469832703,1.0940777137875557,block1:s3,gated_rule_c,mixed,1785123882.0088305,1785123882.009925,1785123882.326843,1785123882.9492154,
block1-000600,70.40511921513826,4562.0862991781905,209,10.0,69.4240890443325,4561.105269007385,0.9810301708057523,block1:zero_tool,gated_rule_c,mixed,1785123882.2174575,1785123882.2184386,1785123882.287869,1785123886.7795503,
block1-000601,64.72209701314569,3411.134363966994,150,60.0,63.75922099687159,3410.17148795072,0.9628760162740946,block1:zero_tool,gated_rule_c,mixed,1785123882.8417485,1785123882.8427114,1785123882.906477,1785123886.2528892,
block1-000602,58.69754427112639,3557.7223682776093,158,15.0,56.95818900130689,3555.98301300779,1.739355269819498,block1:zero_tool,gated_rule_c,mixed,1785123882.8902466,1785123882.8919864,1785123882.9489527,1785123886.4479775,
block1-000603,61.705665779300034,3510.0732997525483,155,15.0,60.527169960550964,3508.8948039337993,1.1784958187490702,block1:zero_tool,gated_rule_c,mixed,1785123883.193024,1785123883.1942027,1785123883.2547362,1785123886.7031038,
block1-000604,64.49838064145297,3025.9655435802415,130,15.0,63.6180320288986,3025.085194967687,0.8803486125543714,block1:zero_tool,gated_rule_c,mixed,1785123883.383392,1785123883.3842726,1785123883.447899,1785123886.4093666,
block1-000605,424.7145588742569,1077.8535739518702,48,22.5,424.02205790858716,1077.1610729862005,0.6925009656697512,block1:s4,gated_rule_c,mixed,1785123883.5499249,1785123883.5506177,1785123883.9746473,1785123884.6277864,
block1-000606,100.23525974247605,3860.03111070022,167,60.0,99.54450104851276,3859.3403520062566,0.6907586939632893,block1:zero_tool,gated_rule_c,mixed,1785123883.555612,1785123883.5563028,1785123883.6558526,1785123887.4156485,
block1-000607,71.64413412101567,3885.766508174129,170,20.0,70.48227393534034,3884.6046479884535,1.161860185675323,block1:zero_tool,gated_rule_c,mixed,1785123883.8252048,1785123883.8263671,1785123883.8968575,1785123887.71098,
block1-000608,331.4276783494279,1234.189018374309,43,25.0,329.3195819715038,1232.0809219963849,2.1080963779240847,block1:s1,gated_rule_c,mixed,1785123884.413662,1785123884.4157703,1785123884.7450974,1785123885.6478589,
block1-000609,74.44464752916247,4543.071043444797,193,47.5,73.36274802219123,4541.989143937826,1.08189950697124,block1:zero_tool,gated_rule_c,mixed,1785123884.4544783,1785123884.4555602,1785123884.5289288,1785123888.9975555,
block1-000610,619.3516369676217,1236.2480709562078,44,10.0,619.0300279995427,1235.9264619881287,0.3216089680790901,block1:s1,gated_rule_c,mixed,1785123884.712071,1785123884.7123928,1785123885.3314447,1785123885.948341,
block1-000611,588.9017332810909,1247.0695652300492,45,15.0,587.6094660488889,1245.7772979978472,1.2922672322019935,block1:s1,gated_rule_c,mixed,1785123884.868801,1785123884.8700938,1785123885.4577093,1785123886.1158772,
block1-000612,534.4269840279594,1193.696269998327,42,17.5,534.2471150215715,1193.516400991939,0.17986900638788939,block1:s1,gated_rule_c,mixed,1785123884.8812706,1785123884.8814507,1785123885.4157054,1785123886.074974,
block1-000613,211.69331157580018,1574.5338965207338,63,47.5,211.1497870646417,1573.9903720095754,0.5435245111584663,block1:s1,gated_rule_c,mixed,1785123884.912254,1785123884.9127982,1785123885.1239579,1785123886.4867983,
block1-000614,531.0214352793992,1189.108497230336,43,117.5,530.4798369761556,1188.5668989270926,0.5415983032435179,block1:s1,gated_rule_c,mixed,1785123884.926553,1785123884.9270947,1785123885.4575813,1785123886.1156685,
block1-000615,75.25867549702525,3902.3878125008196,175,15.0,74.41535301040858,3901.544490014203,0.8433224866166711,block1:zero_tool,gated_rule_c,mixed,1785123885.2144012,1785123885.2152448,1785123885.2896695,1785123889.1167986,
block1-000616,306.4531332347542,836.1339091788977,38,170.0,306.20094505138695,835.8817209955305,0.25218818336725235,block1:s2,gated_rule_c,mixed,1785123885.92609,1785123885.9263425,1785123886.232551,1785123886.762232,
block1-000617,66.38154899701476,8018.310318002477,370,12.5,65.28051500208676,8017.209284007549,1.1010339949280024,block1:zero_tool,gated_rule_c,mixed,1785123886.5214663,1785123886.5225677,1785123886.5878558,1785123894.5397844,
block1-000618,381.7754500778392,909.308091038838,37,280.0,380.7737809838727,908.3064219448715,1.001669093966484,block1:s2,gated_rule_c,mixed,1785123886.9144843,1785123886.9154859,1785123887.2962675,1785123887.8238003,
block1-000619,113.78110817167908,1599.2744871182367,69,297.5,113.18761704023927,1598.680995986797,0.593491131439805,block1:s2,gated_rule_c,mixed,1785123886.960116,1785123886.9607096,1785123887.073904,1785123888.5593977,
block1-000620,96.41946700867265,3659.970939042978,167,17.5,95.35003697965294,3658.9015090139583,1.0694300290197134,block1:zero_tool,gated_rule_c,mixed,1785123886.977203,1785123886.9782727,1785123887.0736296,1785123890.637181,
block1-000621,302.19321174081415,924.3947747163475,41,357.5,301.89579201396555,924.0973549894989,0.2974197268486023,block1:s2,gated_rule_c,mixed,1785123887.2328262,1785123887.233124,1785123887.5350266,1785123888.157228,
block1-000622,74.0108652971685,3622.1525222063065,167,177.5,73.48248898051679,3621.6241458896548,0.5283763166517019,block1:zero_tool,gated_rule_c,mixed,1785123887.441704,1785123887.4422326,1785123887.5157218,1785123891.0638633,
block1-000623,213.2745855487883,684.621503460221,31,12.5,213.0506089888513,684.397526900284,0.22397655993700027,block1:s2,gated_rule_c,mixed,1785123887.6873162,1785123887.6875405,1785123887.900599,1785123888.371946,
block1-000624,72.48792273458093,3254.157962743193,150,17.5,71.15025294478983,3252.820292953402,1.3376697897911072,block1:zero_tool,gated_rule_c,mixed,1785123887.986487,1785123887.987825,1785123888.0589836,1785123891.2406533,
block1-000625,545.5010324949399,1216.67997748591,48,50.0,544.5672699715942,1215.7462149625644,0.9337625233456492,block1:s3,gated_rule_c,mixed,1785123888.320208,1785123888.321142,1785123888.8657155,1785123889.5368946,
block1-000626,484.1013177065179,1057.1813907008618,41,412.5,482.79692395590246,1055.8769969502464,1.304393750615418,block1:s3,gated_rule_c,mixed,1785123888.3813622,1785123888.382667,1785123888.8654706,1785123889.4385507,
block1-000627,85.58709628414363,4089.087349246256,186,485.0,85.02170501742512,4088.5219579795375,0.5653912667185068,block1:zero_tool,gated_rule_c,mixed,1785123888.5439909,1785123888.5445564,1785123888.6295846,1785123892.633085,
block1-000628,63.8847597874701,3581.7147217458114,164,280.0,63.00499802455306,3580.8349599828944,0.8797617629170418,block1:zero_tool,gated_rule_c,mixed,1785123888.56879,1785123888.5696702,1785123888.6326833,1785123892.150513,
block1-000629,436.54796737246215,1033.8937464402989,43,15.0,436.18750397581607,1033.5332830436528,0.3604633966460824,block1:s3,gated_rule_c,mixed,1785123888.600345,1785123888.6007063,1785123889.0369053,1785123889.634251,
block1-000630,521.120730554685,1112.481682561338,49,95.0,520.3471559798345,1111.7081079864874,0.7735745748504996,block1:s3,gated_rule_c,mixed,1785123888.735606,1785123888.7363796,1785123889.2567353,1785123889.8480964,
block1-000631,415.478365495801,1045.7340804859996,48,10.0,415.27655406389385,1045.5322690540925,0.20181143190711737,block1:s3,gated_rule_c,mixed,1785123888.8214803,1785123888.8216825,1785123889.2369666,1785123889.8672223,
block1-000632,60.40656042750925,3051.9958393415436,143,17.5,59.71479706931859,3051.304075983353,0.6917633581906557,block1:zero_tool,gated_rule_c,mixed,1785123889.0982926,1785123889.0989847,1785123889.1587074,1785123892.150297,
block1-000633,64.81494207400829,3045.1538080815226,142,820.0,63.616825034841895,3043.955691042356,1.198117039166391,block1:zero_tool,gated_rule_c,mixed,1785123889.3142116,1785123889.3154109,1785123889.3790364,1785123892.3593755,
block1-000634,408.95230893511325,1071.766038890928,48,15.0,408.7091729743406,1071.5229029301554,0.24313596077263355,block1:s4,gated_rule_c,mixed,1785123890.1115706,1785123890.1118143,1785123890.520531,1785123891.1833446,
block1-000635,67.54958478268236,2724.9575227033347,125,117.5,66.40309002250433,2723.8110279431567,1.1464947601780295,block1:zero_tool,gated_rule_c,mixed,1785123890.7456517,1785123890.7467985,1785123890.813208,1785123893.4706159,
block1-000636,412.78903104830533,1187.9367789952084,48,17.5,411.2236819928512,1186.3714299397543,1.565349055454135,block1:s4,gated_rule_c,mixed,1785123890.922224,1785123890.9237895,1785123891.3350198,1785123892.1101675,
block1-000637,55.738952360115945,2939.9365773424506,135,280.0,54.97830407693982,2939.1759290592745,0.7606482831761241,block1:zero_tool,gated_rule_c,mixed,1785123891.1077242,1785123891.1084852,1785123891.1634712,1785123894.0476685,
block1-000638,531.0634238412604,1231.2169529031962,48,172.5,529.9526810413226,1230.1062101032585,1.110742799937725,block1:s4,gated_rule_c,mixed,1785123891.420903,1785123891.422014,1785123891.951975,1785123892.6521285,
block1-000639,509.2038882430643,1206.0892552835867,48,155.0,508.34498298354447,1205.2303500240669,0.8589052595198154,block1:s4,gated_rule_c,mixed,1785123891.5810475,1785123891.581907,1785123892.0902603,1785123892.7871456,
block1-000640,423.10774384532124,1083.279805839993,43,115.0,422.45571000967175,1082.6277720043436,0.6520338356494904,block1:s1,gated_rule_c,mixed,1785123891.6078508,1785123891.608503,1785123892.0309641,1785123892.6911366,
block1-000641,87.7329563954845,3659.773252438754,165,15.0,87.04874594695866,3659.089041990228,0.684210448525846,block1:zero_tool,gated_rule_c,mixed,1785123891.6993856,1785123891.7000701,1785123891.7871275,1785123895.359168,
block1-000642,356.8380526266992,1012.9372266819701,43,177.5,356.6336369840428,1012.7328110393137,0.2044156426563859,block1:s1,gated_rule_c,mixed,1785123891.7931962,1785123891.7934008,1785123892.150042,1785123892.8061414,
block1-000643,97.7924878243357,3342.064820812084,153,395.0,97.62736805714667,3341.8997010448948,0.16511976718902588,block1:zero_tool,gated_rule_c,mixed,1785123892.2192395,1785123892.2194047,1785123892.3170407,1785123895.561313,
block1-000644,50.43414526153356,2784.107246203348,128,60.0,49.604294006712735,2783.277394948527,0.8298512548208237,block1:zero_tool,gated_rule_c,mixed,1785123892.269554,1785123892.2703843,1785123892.319998,1785123895.053671,
block1-000645,127.91248981375247,1371.1547468556091,63,170.0,126.96023494936526,1370.202491991222,0.9522548643872142,block1:s1,gated_rule_c,mixed,1785123892.4664087,1785123892.4673612,1785123892.5943294,1785123893.8375714,
block1-000646,64.42626577336341,3215.8538138028234,142,820.0,63.47979698330164,3214.9073450127617,0.9464687900617719,block1:zero_tool,gated_rule_c,mixed,1785123893.216303,1785123893.21725,1785123893.280738,1785123896.4321656,
block1-000647,264.4816125975922,759.6288355998695,31,187.5,263.8016059063375,758.9488289086148,0.6800066912546754,block1:s1,gated_rule_c,mixed,1785123893.476343,1785123893.4770231,1785123893.740832,1785123894.2359788,
block1-000648,70.2244263375178,3543.9811373362318,147,572.5,69.23796504270285,3542.994676041417,0.9864612948149443,block1:zero_tool,gated_rule_c,mixed,1785123893.827214,1785123893.828201,1785123893.8974462,1785123897.3712025,
block1-000649,81.17506257258356,3047.58319852408,125,132.5,80.88076103013009,3047.2888969816267,0.29430154245346785,block1:zero_tool,gated_rule_c,mixed,1785123893.905278,1785123893.9055724,1785123893.9864602,1785123896.952868,
block1-000650,65.82010432612151,4239.37028227374,177,15.0,65.29834808316082,4238.848526030779,0.5217562429606915,block1:zero_tool,gated_rule_c,mixed,1785123893.92378,1785123893.924302,1785123893.9896083,1785123898.1631582,
block1-000651,91.75624756608158,1571.7198374914005,69,10.0,91.18534508161247,1571.1489350069314,0.5709024844691157,block1:s2,gated_rule_c,mixed,1785123894.0280683,1785123894.0286396,1785123894.1198332,1785123895.599797,
block1-000652,297.6293811807409,851.0434742784128,36,132.5,296.6880559688434,850.1021490665153,0.9413252118974924,block1:s2,gated_rule_c,mixed,1785123894.2415206,1785123894.2424622,1785123894.5391574,1785123895.0925715,
block1-000653,545.8497476065531,1204.1286026360467,49,550.0,544.4196839816868,1202.6985390111804,1.4300636248663068,block1:s2,gated_rule_c,mixed,1785123894.7587864,1785123894.7602165,1785123895.3046422,1785123895.9629211,
block1-000654,112.7096931450069,9079.903684090823,410,52.5,112.45547700673342,9079.64946795255,0.25421613827347755,block1:zero_tool,gated_rule_c,mixed,1785123894.7880576,1785123894.7883124,1785123894.9007761,1785123903.8679698,
block1-000655,369.93270937819034,841.4904082892463,37,15.0,368.92226710915565,840.4799660202116,1.0104422690346837,block1:s2,gated_rule_c,mixed,1785123894.9345903,1785123894.9356012,1785123895.304532,1785123895.77609,
block1-000656,408.88292563613504,1138.0670306971297,48,357.5,407.92670100927353,1137.1108060702682,0.9562246268615127,block1:s3,gated_rule_c,mixed,1785123895.1129854,1785123895.1139417,1785123895.5218754,1785123896.2510595,
block1-000657,64.48530091438442,3137.0974769815803,128,12.5,62.361304997466505,3134.9734810646623,2.12399591691792,block1:zero_tool,gated_rule_c,mixed,1785123895.3015924,1785123895.3037167,1785123895.3660867,1785123898.438699,
block1-000658,485.74572429060936,1387.672386248596,48,17.5,485.5224839411676,1387.4491458991542,0.22324034944176674,block1:s3,gated_rule_c,mixed,1785123895.7454684,1785123895.7456915,1785123896.2312202,1785123897.1331468,
block1-000659,313.4921252494678,1212.2591543011367,41,155.0,312.1607229113579,1210.9277519630268,1.3314023381099105,block1:s3,gated_rule_c,mixed,1785123895.8209772,1785123895.8223088,1785123896.1344767,1785123897.0332434,
block1-000660,315.1707826182246,1178.2593795796856,41,15.0,314.4373409450054,1177.5259379064664,0.733441673219204,block1:s3,gated_rule_c,mixed,1785123895.9547236,1785123895.9554574,1785123896.2699013,1785123897.1329896,
block1-000661,650.0424069818109,1394.3827350158244,48,572.5,649.6531069278717,1393.9934349618852,0.3893000539392233,block1:s3,gated_rule_c,mixed,1785123896.30254,1785123896.3029296,1785123896.952589,1785123897.6969295,
block1-000662,706.0736486455426,1291.149616590701,43,20.0,705.9313470963389,1291.0073150414973,0.14230154920369387,block1:s3,gated_rule_c,mixed,1785123896.327294,1785123896.3274364,1785123897.0333729,1785123897.6184492,
block1-000663,547.0759943127632,1292.8750943392515,43,10.0,546.3501489721239,1292.1492489986122,0.7258453406393528,block1:s3,gated_rule_c,mixed,1785123896.345356,1785123896.3460822,1785123896.8924394,1785123897.6382382,
block1-000664,579.618425341323,1322.3720423411578,48,17.5,579.1646769503132,1321.918293950148,0.4537483910098672,block1:s4,gated_rule_c,mixed,1785123896.4329205,1785123896.4333744,1785123897.0125456,1785123897.7552989,
block1-000665,535.7319557806477,1278.4055337542668,48,550.0,535.305849974975,1277.979427948594,0.4261058056727052,block1:s4,gated_rule_c,mixed,1785123896.5160518,1785123896.5164783,1785123897.051792,1785123897.7944655,
block1-000666,461.8970747105777,1202.6489137206227,48,15.0,461.70441689901054,1202.4562559090555,0.1926578115671873,block1:s4,gated_rule_c,mixed,1785123896.6302311,1785123896.630424,1785123897.092137,1785123897.832889,
block1-000667,423.24974515940994,1161.7203562054783,48,10.0,422.7734029991552,1161.2440140452236,0.4763421602547169,block1:s4,gated_rule_c,mixed,1785123896.7282472,1785123896.7287238,1785123897.1515062,1785123897.8899767,
block1-000668,90.45560972299427,2910.5255167232826,131,15.0,89.70690506976098,2909.7768120700493,0.7487046532332897,block1:zero_tool,gated_rule_c,mixed,1785123896.7818174,1785123896.7825663,1785123896.8722813,1785123899.6923509,
block1-000669,492.27593233808875,1236.1018963856623,49,412.5,491.3195970002562,1235.1455610478297,0.9563353378325701,block1:s4,gated_rule_c,mixed,1785123897.1649668,1785123897.1659234,1785123897.6572504,1785123898.4010763,
block1-000670,459.2381023103371,1179.2955383425578,48,52.5,457.112755975686,1177.1701920079067,2.1253463346511126,block1:s4,gated_rule_c,mixed,1785123897.3350275,1785123897.337153,1785123897.7942734,1785123898.5143306,
block1-000671,449.7815426439047,1169.7982186451554,48,92.5,449.4787879521027,1169.4954639533535,0.30275469180196524,block1:s4,gated_rule_c,mixed,1785123897.363215,1785123897.363518,1785123897.8130038,1785123898.5330205,
block1-000672,70.77543786726892,2472.1691007725894,117,412.5,69.97286400292069,2471.366526908241,0.8025738643482327,block1:zero_tool,gated_rule_c,mixed,1785123897.9175477,1785123897.9183507,1785123897.9883318,1785123900.3897252,
block1-000673,125.52174064330757,1356.0443646274507,58,550.0,124.72750106826425,1355.2501250524074,0.7942395750433207,block1:s1,gated_rule_c,mixed,1785123898.0187645,1785123898.019559,1785123898.1442966,1785123899.3748193,
block1-000674,328.08877632487565,999.1424563340843,43,297.5,327.83408102113754,998.8877610303462,0.2546953037381172,block1:s1,gated_rule_c,mixed,1785123898.2603693,1785123898.2606242,1785123898.5884652,1785123899.2595186,
block1-000675,391.1665251944214,842.9828862426803,37,117.5,390.57016698643565,842.3865280346945,0.5963582079857588,block1:s1,gated_rule_c,mixed,1785123898.8678634,1785123898.86846,1785123899.2590373,1785123899.710853,
block1-000676,311.1355003202334,764.2253643134609,36,550.0,310.63288799487054,763.722751988098,0.5026123253628612,block1:s1,gated_rule_c,mixed,1785123899.1563926,1785123899.1568956,1785123899.4675372,1785123899.920627,
block1-000677,53.293702425435185,7467.789740418084,354,15.0,52.92060901410878,7467.416647006758,0.3730934113264084,block1:zero_tool,gated_rule_c,mixed,1785123899.3218162,1785123899.3221896,1785123899.3751166,1785123906.7896128,
block1-000678,67.21435417421162,5897.177718114108,279,322.5,65.52403909154236,5895.487403031439,1.6903150826692581,block1:zero_tool,gated_rule_c,mixed,1785123899.8537834,1785123899.8554742,1785123899.9210055,1785123905.7509692,
block1-000679,59.28666202817112,6295.587621978484,295,17.5,58.958056033588946,6295.259015983902,0.3286059945821762,block1:zero_tool,gated_rule_c,mixed,1785123900.051602,1785123900.0519311,1785123900.110899,1785123906.3472002,
block1-000680,281.6568915732205,802.9215735150501,34,15.0,279.98262899927795,801.2473109411076,1.674262573942542,block1:s2,gated_rule_c,mixed,1785123900.364077,1785123900.3657517,1785123900.6457455,1785123901.16701,
block1-000681,101.72089200932533,7135.153173934668,330,15.0,101.0871030157432,7134.519384941086,0.6337889935821295,block1:zero_tool,gated_rule_c,mixed,1785123900.3757637,1785123900.3763978,1785123900.4775102,1785123907.5109425,
block1-000682,331.24691992998123,872.1970458282158,36,117.5,330.54944209288806,871.4995679911226,0.6974778370931745,block1:s2,gated_rule_c,mixed,1785123900.797095,1785123900.7977927,1785123901.128349,1785123901.6692994,
block1-000683,86.94657089654356,1646.9933288171887,74,47.5,86.76244306843728,1646.8092009890825,0.18412782810628414,block1:s2,gated_rule_c,mixed,1785123900.9850552,1785123900.9852395,1785123901.0720084,1785123902.6320548,
block1-000684,343.66828214842826,842.7622391609475,36,395.0,343.12258404679596,842.2165410593152,0.545698101632297,block1:s2,gated_rule_c,mixed,1785123901.2862618,1785123901.2868075,1785123901.6299372,1785123902.1290312,
block1-000685,359.02021604124457,978.9291811175644,44,152.5,358.5291189374402,978.4380840137601,0.4910971038043499,block1:s2,gated_rule_c,mixed,1785123901.423895,1785123901.4243863,1785123901.7829225,1785123902.4028313,
block1-000686,354.422559030354,853.9926949888468,38,485.0,353.6557269981131,853.2258629566059,0.7668320322409272,block1:s2,gated_rule_c,mixed,1785123901.8353183,1785123901.8360856,1785123902.1897483,1785123902.6893184,
block1-000687,102.91138431057334,3803.0724812997505,179,145.0,102.16730902902782,3802.328406018205,0.7440752815455198,block1:zero_tool,gated_rule_c,mixed,1785123901.8512034,1785123901.8519478,1785123901.9541225,1785123905.6542835,
block1-000688,62.91020452044904,3093.3279804885387,145,280.0,61.51641206815839,3091.934188036248,1.3937924522906542,block1:zero_tool,gated_rule_c,mixed,1785123902.1264825,1785123902.1278768,1785123902.1894069,1785123905.2198248,
block1-000689,271.82870148681104,844.542418490164,39,105.0,271.14529197569937,843.8590089790523,0.6834095111116767,block1:s3,gated_rule_c,mixed,1785123902.4931142,1785123902.4937978,1785123902.7649503,1785123903.337664,
block1-000690,443.09300277382135,1063.8163718394935,48,12.5,441.65232800878584,1062.375697074458,1.44067476503551,block1:s3,gated_rule_c,mixed,1785123903.2897408,1785123903.2911818,1785123903.7328427,1785123904.353566,
block1-000691,412.0116753038019,1105.2171073388308,48,320.0,411.0058459918946,1104.2112780269235,1.0058293119072914,block1:s3,gated_rule_c,mixed,1785123903.4169817,1785123903.4179876,1785123903.8290005,1785123904.5222056,
block1-000692,59.22363139688969,2863.6273484444246,130,307.5,58.739737956784666,2863.1434550043195,0.483893440105021,block1:zero_tool,gated_rule_c,mixed,1785123903.9261045,1785123903.9265888,1785123903.9853363,1785123906.7897398,
block1-000693,442.17837671749294,1141.7434477480128,48,17.5,441.4375920314342,1141.002663061954,0.7407846860587597,block1:s3,gated_rule_c,mixed,1785123904.3148205,1785123904.3155615,1785123904.757007,1785123905.4565718,
block1-000694,482.95867105480283,1144.1559421364218,49,545.0,482.71104600280523,1143.9083170844242,0.24762505199760199,block1:s3,gated_rule_c,mixed,1785123904.3515239,1785123904.3517716,1785123904.8344898,1785123905.4956872,
block1-000695,71.58888352569193,2816.791362478398,128,545.0,69.59665904287249,2814.7991379955783,1.992224482819438,block1:zero_tool,gated_rule_c,mixed,1785123904.4920006,1785123904.4939933,1785123904.5635984,1785123907.308801,
block1-000696,458.53343384806067,1155.9839288238436,48,92.5,457.6256370637566,1155.0761320395395,0.9077967843040824,block1:s4,gated_rule_c,mixed,1785123905.036869,1785123905.0377772,1785123905.49541,1785123906.1928608,
block1-000697,462.2952794888988,1160.0098335184157,48,15.0,461.2475569592789,1158.9621109887958,1.0477225296199322,block1:s4,gated_rule_c,mixed,1785123905.052068,1785123905.0531158,1785123905.5143704,1785123906.2120852,
block1-000698,71.74856797792017,2808.273625909351,130,47.5,71.15896104369313,2807.6840189751238,0.5896069342270494,block1:zero_tool,gated_rule_c,mixed,1785123905.188605,1785123905.1891947,1785123905.260361,1785123907.996886,
block1-000699,54.666613577865064,3076.240745605901,140,15.0,54.46836201008409,3076.04249403812,0.19825156778097153,block1:zero_tool,gated_rule_c,mixed,1785123905.599703,1785123905.5999017,1785123905.6543772,1785123908.6759517,
block1-000700,443.5576780233532,1134.8309410968795,48,217.5,442.8310089278966,1134.104272001423,0.7266690954566002,block1:s4,gated_rule_c,mixed,1785123905.806617,1785123905.8073442,1785123906.2501814,1785123906.941455,
block1-000701,446.33449730463326,1161.1052533844486,48,322.5,445.72557392530143,1160.4963300051168,0.6089233793318272,block1:s4,gated_rule_c,mixed,1785123906.0527065,1785123906.0533159,1785123906.49905,1785123907.213821,
block1-000702,441.92016951274127,1114.6974355215207,48,105.0,441.33453897666186,1114.1118049854413,0.5856305360794067,block1:s4,gated_rule_c,mixed,1785123906.269969,1785123906.2705555,1785123906.7118993,1785123907.3846767,
block1-000703,401.80799935478717,1122.3100452916697,48,132.5,401.19823906570673,1121.7002850025892,0.609760289080441,block1:s4,gated_rule_c,mixed,1785123906.5199578,1785123906.5205677,1785123906.9217725,1785123907.6422746,
block1-000704,123.6101659014821,2823.3502078801394,136,20.0,122.9418779257685,2822.6819199044257,0.6682879757136106,block1:zero_tool,gated_rule_c,mixed,1785123906.9560034,1785123906.956672,1785123907.0796218,1785123909.7793617,
block1-000705,352.12431207764894,965.7253730110824,43,280.0,352.02320804819465,965.6242689816281,0.10110402945429087,block1:s1,gated_rule_c,mixed,1785123906.9570448,1785123906.9571462,1785123907.3091743,1785123907.9227753,
block1-000706,342.69895660690963,1020.2094505075365,43,485.0,341.49202704429626,1019.0025209449232,1.206929562613368,block1:s1,gated_rule_c,mixed,1785123907.3737123,1785123907.3749194,1785123907.7164204,1785123908.393931,
block1-000707,81.17857249453664,6831.253779469989,306,105.0,80.60175902210176,6830.676965997554,0.5768134724348783,block1:zero_tool,gated_rule_c,mixed,1785123907.4298563,1785123907.4304333,1785123907.5110419,1785123914.2611172,
block1-000708,377.42440786678344,941.0587848396972,42,177.5,376.47164694499224,940.106023917906,0.9527609217911959,block1:s1,gated_rule_c,mixed,1785123907.9778392,1785123907.9787922,1785123908.35527,1785123908.918904,
block1-000709,133.17862327676266,1343.639277270995,65,50.0,132.4937279568985,1342.954381951131,0.6848953198641539,block1:s1,gated_rule_c,mixed,1785123908.026411,1785123908.027096,1785123908.1595964,1785123909.3700569,
block1-000710,119.5049345260486,6490.779950516298,291,15.0,117.6149690290913,6488.889985019341,1.889965496957302,block1:zero_tool,gated_rule_c,mixed,1785123908.0630112,1785123908.0649016,1785123908.1825275,1785123914.5538027,
block1-000711,69.70970775000751,3082.4991987319663,149,17.5,69.34481195639819,3082.134302938357,0.3648957936093211,block1:zero_tool,gated_rule_c,mixed,1785123908.2101498,1785123908.2105153,1785123908.2798731,1785123911.2926626,
block1-000712,54.64965687133372,3407.8386957990006,161,95.0,53.823246038518846,3407.0122849661857,0.8264108328148723,block1:zero_tool,gated_rule_c,mixed,1785123908.9791853,1785123908.980012,1785123909.0338414,1785123912.3870308,
block1-000713,349.70798052381724,992.0885175233707,40,107.5,349.48646696284413,991.8670039623976,0.22151356097310781,block1:s2,gated_rule_c,mixed,1785123909.7651787,1785123909.7654004,1785123910.1148927,1785123910.7572734,
block1-000714,338.63855351228267,869.2340275738388,36,172.5,338.07801094371825,868.6734850052744,0.560542568564415,block1:s2,gated_rule_c,mixed,1785123909.9648776,1785123909.9654384,1785123910.303524,1785123910.8341198,
block1-000715,340.97600309178233,985.3656589984894,43,152.5,339.93168105371296,984.32133696042,1.0443220380693674,block1:s2,gated_rule_c,mixed,1785123910.0006852,1785123910.0017297,1785123910.3416686,1785123910.9860585,
block1-000716,342.2361670527607,841.903661028482,36,140.0,341.1968139698729,840.8643079455942,1.0393530828878284,block1:s2,gated_rule_c,mixed,1785123910.3178666,1785123910.3189063,1785123910.6601093,1785123911.159777,
block1-000717,53.89049998484552,2060.482981032692,93,105.0,53.32534993067384,2059.91783097852,0.5651500541716814,block1:zero_tool,gated_rule_c,mixed,1785123910.496082,1785123910.4966474,1785123910.5499797,1785123912.556572,
block1-000718,343.24264409951866,839.3491681199521,38,282.5,342.48953696805984,838.5960609884933,0.7531071314588189,block1:s2,gated_rule_c,mixed,1785123910.5475576,1785123910.548311,1785123910.890808,1785123911.3869145,
block1-000719,96.76568803843111,3379.6641710214317,139,17.5,95.45092203188688,3378.3494050148875,1.3147660065442324,block1:zero_tool,gated_rule_c,mixed,1785123910.999048,1785123911.000363,1785123911.0958216,1785123914.3787203,
block1-000720,248.86553327087313,813.8047842076048,38,135.0,248.1368719600141,813.0761228967458,0.7286613108590245,block1:s3,gated_rule_c,mixed,1785123911.0052018,1785123911.005931,1785123911.2540753,1785123911.8190145,
block1-000721,439.46595618035644,1242.08310211543,48,95.0,439.04282606672496,1241.6599720017985,0.4231301136314869,block1:s3,gated_rule_c,mixed,1785123911.7921846,1785123911.792608,1785123912.2316587,1785123913.034276,
block1-000722,390.4958580387756,1098.1419590534642,41,15.0,390.06230293307453,1097.7084039477631,0.4335551057010889,block1:s3,gated_rule_c,mixed,1785123911.819793,1785123911.820227,1785123912.210296,1785123912.9179418,
block1-000723,555.7839190587401,1478.4269580850378,48,820.0,555.33329595346,1477.9763349797577,0.4506231052801013,block1:s3,gated_rule_c,mixed,1785123912.2058585,1785123912.2063093,1785123912.76165,1785123913.684293,
block1-000724,432.89551872294396,1284.1419946635142,41,117.5,432.58784303907305,1283.8343189796433,0.3076756838709116,block1:s3,gated_rule_c,mixed,1785123912.3479989,1785123912.3483067,1785123912.7809007,1785123913.6321473,
block1-000725,464.4649226684123,1349.056917708367,43,282.5,463.0336279515177,1347.6256229914725,1.4312947168946266,block1:s3,gated_rule_c,mixed,1785123912.3747222,1785123912.376154,1785123912.8391945,1785123913.7237866,
block1-000726,87.86271477583796,5264.9889518506825,220,357.5,87.46563491877168,5264.591871993616,0.3970798570662737,block1:zero_tool,gated_rule_c,mixed,1785123912.3929064,1785123912.3933039,1785123912.4807773,1785123917.6579037,
block1-000727,458.6628144606948,1447.6483843754977,48,282.5,457.5426480732858,1446.5282179880887,1.1201663874089718,block1:s3,gated_rule_c,mixed,1785123912.516787,1785123912.5179074,1785123912.9754574,1785123913.9644432,
block1-000728,433.2081765169278,1422.5742644630373,48,92.5,432.7379120513797,1422.1039999974892,0.4702644655480981,block1:s4,gated_rule_c,mixed,1785123912.5808887,1785123912.5813594,1785123913.0141044,1785123914.0034707,
block1-000729,674.1492091678083,1366.2252721842378,48,172.5,673.7988889217377,1365.8749519381672,0.3503202460706234,block1:s4,gated_rule_c,mixed,1785123913.187811,1785123913.1881616,1785123913.8619668,1785123914.5540428,
block1-000730,729.7420110553503,1357.1384550305083,48,280.0,729.3224179884419,1356.7188619636,0.41959306690841913,block1:s4,gated_rule_c,mixed,1785123913.2345383,1785123913.2349584,1785123913.9642904,1785123914.591687,
block1-000731,682.4045407120138,1309.4879856798798,48,350.0,681.6164860501885,1308.6999310180545,0.7880546618252993,block1:s4,gated_rule_c,mixed,1785123913.3004825,1785123913.3012707,1785123913.9828947,1785123914.6099782,
block1-000732,674.6229393174872,1299.8479853849858,48,322.5,673.9248079247773,1299.149853992276,0.6981313927099109,block1:s4,gated_rule_c,mixed,1785123913.3287458,1785123913.3294444,1785123914.0033767,1785123914.6286016,
block1-000733,676.5995729947463,1301.4238610630855,48,17.5,676.2068759417161,1301.0311640100554,0.39269705303013325,block1:s4,gated_rule_c,mixed,1785123913.3463488,1785123913.3467417,1785123914.0229554,1785123914.6477797,
block1-000734,675.4092986229807,1300.0719476258382,48,12.5,675.3695500083268,1300.0321990111843,0.03974861465394497,block1:s4,gated_rule_c,mixed,1785123913.3475828,1785123913.3476226,1785123914.0229971,1785123914.64766,
block1-000735,626.5210122801363,1249.314101296477,48,52.5,626.1218470754102,1248.9149360917509,0.3991652047261596,block1:s4,gated_rule_c,mixed,1785123913.4163134,1785123913.416713,1785123914.0428438,1785123914.6656368,
block1-000736,536.8637398350984,1126.5538778388873,43,10.0,536.2898439634591,1125.979981967248,0.5738958716392517,block1:s1,gated_rule_c,mixed,1785123913.4273765,1785123913.4279509,1785123913.9642477,1785123914.5539377,
block1-000737,131.38642231933773,1551.0626402683556,66,12.5,130.33249403815717,1550.008711987175,1.0539282811805606,block1:s1,gated_rule_c,mixed,1785123913.8331628,1785123913.834217,1785123913.9645562,1785123915.3842328,
block1-000738,56.783338193781674,7460.907091153786,332,20.0,55.71020802017301,7459.833960980177,1.0731301736086607,block1:zero_tool,gated_rule_c,mixed,1785123914.759776,1785123914.7608495,1785123914.8165672,1785123922.2206907,
block1-000739,117.25956399459392,1663.4414079599082,71,95.0,116.64828797802329,1662.8301319433376,0.6112760165706277,block1:s1,gated_rule_c,mixed,1785123914.838802,1785123914.8394136,1785123914.9560688,1785123916.5022507,
block1-000740,409.0224482351914,921.7651762301102,36,105.0,408.3570910152048,921.0998190101236,0.6653572199866176,block1:s1,gated_rule_c,mixed,1785123914.8814044,1785123914.8820703,1785123915.2904341,1785123915.8031764,
block1-000741,67.3745417734608,6597.602109774016,297,10.0,66.61570002324879,6596.843268023804,0.7588417502120137,block1:zero_tool,gated_rule_c,mixed,1785123915.1035762,1785123915.1043353,1785123915.1709602,1785123921.7011876,
block1-000742,434.56298881210387,1080.9434547554702,47,15.0,432.672041002661,1079.0525069460273,1.8909478094428778,block1:s1,gated_rule_c,mixed,1785123915.155474,1785123915.1573656,1785123915.5900483,1785123916.2364287,
block1-000743,367.36794165335596,878.3089926000684,37,100.0,366.8046670500189,877.7457179967314,0.5632746033370495,block1:s1,gated_rule_c,mixed,1785123915.6607792,1785123915.6613429,1785123916.0281553,1785123916.5390964,
block1-000744,55.58967299293727,3559.846000978723,165,10.0,55.22567103616893,3559.481999021955,0.3640019567683339,block1:zero_tool,gated_rule_c,mixed,1785123916.014005,1785123916.0143692,1785123916.069602,1785123919.5738585,
block1-000745,56.37580424081534,4354.217977263033,192,107.5,56.09505798202008,4353.937231004238,0.2807462587952614,block1:zero_tool,gated_rule_c,mixed,1785123916.186871,1785123916.187152,1785123916.2432525,1785123920.5410945,
block1-000746,357.1316093439236,972.9841353837401,37,10.0,356.545144924894,972.3976709647104,0.5864644190296531,block1:s2,gated_rule_c,mixed,1785123916.2568433,1785123916.25743,1785123916.6139834,1785123917.229836,
block1-000747,91.18481213226914,1692.1252651372924,74,172.5,90.15831293072551,1691.0987659357488,1.0264992015436292,block1:s2,gated_rule_c,mixed,1785123916.4475193,1785123916.448546,1785123916.5387108,1785123918.1396513,
block1-000748,342.70467108581215,880.0830520922318,35,297.5,341.96778293699026,879.3461639434099,0.7368881488218904,block1:s2,gated_rule_c,mixed,1785123916.5853853,1785123916.5861225,1785123916.9280977,1785123917.465476,
block1-000749,358.4430371411145,899.7576570836827,38,95.0,358.29253506381065,899.6071550063789,0.1505020773038268,block1:s2,gated_rule_c,mixed,1785123916.6858685,1785123916.6860192,1785123917.044318,1785123917.5856326,
block1-000750,393.24400236364454,897.4594534374774,38,135.0,391.3637689547613,895.5792200285941,1.880233408883214,block1:s2,gated_rule_c,mixed,1785123917.0322454,1785123917.034126,1785123917.425499,1785123917.9297144,
block1-000751,269.308510934934,888.6655808892101,40,485.0,268.84998998139054,888.2070599356666,0.4585209535434842,block1:s2,gated_rule_c,mixed,1785123917.1372747,1785123917.1377335,1785123917.4065914,1785123918.0259488,
block1-000752,68.58583923894912,2326.4835462905467,110,280.0,66.90774892922491,2324.8054559808224,1.6780903097242117,block1:zero_tool,gated_rule_c,mixed,1785123917.3380566,1785123917.3397348,1785123917.40665,1785123919.6645484,
block1-000753,415.28878395911306,1065.5400709947571,48,820.0,414.98598200269043,1065.2372690383345,0.30280195642262697,block1:s3,gated_rule_c,mixed,1785123917.5330882,1785123917.5333915,1785123917.948385,1785123918.5986364,
block1-000754,64.31968044489622,3472.7689834544435,154,187.5,63.53175698313862,3471.981059992686,0.7879234617576003,block1:zero_tool,gated_rule_c,mixed,1785123917.8457935,1785123917.846582,1785123917.9101222,1785123921.3185716,
block1-000755,277.32175483834,939.3775708740577,41,170.0,276.95702703204006,939.0128430677578,0.36472780629992485,block1:s3,gated_rule_c,mixed,1785123918.3786516,1785123918.3790166,1785123918.655981,1785123919.3180368,
block1-000756,93.73305540066212,3782.8497833106667,165,12.5,93.17874803673476,3782.2954759467393,0.5543073639273643,block1:zero_tool,gated_rule_c,mixed,1785123918.3821113,1785123918.3826656,1785123918.4758518,1785123922.164969,
block1-000757,72.5372756132856,3736.0867916140705,164,550.0,71.67020405177027,3735.219720052555,0.8670715615153313,block1:zero_tool,gated_rule_c,mixed,1785123918.429328,1785123918.430196,1785123918.5018759,1785123922.1654253,
block1-000758,414.0904335072264,1112.2466365341097,48,282.5,413.59102295245975,1111.747225979343,0.49941055476665497,block1:s3,gated_rule_c,mixed,1785123918.7088344,1785123918.7093344,1785123919.1229327,1785123919.8210888,
block1-000759,82.8542613890022,3715.633550309576,165,117.5,80.800915020518,3713.580203941092,2.053346368484199,block1:zero_tool,gated_rule_c,mixed,1785123918.7681918,1785123918.7702456,1785123918.8510566,1785123922.4838357,
block1-000760,480.0516867544502,1296.5198287274688,48,320.0,479.02046295348555,1295.4886049265042,1.0312238009646535,block1:s4,gated_rule_c,mixed,1785123919.5298655,1785123919.530897,1785123920.009924,1785123920.8263917,
block1-000761,536.7296799086034,1273.441850906238,48,135.0,536.0007769195363,1272.7129479171708,0.7289029890671372,block1:s4,gated_rule_c,mixed,1785123919.6711938,1785123919.6719232,1785123920.2079318,1785123920.9446437,
block1-000762,87.67777727916837,3574.209013255313,155,572.5,85.59355896431953,3572.124794940464,2.0842183148488402,block1:zero_tool,gated_rule_c,mixed,1785123919.7337186,1785123919.7358031,1785123919.821403,1785123923.3079345,
block1-000763,577.1320819621906,1238.3100598817691,48,100.0,576.77206909284,1237.9500470124185,0.36001286935061216,block1:s4,gated_rule_c,mixed,1785123919.904579,1785123919.9049392,1785123920.4817183,1785123921.1428964,
block1-000764,573.2321619288996,1234.2654198873788,48,70.0,573.0685900198296,1234.1018479783088,0.16357190907001495,block1:s4,gated_rule_c,mixed,1785123919.9084337,1785123919.9085975,1785123920.481672,1785123921.1427052,
block1-000765,541.9063868466765,1202.8008258203045,48,95.0,541.3514610845596,1202.2459000581875,0.554925762116909,block1:s4,gated_rule_c,mixed,1785123919.9587207,1785123919.9592757,1785123920.5006342,1785123921.1615286,
block1-000766,476.55330842826515,1184.0462393593043,49,95.0,476.17760009597987,1183.670531027019,0.375708332285285,block1:s4,gated_rule_c,mixed,1785123920.2894545,1785123920.2898304,1785123920.7660167,1785123921.4735093,
block1-000767,459.47421493474394,1146.7267139814794,48,172.5,459.11425189115107,1146.3667509378865,0.35996304359287024,block1:s4,gated_rule_c,mixed,1785123920.3460338,1785123920.3463943,1785123920.8055172,1785123921.4927697,
block1-000768,337.23179111257195,979.8249311279505,43,322.5,335.2452479302883,977.8383879456669,1.98654318228364,block1:s1,gated_rule_c,mixed,1785123920.608205,1785123920.6101918,1785123920.9454446,1785123921.588038,
block1-000769,364.3679787637666,816.196322790347,37,105.0,363.23203099891543,815.0603750254959,1.135947764851153,block1:s1,gated_rule_c,mixed,1785123921.1470048,1785123921.1481411,1785123921.5113811,1785123921.9632094,
block1-000770,402.6036481373012,1077.0734321558848,43,15.0,402.0943329669535,1076.564116985537,0.5093151703476906,block1:s1,gated_rule_c,mixed,1785123921.9299972,1785123921.930507,1785123922.3326085,1785123923.0070784,
block1-000771,134.60741564631462,1688.5514185996726,69,85.0,134.1769500868395,1688.1209530401975,0.4304655594751239,block1:s1,gated_rule_c,mixed,1785123922.0114417,1785123922.0118725,1785123922.1460564,1785123923.7000005,
block1-000772,378.0947686173022,879.6507616061717,36,12.5,377.2712870268151,878.8272800156847,0.8234815904870629,block1:s1,gated_rule_c,mixed,1785123922.5343142,1785123922.5351384,1785123922.9124246,1785123923.413981,
block1-000773,104.73883210215718,4294.595466111787,189,15.0,104.10460096318275,4293.961234972812,0.6342311389744282,block1:zero_tool,gated_rule_c,mixed,1785123922.5601876,1785123922.560822,1785123922.6649342,1785123926.8547907,
block1-000774,296.8079400015995,1026.9889399642125,40,12.5,295.0055080000311,1025.186507962644,1.802432001568377,block1:s1,gated_rule_c,mixed,1785123922.7288563,1785123922.730659,1785123923.0256717,1785123923.7558525,
block1-000775,52.93556081596762,2637.1901858365163,114,15.0,52.29497002437711,2636.549595044926,0.6405907915905118,block1:zero_tool,gated_rule_c,mixed,1785123923.1070886,1785123923.1077294,1785123923.160032,1785123925.7442868,
block1-000776,280.02676111645997,1049.7107912087813,40,170.0,278.5953279817477,1048.279358074069,1.4314331347122788,block1:s2,gated_rule_c,mixed,1785123923.2284708,1785123923.2299027,1785123923.5085082,1785123924.278192,
block1-000777,476.64178314153105,1086.2511020386592,42,572.5,475.6759830052033,1085.2853019023314,0.9658001363277435,block1:s2,gated_rule_c,mixed,1785123923.4943192,1785123923.4952853,1785123923.970971,1785123924.5805814,
block1-000778,487.450189772062,1094.198083737865,43,10.0,486.8787130108103,1093.6266069766134,0.571476761251688,block1:s2,gated_rule_c,mixed,1785123923.5025363,1785123923.503108,1785123923.9899933,1785123924.5967414,
block1-000779,476.55925806611776,1100.6648790789768,43,572.5,475.98987200763077,1100.0954930204898,0.5693860584869981,block1:s2,gated_rule_c,mixed,1785123923.532373,1785123923.5329425,1785123924.008942,1785123924.6330476,
block1-000780,351.30791272968054,860.1124407723546,36,287.5,350.8027819916606,859.6073100343347,0.5051307380199432,block1:s2,gated_rule_c,mixed,1785123923.7726793,1785123923.7731848,1785123924.123995,1785123924.6327996,
block1-000781,474.09092728048563,1157.0687043713406,49,287.5,473.5616749385372,1156.5394520293921,0.5292523419484496,block1:s2,gated_rule_c,mixed,1785123923.8216705,1785123923.8222,1785123924.2957683,1785123924.9787462,
block1-000782,364.9560717167333,897.7851517265663,38,20.0,364.23479206860065,897.0638720784336,0.7212796481326222,block1:s2,gated_rule_c,mixed,1785123924.2679543,1785123924.2686758,1785123924.6329188,1785123925.1657481,
block1-000783,65.70100365206599,3113.773390650749,136,15.0,64.97873191256076,3113.051118911244,0.7222717395052314,block1:zero_tool,gated_rule_c,mixed,1785123924.5714006,1785123924.5721238,1785123924.637113,1785123927.6851854,
block1-000784,298.7744187703356,759.192818775773,32,307.5,298.2685840688646,758.686984074302,0.5058347014710307,block1:s3,gated_rule_c,mixed,1785123924.660926,1785123924.661432,1785123924.959708,1785123925.4201264,
block1-000785,276.25392202753574,856.6162909846753,39,17.5,275.9089940227568,856.2713629798964,0.3449280047789216,block1:s3,gated_rule_c,mixed,1785123924.7594814,1785123924.7598267,1785123925.0357428,1785123925.6161058,
block1-000786,91.57195163425058,3451.471673557535,150,485.0,91.35059104301035,3451.2503129662946,0.22136059124022722,block1:zero_tool,gated_rule_c,mixed,1785123924.8113213,1785123924.811543,1785123924.9029036,1785123928.2628038,
block1-000787,70.09309076238424,3065.3597097843885,131,307.5,69.25351999234408,3064.5201390143484,0.8395707700401545,block1:zero_tool,gated_rule_c,mixed,1785123925.1009045,1785123925.1017442,1785123925.171005,1785123928.1662717,
block1-000788,58.670092606917024,5984.8039706703275,262,287.5,57.88635089993477,5984.020228963345,0.783741706982255,block1:zero_tool,gated_rule_c,mixed,1785123925.2098837,1785123925.2106678,1785123925.2685623,1785123931.1946962,
block1-000789,490.9580814419314,1189.0096265124157,48,92.5,490.8397779799998,1188.891323050484,0.11830346193164587,block1:s3,gated_rule_c,mixed,1785123925.551192,1785123925.5513105,1785123926.042156,1785123926.7402077,
block1-000790,589.7624675417319,1095.0603415258229,43,160.0,588.8287239940837,1094.1265979781747,0.9337435476481915,block1:s3,gated_rule_c,mixed,1785123925.5670137,1785123925.5679479,1785123926.1567833,1785123926.6620812,
block1-000791,435.96098432317376,1113.6556572746485,48,60.0,434.8822169704363,1112.576889921911,1.0787673527374864,block1:s3,gated_rule_c,mixed,1785123925.6833797,1785123925.6844585,1785123926.1193485,1785123926.797043,
block1-000792,448.0843961937353,1180.3549701580778,48,20.0,446.5273260138929,1178.7978999782354,1.5570701798424125,block1:s4,gated_rule_c,mixed,1785123926.0353973,1785123926.0369546,1785123926.483492,1785123927.2157621,
block1-000793,408.2099206279963,1140.1071975706145,48,15.0,407.2859860025346,1139.1832629451528,0.9239346254616976,block1:s4,gated_rule_c,mixed,1785123926.272861,1785123926.273785,1785123926.6810777,1785123927.412975,
block1-000794,69.95688786264509,2899.5413038646802,122,412.5,69.56429907586426,2899.1487150778994,0.3925887867808342,block1:zero_tool,gated_rule_c,mixed,1785123926.4944272,1785123926.49482,1785123926.564393,1785123929.3939779,
block1-000795,473.0270941508934,1289.336584159173,48,280.0,472.53043996170163,1288.8399299699813,0.49665418919175863,block1:s4,gated_rule_c,mixed,1785123926.838192,1785123926.838689,1785123927.3112266,1785123928.127536,
block1-000796,450.00872504897416,1266.7392330477014,48,95.0,449.4092840468511,1266.1397920455784,0.5994410021230578,block1:s4,gated_rule_c,mixed,1785123926.8999386,1785123926.9005384,1785123927.3499548,1785123928.166685,
block1-000797,416.2710764212534,1227.3371453629807,48,320.0,415.9638719866052,1227.0299409283325,0.30720443464815617,block1:s4,gated_rule_c,mixed,1785123926.9966094,1785123926.9969168,1785123927.4128878,1785123928.223954,
block1-000798,511.01346814539284,1239.8485471494496,48,395.0,510.8136869966984,1239.6487660007551,0.19978114869445562,block1:s4,gated_rule_c,mixed,1785123927.3769135,1785123927.3771136,1785123927.8879352,1785123928.6167698,
block1-000799,463.50448741577566,1190.5024063307792,48,10.0,462.33794500585645,1189.33586392086,1.1665424099192023,block1:s4,gated_rule_c,mixed,1785123927.483479,1785123927.4846458,1785123927.946991,1785123928.6739888,
block1-000800,86.00122400093824,3462.204654002562,148,17.5,85.83041303791106,3462.033843039535,0.17081096302717924,block1:zero_tool,gated_rule_c,mixed,1785123927.4890795,1785123927.4892507,1785123927.5750873,1785123930.9512908,
block1-000801,91.71248762868345,6017.495594569482,267,107.5,90.15393001027405,6015.9370369510725,1.5585576184093952,block1:zero_tool,gated_rule_c,mixed,1785123927.5342193,1785123927.535778,1785123927.6259408,1785123933.5517237,
block1-000802,339.41853616852313,1054.9611961469054,43,25.0,338.47266691736877,1054.015326895751,0.9458692511543632,block1:s1,gated_rule_c,mixed,1785123927.6864595,1785123927.6874056,1785123928.0258856,1785123928.7414281,
block1-000803,384.62407898623496,966.5637309662998,36,12.5,384.10868495702744,966.0483369370922,0.5153940292075276,block1:s1,gated_rule_c,mixed,1785123928.000376,1785123928.0008917,1785123928.3850088,1785123928.9669487,
block1-000804,312.312547583133,947.6113555720076,39,170.0,311.2920429557562,946.5908509446308,1.0205046273767948,block1:s1,gated_rule_c,mixed,1785123928.2458172,1785123928.246838,1785123928.5581372,1785123929.193436,
block1-000805,118.95621987059712,1550.071939942427,65,60.0,118.6030579265207,1549.7187779983506,0.3531619440764189,block1:s1,gated_rule_c,mixed,1785123928.6724796,1785123928.6728332,1785123928.7914455,1785123930.2225616,
block1-000806,117.29782004840672,1631.379161030054,69,92.5,116.5053000440821,1630.5866410257295,0.792520004324615,block1:s1,gated_rule_c,mixed,1785123928.8498774,1785123928.85067,1785123928.9671817,1785123930.4812632,
block1-000807,350.49993137363344,790.9313903655857,31,15.0,349.2367829894647,789.6682419814169,1.263148384168744,block1:s1,gated_rule_c,mixed,1785123929.3181117,1785123929.319375,1785123929.6686192,1785123930.1090505,
block1-000808,379.59838390816003,911.4984568441287,38,145.0,379.13747399579734,911.037546931766,0.46090991236269474,block1:s2,gated_rule_c,mixed,1785123929.3847184,1785123929.3851798,1785123929.764324,1785123930.2962236,
block1-000809,402.6365961181,893.3376390486956,38,105.0,402.40126999560744,893.102312926203,0.2353261224925518,block1:s2,gated_rule_c,mixed,1785123929.438827,1785123929.4390628,1785123929.8414707,1785123930.332172,
block1-000810,338.9173593604937,846.1944353766739,36,12.5,338.0092940060422,845.2863700222224,0.9080653544515371,block1:s2,gated_rule_c,mixed,1785123930.236123,1785123930.2370315,1785123930.575048,1785123931.082325,
block1-000811,96.2193536106497,12443.053897586651,573,10.0,95.33491404727101,12442.169458023272,0.8844395633786917,block1:zero_tool,gated_rule_c,mixed,1785123930.257324,1785123930.2582088,1785123930.3535516,1785123942.700386,
block1-000812,356.30554670933634,793.8330436591059,35,297.5,355.4795919917524,793.0070889415219,0.8259547175839543,block1:s2,gated_rule_c,mixed,1785123930.3824131,1785123930.3832395,1785123930.7387254,1785123931.1762526,
block1-000813,457.561636576429,1074.679092504084,49,12.5,456.21814706828445,1073.3356029959396,1.3434895081445575,block1:s2,gated_rule_c,mixed,1785123930.568022,1785123930.5693657,1785123931.0255902,1785123931.6427078,
block1-000814,58.405407587997615,3473.411290673539,163,15.0,57.32519493903965,3472.331078024581,1.0802126489579678,block1:zero_tool,gated_rule_c,mixed,1785123930.7594662,1785123930.760547,1785123930.8178804,1785123934.2328863,
block1-000815,355.60677014291286,929.7524661524221,37,95.0,354.5857990393415,928.7314950488508,1.0209711035713553,block1:s2,gated_rule_c,mixed,1785123931.3993115,1785123931.4003325,1785123931.754925,1785123932.3290708,
block1-000816,287.1352806687355,828.0032236361876,32,15.0,285.5787050211802,826.4466479886323,1.5565756475552917,block1:s3,gated_rule_c,mixed,1785123931.5601788,1785123931.5617354,1785123931.8473203,1785123932.3881884,
block1-000817,285.7123630819842,962.3965970240533,39,117.5,284.6368399914354,961.3210739335045,1.0755230905488133,block1:s3,gated_rule_c,mixed,1785123931.7308884,1785123931.7319639,1785123932.0166075,1785123932.6932912,
block1-000818,414.31075090076774,972.372222924605,41,12.5,412.6327430130914,970.6942150369287,1.6780078876763582,block1:s3,gated_rule_c,mixed,1785123931.952827,1785123931.9545052,1785123932.367147,1785123932.9252083,
block1-000819,91.67012933176011,9811.261345283128,453,170.0,91.30079601891339,9810.892011970282,0.3693333128467202,block1:zero_tool,gated_rule_c,mixed,1785123931.9600792,1785123931.9604487,1785123932.0517552,1785123941.7713466,
block1-000820,462.6123955240473,1076.069635571912,48,320.0,461.7513329721987,1075.2085730200633,0.8610625518485904,block1:s3,gated_rule_c,mixed,1785123932.0198917,1785123932.020753,1785123932.4825132,1785123933.0959704,
block1-000821,61.90099357627332,3336.1999505432323,164,10.0,61.56065396498889,3335.859610931948,0.3403396112844348,block1:zero_tool,gated_rule_c,mixed,1785123932.1890843,1785123932.1894248,1785123932.2509918,1785123935.5252907,
block1-000822,463.00632890779525,979.0829458506778,43,322.5,462.66120800282806,978.7378249457106,0.34512090496718884,block1:s3,gated_rule_c,mixed,1785123932.3641865,1785123932.364532,1785123932.8272,1785123933.3432765,
block1-000823,65.92632678803056,3134.8560597980395,154,115.0,65.45829295646399,3134.388025966473,0.4680338315665722,block1:zero_tool,gated_rule_c,mixed,1785123932.8205755,1785123932.8210437,1785123932.8865101,1785123935.9554398,
block1-000824,452.73823372554034,1096.2755287764594,48,395.0,451.6211989102885,1095.1584939612076,1.1170348152518272,block1:s4,gated_rule_c,mixed,1785123933.0990624,1785123933.1001797,1785123933.551808,1785123934.1953456,
block1-000825,402.422082494013,1046.0530665004626,48,107.5,402.2185620851815,1045.849546091631,0.20352040883153677,block1:s4,gated_rule_c,mixed,1785123933.2617807,1785123933.2619846,1785123933.6642122,1785123934.307843,
block1-000826,407.4038891121745,1002.9421111103147,48,52.5,406.16205194965005,1001.7002739477903,1.2418371625244617,block1:s4,gated_rule_c,mixed,1785123933.9378872,1785123933.9391294,1785123934.3452995,1785123934.9408374,
block1-000827,402.04361034557223,1075.4286552546546,48,287.5,400.88183304760605,1074.2668779566884,1.1617772979661822,block1:s4,gated_rule_c,mixed,1785123935.1597474,1785123935.1609094,1785123935.5617988,1785123936.235184,
block1-000828,59.60213555954397,3587.782067595981,165,105.0,58.531702030450106,3586.711634066887,1.0704335290938616,block1:zero_tool,gated_rule_c,mixed,1785123935.3157525,1785123935.3168232,1785123935.3753617,1785123938.9035418,
block1-000829,403.35908089764416,1104.6292929677293,48,282.5,403.13821099698544,1104.4084230670705,0.2208699006587267,block1:s4,gated_rule_c,mixed,1785123935.6253033,1785123935.6255245,1785123936.0286696,1785123936.7299397,
block1-000830,441.9224663870409,1074.7111294185743,48,115.0,441.62927102297544,1074.4179340545088,0.2931953640654683,block1:s4,gated_rule_c,mixed,1785123936.0915446,1785123936.0918381,1785123936.5334733,1785123937.166262,
block1-000831,434.6910633612424,1058.6372844409198,49,105.0,434.07358997501433,1058.0198110546917,0.6174733862280846,block1:s4,gated_rule_c,mixed,1785123936.3320866,1785123936.3327043,1785123936.7667835,1785123937.3907297,
block1-000832,302.52807296346873,921.1421029176563,43,15.0,302.1985669620335,920.8125969162211,0.32950600143522024,block1:s1,gated_rule_c,mixed,1785123936.6145065,1785123936.6148362,1785123936.917041,1785123937.5356553,
block1-000833,52.55000200122595,11563.223132980056,531,22.5,51.920586032792926,11562.593717011623,0.6294159684330225,block1:zero_tool,gated_rule_c,mixed,1785123936.9247434,1785123936.9253728,1785123936.9772995,1785123948.4879725,
block1-000834,330.5624723434448,1018.6664503999054,36,177.5,329.47867293842137,1017.582650994882,1.0837994050234556,block1:s1,gated_rule_c,mixed,1785123937.3583107,1785123937.3593948,1785123937.6888812,1785123938.3769853,
block1-000835,70.91688318178058,3027.4904621765018,129,117.5,68.88965703547001,3025.463236030191,2.027226146310568,block1:zero_tool,gated_rule_c,mixed,1785123937.4260123,1785123937.4280398,1785123937.4969366,1785123940.4535098,
block1-000836,57.9130892874673,3475.916057359427,152,412.5,56.95614998694509,3474.959118058905,0.9569393005222082,block1:zero_tool,gated_rule_c,mixed,1785123937.5178385,1785123937.5187957,1785123937.5757608,1785123940.993764,
block1-000837,54.844597121700644,7548.398010083474,336,17.5,54.29187405388802,7547.845287015662,0.5527230678126216,block1:zero_tool,gated_rule_c,mixed,1785123937.7319162,1785123937.732469,1785123937.7867694,1785123945.2803228,
block1-000838,445.1330564916134,1028.7113355007023,39,15.0,444.61232994217426,1028.1906089512631,0.5207265494391322,block1:s1,gated_rule_c,mixed,1785123938.0094624,1785123938.0099833,1785123938.454603,1785123939.0381813,
block1-000839,435.77307101804763,884.8391480278224,31,17.5,435.55186805315316,884.6179450629279,0.22120296489447355,block1:s1,gated_rule_c,mixed,1785123938.018986,1785123938.0192075,1785123938.4547668,1785123938.9038332,
block1-000840,546.9033314147964,1013.116778456606,38,17.5,546.2676050374284,1012.481052079238,0.6357263773679733,block1:s2,gated_rule_c,mixed,1785123938.0247445,1785123938.0253804,1785123938.5716553,1785123939.0378685,
block1-000841,187.49090132769197,1532.292599324137,67,320.0,187.23797390703112,1532.0396719034761,0.2529274206608534,block1:s2,gated_rule_c,mixed,1785123938.1692028,1785123938.1694558,1785123938.3567014,1785123939.701503,
block1-000842,332.62451214250177,869.7773980675265,36,412.5,332.1718140505254,869.3246999755502,0.4526980919763446,block1:s2,gated_rule_c,mixed,1785123939.1940281,1785123939.1944811,1785123939.526661,1785123940.0638134,
block1-000843,328.1336835352704,1099.9059096211568,43,105.0,326.7786420183256,1098.550868104212,1.355041516944766,block1:s2,gated_rule_c,mixed,1785123939.3534615,1785123939.3548167,1785123939.681601,1785123940.4533734,
block1-000844,55.82399247214198,3441.4048715261742,150,282.5,54.77921199053526,3440.3600910445675,1.0447804816067219,block1:zero_tool,gated_rule_c,mixed,1785123939.4712486,1785123939.4722934,1785123939.5270786,1785123942.9126596,
block1-000845,56.54526979196817,4222.8478118777275,178,22.5,56.41215294599533,4222.714695031755,0.13311684597283602,block1:zero_tool,gated_rule_c,mixed,1785123939.8019865,1785123939.8021197,1785123939.858539,1785123944.0248415,
block1-000846,415.6571306521073,1091.910270624794,44,15.0,414.85204093623906,1091.1051809089258,0.8050897158682346,block1:s2,gated_rule_c,mixed,1785123939.8629932,1785123939.8637989,1785123940.2786574,1785123940.9549108,
block1-000847,374.72068739589304,927.6847743894905,37,155.0,372.8737919591367,925.8378789527342,1.8468954367563128,block1:s2,gated_rule_c,mixed,1785123939.948067,1785123939.9499142,1785123940.322795,1785123940.8757591,
block1-000848,351.3818320352584,936.0547630349174,38,20.0,350.7434380007908,935.4163690004498,0.6383940344676375,block1:s3,gated_rule_c,mixed,1785123940.1354918,1785123940.1361306,1785123940.4868813,1785123941.0715544,
block1-000849,105.48716899938881,2951.5543159795925,128,52.5,105.21439800504595,2951.2815449852496,0.27277099434286356,block1:zero_tool,gated_rule_c,mixed,1785123940.155202,1785123940.155475,1785123940.2606962,1785123943.1067634,
block1-000850,461.4391307113692,1168.610390741378,48,70.0,461.08871896285564,1168.2599789928645,0.35041174851357937,block1:s3,gated_rule_c,mixed,1785123940.271534,1785123940.271885,1785123940.7329807,1785123941.4401522,
block1-000851,312.0914329774678,983.5372898960486,41,412.5,311.55633402522653,983.0021909438074,0.5350989522412419,block1:s3,gated_rule_c,mixed,1785123940.3017943,1785123940.3023295,1785123940.6138928,1785123941.2853386,
block1-000852,87.8039924427867,3440.7160724513233,146,135.0,85.65996994730085,3438.5720499558374,2.1440224954858422,block1:zero_tool,gated_rule_c,mixed,1785123940.4068503,1785123940.408995,1785123940.4946616,1785123943.8475738,
block1-000853,75.30004426371306,2779.020537273027,119,15.0,73.88032204471529,2777.600815054029,1.4197222189977765,block1:zero_tool,gated_rule_c,mixed,1785123940.8005528,1785123940.8019726,1785123940.8758612,1785123943.5795817,
block1-000854,580.9577276231721,1133.4056615596637,43,107.5,580.3833670215681,1132.8313009580597,0.5743606016039848,block1:s3,gated_rule_c,mixed,1785123941.111924,1785123941.1124985,1785123941.6928895,1785123942.2453372,
block1-000855,390.6342856353149,1139.509420725517,43,15.0,390.31145290937275,1139.1865879995748,0.32283272594213486,block1:s3,gated_rule_c,mixed,1785123941.322607,1785123941.32293,1785123941.7132485,1785123942.4621236,
block1-000856,502.0776386372745,1216.1181987030432,48,117.5,501.3738909037784,1215.414450969547,0.7037477334961295,block1:s4,gated_rule_c,mixed,1785123941.4843884,1785123941.4850924,1785123941.9864738,1785123942.7005143,
block1-000857,499.1147903492674,1213.2196703460068,48,17.5,498.2218269724399,1212.3267069691792,0.892963376827538,block1:s4,gated_rule_c,mixed,1785123941.4868839,1785123941.4877772,1785123941.986006,1785123942.700111,
block1-000858,419.5545684779063,1126.7697144066915,48,115.0,417.38625208381563,1124.6013980126008,2.1683163940906525,block1:s4,gated_rule_c,mixed,1785123941.6896105,1785123941.6917794,1785123942.109176,1785123942.8163912,
block1-000859,464.93366023059934,1126.0185291757807,48,70.0,463.8947300845757,1124.979599029757,1.038930146023631,block1:s4,gated_rule_c,mixed,1785123942.0754292,1785123942.0764685,1785123942.540372,1785123943.2014568,
block1-000860,80.56951279286295,3741.935637779534,174,105.0,80.21964004728943,3741.5857650339603,0.34987274557352066,block1:zero_tool,gated_rule_c,mixed,1785123942.1447353,1785123942.1450858,1785123942.2253132,1785123945.8866794,
block1-000861,412.5898788915947,1066.7775839101523,48,15.0,412.0481020072475,1066.2358070258051,0.5417768843472004,block1:s4,gated_rule_c,mixed,1785123942.2470174,1785123942.2475598,1785123942.659615,1785123943.3138027,
block1-000862,499.43436740431935,1236.050815321505,48,10.0,498.6279810545966,1235.2444289717823,0.806386349722743,block1:s4,gated_rule_c,mixed,1785123943.0797832,1785123943.0805898,1785123943.5792253,1785123944.3158417,
block1-000863,85.80518863163888,2944.223845610395,139,75.0,85.06896498147398,2943.48762196023,0.7362236501649022,block1:zero_tool,gated_rule_c,mixed,1785123943.3172555,1785123943.317992,1785123943.403069,1785123946.2614877,
block1-000864,484.9639879539609,1069.9096400057897,43,172.5,484.67048397287726,1069.616136024706,0.2935039810836315,block1:s1,gated_rule_c,mixed,1785123943.3429573,1785123943.3432512,1785123943.827928,1785123944.4128737,
block1-000865,125.99171313922852,1583.979991148226,71,107.5,125.28874399140477,1583.2770220004022,0.702969147823751,block1:s1,gated_rule_c,mixed,1785123943.4533699,1785123943.4540732,1785123943.5793698,1785123945.037358,
block1-000866,374.66744647827,958.695323439315,40,100.0,374.22495207283646,958.2528290338814,0.4424944054335356,block1:s1,gated_rule_c,mixed,1785123943.511559,1785123943.5120018,1785123943.8862343,1785123944.4702623,
block1-000867,408.6035480722785,988.1177690112963,45,70.0,408.2532540196553,987.7674749586731,0.35029405262321234,block1:s1,gated_rule_c,mixed,1785123943.6538835,1785123943.6542342,1785123944.062494,1785123944.642009,
block1-000868,116.01968808099627,3377.1148240193725,166,20.0,115.58093503117561,3376.676070969552,0.43875304982066154,block1:zero_tool,gated_rule_c,mixed,1785123943.6998627,1785123943.700302,1785123943.8158913,1785123947.0769858,
block1-000869,82.36749342177063,6648.790440405719,320,297.5,81.50181302335113,6647.9247600072995,0.8656803984194994,block1:zero_tool,gated_rule_c,mixed,1785123943.745511,1785123943.746377,1785123943.8278863,1785123950.394309,
block1-000870,57.61868949048221,3371.861674473621,155,95.0,57.207591948099434,3371.450576931238,0.41109754238277674,block1:zero_tool,gated_rule_c,mixed,1785123945.5599184,1785123945.5603297,1785123945.6175442,1785123948.9317873,
block1-000871,319.95866959914565,816.7364685796201,35,70.0,319.4212029920891,816.1990019725636,0.5374666070565581,block1:s1,gated_rule_c,mixed,1785123945.753475,1785123945.7540123,1785123946.07344,1785123946.570218,
block1-000872,270.8783862181008,759.2977102613077,34,20.0,270.09109198115766,758.5104160243645,0.7872942369431257,block1:s2,gated_rule_c,mixed,1785123946.2994132,1785123946.3002007,1785123946.5702987,1785123947.0587182,
block1-000873,67.97626812476665,4349.011147161946,201,115.0,67.05737102311105,4348.09225006029,0.9188971016556025,block1:zero_tool,gated_rule_c,mixed,1785123946.6738021,1785123946.6747212,1785123946.741786,1785123951.022821,
block1-000874,310.85896643344313,794.0181304002181,36,20.0,310.4742809664458,793.6334449332207,0.3846854669973254,block1:s2,gated_rule_c,mixed,1785123946.7279398,1785123946.728325,1785123947.0388076,1785123947.5219667,
block1-000875,92.99490484409034,1615.5645598191768,69,155.0,92.83256705384701,1615.4022220289335,0.16233779024332762,block1:s2,gated_rule_c,mixed,1785123947.2973893,1785123947.2975516,1785123947.3903906,1785123948.9129603,
block1-000876,297.8616663021967,843.2323693996295,36,107.5,297.05322289373726,842.4239259911701,0.808443408459425,block1:s2,gated_rule_c,mixed,1785123947.7241204,1785123947.724929,1785123948.0219896,1785123948.5673602,
block1-000877,394.83963209204376,1131.1617629835382,44,20.0,393.7875210540369,1130.1096519455314,1.0521110380068421,block1:s2,gated_rule_c,mixed,1785123948.0312371,1785123948.0322895,1785123948.4260852,1785123949.1624072,
block1-000878,411.4095602417365,968.5839032754302,38,115.0,410.792832961306,967.9671759949997,0.6167272804304957,block1:s2,gated_rule_c,mixed,1785123948.2706132,1785123948.2712302,1785123948.6820314,1785123949.2392054,
block1-000879,59.83723176177591,2803.0107837403193,127,105.0,59.667730005458,2802.8412819840014,0.16950175631791353,block1:zero_tool,gated_rule_c,mixed,1785123948.4280388,1785123948.4282084,1785123948.4878836,1785123951.231057,
block1-000880,328.97572172805667,866.8720257701352,32,10.0,327.89984403643757,865.7961480785161,1.0758776916190982,block1:s3,gated_rule_c,mixed,1785123948.5248506,1785123948.5259266,1785123948.8538332,1785123949.3917294,
block1-000881,325.8271523518488,976.3714913278818,39,95.0,325.0847689341754,975.6291079102084,0.742383417673409,block1:s3,gated_rule_c,mixed,1785123948.5868363,1785123948.5875788,1785123948.9126706,1785123949.563215,
block1-000882,451.9442783202976,1024.212614283897,41,545.0,451.672071008943,1023.9404069725424,0.27220731135457754,block1:s3,gated_rule_c,mixed,1785123948.5949643,1785123948.5952368,1785123949.046916,1785123949.6191845,
block1-000883,55.190083803609014,4151.3072937959805,182,25.0,54.70755498390645,4150.824764976278,0.48252881970256567,block1:zero_tool,gated_rule_c,mixed,1785123948.759578,1785123948.7600608,1785123948.8147776,1785123952.9108946,
block1-000884,311.3244293490425,915.1055223774165,41,140.0,310.97292294725776,914.7540159756318,0.35150640178471804,block1:s3,gated_rule_c,mixed,1785123948.9660122,1785123948.966364,1785123949.2773445,1785123949.8811255,
block1-000885,400.33514343667775,1007.4324413435534,46,70.0,399.99402104876935,1007.091318955645,0.3411223879083991,block1:s3,gated_rule_c,mixed,1785123949.274441,1785123949.2747824,1785123949.6747856,1785123950.2818825,
block1-000886,473.07827218901366,1006.4247841946781,43,10.0,472.156708012335,1005.5032200179994,0.9215641766786575,block1:s3,gated_rule_c,mixed,1785123949.8834188,1785123949.8843408,1785123950.3565056,1785123950.889852,
block1-000887,97.6453289622441,3964.391474961303,165,22.5,96.80501697584987,3963.551162974909,0.8403119863942266,block1:zero_tool,gated_rule_c,mixed,1785123949.9159322,1785123949.9167726,1785123950.0135849,1785123953.880331,
block1-000888,69.20130550861359,3724.0317205432802,156,10.0,68.4271949576214,3723.257609992288,0.7741105509921908,block1:zero_tool,gated_rule_c,mixed,1785123950.0987413,1785123950.0995157,1785123950.1679502,1785123953.8227806,
block1-000889,447.5037307711318,1178.5437008365989,48,115.0,446.53619290329516,1177.5761629687622,0.9675378678366542,block1:s4,gated_rule_c,mixed,1785123950.4611082,1785123950.462076,1785123950.9086208,1785123951.6396606,
block1-000890,410.51909956149757,1158.484601532109,48,160.0,409.66292296070606,1157.6284249313176,0.8561766007915139,block1:s4,gated_rule_c,mixed,1785123950.5548446,1785123950.555701,1785123950.9653711,1785123951.713337,
block1-000891,98.05507224518806,4020.4998342087492,158,155.0,97.5124950055033,4019.9572569690645,0.5425772396847606,block1:zero_tool,gated_rule_c,mixed,1785123950.5807807,1785123950.5813236,1785123950.6788425,1785123954.6012871,
block1-000892,482.2812918573618,1155.8541217818856,48,17.5,481.7760130390525,1155.3488429635763,0.5052788183093071,block1:s4,gated_rule_c,mixed,1785123951.1143293,1785123951.114835,1785123951.5966187,1785123952.2701917,
block1-000893,76.25961769372225,3627.615999779664,140,70.0,74.727852945216,3626.0842350311577,1.531764748506248,block1:zero_tool,gated_rule_c,mixed,1785123951.1760054,1785123951.1775374,1785123951.2522745,1785123954.8036306,
block1-000894,459.40697798505425,1131.2002270715311,48,17.5,457.83859700895846,1129.6318460954353,1.5683809760957956,block1:s4,gated_rule_c,mixed,1785123951.2987309,1785123951.3002994,1785123951.7581441,1785123952.4299376,
block1-000895,419.82510907109827,1090.956122148782,48,15.0,418.6147799482569,1089.7457930259407,1.2103291228413582,block1:s4,gated_rule_c,mixed,1785123951.3768508,1785123951.3780615,1785123951.7966838,1785123952.4678152,
block1-000896,58.21202346123755,3082.5709054479375,117,15.0,57.521822047419846,3081.88070403412,0.6902014138177037,block1:zero_tool,gated_rule_c,mixed,1785123951.5815337,1785123951.5822241,1785123951.6397555,1785123954.6641145,
block1-000897,70.84049365948886,17446.163111599162,786,350.0,69.67208802234381,17444.994705962017,1.1684056371450424,block1:zero_tool,gated_rule_c,mixed,1785123951.6488602,1785123951.6500287,1785123951.7197077,1785123969.09503,
block1-000898,289.20254146214575,1205.647987429984,40,105.0,288.8878150843084,1205.3332610521466,0.3147263778373599,block1:s1,gated_rule_c,mixed,1785123952.061861,1785123952.062176,1785123952.3510718,1785123953.2675173,
block1-000899,65.44730090536177,9223.247990943491,397,60.0,64.3267969135195,9222.12748695165,1.12050399184227,block1:zero_tool,gated_rule_c,mixed,1785123952.2853963,1785123952.286517,1785123952.350851,1785123961.5086517,
block1-000900,613.6540183797479,1184.9791833665222,39,17.5,612.5714790541679,1183.8966440409422,1.0825393255800009,block1:s1,gated_rule_c,mixed,1785123952.5127702,1785123952.5138528,1785123953.1264322,1785123953.6977575,
block1-000901,142.67870038747787,1904.1040923912078,61,280.0,142.29096297640353,1903.7163549801335,0.38773741107434034,block1:s1,gated_rule_c,mixed,1785123952.5688372,1785123952.5692255,1785123952.7115242,1785123954.47295,
block1-000902,270.9193089976907,2071.789889014326,69,145.0,270.2054709661752,2071.0760509828106,0.7138380315154791,block1:s1,gated_rule_c,mixed,1785123952.5921946,1785123952.5929089,1785123952.8631217,1785123954.6639924,
block1-000903,494.5383440935984,986.453720019199,31,20.0,493.5472860233858,985.4626619489864,0.9910580702126026,block1:s1,gated_rule_c,mixed,1785123952.5924966,1785123952.593488,1785123953.0870404,1785123953.578956,
block1-000904,246.82750657666475,4393.9316145842895,178,177.5,246.3543339399621,4393.458441947587,0.47317263670265675,block1:zero_tool,gated_rule_c,mixed,1785123952.663971,1785123952.6644444,1785123952.9108055,1785123957.0579095,
block1-000905,403.47589342854917,1116.1003074375913,42,17.5,402.5145770283416,1115.1389910373837,0.9613164002075791,block1:s2,gated_rule_c,mixed,1785123952.8037694,1785123952.804731,1785123953.2072527,1785123953.919877,
block1-000906,410.49836052116007,921.3422185275704,37,105.0,409.9701689556241,920.8140269620344,0.5281915655359626,block1:s2,gated_rule_c,mixed,1785123952.815893,1785123952.8164217,1785123953.2263997,1785123953.7372434,
block1-000907,383.3123903023079,1264.6081652492285,43,85.0,382.1612340398133,1263.4570089867339,1.1511562624946237,block1:s2,gated_rule_c,mixed,1785123953.439674,1785123953.4408255,1785123953.822995,1785123954.7042909,
block1-000908,477.3992549162358,1083.5118239047006,36,145.0,476.3679370516911,1082.480506040156,1.0313178645446897,block1:s2,gated_rule_c,mixed,1785123953.719988,1785123953.7210197,1785123954.1973958,1785123954.8035083,
block1-000909,587.834274279885,1292.095985263586,44,282.5,587.669653003104,1291.931363986805,0.16462127678096294,block1:s2,gated_rule_c,mixed,1785123953.7265816,1785123953.7267463,1785123954.3144228,1785123955.0186844,
block1-000910,556.7255008500069,1198.0295778485015,44,15.0,556.283975020051,1197.5880520185456,0.4415258299559355,block1:s2,gated_rule_c,mixed,1785123953.8961792,1785123953.896621,1785123954.4529126,1785123955.0942163,
block1-000911,531.935102888383,1025.7571019465104,37,395.0,531.1538749374449,1024.9758739955723,0.781227950938046,block1:s2,gated_rule_c,mixed,1785123953.898277,1785123953.8990586,1785123954.4302192,1785123954.9240415,
block1-000912,102.10232646204531,3282.362878555432,142,155.0,101.84956400189549,3282.110116095282,0.2527624601498246,block1:zero_tool,gated_rule_c,mixed,1785123954.0026507,1785123954.0029037,1785123954.1047614,1785123957.2850218,
block1-000913,385.6827587587759,1031.3177327625453,39,287.5,385.1594210136682,1030.7943950174376,0.5233377451077104,block1:s3,gated_rule_c,mixed,1785123954.0243416,1785123954.0248654,1785123954.410032,1785123955.0556672,
block1-000914,475.63395369797945,987.3732906999066,38,172.5,474.8486460885033,986.5879830904305,0.7853076094761491,block1:s3,gated_rule_c,mixed,1785123954.1456091,1785123954.146395,1785123954.621252,1785123955.1329918,
block1-000915,476.3901379192248,1133.3181859226897,48,17.5,475.5216130288318,1132.4496610322967,0.8685248903930187,block1:s3,gated_rule_c,mixed,1785123954.2279701,1785123954.228839,1785123954.7043695,1785123955.3612978,
block1-000916,480.81061197444797,1137.3074329458177,48,20.0,479.85678107943386,1136.3536020508036,0.9538308950141072,block1:s3,gated_rule_c,mixed,1785123954.242488,1785123954.243442,1785123954.7233055,1785123955.3798025,
block1-000917,74.25235223490745,2498.681554221548,112,412.5,72.50982499681413,2496.939026983455,1.7425272380933166,block1:zero_tool,gated_rule_c,mixed,1785123954.4428658,1785123954.4446087,1785123954.517126,1785123956.9415553,
block1-000918,417.34910488594323,1029.6886748401448,48,12.5,416.9201879994944,1029.259757953696,0.42891688644886017,block1:s3,gated_rule_c,mixed,1785123954.8667786,1785123954.867208,1785123955.2841353,1785123955.8964748,
block1-000919,60.40920864325017,3497.8865126613528,154,280.0,59.826781041920185,3497.3040850600228,0.5824276013299823,block1:zero_tool,gated_rule_c,mixed,1785123955.3596225,1785123955.3602057,1785123955.4200435,1785123958.8575208,
block1-000920,573.9944406086579,1234.2152675846592,48,47.5,573.6137330532074,1233.8345600292087,0.38070755545049906,block1:s4,gated_rule_c,mixed,1785123955.8431027,1785123955.8434837,1785123956.4171057,1785123957.0773263,
block1-000921,585.9747650101781,1230.3072550566867,48,307.5,585.258582024835,1229.5910720713437,0.716182985343039,block1:s4,gated_rule_c,mixed,1785123955.8662646,1785123955.8669808,1785123956.4522462,1785123957.0965788,
block1-000922,535.7713364064693,1159.3616034369916,48,10.0,535.5192190036178,1159.10948603414,0.2521174028515816,block1:s4,gated_rule_c,mixed,1785123955.9942267,1785123955.9944792,1785123956.5300052,1785123957.1535952,
block1-000923,524.1960709681734,1150.6140329875052,48,187.5,523.7038709456101,1150.1218329649419,0.4922000225633383,block1:s4,gated_rule_c,mixed,1785123956.0450904,1785123956.0455828,1785123956.5692937,1785123957.1957119,
block1-000924,495.56801363360137,1121.775337611325,48,17.5,495.1515670400113,1121.358891017735,0.41644659359008074,block1:s4,gated_rule_c,mixed,1785123956.073798,1785123956.0742147,1785123956.5693731,1785123957.1955805,
block1-000925,408.8714384706691,1058.0689155030996,48,132.5,408.61262404359877,1057.8101010760292,0.25881442707031965,block1:s4,gated_rule_c,mixed,1785123956.3756835,1785123956.375943,1785123956.7845638,1785123957.4337611,
block1-000926,406.4579125260934,1045.3771644970402,48,15.0,406.02356009185314,1044.9428120628,0.4343524342402816,block1:s4,gated_rule_c,mixed,1785123957.1583705,1785123957.1588051,1785123957.5648358,1785123958.2037554,
block1-000927,468.4681991348043,1231.1310681980103,48,485.0,468.071051989682,1230.733921052888,0.39714714512228966,block1:s4,gated_rule_c,mixed,1785123957.873833,1785123957.8742304,1785123958.342308,1785123959.104971,
block1-000928,104.8192799789831,3362.522974028252,148,15.0,103.7387358956039,3361.442429944873,1.080544083379209,block1:zero_tool,gated_rule_c,mixed,1785123958.183181,1785123958.1842618,1785123958.2880073,1785123961.5457106,
block1-000929,383.49871046375483,1009.8063114564866,37,282.5,382.561411941424,1008.8690129341558,0.9372985223308206,block1:s1,gated_rule_c,mixed,1785123958.2130413,1785123958.2139788,1785123958.596547,1785123959.2228546,
block1-000930,376.2389187468216,1093.1695157196373,40,15.0,375.6064980989322,1092.537095071748,0.6324206478893757,block1:s1,gated_rule_c,mixed,1785123958.4436018,1785123958.4442348,1785123958.819849,1785123959.5367794,
block1-000931,407.31147630140185,1184.50675427448,43,15.0,406.3913600984961,1183.5866380715743,0.9201162029057741,block1:s1,gated_rule_c,mixed,1785123958.6396482,1785123958.6405685,1785123959.0469682,1785123959.824164,
block1-000932,357.21655341330916,1151.8061513779685,42,100.0,356.6915960982442,1151.2811940629035,0.5249573150649667,block1:s1,gated_rule_c,mixed,1785123958.710109,1785123958.7106342,1785123959.0673344,1785123959.8619242,
block1-000933,119.05439523980021,1471.736679202877,61,12.5,118.91449999529868,1471.5967839583755,0.13989524450153112,block1:s1,gated_rule_c,mixed,1785123959.085039,1785123959.0851789,1785123959.2041004,1785123960.556783,
block1-000934,66.1765126278624,3805.475322646089,182,170.0,65.68911205977201,3804.9879220779985,0.48740056809037924,block1:zero_tool,gated_rule_c,mixed,1785123959.311783,1785123959.3122709,1785123959.3779655,1785123963.117265,
block1-000935,119.55642350949347,1367.598197539337,59,350.0,119.13666792679578,1367.1784419566393,0.41975558269768953,block1:s1,gated_rule_c,mixed,1785123959.378716,1785123959.379136,1785123959.498281,1785123960.7463226,
block1-000936,414.77227059658617,1031.3294566003606,44,60.0,413.18275791127235,1029.7399439150468,1.5895126853138208,block1:s2,gated_rule_c,mixed,1785123959.50688,1785123959.50847,1785123959.9216611,1785123960.5382185,
block1-000937,324.5191543828696,904.7976373694837,40,322.5,323.98401596583426,904.2624989524484,0.5351384170353413,block1:s2,gated_rule_c,mixed,1785123959.747102,1785123959.7476377,1785123960.0716305,1785123960.651909,
block1-000938,68.78819840494543,3226.8574334448203,160,17.5,68.15107993315905,3226.220314973034,0.6371184717863798,block1:zero_tool,gated_rule_c,mixed,1785123959.8528225,1785123959.85346,1785123959.9216182,1785123963.0796874,
block1-000939,329.97163105756044,903.3027591649443,43,107.5,329.45575995836407,902.7868880657479,0.5158710991963744,block1:s2,gated_rule_c,mixed,1785123959.955245,1785123959.9557612,1785123960.2852244,1785123960.8585556,
block1-000940,304.7719174064696,915.7325753476471,42,282.5,303.94853302277625,914.9091909639537,0.8233843836933374,block1:s2,gated_rule_c,mixed,1785123961.0342662,1785123961.0350897,1785123961.339044,1785123961.9500048,
block1-000941,443.10365663841367,1008.4643226582557,49,107.5,441.9994860654697,1007.3601520853117,1.1041705729439855,block1:s2,gated_rule_c,mixed,1785123961.7884681,1785123961.7895722,1785123962.2315793,1785123962.79694,
block1-000942,60.93376816716045,6783.404852147214,315,280.0,59.95915306266397,6782.430237042718,0.974615104496479,block1:zero_tool,gated_rule_c,mixed,1785123962.851505,1785123962.85248,1785123962.912446,1785123969.6349173,
block1-000943,351.26575676258653,882.009343826212,37,12.5,350.46797699760646,881.2115640612319,0.7977797649800777,block1:s2,gated_rule_c,mixed,1785123962.971697,1785123962.972495,1785123963.32297,1785123963.8537135,
block1-000944,478.0934435548261,1176.1160865426064,48,172.5,477.2423499962315,1175.2649929840118,0.8510935585945845,block1:s3,gated_rule_c,mixed,1785123963.107845,1785123963.1086962,1785123963.5859456,1785123964.2839682,
block1-000945,439.27900516428053,1123.4540701843798,48,15.0,438.5704369051382,1122.7455019252375,0.7085682591423392,block1:s3,gated_rule_c,mixed,1785123963.3560605,1785123963.3567696,1785123963.7953486,1785123964.479524,
block1-000946,358.59848954714835,948.3158465009183,41,15.0,357.58435097523034,947.3017079290003,1.0141385719180107,block1:s3,gated_rule_c,mixed,1785123963.4368868,1785123963.437901,1785123963.7954934,1785123964.3852112,
block1-000947,66.62221613805741,3077.059335075319,131,115.0,65.57427498046309,3076.0113939177245,1.0479411575943232,block1:zero_tool,gated_rule_c,mixed,1785123963.786839,1785123963.7878873,1785123963.8534694,1785123966.8639066,
block1-000948,451.9521084148437,1100.9528044378385,48,217.5,450.9018160169944,1099.9025120399892,1.0502923978492618,block1:s3,gated_rule_c,mixed,1785123963.9514709,1785123963.9525216,1785123964.403429,1785123965.0524302,
block1-000949,378.19345260504633,988.6625246144831,43,17.5,377.32065306045115,987.7897250698879,0.8727995445951819,block1:s3,gated_rule_c,mixed,1785123964.0072606,1785123964.0081336,1785123964.3854618,1785123964.9959311,
block1-000950,67.65263504348695,3825.7347270846367,171,170.0,65.67663396708667,3823.7587260082364,1.97600107640028,block1:zero_tool,gated_rule_c,mixed,1785123964.2221692,1785123964.2241454,1785123964.2898304,1785123968.0479124,
block1-000951,410.1880241651088,1032.7377881621942,48,20.0,409.5166790066287,1032.066443003714,0.6713451584801078,block1:s3,gated_rule_c,mixed,1785123964.6983168,1785123964.6989884,1785123965.1085114,1785123965.7310615,
block1-000952,99.48761423584074,3496.9803512794897,154,412.5,98.53114699944854,3496.0238840430975,0.9564672363922,block1:zero_tool,gated_rule_c,mixed,1785123964.7396345,1785123964.740591,1785123964.8391294,1785123968.236622,
block1-000953,65.06865879055113,3061.8338577914983,133,117.5,64.23125101719052,3060.9964500181377,0.83740777336061,block1:zero_tool,gated_rule_c,mixed,1785123964.9108071,1785123964.9116447,1785123964.975883,1785123967.972648,
block1-000954,68.3427652111277,3003.762601292692,130,60.0,67.37588590476662,3002.795721986331,0.9668793063610792,block1:zero_tool,gated_rule_c,mixed,1785123965.25154,1785123965.2525072,1785123965.31989,1785123968.2553096,
block1-000955,54.48984156828374,3450.0491585349664,155,95.0,53.681895951740444,3449.241212918423,0.807945616543293,block1:zero_tool,gated_rule_c,mixed,1785123965.3068342,1785123965.3076425,1785123965.3613331,1785123968.7568924,
block1-000956,415.97585496492684,1412.0402899570763,48,545.0,415.7388489693403,1411.8032839614898,0.23700599558651447,block1:s4,gated_rule_c,mixed,1785123965.6745255,1785123965.674763,1785123966.0905108,1785123967.0865753,
block1-000957,740.2087043737993,1401.9038154510781,48,110.0,739.5882619312033,1401.2833730084822,0.6204424425959587,block1:s4,gated_rule_c,mixed,1785123966.1422176,1785123966.1428382,1785123966.8824356,1785123967.5441306,
block1-000958,731.1460075434297,1393.397365580313,48,287.5,730.2397990133613,1392.4911570502445,0.9062085300683975,block1:s4,gated_rule_c,mixed,1785123966.1713116,1785123966.172218,1785123966.902465,1785123967.5647163,
block1-000959,732.8453209483996,1395.5327569274232,48,85.0,732.6676869997755,1395.355122978799,0.17763394862413406,block1:s4,gated_rule_c,mixed,1785123966.1895947,1785123966.1897726,1785123966.9224474,1785123967.5851352,
block1-000960,621.2150527862832,1241.0713258432224,43,357.5,620.5516279442236,1240.4079010011628,0.6634248420596123,block1:s1,gated_rule_c,mixed,1785123966.2428193,1785123966.243483,1785123966.8640437,1785123967.4839,
block1-000961,185.43813028372824,1651.4364063041285,66,60.0,184.33110998012125,1650.3293860005215,1.107020303606987,block1:s1,gated_rule_c,mixed,1785123966.321039,1785123966.3221464,1785123966.5064871,1785123967.9724853,
block1-000962,491.93532683420926,1114.5385578274727,44,22.5,490.3295519761741,1112.9327829694375,1.6057748580351472,block1:s1,gated_rule_c,mixed,1785123966.4712577,1785123966.4728637,1785123966.963201,1785123967.5858042,
block1-000963,502.3408556589857,1122.4320486653596,46,152.5,501.2449360219762,1121.3361290283501,1.0959196370095015,block1:s1,gated_rule_c,mixed,1785123966.5218222,1785123966.5229185,1785123967.0241723,1785123967.6442633,
block1-000964,343.71902025304735,901.5805312665179,39,10.0,342.19033597037196,900.0518469838426,1.5286842826753855,block1:s1,gated_rule_c,mixed,1785123966.7424958,1785123966.7440248,1785123967.0862231,1785123967.644085,
block1-000965,72.5440742680803,3958.5219982545823,202,17.5,71.99455401860178,3957.9724780051038,0.549520249478519,block1:zero_tool,gated_rule_c,mixed,1785123967.0555217,1785123967.0560715,1785123967.1280744,1785123971.0140526,
block1-000966,69.92620101664215,10041.36221401859,501,15.0,69.12265799473971,10040.558670996688,0.803543021902442,block1:zero_tool,gated_rule_c,mixed,1785123967.1626027,1785123967.1634066,1785123967.2325366,1785123977.2039726,
block1-000967,68.9418283291161,2996.4291042415425,148,22.5,68.1448730174452,2995.6321489298716,0.7969553116708994,block1:zero_tool,gated_rule_c,mixed,1785123969.3278818,1785123969.328679,1785123969.3968318,1785123972.3243191,
block1-000968,281.4175831153989,791.729164076969,37,145.0,279.76744901388884,790.079029975459,1.650134101510048,block1:s2,gated_rule_c,mixed,1785123969.55942,1785123969.5610707,1785123969.8408456,1785123970.3511572,
block1-000969,103.31651067826897,2298.7443367019296,112,287.5,102.41991002112627,2297.847736044787,0.8966006571426988,block1:zero_tool,gated_rule_c,mixed,1785123969.570559,1785123969.571456,1785123969.6738825,1785123971.8693101,
block1-000970,61.20074889622629,8170.176587882452,391,12.5,60.54185202810913,8169.517691014335,0.6588968681171536,block1:zero_tool,gated_rule_c,mixed,1785123970.1390653,1785123970.1397245,1785123970.2002728,1785123978.309249,
block1-000971,58.333113440312445,2560.94020139426,126,17.5,57.7856469899416,2560.392734943889,0.5474664503708482,block1:zero_tool,gated_rule_c,mixed,1785123970.1418023,1785123970.1423504,1785123970.2001452,1785123972.7027524,
block1-000972,49.911176320165396,2914.077454362996,141,217.5,49.744748044759035,2913.9110260875896,0.16642827540636063,block1:zero_tool,gated_rule_c,mixed,1785123970.6961076,1785123970.6962743,1785123970.7460265,1785123973.610193,
block1-000973,60.233078547753394,2940.2679086197168,142,187.5,59.20857994351536,2939.2434100154787,1.0244986042380333,block1:zero_tool,gated_rule_c,mixed,1785123970.8397322,1785123970.8407567,1785123970.8999724,1785123973.7800071,
block1-000974,384.8238862119615,865.3344511985779,38,140.0,384.6298709977418,865.1404359843582,0.19401521421968937,block1:s2,gated_rule_c,mixed,1785123970.985459,1785123970.9856534,1785123971.3702917,1785123971.8508022,
block1-000975,225.06462701130658,821.0485170129687,37,117.5,224.70888099633157,820.6927709979936,0.35574601497501135,block1:s2,gated_rule_c,mixed,1785123971.0299683,1785123971.0303242,1785123971.2550397,1785123971.8510237,
block1-000976,84.23790312372148,2531.6252800403163,125,25.0,83.36825808510184,2530.7556350016966,0.8696450386196375,block1:zero_tool,gated_rule_c,mixed,1785123971.5108852,1785123971.511755,1785123971.5951324,1785123974.0425198,
block1-000977,56.317806942388415,2539.7425309056416,126,60.0,54.65791397728026,2538.0826379405335,1.6598929651081562,block1:zero_tool,gated_rule_c,mixed,1785123971.5416176,1785123971.5432777,1785123971.5979438,1785123974.0813682,
block1-000978,360.95699947327375,891.0366084892303,41,217.5,359.6947090700269,889.7743180859834,1.2622904032468796,block1:s3,gated_rule_c,mixed,1785123972.322044,1785123972.3233066,1785123972.683009,1785123973.2130885,
block1-000979,316.419278155081,920.707083074376,41,287.5,315.9828130155802,920.2706179348752,0.4364651395007968,block1:s3,gated_rule_c,mixed,1785123973.121679,1785123973.1221159,1785123973.4381065,1785123974.0423942,
block1-000980,414.64114654809237,1053.05082059931,48,60.0,413.47537899855524,1051.885053049773,1.1657675495371222,block1:s3,gated_rule_c,mixed,1785123973.1953018,1785123973.1964676,1785123973.6099503,1785123974.24836,
block1-000981,340.3886865125969,925.7380705093965,44,412.5,340.1399418944493,925.4893258912489,0.24874461814761162,block1:s3,gated_rule_c,mixed,1785123974.0574787,1785123974.0577278,1785123974.3978748,1785123974.9832244,
block1-000982,58.608531136997044,3412.6747511327267,155,20.0,58.37253504432738,3412.438755040057,0.2359960926696658,block1:zero_tool,gated_rule_c,mixed,1785123974.7736871,1785123974.7739234,1785123974.8323033,1785123978.1863694,
block1-000983,411.67387750465423,1092.2470465302467,48,170.0,410.73206800501794,1091.3052370306104,0.9418094996362925,block1:s3,gated_rule_c,mixed,1785123975.248363,1785123975.249305,1785123975.6600437,1785123976.340617,
block1-000984,53.88242960907519,3049.9264135723934,132,160.0,52.75402404367924,3048.7980080069974,1.1284055653959513,block1:zero_tool,gated_rule_c,mixed,1785123975.5506666,1785123975.5517952,1785123975.6045573,1785123978.600602,
block1-000985,438.63921833690256,1129.5145372860134,48,10.0,438.39756108354777,1129.2728800326586,0.24165725335478783,block1:s4,gated_rule_c,mixed,1785123975.8826923,1785123975.8829343,1785123976.3213377,1785123977.012213,
block1-000986,433.20063152350485,1106.2162115704268,48,572.5,433.0187279265374,1106.0343079734594,0.18190359696745872,block1:s4,gated_rule_c,mixed,1785123976.04054,1785123976.040722,1785123976.4737468,1785123977.1467621,
block1-000987,95.2553388196975,3446.239759796299,145,17.5,94.98785098548979,3445.9722719620913,0.2674878342077136,block1:zero_tool,gated_rule_c,mixed,1785123976.0490441,1785123976.049312,1785123976.1443055,1785123979.4952896,
block1-000988,404.6677409205586,1119.8049099184573,48,95.0,403.4731269348413,1118.61029593274,1.1946139857172966,block1:s4,gated_rule_c,mixed,1785123976.3950076,1785123976.3962026,1785123976.7996829,1785123977.51482,
block1-000989,85.5630774749443,3125.268748495728,131,85.0,84.9981609499082,3124.7038319706917,0.5649165250360966,block1:zero_tool,gated_rule_c,mixed,1785123976.426432,1785123976.426997,1785123976.512002,1785123979.5517077,
block1-000990,405.71477822959423,1190.3904881328344,48,172.5,405.36224900279194,1190.0379589060321,0.3525292268022895,block1:s4,gated_rule_c,mixed,1785123976.816496,1785123976.8168488,1785123977.2222183,1785123978.0068939,
block1-000991,497.0075098099187,1270.3450998524204,48,322.5,496.28192197997123,1269.619512022473,0.7255878299474716,block1:s4,gated_rule_c,mixed,1785123977.229668,1785123977.230394,1785123977.7266834,1785123978.5000212,
block1-000992,405.7462242199108,1173.996371217072,43,322.5,405.0725509878248,1173.322697984986,0.6736732320860028,block1:s1,gated_rule_c,mixed,1785123977.4270842,1785123977.4277582,1785123977.8328402,1785123978.6010902,
block1-000993,114.67048909980804,1731.436201138422,65,12.5,114.22407592181116,1730.989787960425,0.44641317799687386,block1:s1,gated_rule_c,mixed,1785123977.612241,1785123977.6126876,1785123977.726918,1785123979.343684,
block1-000994,318.4962783707306,1009.4040853437036,36,105.0,318.2040189858526,1009.1118259588256,0.29225938487797976,block1:s1,gated_rule_c,mixed,1785123977.7651513,1785123977.7654438,1785123978.0836556,1785123978.7745638,
block1-000995,136.1501239007339,1859.9516128888354,75,287.5,135.87357697542757,1859.675065963529,0.2765469253063202,block1:s1,gated_rule_c,mixed,1785123978.0503125,1785123978.050589,1785123978.1864696,1785123979.910271,
block1-000996,378.672351478599,958.1275484524667,36,17.5,377.4833120405674,956.9385090144351,1.1890394380316138,block1:s1,gated_rule_c,mixed,1785123978.0816598,1785123978.0828495,1785123978.4603417,1785123979.039797,
block1-000997,354.0175473317504,923.9841243252158,34,170.0,353.34564303047955,923.312220023945,0.6719043012708426,block1:s1,gated_rule_c,mixed,1785123978.4768684,1785123978.4775405,1785123978.830894,1785123979.4008608,
block1-000998,363.4512551361695,1045.5857501365244,43,145.0,362.66810703091323,1044.8026020312682,0.7831481052562594,block1:s1,gated_rule_c,mixed,1785123978.56189,1785123978.562673,1785123978.9253492,1785123979.6074834,
block1-000999,346.9952845480293,819.0406834473833,33,22.5,346.57620009966195,818.621598999016,0.41908444836735725,block1:s1,gated_rule_c,mixed,1785123979.0535975,1785123979.0540168,1785123979.4006007,1785123979.872646,
block1-001000,332.95002894010395,824.5404700282961,34,550.0,331.7715039011091,823.3619449893013,1.1785250389948487,block1:s2,gated_rule_c,mixed,1785123979.0860257,1785123979.0872047,1785123979.4189835,1785123979.9105737,
block1-001001,114.17492514010519,1569.8659801855683,70,545.0,112.4420550186187,1568.1331100640818,1.732870121486485,block1:zero_tool,gated_rule_c,mixed,1785123979.1514974,1785123979.1532307,1785123979.2656822,1785123980.721373,
block1-001002,54.46985689923167,3285.886782919988,151,545.0,53.81329997908324,3285.2302259998396,0.6565569201484323,block1:zero_tool,gated_rule_c,mixed,1785123979.6492836,1785123979.6499405,1785123979.70376,1785123982.9351768,
block1-001003,314.0685772523284,994.483785238117,43,92.5,313.78577498253435,994.2009829683229,0.2828022697940469,block1:s2,gated_rule_c,mixed,1785123979.7641509,1785123979.7644336,1785123980.0782259,1785123980.758641,
block1-001004,81.87338057905436,3163.0759115796536,145,15.0,80.1039970247075,3161.3065280253068,1.7693835543468595,block1:zero_tool,gated_rule_c,mixed,1785123979.7905073,1785123979.792277,1785123979.872387,1785123982.9535892,
block1-001005,521.0849305149168,1120.5527755664662,49,17.5,519.6414629463106,1119.10930799786,1.4434675686061382,block1:s2,gated_rule_c,mixed,1785123980.2374625,1785123980.2389064,1785123980.7585547,1785123981.3580225,
block1-001006,369.3411786807701,856.9993646815419,38,17.5,369.01491798926145,856.6731039900333,0.3262606915086508,block1:s2,gated_rule_c,mixed,1785123980.4080677,1785123980.4083943,1785123980.7774296,1785123981.2650878,
block1-001007,249.78304735850543,811.6931202821434,37,15.0,249.36590006109327,811.2759729847312,0.41714729741215706,block1:s2,gated_rule_c,mixed,1785123980.6214898,1785123980.6219075,1785123980.8712804,1785123981.4331906,
block1-001008,389.47641977574676,989.4338138401508,48,47.5,388.9650700148195,988.9224640792236,0.5113497609272599,block1:s3,gated_rule_c,mixed,1785123980.7623348,1785123980.7628465,1785123981.1518183,1785123981.7517757,
block1-001009,56.15034105721861,2828.573908074759,126,155.0,55.67326094023883,2828.096827957779,0.4770801169797778,block1:zero_tool,gated_rule_c,mixed,1785123981.8266306,1785123981.8271081,1785123981.882789,1785123984.6552126,
block1-001010,477.06371801905334,1271.9523611012846,48,307.5,476.2856859015301,1271.1743289837614,0.778032117523253,block1:s3,gated_rule_c,mixed,1785123981.9088137,1785123981.9095922,1785123982.3858862,1785123983.180775,
block1-001011,307.40008770953864,1021.3047247380018,39,20.0,305.768380057998,1019.6730170864612,1.631707651540637,block1:s3,gated_rule_c,mixed,1785123981.932533,1785123981.9341652,1785123982.239942,1785123982.953846,
block1-001012,438.59045999124646,1201.2698659673333,48,177.5,437.60288995690644,1200.2822959329933,0.987570034340024,block1:s3,gated_rule_c,mixed,1785123982.1912675,1785123982.192256,1785123982.6298704,1785123983.392549,
block1-001013,476.58720274921507,1198.8265117397532,48,12.5,475.52155109588057,1197.7608600864187,1.0656516533344984,block1:s3,gated_rule_c,mixed,1785123982.4770756,1785123982.4781415,1785123982.9536717,1785123983.6759112,
block1-001014,581.9828065577894,1077.6408296078444,43,170.0,581.1465920414776,1076.8046150915325,0.8362145163118839,block1:s3,gated_rule_c,mixed,1785123982.6353045,1785123982.6361408,1785123983.2172952,1785123983.7129533,
block1-001015,475.80331342760473,1141.1164473975077,48,20.0,475.45788204297423,1140.7710160128772,0.34543138463050127,block1:s3,gated_rule_c,mixed,1785123982.8176303,1785123982.817976,1785123983.2934415,1785123983.9587548,
block1-001016,450.78695740085095,1183.4387663984671,48,545.0,449.71293199341744,1182.3647409910336,1.0740254074335098,block1:s4,gated_rule_c,mixed,1785123982.9599774,1785123982.9610517,1785123983.410773,1785123984.143425,
block1-001017,410.8478396665305,1150.4408336477354,49,152.5,409.52677198220044,1149.1197659634054,1.3210676843300462,block1:s4,gated_rule_c,mixed,1785123983.0563042,1785123983.0576255,1785123983.467159,1785123984.2067523,
block1-001018,63.543726806528866,4121.742492774501,196,115.0,61.481983051635325,4119.680749019608,2.0617437548935413,block1:zero_tool,gated_rule_c,mixed,1785123983.3291063,1785123983.3311684,1785123983.392657,1785123987.4508562,
block1-001019,443.2184564648196,1081.4072004286572,48,550.0,442.07834999542683,1080.2670939592645,1.1401064693927765,block1:s4,gated_rule_c,mixed,1785123983.5554612,1785123983.5566015,1785123983.998687,1785123984.636876,
block1-001020,446.3783928658813,1049.5044608833268,48,282.5,445.5914240097627,1048.7174920272082,0.7869688561186194,block1:s4,gated_rule_c,mixed,1785123983.871986,1785123983.8727732,1785123984.318372,1785123984.9214983,
block1-001021,410.5504772160202,1047.598976176232,48,107.5,409.6363240387291,1046.684822998941,0.9141531772911549,block1:s4,gated_rule_c,mixed,1785123983.964049,1785123983.9649637,1785123984.3746064,1785123985.011655,
block1-001022,55.64072402194142,3548.591780010611,172,15.0,54.607627098448575,3547.558683087118,1.0330969234928489,block1:zero_tool,gated_rule_c,mixed,1785123984.0943975,1785123984.0954309,1785123984.1500454,1785123987.6429965,
block1-001023,398.6785798333585,998.5709378961474,48,12.5,398.2806629501283,998.1730210129172,0.39791688323020935,block1:s4,gated_rule_c,mixed,1785123984.8748345,1785123984.8752327,1785123985.2735212,1785123985.8734133,
block1-001024,421.55705124605447,1012.1273982804269,43,12.5,420.91410304419696,1011.4844500785694,0.6429482018575072,block1:s1,gated_rule_c,mixed,1785123985.9929414,1785123985.9935846,1785123986.4145062,1785123987.0050766,
block1-001025,112.02033585868776,15090.082846931182,696,85.0,111.85936199035496,15089.921873062849,0.16097386833280325,block1:zero_tool,gated_rule_c,mixed,1785123986.1317537,1785123986.131915,1785123986.243783,1785124001.2218451,
block1-001026,426.8663771217689,1042.1000730711967,44,60.0,425.73280807118863,1040.9665040206164,1.1335690505802631,block1:s1,gated_rule_c,mixed,1785123986.1462765,1785123986.1474102,1785123986.5731504,1785123987.1883843,
block1-001027,87.05430140253156,3140.8840174553916,149,115.0,86.50632901117206,3140.336045064032,0.547972391359508,block1:zero_tool,gated_rule_c,mixed,1785123986.1832082,1785123986.1837566,1785123986.270269,1785123989.3240986,
block1-001028,336.03279932867736,1001.5667753759772,42,15.0,335.259799961932,1000.7937760092318,0.7729993667453527,block1:s1,gated_rule_c,mixed,1785123986.2756822,1785123986.2764554,1785123986.6117237,1785123987.277258,
block1-001029,108.57715154998004,7979.238414554857,379,12.5,107.91141202207655,7978.572675026953,0.6657395279034972,block1:zero_tool,gated_rule_c,mixed,1785123986.305706,1785123986.3063722,1785123986.4142907,1785123994.284952,
block1-001030,59.47313306387514,8445.628814049996,404,17.5,58.763678069226444,8444.919359055348,0.709454994648695,block1:zero_tool,gated_rule_c,mixed,1785123986.4365225,1785123986.4372325,1785123986.4960046,1785123994.8821604,
block1-001031,56.03067437186837,3037.4179743230343,146,12.5,55.23358401842415,3036.62088396959,0.7970903534442186,block1:zero_tool,gated_rule_c,mixed,1785123986.4400413,1785123986.4408388,1785123986.4960818,1785123989.4774694,
block1-001032,73.34457244724035,8069.630854413845,384,117.5,73.02304706536233,8069.309329031967,0.3215253818780184,block1:zero_tool,gated_rule_c,mixed,1785123986.7937846,1785123986.7941065,1785123986.867136,1785123994.863422,
block1-001033,109.8283245228231,1402.2209756076336,67,70.0,109.1875369893387,1401.5801880741492,0.6407875334843993,block1:s2,gated_rule_c,mixed,1785123987.1147351,1785123987.1153762,1785123987.2245703,1785123988.516963,
block1-001034,345.46739130746573,802.9023542767391,37,12.5,345.1911020092666,802.62606497854,0.2762892981991172,block1:s2,gated_rule_c,mixed,1785123987.1624575,1785123987.162734,1785123987.5079322,1785123987.965367,
block1-001035,65.58025465346873,3125.5431526806206,150,12.5,65.1709659723565,3125.1338639995083,0.4092886811122298,block1:zero_tool,gated_rule_c,mixed,1785123988.1293733,1785123988.1297827,1785123988.1949613,1785123991.2549243,
block1-001036,53.3780480036512,3365.485883085057,159,20.0,52.2799709578976,3364.3878060393035,1.0980770457535982,block1:zero_tool,gated_rule_c,mixed,1785123988.5233464,1785123988.5244446,1785123988.576732,1785123991.8888397,
block1-001037,83.61358393449336,2848.5273940023035,136,357.5,83.36451603099704,2848.278326098807,0.24906790349632502,block1:zero_tool,gated_rule_c,mixed,1785123988.6958869,1785123988.6961362,1785123988.7795074,1785123991.544422,
block1-001038,96.31836786866188,1445.493317907676,65,217.5,95.21873691119254,1444.3936869502068,1.0996309574693441,block1:s2,gated_rule_c,mixed,1785123988.7072494,1785123988.7083492,1785123988.8035746,1785123990.1527495,
block1-001039,214.94888293091208,754.8212419496849,31,140.0,214.29319598246366,754.1655550012365,0.6556869484484196,block1:s2,gated_rule_c,mixed,1785123988.9919193,1785123988.9925752,1785123989.2068775,1785123989.7467499,
block1-001040,301.94768181536347,767.4481307622045,32,92.5,300.91911600902677,766.4195649558678,1.028565806336701,block1:s3,gated_rule_c,mixed,1785123989.3468668,1785123989.3478956,1785123989.6488218,1785123990.1143224,
block1-001041,403.3476603217423,1058.9754573302343,48,60.0,402.696170960553,1058.323967969045,0.6514893611893058,block1:s3,gated_rule_c,mixed,1785123989.4979787,1785123989.4986308,1785123989.901334,1785123990.556962,
block1-001042,422.1364641562104,1044.1502801841125,48,15.0,421.5151390526444,1043.5289550805464,0.6213251035660505,block1:s3,gated_rule_c,mixed,1785123990.172759,1785123990.1733809,1785123990.594904,1785123991.2169178,
block1-001043,85.54079302120954,3735.431272070855,176,395.0,84.44133098237216,3734.3318100320175,1.0994620388373733,block1:zero_tool,gated_rule_c,mixed,1785123990.2203383,1785123990.2214382,1785123990.3058865,1785123993.955777,
block1-001044,64.64989180676639,4196.141199790873,197,412.5,63.5228140745312,4195.014122058637,1.1270777322351933,block1:zero_tool,gated_rule_c,mixed,1785123990.6109748,1785123990.612102,1785123990.6756318,1785123994.8071232,
block1-001045,399.6597338700667,1001.4156559482217,40,172.5,399.33427097275853,1001.0901930509135,0.3254628973081708,block1:s3,gated_rule_c,mixed,1785123991.5080104,1785123991.508336,1785123991.9076774,1785123992.5094335,
block1-001046,100.29014246538281,3938.047760515474,180,280.0,99.41416699439287,3937.171785044484,0.8759754709899426,block1:zero_tool,gated_rule_c,mixed,1785123991.5344992,1785123991.5353754,1785123991.6347961,1785123995.4725537,
block1-001047,63.05599783081561,3616.982497740537,165,60.0,61.19575607590377,3615.122255985625,1.86024175491184,block1:zero_tool,gated_rule_c,mixed,1785123991.6138477,1785123991.615708,1785123991.6769123,1785123995.2308388,
block1-001048,458.95576965995133,1120.7012146478519,48,10.0,458.10477097984403,1119.8502159677446,0.8509986801072955,block1:s4,gated_rule_c,mixed,1785123991.6612225,1785123991.6620736,1785123992.1201854,1785123992.7819307,
block1-001049,457.21611485350877,1078.9214078104123,48,172.5,456.7717000609264,1078.47699301783,0.4444147925823927,block1:s4,gated_rule_c,mixed,1785123991.9927423,1785123991.9931872,1785123992.4499652,1785123993.0716705,
block1-001050,408.97938946727663,1027.9272174229845,48,17.5,408.3569189533591,1027.304746909067,0.6224705139175057,block1:s4,gated_rule_c,mixed,1785123992.2164369,1785123992.2170596,1785123992.6254246,1785123993.2443724,
block1-001051,419.067281880416,1156.607917859219,48,10.0,418.3856820454821,1155.9263180242851,0.681599834933877,block1:s4,gated_rule_c,mixed,1785123993.266403,1785123993.2670848,1785123993.685478,1785123994.423019,
block1-001052,447.57066189777106,1140.849307877943,48,322.5,447.3705590935424,1140.6492050737143,0.20010280422866344,block1:s4,gated_rule_c,mixed,1785123993.6663985,1785123993.6665993,1785123994.1139781,1785123994.8072565,
block1-001053,459.81905492953956,1136.3261339720339,48,820.0,458.75683205667883,1135.2639110991731,1.0622228728607297,block1:s4,gated_rule_c,mixed,1785123993.7081492,1785123993.7092116,1785123994.1679757,1785123994.844483,
block1-001054,460.79441101755947,1156.9094349397346,48,17.5,459.73487000446767,1155.8498939266428,1.0595410130918026,block1:s4,gated_rule_c,mixed,1785123994.0741632,1785123994.0752227,1785123994.5349648,1785123995.2310796,
block1-001055,412.8089348087087,1097.4090468371287,48,15.0,411.56975796911865,1096.1698699975386,1.2391768395900726,block1:s4,gated_rule_c,mixed,1785123994.3937807,1785123994.39502,1785123994.8065972,1785123995.491197,
block1-001056,368.1892763124779,1042.470001266338,43,135.0,367.5559770781547,1041.8367020320147,0.6332992343232036,block1:s1,gated_rule_c,mixed,1785123995.0107439,1785123995.0113776,1785123995.3789403,1785123996.0532212,
block1-001057,122.87466996349394,1786.385859013535,71,47.5,122.60594498366117,1786.1171340337023,0.26872497983276844,block1:s1,gated_rule_c,mixed,1785123995.0507119,1785123995.0509808,1785123995.1735947,1785123996.837106,
block1-001058,114.2487758770585,3747.7250118972734,157,357.5,112.50207503326237,3745.9783110534772,1.746700843796134,block1:zero_tool,gated_rule_c,mixed,1785123995.536493,1785123995.5382402,1785123995.6507494,1785123999.2842255,
block1-001059,118.44302504323423,1872.410814044997,73,135.0,117.87908792030066,1871.8468769220635,0.5639371229335666,block1:s1,gated_rule_c,mixed,1785123995.569011,1785123995.569575,1785123995.6874611,1785123997.4414287,
block1-001060,305.9315923601389,1051.7730973660946,39,357.5,305.2255950169638,1051.0671000229195,0.7059973431751132,block1:s1,gated_rule_c,mixed,1785123995.7471855,1785123995.7478917,1785123996.0531244,1785123996.7989657,
block1-001061,458.2133492222056,968.1077873101458,36,115.0,457.6361149083823,967.5305529963225,0.5772343138232827,block1:s1,gated_rule_c,mixed,1785123996.0628605,1785123996.0634382,1785123996.5210807,1785123997.0309753,
block1-001062,352.2738468600437,975.6047459086403,40,115.0,351.7438169801608,975.0747160287574,0.5300298798829317,block1:s1,gated_rule_c,mixed,1785123996.168871,1785123996.1694014,1785123996.5211523,1785123997.144483,
block1-001063,115.60788529459387,1483.849477255717,60,17.5,114.93816401343793,1483.179755974561,0.6697212811559439,block1:s1,gated_rule_c,mixed,1785123996.2911227,1785123996.2917926,1785123996.4067383,1785123997.7749798,
block1-001064,274.9811497051269,871.3362336857244,34,145.0,274.7893170453608,871.1444010259584,0.191832659766078,block1:s2,gated_rule_c,mixed,1785123996.6375325,1785123996.6377244,1785123996.9125204,1785123997.5088758,
block1-001065,59.583424823358655,2839.0595578821376,128,155.0,58.53840091731399,2838.014533976093,1.045023906044662,block1:zero_tool,gated_rule_c,mixed,1785123996.8946543,1785123996.8956995,1785123996.954244,1785123999.7337198,
block1-001066,486.4999770652503,981.6853200318292,37,820.0,484.88567396998405,980.071016936563,1.614303095266223,block1:s2,gated_rule_c,mixed,1785123997.1530762,1785123997.1546905,1785123997.6395833,1785123998.1347687,
block1-001067,484.83324830885977,1093.6776723247021,43,15.0,484.2976670479402,1093.1420910637826,0.5355812609195709,block1:s2,gated_rule_c,mixed,1785123997.154705,1785123997.155241,1785123997.6395433,1785123998.2483876,
block1-001068,396.38139109592885,891.1204871255904,36,60.0,394.39462893642485,889.1337249660864,1.9867621595039964,block1:s2,gated_rule_c,mixed,1785123997.3007083,1785123997.3026958,1785123997.6970997,1785123998.1918387,
block1-001069,397.50803355127573,1062.5699325464666,45,15.0,396.42952906433493,1061.4914280595258,1.0785044869408011,block1:s2,gated_rule_c,mixed,1785123997.4343936,1785123997.4354725,1785123997.8319104,1785123998.496972,
block1-001070,124.61700872518122,1493.1885377736762,67,17.5,124.08152990974486,1492.6530589582399,0.5354788154363632,block1:s2,gated_rule_c,mixed,1785123997.4760814,1785123997.4766169,1785123997.6007054,1785123998.9692771,
block1-001071,213.83124170824885,855.916234664619,37,105.0,212.76964398566633,854.8546369420364,1.061597722582519,block1:s2,gated_rule_c,mixed,1785123997.9777215,1785123997.9787831,1785123998.1915598,1785123998.8336446,
block1-001072,440.9141249489039,1117.9989379597828,48,12.5,438.9165019383654,1116.0013149492443,1.9976230105385184,block1:s3,gated_rule_c,mixed,1785123998.2409134,1785123998.2429113,1785123998.6818345,1785123999.3589191,
block1-001073,404.39914690796286,1079.6358599327505,48,10.0,403.5551459528506,1078.7918589776382,0.8440009551122785,block1:s3,gated_rule_c,mixed,1785123998.4662755,1785123998.46712,1785123998.870681,1785123999.545918,
block1-001074,401.5225119655952,907.652196008712,41,12.5,400.7377619855106,906.8674460286275,0.7847499800845981,block1:s3,gated_rule_c,mixed,1785123998.919687,1785123998.9204721,1785123999.3212156,1785123999.8273454,
block1-001075,274.93466704618186,871.6483260504901,41,10.0,273.98879500105977,870.702454005368,0.945872045122087,block1:s3,gated_rule_c,mixed,1785123999.15845,1785123999.1593962,1785123999.4333916,1785124000.0301054,
block1-001076,559.2452283017337,1206.2517363810912,48,10.0,557.61698493734,1204.6234930166975,1.628243364393711,block1:s3,gated_rule_c,mixed,1785124000.2648427,1785124000.2664711,1785124000.824095,1785124001.4711015,
block1-001077,563.6167436605319,1173.0851966422051,46,117.5,562.8702789545059,1172.338731936179,0.7464647060260177,block1:s3,gated_rule_c,mixed,1785124000.2791052,1785124000.279852,1785124000.8427289,1785124001.4521973,
block1-001078,621.7695435043424,1082.9474634956568,43,110.0,620.6382850650698,1081.8162050563842,1.1312584392726421,block1:s3,gated_rule_c,mixed,1785124000.3320253,1785124000.3331568,1785124000.953803,1785124001.4149811,
block1-001079,493.97834460251033,1164.2830396303907,48,110.0,493.5506290057674,1163.8553240336478,0.42771559674292803,block1:s3,gated_rule_c,mixed,1785124000.4788644,1785124000.4792924,1785124000.9728496,1785124001.6431544,
block1-001080,99.23106268979609,4417.789610684849,193,17.5,98.41529710683972,4416.973845101893,0.8157655829563737,block1:zero_tool,gated_rule_c,mixed,1785124000.5360265,1785124000.5368428,1785124000.635266,1785124004.9538245,
block1-001081,444.2071699304506,1130.9707049513236,48,50.0,443.4671839699149,1130.2307189907879,0.7399859605357051,block1:s4,gated_rule_c,mixed,1785124000.5864444,1785124000.5871847,1785124001.0306585,1785124001.717422,
block1-001082,415.66322185099125,1099.4877808261663,48,572.5,414.9703460279852,1098.7949050031602,0.6928758230060339,block1:s4,gated_rule_c,mixed,1785124000.7867587,1785124000.7874517,1785124001.202431,1785124001.8862553,
block1-001083,70.2226870926097,3509.730712044984,151,572.5,69.8796680662781,3509.3876930186525,0.3430190263316035,block1:zero_tool,gated_rule_c,mixed,1785124001.2875419,1785124001.287885,1785124001.3577724,1785124004.79728,
block1-001084,443.4667822206393,1171.9363261945546,48,132.5,441.88503397163004,1170.3545779455453,1.5817482490092516,block1:s4,gated_rule_c,mixed,1785124001.4610922,1785124001.4626741,1785124001.9045653,1785124002.633035,
block1-001085,418.5650034341961,1131.5084145171568,48,172.5,416.8730869423598,1129.8164980253205,1.6919164918363094,block1:s4,gated_rule_c,mixed,1785124001.5586622,1785124001.5603542,1785124001.9772353,1785124002.6901786,
block1-001086,106.48064920678735,3728.4335802542046,159,155.0,105.08788505103439,3727.0408160984516,1.3927641557529569,block1:zero_tool,gated_rule_c,mixed,1785124001.5736563,1785124001.5750494,1785124001.680144,1785124005.3020968,
block1-001087,64.1522272489965,3532.9846112290397,148,92.5,63.492079032585025,3532.3244630126283,0.6601482164114714,block1:zero_tool,gated_rule_c,mixed,1785124001.9190671,1785124001.9197276,1785124001.9832268,1785124005.4520595,
block1-001088,60.492647578939795,3975.450736586936,169,17.5,59.81230700854212,3974.770396016538,0.680340570397675,block1:zero_tool,gated_rule_c,mixed,1785124001.9825635,1785124001.9832437,1785124002.0430617,1785124005.9580195,
block1-001089,119.60189836099744,1451.5898323152214,58,107.5,119.19246695470065,1451.1804009089246,0.40943140629678965,block1:s1,gated_rule_c,mixed,1785124002.1160426,1785124002.1164525,1785124002.235653,1785124003.5676405,
block1-001090,361.6114453179762,1085.1329553406686,44,10.0,360.04163697361946,1083.5631469963118,1.5698083443567157,block1:s1,gated_rule_c,mixed,1785124002.2715752,1785124002.2731454,1785124002.6331944,1785124003.3567164,
block1-001091,59.490019688382745,7571.745528723113,346,17.5,59.00282203219831,7571.258331066929,0.4871976561844349,block1:zero_tool,gated_rule_c,mixed,1785124002.3985045,1785124002.3989918,1785124002.4580033,1785124009.9702585,
block1-001092,67.74569116532803,3656.6007252549753,158,412.5,67.32413999270648,3656.1791740823537,0.4215511726215482,block1:zero_tool,gated_rule_c,mixed,1785124002.7019691,1785124002.7023911,1785124002.7697222,1785124006.3585775,
block1-001093,127.47216643765569,1605.6627024663612,62,92.5,127.21377797424793,1605.4043140029535,0.2583884634077549,block1:s1,gated_rule_c,mixed,1785124003.0110438,1785124003.0113027,1785124003.1385233,1785124004.616714,
block1-001094,118.78181505016983,4181.727697025053,181,350.0,117.93532397132367,4180.881205946207,0.8464910788461566,block1:zero_tool,gated_rule_c,mixed,1785124003.042873,1785124003.0437198,1785124003.1616619,1785124007.2246077,
block1-001095,129.74366615526378,1664.1857881331816,68,572.5,129.32561698835343,1663.7677389662713,0.4180491669103503,block1:s1,gated_rule_c,mixed,1785124003.1329632,1785124003.1333816,1785124003.2627137,1785124004.7971559,
block1-001096,62.065019039437175,5183.313257060945,238,22.5,61.147870030254126,5182.396108051762,0.9171490091830492,block1:zero_tool,gated_rule_c,mixed,1785124003.30143,1785124003.3023474,1785124003.3635027,1785124008.484751,
block1-001097,404.76723900064826,969.4080209592357,38,545.0,403.62158603966236,968.2623679982498,1.145652960985899,block1:s2,gated_rule_c,mixed,1785124003.3931565,1785124003.3943024,1785124003.7979312,1785124004.362572,
block1-001098,95.77046276535839,1539.3016417510808,64,172.5,93.0983250727877,1536.62950405851,2.6721376925706863,block1:s2,gated_rule_c,mixed,1785124003.6430252,1785124003.6456976,1785124003.7388022,1785124005.1823335,
block1-001099,358.45929523929954,1028.718971181661,43,117.5,357.32975404243916,1027.5894299848005,1.129541196860373,block1:s2,gated_rule_c,mixed,1785124003.8854876,1785124003.8866174,1785124004.2439554,1785124004.9142148,
block1-001100,100.99302465096116,3315.2753417380154,150,132.5,100.87708593346179,3315.159403020516,0.11593871749937534,block1:zero_tool,gated_rule_c,mixed,1785124004.1921742,1785124004.1922905,1785124004.2931747,1785124007.5074573,
block1-001101,401.7351361690089,1087.1802401961759,44,17.5,401.56603895593435,1087.0111429831013,0.16909721307456493,block1:s2,gated_rule_c,mixed,1785124004.2150526,1785124004.2152221,1785124004.6167965,1785124005.3022416,
block1-001102,360.5648691300303,945.9088721778244,38,70.0,360.3854599641636,945.7294630119577,0.179409165866673,block1:s2,gated_rule_c,mixed,1785124004.3954458,1785124004.3956254,1785124004.7560184,1785124005.3413625,
block1-001103,409.0826225001365,949.4789554737508,37,132.5,407.8824500320479,948.2787830056623,1.2001724680885673,block1:s2,gated_rule_c,mixed,1785124004.932183,1785124004.9333835,1785124005.3412724,1785124005.8816686,
block1-001104,517.1365338610485,1178.2584488391876,48,155.0,516.1786719691008,1177.30058694724,0.9578618919476867,block1:s3,gated_rule_c,mixed,1785124004.9536293,1785124004.9545872,1785124005.4707718,1785124006.1318934,
block1-001105,319.68878500629216,942.3466480802745,39,17.5,319.44107194431126,942.0989350182936,0.24771306198090315,block1:s3,gated_rule_c,mixed,1785124005.2091086,1785124005.2093568,1785124005.5288055,1785124006.1514633,
block1-001106,403.1053025973961,908.9312955038622,38,485.0,402.4255470139906,908.2515399204567,0.6797555834054947,block1:s3,gated_rule_c,mixed,1785124005.2426457,1785124005.2433257,1785124005.6457582,1785124006.151584,
block1-001107,416.7505835648626,1129.9554685829207,48,95.0,416.545219020918,1129.7501040389761,0.20536454394459724,block1:s3,gated_rule_c,mixed,1785124005.7528858,1785124005.7530913,1785124006.1696434,1785124006.8828483,
block1-001108,93.62905519083142,2687.082586111501,130,60.0,92.52458903938532,2685.9781199600548,1.104466151446104,block1:zero_tool,gated_rule_c,mixed,1785124005.7625692,1785124005.7636738,1785124005.8562052,1785124008.4496586,
block1-001109,485.7242846628651,1056.076028617099,46,357.5,485.0870870286599,1055.4388309828937,0.6371976342052221,block1:s3,gated_rule_c,mixed,1785124006.6239607,1785124006.6245983,1785124007.1096926,1785124007.6800447,
block1-001110,450.7584556704387,1019.7330566588789,46,320.0,449.96305694803596,1018.9376579364762,0.7953987224027514,block1:s3,gated_rule_c,mixed,1785124006.6971967,1785124006.6979926,1785124007.1479633,1785124007.716938,
block1-001111,348.9771018503234,957.4428797932342,43,105.0,347.8572249878198,956.3230029307306,1.1198768625035882,block1:s3,gated_rule_c,mixed,1785124006.7228415,1785124006.7239616,1785124007.0718255,1785124007.6802912,
block1-001112,60.6287126429379,2944.09040058963,136,70.0,60.24462601635605,2943.706313963048,0.38408662658184767,block1:zero_tool,gated_rule_c,mixed,1785124007.5245574,1785124007.5249417,1785124007.5851924,1785124010.468654,
block1-001113,401.8071553437039,1156.4306273357943,48,297.5,400.74947103857994,1155.3729430306703,1.0576843051239848,block1:s4,gated_rule_c,mixed,1785124008.0070505,1785124008.0081084,1785124008.4088652,1785124009.1634889,
block1-001114,515.0235572364181,1159.1506582917646,48,110.0,513.9688500203192,1158.0959510756657,1.0547072160989046,block1:s4,gated_rule_c,mixed,1785124008.4011319,1785124008.4021869,1785124008.9161623,1785124009.5602896,
block1-001115,476.3291508425027,1137.1533807832748,48,152.5,475.2491690451279,1136.0733989859,1.079981797374785,block1:s4,gated_rule_c,mixed,1785124008.4777923,1785124008.4788725,1785124008.9541283,1785124009.6149528,
block1-001116,461.32635697722435,1139.7390610072762,48,12.5,461.0442890552804,1139.4569930853322,0.2820679219439626,block1:s4,gated_rule_c,mixed,1785124008.5306535,1785124008.5309358,1785124008.991988,1785124009.6704006,
block1-001117,411.049866466783,1086.5035355091095,48,297.5,410.6114440364763,1086.0651130788028,0.43842243030667305,block1:s4,gated_rule_c,mixed,1785124008.752039,1785124008.7524776,1785124009.1630964,1785124009.83855,
block1-001118,433.56943409889936,1167.5584220793098,48,395.0,433.21847601328045,1167.207463993691,0.3509580856189132,block1:s4,gated_rule_c,mixed,1785124009.4230845,1785124009.4234357,1785124009.8566623,1785124010.5906513,
block1-001119,396.4538456639275,1130.299704731442,48,320.0,395.4072499182075,1129.253108985722,1.0465957457199693,block1:s4,gated_rule_c,mixed,1785124009.5355713,1785124009.536618,1785124009.9320323,1785124010.665878,
block1-001120,376.32128200493753,1036.5872690454125,43,545.0,375.6733669433743,1035.9393539838493,0.6479150615632534,block1:s1,gated_rule_c,mixed,1785124010.0175934,1785124010.0182416,1785124010.3939216,1785124011.054188,
block1-001121,114.64376153890043,1640.0818045949563,71,140.0,114.41392393317074,1639.8519669892266,0.22983760572969913,block1:s1,gated_rule_c,mixed,1785124010.148996,1785124010.1492262,1785124010.263648,1785124011.7890859,
block1-001122,267.2802855959162,946.3203935883939,40,132.5,266.5732470341027,945.6133550265804,0.7070385618135333,block1:s1,gated_rule_c,mixed,1785124010.47316,1785124010.4738672,1785124010.7404475,1785124011.4194875,
block1-001123,61.12164363730699,4791.234871605411,226,280.0,59.93754998780787,4790.050777955912,1.1840936494991183,block1:zero_tool,gated_rule_c,mixed,1785124010.8140574,1785124010.8152418,1785124010.8751853,1785124015.6052985,
block1-001124,379.88013273570687,998.4485057648271,42,15.0,379.2042910354212,997.7726640645415,0.6758417002856731,block1:s1,gated_rule_c,mixed,1785124010.9258878,1785124010.9265637,1785124011.3057752,1785124011.9243436,
block1-001125,58.506342698819935,8743.211464723572,419,12.5,57.368471985682845,8742.073594010435,1.1378707131370902,block1:zero_tool,gated_rule_c,mixed,1785124011.0929232,1785124011.0940614,1785124011.1514373,1785124019.8361423,
block1-001126,132.3661848437041,1466.8792197480798,67,15.0,131.8165820557624,1466.329616960138,0.5496027879416943,block1:s1,gated_rule_c,mixed,1785124011.1550875,1785124011.1556375,1785124011.2874649,1785124012.6219776,
block1-001127,102.96282707713544,7480.1566320238635,358,10.0,102.56158304400742,7479.7553879907355,0.40124403312802315,block1:zero_tool,gated_rule_c,mixed,1785124011.5684485,1785124011.5688498,1785124011.67142,1785124019.0486135,
block1-001128,283.52503338828683,887.5351194292307,40,110.0,283.09531800914556,887.1054040500894,0.4297153791412711,block1:s2,gated_rule_c,mixed,1785124011.5843806,1785124011.5848107,1785124011.8679173,1785124012.4719274,
block1-001129,68.98204633034766,2942.887935321778,139,12.5,68.29950900282711,2942.2053979942575,0.6825373275205493,block1:zero_tool,gated_rule_c,mixed,1785124011.7987459,1785124011.799429,1785124011.8677368,1785124014.7416427,
block1-001130,91.11101226881146,1369.9656922835857,64,280.0,90.81588091794401,1369.6705609327182,0.29513135086745024,block1:s2,gated_rule_c,mixed,1785124011.942265,1785124011.9425602,1785124012.0333824,1785124013.312237,
block1-001131,55.79726444557309,3468.8484504586086,166,217.5,54.73150499165058,3467.782691004686,1.0657594539225101,block1:zero_tool,gated_rule_c,mixed,1785124012.4160008,1785124012.4170668,1785124012.4718077,1785124015.8848588,
block1-001132,62.3956429772079,3194.8075289838016,151,320.0,61.53133197221905,3193.9432179788128,0.8643110049888492,block1:zero_tool,gated_rule_c,mixed,1785124012.824287,1785124012.8251514,1785124012.8866901,1785124016.019102,
block1-001133,431.4971825806424,1013.8624355895445,44,307.5,429.60034299176186,1011.9655960006639,1.896839588880539,block1:s2,gated_rule_c,mixed,1785124013.0117254,1785124013.0136225,1785124013.44323,1785124014.0255952,
block1-001134,90.35526996012777,1480.7759890099987,67,15.0,89.5981970243156,1480.0189160741866,0.7570729358121753,block1:s2,gated_rule_c,mixed,1785124013.2024524,1785124013.2032096,1785124013.2928154,1785124014.6832361,
block1-001135,212.1489269193262,794.1326228901744,37,20.0,211.28794795367867,793.2716439245269,0.8609789656475186,block1:s2,gated_rule_c,mixed,1785124013.3081207,1785124013.3089821,1785124013.5202785,1785124014.1022625,
block1-001136,58.86631109751761,3272.6141501916572,160,217.5,58.195178979076445,3271.943018073216,0.6711321184411645,block1:zero_tool,gated_rule_c,mixed,1785124013.676437,1785124013.6771083,1785124013.7353096,1785124016.9490576,
block1-001137,65.17536309547722,2774.335082154721,134,92.5,64.79578604921699,2773.955505108461,0.3795770462602377,block1:zero_tool,gated_rule_c,mixed,1785124014.2495267,1785124014.2499065,1785124014.3147097,1785124017.0238695,
block1-001138,411.39866900630295,933.5332990158349,41,17.5,410.6765859760344,932.8112159855664,0.7220830302685499,block1:s3,gated_rule_c,mixed,1785124014.406622,1785124014.4073443,1785124014.8180285,1785124015.3401635,
block1-001139,425.86220835801214,1043.2923883199692,48,820.0,423.7337530357763,1041.1639329977334,2.1284553222358227,block1:s3,gated_rule_c,mixed,1785124014.46958,1785124014.4717093,1785124014.8954506,1785124015.5128808,
block1-001140,74.24507825635374,10776.55866520945,502,110.0,73.96604295354337,10776.27962990664,0.2790353028103709,block1:zero_tool,gated_rule_c,mixed,1785124014.5691676,1785124014.5694468,1785124014.6434195,1785124025.3457332,
block1-001141,89.8255881620571,3148.88137311209,149,287.5,89.34921806212515,3148.405003012158,0.47637009993195534,block1:zero_tool,gated_rule_c,mixed,1785124015.515631,1785124015.5161076,1785124015.605464,1785124018.66452,
block1-001142,465.07030085194856,1072.8724708314985,49,47.5,464.51871807221323,1072.3208880517632,0.5515827797353268,block1:s3,gated_rule_c,mixed,1785124015.5159676,1785124015.5165193,1785124015.9810429,1785124016.5888453,
block1-001143,72.98847963102162,3254.1272476082668,155,17.5,71.95498293731362,3253.0937509145588,1.0334966937080026,block1:zero_tool,gated_rule_c,mixed,1785124015.579863,1785124015.580897,1785124015.6528602,1785124018.8339987,
block1-001144,401.4384652255103,1143.0242342175916,48,287.5,400.5772990640253,1142.1630680561066,0.8611661614850163,block1:s4,gated_rule_c,mixed,1785124016.4709418,1785124016.4718032,1785124016.8723884,1785124017.6139743,
block1-001145,61.05340481735766,4400.207632803358,195,85.0,60.34029007423669,4399.494518060237,0.7131147431209683,block1:zero_tool,gated_rule_c,mixed,1785124017.0412002,1785124017.0419133,1785124017.10226,1785124021.4414144,
block1-001146,528.7564918398857,1152.4997107917443,48,85.0,528.1699559418485,1151.913174893707,0.5865358980372548,block1:s4,gated_rule_c,mixed,1785124017.1877623,1785124017.1883492,1785124017.7165265,1785124018.34027,
block1-001147,502.28270678780973,1125.5563577869907,48,12.5,501.2217470211908,1124.4953980203718,1.0609597666189075,block1:s4,gated_rule_c,mixed,1785124017.272902,1785124017.2739632,1785124017.7751923,1785124018.3984659,
block1-001148,485.8411580789834,1108.8755410164595,48,100.0,484.73739600740373,1107.7717789448798,1.1037620715796947,block1:s4,gated_rule_c,mixed,1785124017.3085542,1785124017.309658,1785124017.7944024,1785124018.4174368,
block1-001149,60.214724275283515,2745.6722642527893,131,177.5,59.63344301562756,2745.0909829931334,0.5812812596559525,block1:zero_tool,gated_rule_c,mixed,1785124017.563724,1785124017.5643058,1785124017.623946,1785124020.3094037,
block1-001150,411.4634362049401,1032.225590199232,48,52.5,410.5416829697788,1031.3038369640708,0.9217532351613045,block1:s4,gated_rule_c,mixed,1785124017.578158,1785124017.5790799,1785124017.9896305,1785124018.6103926,
block1-001151,430.91717280913144,1087.0190708665177,48,170.0,430.5570189608261,1086.6589170182124,0.3601538483053446,block1:s4,gated_rule_c,mixed,1785124018.5793905,1785124018.5797505,1785124019.0103142,1785124019.6664164,
block1-001152,303.14107588492334,922.1120118163526,43,12.5,302.53634601831436,921.5072819497436,0.6047298666089773,block1:s1,gated_rule_c,mixed,1785124018.8764398,1785124018.8770447,1785124019.1795876,1785124019.7985585,
block1-001153,70.65001036971807,12085.79368435312,547,12.5,69.23572800587863,12084.379401989281,1.4142823638394475,block1:zero_tool,gated_rule_c,mixed,1785124019.22546,1785124019.2268746,1785124019.296116,1785124031.31126,
block1-001154,336.14434814080596,960.1581321330741,43,100.0,335.8065070351586,959.8202910274267,0.3378411056473851,block1:s1,gated_rule_c,mixed,1785124019.3305764,1785124019.3309145,1785124019.6667283,1785124020.2907417,
block1-001155,339.75004858803004,836.6404436528683,37,187.5,339.3115008948371,836.2018959596753,0.43854769319295883,block1:s1,gated_rule_c,mixed,1785124019.894042,1785124019.8944807,1785124020.2337987,1785124020.7306888,
block1-001156,303.628665744327,1032.9630677588284,36,135.0,303.24296397157013,1032.5773659860715,0.38570177275687456,block1:s1,gated_rule_c,mixed,1785124020.427248,1785124020.427634,1785124020.730883,1785124021.4602172,
block1-001157,381.64621964097023,969.0526035847142,34,395.0,380.82587299868464,968.2322569424286,0.8203466422855854,block1:s1,gated_rule_c,mixed,1785124020.8184643,1785124020.8192847,1785124021.2001178,1785124021.7875245,
block1-001158,430.65006635151803,1087.9567853407934,40,280.0,429.8454279778525,1087.152146967128,0.8046383736655116,block1:s1,gated_rule_c,mixed,1785124020.889163,1785124020.889968,1785124021.31982,1785124021.9771268,
block1-001159,124.46767860092223,1422.8053676197305,60,155.0,124.23915392719209,1422.5768429460004,0.22852467373013496,block1:s1,gated_rule_c,mixed,1785124021.1296794,1785124021.1299083,1785124021.2541542,1785124022.5524921,
block1-001160,362.0005443226546,970.2324992977083,40,85.0,361.0902290092781,969.3221839843318,0.9103153133764863,block1:s2,gated_rule_c,mixed,1785124021.1775432,1785124021.1784534,1785124021.5395494,1785124022.1477816,
block1-001161,348.8861648365855,957.483367761597,40,95.0,348.2679700246081,956.8651729496196,0.6181948119774461,block1:s2,gated_rule_c,mixed,1785124021.2096257,1785124021.2102444,1785124021.5585182,1785124022.1671154,
block1-001162,58.53762268088758,3226.8195596989244,150,10.0,57.595774065703154,3225.87771108374,0.9418486151844263,block1:zero_tool,gated_rule_c,mixed,1785124021.4810884,1785124021.4820306,1785124021.539633,1785124024.7079153,
block1-001163,62.8713914193213,7276.137127308175,325,170.0,61.08468701131642,7274.35042290017,1.78670440800488,block1:zero_tool,gated_rule_c,mixed,1785124021.765482,1785124021.7672691,1785124021.82836,1785124029.0416257,
block1-001164,293.334037065506,791.9691391289234,36,115.0,292.8063969593495,791.441499022767,0.5276401061564684,block1:s2,gated_rule_c,mixed,1785124021.8917804,1785124021.8923082,1785124022.1851206,1785124022.6837556,
block1-001165,303.74982196372,921.8381139216945,41,105.0,302.740819985047,920.8291119430214,1.0090019786730409,block1:s2,gated_rule_c,mixed,1785124022.4170072,1785124022.4180164,1785124022.7207644,1785124023.338853,
block1-001166,58.412222657352686,3807.4796606088057,174,20.0,57.58465500548482,3806.652092956938,0.8275676518678665,block1:zero_tool,gated_rule_c,mixed,1785124022.7221267,1785124022.7229548,1785124022.7805467,1785124026.529614,
block1-001167,57.25787463597953,3197.3447176860645,146,60.0,56.54600996058434,3196.6328530106694,0.7118646753951907,block1:zero_tool,gated_rule_c,mixed,1785124022.7829897,1785124022.7837021,1785124022.8402548,1785124025.9803414,
block1-001168,253.05772374849766,753.0900617130101,32,52.5,252.6651209918782,752.6974589563906,0.39260275661945343,block1:s3,gated_rule_c,mixed,1785124022.8334427,1785124022.8338356,1785124023.0865066,1785124023.5865388,
block1-001169,60.09596982039511,3044.4263338577002,138,10.0,59.47149603161961,3043.8018600689247,0.6244737887755036,block1:zero_tool,gated_rule_c,mixed,1785124023.2786605,1785124023.2792852,1785124023.3387659,1785124026.3230963,
block1-001170,474.9402181478217,1176.9751131068915,48,15.0,474.2378810187802,1176.27277597785,0.7023371290415525,block1:s3,gated_rule_c,mixed,1785124023.415172,1785124023.4158747,1785124023.8901198,1785124024.5921547,
block1-001171,451.030921889469,1151.4520448399708,48,10.0,450.40085609070957,1150.8219790412113,0.6300657987594604,block1:s3,gated_rule_c,mixed,1785124023.7126162,1785124023.713247,1785124024.1636574,1785124024.8640783,
block1-001172,449.1250008577481,1149.8464217875153,48,17.5,448.62725504208356,1149.3486759718508,0.4977458156645298,block1:s3,gated_rule_c,mixed,1785124023.733797,1785124023.7342951,1785124024.1829283,1785124024.8836498,
block1-001173,72.97450513578951,3067.8204480791464,141,140.0,71.87578699085861,3066.7217299342155,1.0987181449308991,block1:zero_tool,gated_rule_c,mixed,1785124023.8769379,1785124023.878037,1785124023.9499216,1785124026.9447672,
block1-001174,449.4271840667352,1106.2910171458498,46,132.5,448.9000649191439,1105.7638979982585,0.5271191475912929,block1:s3,gated_rule_c,mixed,1785124024.3165338,1785124024.3170614,1785124024.7659705,1785124025.4228342,
block1-001175,421.59260727930814,1153.2880943268538,48,20.0,420.7877889275551,1152.4832759751007,0.804818351753056,block1:s3,gated_rule_c,mixed,1785124024.461955,1785124024.4627602,1785124024.8835554,1785124025.6152508,
block1-001176,454.6203592326492,1107.9238812671974,48,25.0,452.680078917183,1105.9836009517312,1.9402803154662251,block1:s4,gated_rule_c,mixed,1785124024.9102046,1785124024.9121451,1785124025.3648317,1785124026.0181353,
block1-001177,454.81296069920063,1069.0153297036886,48,60.0,454.3449420016259,1068.547311006114,0.4680186975747347,block1:s4,gated_rule_c,mixed,1785124025.160226,1785124025.1606946,1785124025.6150472,1785124026.2292495,
block1-001178,413.7618506792933,1098.9592927508056,48,282.5,412.506161024794,1097.7036030963063,1.2556896544992924,block1:s4,gated_rule_c,mixed,1785124025.4506984,1785124025.4519541,1785124025.8644664,1785124026.549664,
block1-001179,481.92330496385694,1128.3470439957455,48,20.0,481.5494139911607,1127.9731530230492,0.3738909726962447,block1:s4,gated_rule_c,mixed,1785124026.1950216,1785124026.1953955,1785124026.6769516,1785124027.323375,
block1-001180,438.623410416767,1084.5730213914067,48,17.5,438.0144419847056,1083.9640529593453,0.6089684320613742,block1:s4,gated_rule_c,mixed,1785124026.2950263,1785124026.2956357,1785124026.7336571,1785124027.3796067,
block1-001181,401.70073020271957,1234.9134011892602,49,117.5,401.09568706247956,1234.3083580490202,0.6050431402400136,block1:s4,gated_rule_c,mixed,1785124026.5047948,1785124026.5054004,1785124026.9065044,1785124027.739717,
block1-001182,68.77038127277046,3857.3123313253745,166,15.0,67.8785260533914,3856.4204761059955,0.8918552193790674,block1:zero_tool,gated_rule_c,mixed,1785124026.8002298,1785124026.801122,1785124026.8690073,1785124030.6575494,
block1-001183,472.0108195906505,1327.450287528336,48,95.0,471.68466297443956,1327.124130912125,0.3261566162109375,block1:s4,gated_rule_c,mixed,1785124027.063436,1785124027.0637627,1785124027.535455,1785124028.3908947,
block1-001184,94.30734848137945,3485.713219502941,147,320.0,93.61588407773525,3485.0217550992966,0.6914644036442041,block1:zero_tool,gated_rule_c,mixed,1785124027.0957556,1785124027.0964472,1785124027.19007,1785124030.5814762,
block1-001185,593.3484248816967,1182.6670708833262,43,140.0,592.3939689528197,1181.7126149544492,0.954455928876996,block1:s1,gated_rule_c,mixed,1785124027.3828568,1785124027.3838115,1785124027.976213,1785124028.5655315,
block1-001186,131.12257421016693,3384.191276272759,143,17.5,130.05198002792895,3383.120682090521,1.0705941822379827,block1:zero_tool,gated_rule_c,mixed,1785124027.3865473,1785124027.3876183,1785124027.5176768,1785124030.7707455,
block1-001187,523.1803212082013,995.2309651998803,37,297.5,522.5902710808441,994.6409150725231,0.5900501273572445,block1:s1,gated_rule_c,mixed,1785124027.551023,1785124027.551613,1785124028.0742102,1785124028.5462608,
block1-001188,453.32322700414807,1041.979796020314,39,170.0,452.494845027104,1041.15141404327,0.8283819770440459,block1:s1,gated_rule_c,mixed,1785124027.5618825,1785124027.5627112,1785124028.0152137,1785124028.6038702,
block1-001189,172.9118567891419,1531.3824038021266,61,12.5,172.62358800508082,1531.0941350180656,0.28826878406107426,block1:s1,gated_rule_c,mixed,1785124027.6651237,1785124027.6654122,1785124027.8380435,1785124029.196514,
block1-001190,125.52522122859955,1581.6853842698038,69,320.0,124.42010804079473,1580.580271081999,1.1051131878048182,block1:s1,gated_rule_c,mixed,1785124027.8116019,1785124027.8127074,1785124027.9371343,1785124029.3932946,
block1-001191,56.11574160866439,3653.8190935971215,171,152.5,55.88836397510022,3653.5917159635574,0.22737763356417418,block1:zero_tool,gated_rule_c,mixed,1785124028.3149858,1785124028.3152132,1785124028.3711114,1785124031.9688146,
block1-001192,357.2871130891144,940.073223086074,40,172.5,356.4398039598018,939.2259139567614,0.8473091293126345,block1:s2,gated_rule_c,mixed,1785124028.6260388,1785124028.6268864,1785124028.9833333,1785124029.5661197,
block1-001193,317.0967965852469,899.5310185709968,40,60.0,316.3691540248692,898.8033760106191,0.727642560377717,block1:s2,gated_rule_c,mixed,1785124028.7045743,1785124028.7053022,1785124029.0216794,1785124029.6041133,
block1-001194,104.59436546079814,1347.0857804641128,64,115.0,102.89565101265907,1345.3870660159737,1.6987144481390715,block1:s2,gated_rule_c,mixed,1785124028.879156,1785124028.8808553,1785124028.983758,1785124030.2262497,
block1-001195,55.85246253758669,10904.04535853304,502,52.5,54.81607001274824,10903.008966008201,1.0363925248384476,block1:zero_tool,gated_rule_c,mixed,1785124029.201824,1785124029.2028606,1785124029.2576845,1785124040.1058774,
block1-001196,297.4994307151064,881.1562887858599,36,107.5,296.96030891500413,880.6171669857576,0.5391218001022935,block1:s2,gated_rule_c,mixed,1785124029.6616726,1785124029.662212,1785124029.9591782,1785124030.5428352,
block1-001197,539.3978840438649,1099.9697039369494,49,10.0,538.8713320717216,1099.443151964806,0.526551972143352,block1:s2,gated_rule_c,mixed,1785124030.1930506,1785124030.1935775,1785124030.732457,1785124031.2930288,
block1-001198,180.41578063275665,1383.6920507019386,64,412.5,179.3765479233116,1382.6528179924935,1.0392327094450593,block1:s2,gated_rule_c,mixed,1785124030.2274344,1785124030.228474,1785124030.4078572,1785124031.6111333,
block1-001199,271.5573230525479,725.2244090195745,31,17.5,271.0975030204281,724.7645889874548,0.459820032119751,block1:s2,gated_rule_c,mixed,1785124030.2514148,1785124030.2518752,1785124030.522981,1785124030.9766479,
block1-001200,433.74528328422457,1035.4870723094791,48,15.0,432.79407802037895,1034.5358670456335,0.9512052638456225,block1:s3,gated_rule_c,mixed,1785124031.535146,1785124031.5360975,1785124031.9688995,1785124032.5706415,
block1-001201,67.58615770377219,2972.389255766757,129,572.5,67.09651194978505,2971.8996100127697,0.4896457539871335,block1:zero_tool,gated_rule_c,mixed,1785124031.675952,1785124031.676442,1785124031.7435467,1785124034.6483498,
block1-001202,358.8366268668324,810.6529468204826,38,485.0,358.0879520159215,809.9042719695717,0.748674850910902,block1:s3,gated_rule_c,mixed,1785124031.778598,1785124031.779347,1785124032.1374419,1785124032.589258,
block1-001203,342.45765453670174,1137.394932564348,41,155.0,342.20327995717525,1137.1405579848215,0.254374579526484,block1:s3,gated_rule_c,mixed,1785124032.8975134,1785124032.8977683,1785124033.2399786,1785124034.034916,
block1-001204,579.6340422239155,1348.4259851975366,48,117.5,578.8388799410313,1347.6308229146525,0.7951622828841209,block1:s3,gated_rule_c,mixed,1785124032.9318902,1785124032.9326856,1785124033.5115314,1785124034.2803233,
block1-001205,555.1006029127166,1335.4452929925174,48,287.5,553.9866079343483,1334.331298014149,1.1139949783682823,block1:s3,gated_rule_c,mixed,1785124033.112512,1785124033.1136265,1785124033.667621,1785124034.4479654,
block1-001206,570.770405465737,1167.9074814310297,43,177.5,570.1884620357305,1167.3255380010232,0.5819434300065041,block1:s3,gated_rule_c,mixed,1785124033.2117164,1785124033.2122984,1785124033.7824945,1785124034.3796315,
block1-001207,89.61699507199228,4029.9575431272388,165,60.0,89.33344704564661,4029.673995100893,0.2835480263456702,block1:zero_tool,gated_rule_c,mixed,1785124033.2207015,1785124033.2209854,1785124033.3103251,1785124037.250666,
block1-001208,514.8260861169547,1326.2151591479778,48,105.0,514.4067159853876,1325.7957890164107,0.41937013156712055,block1:s4,gated_rule_c,mixed,1785124033.2230659,1785124033.2234857,1785124033.7378998,1785124034.549289,
block1-001209,129.13910811766982,3240.6904351664707,130,105.0,128.09001398272812,3239.641341031529,1.0490941349416971,block1:zero_tool,gated_rule_c,mixed,1785124033.265165,1785124033.2662144,1785124033.3943117,1785124036.505863,
block1-001210,96.29833966027945,3824.4038306875154,158,107.5,95.30243906192482,3823.407930089161,0.9959005983546376,block1:zero_tool,gated_rule_c,mixed,1785124033.38696,1785124033.3879561,1785124033.4832664,1785124037.2113717,
block1-001211,439.3757975194603,1232.0126495324075,48,545.0,439.22363105230033,1231.8604830652475,0.1521664671599865,block1:s4,gated_rule_c,mixed,1785124033.3970766,1785124033.3972287,1785124033.8364587,1785124034.6290958,
block1-001212,54.7918250085786,3314.8382750805467,135,10.0,54.574640933424234,3314.6210910053924,0.2171840751543641,block1:zero_tool,gated_rule_c,mixed,1785124033.5185976,1785124033.5188153,1785124033.573397,1785124036.8334436,
block1-001213,61.36887427419424,4426.876336336136,188,60.0,61.17451097816229,4426.681973040104,0.1943632960319519,block1:zero_tool,gated_rule_c,mixed,1785124033.614584,1785124033.6147785,1785124033.6759608,1785124038.0414684,
block1-001214,71.13218365702778,3990.1839506346732,167,12.5,70.0072490144521,3989.0590159920976,1.1249346425756812,block1:zero_tool,gated_rule_c,mixed,1785124033.666517,1785124033.667642,1785124033.737655,1785124037.6567068,
block1-001215,477.1376976277679,1342.2538285376504,48,52.5,476.1156780878082,1341.2318089976907,1.0220195399597287,block1:s4,gated_rule_c,mixed,1785124033.7423275,1785124033.7433498,1785124034.2194724,1785124035.0845885,
block1-001216,440.3571701841429,1204.919878160581,43,10.0,439.4066729582846,1203.9693809347227,0.9504972258582711,block1:s1,gated_rule_c,mixed,1785124034.1093965,1785124034.1103477,1785124034.5497642,1785124035.3143265,
block1-001217,145.74626146350056,1728.1738554593176,66,155.0,144.67457600403577,1727.1021699998528,1.0716854594647884,block1:s1,gated_rule_c,mixed,1785124034.1343641,1785124034.135436,1785124034.2801175,1785124035.8625453,
block1-001218,387.186880921945,1158.5674369707704,44,152.5,386.6531830281019,1158.0337390769273,0.5336978938430548,block1:s1,gated_rule_c,mixed,1785124034.3745074,1785124034.3750415,1785124034.7617025,1785124035.5330832,
block1-001219,82.7455441467464,4761.4704221487045,213,395.0,82.54879002925009,4761.273668031208,0.19675411749631166,block1:zero_tool,gated_rule_c,mixed,1785124034.426514,1785124034.426711,1785124034.5092664,1785124039.1879919,
block1-001220,55.35964644514024,7264.182819402777,340,280.0,54.25453302450478,7263.077705982141,1.1051134206354618,block1:zero_tool,gated_rule_c,mixed,1785124034.7137084,1785124034.714814,1785124034.769076,1785124041.9778993,
block1-001221,122.22233088687062,1529.7057149000466,60,152.5,121.13655800931156,1528.6199420224875,1.0857728775590658,block1:s1,gated_rule_c,mixed,1785124034.768265,1785124034.769351,1785124034.8904934,1785124036.2979765,
block1-001222,502.6460555382073,1209.1966796433553,47,820.0,502.0657479763031,1208.6163720814511,0.580307561904192,block1:s1,gated_rule_c,mixed,1785124034.868873,1785124034.8694537,1785124035.3715286,1785124036.0780792,
block1-001223,98.56055304408073,5162.523364066146,241,135.0,98.1332859955728,5162.096097017638,0.42726704850792885,block1:zero_tool,gated_rule_c,mixed,1785124034.9618888,1785124034.9623163,1785124035.0604577,1785124040.1244206,
block1-001224,53.79040166735649,4082.423759624362,187,60.0,53.42969798948616,4082.0630559464917,0.3607036778703332,block1:zero_tool,gated_rule_c,mixed,1785124035.0101106,1785124035.0104713,1785124035.063908,1785124039.0925415,
block1-001225,325.4130034474656,1030.6231654249132,42,395.0,324.67546698171645,1029.885628959164,0.7375364657491446,block1:s2,gated_rule_c,mixed,1785124035.2470977,1785124035.2478356,1785124035.57252,1785124036.2777297,
block1-001226,363.0927497288212,907.6596507802606,37,15.0,362.76068701408803,907.3275880655274,0.3320627147331834,block1:s2,gated_rule_c,mixed,1785124035.5980043,1785124035.5983367,1785124035.9611049,1785124036.5056717,
block1-001227,88.64594134502113,1595.0797672849149,69,485.0,88.40248198248446,1594.8363079223782,0.24345936253666878,block1:s2,gated_rule_c,mixed,1785124035.8119044,1785124035.8121483,1785124035.900559,1785124037.4069927,
block1-001228,306.3435790827498,902.1224791649729,35,395.0,305.2484999643639,901.027400046587,1.095079118385911,block1:s2,gated_rule_c,mixed,1785124035.9311368,1785124035.9322321,1785124036.2374878,1785124036.8332667,
block1-001229,438.4673931635916,1050.5703481612727,44,545.0,437.5998550094664,1049.7028100071475,0.8675381541252136,block1:s2,gated_rule_c,mixed,1785124036.4334927,1785124036.4343603,1785124036.87197,1785124037.484073,
block1-001230,99.60078762378544,1442.224110593088,64,10.0,98.74367399606854,1441.366996965371,0.8571136277168989,block1:s2,gated_rule_c,mixed,1785124036.6376457,1785124036.638503,1785124036.7372553,1785124038.0798786,
block1-001231,360.35412980709225,871.6896498808637,37,105.0,359.6362939570099,870.9718140307814,0.7178358500823379,block1:s2,gated_rule_c,mixed,1785124036.6690207,1785124036.6697388,1785124037.0293825,1785124037.5407178,
block1-001232,64.3288706196472,4005.3220316767693,194,287.5,63.80005902610719,4004.7932200832292,0.5288115935400128,block1:zero_tool,gated_rule_c,mixed,1785124037.0674634,1785124037.0679927,1785124037.131801,1785124041.0727942,
block1-001233,423.11831458937377,1109.6081036375836,48,320.0,422.32676001731306,1108.8165490655228,0.7915545720607042,block1:s3,gated_rule_c,mixed,1785124037.390537,1785124037.3913288,1785124037.8136637,1785124038.5001533,
block1-001234,413.28521945979446,1066.0395864397287,48,280.0,412.16424002777785,1064.9186070077121,1.120979432016611,block1:s3,gated_rule_c,mixed,1785124037.7611508,1785124037.762272,1785124038.1744425,1785124038.8271966,
block1-001235,277.56096329540014,891.0237753298134,41,485.0,276.3202589703724,889.7830710047856,1.2407043250277638,block1:s3,gated_rule_c,mixed,1785124038.1642375,1785124038.1654785,1785124038.4418051,1785124039.0552683,
block1-001236,53.51485998835415,3335.2699640672654,165,105.0,52.906311000697315,3334.6614150796086,0.6085489876568317,block1:zero_tool,gated_rule_c,mixed,1785124038.734911,1785124038.7355196,1785124038.7884336,1785124042.0701888,
block1-001237,58.74330771621317,3528.0130427563563,168,95.0,57.75642895605415,3527.0261639961973,0.9868787601590157,block1:zero_tool,gated_rule_c,mixed,1785124039.3167465,1785124039.317734,1785124039.3755,1785124042.84477,
block1-001238,539.8527320940048,1039.2759460955858,43,217.5,538.7744390172884,1038.1976530188695,1.0782930767163634,block1:s3,gated_rule_c,mixed,1785124039.9387589,1785124039.9398377,1785124040.4786208,1785124040.9780438,
block1-001239,477.5064381537959,1085.5870541417971,48,550.0,476.9082700368017,1084.988886024803,0.5981681169942021,block1:s3,gated_rule_c,mixed,1785124040.307884,1785124040.3084826,1785124040.7854006,1785124041.3934815,
block1-001240,476.4951062388718,1083.8797842152417,48,117.5,475.376058020629,1082.7607359969988,1.119048218242824,block1:s4,gated_rule_c,mixed,1785124040.3279967,1785124040.329116,1785124040.8045008,1785124041.411885,
block1-001241,88.68286269716918,3384.0574136702344,156,95.0,87.75857801083475,3383.1331289839,0.9242846863344312,block1:zero_tool,gated_rule_c,mixed,1785124040.6116788,1785124040.6126034,1785124040.7003713,1785124043.9957461,
block1-001242,396.77321433555335,997.7087744046003,48,15.0,395.83354094065726,996.7691010097042,0.93967339489609,block1:s4,gated_rule_c,mixed,1785124040.6182456,1785124040.6191854,1785124041.0150259,1785124041.6159616,
block1-001243,465.9445643192157,1203.1510792439803,48,17.5,464.4519230350852,1201.6584379598498,1.4926412841305137,block1:s4,gated_rule_c,mixed,1785124041.9432812,1785124041.9447742,1785124042.409235,1785124043.1464417,
block1-001244,467.4094516085461,1186.5005815634504,48,85.0,466.4140840759501,1185.5052140308544,0.9953675325959921,block1:s4,gated_rule_c,mixed,1785124041.98112,1785124041.9821157,1785124042.4485369,1785124043.167628,
block1-001245,68.7245239969343,3233.9994099456817,147,485.0,68.47043009474874,3233.745316043496,0.2540939021855593,block1:zero_tool,gated_rule_c,mixed,1785124042.2673614,1785124042.2676158,1785124042.3360937,1785124045.5013688,
block1-001246,468.06364692747593,1197.4700498394668,48,15.0,467.02042198739946,1196.4268248993903,1.0432249400764704,block1:s4,gated_rule_c,mixed,1785124042.3183868,1785124042.3194304,1785124042.7864606,1785124043.5158672,
block1-001247,440.9559896448627,1169.3231476237997,48,92.5,439.85921901185066,1168.2263769907877,1.0967706330120564,block1:s4,gated_rule_c,mixed,1785124042.3648956,1785124042.3659925,1785124042.8058593,1785124043.5342264,
block1-001248,136.66240556631237,2497.800682554953,112,187.5,136.40591106377542,2497.544188052416,0.2564945025369525,block1:zero_tool,gated_rule_c,mixed,1785124042.399961,1785124042.4002178,1785124042.5366302,1785124044.8977683,
block1-001249,115.164031740278,3675.315997679718,167,20.0,114.53749297652394,3674.6894589159638,0.6265387637540698,block1:zero_tool,gated_rule_c,mixed,1785124042.4561288,1785124042.4567556,1785124042.5713003,1785124046.131452,
block1-001250,50.00860569998622,2996.218449785374,140,287.5,49.804325914010406,2996.0141699993983,0.20427978597581387,block1:zero_tool,gated_rule_c,mixed,1785124042.52398,1785124042.5241845,1785124042.573996,1785124045.5202057,
block1-001251,112.84628079738468,4890.987654798664,226,177.5,111.91827501170337,4890.059649012983,0.9280057856813073,block1:zero_tool,gated_rule_c,mixed,1785124042.912271,1785124042.9131994,1785124043.0251262,1785124047.8032672,
block1-001252,120.44926069211215,1427.9475506627932,61,170.0,119.99260704033077,1427.4908970110118,0.4566536517813802,block1:s1,gated_rule_c,mixed,1785124042.92831,1785124042.928767,1785124043.0487673,1785124044.3562658,
block1-001253,120.08439749479294,1364.8524134187028,60,280.0,119.86778897698969,1364.6358049008995,0.21660851780325174,block1:s1,gated_rule_c,mixed,1785124043.3956249,1785124043.3958418,1785124043.51572,1785124044.760488,
block1-001254,369.7025675792247,879.7812026459724,37,320.0,369.03761292342097,879.1162479901686,0.66495465580374,block1:s1,gated_rule_c,mixed,1785124043.8007562,1785124043.8014216,1785124044.1704674,1785124044.6805463,
block1-001255,70.82803663797677,3669.9726475635543,173,280.0,68.91459808684886,3668.0592090124264,1.9134385511279106,block1:zero_tool,gated_rule_c,mixed,1785124044.0040734,1785124044.0059872,1785124044.07491,1785124047.6740546,
block1-001256,278.94527779426426,894.8650878155604,40,160.0,277.7876709587872,893.7074809800833,1.1576068354770541,block1:s2,gated_rule_c,mixed,1785124044.2849467,1785124044.2861047,1785124044.5639014,1785124045.179821,
block1-001257,55.75485376175493,2364.1083418624476,112,107.5,55.24280190002173,2363.5962900007144,0.5120518617331982,block1:zero_tool,gated_rule_c,mixed,1785124044.6651828,1785124044.6656952,1785124044.720947,1785124047.0293002,
block1-001258,62.30677687563002,3568.912021932192,165,287.5,60.74575590901077,3567.351000965573,1.5610209666192532,block1:zero_tool,gated_rule_c,mixed,1785124044.7578616,1785124044.759423,1785124044.8201783,1785124048.3267834,
block1-001259,96.76805173512548,1538.7823366327211,69,282.5,95.97214206587523,1537.9864269634709,0.7959096692502499,block1:s2,gated_rule_c,mixed,1785124044.9864395,1785124044.9872355,1785124045.0832148,1785124046.5252292,
block1-001260,95.77559016179293,4406.830741092563,193,75.0,95.43584508355707,4406.490996014327,0.33974507823586464,block1:zero_tool,gated_rule_c,mixed,1785124045.3254337,1785124045.3257735,1785124045.4212162,1785124049.7322714,
block1-001261,60.21833198610693,3620.7359350519255,160,95.0,59.53810201026499,3620.0557050760835,0.6802299758419394,block1:zero_tool,gated_rule_c,mixed,1785124045.3635147,1785124045.3641956,1785124045.423742,1785124048.9842596,
block1-001262,89.49448633939028,1389.6030463511124,64,177.5,88.44928699545562,1388.5578470071778,1.0451993439346552,block1:s2,gated_rule_c,mixed,1785124045.597649,1785124045.5986943,1785124045.687152,1785124046.98726,
block1-001263,304.20465930365026,776.8643633462489,34,572.5,303.4263529116288,776.0860569542274,0.7783063920214772,block1:s2,gated_rule_c,mixed,1785124045.7485342,1785124045.7493129,1785124046.052747,1785124046.5254068,
block1-001264,432.4035985628143,1052.8016835451126,48,15.0,431.9633429404348,1052.3614279227331,0.4402556223794818,block1:s3,gated_rule_c,mixed,1785124045.877128,1785124045.8775687,1785124046.3095403,1785124046.9299383,
block1-001265,71.80907553993165,2863.7119985651225,126,20.0,71.39893702697009,2863.301860052161,0.41013851296156645,block1:zero_tool,gated_rule_c,mixed,1785124045.9804933,1785124045.9809039,1785124046.0523124,1785124048.8442152,
block1-001266,55.7144396007061,3682.854069629684,161,297.5,55.225061951205134,3682.364691980183,0.48937764950096607,block1:zero_tool,gated_rule_c,mixed,1785124046.2342973,1785124046.234787,1785124046.2900205,1785124049.91716,
block1-001267,275.8192162727937,922.8001902811229,39,15.0,274.88578809425235,921.8667621025816,0.9334281785413623,block1:s3,gated_rule_c,mixed,1785124046.9945402,1785124046.9954739,1785124047.2703671,1785124047.917348,
block1-001268,440.7548647141084,1294.3871987517923,48,550.0,440.3076469898224,1293.9399810275063,0.4472177242860198,block1:s3,gated_rule_c,mixed,1785124047.4762068,1785124047.4766543,1785124047.9169712,1785124048.7706034,
block1-001269,349.7533567715436,1045.3284067334607,37,17.5,349.32485106401145,1044.8999010259286,0.42850570753216743,block1:s3,gated_rule_c,mixed,1785124047.6237721,1785124047.624201,1785124047.973535,1785124048.66911,
block1-001270,59.40910498611629,3905.306169996038,169,572.5,58.37985803373158,3904.2769230436534,1.0292469523847103,block1:zero_tool,gated_rule_c,mixed,1785124047.9553556,1785124047.9563851,1785124048.0147722,1785124051.8606691,
block1-001271,471.5185962850228,1242.9157752776518,43,287.5,470.74560704641044,1242.1427860390395,0.7729892386123538,block1:s3,gated_rule_c,mixed,1785124048.0281692,1785124048.0289423,1785124048.499695,1785124049.271092,
block1-001272,592.2665697289631,1330.9112617280334,48,100.0,591.2322759395465,1329.8769679386169,1.0342937894165516,block1:s4,gated_rule_c,mixed,1785124048.0566382,1785124048.057673,1785124048.6489122,1785124049.3875568,
block1-001273,573.3646237058565,1297.9746216442436,48,10.0,572.3692240426317,1296.9792219810188,0.9953996632248163,block1:s4,gated_rule_c,mixed,1785124048.2711482,1785124048.2721438,1785124048.844521,1785124049.5691314,
block1-001274,579.577500000596,1305.9259700821713,48,117.5,579.4011009857059,1305.749571067281,0.17639901489019394,block1:s4,gated_rule_c,mixed,1785124048.2833629,1785124048.2835395,1785124048.8629467,1785124049.5892954,
block1-001275,566.758363856934,1293.245263863355,48,15.0,566.575460950844,1293.062360957265,0.18290290609002113,block1:s4,gated_rule_c,mixed,1785124048.2959247,1785124048.2961078,1785124048.8626893,1785124049.5891764,
block1-001276,548.2212391216308,1274.1623810725287,48,115.0,547.8845190955326,1273.8256610464305,0.33672002609819174,block1:s4,gated_rule_c,mixed,1785124048.333973,1785124048.3343096,1785124048.8822005,1785124049.6081421,
block1-001277,482.10868891328573,1187.675735913217,48,20.0,481.44709889311343,1187.0141458930448,0.661590020172298,block1:s4,gated_rule_c,mixed,1785124048.7296827,1785124048.7303445,1785124049.2117982,1785124049.9173653,
block1-001278,454.4266207376495,1152.6609127176926,48,105.0,453.66110908798873,1151.8954010680318,0.7655116496607661,block1:s4,gated_rule_c,mixed,1785124048.932727,1785124048.9334927,1785124049.387161,1785124050.085395,
block1-001279,420.2003924874589,1195.6680654548109,49,282.5,419.8239370016381,1195.29160996899,0.37645548582077026,block1:s4,gated_rule_c,mixed,1785124049.025376,1785124049.0257528,1785124049.4455836,1785124050.2210512,
block1-001280,377.76361289434135,1049.109851825051,43,15.0,377.2310650674626,1048.5773039981723,0.5325478268787265,block1:s1,gated_rule_c,mixed,1785124049.4441035,1785124049.4446366,1785124049.8218772,1785124050.4932237,
block1-001281,355.5446290411055,1029.192528105341,43,10.0,354.7170899109915,1028.3649889752269,0.8275391301140189,block1:s1,gated_rule_c,mixed,1785124049.6543043,1785124049.655132,1785124050.0098567,1785124050.6835048,
block1-001282,101.62142280023545,3701.54751080554,171,15.0,101.13753995392472,3701.063627959229,0.48388284631073475,block1:zero_tool,gated_rule_c,mixed,1785124049.7012675,1785124049.7017517,1785124049.8028982,1785124053.4028242,
block1-001283,399.8446195619181,880.8485246263444,37,395.0,399.56941292621195,880.5733179906383,0.2752066357061267,block1:s1,gated_rule_c,mixed,1785124050.054896,1785124050.0551717,1785124050.4547486,1785124050.9357524,
block1-001284,320.1243501389399,831.9085311377421,36,140.0,319.08353802282363,830.8677190216258,1.0408121161162853,block1:s1,gated_rule_c,mixed,1785124050.1909192,1785124050.1919603,1785124050.5110507,1785124051.022835,
block1-001285,56.10159190837294,3492.3449619673193,167,117.5,55.93381996732205,3492.1771900262684,0.1677719410508871,block1:zero_tool,gated_rule_c,mixed,1785124050.5710526,1785124050.5712206,1785124050.6271617,1785124054.0634053,
block1-001286,295.10858724825084,859.2543082777411,40,307.5,294.21435308177024,858.3600741112605,0.8942341664806008,block1:s1,gated_rule_c,mixed,1785124050.860978,1785124050.8618722,1785124051.1560924,1785124051.720238,
block1-001287,68.14437708817422,2711.3520581042394,128,297.5,67.33153690584004,2710.539217921905,0.8128401823341846,block1:zero_tool,gated_rule_c,mixed,1785124050.9949157,1785124050.995729,1785124051.0630672,1785124053.7062747,
block1-001288,56.838452466763556,2923.3126904582605,140,95.0,56.313007953576744,2922.7872459450737,0.5254445131868124,block1:zero_tool,gated_rule_c,mixed,1785124051.1399133,1785124051.140439,1785124051.1967587,1785124054.0632334,
block1-001289,273.91605905722827,872.9789011413231,40,10.0,273.5391299938783,872.6019720779732,0.37692906334996223,block1:s2,gated_rule_c,mixed,1785124051.7575164,1785124051.7578933,1785124052.0314386,1785124052.6305013,
block1-001290,61.1148263560608,2915.0061233667657,140,10.0,60.79513696022332,2914.686433970928,0.3196893958374858,block1:zero_tool,gated_rule_c,mixed,1785124051.8395412,1785124051.8398612,1785124051.9006634,1785124054.7545545,
block1-001291,314.3256340408698,1009.038353106007,43,12.5,313.3147869957611,1008.0275060608983,1.010847045108676,block1:s2,gated_rule_c,mixed,1785124052.2017274,1785124052.2027385,1785124052.5160596,1785124053.2107725,
block1-001292,389.37707419972867,892.182985204272,36,287.5,388.6750970268622,891.4810080314055,0.7019771728664637,block1:s2,gated_rule_c,mixed,1785124052.6052883,1785124052.6059904,1785124052.9946735,1785124053.4974792,
block1-001293,412.80614538118243,1028.895361465402,44,282.5,411.86293098144233,1027.9521470656618,0.9432143997400999,block1:s2,gated_rule_c,mixed,1785124052.6587873,1785124052.6597307,1785124053.0716002,1785124053.6876895,
block1-001294,347.56940393708646,848.3561439206824,38,350.0,346.24758502468467,847.0343250082806,1.3218189124017954,block1:s2,gated_rule_c,mixed,1785124052.8018293,1785124052.8031514,1785124053.149407,1785124053.6501944,
block1-001295,51.796144573017955,6679.816834628582,317,177.5,51.66714091319591,6679.68783096876,0.12900365982204676,block1:zero_tool,gated_rule_c,mixed,1785124053.1391144,1785124053.1392436,1785124053.1909175,1785124059.818938,
block1-001296,257.139898953028,710.0495409686118,32,297.5,256.0328129911795,708.9424550067633,1.1070859618484974,block1:s3,gated_rule_c,mixed,1785124053.3161614,1785124053.3172688,1785124053.5733087,1785124054.0262184,
block1-001297,60.15442812349647,2757.7921231277287,134,12.5,59.39827498514205,2757.0359699893743,0.7561531383544207,block1:zero_tool,gated_rule_c,mixed,1785124053.8161242,1785124053.8168807,1785124053.8762858,1785124056.5739236,
block1-001298,364.0945805236697,852.3221325594932,38,15.0,363.7170569272712,851.9446089630947,0.3775235963985324,block1:s3,gated_rule_c,mixed,1785124054.502352,1785124054.5027297,1785124054.8664541,1785124055.3546815,
block1-001299,400.4523935727775,1076.5408985316753,48,140.0,398.61149701755494,1074.7000019764528,1.840896555222571,block1:s3,gated_rule_c,mixed,1785124055.0848906,1785124055.0867317,1785124055.485351,1785124056.1614397,
block1-001300,305.94016588293016,994.2125767702237,42,152.5,305.77865603845567,994.0510669257492,0.16150984447449446,block1:s3,gated_rule_c,mixed,1785124055.727238,1785124055.7273996,1785124056.0331855,1785124056.721458,
block1-001301,438.93372535239905,1116.728505352512,46,350.0,437.12968099862337,1114.9244609987363,1.80404435377568,block1:s3,gated_rule_c,mixed,1785124055.9849968,1785124055.9868014,1785124056.423941,1785124057.1017358,
block1-001302,426.81900109164417,1132.0052371593192,46,25.0,426.4238409232348,1131.6100769909099,0.39516016840934753,block1:s3,gated_rule_c,mixed,1785124056.3125057,1785124056.3129013,1785124056.7393322,1785124057.4445183,
block1-001303,312.69069109112024,1117.0816890662536,43,117.5,312.3273180099204,1116.7183159850538,0.3633730811998248,block1:s3,gated_rule_c,mixed,1785124056.4831402,1785124056.4835038,1785124056.7958395,1785124057.6002307,
block1-001304,490.7430420862511,1183.4835760528222,48,320.0,490.3640579432249,1183.104591909796,0.3789841430261731,block1:s4,gated_rule_c,mixed,1785124056.9164603,1785124056.9168394,1785124057.4072108,1785124058.0999513,
block1-001305,516.0045876400545,1190.2536476263776,48,357.5,514.9994839448482,1189.2485439311713,1.0051036952063441,block1:s4,gated_rule_c,mixed,1785124056.928279,1785124056.9292843,1785124057.4442914,1785124058.1185403,
block1-001306,463.71202007867396,1106.568405055441,48,820.0,463.09161302633584,1105.9479980031028,0.6204070523381233,block1:s4,gated_rule_c,mixed,1785124057.0500278,1785124057.0506487,1785124057.5137484,1785124058.156605,
block1-001307,59.46325894910842,4155.133961001411,184,75.0,59.16751699987799,4154.838219052181,0.2957419492304325,block1:zero_tool,gated_rule_c,mixed,1785124057.2288675,1785124057.2291634,1785124057.2883375,1785124061.3840082,
block1-001308,55.265685194171965,3530.3741202224046,158,572.5,54.6906579984352,3529.799093026668,0.5750271957367659,block1:zero_tool,gated_rule_c,mixed,1785124057.3314776,1785124057.3320527,1785124057.3867502,1785124060.8618586,
block1-001309,94.63459113612771,4000.879966071807,176,115.0,93.85282802395523,4000.0982029596344,0.7817631121724844,block1:zero_tool,gated_rule_c,mixed,1785124057.3829978,1785124057.3837798,1785124057.4776397,1785124061.3838854,
block1-001310,446.1443977197632,1080.351234646514,48,350.0,445.03697706386447,1079.2438139906153,1.1074206558987498,block1:s4,gated_rule_c,mixed,1785124057.384213,1785124057.3853207,1785124057.830366,1785124058.4645727,
block1-001311,458.4529250860214,1092.0133250765502,48,22.5,457.70837797317654,1091.2687779637054,0.7445471128448844,block1:s4,gated_rule_c,mixed,1785124057.3912091,1785124057.391954,1785124057.8496685,1785124058.483229,
block1-001312,314.9050627835095,936.0397508135065,43,572.5,314.6988799562678,935.8335679862648,0.20618282724171877,block1:s1,gated_rule_c,mixed,1785124058.2238436,1785124058.2240498,1785124058.5387554,1785124059.15989,
block1-001313,338.87458429671824,1035.7591162901372,43,217.5,338.08642195072025,1034.9709539441392,0.7881623459979892,block1:s1,gated_rule_c,mixed,1785124058.7642205,1785124058.765009,1785124059.1031036,1785124059.7999885,
block1-001314,67.17886589467525,7810.58473396115,331,95.0,65.75739698018879,7809.163265046664,1.4214689144864678,block1:zero_tool,gated_rule_c,mixed,1785124059.2466717,1785124059.2480934,1785124059.313858,1785124067.057264,
block1-001315,482.31550119817257,1004.7187772579491,40,15.0,481.6911530215293,1004.0944290813059,0.6243481766432524,block1:s1,gated_rule_c,mixed,1785124059.2977993,1785124059.298424,1785124059.7801223,1785124060.3025258,
block1-001316,338.56498182285577,980.4009287618101,39,105.0,337.5251170946285,979.3610640335828,1.0398647282272577,block1:s1,gated_rule_c,mixed,1785124059.303178,1785124059.3042183,1785124059.6417503,1785124060.2835863,
block1-001317,182.35836073290557,4005.5492947576568,167,15.0,182.22865101415664,4005.419585038908,0.12970971874892712,block1:zero_tool,gated_rule_c,mixed,1785124059.307342,1785124059.307472,1785124059.4897068,1785124063.3128977,
block1-001318,67.27172806859016,4484.850622131489,194,280.0,65.67478796932846,4483.2536820322275,1.596940099261701,block1:zero_tool,gated_rule_c,mixed,1785124059.6778972,1785124059.6794941,1785124059.745177,1785124064.1627562,
block1-001319,134.10654431208968,1522.6271213032305,60,10.0,133.76212399452925,1522.28270098567,0.34442031756043434,block1:s1,gated_rule_c,mixed,1785124059.9004912,1785124059.9008358,1785124060.0346053,1785124061.4231257,
block1-001320,293.01620833575726,1057.194785331376,40,187.5,292.3974459990859,1056.5760229947045,0.6187623366713524,block1:s2,gated_rule_c,mixed,1785124060.2872543,1785124060.2878733,1785124060.5802777,1785124061.3444564,
block1-001321,86.63647843059152,3546.7981214169413,150,282.5,86.06362401042134,3546.225266996771,0.572854420170188,block1:zero_tool,gated_rule_c,mixed,1785124060.3232157,1785124060.323789,1785124060.4098594,1785124063.8700209,
block1-001322,403.479331638664,949.3409337010235,36,22.5,402.3433990078047,948.2050010701641,1.1359326308593154,block1:s2,gated_rule_c,mixed,1785124060.516051,1785124060.5171874,1785124060.9195392,1785124061.465401,
block1-001323,96.31164243910462,13702.673437423073,611,485.0,95.70579999126494,13702.067594975233,0.6058424478396773,block1:zero_tool,gated_rule_c,mixed,1785124060.523296,1785124060.5239022,1785124060.6196146,1785124074.2259765,
block1-001324,425.24527048226446,898.2109385542572,36,160.0,425.02332595176995,897.9889940237626,0.22194453049451113,block1:s2,gated_rule_c,mixed,1785124060.7600377,1785124060.7602599,1785124061.185291,1785124061.6582565,
block1-001325,576.533837011084,1269.4832640700042,49,485.0,576.348150963895,1269.2975780228153,0.18568604718893766,block1:s2,gated_rule_c,mixed,1785124060.7683442,1785124060.7685301,1785124061.344885,1785124062.0378344,
block1-001326,393.0198133457452,865.0014443555847,36,282.5,392.7782450336963,864.7598760435358,0.24156831204891205,block1:s2,gated_rule_c,mixed,1785124060.8318217,1785124060.8320634,1785124061.2248478,1785124061.6968298,
block1-001327,346.54086746741086,850.9070493746549,37,110.0,346.29218000918627,850.6583619164303,0.2486874582245946,block1:s2,gated_rule_c,mixed,1785124061.0171866,1785124061.0174356,1785124061.3637345,1785124061.8681006,
block1-001328,62.06355325412005,2871.190476231277,126,15.0,61.34749797638506,2870.474420953542,0.7160552777349949,block1:zero_tool,gated_rule_c,mixed,1785124061.4032454,1785124061.403962,1785124061.4653163,1785124064.2744431,
block1-001329,529.459999059327,1223.6867730971426,48,117.5,528.3636839594692,1222.5904579972848,1.0963150998577476,block1:s3,gated_rule_c,mixed,1785124061.7373168,1785124061.7384136,1785124062.2667842,1785124062.9610112,
block1-001330,438.94333066418767,1003.172441618517,41,145.0,438.25244798790663,1002.481558942236,0.690882676281035,block1:s3,gated_rule_c,mixed,1785124061.8665488,1785124061.8672402,1785124062.3054993,1785124062.8697286,
block1-001331,484.72577473148704,1259.7898787353188,48,12.5,484.1068279929459,1259.1709319967777,0.6189467385411263,block1:s3,gated_rule_c,mixed,1785124061.87877,1785124061.8793895,1785124062.3635025,1785124063.1385667,
block1-001332,305.508722551167,1040.2819606242701,41,20.0,305.2965790266171,1040.0698170997202,0.21214352454990149,block1:s3,gated_rule_c,mixed,1785124062.0789793,1785124062.0791914,1785124062.384496,1785124063.1192694,
block1-001333,350.6228111218661,1047.1997561398894,43,60.0,348.58161001466215,1045.1585550326854,2.0412011072039604,block1:s3,gated_rule_c,mixed,1785124062.3616266,1785124062.363668,1785124062.7122586,1785124063.4088354,
block1-001334,504.1045955149457,1201.1899604694918,48,17.5,503.0462529975921,1200.1316179521382,1.0583425173535943,block1:s3,gated_rule_c,mixed,1785124062.846582,1785124062.8476405,1785124063.3506947,1785124064.0477798,
block1-001335,406.9127676775679,1123.6839407356456,44,107.5,405.8773189317435,1122.6484919898212,1.0354487458243966,block1:s3,gated_rule_c,mixed,1785124062.8471026,1785124062.8481383,1785124063.254021,1785124063.970792,
block1-001336,466.07361000496894,1163.146313978359,48,95.0,464.25378101412207,1161.3264849875122,1.8198289908468723,block1:s4,gated_rule_c,mixed,1785124062.9231672,1785124062.9249876,1785124063.3892503,1785124064.0863228,
block1-001337,465.22348176222295,1185.5227827327326,48,10.0,465.09517810773104,1185.3944790782407,0.1283036544919014,block1:s4,gated_rule_c,mixed,1785124063.6014671,1785124063.6015954,1785124064.0666971,1785124064.7869964,
block1-001338,461.853984859772,1181.6187688382342,48,217.5,461.05172706302255,1180.8165110414848,0.8022577967494726,block1:s4,gated_rule_c,mixed,1785124063.6247659,1785124063.6255682,1785124064.086625,1785124064.8063898,
block1-001339,86.64978540036827,3692.940419423394,155,485.0,84.57176201045513,3690.8623960334808,2.0780233899131417,block1:zero_tool,gated_rule_c,mixed,1785124063.7445827,1785124063.7466612,1785124063.831241,1785124067.4375315,
block1-001340,67.64348410069942,3649.3495430331677,154,357.5,66.61327497567981,3648.319333908148,1.03020912501961,block1:zero_tool,gated_rule_c,mixed,1785124063.902974,1785124063.9040043,1785124063.9706247,1785124067.5523307,
block1-001341,92.58473839145154,3278.3865993842483,135,320.0,91.51502104941756,3277.3168820422143,1.0697173420339823,block1:zero_tool,gated_rule_c,mixed,1785124064.1592674,1785124064.1603374,1785124064.251859,1785124067.4376607,
block1-001342,64.1674279468134,4076.641805935651,167,10.0,63.4490589145571,4075.9234369033948,0.7183690322563052,block1:zero_tool,gated_rule_c,mixed,1785124064.1905847,1785124064.1913035,1785124064.2547588,1785124068.2672334,
block1-001343,57.64804745558649,3659.1020034393296,148,15.0,57.16442794073373,3658.618383924477,0.4836195148527622,block1:zero_tool,gated_rule_c,mixed,1785124064.4102325,1785124064.410716,1785124064.4678864,1785124068.0693405,
block1-001344,373.62560036126524,1090.835698414594,43,152.5,372.42227396927774,1089.6323720226064,1.2033263919875026,block1:s1,gated_rule_c,mixed,1785124064.451703,1785124064.4529068,1785124064.8253343,1785124065.5425444,
block1-001345,132.37014960031956,1887.5945606268942,69,280.0,131.39047799631953,1886.6148890228942,0.979671604000032,block1:s1,gated_rule_c,mixed,1785124064.6157365,1785124064.6167164,1785124064.7481155,1785124066.5033395,
block1-001346,280.4368711076677,1199.5652571786195,40,350.0,279.8038999317214,1198.9322860026732,0.6329711759462953,block1:s1,gated_rule_c,mixed,1785124064.9201918,1785124064.920825,1785124065.2006369,1785124066.1197653,
block1-001347,622.7854597382247,1314.7185577545315,45,177.5,622.3122728988528,1314.2453709151596,0.47318683937191963,block1:s1,gated_rule_c,mixed,1785124065.3687985,1785124065.3692718,1785124065.9915924,1785124066.6835256,
block1-001348,528.6744800396264,1101.7518501030281,36,550.0,528.5250319866464,1101.602402050048,0.14944805298000574,block1:s1,gated_rule_c,mixed,1785124065.4420533,1785124065.4422028,1785124065.970734,1785124066.543811,
block1-001349,126.28028122708201,1541.5605113375932,62,20.0,125.32562692649662,1540.6058570370078,0.9546543005853891,block1:s1,gated_rule_c,mixed,1785124065.5542312,1785124065.5551863,1785124065.6805182,1785124067.0957985,
block1-001350,84.88293970003724,7269.725559744984,326,15.0,84.51492304448038,7269.357543089427,0.3680166555568576,block1:zero_tool,gated_rule_c,mixed,1785124065.6385841,1785124065.6389525,1785124065.723474,1785124072.9083166,
block1-001351,125.88924402371049,1471.9096730696037,62,307.5,124.89573890343308,1470.9161679493263,0.9935051202774048,block1:s1,gated_rule_c,mixed,1785124065.7211206,1785124065.7221148,1785124065.8470185,1785124067.193039,
block1-001352,488.3276919135824,1012.4494459014386,38,107.5,487.24915203638375,1011.37090602424,1.0785398771986365,block1:s2,gated_rule_c,mixed,1785124065.730919,1785124065.7319975,1785124066.219253,1785124066.743375,
block1-001353,404.0316850878298,888.5264510754496,38,110.0,403.74049509409815,888.2352610817179,0.29118999373167753,block1:s2,gated_rule_c,mixed,1785124065.9729705,1785124065.9732618,1785124066.377011,1785124066.8615055,
block1-001354,102.84435574430972,1435.4410087689757,64,22.5,101.87170503195375,1434.4683580566198,0.9726507123559713,block1:s2,gated_rule_c,mixed,1785124066.230448,1785124066.231421,1785124066.3332996,1785124067.6658967,
block1-001355,78.0224510235712,15628.338114125654,720,60.0,77.27419689763337,15627.589859999716,0.7482541259378195,block1:zero_tool,gated_rule_c,mixed,1785124066.2990625,1785124066.2998111,1785124066.3770924,1785124081.9274082,
block1-001356,352.3843507282436,1146.945713669993,42,15.0,351.92785400431603,1146.4892169460654,0.45649672392755747,block1:s2,gated_rule_c,mixed,1785124067.2184782,1785124067.218935,1785124067.57087,1785124068.3654315,
block1-001357,102.12853422854096,3768.663194263354,163,105.0,100.99896800238639,3767.5336280371994,1.1295662261545658,block1:zero_tool,gated_rule_c,mixed,1785124067.2225127,1785124067.2236426,1785124067.3246484,1785124070.9911828,
block1-001358,408.17295864690095,1032.1675717132166,38,60.0,406.9803219754249,1030.9749350417405,1.1926366714760661,block1:s2,gated_rule_c,mixed,1785124067.3335788,1785124067.3347716,1785124067.741758,1785124068.365753,
block1-001359,436.6456107236445,1000.6991187110543,37,10.0,436.17988796904683,1000.2333959564567,0.4657227545976639,block1:s2,gated_rule_c,mixed,1785124067.6128435,1785124067.6133094,1785124068.049497,1785124068.6135507,
block1-001360,502.3595984093845,1229.4993323739618,48,17.5,501.48288102354854,1228.6226149881259,0.8767173858359456,block1:s3,gated_rule_c,mixed,1785124067.6611867,1785124067.6620636,1785124068.1635537,1785124068.890694,
block1-001361,309.4938333379105,977.7598263463005,39,20.0,308.8358800159767,977.1018730243668,0.6579533219337463,block1:s3,gated_rule_c,mixed,1785124067.7398622,1785124067.7405207,1785124068.049369,1785124068.717635,
block1-001362,483.7073215749115,1185.782229527831,48,280.0,482.8125269850716,1184.8874349379912,0.8947945898398757,block1:s3,gated_rule_c,mixed,1785124067.7629974,1785124067.7638924,1785124068.2467108,1785124068.948786,
block1-001363,96.57948871608824,2715.1360287098214,120,187.5,95.67798394709826,2714.2345239408314,0.9015047689899802,block1:zero_tool,gated_rule_c,mixed,1785124068.1023366,1785124068.1032386,1785124068.1989253,1785124070.817482,
block1-001364,443.4339420404285,1141.956088016741,48,100.0,443.015989032574,1141.5381350088865,0.4179530078545213,block1:s3,gated_rule_c,mixed,1785124068.1143165,1785124068.114735,1785124068.5577595,1785124069.2562814,
block1-001365,423.7111882539466,1120.714511256665,48,115.0,423.52192802354693,1120.5252510262653,0.18926023039966822,block1:s3,gated_rule_c,mixed,1785124068.2742608,1785124068.2744505,1785124068.6979792,1785124069.3949826,
block1-001366,65.89713762514293,3540.1832736097276,165,485.0,65.60590106528252,3539.892037049867,0.2912365598604083,block1:zero_tool,gated_rule_c,mixed,1785124068.5543926,1785124068.5546842,1785124068.6202974,1785124072.0945835,
block1-001367,314.2407543491572,1003.4614644246176,43,50.0,314.0610479749739,1003.2817580504343,0.17970637418329716,block1:s3,gated_rule_c,mixed,1785124068.7326767,1785124068.7328565,1785124069.046925,1785124069.7361462,
block1-001368,449.1251896834001,1177.9647006187588,48,50.0,448.75624601263553,1177.5957569479942,0.36894367076456547,block1:s4,gated_rule_c,mixed,1785124069.017517,1785124069.0178862,1785124069.4666493,1785124070.195489,
block1-001369,405.1441779593006,1138.6348388623446,48,152.5,404.62491707876325,1138.1155779818073,0.5192608805373311,block1:s4,gated_rule_c,mixed,1785124069.349338,1785124069.3498576,1785124069.7544904,1785124070.4879813,
block1-001370,483.51320321671665,1142.8931632544845,48,110.0,482.4433739995584,1141.8233340373263,1.069829217158258,block1:s4,gated_rule_c,mixed,1785124069.8674774,1785124069.8685474,1785124070.350998,1785124071.010378,
block1-001371,108.31888532266021,3734.985373332165,175,15.0,107.47981001622975,3734.1462980257347,0.839075306430459,block1:zero_tool,gated_rule_c,mixed,1785124069.87964,1785124069.8804793,1785124069.987966,1785124073.6146324,
block1-001372,481.7866440862417,1141.5280711371452,48,10.0,481.5460089594126,1141.287436010316,0.24063512682914734,block1:s4,gated_rule_c,mixed,1785124069.8883193,1785124069.88856,1785124070.3701134,1785124071.0298548,
block1-001373,408.65139476954937,1064.9479987332597,48,15.0,408.3683810895309,1064.6649850532413,0.2830136800184846,block1:s4,gated_rule_c,mixed,1785124070.0589314,1785124070.0592146,1785124070.46759,1785124071.1238866,
block1-001374,416.60842986311764,1023.9641679218039,48,545.0,415.7885779859498,1023.1443160446361,0.8198518771678209,block1:s4,gated_rule_c,mixed,1785124070.5158947,1785124070.5167148,1785124070.932511,1785124071.5398667,
block1-001375,55.021311272867024,3046.6642492683604,148,322.5,54.85437100287527,3046.4973089983687,0.16694026999175549,block1:zero_tool,gated_rule_c,mixed,1785124071.4089599,1785124071.409127,1785124071.4639874,1785124074.4556305,
block1-001376,112.22912883386016,2376.546749845147,112,320.0,111.67654197197407,2375.994162983261,0.5525868618860841,block1:zero_tool,gated_rule_c,mixed,1785124071.7545636,1785124071.7551162,1785124071.8668,1785124074.1311176,
block1-001377,116.90686573274434,1577.5003427406773,71,15.0,116.65339989122003,1577.246876899153,0.25346584152430296,block1:s1,gated_rule_c,mixed,1785124071.7871897,1785124071.7874434,1785124071.9041035,1785124073.3646967,
block1-001378,366.02481186855584,1032.013538875617,45,17.5,365.0211220374331,1031.0098490444943,1.003689831122756,block1:s1,gated_rule_c,mixed,1785124072.2555227,1785124072.256527,1785124072.6215596,1785124073.287548,
block1-001379,108.07002102956176,4567.339483066462,213,22.5,106.99630400631577,4566.265766043216,1.0737170232459903,block1:zero_tool,gated_rule_c,mixed,1785124072.2832336,1785124072.2843075,1785124072.3913112,1785124076.850581,
block1-001380,63.08289093431085,3378.221946884878,158,20.0,61.75577000249177,3376.894825953059,1.3271209318190813,block1:zero_tool,gated_rule_c,mixed,1785124072.8510363,1785124072.8523638,1785124072.9141276,1785124076.2292666,
block1-001381,122.56294023245573,1309.4243071973324,62,15.0,121.43452907912433,1308.295896044001,1.128411153331399,block1:s1,gated_rule_c,mixed,1785124073.0835168,1785124073.0846453,1785124073.2060869,1785124074.3929484,
block1-001382,99.4706709170714,7326.344735920429,344,17.5,99.31577905081213,7326.18984405417,0.15489186625927687,block1:zero_tool,gated_rule_c,mixed,1785124073.1295414,1785124073.1296968,1785124073.229019,1785124080.455893,
block1-001383,72.15444976463914,2884.697876754217,129,170.0,70.20832202397287,2882.7517490135506,1.9461277406662703,block1:zero_tool,gated_rule_c,mixed,1785124074.0594878,1785124074.0614343,1785124074.13165,1785124076.9441936,
block1-001384,68.17349372431636,2709.4720277236775,120,357.5,67.68670293968171,2708.985236939043,0.48679078463464975,block1:zero_tool,gated_rule_c,mixed,1785124074.330649,1785124074.331136,1785124074.39883,1785124077.0401285,
block1-001385,505.64527162350714,1136.2484676064923,44,12.5,504.6215350739658,1135.224731056951,1.0237365495413542,block1:s2,gated_rule_c,mixed,1785124075.054486,1785124075.0555105,1785124075.560139,1785124076.1907423,
block1-001386,388.31158296670765,973.995651002042,36,115.0,387.5379760283977,973.222044063732,0.7736069383099675,block1:s2,gated_rule_c,mixed,1785124075.080579,1785124075.081353,1785124075.4688969,1785124076.054581,
block1-001387,55.66195980645716,9652.610834804364,435,10.0,54.91701094433665,9651.865885942243,0.7449488621205091,block1:zero_tool,gated_rule_c,mixed,1785124075.2893956,1785124075.2901406,1785124075.345064,1785124084.942013,
block1-001388,408.77670561894774,885.1669195573777,35,12.5,408.409551018849,884.799764957279,0.36715460009872913,block1:s2,gated_rule_c,mixed,1785124075.3635597,1785124075.3639271,1785124075.7723432,1785124076.2487333,
block1-001389,415.95734492875636,1028.179174871184,41,15.0,415.62536801211536,1027.847197954543,0.33197691664099693,block1:s2,gated_rule_c,mixed,1785124075.3766904,1785124075.3770227,1785124075.792655,1785124076.404877,
block1-001390,461.89610462170094,937.071654596366,38,152.5,461.75331994891167,936.9288699235767,0.14278467278927565,block1:s2,gated_rule_c,mixed,1785124075.389336,1785124075.3894792,1785124075.8512406,1785124076.3264165,
block1-001391,334.8036801908165,864.042746135965,37,15.0,334.6510750707239,863.8901410158724,0.1526051200926304,block1:s2,gated_rule_c,mixed,1785124075.6151712,1785124075.615324,1785124075.949983,1785124076.479222,
block1-001392,72.43595912586898,2762.934001162648,125,152.5,71.43950602039695,2761.937548057176,0.9964531054720283,block1:zero_tool,gated_rule_c,mixed,1785124075.9209478,1785124075.9219446,1785124075.9933932,1785124078.6838913,
block1-001393,442.7043824689463,1171.8050073832273,48,15.0,442.49118806328624,1171.5918129775673,0.21319440566003323,block1:s3,gated_rule_c,mixed,1785124076.3283918,1785124076.3286052,1785124076.771104,1785124077.5002043,
block1-001394,100.27320450171828,3789.4455395871773,175,10.0,99.19676091521978,3788.369096000679,1.076443586498499,block1:zero_tool,gated_rule_c,mixed,1785124076.3787673,1785124076.3798442,1785124076.4790502,1785124080.1682224,
block1-001395,416.1495823645964,1144.7698994306847,48,152.5,415.5191909521818,1144.1395080182701,0.6303914124146104,block1:s3,gated_rule_c,mixed,1785124076.3935676,1785124076.3941982,1785124076.809726,1785124077.538346,
block1-001396,439.45726368110627,1096.1804257240146,48,280.0,439.3400049302727,1096.063166973181,0.11725875083357096,block1:s3,gated_rule_c,mixed,1785124076.8288789,1785124076.8289962,1785124077.268343,1785124077.9250662,
block1-001397,391.2064718315378,967.6331768278033,43,412.5,390.240526990965,966.6672319872305,0.9659448405727744,block1:s3,gated_rule_c,mixed,1785124077.0503988,1785124077.051365,1785124077.4416137,1785124078.0180402,
block1-001398,409.3127354281023,1061.0392424277961,46,12.5,407.18555997591466,1058.9120669756085,2.1271754521876574,block1:s3,gated_rule_c,mixed,1785124077.299485,1785124077.3016124,1785124077.7088065,1785124078.360533,
block1-001399,56.95736675988883,3343.7462667934597,150,395.0,56.06818606611341,3342.8570860996842,0.8891806937754154,block1:zero_tool,gated_rule_c,mixed,1785124077.8080857,1785124077.8089755,1785124077.865052,1785124081.1518407,
block1-001400,444.5686084218323,1134.0070974547416,48,280.0,442.5514020258561,1131.9898910587654,2.0172063959762454,block1:s4,gated_rule_c,mixed,1785124078.048501,1785124078.0505183,1785124078.493077,1785124079.1825154,
block1-001401,435.8805260853842,1125.5134841194376,48,152.5,435.5581239797175,1125.191082013771,0.322402105666697,block1:s4,gated_rule_c,mixed,1785124078.0762725,1785124078.0765953,1785124078.5121598,1785124079.2017927,
block1-001402,446.1558951297775,1058.4059141110629,48,17.5,444.308154983446,1056.5581739647314,1.847740146331489,block1:s4,gated_rule_c,mixed,1785124078.5432332,1785124078.5450811,1785124078.989397,1785124079.6016471,
block1-001403,404.7078979201615,1051.3810329139233,49,170.0,403.6196880042553,1050.292822998017,1.0882099159061909,block1:s4,gated_rule_c,mixed,1785124078.7581596,1785124078.759248,1785124079.1628747,1785124079.8095474,
block1-001404,68.73581069521606,3740.0468298001215,166,50.0,68.09990294277668,3739.410922047682,0.6359077524393797,block1:zero_tool,gated_rule_c,mixed,1785124079.5330951,1785124079.5337312,1785124079.6018386,1785124083.2731497,
block1-001405,436.2769171129912,1185.0613842252642,48,322.5,435.880065895617,1184.66453300789,0.3968512173742056,block1:s4,gated_rule_c,mixed,1785124079.731804,1785124079.7322009,1785124080.168087,1785124080.9168713,
block1-001406,403.6780546884984,1272.9651307454333,48,177.5,402.0996089093387,1271.3866849662736,1.578445779159665,block1:s4,gated_rule_c,mixed,1785124080.032876,1785124080.0344548,1785124080.4365602,1785124081.3058474,
block1-001407,68.54308221954852,3632.2952361078933,159,412.5,68.3380221016705,3632.0901759900153,0.2050601178780198,block1:zero_tool,gated_rule_c,mixed,1785124080.3109865,1785124080.3111918,1785124080.379538,1785124083.9432907,
block1-001408,480.0301982322708,1188.6570792412385,43,322.5,479.9068788997829,1188.5337599087507,0.12331933248788118,block1:s1,gated_rule_c,mixed,1785124080.6029294,1785124080.6030529,1785124081.0829663,1785124081.7915933,
block1-001409,99.88139348570257,5032.742356532253,222,152.5,99.075733916834,5031.936696963385,0.8056595688685775,block1:zero_tool,gated_rule_c,mixed,1785124080.6937103,1785124080.6945164,1785124080.7935996,1785124085.7264605,
block1-001410,519.4596737856045,1161.24965576455,44,572.5,519.0972130512819,1160.8871950302273,0.3624607343226671,block1:s1,gated_rule_c,mixed,1785124080.7266996,1785124080.7270622,1785124081.2461665,1785124081.8879564,
block1-001411,132.7456694561988,1790.3982325224206,73,320.0,132.59504293091595,1790.2476059971377,0.1506265252828598,block1:s1,gated_rule_c,mixed,1785124080.7844691,1785124080.78462,1785124080.9172218,1785124082.5748744,
block1-001412,388.72008596081287,912.4191390583292,36,187.5,388.4970819344744,912.1961350319907,0.22300402633845806,block1:s1,gated_rule_c,mixed,1785124080.9170315,1785124080.9172544,1785124081.305757,1785124081.829456,
block1-001413,109.00769324507564,3395.610052277334,151,282.5,108.5929909022525,3395.195349934511,0.4147023428231478,block1:zero_tool,gated_rule_c,mixed,1785124080.934716,1785124080.935131,1785124081.0437312,1785124084.3303335,
block1-001414,306.25569610856473,1014.7822881117463,40,107.5,305.151576991193,1013.6781689943746,1.104119117371738,block1:s1,gated_rule_c,mixed,1785124081.0770228,1785124081.0781271,1785124081.3832867,1785124082.0918133,
block1-001415,128.72742128092796,3694.4999312981963,165,217.5,128.32965201232582,3694.102162029594,0.3977692686021328,block1:zero_tool,gated_rule_c,mixed,1785124081.0972676,1785124081.0976658,1785124081.2260036,1785124084.7917762,
block1-001416,71.53668627142906,3241.9798432383686,145,395.0,70.82275208085775,3241.2659090477973,0.7139341905713081,block1:zero_tool,gated_rule_c,mixed,1785124081.4728072,1785124081.4735212,1785124081.5443513,1785124084.7147944,
block1-001417,321.8995778588578,975.4818098153919,42,25.0,321.36933400761336,974.9515659641474,0.5302438512444496,block1:s2,gated_rule_c,mixed,1785124081.5460205,1785124081.5465508,1785124081.8679264,1785124082.5215087,
block1-001418,346.17214067839086,850.2169456332922,36,350.0,344.9518190464005,848.9966240013018,1.2203216319903731,block1:s2,gated_rule_c,mixed,1785124081.9010508,1785124081.9022715,1785124082.247231,1785124082.7512758,
block1-001419,92.68424822948873,1575.230286223814,74,10.0,90.68924200255424,1573.2352799968794,1.9950062269344926,block1:s2,gated_rule_c,mixed,1785124081.979299,1785124081.9812944,1785124082.0719914,1785124083.5545375,
block1-001420,319.8138689622283,785.0251200143248,36,107.5,319.14238492026925,784.3536359723657,0.6714840419590473,block1:s2,gated_rule_c,mixed,1785124082.5077715,1785124082.5084434,1785124082.8275952,1785124083.292807,
block1-001421,66.77883269730955,3485.7350836973637,160,485.0,66.50025094859302,3485.456501948647,0.2785817487165332,block1:zero_tool,gated_rule_c,mixed,1785124082.62587,1785124082.626149,1785124082.6926558,1785124086.111612,
block1-001422,393.31041532568634,935.5727912625298,38,17.5,392.24081905558705,934.5031949924305,1.0695962700992823,block1:s2,gated_rule_c,mixed,1785124083.4530423,1785124083.4541123,1785124083.8463626,1785124084.388625,
block1-001423,106.16956744343042,3135.0467584561557,142,15.0,105.16773792915046,3134.0449289418757,1.0018295142799616,block1:zero_tool,gated_rule_c,mixed,1785124083.4695525,1785124083.4705548,1785124083.5757308,1785124086.604608,
block1-001424,291.81496310047805,987.8266911255196,38,17.5,290.46073590870947,986.472463933751,1.3542271917685866,block1:s3,gated_rule_c,mixed,1785124083.7272642,1785124083.7286184,1785124084.0190856,1785124084.7150972,
block1-001425,93.85449683759362,2814.5857008639723,128,15.0,93.62335898913443,2814.354563015513,0.23113784845918417,block1:zero_tool,gated_rule_c,mixed,1785124083.7526648,1785124083.7528963,1785124083.8465254,1785124086.5672567,
block1-001426,409.8305553197861,1007.2121552657336,41,550.0,409.4065329991281,1006.7881329450756,0.4240223206579685,block1:s3,gated_rule_c,mixed,1785124083.8614428,1785124083.861867,1785124084.2712839,1785124084.8686657,
block1-001427,406.3168722204864,1123.3164862496778,48,820.0,405.7830199599266,1122.782633989118,0.5338522605597973,block1:s3,gated_rule_c,mixed,1785124084.0778959,1785124084.07843,1785124084.4842205,1785124085.20122,
block1-001428,348.6537900753319,992.4546140246093,41,287.5,348.10933808330446,991.9101620325819,0.5444519920274615,block1:s3,gated_rule_c,mixed,1785124084.499993,1785124084.5005379,1785124084.848654,1785124085.492455,
block1-001429,365.2768675237894,1042.7642714930698,43,217.5,364.70295407343656,1042.190358042717,0.5739134503528476,block1:s3,gated_rule_c,mixed,1785124084.5412014,1785124084.5417757,1785124084.9064844,1785124085.5839717,
block1-001430,66.39715388882905,3310.9926498727873,156,115.0,65.05606893915683,3309.651564923115,1.3410849496722221,block1:zero_tool,gated_rule_c,mixed,1785124084.881497,1785124084.882838,1785124084.9479,1785124088.1924956,
block1-001431,53.01583115942776,3566.8821862200275,170,95.0,52.604583906941116,3566.470938967541,0.4112472524866462,block1:zero_tool,gated_rule_c,mixed,1785124084.9935403,1785124084.9939518,1785124085.0465622,1785124088.5604289,
block1-001432,466.20208537206054,1108.0958493985236,48,70.0,465.265145059675,1107.158909086138,0.9369403123855591,block1:s4,gated_rule_c,mixed,1785124085.1183558,1785124085.119293,1785124085.5845664,1785124086.22646,
block1-001433,69.27505566272885,3156.0005135834217,150,280.0,68.64619301632047,3155.3716509370133,0.6288626464083791,block1:zero_tool,gated_rule_c,mixed,1785124085.3663,1785124085.366929,1785124085.435582,1785124088.5223074,
block1-001434,414.5363459829241,1062.3703650198877,48,172.5,413.8704049400985,1061.704423977062,0.6659410428255796,block1:s4,gated_rule_c,mixed,1785124085.4107938,1785124085.4114602,1785124085.8253374,1785124086.4731717,
block1-001435,61.5755453472957,2643.238221295178,126,47.5,61.2902760040015,2642.9529519518837,0.2852693432942033,block1:zero_tool,gated_rule_c,mixed,1785124085.5291784,1785124085.5294638,1785124085.5907605,1785124088.1724231,
block1-001436,413.2699822075665,1015.1062982622534,48,20.0,412.3791028978303,1014.2154189525172,0.8908793097361922,block1:s4,gated_rule_c,mixed,1785124085.7936344,1785124085.7945256,1785124086.2069118,1785124086.808748,
block1-001437,418.07144589256495,1149.8318049125373,48,282.5,417.7953320322558,1149.5556910522282,0.276113860309124,block1:s4,gated_rule_c,mixed,1785124087.2770677,1785124087.277344,1785124087.6951454,1785124088.4269059,
block1-001438,82.85896456800401,3855.151825584471,174,155.0,81.86472405213863,3854.157585068606,0.9942405158653855,block1:zero_tool,gated_rule_c,mixed,1785124087.3981674,1785124087.3991623,1785124087.4810367,1785124091.2533295,
block1-001439,50.680498010478914,3764.3373899627477,170,287.5,49.60343800485134,3763.26032995712,1.0770600056275725,block1:zero_tool,gated_rule_c,mixed,1785124087.4321609,1785124087.4332383,1785124087.482849,1785124091.1965055,
block1-001440,69.06838156282902,4641.6043805656955,216,15.0,68.54605302214622,4641.082052025013,0.5223285406827927,block1:zero_tool,gated_rule_c,mixed,1785124087.4731927,1785124087.4737153,1785124087.54227,1785124092.114806,
block1-001441,402.74877718184143,869.5915412390605,37,52.5,402.3680309765041,869.2107950337231,0.3807462053373456,block1:s1,gated_rule_c,mixed,1785124087.6718714,1785124087.6722524,1785124088.0746286,1785124088.5414712,
block1-001442,440.13751088641584,1021.5506328968331,44,145.0,439.35657595284283,1020.7696979632601,0.7809349335730076,block1:s1,gated_rule_c,mixed,1785124087.6735055,1785124087.6742868,1785124088.1136487,1785124088.6950617,
block1-001443,58.223484782502055,8135.966828791425,386,117.5,57.9837909899652,8135.727134998888,0.23969379253685474,block1:zero_tool,gated_rule_c,mixed,1785124088.0168915,1785124088.0171316,1785124088.0751247,1785124096.152868,
block1-001444,60.33355661202222,3209.7392465220764,147,140.0,59.288475080393255,3208.6941649904475,1.0450815316289663,block1:zero_tool,gated_rule_c,mixed,1785124088.2887373,1785124088.2897828,1785124088.3490782,1785124091.4984841,
block1-001445,67.10351863875985,1353.7202446023002,53,12.5,66.54514302499592,1353.1618689885363,0.5583756137639284,block1:zero_tool,gated_rule_c,mixed,1785124088.5901651,1785124088.5907238,1785124088.6572764,1785124089.943893,
block1-001446,356.0115073341876,1100.3213654039428,39,10.0,355.18526495434344,1099.4951230240986,0.8262423798441887,block1:s1,gated_rule_c,mixed,1785124088.9659786,1785124088.966805,1785124089.3219962,1785124090.066306,
block1-001447,149.02620459906757,1673.642583657056,68,12.5,148.66809593513608,1673.2844749931246,0.358108663931489,block1:s1,gated_rule_c,mixed,1785124089.0230691,1785124089.0234277,1785124089.1721041,1785124090.6967204,
block1-001448,85.5015084380284,3282.1607114747167,156,820.0,84.60088190622628,3281.2600849429145,0.9006265318021178,block1:zero_tool,gated_rule_c,mixed,1785124089.2141528,1785124089.2150538,1785124089.299662,1785124092.4963212,
block1-001449,80.7778446469456,3753.1928406096995,179,172.5,80.73439006693661,3753.1493860296905,0.04345458000898361,block1:zero_tool,gated_rule_c,mixed,1785124089.2218316,1785124089.221875,1785124089.3026154,1785124092.9750304,
block1-001450,394.25836864393204,960.1651557022706,37,12.5,393.43391393776983,959.3407009961084,0.8244547061622143,block1:s2,gated_rule_c,mixed,1785124089.4189074,1785124089.4197323,1785124089.8131742,1785124090.379081,
block1-001451,420.58034578803927,1057.435535825789,43,15.0,419.96675601694733,1056.821946054697,0.613589771091938,block1:s2,gated_rule_c,mixed,1785124089.5027773,1785124089.5033915,1785124089.9233665,1785124090.560222,
block1-001452,362.43172618560493,880.4905562428758,36,572.5,361.70357500668615,879.762405063957,0.7281511789187789,block1:s2,gated_rule_c,mixed,1785124089.58136,1785124089.5820887,1785124089.9438,1785124090.4618587,
block1-001453,412.2696805279702,889.0117855044082,38,282.5,411.30008501932025,888.0421899957582,0.9695955086499453,block1:s2,gated_rule_c,mixed,1785124089.7885458,1785124089.7895157,1785124090.2008255,1785124090.6775672,
block1-001454,71.24979037325829,8598.898547468707,413,75.0,69.91647800896317,8597.565235104412,1.333312364295125,block1:zero_tool,gated_rule_c,mixed,1785124089.9952872,1785124089.996621,1785124090.066545,1785124098.594194,
block1-001455,348.85746985673904,804.6040778281167,37,282.5,347.9854880133644,803.732095984742,0.8719818433746696,block1:s2,gated_rule_c,mixed,1785124090.0854468,1785124090.0863187,1785124090.4343102,1785124090.8900566,
block1-001456,67.92672199662775,2982.5200960040092,148,322.5,67.71485798526555,2982.308231992647,0.21186401136219501,block1:zero_tool,gated_rule_c,mixed,1785124090.3738554,1785124090.3740678,1785124090.4417915,1785124093.356385,
block1-001457,280.3344470448792,876.5135740395635,39,145.0,279.8664349829778,876.0455619776621,0.46801206190139055,block1:s3,gated_rule_c,mixed,1785124092.120564,1785124092.1210325,1785124092.4009066,1785124092.997086,
block1-001458,101.70081187970936,3715.6251969281584,173,15.0,100.23002396337688,3714.154409011826,1.4707879163324833,block1:zero_tool,gated_rule_c,mixed,1785124092.1453333,1785124092.1468043,1785124092.2470412,1785124095.8609657,
block1-001459,81.11492416355759,3615.61391223222,169,320.0,80.23932296782732,3614.73831103649,0.875601195730269,block1:zero_tool,gated_rule_c,mixed,1785124092.2065175,1785124092.2073932,1785124092.2876418,1785124095.822141,
block1-001460,99.9095473671332,3084.297251305543,142,287.5,99.7161160921678,3084.1038200305775,0.19343127496540546,block1:zero_tool,gated_rule_c,mixed,1785124092.580769,1785124092.580963,1785124092.6806865,1785124095.665074,
block1-001461,68.16430331673473,3576.4598132809624,168,85.0,67.42984999436885,3575.7253599585965,0.73445332236588,block1:zero_tool,gated_rule_c,mixed,1785124092.6148398,1785124092.6155746,1785124092.683011,1785124096.1913066,
block1-001462,70.31513878609985,3630.327983875759,171,20.0,69.45879093836993,3629.471636028029,0.8563478477299213,block1:zero_tool,gated_rule_c,mixed,1785124092.8256576,1785124092.8265142,1785124092.8959804,1785124096.4559932,
block1-001463,302.8452597791329,965.8506127307191,43,160.0,301.9705980550498,964.975951006636,0.8746617240831256,block1:s3,gated_rule_c,mixed,1785124092.9567118,1785124092.9575868,1785124093.2595649,1785124093.9225702,
block1-001464,418.5994256986305,1098.062346689403,49,95.0,418.36221097037196,1097.8251319611445,0.23721472825855017,block1:s4,gated_rule_c,mixed,1785124093.2676685,1785124093.267906,1785124093.6862772,1785124094.36574,
block1-001465,55.382710648700595,3358.12879470177,162,550.0,54.89674594718963,3357.642830000259,0.4859647015109658,block1:zero_tool,gated_rule_c,mixed,1785124093.3990214,1785124093.3995078,1785124093.4544117,1785124096.757158,
block1-001466,60.436166590079665,3273.819521535188,158,140.0,59.299116022884846,3272.682470967993,1.1370505671948195,block1:zero_tool,gated_rule_c,mixed,1785124093.7652102,1785124093.7663474,1785124093.8256567,1785124097.0390394,
block1-001467,444.47837385814637,1108.9220248395577,48,117.5,444.25537798088044,1108.6990289622918,0.22299587726593018,block1:s4,gated_rule_c,mixed,1785124094.212753,1785124094.2129762,1785124094.6572385,1785124095.3216825,
block1-001468,410.8171504922211,1129.487551515922,48,15.0,409.6901109442115,1128.3605119679123,1.127039548009634,block1:s4,gated_rule_c,mixed,1785124094.4023168,1785124094.4034443,1785124094.813141,1785124095.5318115,
block1-001469,90.4737472301349,2748.453470179811,131,15.0,89.3964230781421,2747.3761460278183,1.0773241519927979,block1:zero_tool,gated_rule_c,mixed,1785124094.430565,1785124094.4316425,1785124094.5210445,1785124097.179024,
block1-001470,483.24171220883727,1123.105304199271,48,107.5,482.11796092800796,1121.9815529184416,1.1237512808293104,block1:s4,gated_rule_c,mixed,1785124095.0492167,1785124095.050341,1785124095.532467,1785124096.1723304,
block1-001471,439.73878130782396,1055.0863242242485,48,17.5,439.0901820734143,1054.437724989839,0.6485992344096303,block1:s4,gated_rule_c,mixed,1785124095.3822432,1785124095.3828921,1785124095.8219895,1785124096.4373372,
block1-001472,321.4624369284138,900.921537890099,43,100.0,320.7891370402649,900.2482380019501,0.6732998881489038,block1:s1,gated_rule_c,mixed,1785124095.4801497,1785124095.4808233,1785124095.8016198,1785124096.3810787,
block1-001473,74.37649636995047,3258.162247366272,152,10.0,73.54342401959002,3257.3291750159115,0.8330723503604531,block1:zero_tool,gated_rule_c,mixed,1785124095.5904596,1785124095.5912926,1785124095.6648436,1785124098.848629,
block1-001474,54.319136776030064,3054.9203217960894,140,297.5,53.46883402671665,3054.070019046776,0.8503027493134141,block1:zero_tool,gated_rule_c,mixed,1785124096.6276555,1785124096.6285062,1785124096.6819844,1785124099.682586,
block1-001475,53.461884264834225,4625.711049302481,213,95.0,52.478286903351545,4624.727451940998,0.9835973614826798,block1:zero_tool,gated_rule_c,mixed,1785124096.9291952,1785124096.930179,1785124096.9826655,1785124101.5549145,
block1-001476,261.99109700974077,836.4334040088579,33,322.5,260.4888370260596,834.9311440251768,1.5022599836811423,block1:s1,gated_rule_c,mixed,1785124097.0283802,1785124097.0298827,1785124097.290382,1785124097.864824,
block1-001477,125.2573161618784,1508.9191742008552,63,155.0,123.17725492175668,1506.8391129607335,2.080061240121722,block1:s1,gated_rule_c,mixed,1785124097.3209538,1785124097.323034,1785124097.4462192,1785124098.8298812,
block1-001478,485.886481590569,1141.720890533179,47,17.5,485.1075829938054,1140.9419919364154,0.7788985967636108,block1:s1,gated_rule_c,mixed,1785124097.340476,1785124097.3412552,1785124097.8263717,1785124098.4822059,
block1-001479,335.1505520986393,812.8543690545484,33,115.0,334.74595996085554,812.4497769167647,0.4045921377837658,block1:s1,gated_rule_c,mixed,1785124098.315594,1785124098.3159988,1785124098.6507516,1785124099.1284556,
block1-001480,341.229091049172,954.4626411516219,40,297.5,340.88599192909896,954.1195420315489,0.34309912007302046,block1:s2,gated_rule_c,mixed,1785124098.3760743,1785124098.3764179,1785124098.7173154,1785124099.3305488,
block1-001481,310.98929641302675,793.4749644482508,36,117.5,310.0856189848855,792.5712870201096,0.9036774281412363,block1:s2,gated_rule_c,mixed,1785124098.649021,1785124098.6499248,1785124098.9600174,1785124099.442503,
block1-001482,330.97966539207846,997.4622124573216,43,297.5,330.6252089096233,997.1077559748664,0.3544564824551344,block1:s2,gated_rule_c,mixed,1785124099.2400858,1785124099.2404406,1785124099.5710733,1785124100.2375557,
block1-001483,326.2197523145005,974.3587212869897,43,10.0,325.7517709862441,973.8907399587333,0.46798132825642824,block1:s2,gated_rule_c,mixed,1785124099.5095987,1785124099.510067,1785124099.8358257,1785124100.4839647,
block1-001484,53.08534111827612,4052.665131050162,193,10.0,51.940240082331,4051.520030014217,1.1451010359451175,block1:zero_tool,gated_rule_c,mixed,1785124099.6887634,1785124099.6899087,1785124099.7418563,1785124103.741436,
block1-001485,483.73136564623564,1092.731797718443,49,110.0,483.1125669879839,1092.1129990601912,0.6187986582517624,block1:s2,gated_rule_c,mixed,1785124099.8085186,1785124099.8091376,1785124100.2922587,1785124100.9012592,
block1-001486,305.2829155931249,759.9251486826688,36,15.0,303.70328994467854,758.3455230342224,1.579625648446381,block1:s2,gated_rule_c,mixed,1785124099.932022,1785124099.9336019,1785124100.2373133,1785124100.691955,
block1-001487,60.45281398110092,2033.1322948914021,98,17.5,60.06735505070537,2032.7468359610066,0.3854589303955436,block1:zero_tool,gated_rule_c,mixed,1785124100.2919757,1785124100.2923615,1785124100.3524354,1785124102.3251152,
block1-001488,68.01687902770936,2796.0484670475125,132,115.0,66.98015402071178,2795.011742040515,1.0367250069975853,block1:zero_tool,gated_rule_c,mixed,1785124100.5115955,1785124100.5126326,1785124100.57962,1785124103.3076518,
block1-001489,437.06650426611304,1080.2328381687403,48,282.5,436.59226305317134,1079.7585969557986,0.4742412129417062,block1:s3,gated_rule_c,mixed,1785124100.6845205,1785124100.6849952,1785124101.1215947,1785124101.7647607,
block1-001490,366.898545762524,856.5557368565351,38,17.5,366.0962049616501,855.7533960556611,0.8023408008739352,block1:s3,gated_rule_c,mixed,1785124100.8669913,1785124100.867794,1785124101.2338974,1785124101.7235548,
block1-001491,269.29795485921204,870.709313894622,39,52.5,269.13789298851043,870.5492520239204,0.16006187070161104,block1:s3,gated_rule_c,mixed,1785124101.2852218,1785124101.285382,1785124101.554528,1785124102.1559393,
block1-001492,61.64114363491535,3839.613481541164,171,20.0,61.125851003453135,3839.098188909702,0.5152926314622164,block1:zero_tool,gated_rule_c,mixed,1785124101.7033,1785124101.7038155,1785124101.7649488,1785124105.5429213,
block1-001493,400.5897215101868,1080.9413834940642,46,152.5,400.44150594621897,1080.7931679300964,0.14821556396782398,block1:s3,gated_rule_c,mixed,1785124101.8293195,1785124101.8294675,1785124102.2299159,1785124102.9102678,
block1-001494,536.3913491601124,991.460696212016,43,572.5,535.6500609777868,990.7194080296904,0.7412881823256612,block1:s3,gated_rule_c,mixed,1785124102.3165824,1785124102.3173249,1785124102.8529859,1785124103.308055,
block1-001495,69.79790155310184,3024.7383575187996,131,10.0,68.65156698040664,3023.5920229461044,1.1463345726951957,block1:zero_tool,gated_rule_c,mixed,1785124102.5001266,1785124102.5012734,1785124102.569934,1785124105.5248744,
block1-001496,450.8173423819244,1095.1348074013367,48,350.0,448.9778419956565,1093.2953070150688,1.8395003862679005,block1:s4,gated_rule_c,mixed,1785124102.5536408,1785124102.5554812,1785124103.0044665,1785124103.648784,
block1-001497,400.8770335931331,1044.207422528416,48,572.5,400.0866679707542,1043.417056906037,0.7903656223788857,block1:s4,gated_rule_c,mixed,1785124102.660114,1785124102.6609046,1785124103.0609984,1785124103.7043288,
block1-001498,405.39783833082765,1024.2201073560864,48,10.0,404.1572120040655,1022.9794810293242,1.2406263267621398,block1:s4,gated_rule_c,mixed,1785124103.3170152,1785124103.318256,1785124103.7224197,1785124104.3412418,
block1-001499,63.15945717506111,3494.787155184895,155,322.5,62.17034603469074,3493.7980440445244,0.989111140370369,block1:zero_tool,gated_rule_c,mixed,1785124103.509955,1785124103.5109446,1785124103.5731237,1785124107.0047512,
block1-001500,55.634564836509526,3127.9226328479126,136,20.0,54.773867945186794,3127.06193595659,0.860696891322732,block1:zero_tool,gated_rule_c,mixed,1785124103.8013284,1785124103.8021894,1785124103.856971,1785124106.929259,
block1-001501,54.314538021571934,3475.657588103786,153,282.5,53.360715974122286,3474.7037660563365,0.9538220474496484,block1:zero_tool,gated_rule_c,mixed,1785124103.973106,1785124103.97406,1785124104.0274277,1785124107.4487708,
block1-001502,59.838440152816474,3819.9500060873106,167,187.5,59.79213700629771,3819.903702940792,0.04630314651876688,block1:zero_tool,gated_rule_c,mixed,1785124104.1019168,1785124104.1019633,1785124104.1617622,1785124107.9218736,
block1-001503,61.9158495683223,3874.500007601455,170,115.0,60.65613403916359,3873.240292072296,1.2597155291587114,block1:zero_tool,gated_rule_c,mixed,1785124104.1976438,1785124104.1989043,1785124104.25957,1785124108.072154,
block1-001504,56.36118852999061,2760.1562165655196,117,10.0,55.85157498717308,2759.646603022702,0.509613542817533,block1:zero_tool,gated_rule_c,mixed,1785124104.2448251,1785124104.245335,1785124104.3011944,1785124107.0049894,
block1-001505,186.50480452924967,1663.720695534721,59,15.0,185.56388409342617,1662.7797750988975,0.9409204358235002,block1:s1,gated_rule_c,mixed,1785124104.3214242,1785124104.3223655,1785124104.507938,1785124105.9851534,
block1-001506,519.7271236684173,1140.827715746127,40,187.5,519.1289469366893,1140.229539014399,0.5981767317280173,block1:s1,gated_rule_c,mixed,1785124104.3311558,1785124104.3317542,1785124104.8508897,1785124105.4719903,
block1-001507,204.91504145320505,1874.1648704744875,72,177.5,204.7274699434638,1873.9772989647463,0.1875715097412467,block1:s1,gated_rule_c,mixed,1785124104.4026313,1785124104.4028194,1785124104.6075532,1785124106.276803,
block1-001508,415.4239564668387,1037.928932462819,39,217.5,414.1801689984277,1036.685144994408,1.2437874684110284,block1:s1,gated_rule_c,mixed,1785124104.553393,1785124104.554637,1785124104.968824,1785124105.591329,
block1-001509,119.66427299194038,1429.3964909156784,59,110.0,119.42732508759946,1429.1595430113375,0.23694790434092283,block1:s1,gated_rule_c,mixed,1785124104.6920595,1785124104.6922965,1785124104.8117313,1785124106.1214635,
block1-001510,544.2854491993785,1125.773678184487,47,20.0,543.5589629923925,1125.047191977501,0.7264862069860101,block1:s1,gated_rule_c,mixed,1785124105.4009876,1785124105.4017143,1785124105.9452822,1785124106.52677,
block1-001511,128.55936435516924,1338.4369243867695,61,15.0,127.47041101101786,1337.3479710426182,1.0889533441513777,block1:s1,gated_rule_c,mixed,1785124105.5150886,1785124105.5161777,1785124105.6436539,1785124106.8535314,
block1-001512,371.7481635976583,835.5956187006086,38,95.0,370.236134971492,834.0835900744423,1.512028626166284,block1:s2,gated_rule_c,mixed,1785124105.7103682,1785124105.7118802,1785124106.082123,1785124106.5459704,
block1-001513,61.97756691835821,3491.907390882261,154,95.0,61.50210008490831,3491.431924048811,0.47546683344990015,block1:zero_tool,gated_rule_c,mixed,1785124106.7718775,1785124106.7723532,1785124106.8338614,1785124110.263791,
block1-001514,58.973883162252605,3449.90818714723,152,92.5,58.073816006071866,3449.008119991049,0.9000671561807394,block1:zero_tool,gated_rule_c,mixed,1785124106.7750614,1785124106.775962,1785124106.8340442,1785124110.2249784,
block1-001515,82.85665465518832,1603.3382946625352,72,177.5,81.85437100473791,1602.3360110120848,1.0022836504504085,block1:s2,gated_rule_c,mixed,1785124107.1778374,1785124107.17884,1785124107.2607,1785124108.7811818,
block1-001516,351.5809051459655,872.0508461119607,36,105.0,351.27325006760657,871.7431910336018,0.30765507835894823,block1:s2,gated_rule_c,mixed,1785124107.6449091,1785124107.645217,1785124107.9964964,1785124108.5169663,
block1-001517,351.66195151396096,1024.0608475869521,44,12.5,351.0949920164421,1023.4938880894333,0.5669594975188375,block1:s2,gated_rule_c,mixed,1785124107.7575338,1785124107.758101,1785124108.109203,1785124108.7816021,
block1-001518,373.15443356055766,860.6579785700887,38,10.0,372.4111000774428,859.9146450869739,0.7433334831148386,block1:s2,gated_rule_c,mixed,1785124108.162515,1785124108.1632586,1785124108.5356784,1785124109.0231822,
block1-001519,287.46994072571397,775.6854636827484,34,92.5,286.0846871044487,774.3002100614831,1.3852536212652922,block1:s2,gated_rule_c,mixed,1785124108.2101285,1785124108.211514,1785124108.497606,1785124108.9858217,
block1-001520,247.25705152377486,695.6589095061645,32,307.5,246.41018104739487,694.8120390297845,0.8468704763799906,block1:s3,gated_rule_c,mixed,1785124108.5702436,1785124108.5710907,1785124108.8175075,1785124109.2659094,
block1-001521,342.71425218321383,1144.7546562412754,39,485.0,341.78840497042984,1143.8288090284914,0.9258472127839923,block1:s3,gated_rule_c,mixed,1785124109.313574,1785124109.3145,1785124109.656296,1785124110.4583364,
block1-001522,508.83545784745365,1328.3309667604044,49,217.5,508.4763750201091,1327.9718839330599,0.3590828273445368,block1:s3,gated_rule_c,mixed,1785124109.361813,1785124109.3621724,1785124109.870654,1785124110.6901495,
block1-001523,573.4345995588228,1249.099277658388,48,20.0,573.1192429084331,1248.7839210079983,0.31535665038973093,block1:s3,gated_rule_c,mixed,1785124109.4975808,1785124109.4978964,1785124110.071025,1785124110.7466893,
block1-001524,604.4667169917375,1216.6458419524133,48,217.5,604.0135700022802,1216.192694962956,0.45314698945730925,block1:s3,gated_rule_c,mixed,1785124109.736498,1785124109.7369516,1785124110.3409727,1785124110.9531517,
block1-001525,592.4003612017259,1166.3614632561803,46,15.0,591.6740039829165,1165.6351060373709,0.7263572188094258,block1:s3,gated_rule_c,mixed,1785124109.768062,1785124109.7687888,1785124110.3604705,1785124110.9344316,
block1-001526,132.32525321654975,3683.768204296939,171,15.0,132.1402029134333,3683.5831539938226,0.18505030311644077,block1:zero_tool,gated_rule_c,mixed,1785124109.7952163,1785124109.7954018,1785124109.9275486,1785124113.4789915,
block1-001527,461.62296819966286,1076.270502177067,43,20.0,460.3539180243388,1075.001452001743,1.2690501753240824,block1:s3,gated_rule_c,mixed,1785124109.8210094,1785124109.8222787,1785124110.2826405,1785124110.8972878,
block1-001528,554.9953044392169,1164.4289924297482,48,47.5,553.3446209738031,1162.7783089643344,1.6506834654137492,block1:s4,gated_rule_c,mixed,1785124109.8445923,1785124109.8462434,1785124110.3995938,1785124111.0090275,
block1-001529,470.21787881385535,1078.8502597715706,48,287.5,469.4146290421486,1078.0470099998638,0.8032497717067599,block1:s4,gated_rule_c,mixed,1785124109.9680345,1785124109.9688382,1785124110.4382606,1785124111.0468931,
block1-001530,405.4136974737048,1011.2293214770034,48,60.0,404.855540022254,1010.6711640255526,0.5581574514508247,block1:s4,gated_rule_c,mixed,1785124110.0908,1785124110.0913584,1785124110.4962225,1785124111.1020384,
block1-001531,55.070760077796876,3788.8531821081415,175,20.0,54.355312953703105,3788.1377349840477,0.715447124093771,block1:zero_tool,gated_rule_c,mixed,1785124111.4842412,1785124111.484957,1785124111.5393195,1785124115.273102,
block1-001532,63.02261585369706,3629.384769825265,166,12.5,62.19869805499911,3628.560852026567,0.8239177986979485,block1:zero_tool,gated_rule_c,mixed,1785124111.7007751,1785124111.7015996,1785124111.763805,1785124115.330167,
block1-001533,469.937322079204,1145.5820861738175,48,95.0,469.57033197395504,1145.2150960685685,0.3669901052489877,block1:s4,gated_rule_c,mixed,1785124111.8107674,1785124111.8111348,1785124112.280712,1785124112.9563568,
block1-001534,480.811383924447,1156.7993259523064,48,115.0,480.6261529447511,1156.6140949726105,0.18523097969591618,block1:s4,gated_rule_c,mixed,1785124111.818589,1785124111.8187745,1785124112.2994072,1785124112.9753954,
block1-001535,108.15111349802464,3080.250285449438,138,100.0,107.58762003388256,3079.6867919852957,0.5634934641420841,block1:zero_tool,gated_rule_c,mixed,1785124111.8402781,1785124111.840842,1785124111.9484365,1785124114.9205358,
block1-001536,361.2794552464038,998.0378182372078,43,217.5,360.33070809207857,997.0890710828826,0.9487471543252468,block1:s1,gated_rule_c,mixed,1785124111.8814795,1785124111.8824284,1785124112.2427666,1785124112.879525,
block1-001537,131.99138455092907,1272.4726154701784,58,152.5,131.04053807910532,1271.5217689983547,0.9508464718237519,block1:s1,gated_rule_c,mixed,1785124112.6446722,1785124112.6456232,1785124112.7766726,1785124113.9171536,
block1-001538,94.30439118295908,4841.382606187835,223,95.0,93.41661294456571,4840.494827949442,0.8877782383933663,block1:zero_tool,gated_rule_c,mixed,1785124112.7237422,1785124112.7246304,1785124112.8180556,1785124117.5651338,
block1-001539,57.67514533363283,4609.518898418173,213,10.0,57.4346489738673,4609.278402058408,0.24049635976552963,block1:zero_tool,gated_rule_c,mixed,1785124112.8219786,1785124112.8222196,1785124112.8796623,1785124117.4315062,
block1-001540,318.73838673345745,835.0277177523822,39,50.0,317.09047802723944,833.3798090461642,1.6479087062180042,block1:s1,gated_rule_c,mixed,1785124112.9879565,1785124112.9896047,1785124113.3067021,1785124113.8229914,
block1-001541,55.85058650467545,2383.3111985586584,108,15.0,55.29530893545598,2382.755920989439,0.55527756921947,block1:zero_tool,gated_rule_c,mixed,1785124113.4636738,1785124113.4642293,1785124113.519533,1785124115.8469934,
block1-001542,406.9158943602815,1077.4658863665536,43,15.0,405.3067860659212,1075.8567780721933,1.6091082943603396,block1:s1,gated_rule_c,mixed,1785124113.9438398,1785124113.945449,1785124114.3507643,1785124115.0213144,
block1-001543,56.12252827268094,6055.814465275034,281,152.5,55.29718892648816,6054.9891259288415,0.8253393461927772,block1:zero_tool,gated_rule_c,mixed,1785124114.0943036,1785124114.0951293,1785124114.1504335,1785124120.1501255,
block1-001544,411.74591530580074,920.354992384091,38,170.0,410.9971720026806,919.6062490809709,0.7487433031201363,block1:s2,gated_rule_c,mixed,1785124114.1788232,1785124114.179572,1785124114.5905755,1785124115.0991848,
block1-001545,351.55851556919515,952.2816025419161,42,12.5,351.103771943599,951.8268589163199,0.45474362559616566,block1:s2,gated_rule_c,mixed,1785124114.4898837,1785124114.4903388,1785124114.8414497,1785124115.4421728,
block1-001546,329.5066616265103,914.343268610537,43,20.0,329.20510799158365,914.0417149756104,0.30155363492667675,block1:s2,gated_rule_c,mixed,1785124114.5903106,1785124114.5906122,1785124114.9198244,1785124115.5046604,
block1-001547,65.7123246928677,9842.229684698395,454,20.0,64.96603705454618,9841.483397060074,0.7462876383215189,block1:zero_tool,gated_rule_c,mixed,1785124114.7371175,1785124114.7378643,1785124114.8028398,1785124124.579357,
block1-001548,72.16859760228544,6361.684533650987,293,117.5,70.61350299045444,6360.129439039156,1.5550946118310094,block1:zero_tool,gated_rule_c,mixed,1785124114.929208,1785124114.9307635,1785124115.0013847,1785124121.2909005,
block1-001549,69.85350989270955,5336.0605428460985,249,107.5,68.87376005761325,5335.080793011002,0.9797498350962996,block1:zero_tool,gated_rule_c,mixed,1785124115.3780875,1785124115.3790674,1785124115.447948,1785124120.7141552,
block1-001550,64.22624073456973,3761.6875558160245,171,12.5,63.8683820143342,3761.329697095789,0.35785872023552656,block1:zero_tool,gated_rule_c,mixed,1785124115.5376816,1785124115.53804,1785124115.6019163,1785124119.2993777,
block1-001551,332.3545497842133,892.5452068215236,34,10.0,332.00049598235637,892.1911530196667,0.354053801856935,block1:s2,gated_rule_c,mixed,1785124115.668235,1785124115.6685896,1785124116.0005977,1785124116.5607882,
block1-001552,277.30730001349,953.8236419903114,38,177.5,277.08446502219886,953.6008069990203,0.22283499129116535,block1:s3,gated_rule_c,mixed,1785124115.7233503,1785124115.7235732,1785124116.0006654,1785124116.677182,
block1-001553,341.5005106944591,925.0643367413431,39,95.0,340.85750894155353,924.4213349884376,0.6430017529055476,block1:s3,gated_rule_c,mixed,1785124115.925524,1785124115.9261672,1785124116.267033,1785124116.850597,
block1-001554,415.3996087843552,954.2159577831626,41,545.0,414.7819390054792,953.5982880042866,0.6176697788760066,block1:s3,gated_rule_c,mixed,1785124116.0861583,1785124116.086776,1785124116.501566,1785124117.0403826,
block1-001555,316.5709209861234,898.7874729791656,39,17.5,316.2655859487131,898.4821379417554,0.30533503741025925,block1:s3,gated_rule_c,mixed,1785124116.106248,1785124116.1065533,1785124116.422826,1785124117.0050428,
block1-001556,61.7765235947445,3468.0427226703614,162,10.0,61.263644020073116,3467.52984309569,0.5128795746713877,block1:zero_tool,gated_rule_c,mixed,1785124116.9841833,1785124116.9846966,1785124117.0459669,1785124120.452233,
block1-001557,54.25903759896755,3473.3462926233187,163,152.5,53.37776895612478,3472.465023980476,0.8812686428427696,block1:zero_tool,gated_rule_c,mixed,1785124117.1663423,1785124117.1672237,1785124117.22061,1785124120.639697,
block1-001558,476.72697773668915,1017.3332537524402,43,95.0,475.91954399831593,1016.525820014067,0.80743373837322,block1:s3,gated_rule_c,mixed,1785124117.201748,1785124117.2025557,1785124117.6784835,1785124118.21909,
block1-001559,361.4275469444692,1019.0028068609536,43,107.5,360.72815500665456,1018.3034149231389,0.6993919378146529,block1:s3,gated_rule_c,mixed,1785124117.779517,1785124117.7802167,1785124118.1409516,1785124118.7985268,
block1-001560,432.15856747701764,1089.1777594806626,48,485.0,431.98538699653,1089.004579000175,0.17318048048764467,block1:s4,gated_rule_c,mixed,1785124117.8249316,1785124117.8251052,1785124118.257099,1785124118.914118,
block1-001561,84.84749996569008,3429.031890933402,156,70.0,84.1779550537467,3428.3623460214585,0.6695449119433761,block1:zero_tool,gated_rule_c,mixed,1785124117.9196188,1785124117.9202888,1785124118.0044744,1785124121.348659,
block1-001562,417.3076506704092,1148.0570667190477,48,15.0,416.563173988834,1147.3125900374725,0.7444766815751791,block1:s4,gated_rule_c,mixed,1785124118.558074,1785124118.5588186,1785124118.9753895,1785124119.7061386,
block1-001563,455.16763953492045,1111.7595665855333,48,287.5,453.72435392346233,1110.3162809740752,1.4432856114581227,block1:s4,gated_rule_c,mixed,1785124118.922889,1785124118.9243326,1785124119.3780642,1785124120.034656,
block1-001564,439.1313475789502,1057.9812875948846,48,572.5,438.57459106948227,1057.4245310854167,0.5567565094679594,block1:s4,gated_rule_c,mixed,1785124119.1298516,1785124119.1304088,1785124119.5689926,1785124120.1878424,
block1-001565,412.4185615219176,1063.7098125880584,48,25.0,411.37270792387426,1062.663958990015,1.0458535980433226,block1:s4,gated_rule_c,mixed,1785124119.3511515,1785124119.3521976,1785124119.7635777,1785124120.4148688,
block1-001566,396.4059816207737,1247.3610326414928,48,572.5,394.859061925672,1245.814112946391,1.5469196951016784,block1:s4,gated_rule_c,mixed,1785124120.2984526,1785124120.2999997,1785124120.694867,1785124121.5458214,
block1-001567,537.2741610044613,1335.3849219856784,48,357.5,536.5370500367135,1334.6478110179305,0.7371109677478671,block1:s4,gated_rule_c,mixed,1785124120.7532566,1785124120.7539937,1785124121.2905378,1785124122.088648,
block1-001568,432.33088427223265,1193.0488962680101,43,25.0,432.1408519754186,1192.8588639711961,0.19003229681402445,block1:s1,gated_rule_c,mixed,1785124120.8765397,1785124120.87673,1785124121.3088763,1785124122.0695944,
block1-001569,149.7582201845944,1624.7205471154302,66,15.0,149.57465301267803,1624.5369799435139,0.18356717191636562,block1:s1,gated_rule_c,mixed,1785124120.885411,1785124120.8855948,1785124121.035176,1785124122.510138,
block1-001570,347.5044254446402,1050.2315084449947,40,10.0,345.56470694951713,1048.2917899498716,1.9397184951230884,block1:s1,gated_rule_c,mixed,1785124121.1183014,1785124121.1202416,1785124121.4658153,1785124122.1685424,
block1-001571,422.44596709497273,945.230909041129,37,160.0,421.0614300100133,943.8463719561696,1.3845370849594474,block1:s1,gated_rule_c,mixed,1785124121.3364189,1785124121.3378038,1785124121.7588727,1785124122.281658,
block1-001572,114.79540157597512,2286.457934533246,107,100.0,114.15936704725027,2285.821900004521,0.6360345287248492,block1:zero_tool,gated_rule_c,mixed,1785124121.3732634,1785124121.3738995,1785124121.488067,1785124123.6597292,
block1-001573,131.91112072672695,1494.6307457285002,67,52.5,130.99894300103188,1493.7185680028051,0.9121777256950736,block1:s1,gated_rule_c,mixed,1785124121.512799,1785124121.5137117,1785124121.644716,1785124123.0074358,
block1-001574,352.3283301619813,965.6820021336898,43,172.5,352.1383689949289,965.4920409666374,0.1899611670523882,block1:s1,gated_rule_c,mixed,1785124121.8725102,1785124121.8727005,1785124122.2248442,1785124122.8381977,
block1-001575,63.01154277753085,3232.915012864396,151,22.5,62.05287191551179,3231.956342002377,0.958670862019062,block1:zero_tool,gated_rule_c,mixed,1785124122.0858643,1785124122.0868235,1785124122.148883,1785124125.3187869,
block1-001576,68.48496000748128,7627.43023398798,340,357.5,67.43259902577847,7626.377873006277,1.0523609817028046,block1:zero_tool,gated_rule_c,mixed,1785124122.4417753,1785124122.4428277,1785124122.5102677,1785124130.0692132,
block1-001577,322.60885485447943,881.1347058508545,42,12.5,321.6852309415117,880.2110819378868,0.9236239129677415,block1:s2,gated_rule_c,mixed,1785124122.684935,1785124122.685859,1785124123.0075495,1785124123.5660753,
block1-001578,60.6524720788002,3833.2254140404984,160,60.0,60.06060109939426,3832.6335430610925,0.5918709794059396,block1:zero_tool,gated_rule_c,mixed,1785124123.6603003,1785124123.6608925,1785124123.7209592,1785124127.4935322,
block1-001579,55.08775427006185,11282.894711242989,500,282.5,54.5839840779081,11282.390941050835,0.5037701921537519,block1:zero_tool,gated_rule_c,mixed,1785124123.6659174,1785124123.6664212,1785124123.721011,1785124134.9488182,
block1-001580,322.93234358076006,894.3241715896875,35,280.0,321.83149200864136,893.2233200175688,1.1008515721186996,block1:s2,gated_rule_c,mixed,1785124123.7041123,1785124123.705213,1785124124.0270524,1785124124.598444,
block1-001581,322.2475763177499,993.2190054096282,41,115.0,321.16869499441236,992.1401240862906,1.078881323337555,block1:s2,gated_rule_c,mixed,1785124123.7968798,1785124123.7979589,1785124124.1191342,1785124124.7901056,
block1-001582,420.97009695135057,919.8842468904331,38,115.0,420.195049024187,919.1091989632696,0.7750479271635413,block1:s2,gated_rule_c,mixed,1785124124.0600407,1785124124.060816,1785124124.4810174,1785124124.9799316,
block1-001583,318.8759208424017,818.5334778390825,34,50.0,318.38457798585296,818.0421349825338,0.49134285654872656,block1:s2,gated_rule_c,mixed,1785124124.1429288,1785124124.1434205,1785124124.4618123,1785124124.9614697,
block1-001584,280.73156636673957,780.2310034167022,32,412.5,279.9169239588082,779.4163610087708,0.8146424079313874,block1:s3,gated_rule_c,mixed,1785124124.1811066,1785124124.1819215,1785124124.4618475,1785124124.961347,
block1-001585,113.58187929727137,2996.524591348134,128,95.0,113.29768190626055,2996.240393957123,0.28419739101082087,block1:zero_tool,gated_rule_c,mixed,1785124124.2122211,1785124124.2125056,1785124124.3258111,1785124127.208754,
block1-001586,401.1173459002748,950.7972388528287,38,15.0,400.053177960217,949.7330709127709,1.0641679400578141,block1:s3,gated_rule_c,mixed,1785124124.8219004,1785124124.822965,1785124125.2230253,1785124125.772705,
block1-001587,305.8251878246665,1012.8361037932336,41,25.0,305.6126249721274,1012.6235409406945,0.2125628525391221,block1:s3,gated_rule_c,mixed,1785124125.0679433,1785124125.0681562,1785124125.3737745,1785124126.0807858,
block1-001588,414.69370329286903,1224.1968692978844,48,12.5,413.7549690203741,1223.2581350253895,0.9387342724949121,block1:s3,gated_rule_c,mixed,1785124125.2438736,1785124125.2448125,1785124125.6585739,1785124126.4680767,
block1-001589,85.95811389386654,2882.537770899944,122,20.0,85.0987829035148,2881.6784399095923,0.8593309903517365,block1:zero_tool,gated_rule_c,mixed,1785124125.377087,1785124125.3779469,1785124125.4630523,1785124128.2596319,
block1-001590,53.3070401288569,3603.8223311770707,151,107.5,52.27324494626373,3602.7885359944776,1.0337951825931668,block1:zero_tool,gated_rule_c,mixed,1785124125.4127822,1785124125.4138162,1785124125.466096,1785124129.016611,
block1-001591,341.48406353779137,1123.1418115785345,43,10.0,340.85888299159706,1122.5166310323402,0.625180546194315,block1:s3,gated_rule_c,mixed,1785124125.6419792,1785124125.6426046,1785124125.9834695,1785124126.7651272,
block1-001592,412.27049799636006,1230.7388379704207,48,152.5,411.5639090305194,1230.03224900458,0.7065889658406377,block1:s4,gated_rule_c,mixed,1785124125.7646513,1785124125.765358,1785124126.176931,1785124126.9953992,
block1-001593,483.82294399198145,1313.5340579319745,48,12.5,483.0348030664027,1312.7459170063958,0.788140925578773,block1:s4,gated_rule_c,mixed,1785124126.1601062,1785124126.1608944,1785124126.6439354,1785124127.4736466,
block1-001594,470.47857171855867,1296.1903826799244,48,15.0,468.6458440264687,1294.3576549878344,1.8327276920899749,block1:s4,gated_rule_c,mixed,1785124126.2164323,1785124126.2182655,1785124126.6869202,1785124127.5126321,
block1-001595,457.7583660138771,1244.7198840091005,48,282.5,457.61502208188176,1244.5765400771052,0.14334393199533224,block1:s4,gated_rule_c,mixed,1785124126.307282,1785124126.3074257,1785124126.765049,1785124127.5520105,
block1-001596,85.25041549000889,3573.316549533047,155,15.0,85.00857395119965,3573.0747079942375,0.24184153880923986,block1:zero_tool,gated_rule_c,mixed,1785124126.3624191,1785124126.3626611,1785124126.4476771,1785124129.9357433,
block1-001597,457.3786894325167,1206.6601413534954,48,135.0,456.91136410459876,1206.1928160255775,0.46732532791793346,block1:s4,gated_rule_c,mixed,1785124126.6397514,1785124126.640219,1785124127.0971382,1785124127.8464196,
block1-001598,435.3107875213027,1169.4670434808359,48,105.0,434.8519800696522,1169.0082360291854,0.4588074516505003,block1:s4,gated_rule_c,mixed,1785124126.7159097,1785124126.716369,1785124127.1512294,1785124127.8853858,
block1-001599,511.03818661067635,1200.0024276785553,48,395.0,510.1491779787466,1199.1134190466255,0.8890086319297552,block1:s4,gated_rule_c,mixed,1785124127.0598218,1785124127.0607111,1785124127.570868,1785124128.2598324,
block1-001600,387.8885090816766,1037.8194680670276,43,50.0,387.7052440075204,1037.6362029928714,0.18326507415622473,block1:s1,gated_rule_c,mixed,1785124127.2213888,1785124127.2215724,1785124127.6092842,1785124128.259215,
block1-001601,117.72851995192468,1719.7480619652197,71,820.0,117.0759869273752,1719.0955289406702,0.6525330245494843,block1:s1,gated_rule_c,mixed,1785124127.3160365,1785124127.3166895,1785124127.4337728,1785124129.035792,
block1-001602,74.01525310706347,4129.743168130517,189,110.0,72.16799003072083,4127.895905054174,1.8472630763426423,block1:zero_tool,gated_rule_c,mixed,1785124127.7728086,1785124127.774656,1785124127.8468306,1785124131.9025586,
block1-001603,360.59013451449573,1001.6229235334322,37,15.0,359.94353401474655,1000.976323033683,0.6466004997491837,block1:s1,gated_rule_c,mixed,1785124127.8989468,1785124127.8995938,1785124128.2595437,1785124128.9005766,
block1-001604,114.11518789827824,2489.725418854505,111,145.0,113.48323302809149,2489.093463984318,0.6319548701867461,block1:zero_tool,gated_rule_c,mixed,1785124127.9111943,1785124127.9118264,1785124128.025316,1785124130.400926,
block1-001605,131.63818686734885,1482.2915438562632,62,47.5,131.39446603599936,1482.0478230249137,0.24372083134949207,block1:s1,gated_rule_c,mixed,1785124128.5296977,1785124128.5299416,1785124128.661342,1785124130.0119953,
block1-001606,119.01649797800928,1533.374854014255,67,187.5,118.80566901527345,1533.1640250515193,0.21082896273583174,block1:s1,gated_rule_c,mixed,1785124128.6817133,1785124128.6819243,1785124128.8007371,1785124130.2150953,
block1-001607,160.43392929714173,1329.9414332723245,59,280.0,160.05656402558088,1329.5640680007637,0.37736527156084776,block1:s1,gated_rule_c,mixed,1785124128.7201622,1785124128.7205398,1785124128.8806038,1785124130.0501118,
block1-001608,287.43671730626374,872.2737593343481,40,155.0,286.5558610064909,871.3929030345753,0.8808562997728586,block1:s2,gated_rule_c,mixed,1785124129.1018455,1785124129.1027267,1785124129.3892906,1785124129.974127,
block1-001609,60.67888345569372,1917.8814764600247,94,105.0,60.268332017585635,1917.4709250219166,0.4105514381080866,block1:zero_tool,gated_rule_c,mixed,1785124129.390009,1785124129.3904197,1785124129.450696,1785124131.3078985,
block1-001610,99.59637117572129,1393.7862392049283,64,155.0,98.50638802163303,1392.69625605084,1.0899831540882587,block1:s2,gated_rule_c,mixed,1785124130.0592432,1785124130.0603335,1785124130.1588466,1785124131.4530365,
block1-001611,320.2238285448402,964.8461196338758,43,10.0,318.33451602142304,962.9568071104586,1.8893125234171748,block1:s2,gated_rule_c,mixed,1785124130.5439558,1785124130.5458455,1785124130.8641875,1785124131.5088098,
block1-001612,335.8238822547719,823.0094471946359,35,10.0,335.17416601534933,822.3597309552133,0.6497162394225597,block1:s2,gated_rule_c,mixed,1785124131.1168344,1785124131.1174843,1785124131.4526665,1785124131.9398522,
block1-001613,458.62222893629223,1099.2441589478403,49,17.5,457.74257101584226,1098.3645010273904,0.8796579204499722,block1:s2,gated_rule_c,mixed,1785124131.277128,1785124131.2780077,1785124131.7357569,1785124132.3763788,
block1-001614,57.112071313895285,3558.6381633765996,154,187.5,56.01251998450607,3557.5386120472103,1.0995513293892145,block1:zero_tool,gated_rule_c,mixed,1785124131.5675757,1785124131.5686755,1785124131.624695,1785124135.126221,
block1-001615,202.29615457355976,841.3770425831899,37,15.0,201.85145607683808,840.9323440864682,0.44469849672168493,block1:s2,gated_rule_c,mixed,1785124131.774514,1785124131.7749588,1785124131.9768171,1785124132.6158981,
block1-001616,68.90685798134655,3415.3361789649352,147,115.0,68.0203289957717,3414.4496499793604,0.8865289855748415,block1:zero_tool,gated_rule_c,mixed,1785124132.0245535,1785124132.0254402,1785124132.093468,1785124135.439897,
block1-001617,310.1971694268286,801.3620893470943,33,12.5,309.5086970133707,800.6736169336364,0.6884724134579301,block1:s3,gated_rule_c,mixed,1785124132.2488453,1785124132.249534,1785124132.5590484,1785124133.050213,
block1-001618,397.79301965609193,1056.9740626960993,41,10.0,397.27222197689116,1056.4532650168985,0.5207976792007685,block1:s3,gated_rule_c,mixed,1785124132.2969162,1785124132.2974372,1785124132.6947155,1785124133.3538966,
block1-001619,406.4690767554566,1179.0396868018433,48,282.5,405.39136703591794,1177.9619770823047,1.0777097195386887,block1:s3,gated_rule_c,mixed,1785124132.6616712,1785124132.6627493,1785124133.068148,1785124133.8407185,
block1-001620,53.828179370611906,2841.7081313673407,123,70.0,53.00415400415659,2840.8841060008854,0.8240253664553165,block1:zero_tool,gated_rule_c,mixed,1785124132.9206243,1785124132.9214485,1785124132.9744592,1785124135.762339,
block1-001621,429.0196120273322,1095.2213770942762,43,20.0,428.7780789891258,1094.9798440560699,0.2415330382063985,block1:s3,gated_rule_c,mixed,1785124133.078259,1785124133.0785007,1785124133.5072856,1785124134.1734874,
block1-001622,576.6102287452668,1100.9320297744125,43,282.5,575.9874099167064,1100.309210945852,0.6228188285604119,block1:s3,gated_rule_c,mixed,1785124133.1073477,1785124133.1079707,1785124133.6839647,1785124134.2082865,
block1-001623,351.8081586807966,1090.8583727432415,43,15.0,351.4852790394798,1090.5354931019247,0.3228796413168311,block1:s3,gated_rule_c,mixed,1785124133.1554284,1785124133.1557517,1785124133.5072443,1785124134.2462945,
block1-001624,124.07675432041287,4356.345011270605,194,172.5,123.14008409157395,4355.408341041766,0.9366702288389206,block1:zero_tool,gated_rule_c,mixed,1785124133.2098167,1785124133.2107534,1785124133.3339014,1785124137.5661695,
block1-001625,458.73577368911356,1193.6482976889238,48,17.5,458.5522309644148,1193.464754964225,0.18354272469878197,block1:s4,gated_rule_c,mixed,1785124133.515302,1785124133.5154858,1785124133.9740462,1785124134.7089586,
block1-001626,93.84716057684273,3618.424183689058,165,307.5,93.25678192544729,3617.8338050376624,0.5903786513954401,block1:zero_tool,gated_rule_c,mixed,1785124133.5256968,1785124133.5262873,1785124133.6195507,1785124137.1441278,
block1-001627,449.66097141150385,1272.494010394439,48,100.0,449.3202921003103,1272.1533310832456,0.3406793111935258,block1:s4,gated_rule_c,mixed,1785124133.8342056,1785124133.8345468,1785124134.283875,1785124135.1067083,
block1-001628,479.80851982720196,1244.6683978196234,48,60.0,479.55295303836465,1244.412831030786,0.25556678883731365,block1:s4,gated_rule_c,mixed,1785124134.1305473,1785124134.130803,1785124134.6103637,1785124135.3752234,
block1-001629,496.0343069396913,1192.9275760194287,48,550.0,495.21744693629444,1192.1107160160318,0.8168600033968687,block1:s4,gated_rule_c,mixed,1785124134.3621676,1785124134.3629847,1785124134.8582094,1785124135.5551023,
block1-001630,489.14432257879525,1174.366990569979,48,10.0,488.92744397744536,1174.150111968629,0.21687860134989023,block1:s4,gated_rule_c,mixed,1785124134.3995154,1785124134.3997328,1785124134.8886673,1785124135.57389,
block1-001631,508.5753221064806,1142.6528791198507,49,60.0,508.21836292743683,1142.295919940807,0.35695917904376984,block1:s4,gated_rule_c,mixed,1785124134.6941366,1785124134.6944938,1785124135.2027197,1785124135.8367975,
block1-001632,374.77973848581314,953.8442004704848,43,115.0,374.1516540758312,953.2161160605028,0.628084409981966,block1:s1,gated_rule_c,mixed,1785124134.8086095,1785124134.8092377,1785124135.183396,1785124135.7624605,
block1-001633,356.1809967504814,818.6875657411292,37,17.5,355.701592983678,818.2081619743258,0.47940376680344343,block1:s1,gated_rule_c,mixed,1785124134.9245493,1785124134.9250288,1785124135.2807379,1785124135.7432442,
block1-001634,72.10078637581319,5078.080526320264,243,95.0,70.98176807630807,5076.961508020759,1.1190182995051146,block1:zero_tool,gated_rule_c,mixed,1785124135.3091278,1785124135.3102472,1785124135.3812368,1785124140.3872163,
block1-001635,382.3373229242861,1114.9198259226978,45,357.5,381.2758659478277,1113.8583689462394,1.0614569764584303,block1:s1,gated_rule_c,mixed,1785124136.5449216,1785124136.5459836,1785124136.927266,1785124137.6598485,
block1-001636,436.9050347013399,1009.3182406853884,39,15.0,436.13408401142806,1008.5472899954766,0.7709506899118423,block1:s1,gated_rule_c,mixed,1785124136.9971342,1785124136.9979055,1785124137.4340477,1785124138.006461,
block1-001637,118.62545472104102,1429.0852117119357,62,60.0,117.91738797910511,1428.3771449699998,0.7080667419359088,block1:s1,gated_rule_c,mixed,1785124137.1625059,1785124137.163214,1785124137.2811384,1785124138.591598,
block1-001638,386.3017219118774,1029.5692859217525,43,170.0,386.10735698603094,1029.374920995906,0.19436492584645748,block1:s1,gated_rule_c,mixed,1785124137.1979945,1785124137.198189,1785124137.5843034,1785124138.227571,
block1-001639,291.52857745066285,760.4444244643673,33,10.0,291.25747096259147,760.173317976296,0.27110648807138205,block1:s1,gated_rule_c,mixed,1785124137.7150512,1785124137.7153223,1785124138.0065858,1785124138.4755015,
block1-001640,129.2320773936808,3073.410874349065,145,105.0,128.58720298390836,3072.7659999392927,0.6448744097724557,block1:zero_tool,gated_rule_c,mixed,1785124137.726569,1785124137.7272139,1785124137.8558064,1785124140.7999856,
block1-001641,63.97951929830015,3721.0702293086797,179,110.0,63.11375193763524,3720.204461948015,0.8657673606649041,block1:zero_tool,gated_rule_c,mixed,1785124138.1686091,1785124138.169475,1785124138.2325964,1785124141.8896873,
block1-001642,304.69478014856577,809.8699630936608,36,152.5,303.3368510659784,808.5120340110734,1.3579290825873613,block1:s2,gated_rule_c,mixed,1785124138.2453592,1785124138.2467172,1785124138.55006,1785124139.0552354,
block1-001643,59.26496034953743,8856.03242740035,428,10.0,58.877991046756506,8855.64545809757,0.3869693027809262,block1:zero_tool,gated_rule_c,mixed,1785124138.3974519,1785124138.397839,1785124138.4567254,1785124147.2534926,
block1-001644,63.21229902096093,2475.4151900997385,119,15.0,62.47998389881104,2474.6828749775887,0.7323151221498847,block1:zero_tool,gated_rule_c,mixed,1785124138.5285034,1785124138.529236,1785124138.5917232,1785124141.0039263,
block1-001645,441.1269878037274,1079.0011797798797,49,70.0,440.7242879969999,1078.5984799731523,0.40269980672746897,block1:s2,gated_rule_c,mixed,1785124138.7635393,1785124138.7639422,1785124139.2046738,1785124139.842548,
block1-001646,338.28838786575943,793.6109758447856,36,100.0,337.7278749831021,793.0504629621282,0.5605128826573491,block1:s2,gated_rule_c,mixed,1785124139.3127835,1785124139.3133442,1785124139.6510785,1785124140.106401,
block1-001647,208.18023360334337,774.6890695998445,37,60.0,207.26344001013786,773.772276006639,0.9167935932055116,block1:s2,gated_rule_c,mixed,1785124139.5193775,1785124139.5202944,1785124139.7275639,1785124140.2940726,
block1-001648,446.7902813339606,1091.1017312901095,48,350.0,445.7531590014696,1090.0646089576185,1.0371223324909806,block1:s3,gated_rule_c,mixed,1785124140.5754077,1785124140.5764453,1785124141.0222077,1785124141.6665194,
block1-001649,259.6775522688404,863.0487452028319,39,10.0,258.96102108526975,862.3322140192613,0.7165311835706234,block1:s3,gated_rule_c,mixed,1785124140.6879187,1785124140.6886353,1785124140.9476032,1785124141.5509744,
block1-001650,62.88125808350742,4770.013486035168,229,15.0,62.09409702569246,4769.226324977353,0.7871610578149557,block1:zero_tool,gated_rule_c,mixed,1785124141.0419893,1785124141.0427768,1785124141.1048787,1785124145.812011,
block1-001651,278.28331233467907,916.7629362782463,41,20.0,277.60833397042006,916.0879579139873,0.6749783642590046,block1:s3,gated_rule_c,mixed,1785124141.066153,1785124141.0668283,1785124141.3444438,1785124141.9829237,
block1-001652,55.13401806820184,2726.6909520840272,136,550.0,54.223630926571786,2725.780564942397,0.9103871416300535,block1:zero_tool,gated_rule_c,mixed,1785124141.5922794,1785124141.5931902,1785124141.647421,1785124144.3189778,
block1-001653,391.07792684808373,1064.6993938134983,48,320.0,390.1427980745211,1063.7642650399357,0.9351287735626101,block1:s3,gated_rule_c,mixed,1785124141.7226422,1785124141.7235773,1785124142.1137261,1785124142.7873478,
block1-001654,402.233567670919,1040.5871456023306,48,170.0,401.3992100954056,1039.7527880268171,0.8343575755134225,block1:s3,gated_rule_c,mixed,1785124142.179474,1785124142.1803088,1785124142.5817146,1785124143.2200685,
block1-001655,297.00797493569553,896.3631489314139,43,52.5,296.25037603545934,895.6055500311777,0.7575989002361894,block1:s3,gated_rule_c,mixed,1785124142.5644913,1785124142.565249,1785124142.8615053,1785124143.4608605,
block1-001656,65.2108466019854,3256.3768225954846,153,145.0,64.12999797612429,3255.2959739696234,1.0808486258611083,block1:zero_tool,gated_rule_c,mixed,1785124142.930323,1785124142.931404,1785124142.9955418,1785124146.1867077,
block1-001657,393.800871563144,1034.4550044974312,48,10.0,393.39863602072,1034.0527689550072,0.40223554242402315,block1:s4,gated_rule_c,mixed,1785124143.608145,1785124143.6085477,1785124144.0019543,1785124144.6426086,
block1-001658,419.26914313808084,1222.35665214248,48,297.5,418.461981927976,1221.5494909323752,0.8071612101048231,block1:s4,gated_rule_c,mixed,1785124144.3756697,1785124144.3764772,1785124144.7949462,1785124145.5980337,
block1-001659,102.73913410492241,3340.9060920821503,154,115.0,102.36630693543702,3340.533264912665,0.3728271694853902,block1:zero_tool,gated_rule_c,mixed,1785124144.4046476,1785124144.405021,1785124144.5073946,1785124147.7455618,
block1-001660,53.96566563285887,2930.5905376095325,135,105.0,52.99424601253122,2929.619117989205,0.9714196203276515,block1:zero_tool,gated_rule_c,mixed,1785124144.5503864,1785124144.5513582,1785124144.6043596,1785124147.4809842,
block1-001661,501.31753855384886,1188.6457866057754,48,187.5,501.05465401429683,1188.3829020662233,0.26288453955203295,block1:s4,gated_rule_c,mixed,1785124144.7400026,1785124144.740266,1785124145.241327,1785124145.9286556,
block1-001662,109.36220514122397,3725.0966891879216,174,187.5,108.90214995015413,3724.6366339968517,0.4600551910698414,block1:zero_tool,gated_rule_c,mixed,1785124144.8303409,1785124144.8308012,1785124144.9397094,1785124148.5554442,
block1-001663,106.45426716655493,3163.1815842119977,146,15.0,105.4629540303722,3162.190271075815,0.9913131361827254,block1:zero_tool,gated_rule_c,mixed,1785124144.8333383,1785124144.8343298,1785124144.9397993,1785124147.9965265,
block1-001664,384.75557416677475,1033.7076442083344,43,17.5,384.029617998749,1032.9816880403087,0.725956168025732,block1:s1,gated_rule_c,mixed,1785124144.8562298,1785124144.8569562,1785124145.240993,1785124145.8899455,
block1-001665,56.087169563397765,2962.0194925228134,138,140.0,55.10598700493574,2961.0383099643514,0.9811825584620237,block1:zero_tool,gated_rule_c,mixed,1785124144.9227438,1785124144.9237254,1785124144.9788404,1785124147.8847725,
block1-001666,358.2872909028083,1005.218319944106,44,117.5,358.09510794933885,1005.0261369906366,0.19218295346945524,block1:s1,gated_rule_c,mixed,1785124145.0002728,1785124145.0004652,1785124145.3585684,1785124146.0054996,
block1-001667,135.3156726108864,1637.4272056855261,73,110.0,134.96524095535278,1637.0767740299925,0.3504316555336118,block1:s1,gated_rule_c,mixed,1785124145.4622808,1785124145.4626315,1785124145.5976052,1785124147.0997167,
block1-001668,256.5273792715743,840.0900273118168,36,110.0,256.3987789908424,839.9614270310849,0.12860028073191643,block1:s1,gated_rule_c,mixed,1785124146.0054626,1785124146.0055914,1785124146.261996,1785124146.845559,
block1-001669,122.98188940621912,1354.6127274166793,65,15.0,122.35679395962507,1353.9876319700852,0.6250954465940595,block1:s1,gated_rule_c,mixed,1785124146.3525767,1785124146.3532019,1785124146.4755664,1785124147.7071972,
block1-001670,65.67606015596539,8339.01990216691,398,282.5,64.80478693265468,8338.1486289436,0.871273223310709,block1:zero_tool,gated_rule_c,mixed,1785124146.682419,1785124146.6832907,1785124146.748104,1785124155.0214481,
block1-001671,65.19386661238968,3142.6155535737053,156,15.0,64.13734902162105,3141.5590359829366,1.0565175907686353,block1:zero_tool,gated_rule_c,mixed,1785124146.9762514,1785124146.9773083,1785124147.041453,1785124150.1188743,
block1-001672,276.9522467860952,873.53194586467,40,47.5,275.2877699676901,871.8674690462649,1.6644768184050918,block1:s2,gated_rule_c,mixed,1785124147.737612,1785124147.7392766,1785124148.0145707,1785124148.6111503,
block1-001673,69.34315769467503,2037.9636256257072,100,25.0,68.814761005342,2037.4352289363742,0.5283966893330216,block1:zero_tool,gated_rule_c,mixed,1785124148.0995684,1785124148.100097,1785124148.168919,1785124150.1375394,
block1-001674,303.03225037641823,757.8580663539469,36,152.5,302.43762594182044,757.2634419193491,0.5946244345977902,block1:s2,gated_rule_c,mixed,1785124148.345008,1785124148.3456025,1785124148.6480465,1785124149.1028726,
block1-001675,67.41629505995661,9118.673498975113,421,60.0,66.72440003603697,9117.981603951193,0.691895023919642,block1:zero_tool,gated_rule_c,mixed,1785124148.734828,1785124148.7355204,1785124148.802252,1785124157.8535094,
block1-001676,62.25183804053813,3999.447784968652,192,100.0,61.724210041575134,3998.920156969689,0.5276279989629984,block1:zero_tool,gated_rule_c,mixed,1785124148.9654129,1785124148.9659407,1785124149.0276716,1785124152.9648674,
block1-001677,390.12881030794233,952.7241573669016,44,17.5,389.6031519398093,952.1984989987686,0.5256583681330085,block1:s2,gated_rule_c,mixed,1785124149.8221543,1785124149.8226802,1785124150.2122915,1785124150.7748868,
block1-001678,110.86975398939103,3711.596003966406,174,47.5,110.43670598883182,3711.162955965847,0.4330480005592108,block1:zero_tool,gated_rule_c,mixed,1785124149.839363,1785124149.8397965,1785124149.95024,1785124153.5509663,
block1-001679,265.67202084697783,716.505866847001,34,117.5,265.34689508844167,716.1807410884649,0.32512575853616,block1:s2,gated_rule_c,mixed,1785124149.9653063,1785124149.9656315,1785124150.2309837,1785124150.6818175,
block1-001680,250.32839935738593,895.0618132948875,32,95.0,249.69515099655837,894.42856493406,0.6332483608275652,block1:s3,gated_rule_c,mixed,1785124150.8232048,1785124150.8238382,1785124151.0735404,1785124151.7182739,
block1-001681,352.25404740776867,889.2051834845915,33,140.0,351.3289849506691,888.280121027492,0.9250624570995569,block1:s3,gated_rule_c,mixed,1785124151.0596204,1785124151.0605454,1785124151.4118817,1785124151.9488325,
block1-001682,566.5311171906069,1219.48174724821,48,60.0,566.2231539608911,1219.1737840184942,0.3079632297158241,block1:s3,gated_rule_c,mixed,1785124151.0732522,1785124151.0735602,1785124151.6397889,1785124152.2927394,
block1-001683,483.0775049049407,1133.7972758337855,48,15.0,481.4946789992973,1132.2144499281421,1.5828259056434035,block1:s3,gated_rule_c,mixed,1785124151.2537024,1785124151.2552857,1785124151.7367878,1785124152.3875074,
block1-001684,358.54145034682006,972.3547552712262,41,12.5,357.67415806185454,971.4874629862607,0.8672922849655151,block1:s3,gated_rule_c,mixed,1785124151.3971164,1785124151.3979838,1785124151.7556646,1785124152.369478,
block1-001685,428.91611147206277,1075.7696283981204,48,297.5,428.34954208228737,1075.203059008345,0.5665693897753954,block1:s3,gated_rule_c,mixed,1785124151.4618065,1785124151.4623735,1785124151.89073,1785124152.5375836,
block1-001686,461.43819228745997,908.0315802711993,43,172.5,461.25486493110657,907.848252914846,0.18332735635340214,block1:s3,gated_rule_c,mixed,1785124152.0195994,1785124152.019783,1785124152.4810438,1785124152.927637,
block1-001687,416.09715775121003,1031.9265577709302,48,145.0,415.4081790475175,1031.2375790672377,0.6889787036925554,block1:s3,gated_rule_c,mixed,1785124152.9663417,1785124152.967031,1785124153.3824449,1785124153.998274,
block1-001688,87.13883825112134,3639.3452662741765,154,152.5,86.73906698822975,3638.945495011285,0.3997712628915906,block1:zero_tool,gated_rule_c,mixed,1785124153.0304246,1785124153.0308247,1785124153.1175702,1785124156.6697764,
block1-001689,51.6623395960778,4117.198454565369,179,545.0,50.785736995749176,4116.32185196504,0.8766026003286242,block1:zero_tool,gated_rule_c,mixed,1785124153.1066859,1785124153.1075628,1785124153.1583562,1785124157.2238925,
block1-001690,94.04341620393097,3166.7918151943013,130,60.0,93.23022002354264,3165.978619013913,0.8131961803883314,block1:zero_tool,gated_rule_c,mixed,1785124153.6379204,1785124153.6387339,1785124153.7319708,1785124156.8047194,
block1-001691,48.96851652301848,4243.6882824404165,184,287.5,48.58939698897302,4243.309162906371,0.37911953404545784,block1:zero_tool,gated_rule_c,mixed,1785124153.685882,1785124153.6862617,1785124153.7348595,1785124157.9295793,
block1-001692,555.7653557043523,1332.5289277127013,48,12.5,555.0629460485652,1331.8265180569142,0.7024096557870507,block1:s4,gated_rule_c,mixed,1785124154.1108885,1785124154.111591,1785124154.6666603,1785124155.4434237,
block1-001693,539.3213338684291,1328.8263807771727,48,395.0,538.900945102796,1328.4059920115396,0.42038876563310623,block1:s4,gated_rule_c,mixed,1785124154.1349754,1785124154.135396,1785124154.674302,1785124155.4638073,
block1-001694,542.4220610875636,1331.0202821157873,48,15.0,542.0458120061085,1330.644033034332,0.3762490814551711,block1:s4,gated_rule_c,mixed,1785124154.2002316,1785124154.200608,1785124154.7426603,1785124155.5312586,
block1-001695,496.4507317636162,1298.376637743786,48,15.0,496.2526730960235,1298.1785790761933,0.1980586675927043,block1:s4,gated_rule_c,mixed,1785124154.3035443,1785124154.3037424,1785124154.8000014,1785124155.6019273,
block1-001696,391.5011089993641,1093.803892028518,43,15.0,390.5208659125492,1092.8236489417031,0.9802430868148804,block1:s1,gated_rule_c,mixed,1785124154.3895092,1785124154.3904896,1785124154.7810175,1785124155.4833205,
block1-001697,65.97103830426931,3640.963613288477,158,15.0,64.86856797710061,3639.8611429613084,1.102470327168703,block1:zero_tool,gated_rule_c,mixed,1785124154.6082056,1785124154.6093085,1785124154.6741838,1785124158.2491765,
block1-001698,431.42658413853496,1189.0619860496372,44,282.5,430.9238170972094,1188.5592190083116,0.5027670413255692,block1:s1,gated_rule_c,mixed,1785124154.6683064,1785124154.6688094,1785124155.099742,1785124155.8573773,
block1-001699,134.3023891095072,1804.5430770143867,72,572.5,132.50206504017115,1802.7427529450506,1.8003240693360567,block1:s1,gated_rule_c,mixed,1785124154.828094,1785124154.8298945,1785124154.9624045,1785124156.632645,
block1-001700,268.1989495176822,976.0489704785869,39,152.5,266.2391869816929,974.0892079425976,1.9597625359892845,block1:s1,gated_rule_c,mixed,1785124155.2152443,1785124155.2172043,1785124155.483453,1785124156.191303,
block1-001701,132.73613259661943,1489.7329825907946,61,20.0,131.81866891682148,1488.8155189109966,0.9174636797979474,block1:s1,gated_rule_c,mixed,1785124155.4497316,1785124155.4506493,1785124155.5824754,1785124156.9394724,
block1-001702,288.21071167476475,967.2865746542811,39,60.0,286.66732099372894,965.7431839732453,1.5433906810358167,block1:s1,gated_rule_c,mixed,1785124155.6293502,1785124155.6308937,1785124155.9175687,1785124156.5966446,
block1-001703,57.23510519601405,2792.751989210956,130,17.5,56.29966501146555,2791.8165490264073,0.9354401845484972,block1:zero_tool,gated_rule_c,mixed,1785124156.0166824,1785124156.0176182,1785124156.0739255,1785124158.809442,
block1-001704,362.789589446038,992.3197214957327,41,75.0,361.92073801066726,991.4508700603619,0.8688514353707433,block1:s2,gated_rule_c,mixed,1785124156.270053,1785124156.2709222,1785124156.6328497,1785124157.26238,
block1-001705,367.0014188392088,864.5200008759275,36,187.5,366.45495903212577,863.9735410688445,0.5464598070830107,block1:s2,gated_rule_c,mixed,1785124156.3407004,1785124156.3412476,1785124156.707711,1785124157.2052298,
block1-001706,335.4156129062176,833.0218659248203,37,140.0,333.84925592690706,831.4555089455098,1.5663569793105125,block1:s2,gated_rule_c,mixed,1785124156.5650046,1785124156.5665712,1785124156.9004269,1785124157.398033,
block1-001707,348.30079902894795,942.7203779341653,43,17.5,347.68372902181,942.1033079270273,0.6170700071379542,block1:s2,gated_rule_c,mixed,1785124157.0053234,1785124157.0059407,1785124157.353632,1785124157.9480515,
block1-001708,101.72531532589346,11264.50054824818,519,10.0,100.87100905366242,11263.646241975948,0.8543062722310424,block1:zero_tool,gated_rule_c,mixed,1785124157.0068004,1785124157.007655,1785124157.1085324,1785124168.2713077,
block1-001709,51.53355817310512,6970.310694188811,336,15.0,50.29407003894448,6969.07120605465,1.2394881341606379,block1:zero_tool,gated_rule_c,mixed,1785124157.308091,1785124157.3093307,1785124157.3596327,1785124164.2784102,
block1-001710,341.16232220549136,871.750699239783,38,60.0,340.84949793759733,871.437874971889,0.3128242678940296,block1:s2,gated_rule_c,mixed,1785124157.4509678,1785124157.4512808,1785124157.7921374,1785124158.3227255,
block1-001711,62.837273930199444,2498.581863939762,123,110.0,61.59226305317134,2497.336853062734,1.2450108770281076,block1:zero_tool,gated_rule_c,mixed,1785124157.7709768,1785124157.772222,1785124157.8338213,1785124160.269566,
block1-001712,295.2635707333684,745.1042947359383,32,217.5,294.85844098962843,744.6991649921983,0.4051297437399626,block1:s3,gated_rule_c,mixed,1785124157.9899945,1785124157.9904,1785124158.285265,1785124158.7351055,
block1-001713,273.54084700345993,722.8855440625921,33,20.0,271.67085697874427,721.0155540378764,1.869990024715662,block1:s3,gated_rule_c,mixed,1785124158.161603,1785124158.1634731,1785124158.435153,1785124158.8844974,
block1-001714,395.8111152751371,1069.3558822385967,48,485.0,394.7318160207942,1068.2765829842538,1.0792992543429136,block1:s3,gated_rule_c,mixed,1785124159.5940402,1785124159.5951197,1785124159.9898584,1785124160.663403,
block1-001715,50.41068489663303,2835.5761339189485,131,297.5,50.001661060377955,2835.1671100826934,0.40902383625507355,block1:zero_tool,gated_rule_c,mixed,1785124159.80969,1785124159.8100994,1785124159.8601103,1785124162.6452758,
block1-001716,310.87610323447734,986.9612602051347,41,395.0,310.49541803076863,986.580575001426,0.3806852037087083,block1:s3,gated_rule_c,mixed,1785124160.0511162,1785124160.0514972,1785124160.3620005,1785124161.0380857,
block1-001717,472.57051011547446,1037.7419701544568,46,60.0,471.5134679572657,1036.684927996248,1.0570421582087874,block1:s3,gated_rule_c,mixed,1785124160.394519,1785124160.3955762,1785124160.8670976,1785124161.4322689,
block1-001718,492.50322685111314,946.0220518521965,43,172.5,492.28520202450454,945.8040270255879,0.21802482660859823,block1:s3,gated_rule_c,mixed,1785124160.6389992,1785124160.6392174,1785124161.131508,1785124161.585027,
block1-001719,307.23138246685266,910.7272034743801,43,280.0,306.6435039509088,910.1393249584362,0.5878785159438848,block1:s3,gated_rule_c,mixed,1785124160.711382,1785124160.71197,1785124161.0186203,1785124161.6221159,
block1-001720,61.89871660899371,4391.543562640436,193,15.0,61.389765003696084,4391.034611035138,0.5089516052976251,block1:zero_tool,gated_rule_c,mixed,1785124161.429384,1785124161.4298935,1785124161.4912932,1785124165.8209379,
block1-001721,468.25389727018774,1202.7599872089922,48,550.0,467.5824170699343,1202.0885070087388,0.671480200253427,block1:s4,gated_rule_c,mixed,1785124161.8284369,1785124161.8291085,1785124162.2966976,1785124163.0312035,
block1-001722,519.7931586299092,1175.7594655500725,48,115.0,519.3992030108348,1175.365509930998,0.39395561907440424,block1:s4,gated_rule_c,mixed,1785124162.0860653,1785124162.0864594,1785124162.6058662,1785124163.2618327,
block1-001723,521.0439545335248,1178.2947855535895,48,145.0,520.2239700593054,1177.47480107937,0.8199844742193818,block1:s4,gated_rule_c,mixed,1785124162.1042018,1785124162.105022,1785124162.6252515,1785124163.2825024,
block1-001724,444.2878501722589,1100.0729271909222,48,485.0,443.99712595622987,1099.7822029748932,0.29072421602904797,block1:s4,gated_rule_c,mixed,1785124162.2965412,1785124162.296832,1785124162.7408364,1785124163.3966215,
block1-001725,53.8127840263769,3688.3444630075246,161,105.0,52.411301992833614,3686.9429809739813,1.4014820335432887,block1:zero_tool,gated_rule_c,mixed,1785124162.3987668,1785124162.4001684,1785124162.452587,1785124166.0871189,
block1-001726,419.43234764039516,1090.935510583222,49,60.0,418.73180109541863,1090.2349640382454,0.7005465449765325,block1:s4,gated_rule_c,mixed,1785124162.4561307,1785124162.4568315,1785124162.87557,1785124163.5470736,
block1-001727,405.52112355362624,1078.7657605251297,48,140.0,404.8847290687263,1078.1293660402298,0.6363944848999381,block1:s4,gated_rule_c,mixed,1785124162.8770928,1785124162.8777292,1785124163.2826207,1785124163.9558656,
block1-001728,106.9844636367634,2758.070341660641,117,152.5,106.19456903077662,2757.2804470546544,0.789894605986774,block1:zero_tool,gated_rule_c,mixed,1785124162.885621,1785124162.8864112,1785124162.992612,1785124165.6436977,
block1-001729,131.16700830869377,1679.7211683588102,69,395.0,130.63158793374896,1679.1857479838654,0.5354203749448061,block1:s1,gated_rule_c,mixed,1785124163.6092,1785124163.6097357,1785124163.7403748,1785124165.288929,
block1-001730,128.5513130715117,10049.240258173086,444,60.0,128.32793791312724,10049.016883014701,0.22337515838444233,block1:zero_tool,gated_rule_c,mixed,1785124163.612321,1785124163.6125445,1785124163.740879,1785124173.661568,
block1-001731,128.67669586557895,4483.14598784782,190,70.0,126.64085405413061,4481.110146036372,2.0358418114483356,block1:zero_tool,gated_rule_c,mixed,1785124163.6340322,1785124163.6360688,1785124163.7627206,1785124168.11719,
block1-001732,317.63142242562026,1219.832634436898,42,172.5,317.2721049049869,1219.4733169162646,0.3593175206333399,block1:s1,gated_rule_c,mixed,1785124164.424033,1785124164.424393,1785124164.741687,1785124165.6438882,
block1-001733,132.06705439370126,1652.0909593673423,63,10.0,130.46792906243354,1650.4918340360746,1.5991253312677145,block1:s1,gated_rule_c,mixed,1785124164.7502599,1785124164.7518592,1785124164.8823361,1785124166.4023595,
block1-001734,261.08237623702735,1727.3849752964452,67,170.0,260.6844089459628,1726.9870080053806,0.3979672910645604,block1:s1,gated_rule_c,mixed,1785124164.7702892,1785124164.7706876,1785124165.0313787,1785124166.497681,
block1-001735,517.0873592142016,1087.7563852118328,37,117.5,516.9092079158872,1087.5782339135185,0.17815129831433296,block1:s1,gated_rule_c,mixed,1785124164.772173,1785124164.7723513,1785124165.2892652,1785124165.8599346,
block1-001736,201.43941312562674,8494.982684147544,372,280.0,200.50213893409818,8494.045409956016,0.9372741915285587,block1:zero_tool,gated_rule_c,mixed,1785124164.8714435,1785124164.8723812,1785124165.0728917,1785124173.3664348,
block1-001737,358.8996243197471,1001.7679122975096,40,217.5,358.5582250962034,1001.4265130739659,0.34139922354370356,block1:s2,gated_rule_c,mixed,1785124165.264298,1785124165.2646399,1785124165.6232066,1785124166.266075,
block1-001738,71.0584627231583,8627.65489378944,388,10.0,69.94382990524173,8626.540260971524,1.114632817916572,block1:zero_tool,gated_rule_c,mixed,1785124165.3651316,1785124165.3662467,1785124165.4361975,1785124173.992794,
block1-001739,371.99607549700886,1010.9223204199225,43,47.5,370.0695380102843,1008.9957829331979,1.9265374867245555,block1:s2,gated_rule_c,mixed,1785124165.448727,1785124165.4506538,1785124165.8207319,1785124166.4596584,
block1-001740,320.0818340992555,843.2095791213214,35,92.5,319.7325359797105,842.8602810017765,0.3492981195449829,block1:s2,gated_rule_c,mixed,1785124165.5007114,1785124165.5010612,1785124165.8207998,1785124166.3439276,
block1-001741,476.47041466552764,1172.6475945906714,49,172.5,475.9447800461203,1172.121959971264,0.5256346194073558,block1:s2,gated_rule_c,mixed,1785124165.9254708,1785124165.9259965,1785124166.4019482,1785124167.0981252,
block1-001742,66.26269198022783,3911.0522569390014,166,322.5,65.72023802436888,3910.5098029831424,0.5424539558589458,block1:zero_tool,gated_rule_c,mixed,1785124166.1213188,1785124166.1218617,1785124166.1875887,1785124170.0323782,
block1-001743,207.17608684208244,901.6984448535368,31,15.0,206.436775973998,900.9591339854524,0.7393108680844307,block1:s2,gated_rule_c,mixed,1785124166.5388699,1785124166.5396097,1785124166.746054,1785124167.4405763,
block1-001744,54.57351985387504,5144.416233873926,231,170.0,54.076745989732444,5143.9194600097835,0.4967738641425967,block1:zero_tool,gated_rule_c,mixed,1785124166.6532922,1785124166.6537893,1785124166.7078745,1785124171.7977173,
block1-001745,347.6570163620636,1077.6057583279908,39,20.0,346.85366600751877,1076.802407973446,0.8033503545448184,block1:s3,gated_rule_c,mixed,1785124166.7843213,1785124166.7851248,1785124167.1319864,1785124167.8619351,
block1-001746,107.15641384012997,4016.965811839327,173,152.5,106.27700993791223,4016.0864079371095,0.8794039022177458,block1:zero_tool,gated_rule_c,mixed,1785124166.8165495,1785124166.8174295,1785124166.9237173,1785124170.8335266,
block1-001747,362.9081854596734,1092.3586095450446,41,70.0,362.516340916045,1091.9667650014162,0.3918445436283946,block1:s3,gated_rule_c,mixed,1785124166.848591,1785124166.8489835,1785124167.2115092,1785124167.9409597,
block1-001748,433.27430030331016,1029.9501533154398,41,172.5,432.58003203663975,1029.2558850487694,0.6942682666704059,block1:s3,gated_rule_c,mixed,1785124167.0480561,1785124167.0487506,1785124167.4813387,1785124168.0780144,
block1-001749,458.0057301791385,1052.0671152044088,43,52.5,457.00168004259467,1051.063065067865,1.0040501365438104,block1:s3,gated_rule_c,mixed,1785124167.1043804,1785124167.1053843,1785124167.5623934,1785124168.1564553,
block1-001750,497.72698909509927,1088.5774471098557,46,172.5,497.5454439409077,1088.3959019556642,0.1815451541915536,block1:s3,gated_rule_c,mixed,1785124167.144679,1785124167.144861,1785124167.6424136,1785124168.233264,
block1-001751,347.03883703332394,978.7857159972191,43,412.5,346.7144670430571,978.4613460069522,0.32436999026685953,block1:s3,gated_rule_c,mixed,1785124167.2353818,1785124167.2357066,1785124167.5824287,1785124168.2141755,
block1-001752,72.1769476076588,3212.7752646338195,143,287.5,71.91298296675086,3212.5112999929115,0.26396464090794325,block1:zero_tool,gated_rule_c,mixed,1785124167.4704773,1785124167.4707415,1785124167.542662,1785124170.6832602,
block1-001753,457.9368761042133,1385.2034511510283,48,282.5,457.7365799341351,1385.00315498095,0.20029617007821798,block1:s4,gated_rule_c,mixed,1785124168.68771,1785124168.6879106,1785124169.1456547,1785124170.0729213,
block1-001754,559.5573958707973,1338.7558818794787,48,145.0,558.6386740906164,1337.8371600992978,0.9187217801809311,block1:s4,gated_rule_c,mixed,1785124168.9340734,1785124168.9349923,1785124169.4936392,1785124170.2728376,
block1-001755,59.39745390787721,3051.2543929507956,139,140.0,58.78740700427443,3050.644346047193,0.6100469036027789,block1:zero_tool,gated_rule_c,mixed,1785124169.0664072,1785124169.0670176,1785124169.125812,1785124172.1176689,
block1-001756,635.9617887064815,1326.6426107147709,48,140.0,635.1410599891096,1325.821881997399,0.8207287173718214,block1:s4,gated_rule_c,mixed,1785124169.1438637,1785124169.1446846,1785124169.7798328,1785124170.4705136,
block1-001757,633.8079019915313,1323.6499869963154,48,545.0,632.7796790283173,1322.6217640331015,1.0282229632139206,block1:s4,gated_rule_c,mixed,1785124169.1664965,1785124169.1675248,1785124169.800311,1785124170.490153,
block1-001758,632.8136840602383,1322.6519690360874,48,145.0,632.2904510889202,1322.1287360647693,0.5232329713180661,block1:s4,gated_rule_c,mixed,1785124169.1673725,1785124169.167896,1785124169.8001916,1785124170.49003,
block1-001759,554.5333089539781,1243.547657970339,48,140.0,553.7914750166237,1242.8058240329847,0.7418339373543859,block1:s4,gated_rule_c,mixed,1785124169.285596,1785124169.2863383,1785124169.840139,1785124170.5291533,
block1-001760,385.4551158146933,1033.80884276703,43,20.0,385.15711098443717,1033.510837936774,0.29800483025610447,block1:s1,gated_rule_c,mixed,1785124169.4955378,1785124169.4958363,1785124169.8810024,1785124170.529356,
block1-001761,132.46744801290333,1431.4900630852208,65,50.0,131.06698892079294,1430.0896039931104,1.4004590921103954,block1:s1,gated_rule_c,mixed,1785124169.607884,1785124169.6092849,1785124169.7403593,1785124171.0393822,
block1-001762,347.19686512835324,818.2734131114557,36,287.5,346.0747329518199,817.1512809349224,1.1221321765333414,block1:s1,gated_rule_c,mixed,1785124169.8452291,1785124169.8463516,1785124170.192435,1785124170.6635113,
block1-001763,58.99280041921884,5164.651115424931,226,60.0,58.460270054638386,5164.118585060351,0.5325303645804524,block1:zero_tool,gated_rule_c,mixed,1785124171.5405517,1785124171.5410845,1785124171.5995517,1785124176.7052104,
block1-001764,316.06649816967547,1088.7229482177645,42,117.5,314.91458299569786,1087.5710330437869,1.1519151739776134,block1:s1,gated_rule_c,mixed,1785124171.612563,1785124171.6137152,1785124171.928638,1785124172.7012947,
block1-001765,116.62184575106949,1466.367423767224,60,107.5,115.54681498091668,1465.2923929970711,1.0750307701528072,block1:s1,gated_rule_c,mixed,1785124172.098753,1785124172.0998282,1785124172.2153835,1785124173.565129,
block1-001766,131.05908781290054,5931.1824317555875,267,357.5,130.57388307061046,5930.697227013297,0.4852047422900796,block1:zero_tool,gated_rule_c,mixed,1785124172.1062214,1785124172.1067069,1785124172.2372885,1785124178.037412,
block1-001767,115.97317748237401,1381.3929234165698,59,12.5,115.76473305467516,1381.184478988871,0.20844442769885063,block1:s1,gated_rule_c,mixed,1785124172.261055,1785124172.2612638,1785124172.3770375,1785124173.642457,
block1-001768,336.5898331394419,966.508103068918,40,15.0,335.84657800383866,965.7648479333147,0.7432551356032491,block1:s2,gated_rule_c,mixed,1785124172.4585488,1785124172.4592924,1785124172.7951472,1785124173.4250655,
block1-001769,363.91812411602587,878.4615290351212,38,322.5,363.495514029637,878.0389189487323,0.422610086388886,block1:s2,gated_rule_c,mixed,1785124172.628182,1785124172.628605,1785124172.9921095,1785124173.5066528,
block1-001770,69.79301536921412,3621.5314334258437,159,22.5,69.17821592651308,3620.9166339831427,0.6147994427010417,block1:zero_tool,gated_rule_c,mixed,1785124172.9223661,1785124172.9229813,1785124172.992167,1785124176.5439057,
block1-001771,63.82938043680042,8630.14534546528,401,135.0,62.26874398998916,8628.584709018469,1.5606364468112588,block1:zero_tool,gated_rule_c,mixed,1785124173.0284789,1785124173.0300398,1785124173.092317,1785124181.6586332,
block1-001772,318.2910761097446,786.8272201158106,35,15.0,317.19869608059525,785.7348400866613,1.0923800291493535,block1:s2,gated_rule_c,mixed,1785124173.1415553,1785124173.1426477,1785124173.4598536,1785124173.9283895,
block1-001773,62.5944280764088,3616.6290601249784,161,17.5,61.65753595996648,3615.692168008536,0.9368921164423227,block1:zero_tool,gated_rule_c,mixed,1785124173.2246516,1785124173.2255888,1785124173.2872555,1785124176.84129,
block1-001774,72.38328969106078,5877.642721752636,271,307.5,71.81374495849013,5877.0731770200655,0.5695447325706482,block1:zero_tool,gated_rule_c,mixed,1785124173.3944588,1785124173.3950286,1785124173.4668498,1785124179.2721093,
block1-001775,67.39113060757518,3420.262093655765,151,485.0,65.71142096072435,3418.5823840089142,1.6797096468508244,block1:zero_tool,gated_rule_c,mixed,1785124173.7681699,1785124173.7698498,1785124173.835569,1785124177.18844,
block1-001776,65.64885599073023,2933.1788800191134,126,70.0,65.05870202090591,2932.588726049289,0.5901539698243141,block1:zero_tool,gated_rule_c,mixed,1785124173.869404,1785124173.8699944,1785124173.9350612,1785124176.8025913,
block1-001777,450.60601294972,1278.1298069749027,48,17.5,449.49901395011693,1277.0228079752997,1.1069989996030927,block1:s3,gated_rule_c,mixed,1785124174.062226,1785124174.0633333,1785124174.5128384,1785124175.340362,
block1-001778,379.15686646010727,1106.0779124964029,41,160.0,378.18547699134797,1105.1065230276436,0.9713894687592983,block1:s3,gated_rule_c,mixed,1785124174.1721838,1785124174.1731555,1785124174.55135,1785124175.278271,
block1-001779,70.72263513691723,4988.875873154029,229,172.5,69.86277305986732,4988.016011076979,0.859862077049911,block1:zero_tool,gated_rule_c,mixed,1785124174.3642666,1785124174.3651268,1785124174.4349978,1785124179.3531518,
block1-001780,583.4303689189255,1275.814357912168,48,10.0,581.8064830964431,1274.1904720896855,1.623885822482407,block1:s3,gated_rule_c,mixed,1785124174.7975368,1785124174.7991612,1785124175.3809764,1785124176.0733604,
block1-001781,578.0089130857959,1230.2661670837551,46,170.0,577.1357009653002,1229.3929549632594,0.8732121204957366,block1:s3,gated_rule_c,mixed,1785124174.8228438,1785124174.8237174,1785124175.4008598,1785124176.0531173,
block1-001782,517.6332383416593,1169.3129852646962,46,820.0,517.1864170115441,1168.866163934581,0.4468213301151991,block1:s3,gated_rule_c,mixed,1785124174.9235837,1785124174.924031,1785124175.441227,1785124176.092907,
block1-001783,398.12000177334994,1090.5466607073322,43,100.0,397.5959391100332,1090.0225980440155,0.5240626633167267,block1:s3,gated_rule_c,mixed,1785124174.9628403,1785124174.9633646,1785124175.360968,1785124176.053395,
block1-001784,122.69404728431255,3051.485574338585,143,20.0,122.20091803465039,3050.992445088923,0.4931292496621609,block1:zero_tool,gated_rule_c,mixed,1785124175.0607328,1785124175.0612266,1785124175.1834364,1785124178.1122277,
block1-001785,424.56321069039404,1170.6337796058506,48,17.5,423.90061100013554,1169.971179915592,0.662599690258503,block1:s4,gated_rule_c,mixed,1785124175.0973299,1785124175.0979927,1785124175.521901,1785124176.2679713,
block1-001786,99.3980576749891,3523.563197697513,170,20.0,99.03982293326408,3523.204962955788,0.35823474172502756,block1:zero_tool,gated_rule_c,mixed,1785124175.1162438,1785124175.1166024,1785124175.215648,1785124178.6398132,
block1-001787,438.46079194918275,1153.609569882974,48,217.5,437.9099740181118,1153.058751951903,0.5508179310709238,block1:s4,gated_rule_c,mixed,1785124175.551126,1785124175.5516772,1785124175.9895952,1785124176.7047436,
block1-001788,462.345342268236,1088.6102452641353,48,85.0,461.8114379700273,1088.0763409659266,0.5339042982086539,block1:s4,gated_rule_c,mixed,1785124176.0809984,1785124176.0815327,1785124176.5433502,1785124177.1696153,
block1-001789,427.45084105990827,1051.8347520846874,48,550.0,426.91011005081236,1051.2940210755914,0.5407310090959072,block1:s4,gated_rule_c,mixed,1785124176.1744251,1785124176.174966,1785124176.601884,1785124177.2262676,
block1-001790,69.18614148162305,3672.8125184308738,174,10.0,67.60782294441015,3671.234199893661,1.5783185372129083,block1:zero_tool,gated_rule_c,mixed,1785124176.693911,1785124176.69549,1785124176.7631047,1785124180.366731,
block1-001791,66.50198658462614,3611.252502538264,170,412.5,64.73437405657023,3609.484890010208,1.7676125280559063,block1:zero_tool,gated_rule_c,mixed,1785124177.2759504,1785124177.2777185,1785124177.3424604,1785124180.8872108,
block1-001792,57.74504563305527,3835.240862565115,182,70.0,57.41804407443851,3834.9138610064983,0.3270015586167574,block1:zero_tool,gated_rule_c,mixed,1785124177.3457468,1785124177.3460739,1785124177.4034996,1785124181.180995,
block1-001793,110.68687296938151,3806.925053941086,174,572.5,108.75879507511854,3804.996976046823,1.9280778942629695,block1:zero_tool,gated_rule_c,mixed,1785124178.8753915,1785124178.87732,1785124178.986087,1785124182.682325,
block1-001794,457.09714654367417,1099.5168605586514,41,12.5,456.87472296413034,1099.2944369791076,0.22242357954382896,block1:s1,gated_rule_c,mixed,1785124178.9145713,1785124178.914794,1785124179.3716753,1785124180.0140948,
block1-001795,435.2132258936763,1017.6794849103317,37,107.5,434.8175829509273,1017.2838419675827,0.39564294274896383,block1:s1,gated_rule_c,mixed,1785124178.9181085,1785124178.9185045,1785124179.3533285,1785124179.9357946,
block1-001796,271.7153023695573,972.2020293120295,39,395.0,271.38135104905814,971.8680779915303,0.33395132049918175,block1:s1,gated_rule_c,mixed,1785124179.1000314,1785124179.1003656,1785124179.3717558,1785124180.0722427,
block1-001797,68.38468671776354,2293.9240677515045,106,12.5,67.14271497912705,2292.682096012868,1.2419717386364937,block1:zero_tool,gated_rule_c,mixed,1785124179.2453654,1785124179.2466078,1785124179.3137593,1785124181.539299,
block1-001798,71.10112463124096,5906.952064600773,280,172.5,70.90654002968222,5906.757479999214,0.1945846015587449,block1:zero_tool,gated_rule_c,mixed,1785124179.4005494,1785124179.4007442,1785124179.4716592,1785124185.3075104,
block1-001799,124.24833595287055,1396.7380779795349,62,47.5,123.93667397554964,1396.426416002214,0.3116619773209095,block1:s1,gated_rule_c,mixed,1785124179.603594,1785124179.6039062,1785124179.7278504,1785124181.0003402,
block1-001800,101.31731210276484,2128.749365103431,102,320.0,100.68135906476527,2128.1134120654315,0.6359530379995704,block1:zero_tool,gated_rule_c,mixed,1785124179.7295213,1785124179.7301574,1785124179.8308473,1785124181.858279,
block1-001801,277.76870934758335,879.3690534075722,40,12.5,276.9884979352355,878.5888419952244,0.7802114123478532,block1:s2,gated_rule_c,mixed,1785124179.7550707,1785124179.7558513,1785124180.032849,1785124180.6344495,
block1-001802,56.29323760513216,9856.662448612042,483,12.5,55.89364201296121,9856.26285301987,0.39959559217095375,block1:zero_tool,gated_rule_c,mixed,1785124180.2517066,1785124180.2521062,1785124180.3080058,1785124190.1083753,
block1-001803,96.354722045362,8685.64878613688,426,60.0,95.2701308997348,8684.564194991253,1.0845911456272006,block1:zero_tool,gated_rule_c,mixed,1785124180.4370122,1785124180.4380972,1785124180.5333743,1785124189.1226683,
block1-001804,50.488042179495096,2484.608533093706,119,95.0,50.28166505508125,2484.402155969292,0.20637712441384792,block1:zero_tool,gated_rule_c,mixed,1785124180.4855814,1785124180.4857879,1785124180.5360763,1785124182.9701965,
block1-001805,69.42902982700616,3090.0594277773052,146,115.0,68.85840906761587,3089.488807017915,0.5706207593902946,block1:zero_tool,gated_rule_c,mixed,1785124180.9373038,1785124180.9378748,1785124181.0067408,1785124184.0273712,
block1-001806,350.76244454830885,820.0558495009318,38,187.5,350.02830205485225,819.3217070074752,0.7341424934566021,block1:s2,gated_rule_c,mixed,1785124181.1531103,1785124181.1538448,1785124181.5038793,1785124181.9731727,
block1-001807,54.54061948694289,2917.5511854700744,139,545.0,53.77231992315501,2916.7828859062865,0.7682995637878776,block1:zero_tool,gated_rule_c,mixed,1785124181.4910917,1785124181.4918602,1785124181.5456388,1785124184.4086494,
block1-001808,59.56387449987233,3531.2377045629546,167,485.0,58.738460997119546,3530.412291060202,0.8254135027527809,block1:zero_tool,gated_rule_c,mixed,1785124181.6055365,1785124181.606362,1785124181.6651092,1785124185.1367831,
block1-001809,417.9077271837741,1104.0308012161404,48,107.5,417.23233996890485,1103.3554140012711,0.6753872148692608,block1:s3,gated_rule_c,mixed,1785124182.1990714,1785124182.199747,1785124182.6169856,1785124183.3031087,
block1-001810,68.31977504771203,3369.759589084424,161,282.5,67.68759503029287,3369.127409067005,0.6321800174191594,block1:zero_tool,gated_rule_c,mixed,1785124182.557061,1785124182.5576935,1785124182.625389,1785124185.9268289,
block1-001811,308.10105660930276,964.5303525030613,41,15.0,307.2295479942113,963.6588438879699,0.8715086150914431,block1:s3,gated_rule_c,mixed,1785124182.6032927,1785124182.6041644,1785124182.9114008,1785124183.56783,
block1-001812,402.7838467154652,1057.3617117479444,48,17.5,401.6911929938942,1056.2690580263734,1.0926537215709686,block1:s3,gated_rule_c,mixed,1785124182.7792525,1785124182.7803454,1785124183.1820438,1785124183.836622,
block1-001813,417.49991779215634,1067.1414338285103,47,412.5,416.5546129224822,1066.1961289588362,0.9453048696741462,block1:s3,gated_rule_c,mixed,1785124183.264722,1785124183.2656677,1785124183.6822295,1785124184.331871,
block1-001814,423.5100613441318,1095.1266892952845,48,17.5,422.81874909531325,1094.4353770464659,0.6913122488185763,block1:s3,gated_rule_c,mixed,1785124183.908445,1785124183.9091363,1785124184.3319626,1785124185.0035794,
block1-001815,87.93541614431888,3063.8092000735924,153,145.0,87.4445450026542,3063.3183289319277,0.4908711416646838,block1:zero_tool,gated_rule_c,mixed,1785124184.0281754,1785124184.0286667,1785124184.1161182,1785124187.0919921,
block1-001816,80.646748887375,2715.4409488430247,136,92.5,79.519196995534,2714.3133969511837,1.1275518918409944,block1:zero_tool,gated_rule_c,mixed,1785124184.0380487,1785124184.0391765,1785124184.1187038,1785124186.7534978,
block1-001817,405.1746088080108,1091.5373178431764,50,135.0,404.93137296289206,1091.2940819980577,0.24323584511876106,block1:s4,gated_rule_c,mixed,1785124184.4050124,1785124184.4052558,1785124184.8101952,1785124185.4965577,
block1-001818,414.45440729148686,1015.5725742224604,48,15.0,413.23204000946134,1014.3502069404349,1.222367282025516,block1:s4,gated_rule_c,mixed,1785124184.9113762,1785124184.9125988,1785124185.3258379,1785124185.926956,
block1-001819,406.4673724351451,1121.0912934038788,48,20.0,405.4426340153441,1120.0665549840778,1.0247384198009968,block1:s4,gated_rule_c,mixed,1785124186.7413385,1785124186.7423637,1785124187.147815,1785124187.8624387,
block1-001820,486.4225109340623,1130.4651199607179,48,10.0,485.81728897988796,1129.8598980065435,0.6052219541743398,block1:s4,gated_rule_c,mixed,1785124187.3191063,1785124187.3197117,1785124187.8055363,1785124188.4495788,
block1-001821,477.7356465347111,1082.50180457253,48,15.0,476.80399601813406,1081.570154055953,0.931650516577065,block1:s4,gated_rule_c,mixed,1785124187.6097631,1785124187.6106951,1785124188.0875065,1785124188.692273,
block1-001822,463.8500527944416,1068.2511328486726,48,52.5,463.29794998746365,1067.6990300416946,0.5521028069779277,block1:s4,gated_rule_c,mixed,1785124187.6424818,1785124187.6430342,1785124188.1063387,1785124188.7107396,
block1-001823,410.7700432650745,1017.6641333382577,49,545.0,410.46971594914794,1017.3638060223311,0.3003273159265518,block1:s4,gated_rule_c,mixed,1785124187.862233,1785124187.8625333,1785124188.2730093,1785124188.8799036,
block1-001824,56.85841920785606,3541.8936022324488,172,105.0,56.47679197136313,3541.511974995956,0.38162723649293184,block1:zero_tool,gated_rule_c,mixed,1785124188.2221103,1785124188.2224922,1785124188.2789767,1785124191.7640119,
block1-001825,382.1592648746446,850.6808278616518,37,172.5,381.11696601845324,849.6385290054604,1.042298856191337,block1:s1,gated_rule_c,mixed,1785124189.2951388,1785124189.2961812,1785124189.6773062,1785124190.1458275,
block1-001826,326.4716536505148,1011.7613906040788,43,60.0,325.82243101205677,1011.1121679656208,0.6492226384580135,block1:s1,gated_rule_c,mixed,1785124189.614317,1785124189.6149666,1785124189.940797,1785124190.626087,
block1-001827,63.673250493593514,3503.1021075556055,161,115.0,63.19728400558233,3502.6261410675943,0.47596648801118135,block1:zero_tool,gated_rule_c,mixed,1785124189.7288969,1785124189.7293732,1785124189.7925777,1785124193.2320065,
block1-001828,104.46688940282911,3112.3434132896364,140,70.0,104.05848908703774,3111.935012973845,0.4084003157913685,block1:zero_tool,gated_rule_c,mixed,1785124190.1429935,1785124190.143402,1785124190.2474675,1785124193.255344,
block1-001829,126.48324528709054,1430.9634593082592,65,60.0,126.17977999616414,1430.6599940173328,0.30346529092639685,block1:s1,gated_rule_c,mixed,1785124190.1578016,1785124190.1581054,1785124190.2842913,1785124191.5887716,
block1-001830,299.9626287491992,876.4286767691374,40,12.5,299.2887089494616,875.7547569693998,0.6739197997376323,block1:s1,gated_rule_c,mixed,1785124190.2878213,1785124190.2884953,1785124190.5877912,1785124191.1642573,
block1-001831,51.86698166653514,2532.1397037478164,114,100.0,51.54954199679196,2531.822264078073,0.3174396697431803,block1:zero_tool,gated_rule_c,mixed,1785124191.1176143,1785124191.1179318,1785124191.169488,1785124193.6497607,
block1-001832,293.97112177684903,1017.0242807362229,40,395.0,292.8533359663561,1015.9064949257299,1.1177858104929328,block1:s2,gated_rule_c,mixed,1785124191.444906,1785124191.4460242,1785124191.7388847,1785124192.461938,
block1-001833,53.746225545182824,3031.947134528309,141,15.0,52.80607705935836,3031.0069860424846,0.9401484858244658,block1:zero_tool,gated_rule_c,mixed,1785124191.57527,1785124191.5762103,1785124191.6290236,1785124194.6072242,
block1-001834,60.623056488111615,3057.4615225195885,142,12.5,60.24114589672536,3057.079611928202,0.3819105913862586,block1:zero_tool,gated_rule_c,mixed,1785124191.6841936,1785124191.6845758,1785124191.7448242,1785124194.7416625,
block1-001835,92.98159857280552,1701.3300055405125,72,95.0,92.14249707292765,1700.4909040406346,0.8391014998778701,block1:s2,gated_rule_c,mixed,1785124191.8546164,1785124191.8554556,1785124191.947606,1785124193.5559542,
block1-001836,415.90876050759107,917.6425345940515,35,545.0,415.6534909270704,917.3872650135309,0.2552695805206895,block1:s2,gated_rule_c,mixed,1785124192.118614,1785124192.1188695,1785124192.534532,1785124193.0362654,
block1-001837,476.1185578536242,1087.55025989376,44,20.0,475.32878001220524,1086.760482052341,0.7897778414189816,block1:s2,gated_rule_c,mixed,1785124192.201729,1785124192.202519,1785124192.677855,1785124193.2892864,
block1-001838,396.43589255865663,872.5678805494681,36,152.5,394.891194999218,871.0231829900295,1.5446975594386458,block1:s2,gated_rule_c,mixed,1785124192.2616038,1785124192.2631488,1785124192.6580474,1785124193.134179,
block1-001839,329.2874407488853,789.4721827469766,34,395.0,328.866612049751,789.0513540478423,0.4208286991342902,block1:s2,gated_rule_c,mixed,1785124192.4031005,1785124192.4035215,1785124192.7323952,1785124193.19258,
block1-001840,89.185209129937,3318.011809140444,162,10.0,88.84558104909956,3317.6721810596064,0.33962808083742857,block1:zero_tool,gated_rule_c,mixed,1785124192.4568808,1785124192.4572208,1785124192.5460737,1785124195.7749004,
block1-001841,283.4999138722196,758.7716758716851,33,550.0,282.8116270247847,758.0833890242502,0.688286847434938,block1:s3,gated_rule_c,mixed,1785124192.4963548,1785124192.4970434,1785124192.779862,1785124193.2551339,
block1-001842,65.54218847304583,3232.5556793948635,161,152.5,65.36133610643446,3232.374827028252,0.1808523666113615,block1:zero_tool,gated_rule_c,mixed,1785124192.675117,1785124192.675298,1785124192.7406688,1785124195.907682,
block1-001843,400.9063394041732,999.7613433515653,48,820.0,400.53629397880286,999.391297926195,0.3700454253703356,block1:s3,gated_rule_c,mixed,1785124193.2108495,1785124193.2112198,1785124193.6117632,1785124194.210618,
block1-001844,62.26041563786566,3414.2202216899022,164,412.5,60.90023403521627,3412.860040087253,1.3601816026493907,block1:zero_tool,gated_rule_c,mixed,1785124193.4367993,1785124193.43816,1785124193.4990673,1785124196.8510273,
block1-001845,58.6982840904966,3524.254843010567,165,287.5,58.08595602866262,3523.642514948733,0.6123280618339777,block1:zero_tool,gated_rule_c,mixed,1785124194.2465205,1785124194.2471333,1785124194.3052263,1785124197.770783,
block1-001846,467.65479363966733,1078.29012372531,49,350.0,466.9921169988811,1077.6274470845237,0.6626766407862306,block1:s3,gated_rule_c,mixed,1785124194.3109605,1785124194.3116233,1785124194.7786233,1785124195.3892584,
block1-001847,60.58447703253478,3877.602308988571,170,145.0,59.847349068149924,3876.8651810241863,0.7371279643848538,block1:zero_tool,gated_rule_c,mixed,1785124194.605557,1785124194.6062946,1785124194.6661499,1785124198.4831676,
block1-001848,420.2162908622995,1056.4162587979808,49,95.0,420.0712280580774,1056.2711959937587,0.14506280422210693,block1:s4,gated_rule_c,mixed,1785124194.9494445,1785124194.9495897,1785124195.369667,1785124196.0058672,
block1-001849,59.24182094167918,2634.97670693323,122,50.0,58.32572502549738,2634.0606110170484,0.9160959161818027,block1:zero_tool,gated_rule_c,mixed,1785124195.135946,1785124195.1368625,1785124195.1951957,1785124197.7709305,
block1-001850,70.86834870278835,3087.1445656521246,130,412.5,69.6985200047493,3085.9747369540855,1.1698286980390549,block1:zero_tool,gated_rule_c,mixed,1785124195.2795546,1785124195.2807245,1785124195.3504305,1785124198.3667068,
block1-001851,58.605095255188644,3110.6477612629533,131,282.5,57.85030697006732,3109.892972977832,0.7547882851213217,block1:zero_tool,gated_rule_c,mixed,1785124195.5050142,1785124195.5057693,1785124195.5636268,1785124198.6156695,
block1-001852,61.99264631140977,3930.909938411787,169,60.0,60.979164903983474,3929.896457004361,1.0134814074262977,block1:zero_tool,gated_rule_c,mixed,1785124195.886626,1785124195.8876398,1785124195.9486265,1785124199.8175437,
block1-001853,536.3021333469078,1165.493653388694,48,307.5,535.6017840094864,1164.7933040512726,0.7003493374213576,block1:s4,gated_rule_c,mixed,1785124196.0393188,1785124196.0400195,1785124196.5756285,1785124197.20482,
block1-001854,72.84154673106968,3892.2849596710876,168,550.0,71.31771300919354,3890.7611259492114,1.5238337218761444,block1:zero_tool,gated_rule_c,mixed,1785124196.1276526,1785124196.129177,1785124196.2005048,1785124200.019948,
block1-001855,499.47727913968265,1191.2926371442154,48,15.0,497.9161659721285,1189.7315239766613,1.56111316755414,block1:s4,gated_rule_c,mixed,1785124196.17428,1785124196.1758413,1785124196.6737645,1785124197.3655796,
block1-001856,421.0993974702433,1011.5889224689454,43,60.0,420.07414903491735,1010.5636740336195,1.0252484353259206,block1:s1,gated_rule_c,mixed,1785124196.2136555,1785124196.2146811,1785124196.634764,1785124197.2252533,
block1-001857,123.86381160467863,1620.0255545554683,69,70.0,123.23409400414675,1619.3958369549364,0.6297176005318761,block1:s1,gated_rule_c,mixed,1785124196.3544908,1785124196.355121,1785124196.4783645,1785124197.974526,
block1-001858,68.6395619995892,3134.602418052964,135,95.0,67.6620879676193,3133.624944020994,0.9774740319699049,block1:zero_tool,gated_rule_c,mixed,1785124196.921506,1785124196.9224834,1785124196.990154,1785124200.0561168,
block1-001859,367.6097894785926,1120.3870944445953,37,140.0,366.57526704948395,1119.3525720154867,1.0345224291086197,block1:s1,gated_rule_c,mixed,1785124197.227431,1785124197.2284656,1785124197.5950482,1785124198.3478258,
block1-001860,500.30618254095316,1154.2213065549731,39,17.5,499.04837494250387,1152.9634989565238,1.2578075984492898,block1:s1,gated_rule_c,mixed,1785124197.747867,1785124197.749125,1785124198.2481806,1785124198.9020958,
block1-001861,129.30151273030788,1648.2280737254769,65,75.0,128.47967399284244,1647.4062349880114,0.8218387374654412,block1:s1,gated_rule_c,mixed,1785124197.8448372,1785124197.845659,1785124197.9741468,1785124199.4930732,
block1-001862,544.6856975322589,1196.6652686242014,43,572.5,544.2959239007905,1196.275494992733,0.38977363146841526,block1:s1,gated_rule_c,mixed,1785124197.8601773,1785124197.8605676,1785124198.4048707,1785124199.0568502,
block1-001863,232.36176813952625,1677.1916882134974,68,117.5,232.09303698968142,1676.9229570636526,0.26873114984482527,block1:s1,gated_rule_c,mixed,1785124197.892431,1785124197.8927002,1785124198.124801,1785124199.5696306,
block1-001864,378.0060864519328,914.090333506465,34,12.5,377.79663200490177,913.8808790594339,0.20945444703102112,block1:s2,gated_rule_c,mixed,1785124198.0075085,1785124198.007718,1785124198.3855214,1785124198.9216056,
block1-001865,61.980488360859454,3505.150221288204,166,187.5,61.62834307178855,3504.7980759991333,0.35214528907090425,block1:zero_tool,gated_rule_c,mixed,1785124198.5594707,1785124198.5598228,1785124198.621459,1785124202.0646288,
block1-001866,355.9514906955883,965.896712616086,43,115.0,355.0414739875123,964.98669590801,0.9100167080760002,block1:s2,gated_rule_c,mixed,1785124198.6227791,1785124198.6236894,1785124198.9787378,1785124199.5886834,
block1-001867,137.075659702532,1502.3928117007017,69,100.0,136.01328304503113,1501.3304350432009,1.062376657500863,block1:s2,gated_rule_c,mixed,1785124198.628322,1785124198.6293845,1785124198.7654064,1785124200.1307232,
block1-001868,300.79934489913285,757.4807418277487,36,10.0,300.21144601050764,756.8928429391235,0.5878988886252046,block1:s2,gated_rule_c,mixed,1785124199.1347873,1785124199.1353755,1785124199.4355938,1785124199.892275,
block1-001869,68.27239482663572,2936.9644997641444,140,15.0,67.17945099808276,2935.8715559355915,1.0929438285529613,block1:zero_tool,gated_rule_c,mixed,1785124199.560852,1785124199.5619452,1785124199.6291313,1785124202.4978232,
block1-001870,287.7749352483079,847.0767932012677,36,105.0,286.99323907494545,846.2950970279053,0.7816961733624339,block1:s2,gated_rule_c,mixed,1785124199.9732184,1785124199.9740005,1785124200.2610002,1785124200.820302,
block1-001871,339.0779704786837,899.3290854850784,40,92.5,338.30922399647534,898.56033900287,0.7687464822083712,block1:s2,gated_rule_c,mixed,1785124200.4241257,1785124200.4248948,1785124200.7632113,1785124201.3234627,
block1-001872,459.09393776673824,1062.043982790783,48,320.0,458.4233219502494,1061.3733669742942,0.670615816488862,block1:s3,gated_rule_c,mixed,1785124200.4537148,1785124200.4543858,1785124200.912816,1785124201.515766,
block1-001873,403.51731795817614,1024.550700909458,48,485.0,402.52883604262024,1023.5622189939022,0.9884819155558944,block1:s3,gated_rule_c,mixed,1785124200.5466194,1785124200.5476081,1785124200.9501438,1785124201.571177,
block1-001874,63.54801345150918,3676.224167458713,179,107.5,61.62598298396915,3674.302136991173,1.9220304675400257,block1:zero_tool,gated_rule_c,mixed,1785124201.45231,1785124201.4542322,1785124201.515865,1785124205.1285415,
block1-001875,431.5583376446739,1075.3546305932105,48,107.5,431.1180040240288,1074.9142969725654,0.44033362064510584,block1:s3,gated_rule_c,mixed,1785124201.4974923,1785124201.497933,1785124201.9290583,1785124202.5728548,
block1-001876,418.4059356339276,1058.8418826228008,48,110.0,417.8185670170933,1058.2545140059665,0.5873686168342829,block1:s3,gated_rule_c,mixed,1785124201.551445,1785124201.5520325,1785124201.969858,1785124202.610294,
block1-001877,74.93818714283407,2503.1589440768585,128,287.5,74.69459995627403,2502.9153568902984,0.24358718656003475,block1:zero_tool,gated_rule_c,mixed,1785124201.6486304,1785124201.6488743,1785124201.7235763,1785124204.151797,
block1-001878,61.513449996709824,8522.27448602207,421,85.0,60.20275899209082,8520.963795017451,1.3106910046190023,block1:zero_tool,gated_rule_c,mixed,1785124201.9086971,1785124201.910008,1785124201.9702172,1785124210.4309783,
block1-001879,397.8003078373149,999.2256117984653,48,52.5,396.7539520235732,998.1792559847236,1.046355813741684,block1:s3,gated_rule_c,mixed,1785124202.0807981,1785124202.0818448,1785124202.4786057,1785124203.0800312,
block1-001880,70.07675513159484,4482.796159223653,209,17.5,68.16358701325953,4480.882991105318,1.9131681183353066,block1:zero_tool,gated_rule_c,mixed,1785124203.5177064,1785124203.51962,1785124203.587791,1785124208.0005105,
block1-001881,480.69901787675917,1177.6946858735755,49,107.5,480.42399098630995,1177.4196589831263,0.2750268904492259,block1:s4,gated_rule_c,mixed,1785124204.1767325,1785124204.177008,1785124204.6574388,1785124205.3544343,
block1-001882,442.00330728199333,1120.396658196114,48,20.0,440.1626019971445,1118.5559529112652,1.8407052848488092,block1:s4,gated_rule_c,mixed,1785124204.3653698,1785124204.3672109,1785124204.8073807,1785124205.485774,
block1-001883,436.32211594376713,1092.041868949309,48,307.5,435.25548093020916,1090.975233935751,1.0666350135579705,block1:s4,gated_rule_c,mixed,1785124204.5032916,1785124204.5043583,1785124204.939622,1785124205.5953417,
block1-001884,427.6909180916846,1113.4431520476937,48,135.0,426.73086607828736,1112.4831000342965,0.9600520133972168,block1:s4,gated_rule_c,mixed,1785124204.8137615,1785124204.8147218,1785124205.2414603,1785124205.9272125,
block1-001885,405.85149463731796,1136.1673106439412,48,280.0,405.5490220198408,1135.864838026464,0.3024726174771786,block1:s4,gated_rule_c,mixed,1785124205.1541696,1785124205.154472,1785124205.5600276,1785124206.2903438,
block1-001886,53.363682236522436,2741.7948972433805,128,17.5,52.63072007801384,2741.061935084872,0.7329621585085988,block1:zero_tool,gated_rule_c,mixed,1785124205.5475595,1785124205.5482926,1785124205.6009302,1785124208.2893615,
block1-001887,488.6747271521017,1090.33657819964,48,280.0,486.86557705514133,1088.5274281026796,1.8091500969603658,block1:s4,gated_rule_c,mixed,1785124205.6873167,1785124205.6891258,1785124206.1759984,1785124206.7776601,
block1-001888,387.1371792629361,951.8008182058111,43,95.0,386.3835090305656,951.0471479734406,0.7536702323704958,block1:s1,gated_rule_c,mixed,1785124205.7701068,1785124205.770861,1785124206.1572506,1785124206.7219143,
block1-001889,122.71471577696502,1447.1320357406512,69,100.0,121.329165995121,1445.7464859588072,1.38554978184402,block1:s1,gated_rule_c,mixed,1785124205.9401128,1785124205.941499,1785124206.0628347,1785124207.3872523,
block1-001890,323.6300771823153,1018.9856971846893,43,320.0,322.85646395757794,1018.212083959952,0.7736132247373462,block1:s1,gated_rule_c,mixed,1785124207.0637228,1785124207.064497,1785124207.3873606,1785124208.0827162,
block1-001891,121.65971414651722,1534.236911102198,73,85.0,120.3094000229612,1532.886596978642,1.3503141235560179,block1:s1,gated_rule_c,mixed,1785124207.5165777,1785124207.5179281,1785124207.6382442,1785124209.0508213,
block1-001892,114.9370321072638,2926.7056471435353,145,15.0,114.2289750277996,2925.997590064071,0.7080570794641972,block1:zero_tool,gated_rule_c,mixed,1785124207.5232139,1785124207.5239222,1785124207.6381578,1785124210.4499264,
block1-001893,319.34371090028435,776.434950879775,34,70.0,318.33349203225225,775.4247320117429,1.0102188680320978,block1:s1,gated_rule_c,mixed,1785124207.5876515,1785124207.588662,1785124207.907002,1785124208.3640935,
block1-001894,130.6248529581353,3904.144629952498,195,20.0,130.3635110380128,3903.8832880323753,0.26134192012250423,block1:zero_tool,gated_rule_c,mixed,1785124207.606206,1785124207.6064672,1785124207.7368379,1785124211.5103579,
block1-001895,66.3773468695581,8520.49374289345,423,20.0,65.98853704053909,8520.104933064431,0.38880982901901007,block1:zero_tool,gated_rule_c,mixed,1785124207.9397829,1785124207.9401717,1785124208.0061662,1785124216.4602828,
block1-001896,404.46772263385355,992.6560876192525,44,10.0,404.000545036979,992.188910022378,0.4671775968745351,block1:s2,gated_rule_c,mixed,1785124210.2199678,1785124210.2204351,1785124210.624444,1785124211.2126324,
block1-001897,345.77093238476664,913.3004483301193,42,15.0,345.40641808416694,912.9359340295196,0.36451430059969425,block1:s2,gated_rule_c,mixed,1785124210.4487011,1785124210.449066,1785124210.7944818,1785124211.3620112,
block1-001898,56.70172336976975,8214.582306449302,400,485.0,56.2233169330284,8214.10390001256,0.4784064367413521,block1:zero_tool,gated_rule_c,mixed,1785124210.5737967,1785124210.5742753,1785124210.6305077,1785124218.7883883,
block1-001899,328.7655581953004,889.560082112439,43,350.0,327.75414700154215,888.5486709186807,1.0114111937582493,block1:s2,gated_rule_c,mixed,1785124210.6766841,1785124210.6776958,1785124211.0054564,1785124211.5662508,
block1-001900,61.06597790494561,2803.1439828919247,134,92.5,60.721999034285545,2802.8000040212646,0.3439788706600666,block1:zero_tool,gated_rule_c,mixed,1785124210.9067435,1785124210.9070878,1785124210.9678206,1785124213.7098985,
block1-001901,438.79643408581614,1084.1150740161538,49,15.0,438.1617810577154,1083.480420988053,0.634653028100729,block1:s2,gated_rule_c,mixed,1785124211.5512085,1785124211.5518434,1785124211.9900112,1785124212.6353297,
block1-001902,345.79146443866193,803.5782495280728,36,10.0,343.7462759902701,801.5330610796809,2.0451884483918548,block1:s2,gated_rule_c,mixed,1785124211.9640753,1785124211.966121,1785124212.3098745,1785124212.7676613,
block1-001903,97.87678869906813,2082.1233136812225,98,75.0,96.74062696285546,2080.98715194501,1.1361617362126708,block1:zero_tool,gated_rule_c,mixed,1785124211.9879315,1785124211.989068,1785124212.0858157,1785124214.0700622,
block1-001904,250.4754801047966,708.1383651820943,32,92.5,249.68845990952104,707.3513449868187,0.7870201952755451,block1:s3,gated_rule_c,mixed,1785124212.0592203,1785124212.0600076,1785124212.3097026,1785124212.767366,
block1-001905,70.63590979669243,2680.3042638348415,128,107.5,69.32644406333566,2678.994798101485,1.3094657333567739,block1:zero_tool,gated_rule_c,mixed,1785124212.5077329,1785124212.5090427,1785124212.578377,1785124215.1880453,
block1-001906,477.45016124099493,1087.0187262771651,48,17.5,476.83093999512494,1086.3995050312951,0.6192212458699942,block1:s3,gated_rule_c,mixed,1785124213.0402453,1785124213.0408647,1785124213.5177026,1785124214.1272714,
block1-001907,290.37917987443507,938.5166119318455,41,152.5,289.7499619284645,937.887393985875,0.6292179459705949,block1:s3,gated_rule_c,mixed,1785124213.074753,1785124213.0753827,1785124213.3651392,1785124214.0132766,
block1-001908,135.64041396602988,3092.548741027713,150,282.5,134.88558598328382,3091.7939130449668,0.7548279827460647,block1:zero_tool,gated_rule_c,mixed,1785124213.078758,1785124213.079513,1785124213.2144048,1785124216.171313,
block1-001909,416.5040773805231,1072.387590422295,48,132.5,416.31533100735396,1072.198844049126,0.18874637316912413,block1:s3,gated_rule_c,mixed,1785124213.3877394,1785124213.3879285,1785124213.8042514,1785124214.460135,
block1-001910,67.64383777044713,3457.5320867588744,165,160.0,67.30015308130533,3457.1884020697325,0.34368468914180994,block1:zero_tool,gated_rule_c,mixed,1785124214.1175344,1785124214.1178782,1785124214.185186,1785124217.575074,
block1-001911,55.41253858245909,2977.8006135020405,141,485.0,54.29158499464393,2976.6796599142253,1.1209535878151655,block1:zero_tool,gated_rule_c,mixed,1785124214.1942246,1785124214.1953459,1785124214.2496445,1785124217.1720326,
block1-001912,421.15947662387043,1072.4742596503347,48,15.0,420.58706493116915,1071.9018479576334,0.5724116927012801,block1:s4,gated_rule_c,mixed,1785124214.211533,1785124214.2121058,1785124214.6326995,1785124215.284014,
block1-001913,63.00795415882021,3067.0270092086866,147,15.0,62.5402620062232,3066.5593170560896,0.46769215259701014,block1:zero_tool,gated_rule_c,mixed,1785124214.3368216,1785124214.3372896,1785124214.399841,1785124217.4038603,
block1-001914,418.9252951182425,1033.4416450932622,48,10.0,418.71460305992514,1033.2309530349448,0.21069205831736326,block1:s4,gated_rule_c,mixed,1785124214.591965,1785124214.592176,1785124215.0108984,1785124215.6254148,
block1-001915,54.55186159815639,2592.2830626368523,125,12.5,53.5130089847371,2591.244210023433,1.0388526134192944,block1:zero_tool,gated_rule_c,mixed,1785124215.0946872,1785124215.0957263,1785124215.149246,1785124217.6869774,
block1-001916,486.7432083701715,1168.9096053596586,48,485.0,486.0726490151137,1168.2390460046008,0.670559355057776,block1:s4,gated_rule_c,mixed,1785124216.2736013,1785124216.2742722,1785124216.7603514,1785124217.4425178,
block1-001917,86.02546632755548,4508.853943319991,211,20.0,85.7396509964019,4508.568127988838,0.2858153311535716,block1:zero_tool,gated_rule_c,mixed,1785124216.289681,1785124216.2899668,1785124216.375712,1785124220.7985404,
block1-001918,446.51531998533756,1126.0277370456606,48,10.0,446.24340697191656,1125.7558240322396,0.27191301342099905,block1:s4,gated_rule_c,mixed,1785124216.4301703,1785124216.4304426,1785124216.8766932,1785124217.5562055,
block1-001919,429.79699466377497,1106.710641644895,48,187.5,427.9175690608099,1104.83121604193,1.879425602965057,block1:s4,gated_rule_c,mixed,1785124216.487098,1785124216.4889777,1785124216.9169016,1785124217.5938153,
block1-001920,125.6255975458771,2444.4842896191403,117,12.5,125.44497393537313,2444.3036660086364,0.18062361050397158,block1:zero_tool,gated_rule_c,mixed,1785124216.9096518,1785124216.9098327,1785124217.0352867,1785124219.3541453,
block1-001921,118.60345012973994,1270.8751211175695,58,17.5,118.48690209444612,1270.7585730822757,0.11654803529381752,block1:s1,gated_rule_c,mixed,1785124216.9168193,1785124216.916936,1785124217.0354288,1785124218.1877005,
block1-001922,98.42330566607416,4326.771689695306,209,115.0,97.49026503413916,4325.838649063371,0.9330406319350004,block1:zero_tool,gated_rule_c,mixed,1785124217.690308,1785124217.6912415,1785124217.7887385,1785124222.017087,
block1-001923,322.85795034840703,773.280113353394,36,152.5,320.9321229951456,771.3542860001326,1.9258273532614112,block1:s1,gated_rule_c,mixed,1785124217.713113,1785124217.7150393,1785124218.03598,1785124218.4864023,
block1-001924,53.529614699073136,3536.439232644625,173,485.0,53.17408009432256,3536.0836980398744,0.35553460475057364,block1:zero_tool,gated_rule_c,mixed,1785124217.8699036,1785124217.8702595,1785124217.9234414,1785124221.406351,
block1-001925,58.90597065445036,2770.675568608567,132,117.5,58.29936999361962,2770.0689679477364,0.6066006608307362,block1:zero_tool,gated_rule_c,mixed,1785124218.4862204,1785124218.486827,1785124218.545132,1785124221.2569017,
block1-001926,129.4238792033866,1415.033114142716,66,15.0,129.23861003946513,1414.8478449787945,0.1852691639214754,block1:s1,gated_rule_c,mixed,1785124218.868442,1785124218.8686275,1785124218.9978719,1785124220.2834811,
block1-001927,120.2386572258547,1506.653887219727,68,395.0,119.03640103992075,1505.451631033793,1.2022561859339476,block1:s1,gated_rule_c,mixed,1785124219.519805,1785124219.5210073,1785124219.6400502,1785124221.0264652,
block1-001928,66.38214259874076,2888.4641896001995,135,12.5,65.20265305880457,2887.2847000602633,1.1794895399361849,block1:zero_tool,gated_rule_c,mixed,1785124219.764843,1785124219.7660227,1785124219.8312325,1785124222.6533144,
block1-001929,395.20084648393095,967.1947654569522,42,135.0,394.66186705976725,966.6557860327885,0.5389794241636992,block1:s2,gated_rule_c,mixed,1785124220.383682,1785124220.384221,1785124220.7788894,1785124221.3508832,
block1-001930,413.821947411634,984.922940377146,43,17.5,413.48382201977074,984.5848149852827,0.3381253918632865,block1:s2,gated_rule_c,mixed,1785124220.3845181,1785124220.3848565,1785124220.7983449,1785124221.3694458,
block1-001931,98.4310059575364,1635.3236109716818,74,75.0,98.16480404697359,1635.057409061119,0.2662019105628133,block1:s2,gated_rule_c,mixed,1785124220.6416821,1785124220.641949,1785124220.7401218,1785124222.2770145,
block1-001932,56.90774857066572,2448.7560975831,119,160.0,56.5815269947052,2448.4298760071397,0.32622157596051693,block1:zero_tool,gated_rule_c,mixed,1785124221.0861714,1785124221.086498,1785124221.1430864,1785124223.5349348,
block1-001933,470.6000556470826,1054.9195986241102,44,412.5,469.82618304900825,1054.1457260260358,0.7738725980743766,block1:s2,gated_rule_c,mixed,1785124221.8247535,1785124221.825528,1785124222.2953615,1785124222.8796813,
block1-001934,89.35945283155888,1366.791313746944,64,15.0,89.20218900311738,1366.6340499185026,0.15726382844150066,block1:s2,gated_rule_c,mixed,1785124222.0201113,1785124222.020269,1785124222.1094773,1785124223.3869095,
block1-001935,285.44800844974816,756.6385274985805,31,15.0,284.56700092647225,755.7575199753046,0.8810075232759118,block1:s2,gated_rule_c,mixed,1785124222.0291338,1785124222.0300152,1785124222.3145895,1785124222.78578,
block1-001936,440.083748777397,1059.0106267482042,48,350.0,437.97867896500975,1056.905556935817,2.105069812387228,block1:s3,gated_rule_c,mixed,1785124222.0826666,1785124222.0847719,1785124222.5227573,1785124223.1416843,
block1-001937,115.65886531025171,2666.7844182811677,134,17.5,115.01661699730903,2666.142169968225,0.6422483129426837,block1:zero_tool,gated_rule_c,mixed,1785124222.1231217,1785124222.123764,1785124222.2387872,1785124224.7899125,
block1-001938,84.38230294268578,3768.9521280117333,184,22.5,83.53109192103148,3768.100916990079,0.8512110216543078,block1:zero_tool,gated_rule_c,mixed,1785124222.6035748,1785124222.6044261,1785124222.6879642,1785124226.3725343,
block1-001939,63.16745013464242,9393.978006090038,453,145.0,62.18328606337309,9392.993842018768,0.9841640712693334,block1:zero_tool,gated_rule_c,mixed,1785124222.6273339,1785124222.6283183,1785124222.6905081,1785124232.0213187,
block1-001940,60.60944206546992,3367.932871100493,161,287.5,59.098216937854886,3366.4216459728777,1.5112251276150346,block1:zero_tool,gated_rule_c,mixed,1785124223.1392725,1785124223.1407845,1785124223.1998928,1785124226.5072162,
block1-001941,56.273353402502835,3047.247029375285,139,60.0,55.60887197498232,3046.5825479477644,0.6644814275205135,block1:zero_tool,gated_rule_c,mixed,1785124223.9320095,1785124223.9326744,1785124223.9882903,1785124226.9792643,
block1-001942,455.0941586494446,906.119939754717,43,60.0,453.5904099466279,904.6161910519004,1.5037487028166652,block1:s3,gated_rule_c,mixed,1785124224.2968118,1785124224.2983158,1785124224.7519138,1785124225.2029397,
block1-001943,63.760867808014154,3429.612399893813,154,350.0,63.029072945937514,3428.880605031736,0.7317948620766401,block1:zero_tool,gated_rule_c,mixed,1785124225.0267134,1785124225.0274453,1785124225.0904803,1785124228.456332,
block1-001944,604.7997388523072,1349.6591718867421,48,25.0,604.3482619570568,1349.2076949914917,0.45147689525038004,block1:s4,gated_rule_c,mixed,1785124225.7072263,1785124225.7076783,1785124226.3120337,1785124227.0568926,
block1-001945,601.3020087266341,1306.9527257466689,48,135.0,601.0835958877578,1306.7343129077926,0.2184128388762474,block1:s4,gated_rule_c,mixed,1785124225.8874085,1785124225.8876274,1785124226.4887202,1785124227.1943707,
block1-001946,612.818117835559,1319.1879228688776,48,357.5,611.7980629205704,1318.167867953889,1.0200549149885774,block1:s4,gated_rule_c,mixed,1785124225.8945215,1785124225.8955414,1785124226.507345,1785124227.2137146,
block1-001947,602.4176665814593,1308.7078615790233,48,25.0,601.2023949297145,1307.4925899272785,1.2152716517448425,block1:s4,gated_rule_c,mixed,1785124225.904878,1785124225.9060936,1785124226.507303,1785124227.2135932,
block1-001948,591.352618066594,1300.7360900519416,49,10.0,590.3614980634302,1299.7449700487778,0.9911200031638145,block1:s4,gated_rule_c,mixed,1785124225.9524183,1785124225.9534094,1785124226.5437787,1785124227.253162,
block1-001949,586.1295512877405,1267.3077852232382,48,95.0,585.6189159676433,1266.797149903141,0.510635320097208,block1:s4,gated_rule_c,mixed,1785124225.985979,1785124225.98649,1785124226.5721164,1785124227.2532947,
block1-001950,64.17947937734425,2769.5385353872553,128,47.5,63.774770009331405,2769.1338260192424,0.4047093680128455,block1:zero_tool,gated_rule_c,mixed,1785124226.208554,1785124226.2089589,1785124226.2727408,1785124228.9781,
block1-001951,441.511349985376,1159.3797800596803,48,15.0,441.1592729156837,1159.027702989988,0.35207706969231367,block1:s4,gated_rule_c,mixed,1785124226.3511713,1785124226.3515234,1785124226.7926886,1785124227.5105572,
block1-001952,331.3678663689643,1011.4902444183826,43,20.0,330.4080560337752,1010.5304340831935,0.9598103351891041,block1:s1,gated_rule_c,mixed,1785124226.4807444,1785124226.4817045,1785124226.8121197,1785124227.4922419,
block1-001953,80.00740746501833,3523.218084475957,165,15.0,79.48207901790738,3522.692756028846,0.525328447110951,block1:zero_tool,gated_rule_c,mixed,1785124226.5349963,1785124226.5355217,1785124226.6150107,1785124230.058222,
block1-001954,322.33854418154806,827.2753792116418,36,10.0,321.678809938021,826.6156449681148,0.6597342435270548,block1:s1,gated_rule_c,mixed,1785124226.872248,1785124226.872908,1785124227.1945944,1785124227.6995313,
block1-001955,57.624494074843824,2987.031864002347,140,17.5,56.487309047952294,2985.8946789754555,1.1371850268915296,block1:zero_tool,gated_rule_c,mixed,1785124227.235245,1785124227.2363825,1785124227.2928777,1785124230.2222848,
block1-001956,319.0821760799736,771.9459050567821,36,85.0,318.46469396259636,771.3284229394048,0.6174821173772216,block1:s1,gated_rule_c,mixed,1785124227.3801556,1785124227.380773,1785124227.6992452,1785124228.152109,
block1-001957,65.78545994125307,5756.048265029676,274,140.0,65.26040495373309,5755.523210042156,0.5250549875199795,block1:zero_tool,gated_rule_c,mixed,1785124228.0864522,1785124228.0869775,1785124228.1522446,1785124233.8425076,
block1-001958,263.28783214557916,880.6465391535312,39,297.5,263.0657610716298,880.4244680795819,0.222071073949337,block1:s1,gated_rule_c,mixed,1785124228.2487574,1785124228.2489798,1785124228.5120523,1785124229.1294107,
block1-001959,52.71984881255776,3000.5708107491955,145,15.0,52.23703500814736,3000.087996944785,0.482813804410398,block1:zero_tool,gated_rule_c,mixed,1785124228.5007777,1785124228.5012608,1785124228.553504,1785124231.501355,
block1-001960,281.8922766018659,874.0940036950633,37,320.0,281.625619973056,873.8273470662534,0.2666566288098693,block1:s2,gated_rule_c,mixed,1785124228.7901328,1785124228.7903996,1785124229.0720325,1785124229.6642342,
block1-001961,269.48880264535546,906.1806766549125,40,572.5,268.7361700227484,905.4280440323055,0.7526326226070523,block1:s2,gated_rule_c,mixed,1785124229.1329098,1785124229.1336627,1785124229.402406,1785124230.0390978,
block1-001962,298.00215212162584,817.8107931744307,36,820.0,297.18873905949295,816.9973801122978,0.813413062132895,block1:s2,gated_rule_c,mixed,1785124229.5355134,1785124229.5363271,1785124229.8335235,1785124230.3533323,
block1-001963,94.91335554048419,1539.737518527545,74,282.5,94.2181620048359,1539.0423249918967,0.6951935356482863,block1:s2,gated_rule_c,mixed,1785124229.8867252,1785124229.8874207,1785124229.9816449,1785124231.4264688,
block1-001964,299.1835449356586,746.350159868598,36,95.0,298.59315406065434,745.7597689935938,0.5903908750042319,block1:s2,gated_rule_c,mixed,1785124230.1279926,1785124230.1285834,1785124230.427184,1785124230.8743505,
block1-001965,353.48629707004875,984.0962880989537,44,395.0,353.33368193823844,983.9436729671434,0.1526151318103075,block1:s2,gated_rule_c,mixed,1785124230.9419382,1785124230.942091,1785124231.2954316,1785124231.9260416,
block1-001966,94.23235815484077,1446.120020118542,67,132.5,93.17670704331249,1445.0643690070137,1.0556511115282774,block1:s2,gated_rule_c,mixed,1785124231.5165255,1785124231.5175815,1785124231.6107666,1785124232.9626544,
block1-001967,215.13402089476585,852.3394378134981,37,10.0,213.10716902371496,850.3125859424472,2.0268518710508943,block1:s2,gated_rule_c,mixed,1785124231.5984008,1785124231.600428,1785124231.8135424,1785124232.450748,
block1-001968,432.07685044035316,1071.7060894239694,48,12.5,431.1321600107476,1070.7613989943638,0.9446904296055436,block1:s3,gated_rule_c,mixed,1785124231.9993868,1785124232.0003319,1785124232.4314704,1785124233.0710998,
block1-001969,387.6019917661324,1101.8406808143482,48,85.0,387.18151196371764,1101.4202010119334,0.4204798024147749,block1:s3,gated_rule_c,mixed,1785124232.2886202,1785124232.2890408,1785124232.6762302,1785124233.3904688,
block1-001970,437.9054749151692,946.0546168265864,41,287.5,436.4314710255712,944.5806129369885,1.4740038895979524,block1:s3,gated_rule_c,mixed,1785124232.91484,1785124232.9163144,1785124233.3527527,1785124233.8609016,
block1-001971,320.47747320029885,958.4362602327019,41,20.0,319.65908594429493,957.617872976698,0.8183872560039163,block1:s3,gated_rule_c,mixed,1785124233.1072378,1785124233.1080563,1785124233.4277213,1785124234.06568,
block1-001972,357.63851122464985,958.2211741944775,41,135.0,356.93476104643196,957.5174240162596,0.7037501782178879,block1:s3,gated_rule_c,mixed,1785124233.1077929,1785124233.108497,1785124233.4654365,1785124234.066019,
block1-001973,389.0399815281853,1019.1507105482742,46,50.0,388.31443001981825,1018.4251590399072,0.7255515083670616,block1:s3,gated_rule_c,mixed,1785124233.850101,1785124233.8508267,1785124234.2391484,1785124234.8692594,
block1-001974,489.44209062028676,1111.9914907030761,49,160.0,488.9742189552635,1111.5236190380529,0.46787166502326727,block1:s3,gated_rule_c,mixed,1785124234.284855,1785124234.2853234,1785124234.774304,1785124235.3968534,
block1-001975,394.336843281053,1171.5106742922217,49,350.0,393.42472003772855,1170.5985510488972,0.9121232433244586,block1:s3,gated_rule_c,mixed,1785124234.5494306,1785124234.5503428,1785124234.943775,1785124235.7209487,
block1-001976,80.84294467698783,4316.220217733644,195,60.0,80.62504697591066,4316.002320032567,0.21789770107716322,block1:zero_tool,gated_rule_c,mixed,1785124234.5548098,1785124234.555028,1785124234.63566,1785124238.8710372,
block1-001977,49.81421690899879,4151.312584872358,188,135.0,49.4832779513672,4150.981645914726,0.330938957631588,block1:zero_tool,gated_rule_c,mixed,1785124235.028707,1785124235.0290384,1785124235.0785291,1785124239.1800277,
block1-001978,514.2010715790093,1120.7116164732724,48,60.0,513.0871071014553,1119.5976519957185,1.1139644775539637,block1:s4,gated_rule_c,mixed,1785124235.1112144,1785124235.1123288,1785124235.625423,1785124236.2319334,
block1-001979,54.48950547724962,2843.5139624634758,126,545.0,54.2608390096575,2843.2852959958836,0.22866646759212017,block1:zero_tool,gated_rule_c,mixed,1785124235.3484132,1785124235.348642,1785124235.4029102,1785124238.1919348,
block1-001980,478.4575045341626,1120.9963695146143,48,10.0,477.63492399826646,1120.1737889787182,0.8225805358961225,block1:s4,gated_rule_c,mixed,1785124235.3745365,1785124235.3753595,1785124235.8530004,1785124236.4955392,
block1-001981,465.33535001799464,1107.5166169321164,48,47.5,465.15113301575184,1107.3323999298736,0.18421700224280357,block1:s4,gated_rule_c,mixed,1785124235.425431,1785124235.4256155,1785124235.8907769,1785124236.5329583,
block1-001982,437.63958115596324,1079.3520401930436,48,10.0,436.4512140164152,1078.1636730534956,1.1883671395480633,block1:s4,gated_rule_c,mixed,1785124235.4721212,1785124235.47331,1785124235.9097698,1785124236.5514822,
block1-001983,396.7633129796013,1201.3149509439245,48,107.5,396.42959099728614,1200.9812289616093,0.3337219823151827,block1:s4,gated_rule_c,mixed,1785124236.285717,1785124236.286051,1785124236.6824882,1785124237.4870403,
block1-001984,483.3825872046873,1102.403287193738,43,17.5,482.67885704990476,1101.6995570389554,0.7037301547825336,block1:s1,gated_rule_c,mixed,1785124236.8453867,1785124236.8460908,1785124237.3287785,1785124237.9477994,
block1-001985,144.7216026717797,1596.4371346635744,65,115.0,144.05913092195988,1595.7746629137546,0.6624717498198152,block1:s1,gated_rule_c,mixed,1785124236.852159,1785124236.8528218,1785124236.9968874,1785124238.4486032,
block1-001986,406.85135137755424,995.5362393520772,40,92.5,405.6323260301724,994.3172140046954,1.2190253473818302,block1:s1,gated_rule_c,mixed,1785124236.8839214,1785124236.8851407,1785124237.29078,1785124237.8794649,
block1-001987,115.81752134952694,1617.6554693374783,71,307.5,115.3221430722624,1617.1600910602137,0.4953782772645354,block1:s1,gated_rule_c,mixed,1785124237.0799646,1785124237.0804603,1785124237.19579,1785124238.697628,
block1-001988,63.64207237493247,9642.370845424011,166,170.0,63.46774403937161,9642.19651708845,0.17432833556085825,block1:zero_tool,gated_rule_c,mixed,1785124237.3458588,1785124237.3460336,1785124237.409509,1785124246.9882379,
block1-001989,69.19475411996245,34485.40842917282,414,107.5,69.06497199088335,34485.27864704374,0.12978212907910347,block1:zero_tool,gated_rule_c,mixed,1785124237.4971368,1785124237.4972668,1785124237.5663378,1785124271.9825518,
block1-001990,58.65565699059516,18134.326601983048,194,412.5,58.272624970413744,18133.943569962867,0.38303202018141747,block1:zero_tool,gated_rule_c,mixed,1785124237.5690665,1785124237.5694497,1785124237.6277285,1785124255.7033994,
block1-001991,117.61942284647375,1571.8081998638809,68,15.0,116.74790701363236,1570.9366840310395,0.8715158328413963,block1:s1,gated_rule_c,mixed,1785124237.881776,1785124237.882648,1785124237.9994018,1785124239.4535906,
block1-001992,322.1122066024691,844.5755636785179,37,155.0,320.0977490050718,842.5611060811207,2.014457597397268,block1:s2,gated_rule_c,mixed,1785124238.336111,1785124238.3381257,1785124238.6582313,1785124239.1806948,
block1-001993,94.37335038091987,35017.30306237005,437,357.5,93.52033701725304,35016.45004900638,0.8530133636668324,block1:zero_tool,gated_rule_c,mixed,1785124238.375482,1785124238.3763354,1785124238.4698622,1785124273.392792,
block1-001994,93.60992186702788,2173.357120831497,64,15.0,92.98475994728506,2172.731958911754,0.6251619197428226,block1:s2,gated_rule_c,mixed,1785124238.468192,1785124238.4688177,1785124238.5618088,1785124240.6415563,
block1-001995,65.31106249894947,18952.030634507537,136,820.0,64.85244899522513,18951.572021003813,0.4586135037243366,block1:zero_tool,gated_rule_c,mixed,1785124239.0179484,1785124239.018407,1785124239.083267,1785124257.9699867,
block1-001996,400.672655669041,2425.041375681758,35,17.5,400.27021104469895,2424.638931057416,0.4024446243420243,block1:s2,gated_rule_c,mixed,1785124239.1976104,1785124239.198013,1785124239.5982895,1785124241.6226583,
block1-001997,428.19188570138067,2560.488189687021,41,172.5,427.1614559693262,2559.4577599549666,1.030429732054472,block1:s2,gated_rule_c,mixed,1785124239.2047596,1785124239.2057903,1785124239.632958,1785124241.7652543,
block1-001998,98.84507884271443,7109.197382815182,67,177.5,98.36263896431774,7108.7149429367855,0.4824398783966899,block1:s2,gated_rule_c,mixed,1785124239.4446423,1785124239.445125,1785124239.5434966,1785124246.553849,
block1-001999,257.6032078359276,2285.0258168764412,31,47.5,256.87771500088274,2284.3003240413964,0.7254928350448608,block1:s2,gated_rule_c,mixed,1785124239.460139,1785124239.460865,1785124239.7177496,1785124241.7451727,
7eba32c5ed309a549e16cb8f1794ba3a,100.66346323583275,29066.62908324506,185,10.0,99.70668400637805,29065.672304015607,0.9567792294546962,block1:trace,gated_rule_c,mixed,1785124239.5386102,1785124239.5395675,1785124239.639282,1785124268.6052475,
5adf433bc2e4195bd7ef382c6c889b95,1877.4637184105814,2286.6829474223778,28,60.0,1876.4364930102602,2285.6557220220566,1.0272254003211856,block1:trace,gated_rule_c,mixed,1785124239.7039504,1785124239.704978,1785124241.5814216,1785124241.9906406,
758ea06009c678a342085d29a206c7ce,463.80835643503815,2044.805143494159,28,10.0,463.24229799211025,2044.239085051231,0.566058442927897,block1:trace,gated_rule_c,mixed,1785124239.9465003,1785124239.9470668,1785124240.4103181,1785124241.9913146,
92b8951b88159b4f1b1e4116b3f8e80c,1359.4319267431274,1776.6147647053003,26,50.0,1358.3145280135795,1775.4973659757525,1.1173987295478582,block1:trace,gated_rule_c,mixed,1785124240.2828324,1785124240.28395,1785124241.6422732,1785124242.0594566,
46416569378bfce2f330ee1b996f15f6,1018.9454649807885,8642.444991972297,56,545.0,1018.5555719071999,8642.055098898709,0.3898930735886097,block1:trace,gated_rule_c,mixed,1785124240.5627236,1785124240.5631137,1785124241.581678,1785124249.2051775,
c000d3ac5878c891e5776a9ee748b819,201.1055729817599,31929.263983038254,362,10.0,200.74763393495232,31928.906043991446,0.35793904680758715,block1:trace,gated_rule_c,mixed,1785124241.4217741,1785124241.4221325,1785124241.6228893,1785124273.3510478,
836c44364150391728a9bb76d84b11f9,2023.1342210900038,6639.8069930728525,28,92.5,2022.1604449907318,6638.83321697358,0.9737760992720723,block1:trace,gated_rule_c,mixed,1785124241.8994884,1785124241.9004626,1785124243.922631,1785124248.539304,
61ab27469179a8d20d10b4ab2963209b,479.56928447820246,28335.03544155974,212,17.5,478.84324099868536,28334.309398080222,0.7260434795171022,block1:trace,gated_rule_c,mixed,1785124242.1292593,1785124242.1299858,1785124242.6088374,1785124270.4643033,
913f72b4333690403d9a30abd93949d1,944.190960843116,13150.520558934659,56,105.0,943.3888589264825,13149.718457018025,0.8021019166335464,block1:trace,gated_rule_c,mixed,1785124242.3192933,1785124242.320096,1785124243.2634933,1785124255.4698226,
d8f93f06b93fdff3fff5e575a870b601,830.0492097623646,33831.44946175162,479,15.0,829.281518002972,33830.681769992225,0.7676917593926191,block1:trace,gated_rule_c,mixed,1785124242.4335735,1785124242.4343417,1785124243.2636325,1785124276.265033,
1bd17147da3b449a267511e3a004382d,1409.2052017804235,9586.43305778969,38,117.5,1408.2770550157875,9585.504911025055,0.9281467646360397,block1:trace,gated_rule_c,mixed,1785124242.5133107,1785124242.5142393,1785124243.9225237,1785124252.0997515,
13bb600e64d52b8b04f167d8df85507c,20380.155959166586,24458.69940612465,26,572.5,20379.600357962772,24458.143804920837,0.5556012038141489,block1:trace,gated_rule_c,mixed,1785124242.790515,1785124242.791071,1785124263.1706796,1785124267.249223,
38ce90a921739308e8dcb305e874b076,1310.7067198725417,18990.514439879917,80,550.0,1310.494164004922,18990.301884012297,0.2125558676198125,block1:trace,gated_rule_c,mixed,1785124242.826535,1785124242.826748,1785124244.1372488,1785124261.8170567,
2e43416311c97a10ecafb221a80e4947,24346.013060887344,32958.79976591095,358,307.5,24344.94504192844,32957.73174695205,1.0680189589038491,block1:trace,gated_rule_c,mixed,1785124242.9034374,1785124242.904506,1785124267.2494595,1785124275.8622465,
59457a3b339fbd612c7a15e28fddc630,1268.9973133383319,18975.2116673626,80,320.0,1268.0008100578561,18974.215164082125,0.9965032804757357,block1:trace,gated_rule_c,mixed,1785124243.2958007,1785124243.2967975,1785124244.5648062,1785124262.2710207,
fdbb1fab71ec2f219480410082aaa700,20230.672218138352,25681.088966084644,71,485.0,20230.37046007812,25680.787208024412,0.30175806023180485,block1:trace,gated_rule_c,mixed,1785124243.6212323,1785124243.621534,1785124263.8519125,1785124269.302329,
a84addf55839616eda694c16b68310a0,1254.6908635413274,14893.162335618399,62,95.0,1253.668196965009,14892.13966904208,1.0226665763184428,block1:trace,gated_rule_c,mixed,1785124243.7555943,1785124243.7566183,1785124245.0102997,1785124258.648771,
eb9453e7437651807ba8f12d7460448f,1829.2744430946186,11410.248393076472,44,135.0,1828.2109340652823,11409.184884047136,1.0635090293362737,block1:trace,gated_rule_c,mixed,1785124243.8347375,1785124243.8358014,1785124245.6640193,1785124255.2449932,
4d602a5b8bd629a2c0cdcef59e069d2a,11316.49544951506,23976.0094655212,58,350.0,11315.775225055404,23975.289241061546,0.7202244596555829,block1:trace,gated_rule_c,mixed,1785124243.9283023,1785124243.929023,1785124255.2448068,1785124267.9043207,
f7c225c0c39616faa35f312e2351832a,1648.7006493844092,19382.35435646493,80,297.5,1648.138569900766,19381.792276981287,0.5620794836431742,block1:trace,gated_rule_c,mixed,1785124244.2364013,1785124244.2369637,1785124245.8851123,1785124263.6187658,
0cca76cc3ca0d6e890c548195f267bcc,17510.845416225493,24120.143665233627,55,177.5,17510.319115943275,24119.61736495141,0.5263002822175622,block1:trace,gated_rule_c,mixed,1785124244.5388684,1785124244.539395,1785124262.0497224,1785124268.659021,
399e9384a77d048276bcab8ed40d2a06,20926.075977738947,26508.07578477543,150,20.0,20925.212698988616,26507.2125060251,0.8632787503302097,block1:trace,gated_rule_c,mixed,1785124244.9501402,1785124244.9510043,1785124265.876226,1785124271.458226,
a1fc6050cd23d5b5a2aa0b1903664f7b,2983.6846366524696,19413.37996069342,81,105.0,2982.6483340002596,19412.34365804121,1.0363026522099972,block1:trace,gated_rule_c,mixed,1785124245.1151736,1785124245.1162102,1785124248.0988674,1785124264.5285625,
167904016dc8a8c52b5e5270d0c8c00e,20534.538415726274,24673.534590634517,90,17.5,20534.163885051385,24673.160059959628,0.3745306748896837,block1:trace,gated_rule_c,mixed,1785124245.34099,1785124245.341365,1785124265.8755367,1785124270.014533,
4c2b04c011712e2cf8c052bce94537ec,9435.173833742738,19170.572216738947,44,145.0,9434.474398964085,19169.872781960294,0.6994347786530852,block1:trace,gated_rule_c,mixed,1785124245.357574,1785124245.3582737,1785124254.7927568,1785124264.528155,
9610b9cdee775a760c04f530fce99362,18917.392114177346,23452.416836167686,59,280.0,18916.714136954397,23451.738858944736,0.6779772229492664,block1:trace,gated_rule_c,mixed,1785124245.6110477,1785124245.611726,1785124264.528448,1785124269.0634727,
6cd994a1e2e3d5a2a017314cd0caf180,20154.096510261297,25172.372920322232,126,15.0,20153.86155899614,25172.137969057076,0.23495126515626907,block1:trace,gated_rule_c,mixed,1785124245.7213783,1785124245.7216136,1785124265.875483,1785124270.8937595,
187b278d55de04dc8ca4117618cfbd56,1371.2535311933607,15065.280972165056,62,107.5,1370.175578049384,15064.203019021079,1.0779531439766288,block1:trace,gated_rule_c,mixed,1785124245.8457768,1785124245.846856,1785124247.217047,1785124260.9110744,
edcec609ff7bf1e65630e415e82ff7fb,19701.539585599676,25097.558563691564,142,15.0,19701.34305092506,25097.36202901695,0.1965346746146679,block1:trace,gated_rule_c,mixed,1785124246.1738062,1785124246.174003,1785124265.875356,1785124271.2713747,
28221743887b39264b796a9e076d48aa,3680.957603501156,10648.97585043218,39,47.5,3680.7923750020564,10648.81062193308,0.16522849909961224,block1:trace,gated_rule_c,mixed,1785124246.1890006,1785124246.1891663,1785124249.8699665,1785124256.8379848,
d88d4d2d221233bd5d36172b59bb4d48,21598.90974033624,27217.35262637958,239,170.0,21598.71024498716,27217.1531310305,0.1994953490793705,block1:trace,gated_rule_c,mixed,1785124246.2800252,1785124246.280225,1785124267.8789423,1785124273.4973848,
548464e367bcbb5191857c38592a6c15,19575.342184398323,33027.8211873956,533,20.0,19574.58941906225,33027.06842205953,0.752765336073935,block1:trace,gated_rule_c,mixed,1785124246.300609,1785124246.3013623,1785124265.8759608,1785124279.3284404,
67328d8f9ba24c0eb27d51b97f7452b9,2539.807461667806,6991.8069606646895,27,107.5,2538.9554599532858,6990.954958950169,0.8520017145201564,block1:trace,gated_rule_c,mixed,1785124246.4453206,1785124246.446173,1785124248.985136,1785124253.437136,
d0f26dc69ab8bfc523b09278a72dcbac,18722.670182120055,26105.619756039232,203,282.5,18721.61934908945,26104.56892300863,1.050833030603826,block1:trace,gated_rule_c,mixed,1785124246.4789097,1785124246.4799612,1785124265.2015867,1785124272.5845363,
3d305e802ea24247695f7f1c683f4abc,20068.32080334425,36120.869513368234,702,15.0,20068.034294992685,36120.58300501667,0.28650835156440735,block1:trace,gated_rule_c,mixed,1785124246.4923496,1785124246.4926364,1785124266.5606768,1785124282.6132257,
bfcd3e5a0bdf2e1076ff4a3c6058b785,60060.77282736078,60060.77282736078,0,75.0,60059.644797001965,60059.644797001965,1.128030358813703,block1:trace,gated_rule_c,mixed,1785124246.9745703,1785124246.9756987,1785124307.035344,1785124307.035344,stream response omitted completion_tokens usage
bbd0676a7661be624e24c0c0d2ae8afc,19467.36534126103,31318.53944528848,483,22.5,19466.50390897412,31317.67801300157,0.8614322869107127,block1:trace,gated_rule_c,mixed,1785124247.0927176,1785124247.0935798,1785124266.5600934,1785124278.4112678,
e59c3398cf21d42898de7a6489e6462c,1837.2970675118268,14217.450156575069,56,117.5,1836.4476630231366,14216.600752086379,0.8494044886901975,block1:trace,gated_rule_c,mixed,1785124247.1476312,1785124247.1484807,1785124248.9849374,1785124261.3650906,
2edb508ced48c09379f12135683148a4,5022.424932569265,9775.099183549173,28,152.5,5021.897920989431,9774.57217196934,0.5270115798339248,block1:trace,gated_rule_c,mixed,1785124247.2915728,1785124247.2921002,1785124252.3140051,1785124257.0666795,
53825a835bbe66a5bc0f73f69a041c66,18214.306690264493,24706.177697284147,181,357.5,18213.800168945454,24705.671175965108,0.506521319039166,block1:trace,gated_rule_c,mixed,1785124247.43361,1785124247.4341166,1785124265.6479237,1785124272.1397946,
d112becaac3b29d41a6e31fdc66cbd57,2100.244501954876,5451.787861878984,16,115.0,2099.566577002406,5451.109936926514,0.6779249524697661,block1:trace,gated_rule_c,mixed,1785124247.7694445,1785124247.7701228,1785124249.8696978,1785124253.2212412,
6e8aa3f75688fcceeb652abf550a3788,18650.910052470863,22380.364950397052,98,12.5,18650.010199053213,22379.465096979402,0.8998534176498652,block1:trace,gated_rule_c,mixed,1785124247.9092937,1785124247.910194,1785124266.5602129,1785124270.2896678,
cabfb78966d427734223bf4115904520,1291.412470745854,21524.971764767542,149,282.5,1290.2745750034228,21523.83386902511,1.137895742431283,block1:trace,gated_rule_c,mixed,1785124248.1369305,1785124248.1380684,1785124249.428352,1785124269.6619108,
7ba7f36dc0ca614925a9ecc1351a39cf,18267.200886737555,26208.294994779862,288,15.0,18266.030663973652,26207.12477201596,1.170222763903439,block1:trace,gated_rule_c,mixed,1785124248.2933488,1785124248.2945192,1785124266.5605588,1785124274.501653,
0f5f50b42d96f1fbe1ab84f38ef0df45,1412.3218870954588,13367.287882138044,54,85.0,1410.6248379684985,13365.590833011083,1.6970491269603372,block1:trace,gated_rule_c,mixed,1785124249.1287112,1785124249.1304088,1785124250.541043,1785124262.4960086,
0830ab29a701c1fb09238ade2070111d,18516.592787462287,31239.763184450567,597,820.0,18515.67780796904,31238.84820495732,0.9149794932454824,block1:trace,gated_rule_c,mixed,1785124249.4426026,1785124249.443518,1785124267.9592044,1785124280.6823747,
4c3b78878d4758af14524c65505ce024,17055.925136897713,21837.34064991586,142,20.0,17055.274722981267,21836.690235999413,0.6504139164462686,block1:trace,gated_rule_c,mixed,1785124249.5043359,1785124249.5049865,1785124266.5602677,1785124271.3416834,
4a788fdebd738d606e4e26720ef0f792,2793.6885418603197,15671.342711779289,58,140.0,2792.810157057829,15670.464326976798,0.8783848024904728,block1:trace,gated_rule_c,mixed,1785124249.7501817,1785124249.7510605,1785124252.5438802,1785124265.4215345,
9993958a01bab41edd38186aaf5b69d1,5098.853891482577,9863.426890573464,28,172.5,5098.5315119614825,9863.10451105237,0.3223795210942626,block1:trace,gated_rule_c,mixed,1785124249.9158142,1785124249.9161367,1785124255.0146756,1785124259.779249,
1f71126c5eac70999ec0c49c7d8f7a11,10619.723750161938,18672.641346231103,64,60.0,10619.258240913041,18672.175836982206,0.4655092488974333,block1:trace,gated_rule_c,mixed,1785124250.0693765,1785124250.0698423,1785124260.689109,1785124268.7420266,
ca34e497adb7104ea4a17f38f8e725f7,17010.358690400608,20535.738566424698,115,17.5,17009.551765979268,20534.931642003357,0.8069244213402271,block1:trace,gated_rule_c,mixed,1785124250.2399504,1785124250.240758,1785124267.2503185,1785124270.775699,
d5d88091912481a5370e8f515884581d,5443.333103903569,9528.56521983631,26,100.0,5442.608628072776,9527.840744005516,0.7244758307933807,block1:trace,gated_rule_c,mixed,1785124250.4806848,1785124250.4814098,1785124255.9240253,1785124260.0092576,
fa46980d6c53fb042ffdc5dcda1f86fd,16492.491692537442,22199.920521466993,211,17.5,16491.569043020718,22198.99787195027,0.92264951672405,block1:trace,gated_rule_c,mixed,1785124250.7577019,1785124250.758625,1785124267.250203,1785124272.957632,
d438a0f8ccd3f6aca6231d37cff76ede,1256.7734537879005,16628.58431879431,69,95.0,1255.9381279861555,16627.748992992565,0.8353258017450571,block1:trace,gated_rule_c,mixed,1785124250.8423274,1785124250.8431633,1785124252.099108,1785124267.470919,
5c337c4aa06bb71ecad6c1c1048d4584,15447.442242875695,28860.686469823122,596,10.0,15446.805146988481,28860.049373935908,0.6370958872139454,block1:trace,gated_rule_c,mixed,1785124251.8025243,1785124251.8031619,1785124267.2499752,1785124280.66322,
c95c0451560500f3100c2e9974fcb221,1361.6516595939174,16156.933267600834,71,52.5,1360.6290319003165,16155.910639907233,1.0226276936009526,block1:trace,gated_rule_c,mixed,1785124251.8598444,1785124251.8608673,1785124253.2215035,1785124268.0167851,
00f0daca0a1cd93921335b9a0cbff421,11749.627696699463,17491.692709736526,120,217.5,11748.29077499453,17490.355788031593,1.3369217049330473,block1:trace,gated_rule_c,mixed,1785124252.9975913,1785124252.9989283,1785124264.7472284,1785124270.4892936,
d3056c212cb319b617cbdc60a60898e3,13759.864831808954,24195.123102748767,443,15.0,13758.998216013424,24194.256486953236,0.8666157955303788,block1:trace,gated_rule_c,mixed,1785124253.4897068,1785124253.4905736,1785124267.2495794,1785124277.684838,
4a1e22c4b6812b0590a448708ddabc59,1458.7089725537226,13455.59361053165,54,287.5,1456.8473850376904,13453.732023015618,1.8615875160321593,block1:trace,gated_rule_c,mixed,1785124254.2448277,1785124254.2466898,1785124255.7035496,1785124267.7004347,
77d1a8c34095b709ff61e623749bb9ac,2752.6460088556632,7502.873603836633,22,110.0,2750.6624889792874,7500.8900839602575,1.9835198763757944,block1:trace,gated_rule_c,mixed,1785124254.3143744,1785124254.3163583,1785124257.0670283,1785124261.8172557,
71c138f995102b398fda90ff13638aba,12396.658078650944,15611.793043557554,102,15.0,12396.204086020589,15611.3390509272,0.4539926303550601,block1:trace,gated_rule_c,mixed,1785124254.8527515,1785124254.8532054,1785124267.2494187,1785124270.4645538,
780905b19621b7c64531696d5a2b20ba,3000.1654415391386,7301.350374589674,27,70.0,2999.4415279943496,7300.626461044885,0.7239135447889566,block1:trace,gated_rule_c,mixed,1785124254.9691024,1785124254.9698267,1785124257.969277,1785124262.2704618,
f74afc3e00a6eb78b5475bc41d63f2da,7344.302351004444,15707.817449001595,148,322.5,7344.007216044702,15707.522314041853,0.2951349597424269,block1:trace,gated_rule_c,mixed,1785124255.3800204,1785124255.3803155,1785124262.7243304,1785124271.0878458,
a6ac39901dce0f5fbf9ba60876e3edb5,2126.6095602186397,6872.047340264544,22,187.5,2126.0913989972323,6871.5291790431365,0.5181612214073539,block1:trace,gated_rule_c,mixed,1785124255.398266,1785124255.3987844,1785124257.524883,1785124262.2703204,
f30c9585b8b3abd64fce572ec7cd21c6,11728.36612840183,44714.9123683339,1642,15.0,11728.188187000342,44714.73442693241,0.177941401489079,block1:trace,gated_rule_c,mixed,1785124255.5217752,1785124255.5219536,1785124267.25015,1785124300.236696,
27d0eddcf7b46d1e0685d30f356a4a13,4338.9947396935895,13605.909034609795,87,115.0,4338.471169001423,13605.385463917628,0.5235706921666861,block1:trace,gated_rule_c,mixed,1785124255.6697924,1785124255.6703162,1785124260.008795,1785124269.275709,
31e92ac2ec9459262da7859903d4c53c,11491.635569836944,15747.117464779876,146,10.0,11490.83518201951,15746.317076962441,0.8003878174349666,block1:trace,gated_rule_c,mixed,1785124255.7568684,1785124255.7576692,1785124267.248512,1785124271.503993,
1d5043aefb85496bbfe75c40500ed75e,4965.406679431908,12344.224232365377,54,132.5,4964.278148021549,12343.095700955018,1.1285314103588462,block1:trace,gated_rule_c,mixed,1785124256.177363,1785124256.1784916,1785124261.1427782,1785124268.521596,
2a90888288ecc36c7a7e932ceddaad63,11560.382727882825,24256.11590896733,597,395.0,11560.047999955714,24255.78118104022,0.33472792711108923,block1:trace,gated_rule_c,mixed,1785124256.4834952,1785124256.4838302,1785124268.0438874,1785124280.7396207,
5558b3142fffd0dc0d4b17751ebddcab,11309.729485306889,20396.765709389,404,25.0,11309.238328947686,20396.274553029798,0.4911563592031598,block1:trace,gated_rule_c,mixed,1785124256.5703495,1785124256.570841,1785124267.880088,1785124276.9671245,
3ac99427681a55795db7c2bac4e70ea5,1603.1032488681376,11732.308371807449,60,412.5,1602.5433109607548,11731.748433900066,0.5599379073828459,block1:trace,gated_rule_c,mixed,1785124256.5954654,1785124256.5960257,1785124258.1985781,1785124268.327783,
fe0030d8f43ef28681407903b625070b,11011.196701205336,15136.050926172175,165,12.5,11010.735648102127,15135.589873068966,0.46105310320854187,block1:trace,gated_rule_c,mixed,1785124256.8688037,1785124256.8692648,1785124267.8800085,1785124272.0048625,
6e9a5ec465e4b1d2a6883ce717855bbc,1735.5434825876728,12134.57657955587,92,155.0,1734.927940997295,12133.961037965491,0.6155415903776884,block1:trace,gated_rule_c,mixed,1785124257.140869,1785124257.1414847,1785124258.8764198,1785124269.2754529,
38fb67b12f449385ad372aee944624fe,10663.55537576601,17101.504731806926,273,12.5,10662.874973961152,17100.82433000207,0.680401804856956,block1:trace,gated_rule_c,mixed,1785124257.216273,1785124257.2169535,1785124267.8798354,1785124274.3177848,
b47cf155edc621a66364c8e594e0c94c,1960.9808805398643,14159.184012562037,182,160.0,1959.9820150760934,14158.185147098266,0.998865463770926,block1:trace,gated_rule_c,mixed,1785124257.3686814,1785124257.3696806,1785124259.3296719,1785124271.5278752,
