request_id,ttft_ms,ttlt_ms,output_tokens,baseline_service_ms,send_ttft_ms,send_ttlt_ms,dispatch_lag_ms,category,policy,profile,scheduled_at_unix_s,dispatched_at_unix_s,first_token_at_unix_s,completed_at_unix_s,error,http_status,decision_fail_open
block1-000000,757.4787264456972,1930.213779443875,43,20.0,756.9938859669492,1929.7289389651269,0.4848404787480831,block1:s1,stock_fcfs,mixed,1785153941.591288,1785153941.5917737,1785153942.3487756,1785153943.5215108,,,
block1-000001,212.96479308512062,7286.860666121356,175,25.0,212.0767820160836,7285.972655052319,0.8880110690370202,block1:zero_tool,stock_fcfs,mixed,1785153941.5918381,1785153941.5927262,1785153941.8048065,1785153948.8787024,,,
block1-000002,600.2930500544608,1810.0764921400696,42,572.5,600.1446439186111,1809.92808600422,0.14840613584965467,block1:s1,stock_fcfs,mixed,1785153941.818817,1785153941.8189654,1785153942.4191186,1785153943.6289022,,,
block1-000003,57.87238304037601,16715.719672036357,397,25.0,57.049863040447235,16714.89715203643,0.8225199999287724,block1:zero_tool,stock_fcfs,mixed,1785153942.1530492,1785153942.1538725,1785153942.210934,1785153958.868781,,,
block1-000004,128.13144188839942,5956.7006069701165,147,177.5,127.58315401151776,5956.152319093235,0.548287876881659,block1:zero_tool,stock_fcfs,mixed,1785153942.2205644,1785153942.2211127,1785153942.3487058,1785153948.177275,,,
block1-000005,135.988887748681,2775.5788137437776,67,15.0,135.35494508687407,2774.9448710819706,0.633942661806941,block1:s1,stock_fcfs,mixed,1785153942.2271054,1785153942.2277393,1785153942.3631015,1785153945.0026913,,,
block1-000006,63.0617446731776,8535.598277696408,210,85.0,62.066953047178686,8534.60348607041,0.9947916259989142,block1:zero_tool,stock_fcfs,mixed,1785153942.4735823,1785153942.4745774,1785153942.536653,1785153951.0091898,,,
block1-000007,55.51001150161028,8910.88948759716,218,287.5,55.101239937357605,8910.480716032907,0.4087715642526746,block1:zero_tool,stock_fcfs,mixed,1785153942.4812703,1785153942.4816794,1785153942.5367916,1785153951.392171,,,
block1-000008,69.70241654198617,6822.641666512936,168,412.5,68.11731995549053,6821.056569926441,1.585096586495638,block1:zero_tool,stock_fcfs,mixed,1785153943.1208303,1785153943.1224155,1785153943.190541,1785153949.9434803,,,
block1-000009,642.5857110880315,1848.6852881032974,44,145.0,641.5351659525186,1847.6347429677844,1.050545135512948,block1:s2,stock_fcfs,mixed,1785153943.1906095,1785153943.19166,1785153943.8332012,1785153945.039301,,,
block1-000010,85.19940089900047,6825.915907975286,169,117.5,84.97966593131423,6825.6961730076,0.2197349676862359,block1:zero_tool,stock_fcfs,mixed,1785153943.230569,1785153943.230789,1785153943.3157754,1785153950.056492,,,
block1-000011,534.6211544238031,1741.7188974795863,43,287.5,534.5002639805898,1741.598007036373,0.12089044321328402,block1:s2,stock_fcfs,mixed,1785153943.5035806,1785153943.503702,1785153944.038208,1785153945.2453055,,,
block1-000012,64.40435769036412,6288.338364684023,156,15.0,63.299308996647596,6287.233315990306,1.105048693716526,block1:zero_tool,stock_fcfs,mixed,1785153944.2947865,1785153944.2958918,1785153944.3591986,1785153950.5831325,,,
block1-000013,656.3766301842406,1870.074169128202,44,20.0,654.353657970205,1868.0511969141662,2.02297221403569,block1:s2,stock_fcfs,mixed,1785153944.5342138,1785153944.536237,1785153945.1905973,1785153946.4042947,,,
block1-000014,97.1948669757694,2691.6831790003926,67,12.5,96.18907398544252,2690.6773860100657,1.0057929903268814,block1:s2,stock_fcfs,mixed,1785153944.7728233,1785153944.7738297,1785153944.8700259,1785153947.4645138,,,
block1-000015,437.7089978661388,1379.8656308790669,34,545.0,436.7745069321245,1378.9311399450526,0.9344909340143204,block1:s2,stock_fcfs,mixed,1785153945.3304214,1785153945.331356,1785153945.7681391,1785153946.710296,,,
block1-000016,700.1086719101295,1979.7209699172527,48,155.0,699.2239579558372,1978.8362559629604,0.8847139542922378,block1:s3,stock_fcfs,mixed,1785153945.7279625,1785153945.7288475,1785153946.428079,1785153947.7076912,,,
block1-000017,64.859340316616,6856.874550343491,160,287.5,64.0208360273391,6856.036046054214,0.8385042892768979,block1:zero_tool,stock_fcfs,mixed,1785153946.134794,1785153946.135633,1785153946.1996617,1785153952.9916766,,,
block1-000018,60.34637975972146,5424.774121725932,128,12.5,59.29494497831911,5423.722686944529,1.0514347814023495,block1:zero_tool,stock_fcfs,mixed,1785153946.3497536,1785153946.3508053,1785153946.4101086,1785153951.774536,,,
block1-000019,681.872678687796,2040.0571776553988,48,100.0,681.4498960739002,2039.634395041503,0.4227826138958335,block1:s3,stock_fcfs,mixed,1785153946.8013031,1785153946.8017259,1785153947.4831846,1785153948.841369,,,
block1-000020,59.25197363831103,6395.064612617716,147,572.5,58.918345952406526,6394.730984931812,0.33362768590450287,block1:zero_tool,stock_fcfs,mixed,1785153947.0660367,1785153947.0663705,1785153947.1252954,1785153953.461108,,,
block1-000021,592.752339085564,1826.1819049948826,43,10.0,591.8381960364059,1825.2677619457245,0.9141430491581559,block1:s3,stock_fcfs,mixed,1785153947.550067,1785153947.5509813,1785153948.1428266,1785153949.376256,,,
block1-000022,881.2425892101601,2058.416249230504,49,412.5,880.9362460160628,2058.1099060364068,0.3063431940972805,block1:s3,stock_fcfs,mixed,1785153948.053925,1785153948.0542321,1785153948.9351757,1785153950.1123495,,,
block1-000023,525.8076095487922,1796.4616526151076,43,15.0,525.2738109556958,1795.9278540220112,0.5337985930964351,block1:s3,stock_fcfs,mixed,1785153948.1654923,1785153948.1660266,1785153948.6913085,1785153949.9619622,,,
block1-000024,63.59551765490323,7415.452395682223,172,10.0,63.21201997343451,7415.068898000754,0.3834976814687252,block1:zero_tool,stock_fcfs,mixed,1785153948.361357,1785153948.361741,1785153948.4249642,1785153955.7768216,,,
block1-000025,702.9259969713166,1946.6801739763469,48,152.5,701.957248034887,1945.7114250399172,0.9687489364296198,block1:s4,stock_fcfs,mixed,1785153948.596419,1785153948.5973883,1785153949.2993534,1785153950.543107,,,
block1-000026,59.84152457676828,8135.095473611727,189,132.5,59.3727040104568,8134.626653045416,0.4688205663114786,block1:zero_tool,stock_fcfs,mixed,1785153948.9753258,1785153948.9757953,1785153949.035176,1785153957.1104302,,,
block1-000027,695.3465028200299,2226.5499458881095,48,320.0,694.3643569247797,2225.5677999928594,0.9821458952501416,block1:s4,stock_fcfs,mixed,1785153949.3612845,1785153949.3622668,1785153950.0566382,1785153951.5878417,,,
block1-000028,879.6277449000627,2421.1963698035106,48,17.5,878.1183080282062,2419.686932931654,1.509436871856451,block1:s4,stock_fcfs,mixed,1785153950.5319734,1785153950.5334833,1785153951.4116106,1785153952.9531794,,,
block1-000029,890.8856082707644,2383.4154992364347,48,322.5,890.5694610439241,2383.0993520095944,0.31614722684025764,block1:s4,stock_fcfs,mixed,1785153950.6080437,1785153950.6083603,1785153951.498938,1785153952.9914677,,,
block1-000030,906.8447294412181,2345.4143464332446,48,95.0,906.6422199830413,2345.211836975068,0.20250945817679167,block1:s4,stock_fcfs,mixed,1785153950.7036095,1785153950.7038124,1785153951.6104658,1785153953.0490353,,,
block1-000031,882.8187441686168,2378.2417251495644,48,132.5,881.8357250420377,2377.2587060229853,0.9830191265791655,block1:s4,stock_fcfs,mixed,1785153950.892222,1785153950.8932052,1785153951.775051,1785153953.2704737,,,
block1-000032,762.3038972960785,2134.632455301471,43,280.0,761.820322019048,2134.1488800244406,0.483575277030468,block1:s1,stock_fcfs,mixed,1785153951.1182587,1785153951.1187425,1785153951.8805714,1785153953.2529,,,
block1-000033,134.5877175917849,3239.8307946277782,71,10.0,134.34430898632854,3239.587386022322,0.24340860545635223,block1:s1,stock_fcfs,mixed,1785153951.2027035,1785153951.2029471,1785153951.3372984,1785153954.4425416,,,
block1-000034,87.0304947020486,8335.068126674742,192,15.0,86.17735200095922,8334.214983973652,0.8531427010893822,block1:zero_tool,stock_fcfs,mixed,1785153951.2504056,1785153951.251259,1785153951.3374457,1785153959.5854833,,,
block1-000035,155.50816198810935,3338.762702071108,75,10.0,154.8383010085672,3338.092841091566,0.6698609795421362,block1:s1,stock_fcfs,mixed,1785153951.3926837,1785153951.3933537,1785153951.548199,1785153954.731454,,,
block1-000036,687.371256062761,1779.9193790415302,36,105.0,687.01360700652,1779.5617299852893,0.35764905624091625,block1:s1,stock_fcfs,mixed,1785153951.4657662,1785153951.4661243,1785153952.1531446,1785153953.2456927,,,
block1-000037,523.1194153893739,1608.5820164298639,34,170.0,522.5439718924463,1608.0065729329363,0.575443496927619,block1:s1,stock_fcfs,mixed,1785153951.5827978,1785153951.5833735,1785153952.1059403,1785153953.1914027,,,
block1-000038,662.4372503720224,2001.864045392722,43,12.5,661.7876619566232,2001.2144569773227,0.6495884153991938,block1:s1,stock_fcfs,mixed,1785153951.7640085,1785153951.7646585,1785153952.4264581,1785153953.765885,,,
block1-000039,147.44649128988385,2949.8835603008047,68,145.0,146.59910299815238,2949.036172009073,0.8473882917314768,block1:s1,stock_fcfs,mixed,1785153951.987763,1785153951.9886103,1785153952.135217,1785153954.937654,,,
block1-000040,64.83668182045221,15615.76369474642,368,10.0,64.25096502061933,15615.177977946587,0.5857167998328805,block1:zero_tool,stock_fcfs,mixed,1785153952.265753,1785153952.266339,1785153952.3306,1785153967.8815265,,,
block1-000041,599.0894434507936,1626.982782385312,36,17.5,598.6008930485696,1626.494231983088,0.4885504022240639,block1:s2,stock_fcfs,mixed,1785153952.3922734,1785153952.3927624,1785153952.9913723,1785153954.019266,,,
block1-000042,96.40424139797688,2728.6836293060333,64,145.0,95.81961610820144,2728.099004016258,0.5846252897754312,block1:s2,stock_fcfs,mixed,1785153952.7978776,1785153952.7984624,1785153952.8942928,1785153955.526572,,,
block1-000043,91.95199457462877,3301.83615651913,78,17.5,91.45522105973214,3301.3393830042332,0.49677351489663124,block1:s2,stock_fcfs,mixed,1785153953.0474262,1785153953.047923,1785153953.139389,1785153956.3492732,,,
block1-000044,521.6564404545352,1478.6391203524545,35,412.5,521.0593279916793,1478.0420078895986,0.5971124628558755,block1:s2,stock_fcfs,mixed,1785153953.0566306,1785153953.057228,1785153953.5782943,1785153954.535277,,,
block1-000045,57.11253825575113,5999.969519325532,143,572.5,56.08324590139091,5998.940226971172,1.0292923543602228,block1:zero_tool,stock_fcfs,mixed,1785153953.19561,1785153953.1966398,1785153953.2527304,1785153959.1955874,,,
block1-000046,65.99566235672683,13211.015600361861,314,107.5,64.92486200295389,13209.944800008088,1.0708003537729383,block1:zero_tool,stock_fcfs,mixed,1785153953.5123634,1785153953.5134346,1785153953.5783672,1785153966.7233875,,,
block1-000047,450.1213153125718,1409.938505385071,34,10.0,449.7263689991087,1409.543559071608,0.39494631346315145,block1:s2,stock_fcfs,mixed,1785153953.6060178,1785153953.6064131,1785153954.0561469,1785153955.0159643,,,
block1-000048,64.42553247325122,5971.366162411869,142,10.0,63.859126064926386,5970.799756003544,0.5664064083248377,block1:zero_tool,stock_fcfs,mixed,1785153953.8391416,1785153953.8397083,1785153953.903576,1785153959.8105159,,,
block1-000049,70.24027884472162,5320.915753953159,126,17.5,68.29812994692475,5318.973605055362,1.9421488977968693,block1:zero_tool,stock_fcfs,mixed,1785153954.0276222,1785153954.0295646,1785153954.0978715,1785153959.348547,,,
block1-000050,762.4608449405059,2063.289418001659,48,160.0,761.63716299925,2062.4657360604033,0.8236819412559271,block1:s3,stock_fcfs,mixed,1785153954.6835136,1785153954.6843379,1785153955.4459846,1785153956.7468135,,,
block1-000051,468.1918793357909,1692.6698322640732,39,17.5,467.0920540811494,1691.5700070094317,1.0998252546414733,block1:s3,stock_fcfs,mixed,1785153954.9605203,1785153954.9616206,1785153955.4287207,1785153956.6531992,,,
block1-000052,729.5821841107681,2044.5570840965956,48,170.0,727.9982609907165,2042.973160976544,1.5839231200516224,block1:s3,stock_fcfs,mixed,1785153955.1981087,1785153955.1996925,1785153955.9276989,1785153957.2426739,,,
block1-000053,54.365468327887356,7104.143449338153,168,160.0,53.78480604849756,7103.562787058763,0.5806622793897986,block1:zero_tool,stock_fcfs,mixed,1785153955.472097,1785153955.4726777,1785153955.526471,1785153962.576249,,,
block1-000054,835.9560797689483,1934.8605507984757,43,282.5,835.4181529721245,1934.322624001652,0.53792679682374,block1:s3,stock_fcfs,mixed,1785153955.8173697,1785153955.8179078,1785153956.6533337,1785153957.7522383,,,
block1-000055,691.3150771288201,2142.2411202220246,48,282.5,691.0681419540197,2141.994185047224,0.24693517480045557,block1:s3,stock_fcfs,mixed,1785153956.0556185,1785153956.0558658,1785153956.746943,1785153958.1978693,,,
block1-000056,69.71892295405269,6509.645174024627,154,115.0,69.42699593491852,6509.353247005492,0.29192701913416386,block1:zero_tool,stock_fcfs,mixed,1785153956.1445131,1785153956.1448057,1785153956.214242,1785153962.6541681,,,
block1-000057,59.42790408153087,6834.513263078406,163,15.0,58.46039694733918,6833.545755944215,0.9675071341916919,block1:zero_tool,stock_fcfs,mixed,1785153956.7481267,1785153956.7490947,1785153956.8075638,1785153963.5826488,,,
block1-000058,827.5796566158533,2172.609733650461,48,105.0,827.0880749914795,2172.118152026087,0.4915816243737936,block1:s4,stock_fcfs,mixed,1785153956.8304892,1785153956.830981,1785153957.6580808,1785153959.0031104,,,
block1-000059,844.1208897856995,2168.803883716464,49,25.0,843.2459440082312,2167.9289379389957,0.8749457774683833,block1:s4,stock_fcfs,mixed,1785153957.1613057,1785153957.1621807,1785153958.0054352,1785153959.330118,,,
block1-000060,821.8170570908114,2109.178603044711,48,412.5,821.3890669867396,2108.7506129406393,0.42799010407179594,block1:s4,stock_fcfs,mixed,1785153957.2030394,1785153957.2034676,1785153958.0248642,1785153959.3122258,,,
block1-000061,769.2711449926719,2101.070861914195,48,282.5,768.8102880492806,2100.610004970804,0.4608569433912635,block1:s4,stock_fcfs,mixed,1785153957.4098148,1785153957.4102762,1785153958.1790974,1785153959.5108972,,,
block1-000062,734.7852687817067,2064.451733720489,48,15.0,733.6934900376946,2063.3599549764767,1.0917787440121174,block1:s4,stock_fcfs,mixed,1785153957.5780663,1785153957.5791588,1785153958.312862,1785153959.6425285,,,
block1-000063,750.1764773624018,2026.393746258691,48,282.5,749.86785906367,2026.0851279599592,0.3086182987317443,block1:s4,stock_fcfs,mixed,1785153957.7661507,1785153957.7664597,1785153958.516336,1785153959.792553,,,
block1-000064,86.86387329362333,6146.327864378691,149,10.0,86.74465992953628,6146.208651014604,0.11921336408704519,block1:zero_tool,stock_fcfs,mixed,1785153957.7775137,1785153957.7776332,1785153957.864384,1785153963.9238477,,,
block1-000065,78.84771784301847,8108.497294830158,194,282.5,78.0121530406177,8107.661730027758,0.8355648024007678,block1:zero_tool,stock_fcfs,mixed,1785153957.8109677,1785153957.8118036,1785153957.889824,1785153965.919474,,,
block1-000066,597.6350874407217,1783.9185774791986,43,12.5,597.1979700261727,1783.4814600646496,0.4371174145489931,block1:s1,stock_fcfs,mixed,1785153958.3092003,1785153958.3096375,1785153958.9068434,1785153960.093127,,,
block1-000067,73.18784727249295,5640.71289927233,137,140.0,73.0292130028829,5640.55426500272,0.15863426961004734,block1:zero_tool,stock_fcfs,mixed,1785153958.6014147,1785153958.6015737,1785153958.6746104,1785153964.2421353,,,
block1-000068,552.5741438614205,1602.9153418494388,39,10.0,551.7240930348635,1602.0652910228819,0.8500508265569806,block1:s1,stock_fcfs,mixed,1785153959.3705008,1785153959.371351,1785153959.9230835,1785153960.9734251,,,
block1-000069,96.33507381659001,2582.302216789685,60,15.0,95.8392460597679,2581.806389032863,0.4958277568221092,block1:s1,stock_fcfs,mixed,1785153960.090116,1785153960.0906122,1785153960.1864607,1785153962.6724274,,,
block1-000070,95.45125369913876,26762.178840697743,641,12.5,95.24719801265746,26761.97478501126,0.20405568648129702,block1:zero_tool,stock_fcfs,mixed,1785153960.1081164,1785153960.1083207,1785153960.2035763,1785153986.870304,,,
block1-000071,87.48261560685933,2921.337466686964,69,177.5,86.52282995171845,2920.377681031823,0.9597856551408768,block1:s1,stock_fcfs,mixed,1785153960.1159153,1785153960.1168752,1785153960.2034054,1785153963.0372603,,,
block1-000072,571.5137376682833,1856.8719726754352,41,105.0,570.9532509790733,1856.3114859862253,0.560486689209938,block1:s2,stock_fcfs,mixed,1785153960.9508896,1785153960.9514506,1785153961.5224137,1785153962.8077722,,,
block1-000073,546.5768108842894,1780.2616029512137,40,20.0,545.976934954524,1779.6617270214483,0.5998759297654033,block1:s2,stock_fcfs,mixed,1785153961.275713,1785153961.2763135,1785153961.8222988,1785153963.0559835,,,
block1-000074,87.85950322635472,21047.098454204388,504,545.0,86.8909900309518,21046.129941008985,0.9685131954029202,block1:zero_tool,stock_fcfs,mixed,1785153961.4704392,1785153961.4714084,1785153961.5583062,1785153982.5175455,,,
block1-000075,55.46856240835041,14673.67643932812,347,357.5,54.47030300274491,14672.678179922514,0.998259405605495,block1:zero_tool,stock_fcfs,mixed,1785153961.5053587,1785153961.5063572,1785153961.5608346,1785153976.1790426,,,
block1-000076,85.84367472212762,6427.83654271625,150,282.5,84.17710999492556,6426.169977989048,1.6665647272020578,block1:zero_tool,stock_fcfs,mixed,1785153961.5482657,1785153961.5499325,1785153961.6341171,1785153967.9761095,,,
block1-000077,524.1408149013296,1712.3349799076095,41,115.0,523.0963919311762,1711.2905569374561,1.0444229701533914,block1:s2,stock_fcfs,mixed,1785153961.5709572,1785153961.572002,1785153962.0951056,1785153963.2832997,,,
block1-000078,91.22200531419367,2827.999597415328,67,50.0,90.83830495364964,2827.615897054784,0.3837003605440259,block1:s2,stock_fcfs,mixed,1785153961.674675,1785153961.6750593,1785153961.7659056,1785153964.5026832,,,
block1-000079,492.8938392549753,1414.633727283217,34,160.0,492.75492795277387,1414.4948159810156,0.13891130220144987,block1:s2,stock_fcfs,mixed,1785153961.8496807,1785153961.84982,1785153962.3425817,1785153963.2643218,,,
block1-000080,60.06949592847377,5922.515386948362,139,115.0,59.295624028891325,5921.74151504878,0.7738718995824456,block1:zero_tool,stock_fcfs,mixed,1785153962.035523,1785153962.0362973,1785153962.095601,1785153967.9580472,,,
block1-000081,435.6915506068617,1353.269424638711,33,60.0,434.57899789791554,1352.1568719297647,1.1125527089461684,block1:s3,stock_fcfs,mixed,1785153962.0423486,1785153962.0434616,1785153962.4780493,1785153963.3956273,,,
block1-000082,62.39708897192031,6919.094969984144,161,10.0,61.80062494240701,6918.498505954631,0.5964640295132995,block1:zero_tool,stock_fcfs,mixed,1785153963.6397216,1785153963.6403184,1785153963.7021272,1785153970.558825,,,
block1-000083,415.91814847197384,1851.3221964240074,41,115.0,414.8398239631206,1850.2438719151542,1.0783245088532567,block1:s3,stock_fcfs,mixed,1785153963.661314,1785153963.6623926,1785153964.0772398,1785153965.5126436,,,
block1-000084,801.7963711172342,2186.5930610802025,48,17.5,800.8588779484853,2185.6555679114535,0.9374931687489152,block1:s3,stock_fcfs,mixed,1785153964.0388653,1785153964.039803,1785153964.8406699,1785153966.2254672,,,
block1-000085,793.1168907089159,2062.178260763176,46,145.0,792.6719689276069,2061.733338981867,0.444921781308949,block1:s3,stock_fcfs,mixed,1785153964.2781737,1785153964.2786188,1785153965.0712984,1785153966.3403594,,,
block1-000086,820.8079265896231,2074.0252365358174,46,155.0,820.6801019841805,2073.897411930375,0.12782460544258356,block1:s3,stock_fcfs,mixed,1785153964.2843788,1785153964.2845068,1785153965.1051946,1785153966.3584118,,,
block1-000087,578.9754806319252,1921.1388626135886,43,22.5,577.9818140435964,1920.1451960252598,0.9936665883287787,block1:s3,stock_fcfs,mixed,1785153964.6014366,1785153964.6024308,1785153965.1804214,1785153966.522585,,,
block1-000088,751.3290430651978,2153.192119090818,48,110.0,750.2331009600312,2152.0961769856513,1.095942105166614,block1:s4,stock_fcfs,mixed,1785153964.9378812,1785153964.9389772,1785153965.689219,1785153967.0910823,,,
block1-000089,698.6314696259797,2100.6132746115327,48,20.0,698.4641370363533,2100.4459420219064,0.16733258962631226,block1:s4,stock_fcfs,mixed,1785153965.0289943,1785153965.0291624,1785153965.7276359,1785153967.1296177,,,
block1-000090,71.76237495150417,5197.78761989437,122,170.0,70.59176207985729,5196.617007022724,1.170612871646881,block1:zero_tool,stock_fcfs,mixed,1785153965.207112,1785153965.208283,1785153965.2788832,1785153970.404909,,,
block1-000091,68.10586550273001,7335.397162474692,174,50.0,66.14898901898414,7333.440285990946,1.956876483745873,block1:zero_tool,stock_fcfs,mixed,1785153965.3671143,1785153965.3690712,1785153965.4352286,1785153972.70252,,,
block1-000092,64.39755146857351,5794.513573520817,136,15.0,63.72509791981429,5793.841119972058,0.672453548759222,block1:zero_tool,stock_fcfs,mixed,1785153965.5100975,1785153965.51077,1785153965.5745037,1785153971.3046196,,,
block1-000093,772.5850135320798,2185.0033295340836,48,60.0,771.5403799666092,2183.958695968613,1.0446335654705763,block1:s4,stock_fcfs,mixed,1785153965.7351117,1785153965.7361567,1785153966.507705,1785153967.9201236,,,
block1-000094,736.9857782032341,2144.065155182034,48,307.5,736.6504620295018,2143.7298390083015,0.33531617373228073,block1:s4,stock_fcfs,mixed,1785153966.024245,1785153966.0245807,1785153966.7612376,1785153968.1683168,,,
block1-000095,86.79718035273254,7613.124898285605,179,92.5,86.44461201038212,7612.772329943255,0.35256834235042334,block1:zero_tool,stock_fcfs,mixed,1785153966.4207704,1785153966.421123,1785153966.5075753,1785153974.0339026,,,
block1-000096,621.8921943800524,1889.840179355815,43,135.0,621.1810610257089,1889.1290460014716,0.7111333543434739,block1:s1,stock_fcfs,mixed,1785153966.4313462,1785153966.4320576,1785153967.0532444,1785153968.3211923,,,
block1-000097,78.75397393945605,3085.3668469935656,71,115.0,77.86602491978556,3084.478897973895,0.8879490196704865,block1:s1,stock_fcfs,mixed,1785153966.5493796,1785153966.5502677,1785153966.6281416,1785153969.6347547,,,
block1-000098,701.3957046438009,1939.7128626005724,44,412.5,700.5796789890155,1938.896836945787,0.8160256547853351,block1:s1,stock_fcfs,mixed,1785153966.8971713,1785153966.8979876,1785153967.5985756,1785153968.8368926,,,
block1-000099,561.8867928860709,1571.912017883733,36,282.5,561.4750880049542,1571.5003130026162,0.41170488111674786,block1:s1,stock_fcfs,mixed,1785153966.9774113,1785153966.9778233,1785153967.5393076,1785153968.5493326,,,
block1-000100,630.1428785081953,1849.22898048535,42,170.0,629.0489810053259,1848.1350829824805,1.0938975028693676,block1:s1,stock_fcfs,mixed,1785153967.2116597,1785153967.212754,1785153967.8418105,1785153969.0608962,,,
block1-000101,496.9557711156085,1455.2435320802033,34,15.0,496.7045639641583,1454.992324928753,0.25120715145021677,block1:s1,stock_fcfs,mixed,1785153967.267625,1785153967.2678766,1785153967.7645888,1785153968.7228758,,,
block1-000102,54.993887431919575,6152.501621516421,146,135.0,54.87359093967825,6152.38132502418,0.120296492241323,block1:zero_tool,stock_fcfs,mixed,1785153967.3852894,1785153967.38541,1785153967.440292,1785153973.5377996,,,
block1-000103,59.76062826812267,13439.317140262574,321,105.0,59.29014505818486,13438.846657052636,0.4704832099378109,block1:zero_tool,stock_fcfs,mixed,1785153967.4409451,1785153967.4414158,1785153967.500714,1785153980.8802705,,,
block1-000104,471.9593529589474,1572.4949039286003,37,95.0,471.42712003551424,1571.962671005167,0.5322329234331846,block1:s2,stock_fcfs,mixed,1785153967.6397433,1785153967.640276,1785153968.1117103,1785153969.2122457,,,
block1-000105,56.363442447036505,7960.076266434044,188,160.0,55.27203995734453,7958.984863944352,1.0914024896919727,block1:zero_tool,stock_fcfs,mixed,1785153968.3446026,1785153968.3456943,1785153968.4009745,1785153976.304687,,,
block1-000106,93.3344135992229,2657.0716416463256,64,70.0,92.33410900924355,2656.0713370563462,1.0003045899793506,block1:s2,stock_fcfs,mixed,1785153968.4000008,1785153968.4010012,1785153968.4933424,1785153971.0570798,,,
block1-000107,95.52021394483745,3122.8367818985134,74,95.0,94.64127104729414,3121.95783900097,0.8789428975433111,block1:s2,stock_fcfs,mixed,1785153968.8684142,1785153968.8692935,1785153968.963943,1785153971.9912596,,,
block1-000108,514.6750392159447,1477.1648251917213,35,322.5,513.7798190116882,1476.2696049874648,0.895220204256475,block1:s2,stock_fcfs,mixed,1785153969.2146099,1785153969.2155054,1785153969.7292938,1785153970.6917837,,,
block1-000109,603.6063574720174,1867.4883394269273,44,110.0,603.0948209809139,1866.9768029358238,0.5115364911034703,block1:s2,stock_fcfs,mixed,1785153969.377053,1785153969.377565,1785153969.9806702,1785153971.244552,,,
block1-000110,80.25759551674128,2657.0850035641342,64,17.5,79.72374802920967,2656.5511560766026,0.5338474875316024,block1:s2,stock_fcfs,mixed,1785153969.4102046,1785153969.4107387,1785153969.4904685,1785153972.067296,,,
block1-000111,74.21379815787077,6954.493737197481,165,110.0,73.72563099488616,6954.0055700344965,0.4881671629846096,block1:zero_tool,stock_fcfs,mixed,1785153969.5214598,1785153969.521948,1785153969.59568,1785153976.47596,,,
block1-000112,71.37593859806657,5644.357047509402,135,107.5,71.0676300805062,5644.048738991842,0.3083085175603628,block1:zero_tool,stock_fcfs,mixed,1785153969.5241654,1785153969.5244744,1785153969.59555,1785153975.168531,,,
block1-000113,68.80584568716586,5341.435804613866,128,95.0,68.2239510351792,5340.853909961879,0.5818946519866586,block1:zero_tool,stock_fcfs,mixed,1785153969.526491,1785153969.5270734,1785153969.5953054,1785153974.8679354,,,
block1-000114,614.488169667311,1610.8093976508826,38,25.0,614.1712190583348,1610.4924470419064,0.3169506089761853,block1:s3,stock_fcfs,mixed,1785153970.0971572,1785153970.0974746,1785153970.711654,1785153971.7079754,,,
block1-000115,461.73860819544643,1704.719990142621,39,105.0,460.238252999261,1703.2196349464357,1.50035519618541,block1:s3,stock_fcfs,mixed,1785153971.0539558,1785153971.0554564,1785153971.5157034,1785153972.7586849,,,
block1-000116,516.7356395395473,1813.7930755037814,41,10.0,516.5507500059903,1813.6081859702244,0.18488953355699778,block1:s3,stock_fcfs,mixed,1785153971.1136818,1785153971.113867,1785153971.6304262,1785153972.9274833,,,
block1-000117,80.75792086310685,5076.555733918212,119,320.0,80.16231597866863,5075.960129033774,0.5956048844382167,block1:zero_tool,stock_fcfs,mixed,1785153971.2058322,1785153971.206428,1785153971.2865992,1785153976.2823966,,,
block1-000118,854.3509953888133,1958.5040954407305,43,20.0,853.840698953718,1957.993799005635,0.5102964350953698,block1:s3,stock_fcfs,mixed,1785153971.769453,1785153971.7699637,1785153972.6238117,1785153973.7279646,,,
block1-000119,585.1050076307729,1958.0798576353118,44,307.5,584.6621110104024,1957.6369610149413,0.44289662037044764,block1:s3,stock_fcfs,mixed,1785153972.3419862,1785153972.3424294,1785153972.9271002,1785153974.3000746,,,
block1-000120,800.6159119540825,2080.220627016388,48,172.5,799.8875540215522,2079.4922690838575,0.7283579325303435,block1:s4,stock_fcfs,mixed,1785153972.676281,1785153972.67701,1785153973.476907,1785153974.7565117,,,
block1-000121,782.1702682413161,2052.8611672343686,48,20.0,781.311025028117,2052.0019240211695,0.859243213199079,block1:s4,stock_fcfs,mixed,1785153972.8147502,1785153972.8156097,1785153973.596928,1785153974.8676188,,,
block1-000122,773.9465031772852,2045.797817176208,48,155.0,773.1787760276347,2045.0300900265574,0.7677271496504545,block1:s4,stock_fcfs,mixed,1785153972.9542859,1785153972.9550538,1785153973.7282395,1785153975.0000913,,,
block1-000123,768.7476915307343,2061.3919554743916,48,140.0,767.1083400491625,2059.75260399282,1.6393514815717936,block1:s4,stock_fcfs,mixed,1785153972.9770231,1785153972.978663,1785153973.745777,1785153975.0384214,,,
block1-000124,690.5130045488477,2000.9858725825325,48,95.0,689.9141420144588,2000.3870100481436,0.5988625343888998,block1:s4,stock_fcfs,mixed,1785153973.5141597,1785153973.5147588,1785153974.2046852,1785153975.515158,,,
block1-000125,84.46086838375777,5807.988186483271,139,287.5,82.80307590030134,5806.330393999815,1.6577924834564328,block1:zero_tool,stock_fcfs,mixed,1785153973.5463688,1785153973.5480268,1785153973.6308377,1785153979.3543649,,,
block1-000126,752.3200919386,2114.4001348875463,48,15.0,752.0236161071807,2114.103659056127,0.2964758314192295,block1:s4,stock_fcfs,mixed,1785153974.6662107,1785153974.6665072,1785153975.4185383,1785153976.7806182,,,
block1-000127,726.5428778482601,2083.634579787031,48,20.0,726.38571402058,2083.4774159593508,0.15716382768005133,block1:s4,stock_fcfs,mixed,1785153974.9111621,1785153974.9113195,1785153975.6377132,1785153976.9948044,,,
block1-000128,100.00318475067616,8960.222296766005,217,110.0,99.30977295152843,8959.528884966858,0.6934117991477251,block1:zero_tool,stock_fcfs,mixed,1785153974.9383082,1785153974.939002,1785153975.0383186,1785153983.8985374,,,
block1-000129,96.55851568095386,3038.1619565887377,71,17.5,96.06736607383937,3037.670806981623,0.49114960711449385,block1:s1,stock_fcfs,mixed,1785153975.2075355,1785153975.208027,1785153975.3041027,1785153978.245706,,,
block1-000130,78.27383966650814,6614.874370628968,160,75.0,77.23422697745264,6613.834757939912,1.0396126890555024,block1:zero_tool,stock_fcfs,mixed,1785153975.2270677,1785153975.2281075,1785153975.305349,1785153981.84195,,,
block1-000131,574.9706424539909,1584.8070514621213,36,117.5,574.0607919869944,1583.8972009951249,0.9098504669964314,block1:s1,stock_fcfs,mixed,1785153975.5414574,1785153975.5423675,1785153976.116435,1785153977.1262715,,,
block1-000132,505.6654326617718,1713.9635486528277,39,15.0,503.80260893143713,1712.100724922493,1.8628237303346395,block1:s1,stock_fcfs,mixed,1785153975.7403667,1785153975.7422297,1785153976.2460396,1785153977.4543378,,,
block1-000133,70.26411022525281,2621.642813202925,62,117.5,68.19717201869935,2619.5758749963716,2.066938206553459,block1:s1,stock_fcfs,mixed,1785153975.9122548,1785153975.9143221,1785153975.9825284,1785153978.5339072,,,
block1-000134,600.0370864057913,1791.621176409535,43,160.0,599.4648560881615,1791.0489460919052,0.5722303176298738,block1:s1,stock_fcfs,mixed,1785153976.0473704,1785153976.0479429,1785153976.6474147,1785153977.838999,,,
block1-000135,381.5870158141479,1301.4773958129808,31,10.0,380.8991159312427,1300.7894959300756,0.6878998829051852,block1:s1,stock_fcfs,mixed,1785153976.0944889,1785153976.095177,1785153976.4760845,1785153977.3959749,,,
block1-000136,509.1987031046301,1734.2651670332998,41,15.0,507.65488401521,1732.7213479438797,1.5438190894201398,block1:s2,stock_fcfs,mixed,1785153976.1763299,1785153976.1778738,1785153976.685537,1785153977.9106035,,,
block1-000137,63.403959618881345,7927.956841536798,194,115.0,62.98592104576528,7927.5388029636815,0.41803857311606407,block1:zero_tool,stock_fcfs,mixed,1785153976.7587686,1785153976.759187,1785153976.8221803,1785153984.686733,,,
block1-000138,531.403188360855,1535.6097293552011,36,107.5,530.5259679444134,1534.7325089387596,0.8772204164415598,block1:s2,stock_fcfs,mixed,1785153976.9771488,1785153976.9780262,1785153977.5085602,1785153978.5127664,,,
block1-000139,57.33840784523636,5746.6608547838405,143,550.0,56.51305604260415,5745.835502981208,0.8253518026322126,block1:zero_tool,stock_fcfs,mixed,1785153977.0687973,1785153977.069623,1785153977.126144,1785153982.8154666,,,
block1-000140,69.27490176167339,7974.217662704177,196,152.5,67.50221399124712,7972.444974933751,1.7726877704262733,block1:zero_tool,stock_fcfs,mixed,1785153977.2711737,1785153977.2729466,1785153977.340457,1785153985.2453992,,,
block1-000141,628.0181218171492,1886.271360795945,44,10.0,626.9103820668533,1885.163621045649,1.1077397502958775,block1:s2,stock_fcfs,mixed,1785153977.4492323,1785153977.4503403,1785153978.0772595,1785153979.3355129,,,
block1-000142,582.2396244620904,1576.0221765376627,36,322.5,582.1008819621056,1575.883434037678,0.13874249998480082,block1:s2,stock_fcfs,mixed,1785153977.81602,1785153977.816159,1785153978.3982682,1785153979.392051,,,
block1-000143,477.2805217653513,1470.2522258739918,34,15.0,475.6774859270081,1468.6491900356486,1.603035838343203,block1:s2,stock_fcfs,mixed,1785153977.9781702,1785153977.9797735,1785153978.455459,1785153979.4484308,,,
block1-000144,736.7043783888221,2059.4440633431077,48,107.5,734.9178830627352,2057.657568017021,1.7864953260868788,block1:s3,stock_fcfs,mixed,1785153978.1042588,1785153978.1060455,1785153978.8409712,1785153980.1637113,,,
block1-000145,64.95243706740439,5136.02587103378,126,322.5,64.22187702264637,5135.295310989022,0.7305600447580218,block1:zero_tool,stock_fcfs,mixed,1785153978.5262117,1785153978.5269425,1785153978.5911713,1785153983.6622446,,,
block1-000146,720.1357516460121,2042.2305886168033,48,297.5,720.0132790021598,2042.108115972951,0.12247264385223389,block1:s3,stock_fcfs,mixed,1785153978.595488,1785153978.5956109,1785153979.3156304,1785153980.637725,,,
block1-000147,63.49462049547583,9278.246154543012,229,12.5,62.39527289289981,9277.146806940436,1.0993476025760174,block1:zero_tool,stock_fcfs,mixed,1785153978.7016816,1785153978.7027814,1785153978.7651856,1785153987.979937,,,
block1-000148,704.5241596642882,2009.3187827151269,48,172.5,704.3594989227131,2009.1541219735518,0.16466074157506227,block1:s3,stock_fcfs,mixed,1785153979.0836499,1785153979.0838149,1785153979.7881832,1785153981.092978,,,
block1-000149,619.6751155657694,1802.3462925339118,43,357.5,619.2742210114375,1801.9453979795799,0.4008945543318987,block1:s3,stock_fcfs,mixed,1785153979.6955993,1785153979.6960003,1785153980.3152814,1785153981.4979527,,,
block1-000150,732.6674041105434,1956.2316660303622,48,107.5,731.8728250684217,1955.4370869882405,0.794579042121768,block1:s3,stock_fcfs,mixed,1785153979.942124,1785153979.9429185,1785153980.6747985,1785153981.8983629,,,
block1-000151,510.6245545903221,1766.4728235686198,44,105.0,510.2295959368348,1766.0778649151325,0.3949586534872651,block1:s3,stock_fcfs,mixed,1785153980.469458,1785153980.4698534,1785153980.9800913,1785153982.2359395,,,
block1-000152,59.78946143295616,5805.881533422507,143,15.0,59.026875998824835,5805.118947988376,0.7625854341313243,block1:zero_tool,stock_fcfs,mixed,1785153980.8261325,1785153980.8268957,1785153980.8859313,1785153986.6320236,,,
block1-000153,58.29649057704955,6513.115018606186,161,22.5,58.12416900880635,6512.942697037943,0.17232156824320555,block1:zero_tool,stock_fcfs,mixed,1785153981.132483,1785153981.1326556,1785153981.1907861,1785153987.6456046,,,
block1-000154,57.112434529699385,4828.720569610596,120,280.0,56.927563971839845,4828.535699052736,0.18487055785953999,block1:zero_tool,stock_fcfs,mixed,1785153981.2884772,1785153981.2886622,1785153981.3455963,1785153986.1172044,,,
block1-000155,68.017826997675,5192.346937023103,126,297.5,67.32324499171227,5191.6523550171405,0.6945820059627295,block1:zero_tool,stock_fcfs,mixed,1785153981.6782565,1785153981.6789513,1785153981.7462814,1785153986.8706105,,,
block1-000156,804.2877370025963,2087.107466068119,48,20.0,803.6722040269524,2086.491933092475,0.6155329756438732,block1:s4,stock_fcfs,mixed,1785153982.8952312,1785153982.8958468,1785153983.6995263,1785153984.9823463,,,
block1-000157,781.8388408049941,2053.4947006963193,48,217.5,781.2799391103908,2052.935799001716,0.5589016946032643,block1:s4,stock_fcfs,mixed,1785153983.1170995,1785153983.1176586,1785153983.8989482,1785153985.1706038,,,
block1-000158,786.1607123631984,2057.882033404894,48,15.0,785.2652829606086,2056.9866040023044,0.895429402589798,block1:s4,stock_fcfs,mixed,1785153983.1310499,1785153983.1319456,1785153983.9172168,1785153985.1889381,,,
block1-000159,696.9249425455928,1968.0727755185217,48,12.5,696.3935600360855,1967.5413930090144,0.5313825095072389,block1:s4,stock_fcfs,mixed,1785153983.2959788,1785153983.296511,1785153983.9929144,1785153985.2640624,,,
block1-000160,63.86152910999954,4735.082279075868,117,15.0,63.51760006509721,4734.738350030966,0.3439290449023247,block1:zero_tool,stock_fcfs,mixed,1785153983.5604036,1785153983.560748,1785153983.6242745,1785153988.2954953,,,
block1-000161,77.16649060603231,2619.387546670623,65,10.0,75.94610296655446,2618.1671590311453,1.220387639477849,block1:s1,stock_fcfs,mixed,1785153983.8024411,1785153983.8036618,1785153983.8796163,1785153986.4218369,,,
block1-000162,622.2200988559052,1650.26717283763,41,160.0,621.6500550508499,1649.6971290325746,0.5700438050553203,block1:s1,stock_fcfs,mixed,1785153983.9685729,1785153983.9691434,1785153984.5908024,1785153985.6188495,,,
block1-000163,83.73563550412655,3099.9639774672687,75,15.0,82.79214706271887,3099.020489025861,0.9434884414076805,block1:s1,stock_fcfs,mixed,1785153984.898281,1785153984.8992248,1785153984.9820244,1785153987.9982526,,,
block1-000164,560.2518999949098,1824.138770927675,42,307.5,559.1012820368633,1822.9881529696286,1.150617958046496,block1:s1,stock_fcfs,mixed,1785153985.7845335,1785153985.7856846,1785153986.344794,1785153987.608681,,,
block1-000165,92.45930227916688,14047.255769255571,346,100.0,91.3411839865148,14046.137650962919,1.1181182926520705,block1:zero_tool,stock_fcfs,mixed,1785153986.002998,1785153986.004117,1785153986.0954678,1785154000.050264,,,
block1-000166,54.41346042789519,21452.349603408948,524,107.5,53.4215479856357,21451.357690966688,0.9919124422594905,block1:zero_tool,stock_fcfs,mixed,1785153986.0436163,1785153986.0446086,1785153986.0980377,1785154007.4959738,,,
block1-000167,52.94918979052454,11974.735690746456,295,25.0,52.3806510027498,11974.167151958682,0.5685387877747416,block1:zero_tool,stock_fcfs,mixed,1785153986.254292,1785153986.254861,1785153986.3072517,1785153998.2290382,,,
block1-000168,552.672547288239,1716.854447266087,40,187.5,551.3159109978005,1715.4978109756485,1.3566362904384732,block1:s2,stock_fcfs,mixed,1785153986.4126182,1785153986.413975,1785153986.965299,1785153988.1294806,,,
block1-000169,605.0064454320818,1766.344725387171,42,412.5,604.3217609403655,1765.6600408954546,0.6846844917163253,block1:s2,stock_fcfs,mixed,1785153986.473813,1785153986.4744978,1785153987.0788262,1785153988.2401643,,,
block1-000170,551.1906412430108,1711.654645157978,43,485.0,550.9544120868668,1711.418416001834,0.23622915614396334,block1:s2,stock_fcfs,mixed,1785153986.6030369,1785153986.6032736,1785153987.1542397,1785153988.3147037,,,
block1-000171,102.6604495709762,2878.7625445984304,72,357.5,102.38196200225502,2878.484057029709,0.2784875687211752,block1:s2,stock_fcfs,mixed,1785153987.727104,1785153987.727383,1785153987.8297741,1785153990.605876,,,
block1-000172,488.53671201504767,1351.3053740607575,36,320.0,488.3080399595201,1351.07670200523,0.22867205552756786,block1:s2,stock_fcfs,mixed,1785153988.369943,1785153988.3701715,1785153988.858488,1785153989.7212567,,,
block1-000173,717.4307679524645,1972.8353529935703,49,117.5,716.9031949015334,1972.3077799426392,0.5275730509310961,block1:s2,stock_fcfs,mixed,1785153988.7874646,1785153988.7879925,1785153989.5049055,1785153990.7603102,,,
block1-000174,678.2515819650143,1620.8822620101273,38,20.0,677.9130130307749,1620.5436930758879,0.3385689342394471,block1:s2,stock_fcfs,mixed,1785153989.7766626,1785153989.7770014,1785153990.4549232,1785153991.3975537,,,
block1-000175,611.1663861665875,1554.3588352156803,37,115.0,610.7397569576278,1553.9322060067207,0.4266292089596391,block1:s2,stock_fcfs,mixed,1785153989.9000235,1785153989.9004507,1785153990.5112002,1785153991.4543927,,,
block1-000176,716.1713676759973,1995.7888217177242,48,95.0,715.2672508964315,1994.8847049381584,0.9041167795658112,block1:s3,stock_fcfs,mixed,1785153989.945648,1785153989.9465525,1785153990.6618285,1785153991.9414463,,,
block1-000177,711.0836246283725,1990.3627906460315,48,10.0,710.1971709635109,1989.4763369811699,0.8864536648616195,block1:s3,stock_fcfs,mixed,1785153989.9882872,1785153989.9891744,1785153990.6993785,1785153991.9786577,,,
block1-000178,689.4197055371478,1958.711679559201,48,297.5,688.1320939864963,1957.4240680085495,1.2876115506514907,block1:s3,stock_fcfs,mixed,1785153990.7082636,1785153990.7095516,1785153991.397692,1785153992.6669838,,,
block1-000179,683.7052295450121,2038.6737895896658,48,412.5,683.377961977385,2038.3465220220387,0.32726756762713194,block1:s3,stock_fcfs,mixed,1785153991.6666453,1785153991.6669729,1785153992.3503587,1785153993.7053273,,,
block1-000180,761.4473627181724,2192.6083447178826,48,170.0,760.984119027853,2192.145101027563,0.4632436903193593,block1:s3,stock_fcfs,mixed,1785153992.564962,1785153992.5654254,1785153993.3264194,1785153994.7575803,,,
block1-000181,87.50689111184329,6810.378457070328,164,115.0,87.1851600240916,6810.056725982577,0.3217310877516866,block1:zero_tool,stock_fcfs,mixed,1785153992.579614,1785153992.579936,1785153992.6671278,1785153999.3899994,,,
block1-000182,724.4016099721193,2156.354338862002,48,297.5,723.3362121041864,2155.288940994069,1.0653978679329157,block1:s3,stock_fcfs,mixed,1785153992.658316,1785153992.6593814,1785153993.3827243,1785153994.814677,,,
block1-000183,526.0353760095313,1919.3444609409198,43,282.5,524.4872740004212,1917.7963589318097,1.5481020091101527,block1:s3,stock_fcfs,mixed,1785153993.0074916,1785153993.00904,1785153993.533537,1785153994.9268458,,,
block1-000184,803.745400859043,2080.5332278832793,48,132.5,803.1311699887738,2079.91899701301,0.614230870269239,block1:s4,stock_fcfs,mixed,1785153993.4086328,1785153993.4092472,1785153994.2123876,1785153995.4891756,,,
block1-000185,64.2151270294562,4986.79100710433,122,297.5,63.25500993989408,4985.830890014768,0.960117089562118,block1:zero_tool,stock_fcfs,mixed,1785153993.52805,1785153993.5290108,1785153993.592277,1785153998.5148525,,,
block1-000186,808.7988632032648,2044.848014251329,48,17.5,808.2159309415147,2044.265081989579,0.582932261750102,block1:s4,stock_fcfs,mixed,1785153993.8773835,1785153993.8779666,1785153994.686191,1785153995.9222403,,,
block1-000187,808.92899481114,2014.845139812678,48,115.0,807.123965001665,2013.0401100032032,1.805029809474945,block1:s4,stock_fcfs,mixed,1785153993.9858513,1785153993.9876564,1785153994.7947888,1785153996.000705,,,
block1-000188,807.2033784119412,2013.3686223998666,48,170.0,806.6289670532569,2012.7942110411823,0.5744113586843014,block1:s4,stock_fcfs,mixed,1785153993.9875102,1785153993.9880848,1785153994.7947192,1785153996.0008843,,,
block1-000189,714.4178309245035,1954.0190189145505,48,550.0,713.8405879959464,1953.4417759859934,0.5772429285570979,block1:s4,stock_fcfs,mixed,1785153994.5686815,1785153994.569259,1785153995.283108,1785153996.5227091,,,
block1-000190,699.5427885558456,1939.9876636452973,48,10.0,699.2511929711327,1939.6960680605844,0.2915955847129226,block1:s4,stock_fcfs,mixed,1785153994.6013768,1785153994.6016688,1785153995.3009276,1785153996.5413728,,,
block1-000191,697.7104742545635,1973.0975982965901,48,140.0,696.8094629701227,1972.1965870121494,0.9010112844407558,block1:s4,stock_fcfs,mixed,1785153995.9404154,1785153995.9413166,1785153996.638134,1785153997.9135208,,,
block1-000192,98.01192441955209,4847.987613407895,117,155.0,96.99348197318614,4846.969170961529,1.0184424463659525,block1:zero_tool,stock_fcfs,mixed,1785153995.9749496,1785153995.9759684,1785153996.0729704,1785154000.8229463,,,
block1-000193,56.695989915169775,30640.85461583454,725,170.0,55.6900700321421,30639.848695951514,1.0059198830276728,block1:zero_tool,stock_fcfs,mixed,1785153996.5249677,1785153996.525974,1785153996.5816724,1785154027.1658309,,,
block1-000194,449.2958299815655,1696.440590894781,40,110.0,447.89820502046496,1695.0429659336805,1.3976249611005187,block1:s1,stock_fcfs,mixed,1785153997.061302,1785153997.0626998,1785153997.5106053,1785153998.75775,,,
block1-000195,577.359197777696,1633.4145518485457,37,22.5,576.7405779333785,1632.7959320042282,0.6186198443174362,block1:s1,stock_fcfs,mixed,1785153997.2689824,1785153997.2696016,1785153997.846351,1785153998.9024065,,,
block1-000196,588.1363764638081,1710.9386384254321,39,85.0,586.2378220772371,1709.040084038861,1.8985543865710497,block1:s1,stock_fcfs,mixed,1785153997.434886,1785153997.436785,1785153998.0230317,1785153999.1458342,,,
block1-000197,75.05788886919618,2789.0712808584794,65,107.5,74.15096997283399,2788.1643619621173,0.9069188963621855,block1:s1,stock_fcfs,mixed,1785153997.8198352,1785153997.8207424,1785153997.894903,1785154000.6089165,,,
block1-000198,96.09848645050079,2967.888672486879,69,70.0,95.22235998883843,2967.0125460252166,0.8761264616623521,block1:s1,stock_fcfs,mixed,1785153997.9268856,1785153997.9277623,1785153998.0229928,1785154000.894783,,,
block1-000199,121.43547902815044,12445.232421974652,295,12.5,121.08825100585818,12444.88519395236,0.34722802229225636,block1:zero_tool,stock_fcfs,mixed,1785153997.9495525,1785153997.9499002,1785153998.070995,1785154010.394792,,,
block1-000200,491.5077784098685,1632.2528324089944,38,17.5,490.0763250188902,1630.8213790180162,1.4314533909782767,block1:s2,stock_fcfs,mixed,1785153998.0040329,1785153998.0054646,1785153998.4955473,1785153999.6362925,,,
block1-000201,58.0540579976514,5408.691489021294,128,22.5,57.310773991048336,5407.948205014691,0.7432840066030622,block1:zero_tool,stock_fcfs,mixed,1785153998.34355,1785153998.3442934,1785153998.4016109,1785154003.752248,,,
block1-000202,580.5318692000583,1504.9804222071543,36,145.0,580.2078740671277,1504.6564270742238,0.3239951329305768,block1:s2,stock_fcfs,mixed,1785153998.6944425,1785153998.6947668,1785153999.2749817,1785154000.1994302,,,
block1-000203,89.63779429905117,3321.772148250602,78,10.0,88.92724406905472,3321.0615980206057,0.7105502299964428,block1:s2,stock_fcfs,mixed,1785153998.7743948,1785153998.7751055,1785153998.8640397,1785154002.096174,,,
block1-000204,488.46249387133867,1498.6153818899766,35,95.0,487.8611050080508,1498.0139930266887,0.6013888632878661,block1:s2,stock_fcfs,mixed,1785153999.1855314,1785153999.186133,1785153999.6740005,1785154000.684153,,,
block1-000205,561.6430131485686,1876.8329580780119,44,95.0,561.5088359918445,1876.6987809212878,0.13417715672403574,block1:s2,stock_fcfs,mixed,1785153999.506108,1785153999.5062423,1785154000.0677578,1785154001.3829477,,,
block1-000206,66.2458228180185,6398.641145788133,154,132.5,65.91477000620216,6398.310092976317,0.3310528118163347,block1:zero_tool,stock_fcfs,mixed,1785153999.5319571,1785153999.5322886,1785153999.598213,1785154005.9306083,,,
block1-000207,666.9979232829064,1694.565657293424,37,117.5,666.5848180418834,1694.152552052401,0.41310524102300406,block1:s2,stock_fcfs,mixed,1785154000.2275856,1785154000.227999,1785154000.894591,1785154001.9221585,,,
block1-000208,432.2097994154319,1725.4362073726952,38,15.0,431.2276489799842,1724.4540569372475,0.9821504354476929,block1:s3,stock_fcfs,mixed,1785154000.37089,1785154000.3718722,1785154000.8031073,1785154002.0963337,,,
block1-000209,772.075338405557,2111.346293357201,48,17.5,771.0630630608648,2110.3340180125087,1.0122753446921706,block1:s3,stock_fcfs,mixed,1785154000.4409204,1785154000.441933,1785154001.2130032,1785154002.5522745,,,
block1-000210,63.64131823647767,6667.408738168888,161,282.5,63.12497099861503,6666.892390931025,0.5163472378626466,block1:zero_tool,stock_fcfs,mixed,1785154000.6988513,1785154000.699368,1785154000.7625005,1785154007.3662682,,,
block1-000211,457.18742115423083,1796.2494271341711,41,140.0,456.47493307478726,1795.5369390547276,0.712488079443574,block1:s3,stock_fcfs,mixed,1785154000.773955,1785154000.7746677,1785154001.2311506,1785154002.5702128,,,
block1-000212,765.0437866104767,2134.770786622539,48,12.5,764.1464699991047,2133.8734700111672,0.8973166113719344,block1:s3,stock_fcfs,mixed,1785154001.0243127,1785154001.0252104,1785154001.7893643,1785154003.1590912,,,
block1-000213,739.7241153521463,2114.3506474327296,48,105.0,739.0463639749214,2113.6728960555047,0.6777513772249222,block1:s3,stock_fcfs,mixed,1785154001.431311,1785154001.4319887,1785154002.1710424,1785154003.545669,,,
block1-000214,824.6722889598459,1893.7284658895805,43,320.0,823.7573340302333,1892.813510959968,0.914954929612577,block1:s3,stock_fcfs,mixed,1785154001.499585,1785154001.5005002,1785154002.324265,1785154003.3933213,,,
block1-000215,58.95437579602003,6439.273802796379,155,187.5,58.634629007428885,6438.954056007788,0.31974678859114647,block1:zero_tool,stock_fcfs,mixed,1785154001.6128542,1785154001.6131742,1785154001.671817,1785154008.0521364,,,
block1-000216,68.34592763334513,5738.367919577286,140,60.0,67.6471940241754,5737.669185968116,0.6987336091697216,block1:zero_tool,stock_fcfs,mixed,1785154001.6620564,1785154001.6627555,1785154001.7304106,1785154007.4004328,,,
block1-000217,803.6935502896085,2042.2000472899526,48,297.5,802.7866239426658,2041.2931209430099,0.9069263469427824,block1:s4,stock_fcfs,mixed,1785154002.409812,1785154002.4107192,1785154003.2135124,1785154004.452019,,,
block1-000218,769.5757923647761,2028.9040303323418,48,75.0,768.572652945295,2027.9008909128606,1.0031394194811583,block1:s4,stock_fcfs,mixed,1785154002.6232376,1785154002.6242409,1785154003.3928208,1785154004.652149,,,
block1-000219,742.0868457993492,2052.067632903345,48,217.5,741.6906049475074,2051.671392051503,0.39624085184186697,block1:s4,stock_fcfs,mixed,1785154002.9162774,1785154002.9166741,1785154003.6583724,1785154004.9683533,,,
block1-000220,723.5932156909257,2033.6558416020125,48,25.0,723.1918449979275,2033.2544709090143,0.40137069299817085,block1:s4,stock_fcfs,mixed,1785154002.9530983,1785154002.9534998,1785154003.6766984,1785154004.9867613,,,
block1-000221,54.410133277997375,10662.94370230753,258,485.0,53.89052606187761,10662.42409509141,0.5196072161197662,block1:zero_tool,stock_fcfs,mixed,1785154003.221198,1785154003.221718,1785154003.2756162,1785154013.8841498,,,
block1-000222,56.564335827715695,7173.56319387909,172,92.5,55.89413898997009,7172.892997041345,0.6701968377456069,block1:zero_tool,stock_fcfs,mixed,1785154003.2781072,1785154003.2787776,1785154003.3346794,1785154010.451678,,,
block1-000223,57.588014169596136,7316.554470220581,174,15.0,57.406381936743855,7316.372837987728,0.18163223285228014,block1:zero_tool,stock_fcfs,mixed,1785154004.2247682,1785154004.22495,1785154004.2823646,1785154011.541331,,,
block1-000224,621.1195782525465,1773.889560252428,43,107.5,620.5181139521301,1773.2880959520116,0.60146430041641,block1:s1,stock_fcfs,mixed,1785154004.3854651,1785154004.3860674,1785154005.0065968,1785154006.1593666,,,
block1-000225,80.86028147954494,6486.923999502324,152,75.0,80.62864595558494,6486.692363978364,0.23163552395999432,block1:zero_tool,stock_fcfs,mixed,1785154004.3998244,1785154004.4000564,1785154004.4806948,1785154010.8867586,,,
block1-000226,591.5299335028976,1757.6892545912415,43,105.0,590.8442059298977,1757.0035270182416,0.6857275729998946,block1:s1,stock_fcfs,mixed,1785154004.5469108,1785154004.5475967,1785154005.1384473,1785154006.3046067,,,
block1-000227,88.51259259972721,2992.4173045437783,72,60.0,87.95219706371427,2991.8569090077654,0.5603955360129476,block1:s1,stock_fcfs,mixed,1785154004.5635076,1785154004.564068,1785154004.6520283,1785154007.5559332,,,
block1-000228,541.5479996008798,1598.6700736684725,39,10.0,540.6870659207925,1597.8091399883851,0.860933680087328,block1:s1,stock_fcfs,mixed,1785154004.6730063,1785154004.6738672,1785154005.2145607,1785154006.2716827,,,
block1-000229,60.89614739175886,11420.892487396486,270,95.0,60.300810961052775,11420.29715096578,0.5953364307060838,block1:zero_tool,stock_fcfs,mixed,1785154005.2161944,1785154005.2167897,1785154005.2770982,1785154016.6370945,,,
block1-000230,64.82343608513474,16191.661715041846,382,15.0,64.29790705442429,16191.136186011136,0.5255290307104588,block1:zero_tool,stock_fcfs,mixed,1785154005.6156871,1785154005.616213,1785154005.6805196,1785154021.8073578,,,
block1-000231,82.9000995727256,2768.3074405649677,63,15.0,82.73859694600105,2768.145937938243,0.1615026267245412,block1:s1,stock_fcfs,mixed,1785154006.2039073,1785154006.2040691,1785154006.2868152,1785154008.9722228,,,
block1-000232,522.2662549931556,1870.6810380099341,41,10.0,520.7974809454754,1869.212263962254,1.4687740476801991,block1:s2,stock_fcfs,mixed,1785154006.3505492,1785154006.3520184,1785154006.8728235,1785154008.2212384,,,
block1-000233,496.801046654582,1599.0148696582764,36,70.0,495.95024494919926,1598.1640679528937,0.8508017053827643,block1:s2,stock_fcfs,mixed,1785154006.4523418,1785154006.4531927,1785154006.9491503,1785154008.0513644,,,
block1-000234,99.53514742664993,2899.9802144244313,64,217.5,99.04107602778822,2899.4861430255696,0.49407139886170626,block1:s2,stock_fcfs,mixed,1785154007.0916297,1785154007.0921242,1785154007.191175,1785154009.99162,,,
block1-000235,88.3302049478516,3295.301005942747,74,350.0,87.69318903796375,3294.663990032859,0.6370159098878503,block1:s2,stock_fcfs,mixed,1785154007.348837,1785154007.349474,1785154007.4371762,1785154010.644147,,,
block1-000236,85.71055880747736,6301.920111756772,149,172.5,85.50723700318485,6301.716789952479,0.20332180429250002,block1:zero_tool,stock_fcfs,mixed,1785154007.3932931,1785154007.3934968,1785154007.4790118,1785154013.6952214,,,
block1-000237,693.9140296308324,2022.5985596189275,44,320.0,693.6917479615659,2022.376277949661,0.22228166926652193,block1:s2,stock_fcfs,mixed,1785154007.5276988,1785154007.5279214,1785154008.2216208,1785154009.5503054,,,
block1-000238,668.1118698325008,1781.1256048735231,38,15.0,667.3953370191157,1780.409072060138,0.716532813385129,block1:s2,stock_fcfs,mixed,1785154007.615197,1785154007.6159136,1785154008.2833157,1785154009.3963294,,,
block1-000239,491.3425751728937,1603.393713128753,34,10.0,491.01934395730495,1603.0704819131643,0.32323121558874846,block1:s2,stock_fcfs,mixed,1785154007.733712,1785154007.7340357,1785154008.225064,1785154009.337115,,,
block1-000240,387.01292511541396,1500.2837080974132,32,15.0,386.642278986983,1499.9130619689822,0.37064612843096256,block1:s3,stock_fcfs,mixed,1785154007.9346972,1785154007.9350681,1785154008.3217194,1785154009.4349902,,,
block1-000241,54.534246562980115,5291.163902496919,128,52.5,53.96535596810281,5290.595011902042,0.5688905948773026,block1:zero_tool,stock_fcfs,mixed,1785154008.1704776,1785154008.1710467,1785154008.225019,1785154013.4616485,,,
block1-000242,777.6772538200021,1737.884614849463,38,12.5,777.0873840199783,1737.2947450494394,0.5898698000237346,block1:s3,stock_fcfs,mixed,1785154008.6188126,1785154008.6194026,1785154009.396498,1785154010.3567052,,,
block1-000243,540.110127069056,1881.3531490741298,41,282.5,539.3073629820719,1880.5503849871457,0.802764086984098,block1:s3,stock_fcfs,mixed,1785154008.834991,1785154008.8357942,1785154009.3751125,1785154010.7163553,,,
block1-000244,768.7254924094304,2101.235328358598,48,92.5,768.2013569865376,2100.711192935705,0.5241354228928685,block1:s3,stock_fcfs,mixed,1785154008.9920013,1785154008.9925256,1785154009.7607338,1785154011.0932436,,,
block1-000245,628.8650122005492,1888.2250841706991,43,12.5,627.4965889751911,1886.856660945341,1.3684232253581285,block1:s3,stock_fcfs,mixed,1785154009.0930903,1785154009.0944588,1785154009.7219634,1785154010.981323,,,
block1-000246,99.10770668648183,4899.341340642422,119,307.5,98.83922699373215,4899.072860949673,0.2684796927496791,block1:zero_tool,stock_fcfs,mixed,1785154009.101324,1785154009.1015933,1785154009.2004414,1785154014.0006747,,,
block1-000247,512.420333456248,1846.6483525699005,43,75.0,511.8079459061846,1846.035965019837,0.6123875500634313,block1:s3,stock_fcfs,mixed,1785154009.1528952,1785154009.1535084,1785154009.6653256,1785154010.9995537,,,
block1-000248,699.1815625224262,1975.289301481098,48,12.5,698.3412310946733,1974.448970053345,0.8403314277529716,block1:s4,stock_fcfs,mixed,1785154009.752384,1785154009.7532246,1785154010.4515758,1785154011.7276835,,,
block1-000249,721.2896859273314,2001.6320089343935,48,17.5,720.4322880133986,2000.7746110204607,0.8573979139328003,block1:s4,stock_fcfs,mixed,1785154010.4835896,1785154010.4844472,1785154011.2048867,1785154012.485229,,,
block1-000250,708.6539166048169,1988.8316496508196,48,85.0,707.7840559650213,1987.961789011024,0.869860639795661,block1:s4,stock_fcfs,mixed,1785154010.53349,1785154010.5343602,1785154011.2421525,1785154012.52233,,,
block1-000251,56.928417761810124,5411.5759348496795,126,105.0,56.799004902131855,5411.446521990001,0.12941285967826843,block1:zero_tool,stock_fcfs,mixed,1785154011.7483358,1785154011.7484653,1785154011.8052716,1785154017.1599195,,,
block1-000252,749.9250476248562,2033.6218886077404,48,132.5,748.8229310838506,2032.5197720667347,1.102116541005671,block1:s4,stock_fcfs,mixed,1785154011.9478319,1785154011.9489343,1785154012.6977642,1785154013.9814613,,,
block1-000253,719.7511724662036,2003.5315335262567,48,177.5,719.4687320152298,2003.2490930752829,0.28244045097380877,block1:s4,stock_fcfs,mixed,1785154012.091024,1785154012.091307,1785154012.8107846,1785154014.0945654,,,
block1-000254,76.63224078714848,6039.320103824139,139,117.5,75.65254392102361,6038.340406958014,0.9796968661248684,block1:zero_tool,stock_fcfs,mixed,1785154012.1633203,1785154012.1643002,1785154012.2399614,1785154018.2026494,,,
block1-000255,71.21971319429576,6281.591660226695,145,15.0,70.98884193692356,6281.360788969323,0.2308712573722005,block1:zero_tool,stock_fcfs,mixed,1785154012.168645,1785154012.168876,1785154012.239872,1785154018.4502442,,,
block1-000256,549.5575269451365,1767.9208349436522,43,95.0,548.9260669564828,1767.2893749549985,0.6314599886536598,block1:s1,stock_fcfs,mixed,1785154012.551668,1785154012.5522995,1785154013.101234,1785154014.319597,,,
block1-000257,59.47992915753275,26037.668000208214,606,85.0,58.575068949721754,26036.763140000403,0.904860207810998,block1:zero_tool,stock_fcfs,mixed,1785154012.9281054,1785154012.9290104,1785154012.9875941,1785154038.9657826,,,
block1-000258,55.59296871069819,15591.620433726348,365,10.0,55.05389196332544,15591.081356978975,0.5390767473727465,block1:zero_tool,stock_fcfs,mixed,1785154012.9320421,1785154012.9325817,1785154012.9876428,1785154028.5236704,,,
block1-000259,74.29190131369978,3220.5875392537564,72,15.0,73.15931399352849,3219.454951933585,1.1325873201712966,block1:s1,stock_fcfs,mixed,1785154013.4359841,1785154013.4371169,1785154013.510286,1785154016.6565816,,,
block1-000260,128.67786351125687,3343.6534125357866,74,117.5,127.63295799959451,3342.6085070241243,1.044905511662364,block1:s1,stock_fcfs,mixed,1785154013.5072308,1785154013.508276,1785154013.635917,1785154016.8508925,,,
block1-000261,55.4752501193434,11165.08970502764,261,52.5,55.35402102395892,11164.968475932255,0.12122909538447857,block1:zero_tool,stock_fcfs,mixed,1785154013.8696027,1785154013.8697243,1785154013.9250863,1785154025.034701,,,
block1-000262,95.21520487032831,7470.330020878464,172,15.0,94.6653630817309,7469.780179089867,0.549841788597405,block1:zero_tool,stock_fcfs,mixed,1785154014.2594345,1785154014.2599847,1785154014.3546584,1785154021.729773,,,
block1-000263,88.77260365989059,2716.1633516661823,59,17.5,88.05624791420996,2715.4469959205016,0.7163557456806302,block1:s1,stock_fcfs,mixed,1785154014.2700636,1785154014.2707803,1785154014.3588426,1785154016.9862337,,,
block1-000264,559.3027271097526,1631.3265181379393,34,287.5,558.6938200285658,1630.7176110567525,0.6089070811867714,block1:s2,stock_fcfs,mixed,1785154014.444045,1785154014.444654,1785154015.003356,1785154016.0753796,,,
block1-000265,606.5263776108623,1973.1312175281346,42,12.5,605.8064620010555,1972.4113019183278,0.719915609806776,block1:s2,stock_fcfs,mixed,1785154014.5479093,1785154014.5486293,1785154015.154444,1785154016.5210485,,,
block1-000266,582.7101857867092,1663.3457557763904,36,320.0,582.3442110558972,1662.9797810455784,0.36597473081201315,block1:s2,stock_fcfs,mixed,1785154014.8762333,1785154014.8765998,1785154015.4589531,1785154016.539589,,,
block1-000267,94.35931500047445,24482.241008081473,569,287.5,93.55832601431757,24481.440019095317,0.8009889861568809,block1:zero_tool,stock_fcfs,mixed,1785154014.9802198,1785154014.9810214,1785154015.07459,1785154039.4624717,,,
block1-000268,58.46836057025939,20939.86197153572,487,52.5,58.1327200634405,20939.5263310289,0.33564050681889057,block1:zero_tool,stock_fcfs,mixed,1785154015.0191905,1785154015.0195265,1785154015.0776672,1785154035.959061,,,
block1-000269,694.7525992291048,1975.405964301899,44,15.0,694.5310169830918,1975.184382055886,0.2215822460129857,block1:s2,stock_fcfs,mixed,1785154015.2601116,1785154015.2603333,1785154015.954873,1785154017.2355263,,,
block1-000270,99.70989322755486,7122.158034238964,166,115.0,98.88024698011577,7121.328387991525,0.8296462474390864,block1:zero_tool,stock_fcfs,mixed,1785154015.3230877,1785154015.323918,1785154015.4228063,1785154022.445254,,,
block1-000271,642.3824387602508,1691.9939358485863,37,85.0,642.2442449256778,1691.8557420140132,0.13819383457303047,block1:s2,stock_fcfs,mixed,1785154015.351471,1785154015.3516097,1785154015.9938617,1785154017.0434737,,,
block1-000272,403.2269404269755,1492.7859954768792,32,307.5,402.95511903241277,1492.5141740823165,0.27182139456272125,block1:s3,stock_fcfs,mixed,1785154015.3769917,1785154015.3772638,1785154015.7802258,1785154016.8697848,,,
block1-000273,73.11522786039859,5541.106555843726,128,15.0,71.61862903740257,5539.60995702073,1.4965988229960203,block1:zero_tool,stock_fcfs,mixed,1785154015.5306227,1785154015.5321195,1785154015.6037474,1785154021.0717385,,,
block1-000274,783.0567307537422,2208.444018731825,48,155.0,782.6685449108481,2208.055832888931,0.3881858428940177,block1:s3,stock_fcfs,mixed,1785154015.795089,1785154015.7954774,1785154016.5781548,1785154018.003542,,,
block1-000275,475.3573404159397,1900.18195041921,41,115.0,473.515901947394,1898.3405119506642,1.8414384685456753,block1:s3,stock_fcfs,mixed,1785154016.0453067,1785154016.0471485,1785154016.5206745,1785154017.9454987,,,
block1-000276,794.866886571981,2220.189005602151,48,152.5,793.9941720105708,2219.316291040741,0.8727145614102483,block1:s3,stock_fcfs,mixed,1785154016.0559158,1785154016.056789,1785154016.8507907,1785154018.2761128,,,
block1-000277,780.358882737346,2087.1147686848417,46,357.5,779.1320290416479,2085.8879149891436,1.2268536956980824,block1:s3,stock_fcfs,mixed,1785154016.7277658,1785154016.7289927,1785154017.5081334,1785154018.8148894,,,
block1-000278,969.4693232886493,1998.7057483522221,43,22.5,968.4501430019736,1997.6865680655465,1.0191802866756916,block1:s3,stock_fcfs,mixed,1785154017.326433,1785154017.3274524,1785154018.295911,1785154019.3251476,,,
block1-000279,615.8596985042095,1995.7267094869167,43,110.0,614.007352036424,1993.8743630191311,1.8523464677855372,block1:s3,stock_fcfs,mixed,1785154017.3484478,1785154017.3503003,1785154017.9643152,1785154019.344182,,,
block1-000280,792.6732359919697,2157.1007650345564,48,145.0,791.9004210270941,2156.327950069681,0.7728149648755789,block1:s4,stock_fcfs,mixed,1785154017.4097123,1785154017.4104855,1785154018.2023926,1785154019.5668197,,,
block1-000281,787.7308548195288,2136.5629928186536,48,17.5,786.6621599532664,2135.494297952391,1.0686948662623763,block1:s4,stock_fcfs,mixed,1785154017.468861,1785154017.46993,1785154018.256598,1785154019.6054308,,,
block1-000282,55.591253796592355,5423.642582842149,130,117.5,54.89478295203298,5422.9461119975895,0.6964708445593715,block1:zero_tool,stock_fcfs,mixed,1785154017.8313186,1785154017.8320153,1785154017.8869176,1785154023.2549696,,,
block1-000283,65.78194559551775,5443.156550638378,130,132.5,64.87904500681907,5442.253650049679,0.9029005886986852,block1:zero_tool,stock_fcfs,mixed,1785154017.9991846,1785154018.0000875,1785154018.0649745,1785154023.4423492,,,
block1-000284,727.197837899439,2038.8652369147167,48,17.5,727.0037960261106,2038.6711950413883,0.19404187332838774,block1:s4,stock_fcfs,mixed,1785154018.1253848,1785154018.125579,1785154018.8525908,1785154020.164258,,,
block1-000285,770.8583094645292,2078.4427034668624,48,105.0,769.6371549973264,2077.2215489996597,1.221154467202723,block1:s4,stock_fcfs,mixed,1785154018.535527,1785154018.536749,1785154019.3063955,1785154020.6139798,,,
block1-000286,56.84669013135135,7333.357564173639,171,107.5,56.03829794563353,7332.549171987921,0.8083921857178211,block1:zero_tool,stock_fcfs,mixed,1785154019.0306582,1785154019.0314672,1785154019.0875146,1785154026.3640258,,,
block1-000287,743.9298909157515,2076.46511180792,48,85.0,743.3844540501013,2075.91967494227,0.5454368656501174,block1:s4,stock_fcfs,mixed,1785154019.0730808,1785154019.0736265,1785154019.8170202,1785154021.1495554,,,
block1-000288,568.1458205217496,1822.8603655006737,43,117.5,567.773147020489,1822.487691999413,0.37267350126057863,block1:s1,stock_fcfs,mixed,1785154019.2104864,1785154019.2108598,1785154019.7786434,1785154021.033358,,,
block1-000289,79.13449278566986,2376.265042810701,58,132.5,78.41076399199665,2375.5413140170276,0.7237287936732173,block1:s1,stock_fcfs,mixed,1785154019.4306183,1785154019.4313424,1785154019.5097601,1785154021.8068907,,,
block1-000290,621.0520005552098,1842.991229495965,43,20.0,620.0203200569376,1841.9595489976928,1.0316804982721806,block1:s1,stock_fcfs,mixed,1785154020.2226896,1785154020.2237215,1785154020.843751,1785154022.0656903,,,
block1-000291,557.2435971116647,1500.5113470833749,37,15.0,556.1274910578504,1499.3952410295606,1.116106053814292,block1:s1,stock_fcfs,mixed,1785154020.3069942,1785154020.3081105,1785154020.8642445,1785154021.8075123,,,
block1-000292,55.48965372145176,8451.469799736515,201,15.0,55.303012020885944,8451.283158035949,0.18664170056581497,block1:zero_tool,stock_fcfs,mixed,1785154020.4424222,1785154020.4426093,1785154020.4979205,1785154028.8939006,,,
block1-000293,102.84527589101344,2631.7891428479925,63,15.0,102.4601140525192,2631.4039810094982,0.38516183849424124,block1:s1,stock_fcfs,mixed,1785154020.6238415,1785154020.624227,1785154020.7266967,1785154023.2556403,,,
block1-000294,79.91372398100793,5856.295290053822,136,177.5,79.0983010083437,5855.479867081158,0.815422972664237,block1:zero_tool,stock_fcfs,mixed,1785154020.6491938,1785154020.6500099,1785154020.7291203,1785154026.5055017,,,
block1-000295,573.5415349481627,1503.333815955557,37,217.5,572.3848700290546,1502.1771510364488,1.1566649191081524,block1:s1,stock_fcfs,mixed,1785154020.8844593,1785154020.885616,1785154021.4580128,1785154022.387805,,,
block1-000296,474.3690777104348,1765.7585446722806,40,22.5,473.8803019281477,1765.2697688899934,0.4887757822871208,block1:s2,stock_fcfs,mixed,1785154021.8749006,1785154021.8753898,1785154022.3492785,1785154023.6406682,,,
block1-000297,68.69619595818222,5215.166021953337,119,15.0,68.2498620590195,5214.719688054174,0.4463338991627097,block1:zero_tool,stock_fcfs,mixed,1785154022.586325,1785154022.5867717,1785154022.6550288,1785154027.8014987,,,
block1-000298,591.9990200782195,1597.8057350730523,36,110.0,589.8896540747955,1595.6963690696284,2.109366003423929,block1:s2,stock_fcfs,mixed,1785154022.7192917,1785154022.7214015,1785154023.3112996,1785154024.3171065,,,
block1-000299,94.07357475720346,3354.7641747863963,74,95.0,93.1027380283922,3353.793338057585,0.970836728811264,block1:s2,stock_fcfs,mixed,1785154022.9887726,1785154022.989744,1785154023.0828586,1785154026.343549,,,
block1-000300,562.5239470973611,1824.605805100873,42,92.5,562.0800890028477,1824.1619470063597,0.4438580945134163,block1:s2,stock_fcfs,mixed,1785154023.0371156,1785154023.0375597,1785154023.5996492,1785154024.8617313,,,
block1-000301,637.4813517322764,1605.9020376997069,38,10.0,637.0617260690778,1605.4824120365083,0.4196256631985307,block1:s2,stock_fcfs,mixed,1785154023.1960933,1785154023.1965137,1785154023.833588,1785154024.8020086,,,
block1-000302,67.23236455582082,7155.404250486754,168,15.0,66.33783003780991,7154.509715968743,0.8945345180109143,block1:zero_tool,stock_fcfs,mixed,1785154023.380521,1785154023.3814158,1785154023.447763,1785154030.535935,,,
block1-000303,481.1477195471525,1453.361332649365,34,15.0,480.0386478891596,1452.2522609913722,1.1090716579928994,block1:s2,stock_fcfs,mixed,1785154023.5449967,1785154023.546106,1785154024.026154,1785154024.9983675,,,
block1-000304,729.8922963673249,2138.1449344335124,48,17.5,729.6983459964395,2137.950984062627,0.19395037088543177,block1:s3,stock_fcfs,mixed,1785154023.5486531,1785154023.5488477,1785154024.2785544,1785154025.6868072,,,
block1-000305,107.70343686453998,5785.701090935618,137,15.0,107.51723393332213,5785.5148880044,0.18620293121784925,block1:zero_tool,stock_fcfs,mixed,1785154023.6067612,1785154023.6069477,1785154023.7144752,1785154029.3924727,,,
block1-000306,56.02240387815982,6373.824426904321,152,350.0,55.67286896985024,6373.474891996011,0.3495349083095789,block1:zero_tool,stock_fcfs,mixed,1785154023.7597437,1785154023.7600935,1785154023.8157768,1785154030.1335788,,,
block1-000307,59.77953691035509,5443.325071944855,128,135.0,59.36443596147001,5442.90997099597,0.4151009488850832,block1:zero_tool,stock_fcfs,mixed,1785154024.302444,1785154024.3028593,1785154024.362235,1785154029.745781,,,
block1-000308,710.495054605417,2234.4226567074656,48,10.0,708.4335369290784,2232.361139031127,2.0615176763385534,block1:s3,stock_fcfs,mixed,1785154024.3296525,1785154024.3317144,1785154025.040156,1785154026.5640838,,,
block1-000309,70.26864448562264,7950.875538401306,181,320.0,69.57268703263253,7950.179580948316,0.6959574529901147,block1:zero_tool,stock_fcfs,mixed,1785154024.8511326,1785154024.8518288,1785154024.921411,1785154032.8020177,,,
block1-000310,71.70901028439403,5470.325761241838,128,170.0,70.8164629759267,5469.433213933371,0.8925473084673285,block1:zero_tool,stock_fcfs,mixed,1785154024.9687407,1785154024.9696336,1785154025.040461,1785154030.4390779,,,
block1-000311,874.8638632241637,2246.9098882284015,48,320.0,873.3481760136783,2245.394201017916,1.5156872104853392,block1:s3,stock_fcfs,mixed,1785154025.068432,1785154025.0699482,1785154025.9433053,1785154027.315351,,,
block1-000312,901.2763906503096,2227.462469600141,48,115.0,900.7046920014545,2226.890770951286,0.5716986488550901,block1:s4,stock_fcfs,mixed,1785154025.161343,1785154025.1619155,1785154026.0626314,1785154027.388817,,,
block1-000313,881.4154647989199,2190.973775810562,48,10.0,881.0205759946257,2190.578887006268,0.39488880429416895,block1:s4,stock_fcfs,mixed,1785154025.2562025,1785154025.2565978,1785154026.137629,1785154027.4471872,,,
block1-000314,105.18221545498818,5572.863406385295,130,117.5,104.96930405497551,5572.650494985282,0.21291140001267195,block1:zero_tool,stock_fcfs,mixed,1785154025.3022208,1785154025.3024344,1785154025.4074135,1785154030.8750944,,,
block1-000315,69.61068196687847,6633.284481940791,154,60.0,69.02884994633496,6632.7026499202475,0.5818320205435157,block1:zero_tool,stock_fcfs,mixed,1785154025.4191952,1785154025.4197774,1785154025.4888158,1785154032.0524898,,,
block1-000316,98.56455831322819,8078.492670319974,185,107.5,97.42170304525644,8077.349815052003,1.142855267971754,block1:zero_tool,stock_fcfs,mixed,1785154025.6593757,1785154025.660519,1785154025.757951,1785154033.737879,,,
block1-000317,824.1669601993635,2141.817011171952,48,170.0,823.1574450619519,2140.8074960345402,1.009515137411654,block1:s4,stock_fcfs,mixed,1785154025.6601233,1785154025.6611333,1785154026.4842975,1785154027.8019474,,,
block1-000318,799.1857265587896,2115.124844480306,48,10.0,798.4876279952005,2114.4267459167168,0.6980985635891557,block1:s4,stock_fcfs,mixed,1785154025.7061245,1785154025.7068229,1785154026.5053184,1785154027.8212574,,,
block1-000319,746.099695446901,2061.470024404116,48,70.0,745.8237969549373,2061.1941259121522,0.27589849196374416,block1:s4,stock_fcfs,mixed,1785154025.895908,1785154025.8961842,1785154026.6420164,1785154027.9573867,,,
block1-000320,588.8389043975621,1826.9152353750542,43,545.0,586.7320570396259,1824.808388017118,2.1068473579362035,block1:s1,stock_fcfs,mixed,1785154025.9553292,1785154025.9574363,1785154026.5441768,1785154027.782253,,,
block1-000321,70.51627803593874,7702.5390029884875,179,115.0,69.80051705613732,7701.823242008686,0.7157609798014164,block1:zero_tool,stock_fcfs,mixed,1785154026.0743954,1785154026.0751114,1785154026.1449237,1785154033.7769465,,,
block1-000322,564.1622123075649,1785.5958953732625,43,107.5,563.0705759394914,1784.504259005189,1.091636368073523,block1:s1,stock_fcfs,mixed,1785154026.3864708,1785154026.3875628,1785154026.950642,1785154028.172076,,,
block1-000323,77.19402317889035,2884.218558203429,71,820.0,76.8927700119093,2883.917305036448,0.30125316698104143,block1:s1,stock_fcfs,mixed,1785154026.6961546,1785154026.696456,1785154026.7733588,1785154029.5803835,,,
block1-000324,546.9408694189042,1735.8558264095336,42,485.0,545.1999540673569,1734.1149110579863,1.7409153515473008,block1:s1,stock_fcfs,mixed,1785154026.9590688,1785154026.96081,1785154027.5060194,1785154028.6949346,,,
block1-000325,466.0932971164584,1403.7334521999583,34,60.0,465.89516196399927,1403.5353170474991,0.1981351524591446,block1:s1,stock_fcfs,mixed,1785154026.980998,1785154026.9811966,1785154027.4470997,1785154028.3847396,,,
block1-000326,570.3539475798607,1741.278281668201,43,187.5,569.7013819590211,1740.6257160473615,0.6525656208395958,block1:s1,stock_fcfs,mixed,1785154027.1720576,1785154027.1727104,1785154027.7424192,1785154028.9133434,,,
block1-000327,83.6062339367345,2253.393641905859,56,117.5,82.45705906301737,2252.244467032142,1.1491748737171292,block1:s1,stock_fcfs,mixed,1785154027.2863886,1785154027.2875388,1785154027.3700078,1785154029.5397952,,,
block1-000328,448.2649132842198,1551.4149433001876,38,25.0,447.8589310310781,1551.008961047046,0.4059822531417012,block1:s2,stock_fcfs,mixed,1785154028.4262798,1785154028.4266863,1785154028.8745537,1785154029.9777033,,,
block1-000329,71.43165590241551,5412.529490888119,121,117.5,70.7288640551269,5411.82669904083,0.7027918472886086,block1:zero_tool,stock_fcfs,mixed,1785154028.6287754,1785154028.6294785,1785154028.700215,1785154034.0413127,,,
block1-000330,559.1876667458564,1639.789842767641,36,217.5,558.3364450139925,1638.938621035777,0.8512217318639159,block1:s2,stock_fcfs,mixed,1785154029.418793,1785154029.4196444,1785154029.9779897,1785154031.0585923,,,
block1-000331,89.61037930566818,3397.4411992821842,74,75.0,89.07854405697435,3396.9093640334904,0.5318352486938238,block1:s2,stock_fcfs,mixed,1785154029.579931,1785154029.5804632,1785154029.6695495,1785154032.97738,,,
block1-000332,63.60472331289202,8705.562874325551,198,115.0,63.27638099901378,8705.234532011673,0.3283423138782382,block1:zero_tool,stock_fcfs,mixed,1785154029.7230957,1785154029.7234242,1785154029.7867112,1785154038.4286695,,,
block1-000333,667.7039354108274,2053.816350409761,44,545.0,667.2535040415823,2053.365919040516,0.45043136924505234,block1:s2,stock_fcfs,mixed,1785154029.9993064,1785154029.999757,1785154030.6670184,1785154032.053131,,,
block1-000334,58.33606538362801,13948.950964375399,327,60.0,57.511242921464145,13948.126141913235,0.8248224621638656,block1:zero_tool,stock_fcfs,mixed,1785154030.2310784,1785154030.2319036,1785154030.289423,1785154044.1800382,,,
block1-000335,571.5715072583407,1637.8049382474273,34,140.0,571.0428969468921,1637.2763279359788,0.5286103114485741,block1:s2,stock_fcfs,mixed,1785154030.3033724,1785154030.3039012,1785154030.8749552,1785154031.9411883,,,
block1-000336,838.5751451132819,2357.4701400939375,48,132.5,838.3603689726442,2357.2553639533,0.2147761406376958,block1:s3,stock_fcfs,mixed,1785154030.329664,1785154030.329879,1785154031.1682506,1785154032.6871455,,,
block1-000337,486.5149048855528,1600.1581469317898,33,320.0,485.5931489728391,1599.236391019076,0.9217559127137065,block1:s3,stock_fcfs,mixed,1785154030.469571,1785154030.470493,1785154030.9560952,1785154032.0697384,,,
block1-000338,703.3224082551897,1979.940866236575,41,60.0,702.4172820383683,1979.0357400197536,0.9051262168213725,block1:s3,stock_fcfs,mixed,1785154030.7070494,1785154030.7079546,1785154031.4103804,1785154032.6869988,,,
block1-000339,72.55478284787387,6663.882272783667,153,107.5,72.22277706023306,6663.550266996026,0.33200578764081,block1:zero_tool,stock_fcfs,mixed,1785154030.8070838,1785154030.8074167,1785154030.8796487,1785154037.4709766,,,
block1-000340,592.8719805087894,1977.884579449892,41,485.0,592.4886059947312,1977.5012049358338,0.3833745140582323,block1:s3,stock_fcfs,mixed,1785154031.0184753,1785154031.018859,1785154031.6113536,1785154032.996366,,,
block1-000341,666.471166536212,2069.294099579565,43,217.5,665.0415429612622,2067.8644760046154,1.429623574949801,block1:s3,stock_fcfs,mixed,1785154031.274877,1785154031.2763069,1785154031.9413579,1785154033.3441813,,,
block1-000342,945.0225948821753,2321.466716937721,49,85.0,944.0046119270846,2320.44873398263,1.0179829550907016,block1:s3,stock_fcfs,mixed,1785154031.378029,1785154031.3790476,1785154032.323062,1785154033.6995058,,,
block1-000343,554.2263464303687,2063.1352193886414,43,177.5,553.9270420558751,2062.8359150141478,0.29930437449365854,block1:s3,stock_fcfs,mixed,1785154031.574415,1785154031.5747147,1785154032.128652,1785154033.6375608,,,
block1-000344,852.9826023150235,2291.1083824001253,49,485.0,852.247726987116,2290.3735070722178,0.7348753279075027,block1:s4,stock_fcfs,mixed,1785154031.91053,1785154031.9112656,1785154032.7635236,1785154034.2016492,,,
block1-000345,815.9852165263146,2212.894702446647,48,50.0,815.3875060379505,2212.296991958283,0.5977104883641005,block1:s4,stock_fcfs,mixed,1785154032.179898,1785154032.1804962,1785154032.995893,1785154034.3928022,,,
block1-000346,795.2835457399487,2185.472926707007,48,412.5,794.6295939618722,2184.8189749289304,0.6539517780765891,block1:s4,stock_fcfs,mixed,1785154032.263683,1785154032.2643373,1785154033.0589795,1785154034.4491684,,,
block1-000347,788.5265927761793,2147.8640197310597,48,357.5,787.9670599941164,2147.304486948997,0.5595327820628881,block1:s4,stock_fcfs,mixed,1785154032.4369104,1785154032.4374704,1785154033.2254474,1785154034.584785,,,
block1-000348,774.3477199692279,2107.9619539668784,48,17.5,773.2653659768403,2106.8795999744907,1.0823539923876524,block1:s4,stock_fcfs,mixed,1785154032.6050787,1785154032.6061616,1785154033.3794372,1785154034.713051,,,
block1-000349,69.08442720305175,7514.201616169885,177,15.0,68.24813305865973,7513.365322025493,0.8362941443920135,block1:zero_tool,stock_fcfs,mixed,1785154032.6945226,1785154032.6953592,1785154032.7636154,1785154040.208733,,,
block1-000350,771.2116891052574,2113.251392147504,48,95.0,770.1566269388422,2112.1963299810886,1.055062166415155,block1:s4,stock_fcfs,mixed,1785154033.0055656,1785154033.006621,1785154033.776786,1785154035.1188262,,,
block1-000351,791.7464858619496,2080.5946888867766,48,15.0,791.2144480505958,2080.0626510754228,0.5320378113538027,block1:s4,stock_fcfs,mixed,1785154033.2493546,1785154033.249887,1785154034.041111,1785154035.3299594,,,
block1-000352,634.629596141167,1847.9828941635787,43,152.5,634.4705478986725,1847.8238459210843,0.15904824249446392,block1:s1,stock_fcfs,mixed,1785154033.3279054,1785154033.328065,1785154033.9625437,1785154035.175897,,,
block1-000353,70.5784996971488,6581.860977690667,156,10.0,69.67978703323752,6580.962265026756,0.898712663911283,block1:zero_tool,stock_fcfs,mixed,1785154033.5717962,1785154033.572695,1785154033.6423836,1785154040.153666,,,
block1-000354,461.1144782975316,1703.1449472997338,40,412.5,460.5575050227344,1702.5879740249366,0.5569732747972012,block1:s1,stock_fcfs,mixed,1785154033.8330088,1785154033.8335664,1785154034.2941344,1785154035.5361648,,,
block1-000355,104.28728349506855,6547.767758485861,154,15.0,103.75998902600259,6547.240464016795,0.5272944690659642,block1:zero_tool,stock_fcfs,mixed,1785154033.8583448,1785154033.8588724,1785154033.96264,1785154040.4061213,,,
block1-000356,90.441910084337,7007.141232141294,167,20.0,90.17600095830858,7006.875323015265,0.26590912602841854,block1:zero_tool,stock_fcfs,mixed,1785154033.9075263,1785154033.9077926,1785154033.9979773,1785154040.9146764,,,
block1-000357,82.88408757653087,2752.008489565924,65,50.0,82.36823999322951,2751.4926419826224,0.5158475833013654,block1:s1,stock_fcfs,mixed,1785154033.9201403,1785154033.9206567,1785154034.0030355,1785154036.6721601,,,
block1-000358,64.90143213886768,7865.540977101773,188,15.0,64.40184696111828,7865.041391924024,0.49958517774939537,block1:zero_tool,stock_fcfs,mixed,1785154034.137072,1785154034.137572,1785154034.2019832,1785154042.002623,,,
block1-000359,468.9395437017083,1425.8573576807976,33,25.0,467.92768593877554,1424.8454999178648,1.0118577629327774,block1:s1,stock_fcfs,mixed,1785154034.5911562,1785154034.5921683,1785154035.0601056,1785154036.0170233,,,
block1-000360,457.9895860515535,1741.0651911050081,40,20.0,457.0828180294484,1740.158423082903,0.9067680221050978,block1:s2,stock_fcfs,mixed,1785154034.7747207,1785154034.7756279,1785154035.232719,1785154036.5157948,,,
block1-000361,108.41880983207375,3845.077561796643,89,17.5,108.31350204534829,3844.9722540099174,0.10530778672546148,block1:zero_tool,stock_fcfs,mixed,1785154034.7762403,1785154034.776346,1785154034.8846645,1785154038.6213233,,,
block1-000362,531.2235167948529,1525.1251717563719,36,15.0,530.2085520233959,1524.1102069849148,1.0149647714570165,block1:s2,stock_fcfs,mixed,1785154034.7983203,1785154034.799336,1785154035.3295548,1785154036.3234568,,,
block1-000363,604.841384687461,1868.5149237280712,43,115.0,604.097884031944,1867.7714230725542,0.7435006555169821,block1:s2,stock_fcfs,mixed,1785154035.3740284,1785154035.3747723,1785154035.9788797,1785154037.2425532,,,
block1-000364,480.94041913282126,1514.2547162249684,35,115.0,480.43029895052314,1513.7445960426703,0.5101201822981238,block1:s2,stock_fcfs,mixed,1785154035.5742984,1785154035.574809,1785154036.05525,1785154037.0885642,,,
block1-000365,66.66824652347714,7131.713385577314,172,15.0,66.01609196513891,7131.061231018975,0.6521545583382249,block1:zero_tool,stock_fcfs,mixed,1785154035.679735,1785154035.6803877,1785154035.7464125,1785154042.8114576,,,
block1-000366,89.20493081677705,6970.051324809901,167,117.5,88.1581079447642,6969.004501937889,1.0468228720128536,block1:zero_tool,stock_fcfs,mixed,1785154036.3240623,1785154036.3251092,1785154036.4132755,1785154043.294122,,,
block1-000367,506.8698375253007,1554.8311285674572,34,177.5,506.4594919094816,1554.420782951638,0.41034561581909657,block1:s2,stock_fcfs,mixed,1785154036.3514137,1785154036.351825,1785154036.8582962,1785154037.9062576,,,
block1-000368,743.4613615041599,2143.328297534026,48,177.5,741.616275976412,2141.4832120062783,1.8450855277478695,block1:s3,stock_fcfs,mixed,1785154036.4216008,1785154036.4234464,1785154037.1650732,1785154038.5649405,,,
block1-000369,706.081067561172,2107.0574505720288,48,357.5,705.167302978225,2106.143685989082,0.9137645829468966,block1:s3,stock_fcfs,mixed,1785154036.6117008,1785154036.612615,1785154037.3177924,1785154038.7187688,,,
block1-000370,101.59284854307771,6375.119152478874,154,287.5,99.85130396671593,6373.377607902512,1.7415445763617754,block1:zero_tool,stock_fcfs,mixed,1785154037.440569,1785154037.4423106,1785154037.5421696,1785154043.8156965,,,
block1-000371,112.46450548060238,7054.082844406366,171,92.5,110.35693401936442,7051.975272945128,2.107571461237967,block1:zero_tool,stock_fcfs,mixed,1785154037.4642096,1785154037.4663177,1785154037.5766814,1785154044.5182998,,,
block1-000372,558.3059337222949,1842.0258077094331,41,395.0,557.958658086136,1841.6785320732743,0.34727563615888357,block1:s3,stock_fcfs,mixed,1785154037.5050333,1785154037.5053809,1785154038.063345,1785154039.3470647,,,
block1-000373,792.330713593401,2028.0732796527445,46,282.5,790.215412969701,2025.9579790290445,2.1153006237000227,block1:s3,stock_fcfs,mixed,1785154037.6298752,1785154037.6319907,1785154038.4222145,1785154039.657957,,,
block1-000374,861.7414975306019,1874.4171725120395,43,100.0,860.8190580271184,1873.494733008556,0.9224395034834743,block1:s3,stock_fcfs,mixed,1785154037.7033522,1785154037.7042751,1785154038.5651016,1785154039.5777774,,,
block1-000375,697.4622129928321,2018.409937969409,48,412.5,697.2645130008459,2018.2122379774228,0.1976999919861555,block1:s3,stock_fcfs,mixed,1785154038.021167,1785154038.021365,1785154038.7186363,1785154040.0395849,,,
block1-000376,59.977737604640424,5811.242499621585,143,412.5,58.944438002072275,5810.209200019017,1.0332996025681496,block1:zero_tool,stock_fcfs,mixed,1785154038.3685815,1785154038.369615,1785154038.428568,1785154044.179833,,,
block1-000377,742.8380877245218,2024.7970296768472,48,550.0,742.0818550745025,2024.040797026828,0.7562326500192285,block1:s4,stock_fcfs,mixed,1785154038.8134942,1785154038.8142507,1785154039.556341,1785154040.838302,,,
block1-000378,725.7254660362378,2001.7619110876694,48,20.0,724.5980909792706,2000.6345360307023,1.1273750569671392,block1:s4,stock_fcfs,mixed,1785154038.9688938,1785154038.9700215,1785154039.6946282,1785154040.970665,,,
block1-000379,98.34309970028698,5087.685841717757,126,15.0,97.23474399652332,5086.577486013994,1.1083557037636638,block1:zero_tool,stock_fcfs,mixed,1785154039.2056298,1785154039.2067387,1785154039.3041618,1785154044.293504,,,
block1-000380,57.0440391311422,6923.60337509308,171,15.0,56.58987700007856,6923.1492129620165,0.4541621310636401,block1:zero_tool,stock_fcfs,mixed,1785154039.2512558,1785154039.2517102,1785154039.3083081,1785154046.1748676,,,
block1-000381,55.62899960204959,10183.92903264612,250,12.5,55.082631995901465,10183.382665039971,0.5463676061481237,block1:zero_tool,stock_fcfs,mixed,1785154039.563013,1785154039.5635598,1785154039.6186516,1785154049.7469516,,,
block1-000382,87.09520753473043,6952.0544515689835,168,15.0,86.25426597427577,6951.213510008529,0.8409415604546666,block1:zero_tool,stock_fcfs,mixed,1785154040.1563017,1785154040.157143,1785154040.2434154,1785154047.1083748,,,
block1-000383,696.3418774539605,1995.7766945008188,48,10.0,695.7094599492848,1995.1442769961432,0.6324175046756864,block1:s4,stock_fcfs,mixed,1785154040.1602178,1785154040.1608505,1785154040.8565674,1785154042.1560018,,,
block1-000384,70.24825119879097,7691.551199182868,187,160.0,68.1621729163453,7689.465120900422,2.086078282445669,block1:zero_tool,stock_fcfs,mixed,1785154040.2606213,1785154040.2627077,1785154040.3308816,1785154047.952184,,,
block1-000385,74.14657482877374,2640.600149752572,65,282.5,73.00363504327834,2639.457209967077,1.1429397854954004,block1:s1,stock_fcfs,mixed,1785154040.344063,1785154040.3452067,1785154040.4182224,1785154042.9846761,,,
block1-000386,627.120746881701,1684.2469859402627,41,92.5,625.8537039393559,1682.9799429979175,1.2670429423451424,block1:s1,stock_fcfs,mixed,1785154040.9917152,1785154040.9929826,1785154041.6188495,1785154042.675976,,,
block1-000387,59.63748355861753,9167.228883598,225,20.0,58.83348803035915,9166.424888069741,0.8039955282583833,block1:zero_tool,stock_fcfs,mixed,1785154041.1653929,1785154041.1661975,1785154041.225042,1785154050.3326333,,,
block1-000388,476.8784452462569,1617.751419194974,39,10.0,476.71222395729274,1617.5851979060099,0.16622128896415234,block1:s1,stock_fcfs,mixed,1785154041.2330465,1785154041.233213,1785154041.709935,1785154042.850808,,,
block1-000389,101.87956190202385,13660.895439912565,330,15.0,101.43689799588174,13660.452776006423,0.4426639061421156,block1:zero_tool,stock_fcfs,mixed,1785154041.6082263,1785154041.60867,1785154041.7101195,1785154055.2691357,,,
block1-000390,393.6480189440772,1590.189283946529,39,17.5,392.790750018321,1589.3320150207728,0.857268925756216,block1:s1,stock_fcfs,mixed,1785154041.6291637,1785154041.6300213,1785154042.0228195,1785154043.219361,,,
block1-000391,72.62782263569534,10434.50854474213,257,12.5,71.93971890956163,10433.820441015996,0.6881037261337042,block1:zero_tool,stock_fcfs,mixed,1785154041.6422424,1785154041.642931,1785154041.7148783,1785154052.0767589,,,
block1-000392,449.3584888987243,1643.53934279643,40,105.0,447.37820606678724,1641.559059964493,1.9802828319370747,block1:s2,stock_fcfs,mixed,1785154042.6497357,1785154042.6517165,1785154043.099108,1785154044.2932887,,,
block1-000393,454.37255990691483,1642.5589569844306,40,820.0,453.99688091129065,1642.1832779888064,0.3756789956241846,block1:s2,stock_fcfs,mixed,1785154042.8183043,1785154042.8186803,1785154043.272825,1785154044.461012,,,
block1-000394,532.2570046409965,1492.4534106394276,36,75.0,531.084579997696,1491.2809859961271,1.1724246433004737,block1:s2,stock_fcfs,mixed,1785154042.837593,1785154042.838766,1785154043.3698618,1785154044.3300583,,,
block1-000395,59.45097515359521,28191.976090194657,685,15.0,58.908728999085724,28191.433844040148,0.5422461545094848,block1:zero_tool,stock_fcfs,mixed,1785154043.1234164,1785154043.1239593,1785154043.1828814,1785154071.3154063,,,
block1-000396,72.7541531668976,7869.017973076552,194,22.5,71.77022006362677,7868.034039973281,0.9839331032708287,block1:zero_tool,stock_fcfs,mixed,1785154043.3770618,1785154043.3780463,1785154043.4498277,1785154051.2460914,,,
block1-000397,791.4018429582939,2010.205024969764,49,17.5,791.0218520555645,2009.8250340670347,0.37999090272933245,block1:s2,stock_fcfs,mixed,1785154043.688907,1785154043.6892886,1785154044.4803252,1785154045.6991286,,,
block1-000398,585.0769082317129,1572.88375927601,38,10.0,582.9638360301033,1570.7706870744005,2.1130722016096115,block1:s2,stock_fcfs,mixed,1785154044.0642729,1785154044.0663867,1785154044.6493628,1785154045.6371694,,,
block1-000399,593.0631707888097,1627.8183168033138,37,217.5,592.7493480267003,1627.5044940412045,0.31382276210933924,block1:s2,stock_fcfs,mixed,1785154044.680561,1785154044.680875,1785154045.2736325,1785154046.3083878,,,
block1-000400,59.964203857816756,5194.463740801439,126,280.0,59.58523601293564,5194.084772956558,0.37896784488111734,block1:zero_tool,stock_fcfs,mixed,1785154044.8551583,1785154044.8555381,1785154044.9151359,1785154050.049635,,,
block1-000401,434.36331639532,1468.7257533660159,33,307.5,433.5932480171323,1467.9556849878281,0.770068378187716,block1:s3,stock_fcfs,mixed,1785154044.9916162,1785154044.9923868,1785154045.4259884,1785154046.460351,,,
block1-000402,66.04140729177743,6576.581920264289,161,47.5,65.45595300849527,6575.996465981007,0.5854542832821608,block1:zero_tool,stock_fcfs,mixed,1785154045.418515,1785154045.419101,1785154045.4845662,1785154051.9951067,,,
block1-000403,58.75285097863525,18775.639678933658,453,550.0,57.97378206625581,18774.86061002128,0.7790689123794436,block1:zero_tool,stock_fcfs,mixed,1785154045.6397762,1785154045.6405556,1785154045.6985388,1785154064.4154258,,,
block1-000404,63.49838385358453,5977.488860837184,146,17.5,63.43382108025253,5977.424298063852,0.06456277333199978,block1:zero_tool,stock_fcfs,mixed,1785154045.829571,1785154045.829636,1785154045.893081,1785154051.807071,,,
block1-000405,800.5224630469456,2140.968858031556,48,12.5,799.2982720024884,2139.7446669870988,1.2241910444572568,block1:s3,stock_fcfs,mixed,1785154045.8678896,1785154045.8691144,1785154046.6684198,1785154048.008866,,,
block1-000406,916.6701913345605,1913.6593693401664,43,395.0,915.5217339284718,1912.5109119340777,1.1484574060887098,block1:s3,stock_fcfs,mixed,1785154046.0004978,1785154046.001647,1785154046.9171927,1785154047.9141817,,,
block1-000407,531.6150840371847,1871.9140400644392,43,105.0,531.4543199492618,1871.7532759765163,0.1607640879228711,block1:s3,stock_fcfs,mixed,1785154046.1748216,1785154046.1749825,1785154046.706444,1785154048.0467432,,,
block1-000408,799.481219262816,2061.054551275447,48,17.5,798.9008539589122,2060.474185971543,0.5803653039038181,block1:s4,stock_fcfs,mixed,1785154046.4604447,1785154046.4610255,1785154047.2599335,1785154048.5215068,,,
block1-000409,777.4420594796538,2034.879847546108,48,155.0,777.1904359105974,2034.6282239770517,0.2516235690563917,block1:s4,stock_fcfs,mixed,1785154046.713364,1785154046.713616,1785154047.4908147,1785154048.7482526,,,
block1-000410,742.3033028608188,1997.2131808754057,48,287.5,741.6245189961046,1996.5343970106915,0.6787838647142053,block1:s4,stock_fcfs,mixed,1785154046.9207675,1785154046.9214466,1785154047.6630805,1785154048.9179904,,,
block1-000411,703.1103696208447,1953.9602826116607,48,15.0,702.1376879420131,1952.987600932829,0.9726816788315773,block1:s4,stock_fcfs,mixed,1785154047.1139476,1785154047.1149204,1785154047.817067,1785154049.0679169,,,
block1-000412,695.7132365787402,1941.8431886006147,48,287.5,694.6024260250852,1940.7323780469596,1.1108105536550283,block1:s4,stock_fcfs,mixed,1785154048.0707436,1785154048.0718546,1785154048.7664647,1785154050.012595,,,
block1-000413,703.8016266888008,1901.630990789272,48,117.5,703.6225619958714,1901.4519260963425,0.1790646929293871,block1:s4,stock_fcfs,mixed,1785154049.1912112,1785154049.1913905,1785154049.8950198,1785154051.0928493,,,
block1-000414,65.82447956316173,7083.4346355404705,167,115.0,65.27724408078939,7082.887400058098,0.5472354823723435,block1:zero_tool,stock_fcfs,mixed,1785154049.418041,1785154049.4185886,1785154049.4838746,1785154056.5014846,,,
block1-000415,63.93448682501912,6282.409647828899,147,135.0,63.32380196545273,6281.798962969333,0.6106848595663905,block1:zero_tool,stock_fcfs,mixed,1785154049.8358872,1785154049.8364983,1785154049.8998291,1785154056.1183045,,,
block1-000416,69.40477935131639,9206.909130327404,218,282.5,67.38505605608225,9204.88940703217,2.0197232952341437,block1:zero_tool,stock_fcfs,mixed,1785154050.662825,1785154050.6648452,1785154050.7322376,1785154059.8697422,,,
block1-000417,60.09342544712126,7109.171486459672,165,152.5,59.60664595477283,7108.684706967324,0.48677949234843254,block1:zero_tool,stock_fcfs,mixed,1785154050.6722732,1785154050.6727602,1785154050.7323747,1785154057.7814531,,,
block1-000418,477.64493559952825,1517.3003046074882,36,20.0,476.94523504469544,1516.6006040526554,0.6997005548328161,block1:s1,stock_fcfs,mixed,1785154050.7306807,1785154050.7313807,1785154051.2083347,1785154052.2479901,,,
block1-000419,66.50355958845466,6964.304110617377,161,357.5,64.71743597649038,6962.517987005413,1.7861236119642854,block1:zero_tool,stock_fcfs,mixed,1785154051.1229868,1785154051.124773,1785154051.1894987,1785154058.087299,,,
block1-000420,563.5358749423176,1741.2277249386534,36,357.5,562.5264340778813,1740.218284074217,1.0094408644363284,block1:s1,stock_fcfs,mixed,1785154051.243197,1785154051.244207,1785154051.806749,1785154052.984441,,,
block1-000421,110.49749085213989,2839.875934878364,61,15.0,109.74121803883463,2839.119662065059,0.7562728133052588,block1:s1,stock_fcfs,mixed,1785154051.5804503,1785154051.581207,1785154051.6909578,1785154054.4203358,,,
block1-000422,392.7685833768919,1686.7698263376951,36,287.5,392.27999502327293,1686.2812379840761,0.48858835361897945,block1:s1,stock_fcfs,mixed,1785154051.618468,1785154051.618957,1785154052.0112464,1785154053.3052475,,,
block1-000423,559.4253370072693,1655.24281503167,34,412.5,558.8536279974505,1654.6711060218513,0.5717090098187327,block1:s1,stock_fcfs,mixed,1785154051.9302287,1785154051.9308012,1785154052.4896662,1785154053.585484,,,
block1-000424,525.4256504122168,1815.5070383800194,37,117.5,524.8989659594372,1814.9803539272398,0.5266844527795911,block1:s2,stock_fcfs,mixed,1785154052.0018969,1785154052.0024238,1785154052.5273318,1785154053.8174133,,,
block1-000425,782.8605003887787,1826.3535354053602,38,155.0,782.5273169437423,1826.0203519603238,0.3331834450364113,block1:s2,stock_fcfs,mixed,1785154052.2264943,1785154052.2268279,1785154053.0093634,1785154054.052857,,,
block1-000426,59.30456076748669,7003.131381701678,165,12.5,58.41881001833826,7002.24563095253,0.8857507491484284,block1:zero_tool,stock_fcfs,mixed,1785154052.3549888,1785154052.355875,1785154052.4143014,1785154059.358128,,,
block1-000427,115.24426145479083,5879.485137411393,137,320.0,114.85560808796436,5879.096484044567,0.38865336682647467,block1:zero_tool,stock_fcfs,mixed,1785154052.556314,1785154052.556703,1785154052.6715672,1785154058.4358077,,,
block1-000428,655.1708451006562,1750.7358141010627,36,115.0,654.341178946197,1749.9061479466036,0.8296661544591188,block1:s2,stock_fcfs,mixed,1785154052.571425,1785154052.572255,1785154053.2266054,1785154054.3221703,,,
block1-000429,605.427504866384,1934.0579989366233,41,115.0,604.5182859525084,1933.1487800227478,0.9092189138755202,block1:s2,stock_fcfs,mixed,1785154052.5821712,1785154052.5830808,1785154053.1876066,1785154054.5162373,,,
block1-000430,705.514803645201,1800.4418766358867,38,110.0,704.6773390611634,1799.604412051849,0.8374645840376616,block1:s2,stock_fcfs,mixed,1785154052.5998209,1785154052.6006584,1785154053.3053415,1785154054.4002688,,,
block1-000431,676.6678447602317,1772.7616127813235,37,10.0,676.334667019546,1772.4284350406379,0.33317774068564177,block1:s2,stock_fcfs,mixed,1785154052.6089203,1785154052.6092536,1785154053.285595,1785154054.3816888,,,
block1-000432,106.78149363957345,5306.234653689899,125,10.0,105.55269301403314,5305.005853064358,1.228800625540316,block1:zero_tool,stock_fcfs,mixed,1785154052.877918,1785154052.8791475,1785154052.984713,1785154058.1841664,,,
block1-000433,765.6949439551681,2102.7326559415087,48,105.0,764.7823940496892,2101.8201060360298,0.9125499054789543,block1:s3,stock_fcfs,mixed,1785154052.8966138,1785154052.8975267,1785154053.6623201,1785154054.9993584,,,
block1-000434,59.95493126101792,9693.137068185024,235,135.0,59.322937042452395,9692.505073966458,0.6319942185655236,block1:zero_tool,stock_fcfs,mixed,1785154053.1085773,1785154053.10921,1785154053.1685486,1785154062.8017306,,,
block1-000435,797.7849201997742,2079.582830192521,48,172.5,796.21121508535,2078.009125078097,1.5737051144242287,block1:s3,stock_fcfs,mixed,1785154053.3329277,1785154053.334502,1785154054.1307223,1785154055.41252,,,
block1-000436,81.36870060116053,18309.979948564433,447,85.0,80.31493704766035,18308.926185010932,1.0537635535001755,block1:zero_tool,stock_fcfs,mixed,1785154053.40154,1785154053.4025943,1785154053.4829185,1785154071.7115293,,,
block1-000437,74.63278342038393,5059.858799446374,121,132.5,73.98242095950991,5059.2084369855,0.650362460874021,block1:zero_tool,stock_fcfs,mixed,1785154053.5110948,1785154053.5117455,1785154053.5858626,1785154058.5710888,,,
block1-000438,788.5439150268212,1989.260658971034,46,10.0,787.9935270175338,1988.7102709617466,0.5503880092874169,block1:s3,stock_fcfs,mixed,1785154053.572117,1785154053.5726678,1785154054.3606725,1785154055.5613897,,,
block1-000439,738.90087637119,2090.150815434754,48,395.0,738.2181630237028,2089.4681020872667,0.6827133474871516,block1:s3,stock_fcfs,mixed,1785154053.969353,1785154053.9700365,1785154054.7082644,1785154056.059514,,,
block1-000440,706.8612514995039,2058.2749594468623,48,85.0,706.3527039717883,2057.766411919147,0.5085475277155638,block1:s4,stock_fcfs,mixed,1785154054.098287,1785154054.098796,1785154054.8051577,1785154056.1565711,,,
block1-000441,67.60639569256455,7373.920402722433,180,95.0,66.37127103749663,7372.685278067365,1.2351246550679207,block1:zero_tool,stock_fcfs,mixed,1785154055.2792485,1785154055.2804837,1785154055.346865,1785154062.6531785,,,
block1-000442,65.69136306643486,6991.916739032604,171,545.0,65.50050305668265,6991.725879022852,0.19086000975221395,block1:zero_tool,stock_fcfs,mixed,1785154055.3467312,1785154055.3469222,1785154055.4124305,1785154062.3386555,,,
block1-000443,777.4590267799795,2115.2483677724376,48,10.0,777.0177879137918,2114.80712890625,0.4412388661876321,block1:s4,stock_fcfs,mixed,1785154055.3586571,1785154055.3590994,1785154056.1361334,1785154057.473923,,,
block1-000444,778.9967594435439,2118.986412533559,49,17.5,778.7078419933096,2118.6974950833246,0.28891745023429394,block1:s4,stock_fcfs,mixed,1785154055.5693383,1785154055.5696273,1785154056.3483431,1785154057.688333,,,
block1-000445,733.1146911019459,2052.338731009513,48,12.5,732.4462370015681,2051.6702769091353,0.6684541003778577,block1:s4,stock_fcfs,mixed,1785154055.7295532,1785154055.7302222,1785154056.4626803,1785154057.7819042,,,
block1-000446,730.5428154068068,2044.996983371675,49,152.5,729.5449479715899,2043.999115936458,0.9978674352169037,block1:s4,stock_fcfs,mixed,1785154056.1957402,1785154056.1967387,1785154056.9262972,1785154058.2407508,,,
block1-000447,712.2300248593092,1975.0178678659722,48,17.5,711.2875159364194,1974.0753589430824,0.9425089228898287,block1:s4,stock_fcfs,mixed,1785154056.6137779,1785154056.6147208,1785154057.3260174,1785154058.5888052,,,
block1-000448,65.52109192125499,4710.197373875417,117,105.0,65.26882399339229,4709.945105947554,0.2522679278627038,block1:zero_tool,stock_fcfs,mixed,1785154056.8216217,1785154056.8218744,1785154056.8872771,1785154061.5319533,,,
block1-000449,73.7168564228341,2781.1077794758603,69,172.5,73.53469298686832,2780.9256160398945,0.18216343596577644,block1:s1,stock_fcfs,mixed,1785154056.9196393,1785154056.9198225,1785154056.9933681,1785154059.7007587,,,
block1-000450,61.95400457363576,9157.446835655719,223,297.5,60.54097192827612,9156.03380301036,1.4130326453596354,block1:zero_tool,stock_fcfs,mixed,1785154057.2435255,1785154057.2449393,1785154057.3054879,1785154066.4009807,,,
block1-000451,508.1953766057268,1715.444217552431,42,170.0,506.26949698198587,1713.51833792869,1.9258796237409115,block1:s1,stock_fcfs,mixed,1785154057.3567345,1785154057.358661,1785154057.8649416,1785154059.07219,,,
block1-000452,64.41548769362271,9920.149146695621,241,17.5,64.19544806703925,9919.929107069038,0.220039626583457,block1:zero_tool,stock_fcfs,mixed,1785154057.7229862,1785154057.7232068,1785154057.7874098,1785154067.6431434,,,
block1-000453,73.54586257133633,2627.4534235708416,65,135.0,73.21443501859903,2627.1219960181043,0.3314275527372956,block1:s1,stock_fcfs,mixed,1785154057.956748,1785154057.95708,1785154058.0303078,1785154060.5842154,,,
block1-000454,66.11543241888285,30976.49897041265,753,117.5,65.58799301274121,30975.971531006508,0.5274394061416388,block1:zero_tool,stock_fcfs,mixed,1785154058.3519487,1785154058.3524764,1785154058.4180734,1785154089.3284566,,,
block1-000455,477.39086975343525,1352.1161618409678,33,92.5,477.07909694872797,1351.8043890362605,0.31177280470728874,block1:s1,stock_fcfs,mixed,1785154058.6529698,1785154058.653283,1785154059.130382,1785154060.0051072,,,
block1-000456,630.4566266480833,1590.1111295679584,38,145.0,629.6120840124786,1589.2665869323537,0.8445426356047392,block1:s2,stock_fcfs,mixed,1785154058.9937534,1785154058.9945986,1785154059.6242208,1785154060.583876,,,
block1-000457,538.5298952460289,1732.8233273001388,42,60.0,537.8388189710677,1732.1322510251775,0.6910762749612331,block1:s2,stock_fcfs,mixed,1785154060.324036,1785154060.3247278,1785154060.8625762,1785154062.0568693,,,
block1-000458,582.8886542003602,1833.589134272188,43,20.0,581.8980939220637,1832.5985739938915,0.9905602782964706,block1:s2,stock_fcfs,mixed,1785154061.1546078,1785154061.1555989,1785154061.7375062,1785154062.9882064,,,
block1-000459,535.4109546169639,1776.8697396386415,43,22.5,534.5404220279306,1775.9992070496082,0.870532589033246,block1:s2,stock_fcfs,mixed,1785154061.3328004,1785154061.3336723,1785154061.8682253,1785154063.1096842,,,
block1-000460,533.3704915829003,1826.412193593569,42,282.5,533.1068569794297,1826.1485589900985,0.2636346034705639,block1:s2,stock_fcfs,mixed,1785154062.0817647,1785154062.0820286,1785154062.6151428,1785154063.9081845,,,
block1-000461,477.4269756162539,1770.4734075814486,41,550.0,475.39762302767485,1768.4440549928695,2.0293525885790586,block1:s2,stock_fcfs,mixed,1785154062.156445,1785154062.158475,1785154062.633995,1785154063.9270415,,,
block1-000462,623.0733940610662,1643.9531081123278,38,140.0,621.8467339640483,1642.7264480153099,1.2266600970178843,block1:s2,stock_fcfs,mixed,1785154062.5275817,1785154062.5288093,1785154063.1506689,1785154064.1715486,,,
block1-000463,319.09215182531625,1350.7301658391953,31,350.0,317.4168380210176,1349.0548520348966,1.6753138042986393,block1:s2,stock_fcfs,mixed,1785154062.6324759,1785154062.634152,1785154062.9515815,1785154063.9832194,,,
block1-000464,55.295550962910056,6066.143522970378,147,117.5,54.244527011178434,6065.092499018647,1.0510239517316222,block1:zero_tool,stock_fcfs,mixed,1785154062.937874,1785154062.938926,1785154062.9931834,1785154069.0040317,,,
block1-000465,59.85811015125364,5273.286997224204,126,155.0,59.21580700669438,5272.644694079645,0.6423031445592642,block1:zero_tool,stock_fcfs,mixed,1785154063.0308433,1785154063.0314863,1785154063.0907152,1785154068.3041441,,,
block1-000466,772.3984128097072,2063.4087027283385,48,322.5,771.6967010637745,2062.706990982406,0.7017117459326982,block1:s3,stock_fcfs,mixed,1785154063.0972965,1785154063.0979989,1785154063.8697052,1785154065.1607156,,,
block1-000467,732.8951536910608,2099.623359623365,48,135.0,731.6153110004961,2098.3435169328004,1.279842690564692,block1:s3,stock_fcfs,mixed,1785154063.2878568,1785154063.2891371,1785154064.020888,1785154065.3876162,,,
block1-000468,66.54114124830812,6703.37485417258,163,17.5,65.93140307813883,6702.765116002411,0.6097381701692939,block1:zero_tool,stock_fcfs,mixed,1785154063.462069,1785154063.4626791,1785154063.5286202,1785154070.165454,,,
block1-000469,582.7616743044928,1874.2157323285937,43,92.5,582.4358520330861,1873.889910057187,0.32582227140665054,block1:s3,stock_fcfs,mixed,1785154063.5130281,1785154063.5133545,1785154064.0957994,1785154065.387254,,,
block1-000470,924.418953480199,1934.523718431592,43,297.5,923.9976990502328,1934.1024640016258,0.4212544299662113,block1:s3,stock_fcfs,mixed,1785154064.5186658,1785154064.5190883,1785154065.4431007,1785154066.453206,,,
block1-000471,63.4181770728901,5266.592646017671,128,17.5,62.78300401754677,5265.957472962327,0.6351730553433299,block1:zero_tool,stock_fcfs,mixed,1785154064.6739588,1785154064.6745944,1785154064.7373884,1785154069.9405627,,,
block1-000472,778.3362903865054,2139.447318390012,48,395.0,777.9000169830397,2139.011044986546,0.43627340346574783,block1:s4,stock_fcfs,mixed,1785154064.7974217,1785154064.797858,1785154065.5757644,1785154066.9368756,,,
block1-000473,110.73047248646617,5033.6987734772265,122,395.0,110.32609501853585,5033.294396009296,0.4043774679303169,block1:zero_tool,stock_fcfs,mixed,1785154064.8498864,1785154064.8502913,1785154064.9606261,1785154069.8835943,,,
block1-000474,69.8918296257034,6699.610003619455,165,307.5,69.65963903348893,6699.37781302724,0.23219059221446514,block1:zero_tool,stock_fcfs,mixed,1785154064.8999124,1785154064.9001448,1785154064.9699373,1785154071.5996556,,,
block1-000475,770.9309075726196,2130.1845925627276,48,132.5,770.0643469579518,2129.31803194806,0.8665606146678329,block1:s4,stock_fcfs,mixed,1785154065.205,1785154065.205867,1785154065.9759426,1785154067.3351965,,,
block1-000476,747.7255326230079,2106.3723496627063,48,117.5,747.3470430122688,2105.993860051967,0.3784896107390523,block1:s4,stock_fcfs,mixed,1785154065.246685,1785154065.2470639,1785154065.9944196,1785154067.3530667,,,
block1-000477,748.6687882337719,2053.065659245476,48,15.0,747.6520619820803,2052.0489329937845,1.0167262516915798,block1:s4,stock_fcfs,mixed,1785154065.7049997,1785154065.706018,1785154066.4536853,1785154067.7580824,,,
block1-000478,759.3968623550609,2032.2616613702849,48,572.5,758.844010066241,2031.708809081465,0.5528522888198495,block1:s4,stock_fcfs,mixed,1785154066.1392531,1785154066.1398067,1785154066.8986619,1785154068.1715264,,,
block1-000479,749.3505750317127,2002.6528980815783,48,17.5,749.0863469429314,2002.388669992797,0.2642280887812376,block1:s4,stock_fcfs,mixed,1785154066.3590248,1785154066.35929,1785154067.1083934,1785154068.3616958,,,
block1-000480,574.1370896575972,1749.5265057077631,43,52.5,573.6683850409463,1749.0578010911122,0.468704616650939,block1:s1,stock_fcfs,mixed,1785154066.6498132,1785154066.6502821,1785154067.2239587,1785154068.3993485,,,
block1-000481,99.93110911455005,2765.5822791857645,69,47.5,97.79155196156353,2763.442722032778,2.1395571529865265,block1:s1,stock_fcfs,mixed,1785154066.9494634,1785154066.9516037,1785154067.0494096,1785154069.7150612,,,
block1-000482,532.8610829310492,1686.8169698864222,43,15.0,531.9535520393401,1685.9094389947131,0.9075308917090297,block1:s1,stock_fcfs,mixed,1785154066.9949706,1785154066.9958787,1785154067.5278423,1785154068.6817982,,,
block1-000483,75.20026504062116,2902.5966379558668,72,105.0,74.85175807960331,2902.248130994849,0.34850696101784706,block1:s1,stock_fcfs,mixed,1785154067.2391126,1785154067.2394621,1785154067.3143277,1785154070.141724,,,
block1-000484,71.06790586840361,9733.371995855123,238,350.0,70.52381499670446,9732.827904983424,0.5440908716991544,block1:zero_tool,stock_fcfs,mixed,1785154067.3240404,1785154067.3245847,1785154067.395119,1785154077.0574229,,,
block1-000485,76.33719337172806,2494.152824394405,62,155.0,75.63035597559065,2493.4459869982675,0.7068373961374164,block1:s1,stock_fcfs,mixed,1785154067.8070648,1785154067.8077729,1785154067.8834193,1785154070.3012347,,,
block1-000486,82.26779173128307,2706.2617796473205,67,60.0,81.38599502854049,2705.379982944578,0.8817967027425766,block1:s1,stock_fcfs,mixed,1785154069.1026886,1785154069.1035714,1785154069.1849718,1785154071.808966,,,
block1-000487,61.7680688155815,6342.7093317732215,151,92.5,60.966430930420756,6341.907693888061,0.8016378851607442,block1:zero_tool,stock_fcfs,mixed,1785154069.1633337,1785154069.1641357,1785154069.225113,1785154075.5060542,,,
block1-000488,516.6799239814281,1689.2931909533218,41,17.5,516.5183410281315,1689.1316080000252,0.16158295329660177,block1:s2,stock_fcfs,mixed,1785154069.2160153,1785154069.2161772,1785154069.7327049,1785154070.9053183,,,
block1-000489,61.808183090761304,4233.8124411180615,103,322.5,60.974420979619026,4232.978679006919,0.8337621111422777,block1:zero_tool,stock_fcfs,mixed,1785154069.3108308,1785154069.3116648,1785154069.372648,1785154073.5446522,,,
block1-000490,517.0945845311508,1457.6705035287887,36,17.5,514.8805970093235,1455.4565160069615,2.213987521827221,block1:s2,stock_fcfs,mixed,1785154069.914117,1785154069.9163327,1785154070.4312303,1785154071.3718064,,,
block1-000491,56.401626323349774,15722.7005623281,380,15.0,55.675021023489535,15721.97395702824,0.726605299860239,block1:zero_tool,stock_fcfs,mixed,1785154070.0909498,1785154070.0916767,1785154070.1473594,1785154085.8136585,,,
block1-000492,59.66844444628805,7176.6437435289845,174,60.0,58.968278928659856,7175.943578011356,0.7001655176281929,block1:zero_tool,stock_fcfs,mixed,1785154070.2214854,1785154070.222186,1785154070.281253,1785154077.3982284,,,
block1-000493,437.70358932670206,1768.7048632651567,41,357.5,437.3012980213389,1768.3025719597936,0.40229130536317825,block1:s2,stock_fcfs,mixed,1785154070.6372478,1785154070.6376505,1785154071.0749593,1785154072.4059613,,,
block1-000494,508.4389158291742,1570.6196188693866,36,95.0,507.03535589855164,1569.216058938764,1.4035599306225777,block1:s2,stock_fcfs,mixed,1785154071.0720325,1785154071.0734365,1785154071.5804904,1785154072.642671,,,
block1-000495,65.71105448529124,13846.928204409778,332,12.5,64.81079699005932,13846.027946914546,0.9002574952319264,block1:zero_tool,stock_fcfs,mixed,1785154071.4398065,1785154071.4407077,1785154071.505533,1785154085.2867498,,,
block1-000496,471.52049222495407,1468.6743401689455,32,820.0,470.46033304650337,1467.6141809904948,1.0601591784507036,block1:s3,stock_fcfs,mixed,1785154071.7501564,1785154071.751217,1785154072.2216861,1785154073.2188396,,,
block1-000497,774.9546855920926,2149.7698054881766,48,60.0,774.2181040812284,2149.0332239773124,0.7365815108641982,block1:s3,stock_fcfs,mixed,1785154071.9053512,1785154071.9060879,1785154072.6803145,1785154074.0551295,,,
block1-000498,648.1845089001581,1718.1010529166088,38,12.5,647.5159690016881,1717.4325130181387,0.6685398984700441,block1:s3,stock_fcfs,mixed,1785154072.0323875,1785154072.0330567,1785154072.6805882,1785154073.7505043,,,
block1-000499,743.3642190881073,2081.598496180959,48,15.0,742.5630029756576,2080.7972800685093,0.8012161124497652,block1:s3,stock_fcfs,mixed,1785154072.1855247,1785154072.1863265,1785154072.928902,1785154074.267136,,,
block1-000500,72.6899056462571,6390.7161466777325,154,20.0,72.53045798279345,6390.556699014269,0.15944766346365213,block1:zero_tool,stock_fcfs,mixed,1785154072.3405461,1785154072.340706,1785154072.413379,1785154078.7314053,,,
block1-000501,70.67723735235631,5262.30440440122,128,15.0,69.97501791920513,5261.602184968069,0.7022194331511855,block1:zero_tool,stock_fcfs,mixed,1785154072.342754,1785154072.3434565,1785154072.4134395,1785154077.605067,,,
block1-000502,55.81253778655082,9427.83711582888,225,187.5,54.76256494875997,9426.787142991088,1.0499728377908468,block1:zero_tool,stock_fcfs,mixed,1785154072.7631683,1785154072.7642188,1785154072.8191097,1785154082.1911342,,,
block1-000503,711.567917256616,2063.979082275182,48,10.0,711.2700199941173,2063.6811850126833,0.2978972624987364,block1:s3,stock_fcfs,mixed,1785154072.7735164,1785154072.7738147,1785154073.4850943,1785154074.8375053,,,
block1-000504,56.51542847044766,5625.766840530559,135,217.5,55.94536999706179,5625.196782057174,0.5700584733858705,block1:zero_tool,stock_fcfs,mixed,1785154073.1425953,1785154073.143166,1785154073.1991227,1785154078.768374,,,
block1-000505,781.9540636846796,2154.6292926650494,48,12.5,781.6182470414788,2154.2934760218486,0.3358166432008147,block1:s4,stock_fcfs,mixed,1785154073.39015,1785154073.390486,1785154074.172113,1785154075.5447876,,,
block1-000506,732.5072311796248,2122.118596220389,48,115.0,731.3371850177646,2120.948550058529,1.1700461618602276,block1:s4,stock_fcfs,mixed,1785154073.4963026,1785154073.4974735,1785154074.2288244,1785154075.6184359,,,
block1-000507,694.5974935078993,2071.093217469752,48,12.5,694.165194989182,2070.6609189510345,0.43229851871728897,block1:s4,stock_fcfs,mixed,1785154073.630137,1785154073.63057,1785154074.3247445,1785154075.70124,,,
block1-000508,66.68974342755973,6474.337052437477,155,320.0,65.73852396104485,6473.385832970962,0.9512194665148854,block1:zero_tool,stock_fcfs,mixed,1785154074.105554,1785154074.1065056,1785154074.1722553,1785154080.5799036,,,
block1-000509,798.3062404673547,2068.3713144389912,48,412.5,796.3739309925586,2066.439004964195,1.9323094747960567,block1:s4,stock_fcfs,mixed,1785154074.5069926,1785154074.5089262,1785154075.3053226,1785154076.5753875,,,
block1-000510,768.269655527547,2030.2449595183134,48,217.5,767.7626990480348,2029.7380030388013,0.5069564795121551,block1:s4,stock_fcfs,mixed,1785154074.8739815,1785154074.8744886,1785154075.6422586,1785154076.904234,,,
block1-000511,737.9769535036758,1998.5788634512573,48,187.5,736.1597679555416,1996.7616779031232,1.8171855481341481,block1:s4,stock_fcfs,mixed,1785154075.0775177,1785154075.0793355,1785154075.8155053,1785154077.0761073,,,
block1-000512,590.396267012693,1773.551177000627,43,297.5,589.6444180980325,1772.7993280859664,0.7518489146605134,block1:s1,stock_fcfs,mixed,1785154075.1107175,1785154075.1114695,1785154075.7011218,1785154076.884277,,,
block1-000513,82.09318073932081,2600.8274507476017,66,70.0,81.22259506490082,2599.9568650731817,0.8705856744199991,block1:s1,stock_fcfs,mixed,1785154075.2884614,1785154075.2893324,1785154075.3705635,1785154077.8892982,,,
block1-000514,538.2765210233629,1709.903325070627,43,95.0,538.0886310013011,1709.7154350485653,0.1878900220617652,block1:s1,stock_fcfs,mixed,1785154075.555995,1785154075.5561833,1785154076.0942814,1785154077.2659085,,,
block1-000515,640.6579799950123,1786.207191995345,45,395.0,640.4625569703057,1786.0117689706385,0.1954230247065425,block1:s1,stock_fcfs,mixed,1785154075.9537632,1785154075.953959,1785154076.5945601,1785154077.74011,,,
block1-000516,505.8751767501235,1535.3404647903517,39,20.0,504.70607599709183,1534.17136403732,1.169100753031671,block1:s1,stock_fcfs,mixed,1785154076.0887547,1785154076.0899243,1785154076.5946398,1785154077.6241055,,,
block1-000517,67.99366464838386,14600.535732577555,356,100.0,65.87644305545837,14598.41851098463,2.117221592925489,block1:zero_tool,stock_fcfs,mixed,1785154076.166975,1785154076.1690927,1785154076.234981,1785154090.767523,,,
block1-000518,81.94315189030021,2754.342064843513,66,60.0,81.41202502883971,2753.8109379820526,0.5311268614605069,block1:s1,stock_fcfs,mixed,1785154076.2801857,1785154076.2807171,1785154076.3621395,1785154079.0345385,,,
block1-000519,55.82799296826124,12766.665244940668,309,15.0,55.434812093153596,12766.27206406556,0.393180875107646,block1:zero_tool,stock_fcfs,mixed,1785154077.6841145,1785154077.6845078,1785154077.7399511,1785154090.4507883,,,
block1-000520,522.1171040320769,1606.4655660884455,34,85.0,520.5799469258636,1604.9284089822322,1.5371571062132716,block1:s2,stock_fcfs,mixed,1785154077.990793,1785154077.9923306,1785154078.5129209,1785154079.5972695,,,
block1-000521,731.0581343481317,1757.725143339485,38,117.5,730.7544290088117,1757.421438000165,0.303705339320004,block1:s2,stock_fcfs,mixed,1785154078.2263627,1785154078.2266667,1785154078.9574313,1785154079.9840982,,,
block1-000522,622.9843646287918,1616.0045596770942,36,357.5,621.8059679958969,1614.8261630441993,1.1783966328948736,block1:s2,stock_fcfs,mixed,1785154078.5964534,1785154078.597632,1785154079.2194483,1785154080.2124684,,,
block1-000523,639.4458006834611,1902.421863633208,43,70.0,638.3745459606871,1901.350608910434,1.0712547227740288,block1:s2,stock_fcfs,mixed,1785154078.6559749,1785154078.6570468,1785154079.2954304,1785154080.5584073,,,
block1-000524,518.6290692072362,1551.933143287897,35,115.0,517.5883480114862,1550.8924220921472,1.0407211957499385,block1:s2,stock_fcfs,mixed,1785154078.814822,1785154078.8158634,1785154079.3334665,1785154080.3667707,,,
block1-000525,62.303970218636096,7327.599426149391,177,15.0,62.10825697053224,7327.403712901287,0.19571324810385704,block1:zero_tool,stock_fcfs,mixed,1785154078.895241,1785154078.895437,1785154078.9575527,1785154086.2228484,,,
block1-000526,89.47384811472148,2830.0833090906963,67,20.0,88.89082609675825,2829.500287072733,0.5830220179632306,block1:s2,stock_fcfs,mixed,1785154079.0341601,1785154079.0347433,1785154079.1236422,1785154081.8642516,,,
block1-000527,360.49669655039907,1578.7544475169852,37,110.0,359.5055710757151,1577.7633220423013,0.9911254746839404,block1:s2,stock_fcfs,mixed,1785154079.5089452,1785154079.5099368,1785154079.8694518,1785154081.0877097,,,
block1-000528,751.9826976349577,2063.5762487072498,48,52.5,750.353105016984,2061.946656089276,1.6295926179736853,block1:s3,stock_fcfs,mixed,1785154079.6892223,1785154079.6908526,1785154080.4412308,1785154081.7528248,,,
block1-000529,90.93105141073465,7076.585247414187,172,10.0,90.33855202142149,7075.992748024873,0.5924993893131614,block1:zero_tool,stock_fcfs,mixed,1785154079.7116182,1785154079.7122116,1785154079.8025618,1785154086.788216,,,
block1-000530,57.46961431577802,6614.396107383072,161,75.0,56.537978001870215,6613.464471069165,0.9316363139078021,block1:zero_tool,stock_fcfs,mixed,1785154079.8118982,1785154079.8128302,1785154079.869378,1785154086.4263046,,,
block1-000531,741.2695757811889,2075.2576427767053,48,20.0,740.5633029993623,2074.5513699948788,0.7062727818265557,block1:s3,stock_fcfs,mixed,1785154080.2324994,1785154080.2332063,1785154080.9737785,1785154082.3077662,,,
block1-000532,88.5027062613517,5429.222410195507,132,322.5,88.28993805218488,5429.00964198634,0.21276820916682482,block1:zero_tool,stock_fcfs,mixed,1785154080.2779553,1785154080.2781682,1785154080.3664687,1785154085.7071884,,,
block1-000533,705.655611352995,2094.4564134115353,48,320.0,704.9715359462425,2093.772338004783,0.6840754067525268,block1:s3,stock_fcfs,mixed,1785154080.5335855,1785154080.5342698,1785154081.2392502,1785154082.6280503,,,
block1-000534,862.7964559709653,1911.1026850296184,43,152.5,861.8686379631981,1910.1748670218512,0.9278180077672005,block1:s3,stock_fcfs,mixed,1785154081.1573482,1785154081.1582766,1785154082.0201614,1785154083.0684674,,,
block1-000535,816.7810457525775,2079.6142807230353,48,170.0,816.0558299859986,2078.8890649564564,0.7252157665789127,block1:s3,stock_fcfs,mixed,1785154081.6575456,1785154081.6582713,1785154082.4743376,1785154083.7371707,,,
block1-000536,60.30258059035987,7916.811908595264,194,115.0,59.5954570453614,7916.1047850502655,0.707123544998467,block1:zero_tool,stock_fcfs,mixed,1785154081.8837228,1785154081.8844304,1785154081.944035,1785154089.800544,,,
block1-000537,772.4746324820444,2071.239292505197,48,10.0,772.2441639052704,2071.008823928423,0.23046857677400112,block1:s4,stock_fcfs,mixed,1785154081.9305756,1785154081.9308069,1785154082.703061,1785154084.0018258,,,
block1-000538,772.6262346841395,2029.1302737314254,48,12.5,771.6404859675094,2028.1445250147954,0.9857487166300416,block1:s4,stock_fcfs,mixed,1785154082.2766259,1785154082.277612,1785154083.0492613,1785154084.3057654,,,
block1-000539,757.7288603642955,2013.9645002782345,48,115.0,757.4832690879703,2013.7189090019092,0.24559127632528543,block1:s4,stock_fcfs,mixed,1785154082.3108342,1785154082.3110802,1785154083.0685706,1785154084.3248065,,,
block1-000540,700.4909353563562,1991.3645253982395,48,322.5,698.8306799903512,1989.7042700322345,1.6602553660050035,block1:s4,stock_fcfs,mixed,1785154082.7491913,1785154082.7508519,1785154083.449691,1785154084.740565,,,
block1-000541,56.166963768191636,6166.2650287617,153,17.5,55.579571053385735,6165.677636046894,0.587392714805901,block1:zero_tool,stock_fcfs,mixed,1785154082.916558,1785154082.917146,1785154082.9727387,1785154089.0828362,,,
block1-000542,687.2657808708027,1969.8211229406297,48,20.0,686.2701869104058,1968.8255289802328,0.9955939603969455,block1:s4,stock_fcfs,mixed,1785154083.8636844,1785154083.8646805,1785154084.55096,1785154085.8335154,,,
block1-000543,690.651539945975,2000.2710310509428,48,545.0,690.2521220035851,1999.871613108553,0.39941794238984585,block1:s4,stock_fcfs,mixed,1785154084.5774083,1785154084.5778081,1785154085.26807,1785154086.5776894,,,
block1-000544,66.7758482741192,7864.049858180806,192,287.5,66.58450106624514,7863.858510972932,0.19134720787405968,block1:zero_tool,stock_fcfs,mixed,1785154085.298788,1785154085.2989798,1785154085.365574,1785154093.162848,,,
block1-000545,97.96500694938004,2784.879995044321,66,15.0,96.98350599501282,2783.8984940899536,0.9815009543672204,block1:s1,stock_fcfs,mixed,1785154085.3987608,1785154085.3997426,1785154085.4967356,1785154088.1836505,,,
block1-000546,635.9890714520589,1823.9443295169622,44,10.0,635.5329569196329,1823.4882149845362,0.45611453242599964,block1:s1,stock_fcfs,mixed,1785154085.4159405,1785154085.416397,1785154086.051982,1785154087.239937,,,
block1-000547,83.50911468733102,3010.726102744229,72,20.0,82.59209000971168,3009.80907806661,0.917024677619338,block1:s1,stock_fcfs,mixed,1785154085.67514,1785154085.6760585,1785154085.7586682,1785154088.6858852,,,
block1-000548,559.8406383069232,1818.2251912076026,42,282.5,559.3653930118307,1817.7499459125102,0.4752452950924635,block1:s1,stock_fcfs,mixed,1785154085.828405,1785154085.8288803,1785154086.388254,1785154087.6466389,,,
block1-000549,75.46818163245916,2528.9773856056854,61,485.0,74.93724906817079,2528.446453041397,0.5309325642883778,block1:s1,stock_fcfs,mixed,1785154086.2336977,1785154086.2342293,1785154086.309181,1785154088.7626898,,,
block1-000550,58.47105011343956,7903.819273109548,195,20.0,58.03189298603684,7903.380115982145,0.43915712740272284,block1:zero_tool,stock_fcfs,mixed,1785154086.2926795,1785154086.2931192,1785154086.3511608,1785154094.196509,,,
block1-000551,68.16868286114186,5981.536743813194,146,17.5,67.12958903517574,5980.497649987228,1.0390938259661198,block1:zero_tool,stock_fcfs,mixed,1785154086.6639183,1785154086.6649578,1785154086.7320995,1785154092.6454682,,,
block1-000552,554.4084194116294,1632.8519074013457,38,12.5,553.4820950124413,1631.9255830021575,0.9263243991881609,block1:s2,stock_fcfs,mixed,1785154086.9767635,1785154086.9776905,1785154087.5313106,1785154088.609754,,,
block1-000553,63.91290249302983,3614.5203264895827,89,550.0,63.26552294194698,3613.8729469385,0.6473795510828495,block1:zero_tool,stock_fcfs,mixed,1785154087.0055242,1785154087.006172,1785154087.0694463,1785154090.6200535,,,
block1-000554,632.4663353152573,1592.2791683115065,37,75.0,631.4279240323231,1591.2407570285723,1.0384112829342484,block1:s2,stock_fcfs,mixed,1785154087.1705225,1785154087.1715612,1785154087.8030024,1785154088.7628148,,,
block1-000555,594.6739611681551,1778.1954251695424,43,350.0,594.3970930529758,1777.9185570543632,0.2768681151792407,block1:s2,stock_fcfs,mixed,1785154087.2468934,1785154087.2471704,1785154087.8415751,1785154089.0250964,,,
block1-000556,545.6173446727917,1506.459063733928,36,350.0,544.6503889979795,1505.4921080591157,0.9669556748121977,block1:s2,stock_fcfs,mixed,1785154087.2756333,1785154087.2766006,1785154087.8212593,1785154088.782101,,,
block1-000557,603.1536492519081,1520.5785202560946,38,15.0,602.1681039128453,1519.5929749170318,0.9855453390628099,block1:s2,stock_fcfs,mixed,1785154087.7130299,1785154087.7140157,1785154088.316285,1785154089.2337096,,,
block1-000558,595.021088491194,1540.7196434680372,38,287.5,594.5313519332558,1540.229906910099,0.4897365579381585,block1:s2,stock_fcfs,mixed,1785154087.8790903,1785154087.879581,1785154088.4741273,1785154089.419826,,,
block1-000559,64.93286846671253,5658.952998463064,140,572.5,63.87355108745396,5657.893681083806,1.059317379258573,block1:zero_tool,stock_fcfs,mixed,1785154088.293708,1785154088.2947679,1785154088.3586502,1785154093.9526706,,,
block1-000560,692.7395040402189,1928.8499120157212,48,395.0,692.393364966847,1928.5037729423493,0.3461390733718872,block1:s3,stock_fcfs,mixed,1785154089.236701,1785154089.2370484,1785154089.9294553,1785154091.165566,,,
block1-000561,68.12027678824961,7327.653682790697,176,187.5,67.11904902476817,7326.652455027215,1.0012277634814382,block1:zero_tool,stock_fcfs,mixed,1785154089.7322178,1785154089.7332196,1785154089.8003495,1785154097.0598834,,,
block1-000562,58.94633010029793,8699.70880402252,208,412.5,57.95170308556408,8698.714177007787,0.994627014733851,block1:zero_tool,stock_fcfs,mixed,1785154089.741737,1785154089.7427318,1785154089.8006935,1785154098.441456,,,
block1-000563,425.52331287879497,1739.4180798437446,41,92.5,425.289856037125,1739.1846230020747,0.2334568416699767,block1:s3,stock_fcfs,mixed,1785154090.1942918,1785154090.194526,1785154090.6198251,1785154091.93372,,,
block1-000564,54.15916640777141,5494.959765463136,130,485.0,53.14429092686623,5493.944889982231,1.0148754809051752,block1:zero_tool,stock_fcfs,mixed,1785154090.719077,1785154090.7200925,1785154090.7732437,1785154096.214044,,,
block1-000565,646.2781510781497,1914.4620400620624,43,280.0,645.5300620291382,1913.713951013051,0.7480890490114689,block1:s3,stock_fcfs,mixed,1785154091.4175198,1785154091.4182682,1785154092.063807,1785154093.3319907,,,
block1-000566,925.3705324372277,1922.204457456246,43,75.0,925.1769640250131,1922.0108890440315,0.1935684122145176,block1:s3,stock_fcfs,mixed,1785154091.4304569,1785154091.430651,1785154092.3558362,1785154093.3526695,,,
block1-000567,533.5051917936653,1835.906672757119,43,140.0,531.6552279982716,1834.0567089617252,1.8499637953937054,block1:s3,stock_fcfs,mixed,1785154091.7045686,1785154091.7064195,1785154092.2380898,1785154093.540491,,,
block1-000568,98.10586017556489,7312.5614111777395,173,10.0,97.23460604436696,7311.690157046542,0.8712541311979294,block1:zero_tool,stock_fcfs,mixed,1785154092.036183,1785154092.0370548,1785154092.1342983,1785154099.348754,,,
block1-000569,737.2901034541428,2045.0721144443378,49,70.0,735.0914359558374,2042.8734469460323,2.19866749830544,block1:s4,stock_fcfs,mixed,1785154092.0578601,1785154092.060059,1785154092.795167,1785154094.1029491,,,
block1-000570,58.662826428189874,5610.37868342828,133,217.5,57.865862967446446,5609.581719967537,0.7969634607434273,block1:zero_tool,stock_fcfs,mixed,1785154092.2973132,1785154092.2981105,1785154092.3559875,1785154097.9077039,,,
block1-000571,68.74206638894975,7454.691836377606,177,10.0,68.45024297945201,7454.400012968108,0.2918234094977379,block1:zero_tool,stock_fcfs,mixed,1785154092.3669598,1785154092.3672519,1785154092.4357126,1785154099.8216624,,,
block1-000572,725.7429824676365,2076.5173925319687,48,572.5,724.95969501324,2075.734105077572,0.7832874543964863,block1:s4,stock_fcfs,mixed,1785154092.530162,1785154092.530946,1785154093.255917,1785154094.6066916,,,
block1-000573,54.740328807383776,7121.027855784632,170,135.0,54.067217046394944,7120.354744023643,0.6731117609888315,block1:zero_tool,stock_fcfs,mixed,1785154092.7454739,1785154092.7461472,1785154092.8002234,1785154099.8665109,,,
block1-000574,683.0730311339721,2050.132680218667,48,105.0,682.5144639005885,2049.574112985283,0.5585672333836555,block1:s4,stock_fcfs,mixed,1785154092.9121735,1785154092.9127324,1785154093.5952559,1785154094.9623156,,,
block1-000575,785.8500311849639,2163.908160175197,48,85.0,785.1826889673248,2163.2408179575577,0.6673422176390886,block1:s4,stock_fcfs,mixed,1785154093.7645411,1785154093.7652087,1785154094.5503995,1785154095.9284573,,,
block1-000576,646.4362175902352,1948.1338926125318,43,217.5,645.9710110211745,1947.668686043471,0.46520656906068325,block1:s1,stock_fcfs,mixed,1785154094.18888,1785154094.189346,1785154094.8353307,1785154096.1370287,,,
block1-000577,95.99356446415186,6890.097174444236,164,485.0,94.92624492850155,6889.029854908586,1.067319535650313,block1:zero_tool,stock_fcfs,mixed,1785154094.2721367,1785154094.2732043,1785154094.3681417,1785154101.162245,,,
block1-000578,582.9800487263128,1624.306998681277,36,115.0,582.0580190047622,1623.3849689597264,0.9220297215506434,block1:s1,stock_fcfs,mixed,1785154094.283144,1785154094.2840667,1785154094.8661351,1785154095.9074624,,,
block1-000579,52.36784170847386,6040.772867738269,143,412.5,51.873004995286465,6040.278031025082,0.4948367131873965,block1:zero_tool,stock_fcfs,mixed,1785154094.3535025,1785154094.3539977,1785154094.4058826,1785154100.3942876,,,
block1-000580,558.862341218628,1870.4027901403606,42,50.0,558.67100704927,1870.2114559710026,0.19133416935801506,block1:s1,stock_fcfs,mixed,1785154094.478957,1785154094.4791489,1785154095.0378299,1785154096.3493705,,,
block1-000581,66.8736674124375,5560.264717321843,132,17.5,65.15567505266517,5558.546724962071,1.7179923597723246,block1:zero_tool,stock_fcfs,mixed,1785154094.694054,1785154094.6957724,1785154094.7609396,1785154100.2543306,,,
block1-000582,77.95854297000915,2967.787481029518,69,60.0,77.50046998262405,2967.329408042133,0.45807298738509417,block1:s1,stock_fcfs,mixed,1785154094.7706456,1785154094.771104,1785154094.8486118,1785154097.7384412,,,
block1-000583,65.5920646386221,6877.263600588776,164,60.0,64.65431803371757,6876.325853983872,0.9377466049045324,block1:zero_tool,stock_fcfs,mixed,1785154095.0897381,1785154095.0906763,1785154095.1554766,1785154101.9671478,,,
block1-000584,544.9114810908213,1773.2594400877133,40,155.0,544.4880509749055,1772.8360099717975,0.4234301159158349,block1:s2,stock_fcfs,mixed,1785154095.3838723,1785154095.3842962,1785154095.9287934,1785154097.1571414,,,
block1-000585,671.8183334451169,1632.7404144685715,38,15.0,670.9656569873914,1631.887738010846,0.8526764577254653,block1:s2,stock_fcfs,mixed,1785154095.5628123,1785154095.5636654,1785154096.23464,1785154097.1955621,,,
block1-000586,641.5439107222483,1874.36392379459,43,107.5,640.5988109763712,1873.4188240487128,0.9450997458770871,block1:s2,stock_fcfs,mixed,1785154095.5723186,1785154095.5732644,1785154096.2138765,1785154097.4466965,,,
block1-000587,623.0029098223895,1855.178315890953,43,22.5,622.278599999845,1854.4540060684085,0.7243098225444555,block1:s2,stock_fcfs,mixed,1785154095.6114438,1785154095.612168,1785154096.234454,1785154097.4666297,,,
block1-000588,488.00016450695693,1507.2258674772456,35,395.0,487.63267404865474,1506.8583770189434,0.36749045830219984,block1:s2,stock_fcfs,mixed,1785154095.993491,1785154095.9938588,1785154096.4815009,1785154097.5007267,,,
block1-000589,95.22943221963942,5856.496572261676,141,115.0,94.84709496609867,5856.114235008135,0.3823372535407543,block1:zero_tool,stock_fcfs,mixed,1785154096.023274,1785154096.0236566,1785154096.118513,1785154101.87978,,,
block1-000590,103.42877369839698,2856.566564645618,67,17.5,102.17426798772067,2855.312058934942,1.2545057106763124,block1:s2,stock_fcfs,mixed,1785154096.7390676,1785154096.740323,1785154096.842513,1785154099.59565,,,
block1-000591,55.72978546842933,5530.92726750765,134,17.5,55.18366291653365,5530.381144955754,0.546122551895678,block1:zero_tool,stock_fcfs,mixed,1785154096.8461647,1785154096.8467114,1785154096.901907,1785154102.3771043,,,
block1-000592,67.4752495251596,8549.960378557444,211,287.5,66.2686510477215,8548.753780080006,1.2065984774380922,block1:zero_tool,stock_fcfs,mixed,1785154096.9149947,1785154096.9162023,1785154096.9824862,1785154105.464971,,,
block1-000593,101.16760095115751,5322.595083969645,128,60.0,100.72564298752695,5322.153126006015,0.44195796363055706,block1:zero_tool,stock_fcfs,mixed,1785154097.2809691,1785154097.2814114,1785154097.382146,1785154102.603573,,,
block1-000594,730.5449085542932,2113.7975396122783,49,85.0,730.3300149505958,2113.582646008581,0.21489360369741917,block1:s3,stock_fcfs,mixed,1785154097.2911537,1785154097.291369,1785154098.0217054,1785154099.4049585,,,
block1-000595,65.70257060229778,26551.364318584092,654,15.0,65.02300594002008,26550.684753921814,0.6795646622776985,block1:zero_tool,stock_fcfs,mixed,1785154097.4424055,1785154097.4430861,1785154097.508124,1785154123.993786,,,
block1-000596,732.0826884824783,2057.8352354932576,48,10.0,729.9234960228205,2055.6760430336,2.1591924596577883,block1:s3,stock_fcfs,mixed,1785154097.5376565,1785154097.5398164,1785154098.2697515,1785154099.595504,,,
block1-000597,723.4640708193183,1980.8323237812147,46,187.5,722.9277529986575,1980.2960059605539,0.5363178206607699,block1:s3,stock_fcfs,mixed,1785154098.1375337,1785154098.1380703,1785154098.861006,1785154100.118374,,,
block1-000598,862.7584631321952,1836.1852881498635,43,155.0,861.1064460128546,1834.5332710305229,1.6520171193405986,block1:s3,stock_fcfs,mixed,1785154098.320364,1785154098.3220162,1785154099.1831336,1785154100.1565602,,,
block1-000599,517.411096370779,1833.2626713672653,43,12.5,516.9108640402555,1832.7624390367419,0.5002323305234313,block1:s3,stock_fcfs,mixed,1785154098.926709,1785154098.9272094,1785154099.4441304,1785154100.759982,,,
block1-000600,73.18067864980549,7770.624150754884,194,10.0,72.31351896189153,7769.75699106697,0.8671596879139543,block1:zero_tool,stock_fcfs,mixed,1785154099.1177154,1785154099.118583,1785154099.1909053,1785154106.8883488,,,
block1-000601,69.4658278953284,6589.3958759261295,165,60.0,69.31650103069842,6589.2465490614995,0.1493268646299839,block1:zero_tool,stock_fcfs,mixed,1785154099.2795613,1785154099.279711,1785154099.3491912,1785154105.8691213,,,
block1-000602,98.25312253087759,6314.190167468041,158,15.0,97.83834405243397,6313.775388989598,0.4147784784436226,block1:zero_tool,stock_fcfs,mixed,1785154099.4157748,1785154099.41619,1785154099.514037,1785154105.7299738,,,
block1-000603,75.91604127082974,7035.346294287592,176,15.0,75.00780001282692,7034.438053029589,0.9082412580028176,block1:zero_tool,stock_fcfs,mixed,1785154099.4422033,1785154099.4431121,1785154099.5181346,1785154106.4775643,,,
block1-000604,64.09329257439822,5221.673448570073,130,15.0,63.19085299037397,5220.771008986048,0.9024395840242505,block1:zero_tool,stock_fcfs,mixed,1785154099.763985,1785154099.7648883,1785154099.8280933,1785154104.9856732,,,
block1-000605,720.905288704671,2026.6321307281032,48,22.5,719.9515249812976,2025.6783670047298,0.9537637233734131,block1:s4,stock_fcfs,mixed,1785154099.9406705,1785154099.9416254,1785154100.661591,1785154101.9673178,,,
block1-000606,99.35745527036488,6703.869299264625,167,60.0,98.04768301546574,6702.559527009726,1.3097722548991442,block1:zero_tool,stock_fcfs,mixed,1785154099.9602509,1785154099.9615612,1785154100.0596204,1785154106.6641316,,,
block1-000607,96.05634945910424,6810.867159394547,170,20.0,95.6476820865646,6810.458492022008,0.4086673725396395,block1:zero_tool,stock_fcfs,mixed,1785154099.9834993,1785154099.983909,1785154100.0795662,1785154106.7943773,,,
block1-000608,552.2965361597016,1779.2688531335443,43,25.0,549.9078320572153,1776.880149031058,2.388704102486372,block1:s1,stock_fcfs,mixed,1785154100.283128,1785154100.2855182,1785154100.8354414,1785154102.0624142,,,
block1-000609,71.86774141155183,7648.511839332059,193,47.5,71.03641401045024,7647.680511930957,0.8313274011015892,block1:zero_tool,stock_fcfs,mixed,1785154100.6882598,1785154100.6890914,1785154100.7601364,1785154108.3367805,,,
block1-000610,642.6617496181279,1805.6638265261427,44,10.0,642.4091750523075,1805.4112519603223,0.25257456582039595,block1:s1,stock_fcfs,mixed,1785154101.4572086,1785154101.4574616,1785154102.0998797,1785154103.2628818,,,
block1-000611,72.99360120669007,2903.4563382156193,73,15.0,71.90467102918774,2902.367408038117,1.0889301775023341,block1:s1,stock_fcfs,mixed,1785154101.48785,1785154101.4889393,1785154101.560854,1785154104.3913164,,,
block1-000612,567.1688098227605,1729.4833898777142,42,17.5,566.2333510117605,1728.5479310667142,0.9354588109999895,block1:s1,stock_fcfs,mixed,1785154101.5706253,1785154101.5715609,1785154102.137804,1785154103.3001187,,,
block1-000613,67.28315108921379,2452.79893418774,63,47.5,66.90765894018114,2452.4234420387074,0.3754921490326524,block1:s1,stock_fcfs,mixed,1785154101.8807364,1785154101.8811126,1785154101.94804,1785154104.333556,,,
block1-000614,535.9510724665597,1690.7954604830593,43,117.5,535.1943970890716,1690.0387851055712,0.7566753774881363,block1:s1,stock_fcfs,mixed,1785154102.2822273,1785154102.2829843,1785154102.8181872,1785154103.9730318,,,
block1-000615,65.66114746965468,6919.252824503928,175,15.0,65.33522601239383,6918.926903046668,0.3259214572608471,block1:zero_tool,stock_fcfs,mixed,1785154102.544321,1785154102.5446475,1785154102.6099908,1785154109.463583,,,
block1-000616,439.2636464908719,1473.6013554502279,38,170.0,438.9815570320934,1473.3192659914494,0.28208945877850056,block1:s2,stock_fcfs,mixed,1785154102.8041725,1785154102.8044548,1785154103.2434437,1785154104.2777815,,,
block1-000617,63.61958896741271,12277.820784947835,307,12.5,63.094913959503174,12277.296109939925,0.5246750079095364,block1:zero_tool,stock_fcfs,mixed,1785154103.3363764,1785154103.3369017,1785154103.4000056,1785154115.6142066,,,
block1-000618,573.6908453982323,1495.0188773218542,37,280.0,573.5441540600732,1494.872185983695,0.14669133815914392,block1:s2,stock_fcfs,mixed,1785154104.3739564,1785154104.3741035,1785154104.9476557,1785154105.8689837,,,
block1-000619,88.83941045496613,2782.658582436852,69,297.5,88.39773898944259,2782.2169109713286,0.441671465523541,block1:s2,stock_fcfs,mixed,1785154104.6694636,1785154104.6699057,1785154104.7583115,1785154107.4521306,,,
block1-000620,73.17813555710018,6236.548080574721,156,17.5,72.16481992509216,6235.534764942713,1.013315632008016,block1:zero_tool,stock_fcfs,mixed,1785154105.0665624,1785154105.0675762,1785154105.1397502,1785154111.3031197,,,
block1-000621,442.1468941727653,1657.0330280810595,41,357.5,440.19906409084797,1655.085197999142,1.9478300819173455,block1:s2,stock_fcfs,mixed,1785154105.249876,1785154105.2518258,1785154105.6920476,1785154106.9069335,,,
block1-000622,55.93981046695262,6739.818340516649,167,177.5,55.55609299335629,6739.434623043053,0.38371747359633446,block1:zero_tool,stock_fcfs,mixed,1785154105.7359722,1785154105.7363565,1785154105.7919266,1785154112.4758046,,,
block1-000623,356.4717681147158,1296.5368911391124,31,12.5,355.6383899413049,1295.7035129657015,0.8333781734108925,block1:s2,stock_fcfs,mixed,1785154106.2484803,1785154106.2493143,1785154106.6049635,1785154107.5450287,,,
block1-000624,60.94982265494764,5947.560564614832,147,17.5,59.73806697875261,5946.348808938637,1.2117556761950254,block1:zero_tool,stock_fcfs,mixed,1785154106.3556964,1785154106.3569088,1785154106.4166574,1785154112.3032682,,,
block1-000625,679.5509388903156,1923.2624269789085,48,50.0,679.0582989342511,1922.769787022844,0.49263995606452227,block1:s3,stock_fcfs,mixed,1785154106.4506373,1785154106.4511304,1785154107.1303244,1785154108.3740354,,,
block1-000626,608.9137585368007,1701.6928605735302,41,412.5,606.9280999945477,1699.7072020312771,1.985658542253077,block1:s3,stock_fcfs,mixed,1785154107.1798408,1785154107.181827,1785154107.788766,1785154108.8815453,,,
block1-000627,56.67452630586922,7518.5594803188,188,485.0,55.799541994929314,7517.68449600786,0.874984310939908,block1:zero_tool,stock_fcfs,mixed,1785154107.2830682,1785154107.2839437,1785154107.339753,1785154114.8016381,,,
block1-000628,59.52934606466442,6657.118583098054,165,280.0,59.22103894408792,6656.810275977477,0.3083071205765009,block1:zero_tool,stock_fcfs,mixed,1785154108.2396924,1785154108.2400024,1785154108.299242,1785154114.8968313,,,
block1-000629,619.5267108269036,1829.4376857811585,43,15.0,619.4075830280781,1829.318557982333,0.1191277988255024,block1:s3,stock_fcfs,mixed,1785154108.5048609,1785154108.5049803,1785154109.124396,1785154110.334307,,,
block1-000630,809.0005355188623,2059.8735075909644,49,95.0,808.5595750017092,2059.4325470738113,0.4409605171531439,block1:s3,stock_fcfs,mixed,1785154108.7498314,1785154108.750273,1785154109.558848,1785154110.8097205,,,
block1-000631,686.8802084354684,2076.6748003661633,48,10.0,685.7693450292572,2075.563936959952,1.1108634062111378,block1:s3,stock_fcfs,mixed,1785154109.537816,1785154109.538927,1785154110.2247043,1785154111.614499,,,
block1-000632,70.72007411625236,5786.873000091873,143,17.5,68.80886305589229,5784.961789031513,1.911211060360074,block1:zero_tool,stock_fcfs,mixed,1785154109.7903137,1785154109.792226,1785154109.861049,1785154115.5772016,,,
block1-000633,60.60496112331748,5890.882112085819,146,820.0,59.80337504297495,5890.080526005477,0.8015860803425312,block1:zero_tool,stock_fcfs,mixed,1785154110.0480418,1785154110.0488443,1785154110.1086588,1785154115.9389355,,,
block1-000634,719.2826051032171,2042.8711260901764,48,15.0,719.1742999712005,2042.7628209581599,0.10830513201653957,block1:s4,stock_fcfs,mixed,1785154110.1844442,1785154110.1845527,1785154110.9037354,1785154112.227324,,,
block1-000635,68.24654305819422,5593.983862083405,139,117.5,67.5720670260489,5593.30938605126,0.6744760321453214,block1:zero_tool,stock_fcfs,mixed,1785154110.3820577,1785154110.3827326,1785154110.4503183,1785154115.9760551,,,
block1-000636,684.6233169781044,2008.472476969473,48,17.5,684.423390077427,2008.2725500687957,0.19992690067738295,block1:s4,stock_fcfs,mixed,1785154110.4863598,1785154110.48656,1785154111.1709926,1785154112.4948418,,,
block1-000637,58.035319787450135,5466.831227764487,135,280.0,57.91308404877782,5466.708992025815,0.12223573867231607,block1:zero_tool,stock_fcfs,mixed,1785154111.0940144,1785154111.0941367,1785154111.1521964,1785154116.560992,,,
block1-000638,768.1813858216628,2022.4528858670965,48,172.5,767.0600420096889,2021.3315420551226,1.1213438119739294,block1:s4,stock_fcfs,mixed,1785154111.3063395,1785154111.307461,1785154112.07453,1785154113.328801,,,
block1-000639,767.6596064120531,2021.7431763885543,48,155.0,766.54946396593,2020.6330339424312,1.1101424461230636,block1:s4,stock_fcfs,mixed,1785154111.3068924,1785154111.3080027,1785154112.0745683,1785154113.3286521,,,
block1-000640,557.2524819290265,1716.6787668829784,43,115.0,556.4375390531495,1715.8638240071014,0.8149428758770227,block1:s1,stock_fcfs,mixed,1785154111.5174022,1785154111.5182178,1785154112.0746646,1785154113.234091,,,
block1-000641,68.30608006566763,7938.014363055117,192,15.0,67.79536593239754,7937.503648921847,0.5107141332700849,block1:zero_tool,stock_fcfs,mixed,1785154111.701205,1785154111.7017164,1785154111.7695215,1785154119.6392293,,,
block1-000642,524.4533476652578,1703.8089187117293,43,177.5,523.7033209996298,1703.0588920461014,0.7500266656279564,block1:s1,stock_fcfs,mixed,1785154112.3727505,1785154112.3735008,1785154112.8972125,1785154114.076568,,,
block1-000643,62.87662754766643,5056.326010613702,121,395.0,62.17443698551506,5055.623820051551,0.7021905621513724,block1:zero_tool,stock_fcfs,mixed,1785154112.5292687,1785154112.5299711,1785154112.5921533,1785154117.5856028,,,
block1-000644,70.64237480517477,6717.920367838815,160,60.0,69.1758410539478,6716.453834087588,1.4665337512269616,block1:zero_tool,stock_fcfs,mixed,1785154112.7705932,1785154112.7720602,1785154112.8412526,1785154119.4885302,,,
block1-000645,66.13692583050579,2546.1913837352768,63,170.0,65.83906407468021,2545.893521979451,0.29786175582557917,block1:s1,stock_fcfs,mixed,1785154113.0313742,1785154113.0316722,1785154113.0975192,1785154115.5775738,,,
block1-000646,56.92859797272831,6010.229374980554,142,820.0,55.84439099766314,6009.145168005489,1.0842069750651717,block1:zero_tool,stock_fcfs,mixed,1785154113.1005774,1785154113.101662,1785154113.1575153,1785154119.1108158,,,
block1-000647,352.0995619473979,1254.7333569964394,31,187.5,350.8264679694548,1253.4602630184963,1.2730939779430628,block1:s1,stock_fcfs,mixed,1785154113.2619624,1785154113.2632358,1785154113.6140704,1785154114.5167043,,,
block1-000648,62.50126799568534,5230.235881055705,123,572.5,61.203051009215415,5228.937664069235,1.2982169864699244,block1:zero_tool,stock_fcfs,mixed,1785154113.3033857,1785154113.304684,1785154113.3658957,1785154118.5336306,,,
block1-000649,53.75412630382925,5338.315603323281,125,132.5,53.013812052085996,5337.575289071538,0.740314251743257,block1:zero_tool,stock_fcfs,mixed,1785154113.658573,1785154113.6593134,1785154113.7123356,1785154118.996897,,,
block1-000650,59.54451800789684,16288.832799065858,393,15.0,59.09526895266026,16288.383550010622,0.449249055236578,block1:zero_tool,stock_fcfs,mixed,1785154114.2108645,1785154114.2113144,1785154114.270421,1785154130.4997091,,,
block1-000651,88.35009462200105,2958.250026567839,69,10.0,88.01527100149542,2957.9152029473335,0.33482362050563097,block1:s2,stock_fcfs,mixed,1785154114.464335,1785154114.4646704,1785154114.5526953,1785154117.4225955,,,
block1-000652,541.2559288088232,1527.066683745943,36,132.5,540.8957580802962,1526.706513017416,0.3601707285270095,block1:s2,stock_fcfs,mixed,1785154115.016789,1785154115.01715,1785154115.5580592,1785154116.5438702,,,
block1-000653,757.3813640046865,2122.7760510519147,49,550.0,757.1769189089537,2122.571605956182,0.2044450957328081,block1:s2,stock_fcfs,mixed,1785154115.1605766,1785154115.1607816,1785154115.9179697,1785154117.283364,,,
block1-000654,77.6363501790911,7826.123715145513,188,52.5,76.92034204956144,7825.407707015984,0.716008129529655,block1:zero_tool,stock_fcfs,mixed,1785154115.173148,1785154115.1738641,1785154115.2507923,1785154122.99928,,,
block1-000655,599.3219149531797,1820.2770518837497,37,15.0,598.5074531054124,1819.4625900359824,0.8144618477672338,block1:s2,stock_fcfs,mixed,1785154116.173184,1785154116.1739988,1785154116.7725148,1785154117.9934702,,,
block1-000656,819.5414828369394,2294.413210824132,48,357.5,818.9598289318383,2293.831556919031,0.5816539051011205,block1:s3,stock_fcfs,mixed,1785154116.294224,1785154116.2948065,1785154117.11378,1785154118.5886521,,,
block1-000657,71.1119205225259,5407.717827591114,128,12.5,70.32663794234395,5406.932545010932,0.7852825801819563,block1:zero_tool,stock_fcfs,mixed,1785154116.4729278,1785154116.4737139,1785154116.5441892,1785154121.8807952,,,
block1-000658,896.0352003341541,2266.068230266683,48,17.5,895.7857720088214,2265.81880194135,0.2494283253327012,block1:s3,stock_fcfs,mixed,1785154116.7864733,1785154116.7867231,1785154117.6825178,1785154119.052551,,,
block1-000659,530.762528302148,1994.763927301392,41,155.0,530.5432570166886,1994.5446560159326,0.21927128545939922,block1:s3,stock_fcfs,mixed,1785154116.81082,1785154116.8110394,1785154117.3415895,1785154118.805591,,,
block1-000660,618.3496803278103,1931.9469012552872,41,15.0,617.4302019644529,1931.0274228919297,0.9194783633574843,block1:s3,stock_fcfs,mixed,1785154116.988624,1785154116.9895442,1785154117.6069853,1785154118.9205823,,,
block1-000661,841.2759777856991,2150.12857678812,48,572.5,840.981837012805,2149.834436015226,0.29414077289402485,block1:s3,stock_fcfs,mixed,1785154117.1681573,1785154117.168452,1785154118.0094416,1785154119.318294,,,
block1-000662,934.1347763547674,1931.735118268989,43,20.0,933.1650820095092,1930.7654239237309,0.9696943452581763,block1:s3,stock_fcfs,mixed,1785154117.3686168,1785154117.3695867,1785154118.3027594,1785154119.3003597,,,
block1-000663,610.8245595823973,1916.8724085902795,43,10.0,610.5054978979751,1916.5533469058573,0.31906168442219496,block1:s3,stock_fcfs,mixed,1785154117.4205728,1785154117.4208925,1785154118.031406,1785154119.3374536,,,
block1-000664,743.8817118527368,2042.0910308603197,48,17.5,742.8816229803488,2041.0909419879317,1.0000888723880053,block1:s4,stock_fcfs,mixed,1785154117.597001,1785154117.5980017,1785154118.3408947,1785154119.639104,,,
block1-000665,724.008793127723,2015.9555441932753,48,550.0,723.2852469896898,2015.231998055242,0.7235461380332708,block1:s4,stock_fcfs,mixed,1785154117.660159,1785154117.6608834,1785154118.3841817,1785154119.676128,,,
block1-000666,745.9563530283049,1990.6232219655067,48,15.0,744.9632060015574,1989.6300749387592,0.9931470267474651,block1:s4,stock_fcfs,mixed,1785154118.344232,1785154118.3452256,1785154119.0901992,1785154120.3348663,,,
block1-000667,691.2036604480818,1936.005748459138,48,10.0,690.3610599692911,1935.1631479803473,0.8426004787907004,block1:s4,stock_fcfs,mixed,1785154118.533438,1785154118.534281,1785154119.2246485,1785154120.4694505,,,
block1-000668,86.29374904558063,6235.953973024152,156,15.0,85.79857903532684,6235.458803013898,0.49517001025378704,block1:zero_tool,stock_fcfs,mixed,1785154118.5361586,1785154118.5366542,1785154118.6224716,1785154124.772132,,,
block1-000669,724.9373315135017,2073.9262414863333,49,412.5,724.7545620193705,2073.743471992202,0.18276949413120747,block1:s4,stock_fcfs,mixed,1785154119.9694924,1785154119.9696755,1785154120.69444,1785154122.0434284,,,
block1-000670,734.9327147239819,2004.6111107803881,48,52.5,734.6656350418925,2004.3440310982987,0.26707968208938837,block1:s4,stock_fcfs,mixed,1785154120.4393907,1785154120.439658,1785154121.1743317,1785154122.4440103,,,
block1-000671,707.867257297039,1977.6251033181325,48,92.5,706.8227200070396,1976.580566028133,1.0445372899994254,block1:s4,stock_fcfs,mixed,1785154120.6380363,1785154120.6390812,1785154121.3459122,1785154122.61567,,,
block1-000672,64.5983018912375,4706.976329907775,117,412.5,64.11736097652465,4706.495388993062,0.4809409147128463,block1:zero_tool,stock_fcfs,mixed,1785154120.8751812,1785154120.8756623,1785154120.9397883,1785154125.582166,,,
block1-000673,71.95109501481056,2327.4110790807754,58,550.0,71.29600399639457,2326.7559880623594,0.6550910184159875,block1:s1,stock_fcfs,mixed,1785154121.0842211,1785154121.0848765,1785154121.1561818,1785154123.4116416,,,
block1-000674,527.3801590083167,1715.5791600234807,43,297.5,526.3810229953378,1714.5800240105018,0.9991360129788518,block1:s1,stock_fcfs,mixed,1785154121.246567,1785154121.2475672,1785154121.7739623,1785154122.9621618,,,
block1-000675,567.130490206182,1487.9561301786453,37,117.5,566.016675089486,1486.8423150619492,1.1138151166960597,block1:s1,stock_fcfs,mixed,1785154121.722425,1785154121.723539,1785154122.2895687,1785154123.2103946,,,
block1-000676,544.7668220149353,1494.4920840207487,36,550.0,544.1517269937322,1493.8769889995456,0.6150950212031603,block1:s1,stock_fcfs,mixed,1785154121.9169228,1785154121.9175384,1785154122.4616973,1785154123.4114225,,,
block1-000677,56.50401720777154,13190.508749219589,326,15.0,55.67883199546486,13189.683564007282,0.8251852123066783,block1:zero_tool,stock_fcfs,mixed,1785154122.1587186,1785154122.1595445,1785154122.2152371,1785154135.3492413,,,
block1-000678,55.08699896745384,12437.928624916822,306,322.5,54.08161808736622,12436.923244036734,1.005380880087614,block1:zero_tool,stock_fcfs,mixed,1785154122.3312767,1785154122.3322823,1785154122.3863742,1785154134.769216,,,
block1-000679,64.56276506651193,11992.861968115903,295,17.5,63.65693197585642,11991.956135025248,0.9058330906555057,block1:zero_tool,stock_fcfs,mixed,1785154122.457565,1785154122.458471,1785154122.522146,1785154134.4504452,,,
block1-000680,415.6929487362504,1388.9293926768005,34,15.0,414.56969105638564,1387.8061349969357,1.1232576798647642,block1:s2,stock_fcfs,mixed,1785154122.6417449,1785154122.6428685,1785154123.0575833,1785154124.03082,,,
block1-000681,55.41399656794965,7497.867053607479,181,15.0,54.50494703836739,7496.9580040778965,0.909049529582262,block1:zero_tool,stock_fcfs,mixed,1785154122.8501692,1785154122.8510787,1785154122.9055932,1785154130.3480458,,,
block1-000682,537.4001319287345,1470.5133668612689,36,117.5,536.5318760741502,1469.6451110066846,0.8682558545842767,block1:s2,stock_fcfs,mixed,1785154123.2081215,1785154123.20899,1785154123.7455342,1785154124.6786475,,,
block1-000683,95.86385602597147,3063.563161995262,74,47.5,95.32187401782721,3063.0211799871176,0.5419820081442595,block1:s2,stock_fcfs,mixed,1785154123.4069457,1785154123.4074886,1785154123.5028226,1785154126.4705222,,,
block1-000684,498.79889644216746,1569.7246773634106,36,395.0,497.5419209804386,1568.4677019016817,1.2569754617288709,block1:s2,stock_fcfs,mixed,1785154124.2731352,1785154124.274393,1785154124.7719498,1785154125.8428757,,,
block1-000685,636.5336299641058,1922.5727668963373,44,152.5,635.8871350530535,1921.926271985285,0.6464949110522866,block1:s2,stock_fcfs,mixed,1785154124.910402,1785154124.9110487,1785154125.5469458,1785154126.832985,,,
block1-000686,637.3993640299886,1638.7363150715828,38,485.0,635.396106983535,1636.7330580251291,2.0032570464536548,block1:s2,stock_fcfs,mixed,1785154124.9445179,1785154124.9465218,1785154125.5819278,1785154126.5832648,,,
block1-000687,79.63558693882078,7351.914184982888,179,145.0,78.59967602416873,7350.878274068236,1.0359109146520495,block1:zero_tool,stock_fcfs,mixed,1785154124.9685683,1785154124.969605,1785154125.0482125,1785154132.320491,,,
block1-000688,54.0424418868497,6110.3841587901115,147,280.0,53.493390092626214,6109.835106995888,0.5490517942234874,block1:zero_tool,stock_fcfs,mixed,1785154125.1862757,1785154125.186825,1785154125.2403257,1785154131.2966673,,,
block1-000689,500.0513254199177,1796.2183353956789,39,105.0,498.2720479601994,1794.4390579359606,1.779277459718287,block1:s3,stock_fcfs,mixed,1785154125.4236681,1785154125.4254477,1785154125.9237268,1785154127.2198935,,,
block1-000690,742.7018693415448,2119.6414473233745,48,12.5,742.2192180529237,2119.1587960347533,0.4826512886211276,block1:s3,stock_fcfs,mixed,1785154125.4825077,1785154125.4829905,1785154126.2252183,1785154127.6021578,,,
block1-000691,682.8770553693175,2060.6818813830614,48,320.0,682.5333299348131,2060.338155948557,0.34372543450444937,block1:s3,stock_fcfs,mixed,1785154125.6178305,1785154125.6181765,1785154126.3007312,1785154127.6785357,,,
block1-000692,55.94528513029218,5353.841194068082,130,307.5,54.940135101787746,5352.836044039577,1.0051500285044312,block1:zero_tool,stock_fcfs,mixed,1785154125.7924688,1785154125.7934747,1785154125.8484251,1785154131.1463213,,,
block1-000693,828.9343918440863,2113.130335812457,48,17.5,828.5798359429464,2112.775779911317,0.3545559011399746,block1:s3,stock_fcfs,mixed,1785154126.3065073,1785154126.3068624,1785154127.1354506,1785154128.4196465,,,
block1-000694,898.1043810490519,2117.335507995449,49,545.0,897.7987780235708,2117.029904969968,0.30560302548110485,block1:s3,stock_fcfs,mixed,1785154126.6271398,1785154126.6274457,1785154127.5253403,1785154128.7445714,,,
block1-000695,70.25260012596846,5217.010095133446,128,545.0,69.33965091593564,5216.097145923413,0.9129492100328207,block1:zero_tool,stock_fcfs,mixed,1785154126.7630236,1785154126.763937,1785154126.8332872,1785154131.9800448,,,
block1-000696,747.2068521892652,2078.564271098003,48,92.5,745.9756850730628,2077.3331039818004,1.231167116202414,block1:s4,stock_fcfs,mixed,1785154126.8354814,1785154126.8367136,1785154127.5827053,1785154128.9140623,,,
block1-000697,727.5820744689554,2058.386205462739,48,15.0,726.7320469254628,2057.5361779192463,0.8500275434926152,block1:s4,stock_fcfs,mixed,1785154126.8934553,1785154126.8943055,1785154127.6210458,1785154128.9518497,,,
block1-000698,82.5218630488962,5228.128512040712,130,47.5,81.47771598305553,5227.084364974871,1.0441470658406615,block1:zero_tool,stock_fcfs,mixed,1785154126.9990852,1785154127.0001304,1785154127.0816228,1785154132.2272289,,,
block1-000699,76.12627046182752,7291.094657382928,181,15.0,75.60747698880732,7290.575863909908,0.518793473020196,block1:zero_tool,stock_fcfs,mixed,1785154127.06683,1785154127.0673494,1785154127.1429672,1785154134.357936,,,
block1-000700,741.214961046353,2049.101278069429,48,217.5,740.5500649474561,2048.4363819705322,0.6648960988968611,block1:s4,stock_fcfs,mixed,1785154127.7734628,1785154127.774128,1785154128.5146859,1785154129.822572,,,
block1-000701,721.820218488574,2041.905200574547,48,322.5,720.8732079016045,2040.9581899875775,0.9470105869695544,block1:s4,stock_fcfs,mixed,1785154128.1737437,1785154128.174691,1785154128.8955727,1785154130.2156577,,,
block1-000702,727.5199886644259,2012.2290526051074,48,105.0,727.0024759927765,2011.711539933458,0.517512671649456,block1:s4,stock_fcfs,mixed,1785154128.7405467,1785154128.7410645,1785154129.4680753,1785154130.7527845,,,
block1-000703,702.1640335442498,1987.3151865322143,48,132.5,700.4448249936104,1985.5959779815748,1.7192085506394506,block1:s4,stock_fcfs,mixed,1785154129.1202638,1785154129.1219835,1785154129.8224397,1785154131.1075904,,,
block1-000704,87.45213854126632,7334.16137250606,182,20.0,87.12264499627054,7333.831878961064,0.32949354499578476,block1:zero_tool,stock_fcfs,mixed,1785154129.1700723,1785154129.1704023,1785154129.2575326,1785154136.5042417,,,
block1-000705,585.2215716149658,1745.6052496563643,43,280.0,584.0005999198183,1744.3842779612169,1.2209716951474547,block1:s1,stock_fcfs,mixed,1785154129.6682763,1785154129.6694982,1785154130.2535136,1785154131.413897,,,
block1-000706,598.049488500692,1753.9919934934005,43,485.0,597.38970908802,1753.3322140807286,0.6597794126719236,block1:s1,stock_fcfs,mixed,1785154129.9223769,1785154129.9230373,1785154130.520435,1785154131.6763778,,,
block1-000707,56.617934955284,14665.432615904137,353,105.0,56.15355004556477,14664.968230994418,0.46438490971922874,block1:zero_tool,stock_fcfs,mixed,1785154130.5610456,1785154130.5615103,1785154130.6176732,1785154145.2264876,,,
block1-000708,494.69480488914996,1630.691943806596,42,177.5,493.48781898152083,1629.484957898967,1.2069859076291323,block1:s1,stock_fcfs,mixed,1785154130.763982,1785154130.7651896,1785154131.2586937,1785154132.3946908,,,
block1-000709,72.2633465193212,2642.3755835276097,65,50.0,71.86650205403566,2641.978739062324,0.3968444652855396,block1:s1,stock_fcfs,mixed,1785154131.016668,1785154131.0170655,1785154131.0889437,1785154133.6590557,,,
block1-000710,54.09661482553929,12980.001843883656,311,15.0,53.75981901306659,12979.665048071183,0.3367958124727011,block1:zero_tool,stock_fcfs,mixed,1785154131.3026032,1785154131.3029404,1785154131.3567095,1785154144.2826145,,,
block1-000711,55.997458286583424,6567.150632268749,157,17.5,55.384923005476594,6566.538096987642,0.6125352811068296,block1:zero_tool,stock_fcfs,mixed,1785154131.773168,1785154131.773781,1785154131.8293042,1785154138.3404572,,,
block1-000712,56.87205621507019,6642.180704278871,158,95.0,56.653238949365914,6641.961887013167,0.21881726570427418,block1:zero_tool,stock_fcfs,mixed,1785154132.150878,1785154132.1510968,1785154132.2077587,1785154138.793067,,,
block1-000713,503.05957719683647,1705.1700801821426,40,107.5,502.2767960326746,1704.3872990179807,0.7827811641618609,block1:s2,stock_fcfs,mixed,1785154132.4091277,1785154132.4099107,1785154132.9121962,1785154134.114307,,,
block1-000714,539.4947612658143,1480.5765892378986,36,172.5,538.4419310139492,1479.5237589860335,1.052830251865089,block1:s2,stock_fcfs,mixed,1785154132.708344,1785154132.7093976,1785154133.2478483,1785154134.18893,,,
block1-000715,571.860387804918,1739.823448820971,43,152.5,570.8423700416461,1738.805431057699,1.0180177632719278,block1:s2,stock_fcfs,mixed,1785154133.0289059,1785154133.0299242,1785154133.6007752,1785154134.7687383,,,
block1-000716,504.85525536350906,1440.8323924290016,36,140.0,504.2005089344457,1440.1776459999382,0.6547464290633798,block1:s2,stock_fcfs,mixed,1785154133.4022365,1785154133.4028919,1785154133.907102,1785154134.843079,,,
block1-000717,65.970977419056,4086.5985844284296,97,105.0,65.35813596565276,4085.9857429750264,0.6128414534032345,block1:zero_tool,stock_fcfs,mixed,1785154133.8033333,1785154133.8039472,1785154133.8693216,1785154137.8899486,,,
block1-000718,579.8136786324903,1585.341917583719,38,282.5,578.9038690272719,1584.4321079785004,0.9098096052184701,block1:s2,stock_fcfs,mixed,1785154134.5443559,1785154134.5452666,1785154135.124183,1785154136.1297114,,,
block1-000719,85.99951618816704,7187.523534172215,167,17.5,84.88453296013176,7186.408550944179,1.1149832280352712,block1:zero_tool,stock_fcfs,mixed,1785154134.5885892,1785154134.5897045,1785154134.6745982,1785154141.776122,,,
block1-000720,447.05586216878146,1767.312566167675,38,135.0,446.64086296688765,1766.8975669657812,0.41499920189380646,block1:s3,stock_fcfs,mixed,1785154135.6639466,1785154135.6643624,1785154136.1110175,1785154137.4312747,,,
block1-000721,744.7948596673086,2185.862782644108,48,95.0,744.0825940575451,2185.1505170343444,0.7122656097635627,block1:s3,stock_fcfs,mixed,1785154135.7405913,1785154135.7413042,1785154136.4853964,1785154137.9264643,,,
block1-000722,654.796933173202,1908.71598420199,41,15.0,653.7527909968048,1907.671842025593,1.0441421763971448,block1:s3,stock_fcfs,mixed,1785154135.9808385,1785154135.9818833,1785154136.6357765,1785154137.8896956,,,
block1-000723,711.0622352920473,2192.011940293014,48,820.0,710.6523090042174,2191.602014005184,0.40992628782987595,block1:s3,stock_fcfs,mixed,1785154136.168207,1785154136.168617,1785154136.8794138,1785154138.3603632,,,
block1-000724,539.4955212250352,1942.9938852554187,41,117.5,537.5319250160828,1941.0302890464664,1.9635962089523673,block1:s3,stock_fcfs,mixed,1785154136.6620317,1785154136.6639957,1785154137.201536,1785154138.6050346,,,
block1-000725,734.386891592294,2018.9840795937926,43,282.5,732.585147023201,2017.1823350246996,1.801744569092989,block1:s3,stock_fcfs,mixed,1785154136.9632373,1785154136.9650397,1785154137.697637,1785154138.982234,,,
block1-000726,89.38324567861855,9680.874615674838,229,357.5,88.59798999037594,9680.089359986596,0.7852556882426143,block1:zero_tool,stock_fcfs,mixed,1785154137.2596064,1785154137.2603924,1785154137.3490214,1785154146.9405124,,,
block1-000727,789.0847430098802,2151.2268519727513,48,282.5,788.141530007124,2150.283638969995,0.943213002756238,block1:s3,stock_fcfs,mixed,1785154137.2698328,1785154137.2707763,1785154138.058928,1785154139.42107,,,
block1-000728,781.5017353277653,2138.7665123911574,48,92.5,779.3918119277805,2136.6565889911726,2.1099233999848366,block1:s4,stock_fcfs,mixed,1785154137.3205848,1785154137.3226953,1785154138.1020954,1785154139.4593596,,,
block1-000729,777.4052907479927,2134.821046842262,48,172.5,776.6397929517552,2134.0555490460247,0.7654977962374687,block1:s4,stock_fcfs,mixed,1785154137.3247175,1785154137.3254838,1785154138.1021366,1785154139.4595525,,,
block1-000730,732.5883148005232,2053.7410067627206,48,280.0,732.1453590411693,2053.2980510033667,0.4429557593539357,block1:s4,stock_fcfs,mixed,1785154137.4421122,1785154137.4425554,1785154138.1747105,1785154139.4958632,,,
block1-000731,770.6352025270462,2091.8717045569792,48,350.0,769.6174789452925,2090.8539809752256,1.0177235817536712,block1:s4,stock_fcfs,mixed,1785154138.043057,1785154138.0440755,1785154138.8137076,1785154140.134944,,,
block1-000732,758.1991236656904,2081.227259710431,48,322.5,757.698762929067,2080.7268989738077,0.5003607366234064,block1:s4,stock_fcfs,mixed,1785154138.072638,1785154138.0731387,1785154138.8308473,1785154140.153875,,,
block1-000733,727.4225940927863,2086.9324040832,48,17.5,726.3983000302687,2085.908110020682,1.0242940625175834,block1:s4,stock_fcfs,mixed,1785154138.4446867,1785154138.4457114,1785154139.1721175,1785154140.5316272,,,
block1-000734,695.1063890010118,2108.1082290038466,49,12.5,694.6164190303534,2107.618259033188,0.4899699706584215,block1:s4,stock_fcfs,mixed,1785154138.838624,1785154138.8391144,1785154139.5338724,1785154140.9468746,,,
block1-000735,800.8769443258643,2170.0536373537034,48,52.5,799.4119579670951,2168.588650994934,1.464986358769238,block1:s4,stock_fcfs,mixed,1785154139.5314422,1785154139.5329082,1785154140.3323355,1785154141.7015119,,,
block1-000736,588.9078376349062,1856.0698315268382,43,10.0,588.0581859964877,1855.2201798884198,0.849651638418436,block1:s1,stock_fcfs,mixed,1785154139.5650463,1785154139.5658963,1785154140.1539612,1785154141.4211233,,,
block1-000737,75.84186585154384,2905.9375218348578,66,12.5,74.95371997356415,2905.049375956878,0.8881458779796958,block1:s1,stock_fcfs,mixed,1785154139.774873,1785154139.7757616,1785154139.8507257,1785154142.680821,,,
block1-000738,59.780552866868675,13858.389266883023,332,20.0,59.30544889997691,13857.914162916131,0.4751039668917656,block1:zero_tool,stock_fcfs,mixed,1785154139.9818895,1785154139.9823656,1785154140.0416856,1785154153.8402941,,,
block1-000739,728.6238918313757,2063.559443806298,46,95.0,727.6509259827435,2062.586477957666,0.9729658486321568,block1:s1,stock_fcfs,mixed,1785154140.179489,1785154140.1804624,1785154140.9081252,1785154142.2430606,,,
block1-000740,565.4425390530378,1626.480752020143,36,105.0,564.3327849684283,1625.3709979355335,1.109754084609449,block1:s1,stock_fcfs,mixed,1785154140.2258296,1785154140.22694,1785154140.7912827,1785154141.8523204,,,
block1-000741,57.41553450934589,12545.24482251145,302,10.0,56.564409052953124,12544.393697055057,0.851125456392765,block1:zero_tool,stock_fcfs,mixed,1785154140.3132527,1785154140.3141043,1785154140.37068,1785154152.8585095,,,
block1-000742,727.0756622310728,2099.9535222072154,47,15.0,726.6298399772495,2099.507699953392,0.44582225382328033,block1:s1,stock_fcfs,mixed,1785154140.4458559,1785154140.446302,1785154141.1729429,1785154142.5458207,,,
block1-000743,604.1557511780411,1675.5251962458715,37,100.0,603.8821670226753,1675.2516120905057,0.2735841553658247,block1:s1,stock_fcfs,mixed,1785154140.72194,1785154140.722214,1785154141.326103,1785154142.3974726,,,
block1-000744,58.70043323375285,7012.655975180678,169,10.0,58.14302305225283,7012.098564999178,0.5574101815000176,block1:zero_tool,stock_fcfs,mixed,1785154140.8495133,1785154140.8500717,1785154140.908224,1785154147.8621795,,,
block1-000745,55.84350973367691,8227.280564722605,199,107.5,55.47013401519507,8226.907189004123,0.3733757184818387,block1:zero_tool,stock_fcfs,mixed,1785154140.9881067,1785154140.9884806,1785154141.0439599,1785154149.215397,,,
block1-000746,624.1928659146652,1696.0973090026528,37,10.0,623.5929440008476,1695.4973870888352,0.5999219138175249,block1:s2,stock_fcfs,mixed,1785154141.041226,1785154141.0418265,1785154141.6654336,1785154142.7373378,,,
block1-000747,91.51515748817474,3165.10963649489,74,172.5,90.65852197818458,3164.2530009848997,0.8566355099901557,block1:s2,stock_fcfs,mixed,1785154141.400628,1785154141.4014862,1785154141.492158,1785154144.5657525,,,
block1-000748,552.5720062432811,1572.6696022320539,35,297.5,551.355654024519,1571.4532500132918,1.2163522187620401,block1:s2,stock_fcfs,mixed,1785154141.469435,1785154141.4706516,1785154142.0221474,1785154143.0422447,,,
block1-000749,633.1725964555517,1686.4603684516624,38,95.0,632.1637120563537,1685.4514840524644,1.0088843991979957,block1:s2,stock_fcfs,mixed,1785154141.5858386,1785154141.5868478,1785154142.2190228,1785154143.2723105,,,
block1-000750,652.6697581866756,1685.831715236418,38,135.0,651.8977789673954,1685.0597360171378,0.7719792192801833,block1:s2,stock_fcfs,mixed,1785154141.6421413,1785154141.6429138,1785154142.2948234,1785154143.3279855,,,
block1-000751,498.6062184907496,1735.332956421189,40,485.0,497.0116460463032,1733.7383839767426,1.594572444446385,block1:s2,stock_fcfs,mixed,1785154141.9175925,1785154141.9191875,1785154142.4162076,1785154143.6529343,,,
block1-000752,78.10839510057122,4541.787392110564,111,280.0,76.88059296924621,4540.559589979239,1.2278021313250065,block1:zero_tool,stock_fcfs,mixed,1785154141.9656296,1785154141.9668581,1785154142.0437503,1785154146.5074294,,,
block1-000753,767.8321403218433,2028.3188903704286,48,820.0,767.122589983046,2027.6093400316313,0.7095503387972713,block1:s3,stock_fcfs,mixed,1785154142.1984792,1785154142.1991894,1785154142.966326,1785154144.2268124,,,
block1-000754,100.3386793890968,6320.178470341489,154,187.5,99.59193901158869,6319.431729963981,0.7467403775081038,block1:zero_tool,stock_fcfs,mixed,1785154142.253765,1785154142.254512,1785154142.354112,1785154148.5739517,,,
block1-000755,435.7966318493709,1716.1288178758696,41,170.0,435.16794696915895,1715.5001329956576,0.6286848802119493,block1:s3,stock_fcfs,mixed,1785154142.3596509,1785154142.3602798,1785154142.795456,1785154144.0757885,,,
block1-000756,86.23767818789929,6623.456087196246,164,12.5,85.38125199265778,6622.599661001004,0.8564261952415109,block1:zero_tool,stock_fcfs,mixed,1785154142.7804067,1785154142.7812634,1785154142.8666534,1785154149.4038718,,,
block1-000757,55.59064750559628,6608.697197516449,164,550.0,53.8159889401868,6606.922538951039,1.7746585654094815,block1:zero_tool,stock_fcfs,mixed,1785154142.813329,1785154142.8151042,1785154142.8689318,1785154149.4220383,,,
block1-000758,695.1634543947875,1981.0260493541136,48,282.5,694.6777700213715,1980.5403649806976,0.48568437341600657,block1:s3,stock_fcfs,mixed,1785154143.151111,1785154143.151597,1785154143.8462825,1785154145.1321452,,,
block1-000759,61.85990385711193,6702.221320825629,165,117.5,60.73672405909747,6701.0981410276145,1.123179798014462,block1:zero_tool,stock_fcfs,mixed,1785154143.6882694,1785154143.6893928,1785154143.750139,1785154150.3905003,,,
block1-000760,724.0936890011653,1968.4518799185753,48,320.0,721.9267589971423,1966.2849499145523,2.1669300040230155,block1:s4,stock_fcfs,mixed,1785154144.388582,1785154144.3907497,1785154145.1126888,1785154146.3570468,,,
block1-000761,699.5857872534543,2057.761444244534,49,135.0,697.8333480656147,2056.009005056694,1.7524391878396273,block1:s4,stock_fcfs,mixed,1785154144.7701883,1785154144.7719417,1785154145.469787,1785154146.8279629,,,
block1-000762,68.90495179686695,6428.479538764805,155,572.5,67.74300697725266,6427.31759394519,1.1619448196142912,block1:zero_tool,stock_fcfs,mixed,1785154145.460835,1785154145.4619977,1785154145.5297542,1785154151.8893285,,,
block1-000763,759.9356203572825,2117.2033314360306,48,100.0,759.0540000237525,2116.3217111025006,0.8816203335300088,block1:s4,stock_fcfs,mixed,1785154146.1243463,1785154146.1252284,1785154146.8842933,1785154148.2415614,,,
block1-000764,719.3831712938845,2067.9843042744324,48,70.0,718.4712019516155,2067.0723349321634,0.9119693422690034,block1:s4,stock_fcfs,mixed,1785154146.3716035,1785154146.3725166,1785154147.0909994,1785154148.4396005,,,
block1-000765,677.7569168480113,2031.6070108674467,48,95.0,677.3343050153926,2031.184399034828,0.4226118326187134,block1:s4,stock_fcfs,mixed,1785154146.694919,1785154146.695343,1785154147.3728182,1785154148.7266686,,,
block1-000766,788.4601961122826,2110.0621110526845,49,95.0,787.0467760367319,2108.648690977134,1.4134200755506754,block1:s4,stock_fcfs,mixed,1785154147.536041,1785154147.5374548,1785154148.3245125,1785154149.6461146,,,
block1-000767,782.4232610873878,2062.8827391192317,48,172.5,781.8070959765464,2062.2665740083903,0.6161651108413935,block1:s4,stock_fcfs,mixed,1785154147.560854,1785154147.5614705,1785154148.3432891,1785154149.6237485,,,
block1-000768,574.1082889726385,1778.1594219850376,43,322.5,573.5594319412485,1777.6105649536476,0.5488570313900709,block1:s1,stock_fcfs,mixed,1785154147.9043555,1785154147.9049046,1785154148.4784727,1785154149.6825235,,,
block1-000769,108.2908792886883,2862.4980753520504,69,105.0,107.29177994653583,2861.498976009898,0.9990993421524763,block1:s1,stock_fcfs,mixed,1785154147.9213822,1785154147.9223816,1785154148.0296812,1785154150.7838879,,,
block1-000770,563.8675699010491,1767.3586749006063,43,15.0,562.9345709457994,1766.4256759453565,0.9329989552497864,block1:s1,stock_fcfs,mixed,1785154147.9524565,1785154147.9533904,1785154148.5163374,1785154149.7198281,,,
block1-000771,57.09462205413729,2809.30880503729,69,85.0,56.60314892884344,2808.817331911996,0.4914731252938509,block1:s1,stock_fcfs,mixed,1785154148.0117254,1785154148.012217,1785154148.0688298,1785154150.8210437,,,
block1-000772,500.02948369365185,1428.2456246437505,36,12.5,499.1301690461114,1427.34630999621,0.8993146475404501,block1:s1,stock_fcfs,mixed,1785154148.093274,1785154148.0941737,1785154148.5933135,1785154149.5215297,,,
block1-000773,65.67506107967347,7838.759448030032,189,15.0,64.7640679962933,7837.848454946652,0.9109930833801627,block1:zero_tool,stock_fcfs,mixed,1785154148.1815639,1785154148.1824753,1785154148.2472472,1785154156.0203316,,,
block1-000774,422.4500859854743,1705.8779939543456,40,12.5,422.2569459816441,1705.6848539505154,0.19314000383019447,block1:s1,stock_fcfs,mixed,1785154148.9617546,1785154148.9619482,1785154149.3842137,1785154150.6676419,,,
block1-000775,66.20681006461382,3552.8448281111196,82,15.0,65.50631602294743,3552.144334069453,0.7004940416663885,block1:zero_tool,stock_fcfs,mixed,1785154149.4554336,1785154149.4561346,1785154149.5216491,1785154153.0082874,,,
block1-000776,475.2627706620842,1746.2651146342978,40,170.0,474.22256297431886,1745.2249069465324,1.0402076877653599,block1:s2,stock_fcfs,mixed,1785154149.508869,1785154149.5099094,1785154149.9841483,1785154151.2551506,,,
block1-000777,516.6099825873971,1821.9487986061722,42,572.5,515.7766580814496,1821.1154741002247,0.8333245059475303,block1:s2,stock_fcfs,mixed,1785154149.873779,1785154149.8746128,1785154150.3903983,1785154151.6957374,,,
block1-000778,615.3368316590786,1956.3822447089478,43,10.0,614.2654509749264,1955.3108640247956,1.0713806841522455,block1:s2,stock_fcfs,mixed,1785154150.2428787,1785154150.2439506,1785154150.858226,1785154152.1992724,,,
block1-000779,586.9545567547902,1961.6057948442176,43,572.5,586.4160149358213,1961.0672530252486,0.5385418189689517,block1:s2,stock_fcfs,mixed,1785154150.3282816,1785154150.3288207,1785154150.9152458,1785154152.289897,,,
block1-000780,548.6073971260339,1628.8486020639539,36,287.5,546.6651130700484,1626.9063180079684,1.9422840559855103,block1:s2,stock_fcfs,mixed,1785154150.5705829,1785154150.5725265,1785154151.1192055,1785154152.1994464,,,
block1-000781,861.5988086676225,2122.353440732695,49,287.5,861.2624509260058,2122.0170829910785,0.3363577416166663,block1:s2,stock_fcfs,mixed,1785154150.6972086,1785154150.6975453,1785154151.558819,1785154152.8195736,,,
block1-000782,677.2403317736462,1705.626779817976,38,20.0,676.0873510502279,1704.4737990945578,1.1529807234182954,block1:s2,stock_fcfs,mixed,1785154151.018171,1785154151.0193243,1785154151.695419,1785154152.7238052,,,
block1-000783,88.33078702446073,5645.412345067598,136,15.0,87.85491297021508,5644.936471013352,0.47587405424565077,block1:zero_tool,stock_fcfs,mixed,1785154151.0536468,1785154151.0541232,1785154151.1419878,1785154156.6990695,,,
block1-000784,442.2986868303269,1466.5264209033921,32,307.5,441.48284499533474,1465.7105790684,0.8158418349921703,block1:s3,stock_fcfs,mixed,1785154151.3335557,1785154151.3343718,1785154151.7758634,1785154152.800091,,,
block1-000785,478.09391433838755,1807.7735103433952,39,17.5,477.4287709733471,1807.1083669783548,0.6651433650404215,block1:s3,stock_fcfs,mixed,1785154151.3544521,1785154151.3551176,1785154151.8325534,1785154153.162233,,,
block1-000786,66.89145171549171,6073.588115745224,150,485.0,65.77868398744613,6072.4753480171785,1.1127677280455828,block1:zero_tool,stock_fcfs,mixed,1785154151.4922984,1785154151.4934115,1785154151.5592005,1785154157.5658967,,,
block1-000787,60.06140017416328,6851.1103332275525,170,307.5,59.554697945714,6850.603630999103,0.506702228449285,block1:zero_tool,stock_fcfs,mixed,1785154151.5587456,1785154151.5592527,1785154151.6188157,1785154158.4098642,,,
block1-000788,63.35129914805293,19962.123198085465,506,287.5,62.70260608289391,19961.474505020306,0.6486930651590228,block1:zero_tool,stock_fcfs,mixed,1785154151.7124503,1785154151.7130997,1785154151.7758205,1785154171.6745925,,,
block1-000789,765.5315878801048,2087.8890119493008,48,92.5,764.0983229503036,2086.4557470194995,1.4332649298012257,block1:s3,stock_fcfs,mixed,1785154152.0162256,1785154152.0176592,1785154152.7817693,1785154154.1041272,,,
block1-000790,892.8519876208156,1892.8118326002732,43,160.0,892.3732750117779,1892.3331199912354,0.4787126090377569,block1:s3,stock_fcfs,mixed,1785154152.0398083,1785154152.0402873,1785154152.9326708,1785154153.9326308,,,
block1-000791,724.4607420871034,2082.3444731067866,48,60.0,724.1535420762375,2082.0372730959207,0.30720001086592674,block1:s3,stock_fcfs,mixed,1785154152.1129057,1785154152.1132135,1785154152.8373773,1785154154.195261,,,
block1-000792,772.539364057593,2046.9794271048158,48,20.0,772.1338429255411,2046.573905972764,0.40552113205194473,block1:s4,stock_fcfs,mixed,1785154152.8401005,1785154152.8405063,1785154153.612649,1785154154.8870895,,,
block1-000793,719.1888528177515,2066.273574833758,48,15.0,718.6367230024189,2065.7214450184256,0.5521298153325915,block1:s4,stock_fcfs,mixed,1785154153.006391,1785154153.0069435,1785154153.7255902,1785154155.072675,,,
block1-000794,83.85722222737968,4855.549598229118,122,412.5,83.26886990107596,4854.961245902814,0.5883523263037205,block1:zero_tool,stock_fcfs,mixed,1785154153.0588,1785154153.0593889,1785154153.1426668,1785154157.9143593,,,
block1-000795,685.0448520854115,2038.2423411356285,48,280.0,684.880158980377,2038.077648030594,0.16469310503453016,block1:s4,stock_fcfs,mixed,1785154153.35975,1785154153.3599157,1785154154.0448084,1785154155.398006,,,
block1-000796,715.7494967104867,2004.6191756846383,48,95.0,713.8274910394102,2002.6971700135618,1.9220056710764766,block1:s4,stock_fcfs,mixed,1785154154.0762362,1785154154.0781586,1785154154.791998,1785154156.0808675,,,
block1-000797,765.895834309049,1978.6655373172835,48,320.0,765.3256490593776,1978.095352067612,0.57018524967134,block1:s4,stock_fcfs,mixed,1785154154.51499,1785154154.5155606,1785154155.280896,1785154156.4936655,,,
block1-000798,720.6375318346545,1927.612556843087,48,395.0,720.2716569881886,1927.2466819966212,0.36587484646588564,block1:s4,stock_fcfs,mixed,1785154154.8654153,1785154154.8657815,1785154155.5860622,1785154156.793037,,,
block1-000799,725.4231800325215,1985.7317961286753,49,10.0,723.4252349007875,1983.7338509969413,1.9979451317340136,block1:s4,stock_fcfs,mixed,1785154154.878851,1785154154.8808491,1785154155.6042826,1785154156.8645916,,,
block1-000800,63.21469915565103,6118.488459149376,148,17.5,62.627716921269894,6117.901476914994,0.5869822343811393,block1:zero_tool,stock_fcfs,mixed,1785154155.258861,1785154155.259449,1785154155.32209,1785154161.3773637,,,
block1-000801,63.269585254602134,10198.471161304042,275,107.5,63.06103500537574,10198.262611054815,0.20855024922639132,block1:zero_tool,stock_fcfs,mixed,1785154156.0179758,1785154156.0181847,1785154156.081255,1785154166.2164564,,,
block1-000802,510.1477331481874,1710.1892831269652,43,25.0,508.1120680551976,1708.1536180339754,2.0356650929898024,block1:s1,stock_fcfs,mixed,1785154156.805378,1785154156.807414,1785154157.315546,1785154158.5155876,,,
block1-000803,481.90374253317714,1418.8333635684103,36,12.5,479.88703299779445,1416.8166540330276,2.016709535382688,block1:s1,stock_fcfs,mixed,1785154156.990447,1785154156.992464,1785154157.4723604,1785154158.4092903,,,
block1-000804,492.17120581306517,1641.5674347663298,39,170.0,491.75806902348995,1641.1542979767546,0.41313678957521915,block1:s1,stock_fcfs,mixed,1785154157.3845868,1785154157.3850005,1785154157.8767707,1785154159.0261674,,,
block1-000805,65.60896744485945,2785.904597491026,65,60.0,64.44408895913512,2784.7397190053016,1.16487848572433,block1:s1,stock_fcfs,mixed,1785154157.3880491,1785154157.3892145,1785154157.4536684,1785154160.1739638,,,
block1-000806,76.86789077706635,3018.839845783077,69,92.5,74.83857101760805,3016.810526023619,2.0293197594583035,block1:s1,stock_fcfs,mixed,1785154157.5742078,1785154157.5762377,1785154157.6510842,1785154160.5930562,,,
block1-000807,345.1639492996037,1344.6958673885092,31,15.0,344.35064694844186,1343.8825650373474,0.8133023511618376,block1:s1,stock_fcfs,mixed,1785154157.8522582,1785154157.853072,1785154158.1975596,1785154159.1970909,,,
block1-000808,454.65260196942836,1658.37149892468,38,145.0,452.70313404034823,1656.4220309956,1.9494679290801287,block1:s2,stock_fcfs,mixed,1785154157.95506,1785154157.9570096,1785154158.4097211,1785154159.6134398,,,
block1-000809,595.8824513945729,1735.1269194623455,38,105.0,593.9158080145717,1733.1602760823444,1.9666433800011873,block1:s2,stock_fcfs,mixed,1785154158.1849258,1785154158.1868927,1785154158.780818,1785154159.920063,,,
block1-000810,560.681362519972,1654.8955586040393,36,12.5,559.6001859521493,1653.8143820362166,1.0811765678226948,block1:s2,stock_fcfs,mixed,1785154158.4014354,1785154158.4025176,1785154158.9621308,1785154160.0563447,,,
block1-000811,52.79063794296235,26629.92727686651,653,10.0,51.75148800481111,26628.88812692836,1.0391499381512403,block1:zero_tool,stock_fcfs,mixed,1785154158.5412157,1785154158.5422552,1785154158.594014,1785154185.1711507,,,
block1-000812,592.5015723332763,1706.3928943825886,36,297.5,591.2772089941427,1705.168531043455,1.2243633391335607,block1:s2,stock_fcfs,mixed,1785154158.8309426,1785154158.8321674,1785154159.4234533,1785154160.537345,,,
block1-000813,939.2009828006849,2208.5604468593374,49,12.5,938.037266023457,2207.3967300821096,1.163716777227819,block1:s2,stock_fcfs,mixed,1785154158.8431401,1785154158.8443043,1785154159.7823496,1785154161.0517087,,,
block1-000814,93.17205881234258,6129.076798795722,171,15.0,92.2049570363015,6128.109697019681,0.9671017760410905,block1:zero_tool,stock_fcfs,mixed,1785154158.9061918,1785154158.9071598,1785154158.9993784,1785154165.0352838,,,
block1-000815,635.7371914200485,1711.1275974893942,37,95.0,634.981676004827,1710.3720820741728,0.7555154152214527,block1:s2,stock_fcfs,mixed,1785154158.919814,1785154158.92057,1785154159.555559,1785154160.6309493,,,
block1-000816,400.54698986932635,1494.6765458444133,32,15.0,399.056124035269,1493.185680010356,1.490865834057331,block1:s3,stock_fcfs,mixed,1785154159.1182156,1785154159.119707,1785154159.518774,1785154160.6129036,,,
block1-000817,514.7039998555556,1765.3046738123521,39,117.5,513.6599270626903,1764.2606010194868,1.044072792865336,block1:s3,stock_fcfs,mixed,1785154159.4387944,1785154159.4398386,1785154159.9535055,1785154161.2041066,,,
block1-000818,706.7418940132484,1888.1094860844314,41,12.5,706.0633709188551,1887.430962990038,0.6785230943933129,block1:s3,stock_fcfs,mixed,1785154159.657109,1785154159.6577883,1785154160.3638592,1785154161.5452268,,,
block1-000819,69.66008024755865,17985.14113225974,453,170.0,68.94634303171188,17984.427395043895,0.713737215846777,block1:zero_tool,stock_fcfs,mixed,1785154159.7772992,1785154159.7780132,1785154159.8471053,1785154177.7625864,,,
block1-000820,773.4711115481332,2098.9392064511776,48,320.0,772.5487441057339,2098.0168390087783,0.9223674423992634,block1:s3,stock_fcfs,mixed,1785154159.8013654,1785154159.802288,1785154160.5748448,1785154161.9003131,,,
block1-000821,71.98581343982369,5689.846590394154,164,10.0,71.27623504493386,5689.137011999264,0.7095783948898315,block1:zero_tool,stock_fcfs,mixed,1785154159.8888638,1785154159.8895738,1785154159.960863,1785154165.5787241,,,
block1-000822,853.9291126653552,1868.9897736767307,43,322.5,853.7051209714264,1868.7657819828019,0.22399169392883778,block1:s3,stock_fcfs,mixed,1785154160.1204178,1785154160.1206422,1785154160.9743562,1785154161.989417,,,
block1-000823,99.19504937715828,4694.362673326395,139,115.0,98.75276207458228,4693.920386023819,0.44228730257600546,block1:zero_tool,stock_fcfs,mixed,1785154160.1694634,1785154160.1699066,1785154160.268673,1785154164.8638408,,,
block1-000824,699.5657485676929,1850.555113516748,48,395.0,697.6582329953089,1848.647597944364,1.9075155723839998,block1:s4,stock_fcfs,mixed,1785154160.4140277,1785154160.4159358,1785154161.1136053,1785154162.2645953,,,
block1-000825,760.5695738457143,1644.7780918097124,48,107.5,760.2027299581096,1644.4112479221076,0.36684388760477304,block1:s4,stock_fcfs,mixed,1785154161.0655398,1785154161.065907,1785154161.8261182,1785154162.7103267,,,
block1-000826,717.521071434021,1572.346368455328,48,52.5,716.1996540380642,1571.0249510593712,1.3214173959568143,block1:s4,stock_fcfs,mixed,1785154161.1831384,1785154161.1844606,1785154161.9006736,1785154162.7554991,,,
block1-000827,706.4704856602475,1547.9433326981962,48,287.5,706.2985110096633,1547.771358047612,0.17197465058416128,block1:s4,stock_fcfs,mixed,1785154161.2306588,1785154161.2308311,1785154161.9371393,1785154162.778612,,,
block1-000828,102.40163572598249,4379.632164724171,134,105.0,101.60207201261073,4378.832601010799,0.7995637133717537,block1:zero_tool,stock_fcfs,mixed,1785154161.274858,1785154161.275658,1785154161.3772714,1785154165.6545017,,,
block1-000829,482.48487000819296,1342.9937079781666,48,282.5,481.8506460869685,1342.3594840569422,0.6342239212244749,block1:s4,stock_fcfs,mixed,1785154162.2497172,1785154162.250352,1785154162.732339,1785154163.592848,,,
block1-000830,498.6882512457669,1323.035593261011,48,115.0,498.2617449713871,1322.6090869866312,0.42650627437978983,block1:s4,stock_fcfs,mixed,1785154162.4327593,1785154162.4331863,1785154162.9314616,1785154163.7558088,,,
block1-000831,520.4417201457545,1344.9390801833943,49,105.0,519.4381870096549,1343.9355470472947,1.003533136099577,block1:s4,stock_fcfs,mixed,1785154162.7763705,1785154162.7773747,1785154163.296826,1785154164.1213236,,,
block1-000832,400.8487610844895,1114.1957660438493,43,15.0,399.68923199921846,1113.0362369585782,1.1595290852710605,block1:s1,stock_fcfs,mixed,1785154162.896285,1785154162.8974452,1785154163.297145,1785154164.010492,,,
block1-000833,56.55821121763438,18907.50722424127,461,22.5,55.31710397917777,18906.266117002815,1.2411072384566069,block1:zero_tool,stock_fcfs,mixed,1785154163.0121741,1785154163.0134156,1785154163.0687478,1785154181.9196966,,,
block1-000834,335.9481496736407,950.5847926484421,36,177.5,335.5676799546927,950.2043229294941,0.38046971894800663,block1:s1,stock_fcfs,mixed,1785154163.208208,1785154163.2085888,1785154163.5441682,1785154164.158805,,,
block1-000835,54.94926800020039,5692.637686966918,141,117.5,54.41203806549311,5692.100457032211,0.537229934707284,block1:zero_tool,stock_fcfs,mixed,1785154163.466109,1785154163.4666467,1785154163.5210702,1785154169.158759,,,
block1-000836,87.01979753095657,6196.44849258475,141,412.5,86.45051799248904,6195.8792130462825,0.5692795384675264,block1:zero_tool,stock_fcfs,mixed,1785154164.0123546,1785154164.0129259,1785154164.0993938,1785154170.2088225,,,
block1-000837,43.522797990590334,16851.601619971916,397,17.5,42.75298095308244,16850.83180293441,0.7698170375078917,block1:zero_tool,stock_fcfs,mixed,1785154164.0561283,1785154164.0568988,1785154164.0996623,1785154180.9077415,,,
block1-000838,480.6582803139463,1706.2927483348176,39,15.0,479.7551149968058,1705.389583017677,0.9031653171405196,block1:s1,stock_fcfs,mixed,1785154164.1386604,1785154164.139564,1785154164.6193304,1785154165.8449645,,,
block1-000839,409.20041233766824,1386.4891643170267,31,17.5,407.75795199442655,1385.046703973785,1.4424603432416916,block1:s1,stock_fcfs,mixed,1785154164.1717052,1785154164.1731482,1785154164.580915,1785154165.5582037,,,
block1-000840,748.386577819474,1672.4114388925955,38,17.5,747.3559379577637,1671.380799030885,1.0306398617103696,block1:s2,stock_fcfs,mixed,1785154164.303406,1785154164.3044386,1785154165.0518105,1785154165.9758353,,,
block1-000841,145.42240905575454,2902.912377147004,67,320.0,143.76013493165374,2901.250103022903,1.6622741241008043,block1:s2,stock_fcfs,mixed,1785154164.508098,1785154164.509761,1785154164.6535358,1785154167.411026,,,
block1-000842,567.3155942931771,1484.5130912726745,36,412.5,567.0439699897543,1484.2414669692516,0.27162430342286825,block1:s2,stock_fcfs,mixed,1785154164.5859022,1785154164.586174,1785154165.15335,1785154166.070547,,,
block1-000843,555.3523499984294,1801.5717810485512,43,105.0,555.1443640142679,1801.3637950643897,0.20798598416149616,block1:s2,stock_fcfs,mixed,1785154164.806358,1785154164.8065665,1785154165.3617213,1785154166.607941,,,
block1-000844,59.802400413900614,6426.718669361435,151,282.5,58.82301100064069,6425.739279948175,0.9793894132599235,block1:zero_tool,stock_fcfs,mixed,1785154165.0737777,1785154165.0747573,1785154165.1335917,1785154171.5005078,,,
block1-000845,65.53017115220428,7829.642654163763,185,22.5,64.59104001987725,7828.703523031436,0.9391311323270202,block1:zero_tool,stock_fcfs,mixed,1785154165.338538,1785154165.3394792,1785154165.4040885,1785154173.1682005,,,
block1-000846,654.280157177709,1939.3978051375598,44,15.0,653.5367380129173,1938.654385972768,0.7434191647917032,block1:s2,stock_fcfs,mixed,1785154166.0913813,1785154166.092125,1785154166.7456706,1785154168.0307882,,,
block1-000847,590.9826020943001,1663.3262920659035,37,155.0,590.5740520684049,1662.9177420400083,0.4085500258952379,block1:s2,stock_fcfs,mixed,1785154166.422206,1785154166.4226177,1785154167.0132143,1785154168.0855582,,,
block1-000848,408.60185818746686,1579.2619521962479,35,20.0,407.4020340340212,1578.0621280428022,1.199824153445661,block1:s3,stock_fcfs,mixed,1785154166.4512804,1785154166.4524808,1785154166.859894,1785154168.0305536,,,
block1-000849,63.0949066253379,5520.012914668769,128,52.5,62.16914893593639,5519.087156979367,0.9257576894015074,block1:zero_tool,stock_fcfs,mixed,1785154166.6826563,1785154166.683583,1785154166.7457676,1785154172.2026858,,,
block1-000850,740.3738112188876,2215.6577822752297,48,70.0,739.6376270335168,2214.921598089859,0.7361841853708029,block1:s3,stock_fcfs,mixed,1785154167.0210652,1785154167.0218015,1785154167.761449,1785154169.2367337,,,
block1-000851,432.5913729844615,1890.4240389820188,41,412.5,432.39977105986327,1890.2324370574206,0.191601924598217,block1:s3,stock_fcfs,mixed,1785154167.172154,1785154167.1723459,1785154167.604756,1785154169.062589,,,
block1-000852,64.49961103498936,7660.942713031545,178,135.0,64.03910194057971,7660.482203937136,0.4605090944096446,block1:zero_tool,stock_fcfs,mixed,1785154167.425906,1785154167.4263668,1785154167.4904141,1785154175.0868573,,,
block1-000853,61.6012163227424,5126.996571314521,119,15.0,61.143593047745526,5126.538948039524,0.4576232749968767,block1:zero_tool,stock_fcfs,mixed,1785154167.6615243,1785154167.6619837,1785154167.7231424,1785154172.7885375,,,
block1-000854,972.1048520877957,2058.6359590524808,43,107.5,971.3006770471111,2057.831784011796,0.8041750406846404,block1:s3,stock_fcfs,mixed,1785154167.7995412,1785154167.8003457,1785154168.7716553,1785154169.8581862,,,
block1-000855,619.2696082871407,2051.233180332929,43,15.0,618.8676069723442,2050.8311790181324,0.40200131479650736,block1:s3,stock_fcfs,mixed,1785154167.9424877,1785154167.9428902,1785154168.5617676,1785154169.993731,,,
block1-000856,815.2321900706738,2233.8504721410573,48,117.5,814.2889000009745,2232.907182071358,0.9432900696992874,block1:s4,stock_fcfs,mixed,1785154168.2079835,1785154168.208927,1785154169.0233734,1785154170.4419913,,,
block1-000857,805.885310517624,2211.0754125751555,48,17.5,803.87649894692,2209.0666010044515,2.0088115707039833,block1:s4,stock_fcfs,mixed,1785154168.2570047,1785154168.2590144,1785154169.062904,1785154170.4680939,,,
block1-000858,748.2024823548272,2153.9138132939115,48,115.0,746.9756100326777,2152.686940971762,1.2268723221495748,block1:s4,stock_fcfs,mixed,1785154168.4312112,1785154168.432439,1785154169.1794283,1785154170.58514,,,
block1-000859,831.7687403177842,2143.800639314577,48,70.0,831.3318470027298,2143.3637459995225,0.43689331505447626,block1:s4,stock_fcfs,mixed,1785154168.850533,1785154168.85097,1785154169.6823123,1785154170.9943442,,,
block1-000860,108.89205778948963,6290.484114782885,147,105.0,107.14774101506919,6288.739798008464,1.7443167744204402,block1:zero_tool,stock_fcfs,mixed,1785154168.8777852,1785154168.8795297,1785154168.9866858,1785154175.1682777,,,
block1-000861,833.4550886647776,2093.5383905889466,48,15.0,832.3075040243566,2092.3908059485257,1.1475846404209733,block1:s4,stock_fcfs,mixed,1785154169.155426,1785154169.156574,1785154169.9888902,1785154171.2489736,,,
block1-000862,792.0458819717169,2064.394408953376,48,10.0,790.2530799619853,2062.6016069436446,1.7928020097315311,block1:s4,stock_fcfs,mixed,1785154169.3582115,1785154169.3600047,1785154170.150271,1785154171.4226196,,,
block1-000863,104.55916298087686,5895.364852971397,139,75.0,104.40293198917061,5895.208621979691,0.1562309917062521,block1:zero_tool,stock_fcfs,mixed,1785154169.3731234,1785154169.3732803,1785154169.4776936,1785154175.2684991,,,
block1-000864,635.5126040289178,1818.7865620711818,43,172.5,634.7215089481324,1817.9954669903964,0.7910950807854533,block1:s1,stock_fcfs,mixed,1785154169.408952,1785154169.4097435,1785154170.0444756,1785154171.227749,,,
block1-000865,76.93329569883645,2956.562452716753,71,107.5,76.48220600094646,2956.111363018863,0.45108969788998365,block1:s1,stock_fcfs,mixed,1785154169.585412,1785154169.5858634,1785154169.6623569,1785154172.541986,,,
block1-000866,456.60017686896026,1649.4313498260453,40,100.0,454.4120989739895,1647.2432719310746,2.1880778949707747,block1:s1,stock_fcfs,mixed,1785154169.8509066,1785154169.8530955,1785154170.307522,1785154171.5003533,,,
block1-000867,633.8925532763824,1820.6665583420545,45,70.0,633.6375930113718,1820.411598077044,0.2549602650105953,block1:s1,stock_fcfs,mixed,1785154169.8919082,1785154169.8921635,1785154170.5258117,1785154171.7125857,,,
block1-000868,94.6180906612426,6968.827544595115,166,20.0,93.82314002141356,6968.032593955286,0.7949506398290396,block1:zero_tool,stock_fcfs,mixed,1785154169.899376,1785154169.900171,1785154169.9940019,1785154176.8682117,,,
block1-000869,75.4564517410472,12619.744047755376,299,297.5,74.25799395423383,12618.545589968562,1.1984577868133783,block1:zero_tool,stock_fcfs,mixed,1785154169.975684,1785154169.9768832,1785154170.0511565,1785154182.595444,,,
block1-000870,62.71481921430677,6501.846221159212,155,95.0,62.197678023949265,6501.329079968855,0.5171411903575063,block1:zero_tool,stock_fcfs,mixed,1785154170.3851185,1785154170.385636,1785154170.4478426,1785154176.8869736,,,
block1-000871,482.581720687449,1412.0360736269504,35,70.0,481.5247090300545,1410.979061969556,1.0570116573944688,block1:s1,stock_fcfs,mixed,1785154170.6093295,1785154170.6103868,1785154171.0919192,1785154172.0213735,,,
block1-000872,418.37406205013394,1379.2042480781674,34,20.0,416.49204993154854,1377.322235959582,1.8820121185854077,block1:s2,stock_fcfs,mixed,1785154170.7517831,1785154170.7536654,1785154171.1701658,1785154172.1309958,,,
block1-000873,65.26656355708838,7975.078000570647,190,115.0,64.77350904606283,7974.584946059622,0.493054511025548,block1:zero_tool,stock_fcfs,mixed,1785154171.8587344,1785154171.8592298,1785154171.9240339,1785154179.8338451,,,
block1-000874,581.1754057649523,1529.6108886832371,36,20.0,580.5038700345904,1528.9393529528752,0.6715357303619385,block1:s2,stock_fcfs,mixed,1785154172.036087,1785154172.0367591,1785154172.6172736,1785154173.565709,,,
block1-000875,106.73261038027704,3012.8422214183956,69,155.0,105.60975701082498,3011.7193680489436,1.1228533694520593,block1:s2,stock_fcfs,mixed,1785154172.095855,1785154172.0969787,1785154172.2026,1785154175.1087093,,,
block1-000876,506.2859858153388,1572.423530742526,36,107.5,505.4627100471407,1571.600254974328,0.8232757681980729,block1:s2,stock_fcfs,mixed,1785154172.4537973,1785154172.4546208,1785154172.9600942,1785154174.0262315,,,
block1-000877,708.648101426661,1988.6180814355612,44,20.0,708.1806360511109,1988.150616060011,0.46746537555009127,block1:s2,stock_fcfs,mixed,1785154173.2980747,1785154173.2985423,1785154174.0067317,1785154175.286702,,,
block1-000878,705.2599121816456,1747.5313062313944,38,115.0,704.9911780050024,1747.2625720547512,0.26873417664319277,block1:s2,stock_fcfs,mixed,1785154173.3011003,1785154173.3013697,1785154174.0063703,1785154175.0486412,,,
block1-000879,53.19828318897635,5917.472648085095,141,105.0,52.414235076867044,5916.688599972986,0.7840481121093035,block1:zero_tool,stock_fcfs,mixed,1785154173.5732028,1785154173.5739872,1785154173.6264076,1785154179.490682,,,
block1-000880,458.3053963724524,1500.4921102663502,32,10.0,458.0981960752979,1500.2849099691957,0.20720029715448618,block1:s3,stock_fcfs,mixed,1785154173.6253784,1785154173.625586,1785154174.0836904,1785154175.1258771,,,
block1-000881,470.9545023506507,1750.4773843102157,39,95.0,470.63394903670996,1750.156830996275,0.3205533139407635,block1:s3,stock_fcfs,mixed,1785154173.7474148,1785154173.7477357,1785154174.2183785,1785154175.4979012,,,
block1-000882,614.6388170309365,1815.4129709582776,41,545.0,614.3540350021794,1815.1281889295205,0.28478202875703573,block1:s3,stock_fcfs,mixed,1785154173.835115,1785154173.8354008,1785154174.4497633,1785154175.6505375,,,
block1-000883,68.06598138064146,7819.706823327579,182,25.0,67.20135000068694,7818.842191947624,0.8646313799545169,block1:zero_tool,stock_fcfs,mixed,1785154174.50149,1785154174.502356,1785154174.5695727,1785154182.321213,,,
block1-000884,586.114443372935,1861.0479122726247,41,140.0,585.8431620290503,1860.77663092874,0.2712813438847661,block1:s3,stock_fcfs,mixed,1785154174.7383654,1785154174.7386367,1785154175.3245084,1785154176.5994422,,,
block1-000885,782.6375791337341,2053.9845511084422,46,70.0,781.8859529215842,2053.2329248962924,0.7516262121498585,block1:s3,stock_fcfs,mixed,1785154174.7567992,1785154174.7575512,1785154175.5394447,1785154176.8107915,,,
block1-000886,905.6422259891406,1909.130125073716,43,10.0,905.203973990865,1908.6918730754405,0.4382519982755184,block1:s3,stock_fcfs,mixed,1785154174.805249,1785154174.8056877,1785154175.7108986,1785154176.714387,,,
block1-000887,67.3444343265146,6976.317328284495,165,22.5,66.47633307147771,6975.449227029458,0.8681012550368905,block1:zero_tool,stock_fcfs,mixed,1785154175.1012707,1785154175.1021392,1785154175.1686225,1785154182.0775957,,,
block1-000888,66.37881125789136,6621.957180323079,157,10.0,65.57489593978971,6621.153265004978,0.8039153181016445,block1:zero_tool,stock_fcfs,mixed,1785154175.2017348,1785154175.202539,1785154175.26812,1785154181.8236985,,,
block1-000889,771.5704125585034,2077.2252675378695,48,115.0,769.6621080394834,2075.3169630188495,1.908304519020021,block1:s4,stock_fcfs,mixed,1785154175.4949386,1785154175.4968472,1785154176.2665174,1785154177.5721726,,,
block1-000890,744.0342108020559,2045.2919327653944,48,160.0,743.6252550687641,2044.8829770321026,0.4089557332918048,block1:s4,stock_fcfs,mixed,1785154175.6614604,1785154175.6618695,1785154176.4055028,1785154177.7067606,,,
block1-000891,65.88951137382537,6580.819121445529,155,155.0,65.53395697847009,6580.463567050174,0.3555543953552842,block1:zero_tool,stock_fcfs,mixed,1785154175.9546998,1785154175.955056,1785154176.020599,1785154182.5355284,,,
block1-000892,696.5745692141354,1993.887625169009,48,17.5,695.6002940423787,1992.9133499972522,0.9742751717567444,block1:s4,stock_fcfs,mixed,1785154175.979532,1785154175.9805067,1785154176.67615,1785154177.973463,,,
block1-000893,61.32018135394901,5955.375980352983,140,70.0,60.832993942312896,5954.888792941347,0.4871874116361141,block1:zero_tool,stock_fcfs,mixed,1785154176.344131,1785154176.3446186,1785154176.4054596,1785154182.2995152,,,
block1-000894,730.1841110456735,1968.8129960559309,48,17.5,728.1824230449274,1966.8113080551848,2.0016880007460713,block1:s4,stock_fcfs,mixed,1785154176.8993504,1785154176.9013524,1785154177.6295438,1785154178.8681726,,,
block1-000895,684.1607206733897,1971.1199366720393,48,15.0,683.3788689691573,1970.338084967807,0.7818517042323947,block1:s4,stock_fcfs,mixed,1785154177.3673208,1785154177.368103,1785154178.0514898,1785154179.3384492,,,
block1-000896,69.92177455686033,5130.9290315257385,117,15.0,69.5649420376867,5130.572199006565,0.35683251917362213,block1:zero_tool,stock_fcfs,mixed,1785154177.9621139,1785154177.962471,1785154178.032043,1785154183.0930505,,,
block1-000897,62.08586657885462,29714.68369557988,702,350.0,60.33991603180766,29712.937745032832,1.7459505470469594,block1:zero_tool,stock_fcfs,mixed,1785154178.1622276,1785154178.1639738,1785154178.2243466,1785154207.8769443,,,
block1-000898,464.66080110985786,1735.7688860502094,40,105.0,464.48388299904764,1735.5919679393992,0.17691811081022024,block1:s1,stock_fcfs,mixed,1785154178.5836275,1785154178.5838044,1785154179.0482965,1785154180.3194046,,,
block1-000899,52.45324282441288,10308.581229764968,242,60.0,51.51069909334183,10307.638686033897,0.9425437310710549,block1:zero_tool,stock_fcfs,mixed,1785154178.6245987,1785154178.6255414,1785154178.677061,1785154188.933189,,,
block1-000900,557.0868947543204,1598.4142947709188,36,17.5,555.3727049846202,1596.7001050012186,1.7141897697001696,block1:s1,stock_fcfs,mixed,1785154178.9331524,1785154178.934867,1785154179.4902475,1785154180.5315747,,,
block1-000901,79.03710729442537,2801.5065282816067,61,280.0,78.77374696545303,2801.2431679526344,0.26336032897233963,block1:s1,stock_fcfs,mixed,1785154179.4596782,1785154179.4599416,1785154179.538723,1785154182.2611926,,,
block1-000902,70.08623064029962,3115.2648316929117,69,145.0,69.28202300332487,3114.460624055937,0.804207636974752,block1:s1,stock_fcfs,mixed,1785154179.6146162,1785154179.6154206,1785154179.68471,1785154182.7298887,,,
block1-000903,351.81434196420014,1392.4250040436164,31,20.0,351.35891393292695,1391.9695760123432,0.4554280312731862,block1:s1,stock_fcfs,mixed,1785154179.6740825,1785154179.6745386,1785154180.0259056,1785154181.0665164,,,
block1-000904,58.624146739020944,5381.051005679183,122,177.5,57.97726509626955,5380.404124036431,0.6468816427513957,block1:zero_tool,stock_fcfs,mixed,1785154179.717738,1785154179.7183855,1785154179.776374,1785154185.098801,,,
block1-000905,598.4693388454616,1974.1500547388569,42,17.5,597.9038180084899,1973.5845339018852,0.5655208369717002,block1:s2,stock_fcfs,mixed,1785154180.1031547,1785154180.1037204,1785154180.701633,1785154182.077314,,,
block1-000906,623.4081051079556,1706.3812301494181,37,105.0,622.5958549184725,1705.568979959935,0.8122501894831657,block1:s2,stock_fcfs,mixed,1785154180.1341424,1785154180.134955,1785154180.7575588,1785154181.840532,,,
block1-000907,631.3718780875206,1990.3970970772207,43,85.0,631.0105740558356,1990.0357930455357,0.3613040316849947,block1:s2,stock_fcfs,mixed,1785154180.6433687,1785154180.6437302,1785154181.2747471,1785154182.6337724,,,
block1-000908,551.1030375491828,1675.3936585737392,36,145.0,550.8578630397096,1675.148484064266,0.245174509473145,block1:s2,stock_fcfs,mixed,1785154180.8010402,1785154180.8012857,1785154181.3521514,1785154182.476442,,,
block1-000909,606.1208564788103,2058.7008184520528,44,282.5,604.8099909676239,2057.3899529408664,1.310865511186421,block1:s2,stock_fcfs,mixed,1785154180.9787886,1785154180.9801,1785154181.584917,1785154183.0374968,,,
block1-000910,643.6976158292964,2060.867458814755,44,15.0,643.1398490676656,2060.3096920531243,0.5577667616307735,block1:s2,stock_fcfs,mixed,1785154181.108581,1785154181.1091392,1785154181.7522979,1785154183.1694677,,,
block1-000911,731.7883166251704,1769.1036825999618,37,395.0,731.6120400791988,1768.9274060539901,0.176276545971632,block1:s2,stock_fcfs,mixed,1785154181.628488,1785154181.6286645,1785154182.3602846,1785154183.3976,,,
block1-000912,117.72281816229224,6103.0106481630355,142,155.0,117.12494399398565,6102.412773994729,0.5978741683065891,block1:zero_tool,stock_fcfs,mixed,1785154181.6347873,1785154181.6353855,1785154181.7525165,1785154187.7378047,,,
block1-000913,562.0591724291444,1827.8912773821503,39,287.5,561.002854956314,1826.8349599093199,1.0563174728304148,block1:s3,stock_fcfs,mixed,1785154181.6822584,1785154181.6833153,1785154182.2443268,1785154183.5101588,,,
block1-000914,708.4415224380791,1740.2792074717581,38,172.5,707.8199789393693,1739.6576639730483,0.6215434987097979,block1:s3,stock_fcfs,mixed,1785154181.826666,1785154181.827288,1785154182.5351164,1785154183.566954,,,
block1-000915,827.516590594314,2188.035434577614,48,17.5,826.4955590711907,2187.0144030544907,1.0210315231233835,block1:s3,stock_fcfs,mixed,1785154182.037281,1785154182.0383022,1785154182.864804,1785154184.225323,,,
block1-000916,794.8625279823318,2157.891431939788,48,20.0,793.9642500132322,2156.9931539706886,0.8982779690995812,block1:s3,stock_fcfs,mixed,1785154182.086904,1785154182.0878026,1785154182.8817751,1785154184.244804,,,
block1-000917,64.04271756764501,5210.348005639389,124,412.5,62.28991795796901,5208.595206029713,1.7527996096760035,block1:zero_tool,stock_fcfs,mixed,1785154182.4713452,1785154182.4730983,1785154182.5353956,1785154187.681701,,,
block1-000918,767.3955449135974,2164.9080419447273,48,12.5,767.2077289316803,2164.72022596281,0.18781598191708326,block1:s3,stock_fcfs,mixed,1785154182.647876,1785154182.648064,1785154183.4152787,1785154184.812791,,,
block1-000919,87.22660935018212,6410.592565312982,154,280.0,86.23310003895313,6409.599056001753,0.9935093112289906,block1:zero_tool,stock_fcfs,mixed,1785154182.7482028,1785154182.7491965,1785154182.8354383,1785154189.1588037,,,
block1-000920,711.4566691452637,2108.206358156167,48,47.5,710.5375799583271,2107.2872689692304,0.9190891869366169,block1:s4,stock_fcfs,mixed,1785154182.7607512,1785154182.7616706,1785154183.4722157,1785154184.8689651,,,
block1-000921,690.2061610016972,2088.015886954963,48,307.5,689.1766990302131,2086.986424983479,1.0294619714841247,block1:s4,stock_fcfs,mixed,1785154182.9510288,1785154182.9520583,1785154183.6412446,1785154185.0390544,,,
block1-000922,831.6850278060883,2095.812760759145,48,10.0,831.3277000561357,2095.4554330091923,0.3573277499526739,block1:s4,stock_fcfs,mixed,1785154183.7906966,1785154183.791054,1785154184.6223893,1785154185.886517,,,
block1-000923,789.261769852601,2100.801606895402,48,187.5,788.7838289607316,2100.3236660035327,0.47794089186936617,block1:s4,stock_fcfs,mixed,1785154183.9088855,1785154183.9093637,1785154184.6981566,1785154186.0096965,,,
block1-000924,764.1853739041835,2093.3988449396566,48,17.5,762.2124679619446,2091.4259389974177,1.9729059422388673,block1:s4,stock_fcfs,mixed,1785154184.086311,1785154184.0882843,1785154184.8505049,1785154186.1797185,,,
block1-000925,716.069373418577,2046.1097514489666,48,132.5,715.6898599350825,2045.730237965472,0.3795134834945202,block1:s4,stock_fcfs,mixed,1785154184.3406734,1785154184.3410532,1785154185.0567508,1785154186.3867915,,,
block1-000926,708.8240019511431,2018.547635874711,48,15.0,708.253808086738,2017.9774420103058,0.5701938644051552,block1:s4,stock_fcfs,mixed,1785154184.4249866,1785154184.425557,1785154185.133818,1785154186.4435415,,,
block1-000927,699.8574597528204,1984.178927843459,48,485.0,697.9368969332427,1982.2583650238812,1.9205628195777535,block1:s4,stock_fcfs,mixed,1785154185.0513551,1785154185.053276,1785154185.7512448,1785154187.0355663,,,
block1-000928,60.31378626357764,6141.935874242336,148,15.0,59.78657794184983,6141.408665920608,0.5272083217278123,block1:zero_tool,stock_fcfs,mixed,1785154185.2085621,1785154185.2090898,1785154185.2688847,1785154191.3505065,,,
block1-000929,593.6838827328756,1505.7000546948984,37,282.5,592.7476370707154,1504.7638090327382,0.9362456621602178,block1:s1,stock_fcfs,mixed,1785154185.6233678,1785154185.6243045,1785154186.2170606,1785154187.1290767,,,
block1-000930,486.4981749560684,1687.5521820038557,40,15.0,486.25665402505547,1687.3106610728428,0.24152093101292849,block1:s1,stock_fcfs,mixed,1785154185.900533,1785154185.9007747,1785154186.3870387,1785154187.5880926,,,
block1-000931,104.99140887986869,2809.8756509134546,69,15.0,104.48251105844975,2809.3667530920357,0.508897821418941,block1:s1,stock_fcfs,mixed,1785154186.0164425,1785154186.0169516,1785154186.1214416,1785154188.8263257,,,
block1-000932,492.3334390623495,1693.8594350358471,42,100.0,492.0312820468098,1693.5572780203074,0.30215701553970575,block1:s1,stock_fcfs,mixed,1785154186.0442286,1785154186.0445309,1785154186.5365717,1785154187.7380977,,,
block1-000933,62.626507016830146,2505.2688230061904,61,12.5,61.835370026528835,2504.477686015889,0.791136990301311,block1:s1,stock_fcfs,mixed,1785154186.6720061,1785154186.6727977,1785154186.7346408,1785154189.1772833,,,
block1-000934,69.1567303147167,9084.551329375245,216,170.0,68.64992494229227,9084.04452400282,0.5068053724244237,block1:zero_tool,stock_fcfs,mixed,1785154187.1939573,1785154187.1944642,1785154187.263123,1785154196.278517,,,
block1-000935,80.77867445535958,2453.686050372198,59,350.0,78.68202705867589,2451.5894029755145,2.096647396683693,block1:s1,stock_fcfs,mixed,1785154187.3264956,1785154187.3285925,1785154187.4072843,1785154189.7801914,,,
block1-000936,666.8145093135536,1872.4490702152252,44,60.0,666.3213650463149,1871.9559259479865,0.49314426723867655,block1:s2,stock_fcfs,mixed,1785154187.4024873,1785154187.4029806,1785154188.06931,1785154189.2749443,,,
block1-000937,466.3989043328911,1666.9027253519744,40,322.5,465.3665709774941,1665.8703919965774,1.032333355396986,block1:s2,stock_fcfs,mixed,1785154187.7578664,1785154187.758899,1785154188.224273,1785154189.4247766,,,
block1-000938,71.12917292397469,6746.476252912544,160,17.5,70.48147800378501,6745.828557992354,0.6476949201896787,block1:zero_tool,stock_fcfs,mixed,1785154188.0409627,1785154188.0416107,1785154188.112127,1785154194.7874742,,,
block1-000939,576.1709362268448,1745.5341822933406,43,107.5,575.5003519589081,1744.863598025404,0.6705842679366469,block1:s2,stock_fcfs,mixed,1785154188.4501004,1785154188.4507716,1785154189.02628,1785154190.1956432,,,
block1-000940,508.1727261422202,1825.9645121870562,42,282.5,506.54137902893126,1824.3331650737673,1.631347113288939,block1:s2,stock_fcfs,mixed,1785154188.8225737,1785154188.8242052,1785154189.330755,1785154190.6485472,,,
block1-000941,782.775498344563,2141.218872391619,49,107.5,782.4359239311889,2140.8792979782447,0.33957441337406635,block1:s2,stock_fcfs,mixed,1785154189.1686764,1785154189.1690164,1785154189.95146,1785154191.3099034,,,
block1-000942,70.22763963323087,13616.770011605695,321,280.0,68.92258406151086,13615.464956033975,1.305055571720004,block1:zero_tool,stock_fcfs,mixed,1785154189.71593,1785154189.7172356,1785154189.7861657,1785154203.3327081,,,
block1-000943,589.5351107465103,1680.9396067401394,37,12.5,589.0302519546822,1680.4347479483113,0.5048587918281555,block1:s2,stock_fcfs,mixed,1785154189.782899,1785154189.783404,1785154190.3724418,1785154191.4638464,,,
block1-000944,787.3509207274765,2085.111580672674,48,172.5,786.5318590775132,2084.2925190227106,0.8190616499632597,block1:s3,stock_fcfs,mixed,1785154190.2550385,1785154190.2558577,1785154191.0423975,1785154192.3401582,,,
block1-000945,772.6599643938243,2068.5454914346337,48,15.0,771.7829439789057,2067.668471019715,0.8770204149186611,block1:s3,stock_fcfs,mixed,1785154190.3089824,1785154190.3098595,1785154191.0816483,1785154192.377534,,,
block1-000946,683.6471176939085,1789.1835316549987,41,15.0,681.8475279724225,1787.3839419335127,1.7995897214859724,block1:s3,stock_fcfs,mixed,1785154190.340171,1785154190.3419714,1785154191.023828,1785154192.1293643,,,
block1-000947,115.84700259845704,5533.6830645101145,131,115.0,114.49801409617066,5532.334076007828,1.3489885022863746,block1:zero_tool,stock_fcfs,mixed,1785154190.3867326,1785154190.3880816,1785154190.5025873,1785154195.9204235,,,
block1-000948,748.9526134449989,2006.5607234137133,48,217.5,747.8189429966733,2005.4270529653877,1.1336704483255744,block1:s3,stock_fcfs,mixed,1785154190.4290867,1785154190.4302206,1785154191.178049,1785154192.435657,,,
block1-000949,615.4518623370677,2013.6023692321032,43,17.5,613.6236910242587,2011.7741979192942,1.8281713128089905,block1:s3,stock_fcfs,mixed,1785154191.0548337,1785154191.056662,1785154191.6702952,1785154193.068446,,,
block1-000950,92.25460514426231,7372.8717032354325,172,170.0,91.77176898811013,7372.38886707928,0.4828361561521888,block1:zero_tool,stock_fcfs,mixed,1785154191.0606885,1785154191.0611718,1785154191.1529868,1785154198.433604,,,
block1-000951,692.3783188685775,2174.4625648716465,48,20.0,691.7595911072567,2173.8438371103257,0.6187277613207698,block1:s3,stock_fcfs,mixed,1785154191.1836243,1785154191.1842434,1785154191.8760104,1785154193.3580947,,,
block1-000952,75.12566319201142,6502.541838097386,154,412.5,74.42909409292042,6501.845268998295,0.6965690990909934,block1:zero_tool,stock_fcfs,mixed,1785154191.256713,1785154191.25741,1785154191.3318489,1785154197.759265,,,
block1-000953,59.05052227899432,5673.164648353122,133,117.5,58.21720394305885,5672.331330017187,0.8333183359354734,block1:zero_tool,stock_fcfs,mixed,1785154191.9334393,1785154191.9342728,1785154191.9924967,1785154197.606611,,,
block1-000954,63.21400706656277,5543.048752122559,130,60.0,62.797266989946365,5542.632012045942,0.41674007661640644,block1:zero_tool,stock_fcfs,mixed,1785154192.028063,1785154192.0284803,1785154192.0912883,1785154197.571123,,,
block1-000955,65.75863296166062,5407.925898907706,126,95.0,64.84092900063843,5407.008194946684,0.9177039610221982,block1:zero_tool,stock_fcfs,mixed,1785154192.1988134,1785154192.1997318,1785154192.2645798,1785154197.6067472,,,
block1-000956,922.3183740396053,2198.843704070896,48,545.0,922.023206949234,2198.5485369805247,0.2951670903712511,block1:s4,stock_fcfs,mixed,1785154192.416457,1785154192.4167523,1785154193.3387828,1785154194.615308,,,
block1-000957,910.4395138565451,2185.258440906182,48,110.0,910.1546199526638,2184.9735470023006,0.2848939038813114,block1:s4,stock_fcfs,mixed,1785154192.4475574,1785154192.4478426,1785154193.3580043,1785154194.632823,,,
block1-000958,841.4215142838657,2117.5532263005152,48,287.5,840.3290689457208,2116.4607809623703,1.0924453381448984,block1:s4,stock_fcfs,mixed,1785154192.5744884,1785154192.575581,1785154193.4159188,1785154194.6920507,,,
block1-000959,809.4837196404114,2086.3075687084347,48,85.0,809.1006549075246,2085.924503975548,0.38306473288685083,block1:s4,stock_fcfs,mixed,1785154192.7405925,1785154192.7409759,1785154193.5500846,1785154194.8269083,,,
block1-000960,652.8743628878146,1851.7437608679757,43,357.5,652.288398006931,1851.157795987092,0.5859648808836937,block1:s1,stock_fcfs,mixed,1785154192.763207,1785154192.7637932,1785154193.4160872,1785154194.6149566,,,
block1-000961,161.38279007282108,2745.184156112373,66,60.0,160.49716400448233,2744.298530044034,0.8856260683387518,block1:s1,stock_fcfs,mixed,1785154192.8331702,1785154192.8340561,1785154192.9945624,1785154195.5783637,,,
block1-000962,690.869843470864,1890.236460370943,44,22.5,690.1936570648104,1889.5602739648893,0.6761864060536027,block1:s1,stock_fcfs,mixed,1785154192.8406746,1785154192.8413508,1785154193.5315518,1785154194.7309184,,,
block1-000963,698.2777036027983,1863.0151685792953,46,152.5,697.5250809919089,1862.262545968406,0.7526226108893752,block1:s1,stock_fcfs,mixed,1785154192.9634886,1785154192.9642417,1785154193.661776,1785154194.826514,,,
block1-000964,518.866723170504,1567.6181492162868,39,10.0,518.3393059996888,1567.0907320454717,0.5274171708151698,block1:s1,stock_fcfs,mixed,1785154193.5719028,1785154193.5724304,1785154194.0908005,1785154195.1395516,,,
block1-000965,81.69097220525146,9328.54886923451,222,17.5,81.30160893779248,9328.15950596705,0.3893632674589753,block1:zero_tool,stock_fcfs,mixed,1785154193.583097,1785154193.5834868,1785154193.6647956,1785154202.9116535,,,
block1-000966,56.97901058010757,19565.50008058548,466,15.0,55.917841964401305,19564.438911969773,1.061168615706265,block1:zero_tool,stock_fcfs,mixed,1785154193.9215884,1785154193.9226499,1785154193.9785757,1785154213.4870963,,,
block1-000967,62.44437652640045,10023.969104513526,240,22.5,62.03173892572522,10023.55646691285,0.41263760067522526,block1:zero_tool,stock_fcfs,mixed,1785154194.0361598,1785154194.0365725,1785154194.0986128,1785154204.0601377,,,
block1-000968,423.1244788970798,1485.5879648821428,37,145.0,422.4186110077426,1484.8820969928056,0.7058678893372416,block1:s2,stock_fcfs,mixed,1785154194.112313,1785154194.1130192,1785154194.535447,1785154195.5979106,,,
block1-000969,62.13807302992791,4759.70535504166,112,287.5,61.87202001456171,4759.439302026294,0.26605301536619663,block1:zero_tool,stock_fcfs,mixed,1785154194.278039,1785154194.2783055,1785154194.3401875,1785154199.0377543,,,
block1-000970,53.42575802933425,7537.748248083517,178,12.5,52.75276501197368,7537.075255066156,0.672993017360568,block1:zero_tool,stock_fcfs,mixed,1785154194.8138518,1785154194.8145251,1785154194.867286,1785154202.3516083,,,
block1-000971,63.02395975217223,5399.260921753012,126,17.5,60.99738401826471,5397.234346019104,2.0265757339075208,block1:zero_tool,stock_fcfs,mixed,1785154194.8844495,1785154194.8864763,1785154194.9474819,1785154200.2837188,,,
block1-000972,86.95837121922523,6065.002112300135,141,217.5,86.76251792348921,6064.806259004399,0.19585329573601484,block1:zero_tool,stock_fcfs,mixed,1785154195.451162,1785154195.4513583,1785154195.5381289,1785154201.5161726,,,
block1-000973,67.7489333320409,6159.675211412832,143,187.5,66.83683302253485,6158.763111103326,0.9121003095060587,block1:zero_tool,stock_fcfs,mixed,1785154195.4721227,1785154195.473035,1785154195.5398788,1785154201.6318054,,,
block1-000974,648.6435988917947,1691.4207278750837,38,140.0,648.2168530346826,1690.9939820179716,0.42674585711210966,block1:s2,stock_fcfs,mixed,1785154195.8566322,1785154195.857059,1785154196.505284,1785154197.5480616,,,
block1-000975,315.53093111142516,1624.824540107511,37,117.5,314.73174202255905,1624.0253510186449,0.7991890888661146,block1:s2,stock_fcfs,mixed,1785154195.981242,1785154195.9820414,1785154196.2967806,1785154197.6060743,,,
block1-000976,101.60650534089655,5426.935350289568,125,25.0,100.41960806120187,5425.748453009874,1.1868972796946764,block1:zero_tool,stock_fcfs,mixed,1785154196.3637218,1785154196.3649087,1785154196.4653351,1785154201.7906635,,,
block1-000977,66.55404134653509,5445.541946333833,126,60.0,65.36182796116918,5444.349732948467,1.1922133853659034,block1:zero_tool,stock_fcfs,mixed,1785154196.4022472,1785154196.4034398,1785154196.4688392,1785154201.8478272,,,
block1-000978,668.1303164223209,1904.432847397402,41,217.5,667.428232030943,1903.730763006024,0.7020843913778663,block1:s3,stock_fcfs,mixed,1785154196.5109842,1785154196.5116863,1785154197.1791224,1785154198.4154248,,,
block1-000979,457.40395167376846,1870.7779847318307,41,287.5,456.7061649868265,1870.0801980448887,0.6977866869419813,block1:s3,stock_fcfs,mixed,1785154197.0323625,1785154197.0330603,1785154197.4897747,1785154198.9031482,,,
block1-000980,796.5576619608328,2136.950966902077,48,60.0,796.2072350783274,2136.600540019572,0.35042688250541687,block1:s3,stock_fcfs,mixed,1785154197.406792,1785154197.4071424,1785154198.2033572,1785154199.5437503,,,
block1-000981,623.7033278448507,1955.124465865083,44,412.5,622.7207690244541,1954.1419070446864,0.9825588203966618,block1:s3,stock_fcfs,mixed,1785154197.523952,1785154197.5249352,1785154198.147667,1785154199.4790883,,,
block1-000982,101.6957403626293,6517.805360374041,155,20.0,100.75350594706833,6516.86312595848,0.9422344155609608,block1:zero_tool,stock_fcfs,mixed,1785154197.542897,1785154197.5438392,1785154197.6446254,1785154204.060735,,,
block1-000983,773.055253433995,2133.22880549822,48,170.0,772.6650519762188,2132.838604040444,0.39020145777612925,block1:s3,stock_fcfs,mixed,1785154197.776197,1785154197.7765875,1785154198.5492594,1785154199.9094331,,,
block1-000984,70.12984831817448,5522.906973375939,132,160.0,69.70041093882173,5522.477535996586,0.4294373793527484,block1:zero_tool,stock_fcfs,mixed,1785154197.939488,1785154197.9399178,1785154198.0096269,1785154203.4624038,,,
block1-000985,737.9792128922418,2123.9753789268434,48,10.0,737.473723012954,2123.4698890475556,0.5054898792877793,block1:s4,stock_fcfs,mixed,1785154198.1214538,1785154198.1219597,1785154198.8594415,1785154200.2454376,,,
block1-000986,706.6900443751365,2087.152481311932,48,572.5,706.2943989876658,2086.7568359244615,0.3956453874707222,block1:s4,stock_fcfs,mixed,1785154198.2351866,1785154198.2355824,1785154198.9418838,1785154200.3223464,,,
block1-000987,67.74767383467406,5261.720219859853,126,17.5,66.66581297758967,5260.638359002769,1.0818608570843935,block1:zero_tool,stock_fcfs,mixed,1785154198.835105,1785154198.8361871,1785154198.9028616,1785154204.096834,,,
block1-000988,695.912124007009,2123.3744859928265,48,95.0,694.8049910133705,2122.267352999188,1.1071329936385155,block1:s4,stock_fcfs,mixed,1785154198.9243627,1785154198.9254699,1785154199.6202826,1785154201.047745,,,
block1-000989,71.13829453010112,6036.761779570952,140,85.0,69.9725600425154,6035.596045083366,1.1657344875857234,block1:zero_tool,stock_fcfs,mixed,1785154199.4142501,1785154199.415416,1785154199.4853966,1785154205.4510205,,,
block1-000990,757.2925981367007,2146.664342144504,48,172.5,757.0657709147781,2146.4375149225816,0.22682722192257643,block1:s4,stock_fcfs,mixed,1785154199.6794844,1785154199.6797116,1785154200.436785,1785154201.8261566,,,
block1-000991,755.2972976118326,2127.4082156596705,48,322.5,754.7832588898018,2126.8941769376397,0.5140387220308185,block1:s4,stock_fcfs,mixed,1785154199.7201917,1785154199.7207057,1785154200.475495,1785154201.847606,,,
block1-000992,615.4789086431265,1835.2460416499525,43,322.5,614.6945289801806,1834.4616619870067,0.7843796629458666,block1:s1,stock_fcfs,mixed,1785154200.0503008,1785154200.0510852,1785154200.6657867,1785154201.8855538,,,
block1-000993,118.55127546004951,2713.960343389772,65,12.5,117.5615640822798,2712.970632012002,0.9897113777697086,block1:s1,stock_fcfs,mixed,1785154200.4858654,1785154200.4868553,1785154200.6044497,1785154203.1998587,,,
block1-000994,569.8377951048315,1544.1564600914717,36,105.0,569.347387063317,1543.6660520499572,0.49040804151445627,block1:s1,stock_fcfs,mixed,1785154200.516537,1785154200.5170276,1785154201.0863824,1785154202.060701,,,
block1-000995,120.2405549120158,3072.619338869117,75,287.5,119.3848269758746,3071.763610932976,0.8557279361411929,block1:s1,stock_fcfs,mixed,1785154200.522966,1785154200.523822,1785154200.6432137,1785154203.5955927,,,
block1-000996,575.7982841460034,1548.41539519839,36,17.5,575.5733939586207,1548.1905050110072,0.22489018738269806,block1:s1,stock_fcfs,mixed,1785154200.5302305,1785154200.5304558,1785154201.1060357,1785154202.0786529,,,
block1-000997,421.8419437529519,1396.9324147328734,34,170.0,421.03713809046894,1396.1276090703905,0.8048056624829769,block1:s1,stock_fcfs,mixed,1785154200.8209002,1785154200.821705,1785154201.2427504,1785154202.2178411,,,
block1-000998,579.2097384110093,1757.297376403585,43,145.0,578.1022749142721,1756.189912906848,1.1074634967371821,block1:s1,stock_fcfs,mixed,1785154201.5752277,1785154201.5763354,1785154202.1544456,1785154203.3325338,,,
block1-000999,442.6726901438087,1370.3392770839855,33,22.5,440.71480503771454,1368.3813919778913,1.9578851060941815,block1:s1,stock_fcfs,mixed,1785154201.6743588,1785154201.676317,1785154202.117039,1785154203.0447054,,,
block1-001000,432.4224686715752,1394.05539969448,34,550.0,431.7287190351635,1393.3616500580683,0.6937496364116669,block1:s2,stock_fcfs,mixed,1785154201.7272081,1785154201.727902,1785154202.159637,1785154203.12127,,,
block1-001001,66.55250047333539,2952.6197825325653,70,545.0,65.2300069341436,2951.2972889933735,1.3224935391917825,block1:zero_tool,stock_fcfs,mixed,1785154201.7623727,1785154201.7636955,1785154201.8289309,1785154204.7149982,,,
block1-001002,59.7346544964239,6457.127561559901,152,545.0,59.413879993371665,6456.806787056848,0.32077450305223465,block1:zero_tool,stock_fcfs,mixed,1785154202.0996265,1785154202.0999475,1785154202.1593676,1785154208.5567603,,,
block1-001003,563.6379586067051,1802.7293717022985,43,92.5,563.3666499052197,1802.4580630008131,0.27130870148539543,block1:s2,stock_fcfs,mixed,1785154202.5954723,1785154202.595744,1785154203.1591182,1785154204.3982093,,,
block1-001004,81.82478754315525,6180.001625558361,145,15.0,81.43015799578279,6179.606996010989,0.39462954737246037,block1:zero_tool,stock_fcfs,mixed,1785154202.6324356,1785154202.6328304,1785154202.7142675,1785154208.8124444,,,
block1-001005,760.0935940863565,2106.493369094096,49,17.5,759.2984529910609,2105.6982279988006,0.7951410952955484,block1:s2,stock_fcfs,mixed,1785154202.7975976,1785154202.798393,1785154203.557726,1785154204.9041257,,,
block1-001006,611.0843298956752,1816.565727815032,38,17.5,610.1157560478896,1815.5971539672464,0.9685738477855921,block1:s2,stock_fcfs,mixed,1785154203.6340258,1785154203.6349945,1785154204.2451167,1785154205.4505982,,,
block1-001007,336.65280079003423,1750.223346753046,37,15.0,335.0942060351372,1748.6647519981489,1.558594754897058,block1:s2,stock_fcfs,mixed,1785154204.002891,1785154204.00445,1785154204.3395524,1785154205.753123,,,
block1-001008,861.7449754383415,2145.503162406385,48,47.5,860.7303770259023,2144.4885639939457,1.014598412439227,block1:s3,stock_fcfs,mixed,1785154204.2661018,1785154204.2671168,1785154205.1278553,1785154206.4116135,,,
block1-001009,94.90292484406382,5450.8374988799915,126,155.0,93.92131201457232,5449.8558860505,0.9816128294914961,block1:zero_tool,stock_fcfs,mixed,1785154204.3029673,1785154204.3039496,1785154204.3978786,1785154209.753813,,,
block1-001010,903.8087970111519,2109.5782939810306,48,307.5,902.8781000524759,2108.6475970223546,0.9306969586759806,block1:s3,stock_fcfs,mixed,1785154204.4700322,1785154204.4709632,1785154205.373849,1785154206.5796182,,,
block1-001011,501.95949187036604,1765.089405933395,39,20.0,501.5943489270285,1764.7242629900575,0.3651429433375597,block1:s3,stock_fcfs,mixed,1785154204.496641,1785154204.4970064,1785154204.9986074,1785154206.261737,,,
block1-001012,873.5400390578434,2077.930361032486,48,177.5,872.6338630076498,2077.0241849822924,0.9061760501936078,block1:s3,stock_fcfs,mixed,1785154204.5386007,1785154204.5395072,1785154205.4121485,1785154206.6165385,,,
block1-001013,803.3447189955041,2028.318075928837,48,12.5,802.2511430317536,2027.2244999650866,1.0935759637504816,block1:s3,stock_fcfs,mixed,1785154204.9113762,1785154204.9124703,1785154205.7147286,1785154206.9397023,,,
block1-001014,897.0840001711622,1797.769419150427,43,170.0,896.061795996502,1796.7472149757668,1.0222041746601462,block1:s3,stock_fcfs,mixed,1785154204.9501164,1785154204.9511387,1785154205.847208,1785154206.7478933,,,
block1-001015,725.5387994227931,1971.095139393583,48,20.0,723.7509050173685,1969.3072449881583,1.7878944054245949,block1:s3,stock_fcfs,mixed,1785154205.1402268,1785154205.142015,1785154205.8657725,1785154207.1113293,,,
block1-001016,709.8625093931332,1972.2654573852196,48,545.0,709.1668390203267,1971.5697870124131,0.6956703728064895,block1:s4,stock_fcfs,mixed,1785154205.1744092,1785154205.175105,1785154205.884279,1785154207.1466815,,,
block1-001017,811.6896874271333,2196.778350393288,49,152.5,811.4904899848625,2196.579152951017,0.19919744227081537,block1:s4,stock_fcfs,mixed,1785154206.8623285,1785154206.862528,1785154207.6740265,1785154209.0591152,,,
block1-001018,93.0517875822261,8252.831940539181,195,115.0,92.63066609855741,8252.410819055513,0.42112148366868496,block1:zero_tool,stock_fcfs,mixed,1785154206.8802156,1785154206.880637,1785154206.9732928,1785154215.1330729,,,
block1-001019,754.4782439945266,2099.2115270346403,48,550.0,754.3341119308025,2099.067394970916,0.1441320637241006,block1:s4,stock_fcfs,mixed,1785154207.0729415,1785154207.073086,1785154207.8274503,1785154209.1721835,,,
block1-001020,852.5946512818336,2080.5956462863833,48,282.5,852.3302190005779,2080.3312140051275,0.26443228125572205,block1:s4,stock_fcfs,mixed,1785154207.3575237,1785154207.3577883,1785154208.2101252,1785154209.4381266,,,
block1-001021,826.9071317045018,2054.281199700199,48,107.5,826.7857739701867,2054.159841965884,0.12135773431509733,block1:s4,stock_fcfs,mixed,1785154207.401119,1785154207.4012408,1785154208.2280333,1785154209.4554076,,,
block1-001022,117.23223235458136,8890.555062447675,210,15.0,115.10519299190491,8888.428023084998,2.1270393626764417,block1:zero_tool,stock_fcfs,mixed,1785154207.4446366,1785154207.4467642,1785154207.5618775,1785154216.3352005,,,
block1-001023,776.4007995137945,2090.191987459548,48,12.5,775.286935037002,2089.0781229827553,1.1138644767925143,block1:s4,stock_fcfs,mixed,1785154207.7800505,1785154207.781165,1785154208.5564592,1785154209.8702505,,,
block1-001024,635.7091834070161,1821.32651633583,43,12.5,635.2740339934826,1820.8913669222966,0.4351494135335088,block1:s1,stock_fcfs,mixed,1785154207.802625,1785154207.8030603,1785154208.4383411,1785154209.6239586,,,
block1-001025,143.94018868915737,17063.73964471277,405,85.0,142.992370063439,17062.79182608705,0.9478186257183552,block1:zero_tool,stock_fcfs,mixed,1785154207.8306699,1785154207.831618,1785154207.9746199,1785154224.8944192,,,
block1-001026,635.1750367321074,1870.1718166703358,44,60.0,634.8765550646931,1869.8733350029215,0.2984816674143076,block1:s1,stock_fcfs,mixed,1785154207.901887,1785154207.9021857,1785154208.5370703,1785154209.772067,,,
block1-001027,92.7883074618876,5501.4791714493185,133,115.0,91.81472903583199,5500.505593023263,0.9735784260556102,block1:zero_tool,stock_fcfs,mixed,1785154207.9650095,1785154207.9659832,1785154208.057805,1785154213.466496,,,
block1-001028,490.87357660755515,1721.4669525856152,42,15.0,490.13801210094243,1720.7313880790025,0.7355645066127181,block1:s1,stock_fcfs,mixed,1785154208.4717138,1785154208.4724495,1785154208.962594,1785154210.1931875,,,
block1-001029,52.689615986309946,19954.628470004536,463,12.5,52.11064708419144,19954.049501102418,0.578968902118504,block1:zero_tool,stock_fcfs,mixed,1785154208.5635087,1785154208.564088,1785154208.6162064,1785154228.5181453,,,
block1-001030,60.37390243727714,6877.3909964365885,165,17.5,59.846039046533406,6876.863133045845,0.5278633907437325,block1:zero_tool,stock_fcfs,mixed,1785154208.692747,1785154208.6932752,1785154208.75313,1785154215.5701473,,,
block1-001031,65.7251332886517,6122.143987333402,145,12.5,64.99298999551684,6121.411844040267,0.7321432931348681,block1:zero_tool,stock_fcfs,mixed,1785154209.4305544,1785154209.4312868,1785154209.4962862,1785154215.5527053,,,
block1-001032,59.88010088913143,16317.252497887239,386,117.5,58.845750987529755,16316.218147985637,1.0343499016016722,block1:zero_tool,stock_fcfs,mixed,1785154209.4963677,1785154209.4974022,1785154209.556254,1785154225.8136263,,,
block1-001033,122.55199404899031,2897.7366030449048,67,70.0,121.57621898222715,2896.7608279781416,0.9757750667631626,block1:s2,stock_fcfs,mixed,1785154209.5594797,1785154209.5604558,1785154209.6820407,1785154212.4572253,,,
block1-001034,549.7992770979181,1490.67188706249,37,12.5,549.1628140443936,1490.0354240089655,0.6364630535244942,block1:s2,stock_fcfs,mixed,1785154209.6618545,1785154209.662491,1785154210.2116601,1785154211.1525326,,,
block1-001035,64.03879879508168,6529.531378764659,155,12.5,63.721752958372235,6529.21433292795,0.31704583670943975,block1:zero_tool,stock_fcfs,mixed,1785154209.805786,1785154209.8061032,1785154209.8698304,1785154216.3353229,,,
block1-001036,52.38593660760671,6364.813283551484,151,20.0,51.801337976939976,6364.228684920818,0.5845986306667328,block1:zero_tool,stock_fcfs,mixed,1785154209.951918,1785154209.9525027,1785154210.0043228,1785154216.3167503,,,
block1-001037,63.548673992045224,5802.715486031957,136,357.5,62.45520897209644,5801.622021012008,1.0934650199487805,block1:zero_tool,stock_fcfs,mixed,1785154210.2451816,1785154210.2462754,1785154210.3087387,1785154216.0479054,,,
block1-001038,99.33923301286995,2795.4595469636843,65,217.5,98.4350850339979,2794.555398984812,0.9041479788720608,block1:s2,stock_fcfs,mixed,1785154211.0156357,1785154211.01654,1785154211.114983,1785154213.8111036,,,
block1-001039,390.7887600362301,1397.5090469466522,31,140.0,390.00397408381104,1396.7242609942332,0.7847859524190426,block1:s2,stock_fcfs,mixed,1785154211.1573095,1785154211.1580946,1785154211.5481057,1785154212.554826,,,
block1-001040,431.24944472219795,1438.5101207299158,32,92.5,430.47633301466703,1437.7370090223849,0.7731117075309157,block1:s3,stock_fcfs,mixed,1785154211.1930277,1785154211.1938012,1785154211.6242855,1785154212.6315463,,,
block1-001041,739.5211135735735,2060.766745591536,48,60.0,738.6132009560242,2059.858832973987,0.9079126175493002,block1:s3,stock_fcfs,mixed,1785154211.2901185,1785154211.2910273,1785154212.0296483,1785154213.350894,,,
block1-001042,747.0966381952167,2027.3408321663737,48,15.0,746.2768929544836,2026.5210869256407,0.8197452407330275,block1:s3,stock_fcfs,mixed,1785154211.8072658,1785154211.808086,1785154212.5543718,1785154213.8346157,,,
block1-001043,78.30947428010404,7731.495556305163,185,395.0,78.088239999488,7731.274322024547,0.221234280616045,block1:zero_tool,stock_fcfs,mixed,1785154211.894732,1785154211.894954,1785154211.9730513,1785154219.6262374,,,
block1-001044,65.74168684892356,7599.378561833873,182,412.5,65.12425898108631,7598.761133966036,0.6174278678372502,block1:zero_tool,stock_fcfs,mixed,1785154212.0654151,1785154212.066033,1785154212.1311686,1785154219.6648054,,,
block1-001045,595.6282448023558,1544.8393957922235,37,172.5,595.3483330085874,1544.559483998455,0.2799117937684059,block1:s3,stock_fcfs,mixed,1785154212.3044379,1785154212.304718,1785154212.9000742,1785154213.8492854,,,
block1-001046,55.42074190452695,7562.2532370034605,180,280.0,55.07327592931688,7561.9057710282505,0.3474659752100706,block1:zero_tool,stock_fcfs,mixed,1785154212.6943681,1785154212.694716,1785154212.7497988,1785154220.2566304,,,
block1-001047,57.090421323664486,6956.619528355077,165,60.0,56.44184094853699,6955.970947979949,0.6485803751274943,block1:zero_tool,stock_fcfs,mixed,1785154212.8507795,1785154212.8514283,1785154212.9078796,1785154219.8074086,,,
block1-001048,712.012188625522,2056.134515674785,48,10.0,711.5657519316301,2055.688078980893,0.4464366938918829,block1:s4,stock_fcfs,mixed,1785154212.927942,1785154212.9283886,1785154213.6399622,1785154214.9840844,,,
block1-001049,779.7426921315491,2192.768933135085,48,172.5,779.1841219877824,2192.210362991318,0.5585701437667012,block1:s4,stock_fcfs,mixed,1785154214.0475392,1785154214.0480983,1785154214.8272908,1785154216.2403169,,,
block1-001050,779.3498324463144,2157.8619023784995,48,17.5,779.0510720806196,2157.5631420128047,0.2987603656947613,block1:s4,stock_fcfs,mixed,1785154214.4297829,1785154214.4300823,1785154215.2091427,1785154216.5876546,,,
block1-001051,726.9955096999183,2166.8211426585913,48,10.0,726.6882859403268,2166.5139188989997,0.30722375959157944,block1:s4,stock_fcfs,mixed,1785154214.6140525,1785154214.61436,1785154215.3410563,1785154216.780882,,,
block1-001052,806.7066811490804,2169.8354891268536,48,322.5,806.3440710538998,2169.472879031673,0.3626100951805711,block1:s4,stock_fcfs,mixed,1785154214.9528954,1785154214.9532585,1785154215.7596126,1785154217.1227412,,,
block1-001053,801.799644366838,2125.88840641547,48,820.0,801.7403179546818,2125.8290800033137,0.05932641215622425,block1:s4,stock_fcfs,mixed,1785154215.4173799,1785154215.4174395,1785154216.2191877,1785154217.5432765,,,
block1-001054,775.7467214250937,2102.2397445049137,48,17.5,773.3060639584437,2099.7990870382637,2.440657466650009,block1:s4,stock_fcfs,mixed,1785154215.5792418,1785154215.5816827,1785154216.3549972,1785154217.681491,,,
block1-001055,775.9928163141012,2101.1496442370117,48,15.0,775.6969950860366,2100.853823008947,0.29582122806459665,block1:s4,stock_fcfs,mixed,1785154215.5965896,1785154215.596886,1785154216.3725913,1785154217.6977484,,,
block1-001056,552.84287489485,1801.221348810941,43,135.0,552.2941630333662,1800.6726369494572,0.5487118614837527,block1:s1,stock_fcfs,mixed,1785154215.8021834,1785154215.8027325,1785154216.355035,1785154217.6034138,,,
block1-001057,90.58266563806683,2947.263077716343,71,47.5,89.81220691930503,2946.4926189975813,0.7704587187618017,block1:s1,stock_fcfs,mixed,1785154215.841552,1785154215.8423226,1785154215.9321425,1785154218.7888231,,,
block1-001058,71.06969866435975,6866.180399665609,163,357.5,70.26538904756308,6865.376090048812,0.8043096167966723,block1:zero_tool,stock_fcfs,mixed,1785154216.496089,1785154216.4968934,1785154216.5671651,1785154223.362276,,,
block1-001059,118.35943558253348,3033.5712016094476,73,135.0,117.92629305273294,3033.138059079647,0.43314252980053425,block1:s1,stock_fcfs,mixed,1785154216.555382,1785154216.5558155,1785154216.673748,1785154219.5889597,,,
block1-001060,583.0310891615227,1643.591018160805,39,357.5,581.574255018495,1642.1341840177774,1.4568341430276632,block1:s1,stock_fcfs,mixed,1785154216.597747,1785154216.5992043,1785154217.180797,1785154218.2413576,,,
block1-001061,66.65696494746953,2652.69629098475,65,115.0,66.24971400015056,2652.289040037431,0.40725094731897116,block1:s1,stock_fcfs,mixed,1785154216.8601723,1785154216.8605797,1785154216.926836,1785154219.5128753,,,
block1-001062,430.600777734071,1656.0525257373229,40,115.0,428.9369999896735,1654.3887479929253,1.663777744397521,block1:s1,stock_fcfs,mixed,1785154216.9034467,1785154216.9051108,1785154217.334069,1785154218.5595207,,,
block1-001063,80.57985396590084,2450.88951906655,60,17.5,79.93788388557732,2450.2475489862263,0.6419700803235173,block1:s1,stock_fcfs,mixed,1785154217.0419414,1785154217.0425837,1785154217.1225293,1785154219.4928389,,,
block1-001064,437.84783023875207,1427.8665712336078,34,145.0,437.5765280565247,1427.5952690513805,0.2713021822273731,block1:s2,stock_fcfs,mixed,1785154217.9130533,1785154217.9133248,1785154218.3509104,1785154219.3409293,,,
block1-001065,65.8791707828641,5257.404964766465,124,155.0,65.05238800309598,5256.578181986697,0.8267827797681093,block1:zero_tool,stock_fcfs,mixed,1785154218.0812235,1785154218.0820503,1785154218.1471107,1785154223.3386364,,,
block1-001066,591.7668208712712,1612.5242378329858,37,820.0,590.9303600201383,1611.687776981853,0.8364608511328697,block1:s2,stock_fcfs,mixed,1785154218.1755488,1785154218.1763856,1785154218.7673225,1785154219.78808,,,
block1-001067,547.0613200450316,1826.9572571152821,43,15.0,546.3214059127495,1826.217342983,0.7399141322821379,block1:s2,stock_fcfs,mixed,1785154218.373089,1785154218.3738291,1785154218.9201589,1785154220.200055,,,
block1-001068,519.4313648389652,1600.0795908039436,36,60.0,518.9720169873908,1599.6202429523692,0.45934785157442093,block1:s2,stock_fcfs,mixed,1785154219.0309827,1785154219.0314424,1785154219.5504234,1785154220.6310718,,,
block1-001069,625.1872151624411,1936.5490562049672,45,15.0,624.3147259810939,1935.67656702362,0.8724891813471913,block1:s2,stock_fcfs,mixed,1785154219.2749345,1785154219.2758074,1785154219.9001307,1785154221.2114925,,,
block1-001070,88.38847337756306,2789.347155368887,67,17.5,88.19804294034839,2789.156724931672,0.19043043721467257,block1:s2,stock_fcfs,mixed,1785154219.6464093,1785154219.6466,1785154219.7348042,1785154222.4357634,,,
block1-001071,383.0199879594147,1638.1616570288315,37,105.0,382.0611039409414,1637.2027730103582,0.9588840184733272,block1:s2,stock_fcfs,mixed,1785154219.649339,1785154219.6502984,1785154220.0323677,1785154221.2875094,,,
block1-001072,751.2246755650267,2029.8727875342593,48,12.5,749.1901840548962,2027.8382960241288,2.034491510130465,block1:s3,stock_fcfs,mixed,1785154219.9544628,1785154219.956498,1785154220.705696,1785154221.9843442,,,
block1-001073,761.7436664877459,2003.976333537139,48,10.0,760.9590999782085,2003.1917670276016,0.7845665095373988,block1:s3,stock_fcfs,mixed,1785154220.3741925,1785154220.3749776,1785154221.1359715,1785154222.3782043,,,
block1-001074,679.6022714115679,1733.7648253887892,41,12.5,678.2420569797978,1732.404610957019,1.360214431770146,block1:s3,stock_fcfs,mixed,1785154220.4005904,1785154220.401951,1785154221.080203,1785154222.1343658,,,
block1-001075,422.8551300475374,1702.0242110593244,41,10.0,422.22953599411994,1701.398617005907,0.6255940534174442,block1:s3,stock_fcfs,mixed,1785154220.8461437,1785154220.8467693,1785154221.2690082,1785154222.5481765,,,
block1-001076,684.2591059394181,2164.0613839263096,48,10.0,682.903980021365,2162.7062580082566,1.3551259180530906,block1:s3,stock_fcfs,mixed,1785154221.7715166,1785154221.772872,1785154222.4557862,1785154223.9355886,,,
block1-001077,798.4430093783885,2133.974372409284,46,117.5,797.7062750142068,2133.2376380451024,0.736734364181757,block1:s3,stock_fcfs,mixed,1785154222.4133015,1785154222.4140382,1785154223.2117534,1785154224.5472848,,,
block1-001078,947.6826450554654,1976.0659250896424,43,110.0,947.2588909557089,1975.642170989886,0.42375409975647926,block1:s3,stock_fcfs,mixed,1785154222.5225537,1785154222.5229776,1785154223.4702444,1785154224.4986277,,,
block1-001079,849.2856426164508,2178.0596206663176,48,110.0,848.4332759398967,2177.2072539897636,0.8523666765540838,block1:s3,stock_fcfs,mixed,1785154222.8312435,1785154222.8320963,1785154223.68054,1785154225.009314,,,
block1-001080,82.86088646855205,8666.352457483299,193,17.5,82.56337395869195,8666.054944973439,0.29751250986009836,block1:zero_tool,stock_fcfs,mixed,1785154222.8968432,1785154222.8971412,1785154222.9797132,1785154231.5632048,,,
block1-001081,809.810001286678,2151.316912379116,48,50.0,808.7998229311779,2150.3067340236157,1.010178355500102,block1:s4,stock_fcfs,mixed,1785154223.0875049,1785154223.0885153,1785154223.8973224,1785154225.2388294,,,
block1-001082,806.0164335183799,2147.3647844977677,48,572.5,804.117341991514,2145.4656929709017,1.8990915268659592,block1:s4,stock_fcfs,mixed,1785154223.1098855,1785154223.1117847,1785154223.9159095,1785154225.257258,,,
block1-001083,94.17876764200628,6901.598154683597,151,572.5,93.5620239470154,6900.9814109886065,0.6167436949908733,block1:zero_tool,stock_fcfs,mixed,1785154223.1177297,1785154223.1183467,1785154223.2119157,1785154230.0193355,,,
block1-001084,753.9569966029376,2088.854111614637,48,132.5,753.6899679107592,2088.5870829224586,0.2670286921784282,block1:s4,stock_fcfs,mixed,1785154223.324618,1785154223.3248851,1785154224.0785851,1785154225.4134822,,,
block1-001085,703.7580555770546,2111.242881626822,48,172.5,702.7287669479847,2110.213592997752,1.0292886290699244,block1:s4,stock_fcfs,mixed,1785154223.4703715,1785154223.471401,1785154224.1741376,1785154225.5816226,,,
block1-001086,89.34826729819179,7097.471472341567,159,155.0,88.45316199585795,7096.576367039233,0.8951053023338318,block1:zero_tool,stock_fcfs,mixed,1785154223.5354886,1785154223.536384,1785154223.624845,1785154230.6329682,,,
block1-001087,55.06010225508362,6641.704869340174,148,92.5,53.9669799618423,6640.611747046933,1.093122293241322,block1:zero_tool,stock_fcfs,mixed,1785154223.7429714,1785154223.7440648,1785154223.7980406,1785154230.3846853,,,
block1-001088,59.706533793359995,9250.056100776419,208,17.5,59.431669069454074,9249.781236052513,0.274864723905921,block1:zero_tool,stock_fcfs,mixed,1785154223.8179367,1785154223.8182116,1785154223.87765,1785154233.0679996,,,
block1-001089,73.97793629206717,2668.121386319399,58,107.5,72.5529519841075,2666.696402011439,1.4249843079596758,block1:s1,stock_fcfs,mixed,1785154223.9667277,1785154223.968153,1785154224.040714,1785154226.6348574,,,
block1-001090,662.6251784618944,1983.8302754797041,44,10.0,661.6148389875889,1982.8199360053986,1.0103394743055105,block1:s1,stock_fcfs,mixed,1785154224.2316308,1785154224.2326412,1785154224.8942904,1785154226.2154958,,,
block1-001091,119.79315197095275,15880.899832001887,368,17.5,118.80063998978585,15879.90732002072,0.9925119811668992,block1:zero_tool,stock_fcfs,mixed,1785154224.254484,1785154224.255477,1785154224.374285,1785154240.1353924,,,
block1-001092,84.03598109725863,28233.559165149927,666,412.5,82.60231395252049,28232.12549800519,1.4336671447381377,block1:zero_tool,stock_fcfs,mixed,1785154224.2986681,1785154224.3001022,1785154224.382712,1785154252.532235,,,
block1-001093,81.3392277341336,2973.1117277406156,62,92.5,80.36892197560519,2972.141421982087,0.9703057585284114,block1:s1,stock_fcfs,mixed,1785154224.465812,1785154224.4667826,1785154224.5471601,1785154227.4389324,,,
block1-001094,91.51940897572786,7696.942845010199,172,350.0,90.90115397702903,7696.3245900115,0.6182549986988306,block1:zero_tool,stock_fcfs,mixed,1785154224.62511,1785154224.6257286,1785154224.7166374,1785154232.3220608,,,
block1-001095,83.1871380796656,3353.1151660718024,68,572.5,82.39163493271917,3352.319662924856,0.7955031469464302,block1:s1,stock_fcfs,mixed,1785154224.6366818,1785154224.6374776,1785154224.719877,1785154227.9898052,,,
block1-001096,89.33936699759215,10485.122284968384,238,22.5,89.01980996597558,10484.802727936767,0.31955703161656857,block1:zero_tool,stock_fcfs,mixed,1785154225.1269002,1785154225.12722,1785154225.2162483,1785154235.6120315,,,
block1-001097,640.8111929195002,1925.2614758443087,38,545.0,639.6282210480422,1924.0785039728507,1.182971871457994,block1:s2,stock_fcfs,mixed,1785154225.1529486,1785154225.154132,1785154225.7937675,1785154227.078218,,,
block1-001098,102.17803984414786,3256.1268098652363,64,172.5,101.07400501146913,3255.0227750325575,1.1040348326787353,block1:s2,stock_fcfs,mixed,1785154225.4011989,1785154225.4023032,1785154225.503384,1785154228.6573327,,,
block1-001099,588.0381615133956,2178.271092590876,43,117.5,587.4738739803433,2177.7068050578237,0.5642875330522656,block1:s2,stock_fcfs,mixed,1785154225.4380202,1785154225.4385848,1785154226.0260673,1785154227.6162999,,,
block1-001100,116.85636104084551,6766.055559040979,149,132.5,116.596927982755,6765.796125982888,0.259433058090508,block1:zero_tool,stock_fcfs,mixed,1785154225.4400637,1785154225.4403236,1785154225.5569384,1785154232.206138,,,
block1-001101,641.4769891416654,2239.310162141919,44,17.5,639.3791609443724,2237.212333944626,2.0978281972929835,block1:s2,stock_fcfs,mixed,1785154225.457974,1785154225.460072,1785154226.0994577,1785154227.6972914,,,
block1-001102,805.8456663275138,2155.293958261609,38,70.0,805.3622470470145,2154.81053898111,0.4834192804992199,block1:s2,stock_fcfs,mixed,1785154226.0450263,1785154226.0455098,1785154226.850879,1785154228.2003272,,,
block1-001103,755.1485606236383,2125.537915620953,37,132.5,754.7303250757977,2125.1196800731122,0.41823554784059525,block1:s2,stock_fcfs,mixed,1785154226.0617483,1785154226.0621667,1785154226.8169057,1785154228.187295,,,
block1-001104,943.7623253325,2514.3254783470184,48,155.0,942.8601380204782,2513.4232910349965,0.9021873120218515,block1:s3,stock_fcfs,mixed,1785154226.1814384,1785154226.1823409,1785154227.125207,1785154228.6957703,,,
block1-001105,559.1032264055684,2166.509423404932,39,17.5,558.9453499997035,2166.351546999067,0.157876405864954,block1:s3,stock_fcfs,mixed,1785154226.1928208,1785154226.1929789,1785154226.7519305,1785154228.3593366,,,
block1-001106,787.3750739963725,2042.3627670388669,38,485.0,786.3849570276216,2041.372650070116,0.9901169687509537,block1:s3,stock_fcfs,mixed,1785154226.435898,1785154226.436889,1785154227.22328,1785154228.478268,,,
block1-001107,918.6235795496032,2432.6777724782005,48,95.0,918.177718995139,2432.2319119237363,0.4458605544641614,block1:s3,stock_fcfs,mixed,1785154226.4613302,1785154226.4617765,1785154227.3799605,1785154228.8940144,,,
block1-001108,124.93700988125056,5811.735731898807,130,60.0,124.11602097563446,5810.914742993191,0.8209889056161046,block1:zero_tool,stock_fcfs,mixed,1785154226.490464,1785154226.4912856,1785154226.6154118,1785154232.30221,,,
block1-001109,892.1819367678836,2311.1524218693376,46,357.5,891.3166989805177,2310.2871840819716,0.8652377873659134,block1:s3,stock_fcfs,mixed,1785154226.7470956,1785154226.7479613,1785154227.639286,1785154229.0582564,,,
block1-001110,878.3847851445898,2261.526803136803,46,320.0,877.6016990887001,2260.7437170809135,0.7830860558897257,block1:s3,stock_fcfs,mixed,1785154226.858224,1785154226.859007,1785154227.7366178,1785154229.1197598,,,
block1-001111,612.9701104946434,2126.7356745665893,43,105.0,612.5077019678429,2126.2732660397887,0.46240852680057287,block1:s3,stock_fcfs,mixed,1785154226.9039128,1785154226.9043756,1785154227.5168931,1785154229.030659,,,
block1-001112,104.62951601948589,11022.100799018517,257,70.0,103.83010597433895,11021.30138897337,0.7994100451469421,block1:zero_tool,stock_fcfs,mixed,1785154226.98161,1785154226.98241,1785154227.086249,1785154238.0037205,,,
block1-001113,976.9281905610114,2263.7717145262286,48,297.5,976.2733550742269,2263.116879039444,0.6548354867845774,block1:s4,stock_fcfs,mixed,1785154227.2237656,1785154227.2244205,1785154228.2007322,1785154229.4875758,,,
block1-001114,972.7288201684132,2260.452892165631,48,110.0,972.51963801682,2260.243710014038,0.20918215159326792,block1:s4,stock_fcfs,mixed,1785154227.2666287,1785154227.2668386,1785154228.2393663,1785154229.5270905,,,
block1-001115,911.9206656469032,2198.733630590141,48,152.5,910.7691670069471,2197.5821319501847,1.1514986399561167,block1:s4,stock_fcfs,mixed,1785154227.6060975,1785154227.6072493,1785154228.5180264,1785154229.8048391,,,
block1-001116,912.5622368883342,2200.6070078350604,48,12.5,911.562283989042,2199.6070549357682,0.9999528992921114,block1:s4,stock_fcfs,mixed,1785154227.6257575,1785154227.6267576,1785154228.5383277,1785154229.8263726,,,
block1-001117,843.0364297237247,2129.4822067720816,48,297.5,842.3426910303533,2128.78846807871,0.6937386933714151,block1:s4,stock_fcfs,mixed,1785154227.7742012,1785154227.7748954,1785154228.6172452,1785154229.903691,,,
block1-001118,832.970580435358,2117.463464383036,48,395.0,832.0459490641952,2116.538833011873,0.9246313711628318,block1:s4,stock_fcfs,mixed,1785154227.8245006,1785154227.8254259,1785154228.657484,1785154229.941977,,,
block1-001119,802.1770796040073,2087.030711583793,48,320.0,801.8745310837403,2086.728163063526,0.30254852026700974,block1:s4,stock_fcfs,mixed,1785154227.8737276,1785154227.8740304,1785154228.6759145,1785154229.960768,,,
block1-001120,572.6958903251216,1781.680153333582,43,545.0,572.1058209892362,1781.0900839976966,0.5900693358853459,block1:s1,stock_fcfs,mixed,1785154228.0448456,1785154228.045436,1785154228.61755,1785154229.8265338,,,
block1-001121,70.53901604376733,2866.4678630884737,71,140.0,69.99043992254883,2865.919286967255,0.5485761212185025,block1:s1,stock_fcfs,mixed,1785154228.13024,1785154228.1307888,1785154228.200788,1785154230.996717,,,
block1-001122,432.8391164308414,1601.7563084606081,40,132.5,432.434658985585,1601.3518510153517,0.40445744525641203,block1:s1,stock_fcfs,mixed,1785154228.9169643,1785154228.917369,1785154229.3498108,1785154230.518728,,,
block1-001123,64.75497665815055,8411.379107623361,201,280.0,64.2413430614397,8410.86547402665,0.5136335967108607,block1:zero_tool,stock_fcfs,mixed,1785154228.9766388,1785154228.9771528,1785154229.0414026,1785154237.3880265,,,
block1-001124,519.6791257476434,1682.6838997658342,42,15.0,518.9424990676343,1681.9472730858251,0.7366266800090671,block1:s1,stock_fcfs,mixed,1785154229.0266166,1785154229.0273535,1785154229.5463045,1785154230.7093093,,,
block1-001125,70.78385865315795,18854.363961610943,454,12.5,70.39844000246376,18853.97854296025,0.38541865069419146,block1:zero_tool,stock_fcfs,mixed,1785154229.1698399,1785154229.1702254,1785154229.2406325,1785154248.024213,,,
block1-001126,69.42531582899392,2790.451090782881,67,15.0,68.59052600339055,2789.6163009572774,0.8347898256033659,block1:s1,stock_fcfs,mixed,1785154229.2618525,1785154229.2626874,1785154229.3312879,1785154232.052313,,,
block1-001127,55.74653926305473,14348.593502305448,342,10.0,54.66741800773889,14347.514381050132,1.0791212553158402,block1:zero_tool,stock_fcfs,mixed,1785154229.533449,1785154229.5345283,1785154229.5892355,1785154243.8820825,,,
block1-001128,467.0806764625013,1779.4439574936405,40,110.0,466.69065195601434,1779.0539329871535,0.3900245064869523,block1:s2,stock_fcfs,mixed,1785154230.6859174,1785154230.6863077,1785154231.153006,1785154232.4653695,,,
block1-001129,62.461646972224116,6035.694575984962,141,12.5,61.50368205271661,6034.736611065455,0.9579649195075035,block1:zero_tool,stock_fcfs,mixed,1785154230.6906834,1785154230.6916416,1785154230.753152,1785154236.7263849,,,
block1-001130,88.56423292309046,2822.689960943535,64,280.0,88.09656405355781,2822.2222920740023,0.46766886953264475,block1:s2,stock_fcfs,mixed,1785154230.7926097,1785154230.7930775,1785154230.881183,1785154233.6153083,,,
block1-001131,63.65406478289515,6973.588777822442,164,217.5,63.25820600613952,6973.192919045687,0.39585877675563097,block1:zero_tool,stock_fcfs,mixed,1785154230.992841,1785154230.9932373,1785154231.056504,1785154237.9664392,,,
block1-001132,60.08280930109322,6408.726399298757,151,320.0,59.92762907408178,6408.571219071746,0.15518022701144218,block1:zero_tool,stock_fcfs,mixed,1785154231.0574982,1785154231.0576534,1785154231.1175878,1785154237.466231,,,
block1-001133,639.5230012713,1970.0245562708005,44,307.5,637.6403190661222,1968.1418740656227,1.8826822051778436,block1:s2,stock_fcfs,mixed,1785154231.0981004,1785154231.0999835,1785154231.737632,1785154233.0681334,,,
block1-001134,101.68704600073397,2984.732612967491,67,15.0,100.91726609971374,2983.962833066471,0.7697799010202289,block1:s2,stock_fcfs,mixed,1785154231.170874,1785154231.1716442,1785154231.2725706,1785154234.1556158,,,
block1-001135,349.0462227491662,1659.327371744439,37,20.0,348.18420093506575,1658.4653499303386,0.8620218141004443,block1:s2,stock_fcfs,mixed,1785154231.2333677,1785154231.2342303,1785154231.5824225,1785154232.8927038,,,
block1-001136,61.85897614341229,6879.324842127971,163,217.5,61.73686194233596,6879.202727926895,0.12211420107632875,block1:zero_tool,stock_fcfs,mixed,1785154231.5008812,1785154231.5010035,1785154231.562749,1785154238.3802145,,,
block1-001137,70.92157227452844,5347.522562253289,126,92.5,70.42336894664913,5347.02435892541,0.49820332787930965,block1:zero_tool,stock_fcfs,mixed,1785154231.8094568,1785154231.8099556,1785154231.8803873,1785154237.1569881,,,
block1-001138,671.6775604290888,1842.626056401059,41,17.5,671.3975840248168,1842.346079996787,0.27997640427201986,block1:s3,stock_fcfs,mixed,1785154231.831674,1785154231.8319547,1785154232.5033607,1785154233.674309,,,
block1-001139,751.6132136806846,2151.8578507239,48,820.0,749.7001439332962,2149.9447809765115,1.9130697473883629,block1:s3,stock_fcfs,mixed,1785154232.0435314,1785154232.0454447,1785154232.7951539,1785154234.1953986,,,
block1-001140,68.38452944066375,17551.823295420036,420,110.0,68.12727800570428,17551.566043985076,0.2572514349594712,block1:zero_tool,stock_fcfs,mixed,1785154232.3549154,1785154232.3551729,1785154232.4233081,1785154249.9067466,,,
block1-001141,58.82422882132232,5204.780621803366,123,287.5,58.399492991156876,5204.3558859732,0.4247358301654458,block1:zero_tool,stock_fcfs,mixed,1785154232.4069886,1785154232.4074135,1785154232.4658203,1785154237.611777,,,
block1-001142,904.7127591911703,2185.684177209623,49,47.5,902.7362579945475,2183.7076760130003,1.9765011966228485,block1:s3,stock_fcfs,mixed,1785154232.593185,1785154232.595162,1785154233.4979067,1785154234.778878,,,
block1-001143,95.4227700131014,6482.655379921198,155,17.5,94.50390003621578,6481.736509944312,0.9188699768856168,block1:zero_tool,stock_fcfs,mixed,1785154232.6222825,1785154232.6232018,1785154232.7177124,1785154239.104945,,,
block1-001144,751.3684999430552,2110.279019922018,48,287.5,751.0023700306192,2109.912890009582,0.36612991243600845,block1:s4,stock_fcfs,mixed,1785154232.805986,1785154232.8063524,1785154233.5573769,1785154234.9162872,,,
block1-001145,69.23661532346159,7309.233910404146,176,85.0,67.89558893069625,7307.89288401138,1.3410263927653432,block1:zero_tool,stock_fcfs,mixed,1785154233.1809945,1785154233.1823359,1785154233.2502375,1785154240.4902349,,,
block1-001146,756.6448602592573,2056.424839189276,48,85.0,755.9782119933516,2055.7581909233704,0.6666482659056783,block1:s4,stock_fcfs,mixed,1785154233.2066827,1785154233.2073498,1785154233.9633362,1785154235.2631161,,,
block1-001147,754.9369055777788,2029.7420566203073,48,12.5,754.0957289747894,2028.9008800173178,0.8411766029894352,block1:s4,stock_fcfs,mixed,1785154233.6973398,1785154233.6981812,1785154234.4523273,1785154235.727132,,,
block1-001148,698.3219037065282,1975.720735732466,48,100.0,698.0055159656331,1975.4043479915708,0.3163877408951521,block1:s4,stock_fcfs,mixed,1785154233.887017,1785154233.8873336,1785154234.585346,1785154235.8627446,,,
block1-001149,74.52104985713959,5735.543778864667,140,177.5,73.6354379914701,5734.658166998997,0.8856118656694889,block1:zero_tool,stock_fcfs,mixed,1785154234.1838818,1785154234.1847677,1785154234.2584121,1785154239.9194348,,,
block1-001150,694.6122690569609,2040.5311769573018,48,52.5,694.1280910978094,2040.0469989981502,0.48417795915156603,block1:s4,stock_fcfs,mixed,1785154234.6468627,1785154234.6473475,1785154235.3414838,1785154236.6874027,,,
block1-001151,776.9010908668861,2096.840105834417,48,170.0,775.8029190590605,2095.7419340265915,1.0981718078255653,block1:s4,stock_fcfs,mixed,1785154235.8308468,1785154235.8319452,1785154236.6077554,1785154237.9276946,,,
block1-001152,611.3474646117538,1876.7894216580316,43,12.5,609.203265979886,1874.6452230261639,2.1441986318677664,block1:s1,stock_fcfs,mixed,1785154235.876487,1785154235.8786314,1785154236.487842,1785154237.7532845,,,
block1-001153,96.26594453584403,24286.884951521643,577,12.5,95.3803570009768,24285.999363986775,0.8855875348672271,block1:zero_tool,stock_fcfs,mixed,1785154235.948337,1785154235.9492233,1785154236.0446122,1785154260.235231,,,
block1-001154,577.7370425639674,1831.586052547209,43,100.0,577.4695930304006,1831.3186030136421,0.26744953356683254,block1:s1,stock_fcfs,mixed,1785154235.960796,1785154235.9610636,1785154236.5385408,1785154237.7923899,,,
block1-001155,561.2101933220401,1569.5294113829732,37,187.5,560.847204993479,1569.166423054412,0.3629883285611868,block1:s1,stock_fcfs,mixed,1785154236.223339,1785154236.2237022,1785154236.7845693,1785154237.7928884,,,
block1-001156,532.223958754912,1540.4615177540109,36,135.0,532.1050600614399,1540.3426190605387,0.11889869347214699,block1:s1,stock_fcfs,mixed,1785154236.2323864,1785154236.2325053,1785154236.7646155,1785154237.772853,,,
block1-001157,441.6294296970591,1447.4650477059186,34,395.0,440.7462580129504,1446.5818760218099,0.8831716841086745,block1:s1,stock_fcfs,mixed,1785154236.4602394,1785154236.461123,1785154236.9018786,1785154237.9077141,,,
block1-001158,429.07214304432273,1661.8478611344472,40,280.0,428.86260291561484,1661.6383210057393,0.20954012870788574,block1:s1,stock_fcfs,mixed,1785154236.5120556,1785154236.5122654,1785154236.9411361,1785154238.1739118,,,
block1-001159,79.52692394610494,2487.4565228819847,60,155.0,77.56861299276352,2485.4982119286433,1.9583109533414245,block1:s1,stock_fcfs,mixed,1785154237.1294937,1785154237.1314523,1785154237.2090306,1785154239.6169603,,,
block1-001160,467.51538885291666,1647.8929808363318,40,85.0,467.0708510093391,1647.4484429927543,0.44453784357756376,block1:s2,stock_fcfs,mixed,1785154237.1877615,1785154237.1882064,1785154237.6552846,1785154238.8356624,,,
block1-001161,477.62324661016464,1674.5373486774042,40,95.0,476.8221649574116,1673.7362670246512,0.8010816527530551,block1:s2,stock_fcfs,mixed,1785154237.5062015,1785154237.5070028,1785154237.9838328,1785154239.1807468,,,
block1-001162,97.58243930991739,6323.032946325839,150,10.0,96.63625305984169,6322.086760075763,0.9461862500756979,block1:zero_tool,stock_fcfs,mixed,1785154237.5389018,1785154237.5398486,1785154237.6364932,1785154243.8619437,,,
block1-001163,99.82687933370471,13650.705839274451,327,170.0,99.53916200902313,13650.41812194977,0.28771732468158007,block1:zero_tool,stock_fcfs,mixed,1785154238.2232301,1785154238.223518,1785154238.3230636,1785154251.8739424,,,
block1-001164,515.1429779361933,1485.77964596916,36,115.0,514.8257749387994,1485.462442971766,0.3172029973939061,block1:s2,stock_fcfs,mixed,1785154238.2258384,1785154238.2261558,1785154238.7409894,1785154239.711626,,,
block1-001165,467.2007312765345,1719.5372072746977,41,105.0,466.11757506616414,1718.4540510643274,1.0831562103703618,block1:s2,stock_fcfs,mixed,1785154238.8646915,1785154238.8657749,1785154239.3319008,1785154240.5842373,,,
block1-001166,63.73615248594433,6491.953751537949,154,20.0,62.61005799751729,6490.827657049522,1.126094488427043,block1:zero_tool,stock_fcfs,mixed,1785154238.9039469,1785154238.9050734,1785154238.967691,1785154245.3959084,,,
block1-001167,54.79022627696395,6367.200454347767,151,60.0,54.36701897997409,6366.777247050777,0.42320729698985815,block1:zero_tool,stock_fcfs,mixed,1785154238.9920738,1785154238.9924972,1785154239.0468717,1785154245.3592818,,,
block1-001168,386.91510760691017,1372.4604316521436,32,52.5,386.1810009693727,1371.7263250146061,0.7341066375374794,block1:s3,stock_fcfs,mixed,1785154239.4189343,1785154239.4196687,1785154239.8058825,1785154240.7914276,,,
block1-001169,65.20589953288436,5384.686061530374,126,10.0,64.8673300165683,5384.347492014058,0.33856951631605625,block1:zero_tool,stock_fcfs,mixed,1785154239.9744484,1785154239.974787,1785154240.0396605,1785154245.3591409,,,
block1-001170,731.5087594324723,2056.0187693918124,48,15.0,729.9476490588859,2054.457659018226,1.5611103735864162,block1:s3,stock_fcfs,mixed,1785154240.0024343,1785154240.0039957,1785154240.7339501,1785154242.0584605,,,
block1-001171,723.8210871582851,2079.0678831981495,48,10.0,722.8608159348369,2078.1076119747013,0.9602712234482169,block1:s3,stock_fcfs,mixed,1785154240.031637,1785154240.0325975,1785154240.755465,1785154242.1107116,,,
block1-001172,685.1540136849508,2170.438069733791,48,17.5,684.0815090108663,2169.3655650597066,1.0725046740844846,block1:s3,stock_fcfs,mixed,1785154241.067052,1785154241.0681245,1785154241.752213,1785154243.237497,,,
block1-001173,63.52265132591128,6064.439745270647,144,140.0,62.922936980612576,6063.840030925348,0.5997143452987075,block1:zero_tool,stock_fcfs,mixed,1785154241.5949802,1785154241.5955806,1785154241.658512,1785154247.6594288,,,
block1-001174,817.2662927536294,2169.8420187458396,46,132.5,816.9302979949862,2169.5060239871964,0.33599475864320993,block1:s3,stock_fcfs,mixed,1785154241.8671215,1785154241.8674579,1785154242.6843967,1785154244.0369723,,,
block1-001175,803.7732254015282,2212.3637654585764,48,20.0,802.9845589771867,2211.575099034235,0.7886664243414998,block1:s3,stock_fcfs,mixed,1785154241.920115,1785154241.920904,1785154242.7238982,1785154244.1324883,,,
block1-001176,828.6573870573193,2214.8530391277745,48,25.0,826.8727608956397,2213.068412966095,1.7846261616796255,block1:s4,stock_fcfs,mixed,1785154241.9380631,1785154241.939848,1785154242.7667282,1785154244.1529238,,,
block1-001177,811.3330880878493,2147.5500860251486,48,60.0,810.6563510373235,2146.873348974623,0.6767370505258441,block1:s4,stock_fcfs,mixed,1785154242.347902,1785154242.3485792,1785154243.1592429,1785154244.4954593,,,
block1-001178,821.323276613839,2187.1059046825394,48,282.5,819.3690290208906,2185.151657089591,1.9542475929483771,block1:s4,stock_fcfs,mixed,1785154242.6315062,1785154242.6334608,1785154243.4528375,1785154244.81862,,,
block1-001179,803.6887404741719,2166.240220540203,48,20.0,803.4930869471282,2166.0445670131594,0.19565352704375982,block1:s4,stock_fcfs,mixed,1785154242.690687,1785154242.690883,1785154243.4943829,1785154244.8569338,,,
block1-001180,799.0748534211889,2144.930555485189,48,17.5,797.9689380154014,2143.8246400794014,1.1059154057875276,block1:s4,stock_fcfs,mixed,1785154242.7303112,1785154242.7314174,1785154243.529396,1785154244.8752518,,,
block1-001181,749.7832009103149,2071.682141860947,48,117.5,748.4493410447612,2070.3482819953933,1.333859865553677,block1:s4,stock_fcfs,mixed,1785154243.2877529,1785154243.289087,1785154244.037557,1785154245.3594558,,,
block1-001182,71.54301507398486,6680.738592054695,161,15.0,71.2327070068568,6680.428283987567,0.31030806712806225,block1:zero_tool,stock_fcfs,mixed,1785154243.3603175,1785154243.360628,1785154243.4318695,1785154250.041065,,,
block1-001183,714.3443567911163,2032.833250821568,48,95.0,713.3770500076935,2031.8659440381452,0.9673067834228277,block1:s4,stock_fcfs,mixed,1785154243.4380202,1785154243.4389875,1785154244.1523707,1785154245.470859,,,
block1-001184,77.92529894504696,6147.016273927875,149,320.0,77.39511295221746,6146.486087935045,0.5301859928295016,block1:zero_tool,stock_fcfs,mixed,1785154243.5111158,1785154243.5116465,1785154243.58905,1785154249.658141,,,
block1-001185,616.2530474830419,1541.695874533616,37,140.0,615.8446919871494,1541.2875190377235,0.4083554958924651,block1:s1,stock_fcfs,mixed,1785154244.3178685,1785154244.3182774,1785154244.9341304,1785154245.8595738,,,
block1-001186,54.154037265107036,5977.622281294316,143,17.5,53.05667396169156,5976.524917990901,1.0973633034154773,block1:zero_tool,stock_fcfs,mixed,1785154244.365808,1785154244.3669057,1785154244.419969,1785154250.3434372,,,
block1-001187,589.5214980700985,1515.900362166576,37,297.5,588.4194939862937,1514.7983580827713,1.1020040838047862,block1:s1,stock_fcfs,mixed,1785154244.5757368,1785154244.576839,1785154245.1652641,1785154246.091643,,,
block1-001188,436.1386556411162,1588.7316826265305,39,170.0,434.95957099366933,1587.5525979790837,1.1790846474468708,block1:s1,stock_fcfs,mixed,1785154244.6132236,1785154244.6144028,1785154245.049369,1785154246.2019622,,,
block1-001189,81.69903920497745,2432.8592641977593,61,12.5,80.77460096683353,2431.9348259596154,0.9244382381439209,block1:s1,stock_fcfs,mixed,1785154244.716358,1785154244.7172825,1785154244.7980843,1785154247.1492443,,,
block1-001190,72.46343756560236,2750.481544644572,69,320.0,71.65723491925746,2749.675341998227,0.8062026463449001,block1:s1,stock_fcfs,mixed,1785154245.580037,1785154245.5808437,1785154245.6525095,1785154248.330527,,,
block1-001191,59.63871895801276,9687.888102955185,230,152.5,59.005331015214324,9687.254715012386,0.6333879427984357,block1:zero_tool,stock_fcfs,mixed,1785154246.0319004,1785154246.0325346,1785154246.0915492,1785154255.7197986,,,
block1-001192,481.74742620904,1668.3159082895145,40,172.5,481.35175998322666,1667.9202420637012,0.3956662258133292,block1:s2,stock_fcfs,mixed,1785154246.5867524,1785154246.5871484,1785154247.0685105,1785154248.2550786,,,
block1-001193,434.2282018624246,1688.7360828695819,40,60.0,433.0777679570019,1687.5856489641592,1.1504339054226875,block1:s2,stock_fcfs,mixed,1785154247.054219,1785154247.05537,1785154247.4884574,1785154248.742965,,,
block1-001194,94.78497225791216,2761.546931345947,64,115.0,94.29835097398609,2761.060310062021,0.48662128392606974,block1:s2,stock_fcfs,mixed,1785154247.2415261,1785154247.242013,1785154247.3363197,1785154250.0030818,,,
block1-001195,64.93428908288479,22744.512872071937,540,52.5,63.84020403493196,22743.418787023984,1.0940850479528308,block1:zero_tool,stock_fcfs,mixed,1785154248.1695294,1785154248.170624,1785154248.2344747,1785154270.9140534,,,
block1-001196,579.4615899212658,1650.0299118924886,36,107.5,578.8340100552887,1649.4023320265114,0.6275798659771681,block1:s2,stock_fcfs,mixed,1785154248.371058,1785154248.371686,1785154248.9505277,1785154250.0210965,,,
block1-001197,946.5386433294043,2245.396741316654,49,10.0,946.3266310049221,2245.1847289921716,0.21201232448220253,block1:s2,stock_fcfs,mixed,1785154248.5188031,1785154248.5190158,1785154249.4653513,1785154250.7642086,,,
block1-001198,148.12259352765977,2823.347032535821,64,412.5,147.36356493085623,2822.5880039390177,0.759028596803546,block1:s2,stock_fcfs,mixed,1785154248.5376306,1785154248.53839,1785154248.6857872,1785154251.3610115,,,
block1-001199,373.49545245524496,1443.8950644107535,31,17.5,372.77605198323727,1443.1756639387459,0.7194004720076919,block1:s2,stock_fcfs,mixed,1785154248.5393615,1785154248.5400813,1785154248.912864,1785154249.9832635,,,
block1-001200,820.0552512425929,2161.39248223044,48,15.0,819.8404889553785,2161.1777199432254,0.21476228721439838,block1:s3,stock_fcfs,mixed,1785154249.0093932,1785154249.0096085,1785154249.829457,1785154251.1707942,,,
block1-001201,67.80885288026184,5372.9120119242,129,572.5,67.43633991573006,5372.539498959668,0.3725129645317793,block1:zero_tool,stock_fcfs,mixed,1785154249.1321828,1785154249.1325557,1785154249.2,1785154254.5051033,,,
block1-001202,689.4380175508559,1734.4459635205567,38,485.0,688.9493529452011,1733.957298914902,0.4886646056547761,block1:s3,stock_fcfs,mixed,1785154249.1979718,1785154249.1984608,1785154249.887417,1785154250.9324253,,,
block1-001203,462.0258491486311,1838.229661108926,41,155.0,461.11337502952665,1837.3171869898215,0.912474119104445,block1:s3,stock_fcfs,mixed,1785154249.2152483,1785154249.216161,1785154249.6772814,1785154251.0534854,,,
block1-001204,772.1594260074198,2076.6179540660232,48,117.5,771.4815669460222,2075.9400950046256,0.6778590613976121,block1:s3,stock_fcfs,mixed,1785154249.6837368,1785154249.6844149,1785154250.4559033,1785154251.7603617,,,
block1-001205,767.4039428820834,2028.717819834128,48,287.5,765.554939978756,2026.8688169308007,1.8490029033273458,block1:s3,stock_fcfs,mixed,1785154250.0534332,1785154250.0552824,1785154250.820846,1785154252.0821598,,,
block1-001206,854.0399625198916,1808.7224735645577,43,177.5,853.3990449504927,1808.0815559951589,0.64091756939888,block1:s3,stock_fcfs,mixed,1785154250.1609273,1785154250.1615684,1785154251.0149755,1785154251.969658,,,
block1-001207,70.87712141219527,5466.504436451942,128,60.0,69.51898301485926,5465.146298054606,1.3581383973360062,block1:zero_tool,stock_fcfs,mixed,1785154250.6017847,1785154250.6031432,1785154250.6726706,1785154256.068298,,,
block1-001208,706.3221033895388,1953.7423613946885,48,105.0,706.1074399389327,1953.5276979440823,0.21466345060616732,block1:s4,stock_fcfs,mixed,1785154250.6336,1785154250.633815,1785154251.33993,1785154252.5873504,,,
block1-001209,68.94086510874331,5868.807147140615,139,105.0,68.3968469966203,5868.263129028492,0.5440181121230125,block1:zero_tool,stock_fcfs,mixed,1785154250.870221,1785154250.8707652,1785154250.9391994,1785154256.7390661,,,
block1-001210,67.54813669249415,7212.889827671461,168,107.5,67.27479095570743,7212.616481934674,0.27334573678672314,block1:zero_tool,stock_fcfs,mixed,1785154251.0268676,1785154251.0271413,1785154251.0944245,1785154258.2397661,,,
block1-001211,683.2291261525825,1976.2726260814816,48,545.0,682.4845870723948,1975.528087001294,0.7445390801876783,block1:s4,stock_fcfs,mixed,1785154251.604108,1785154251.604853,1785154252.287345,1785154253.5803885,,,
block1-001212,88.3660966064781,5829.127797507681,137,10.0,88.20268406998366,5828.9643849711865,0.16341253649443388,block1:zero_tool,stock_fcfs,mixed,1785154251.630481,1785154251.6306448,1785154251.7188532,1785154257.4596148,,,
block1-001213,84.61496024392545,8061.560079222545,188,60.0,82.5774340191856,8059.522552997805,2.0375262247398496,block1:zero_tool,stock_fcfs,mixed,1785154251.6567404,1785154251.6587784,1785154251.741364,1785154259.718309,,,
block1-001214,65.17056934535503,7265.912507427856,167,12.5,64.9133799597621,7265.655318042263,0.25718938559293747,block1:zero_tool,stock_fcfs,mixed,1785154252.8076708,1785154252.8079283,1785154252.8728507,1785154260.0735927,,,
block1-001215,734.249135130085,2151.7906851368025,48,52.5,733.682458056137,2151.2240080628544,0.5666770739480853,block1:s4,stock_fcfs,mixed,1785154252.865938,1785154252.8665051,1785154253.600197,1785154255.0177388,,,
block1-001216,569.7911091847345,1908.4677811479196,43,10.0,568.6290779849514,1907.3057499481365,1.1620311997830868,block1:s1,stock_fcfs,mixed,1785154252.99227,1785154252.9934325,1785154253.5620713,1785154254.9007483,,,
block1-001217,68.77259607426822,2972.4419340491295,66,155.0,68.47554701380432,2972.1448849886656,0.29704906046390533,block1:s1,stock_fcfs,mixed,1785154253.2779858,1785154253.2782834,1785154253.3467674,1785154256.2504365,,,
block1-001218,589.4922574516386,1996.3157274760306,44,152.5,588.2462860317901,1995.069756056182,1.2459714198485017,block1:s1,stock_fcfs,mixed,1785154253.3321607,1785154253.3334072,1785154253.9216611,1785154255.3284845,,,
block1-001219,54.10973611287773,9115.144523093477,213,395.0,53.882510983385146,9114.917297963984,0.2272251294925809,block1:zero_tool,stock_fcfs,mixed,1785154253.4119914,1785154253.412219,1785154253.4661098,1785154262.527144,,,
block1-001220,53.73142915777862,6785.950460121967,155,280.0,52.67914501018822,6784.8981759743765,1.0522841475903988,block1:zero_tool,stock_fcfs,mixed,1785154253.6063077,1785154253.60736,1785154253.660046,1785154260.3922648,,,
block1-001221,80.17857291270047,2742.2786438837647,60,152.5,79.43636598065495,2741.536436951719,0.7422069320455194,block1:s1,stock_fcfs,mixed,1785154253.7815726,1785154253.7823153,1785154253.8617613,1785154256.5238612,,,
block1-001222,821.3261786149815,2219.920489587821,47,820.0,820.2513280557469,2218.8456390285864,1.0748505592346191,block1:s1,stock_fcfs,mixed,1785154253.9094827,1785154253.910558,1785154254.7308402,1785154256.1294348,,,
block1-001223,60.115724918432534,10606.793406885117,250,135.0,59.60986902937293,10606.287550996058,0.5058558890596032,block1:zero_tool,stock_fcfs,mixed,1785154254.0074265,1785154254.007933,1785154254.067552,1785154264.6142297,,,
block1-001224,68.68731160648167,6939.503441564739,158,60.0,66.79482304025441,6937.6109529985115,1.8924885662272573,block1:zero_tool,stock_fcfs,mixed,1785154254.099861,1785154254.1017537,1785154254.1685574,1785154261.0393734,,,
block1-001225,668.6452119611204,2037.5955218914896,42,395.0,668.0884710513055,2037.0387809816748,0.5567409098148346,block1:s2,stock_fcfs,mixed,1785154254.3880093,1785154254.3885663,1785154255.056664,1785154256.425614,,,
block1-001226,691.7816837085411,1773.0132077122107,37,15.0,691.1964650498703,1772.42798905354,0.585218658670783,block1:s2,stock_fcfs,mixed,1785154254.535412,1785154254.5359976,1785154255.2272017,1785154256.3084333,,,
block1-001227,97.65449573751539,3086.2267607590184,69,485.0,97.18116093426943,3085.7534259557724,0.47333480324596167,block1:s2,stock_fcfs,mixed,1785154254.6329787,1785154254.6334522,1785154254.7306428,1785154257.719215,,,
block1-001228,582.8549525467679,1629.4594946084544,35,395.0,581.9579890230671,1628.5625310847536,0.8969635237008333,block1:s2,stock_fcfs,mixed,1785154254.7172287,1785154254.7181263,1785154255.300094,1785154256.3466985,,,
block1-001229,699.3680836167186,1950.4186395788565,44,545.0,698.3822890324518,1949.4328449945897,0.9857945842668414,block1:s2,stock_fcfs,mixed,1785154255.042067,1785154255.0430532,1785154255.7414434,1785154256.992494,,,
block1-001230,84.32538784109056,2843.015382764861,64,10.0,83.78176006954163,2842.471754993312,0.5436277715489268,block1:s2,stock_fcfs,mixed,1785154255.0884986,1785154255.0890424,1785154255.1728337,1785154257.931524,,,
block1-001231,658.8389027165249,1642.1147886430845,37,105.0,657.0285820635036,1640.3044679900631,1.8103206530213356,block1:s2,stock_fcfs,mixed,1785154255.1565106,1785154255.1583211,1785154255.8153582,1785154256.7986343,,,
block1-001232,93.07546901982278,8178.358915029094,194,287.5,92.85069699399173,8178.134143003263,0.22477202583104372,block1:zero_tool,stock_fcfs,mixed,1785154255.2151709,1785154255.215396,1785154255.3082817,1785154263.3935647,,,
block1-001233,798.0867095757276,2151.7052475828677,48,320.0,796.9561939826235,2150.5747319897637,1.1305155931040645,block1:s3,stock_fcfs,mixed,1785154255.5293057,1785154255.5304363,1785154256.3274024,1785154257.6810207,,,
block1-001234,745.6547882175073,2100.5182701628655,48,280.0,744.734488078393,2099.5979700237513,0.9203001391142607,block1:s3,stock_fcfs,mixed,1785154255.6997056,1785154255.7006261,1785154256.4453707,1785154257.8002346,,,
block1-001235,446.1252490291372,1799.2274690186605,41,485.0,445.2653940534219,1798.3676140429452,0.8598549757152796,block1:s3,stock_fcfs,mixed,1785154255.8043842,1785154255.8052444,1785154256.2505176,1785154257.60362,,,
block1-001236,73.6445365473628,5999.932299600914,142,105.0,72.66499195247889,5998.95275500603,0.9795445948839188,block1:zero_tool,stock_fcfs,mixed,1785154256.1164184,1785154256.1173983,1785154256.190099,1785154262.1163867,,,
block1-001237,74.81724116951227,6187.092278152704,147,95.0,73.98241607006639,6186.257453053258,0.8348250994458795,block1:zero_tool,stock_fcfs,mixed,1785154256.4912438,1785154256.4920788,1785154256.5660684,1785154262.6783438,,,
block1-001238,928.039307706058,2030.6475337129086,43,217.5,927.805860992521,2030.4140869993716,0.23344671353697777,block1:s3,stock_fcfs,mixed,1785154257.0397928,1785154257.0400267,1785154257.9678392,1785154259.0704474,,,
block1-001239,863.7343262089416,2188.445501262322,48,550.0,863.0678409244865,2187.779015977867,0.6664852844551206,block1:s3,stock_fcfs,mixed,1785154257.395077,1785154257.3957438,1785154258.2588208,1785154259.583532,,,
block1-001240,877.2821144666523,2204.2736305156723,48,117.5,876.8252698937431,2203.816785942763,0.45684457290917635,block1:s4,stock_fcfs,mixed,1785154257.4010472,1785154257.4015045,1785154258.2783368,1785154259.6053283,,,
block1-001241,97.95183350797743,5167.962201521732,122,95.0,97.32986090239137,5167.340228916146,0.6219726055860519,block1:zero_tool,stock_fcfs,mixed,1785154257.4346373,1785154257.4352596,1785154257.5325973,1785154262.602608,,,
block1-001242,778.1792661407962,2102.598742232658,48,15.0,777.3358979029581,2101.75537399482,0.8433682378381491,block1:s4,stock_fcfs,mixed,1785154257.7513418,1785154257.7521856,1785154258.5295296,1785154259.8539488,,,
block1-001243,807.605758542195,2059.4359636306763,48,17.5,806.7935589933768,2058.623764081858,0.812199548818171,block1:s4,stock_fcfs,mixed,1785154257.970494,1785154257.9713068,1785154258.7781081,1785154260.0299385,,,
block1-001244,773.5632996773347,2030.2679457236081,48,85.0,772.7839349536225,2029.488580999896,0.7793647237122059,block1:s4,stock_fcfs,mixed,1785154258.043447,1785154258.0442271,1785154258.8170214,1785154260.0737257,,,
block1-001245,77.51341082621366,6053.603392792866,147,485.0,76.5712569700554,6052.661238936707,0.9421538561582565,block1:zero_tool,stock_fcfs,mixed,1785154258.1236823,1785154258.124625,1785154258.2012053,1785154264.1772952,,,
block1-001246,755.0365240313113,2066.3774290587753,48,15.0,754.0843640454113,2065.4252690728754,0.9521599858999252,block1:s4,stock_fcfs,mixed,1785154258.5746784,1785154258.575631,1785154259.329725,1785154260.641066,,,
block1-001247,725.9141216054559,2036.7409077007324,48,92.5,725.6881688954309,2036.5149549907073,0.2259527100250125,block1:s4,stock_fcfs,mixed,1785154258.623974,1785154258.6242003,1785154259.3498957,1785154260.6607225,,,
block1-001248,58.988098171539605,4534.560584113933,112,187.5,58.16430505365133,4533.736790996045,0.8237931178882718,block1:zero_tool,stock_fcfs,mixed,1785154258.8587346,1785154258.8595586,1785154258.9177322,1785154263.3933048,,,
block1-001249,56.33155256509781,7038.199401577003,169,20.0,55.39487593341619,7037.262724945322,0.9366766316816211,block1:zero_tool,stock_fcfs,mixed,1785154259.0212257,1785154259.0221627,1785154259.0775661,1785154266.059434,,,
block1-001250,67.76986573822796,6649.252604693174,159,287.5,67.52903002779931,6649.011768982746,0.24083571042865515,block1:zero_tool,stock_fcfs,mixed,1785154259.9453201,1785154259.9455614,1785154260.0130982,1785154266.5945807,,,
block1-001251,68.75336961820722,9143.37868266739,217,177.5,68.2029880117625,9142.828301060945,0.5503816064447165,block1:zero_tool,stock_fcfs,mixed,1785154260.0043619,1785154260.0049126,1785154260.073122,1785154269.147747,,,
block1-001252,460.4199572931975,1672.4566093180329,39,170.0,460.16511996276677,1672.2017719876021,0.2548373304307461,block1:s1,stock_fcfs,mixed,1785154260.065313,1785154260.0655682,1785154260.5257404,1785154261.737777,,,
block1-001253,98.87734183575958,2450.14685485512,60,280.0,97.91565802879632,2449.185171048157,0.9616838069632649,block1:s1,stock_fcfs,mixed,1785154260.171944,1785154260.1729057,1785154260.2708576,1785154262.622127,,,
block1-001254,532.3891472071409,1515.4474752489477,37,320.0,531.6986759426072,1514.757003984414,0.6904712645336986,block1:s1,stock_fcfs,mixed,1785154260.2044668,1785154260.2051575,1785154260.7368653,1785154261.7199237,,,
block1-001255,117.70797846838832,6576.0082544293255,156,280.0,116.62051908206195,6574.920795042999,1.0874593863263726,block1:zero_tool,stock_fcfs,mixed,1785154260.8408108,1785154260.8418984,1785154260.958527,1785154267.4168274,,,
block1-001256,484.1362399747595,1680.4545710328966,40,160.0,483.1461049616337,1679.4644360197708,0.9901350131258368,block1:s2,stock_fcfs,mixed,1785154260.8465483,1785154260.847539,1785154261.3306918,1785154262.5270102,,,
block1-001257,54.45610487367958,4708.689923980273,112,107.5,53.29101299867034,4707.524832105264,1.1650918750092387,block1:zero_tool,stock_fcfs,mixed,1785154261.217998,1785154261.2191634,1785154261.2724621,1785154265.9266958,,,
block1-001258,67.46616237796843,6693.638539407402,160,287.5,66.52842392213643,6692.70080095157,0.9377384558320045,block1:zero_tool,stock_fcfs,mixed,1785154261.4977012,1785154261.4986393,1785154261.565176,1785154268.1913483,,,
block1-001259,101.26825363840908,2885.4272896423936,69,282.5,100.68210808094591,2884.8411440849304,0.5861455574631691,block1:s2,stock_fcfs,mixed,1785154261.9766,1785154261.9771862,1785154262.077875,1785154264.862034,,,
block1-001260,68.74036160297692,5891.41028560698,140,75.0,68.52500699460506,5891.1949309986085,0.21535460837185383,block1:zero_tool,stock_fcfs,mixed,1785154262.3573158,1785154262.3575313,1785154262.426064,1785154268.248734,,,
block1-001261,54.67790458351374,6770.124783623032,160,95.0,54.289478925056756,6769.736357964575,0.3884256584569812,block1:zero_tool,stock_fcfs,mixed,1785154262.4524233,1785154262.452812,1785154262.5071096,1785154269.2225564,,,
block1-001262,94.4651945028454,2722.1308685839176,64,177.5,94.21358199324459,2721.879256074317,0.25161250960081816,block1:s2,stock_fcfs,mixed,1785154262.8627186,1785154262.8629704,1785154262.9571927,1785154265.5848582,,,
block1-001263,473.619326017797,1466.8830269947648,34,572.5,473.1777519918978,1466.4414529688656,0.44157402589917183,block1:s2,stock_fcfs,mixed,1785154263.6026263,1785154263.6030679,1785154264.0762527,1785154265.0695167,,,
block1-001264,688.168880995363,2170.9619750035927,48,15.0,687.8175089368597,2170.6106029450893,0.35137205850332975,block1:s3,stock_fcfs,mixed,1785154263.679642,1785154263.6799939,1785154264.367819,1785154265.8506122,,,
block1-001265,66.74340891186148,5686.961093917489,134,20.0,65.38955902215093,5685.6072440277785,1.3538498897105455,block1:zero_tool,stock_fcfs,mixed,1785154263.9164891,1785154263.9178438,1785154263.983242,1785154269.6034596,,,
block1-001266,61.66799389757216,6727.779426844791,161,297.5,61.117265024222434,6727.228697971441,0.5507288733497262,block1:zero_tool,stock_fcfs,mixed,1785154264.095063,1785154264.0956142,1785154264.1567743,1785154270.8228862,,,
block1-001267,458.58543005306274,1792.979352059774,39,15.0,457.8205990837887,1792.2145210905,0.764830969274044,block1:s3,stock_fcfs,mixed,1785154264.6863697,1785154264.6871352,1785154265.1449645,1785154266.4793582,,,
block1-001268,798.1601438950747,2173.8771939417347,48,550.0,797.2186349797994,2172.9356850264594,0.9415089152753353,block1:s3,stock_fcfs,mixed,1785154264.7100072,1785154264.7109492,1785154265.5081742,1785154266.8838918,,,
block1-001269,731.7655016668141,1804.4182497542351,40,17.5,731.5249280072749,1804.177676094696,0.24057365953922272,block1:s3,stock_fcfs,mixed,1785154265.155923,1785154265.1561637,1785154265.8876963,1785154266.9603488,,,
block1-001270,124.23643632791936,5996.842102380469,142,572.5,123.74327296856791,5996.348939021118,0.49316335935145617,block1:zero_tool,stock_fcfs,mixed,1785154265.2311895,1785154265.2316828,1785154265.3554344,1785154271.2280397,,,
block1-001271,619.0142205450684,1939.1905654920265,43,287.5,618.4818760957569,1938.658221042715,0.5323444493114948,block1:s3,stock_fcfs,mixed,1785154265.2314968,1785154265.2320294,1785154265.8505168,1785154267.1706934,,,
block1-001272,769.5572751108557,2103.9177470374852,48,100.0,768.8871710561216,2103.247642982751,0.6701040547341108,block1:s4,stock_fcfs,mixed,1785154265.6165833,1785154265.6172535,1785154266.386149,1785154267.7205093,,,
block1-001273,773.692011483945,2109.631328494288,48,10.0,773.1461039511487,2109.0854209614918,0.5459075327962637,block1:s4,stock_fcfs,mixed,1785154265.628861,1785154265.6294072,1785154266.4025602,1785154267.7384996,,,
block1-001274,755.9471040731296,2089.4833001075312,48,117.5,755.5133999558166,2089.049595990218,0.4337041173130274,block1:s4,stock_fcfs,mixed,1785154265.6680095,1785154265.668444,1785154266.4239638,1785154267.7575002,,,
block1-001275,775.7463781163096,2087.1937851188704,48,15.0,774.8877980047837,2086.3352050073445,0.8585801115259528,block1:s4,stock_fcfs,mixed,1785154266.6967368,1785154266.6975958,1785154267.4724917,1785154268.7839394,,,
block1-001276,729.0973991621286,2118.105170200579,48,115.0,728.2495410181582,2117.2573120566085,0.8478581439703703,block1:s4,stock_fcfs,mixed,1785154266.9915354,1785154266.9923837,1785154267.7206411,1785154269.1096492,,,
block1-001277,695.4852442722768,2085.008083260618,48,20.0,695.2781330328435,2084.800972021185,0.20711123943328857,block1:s4,stock_fcfs,mixed,1785154267.0798914,1785154267.080099,1785154267.7754126,1785154269.1649354,,,
block1-001278,740.6862248899415,2043.2226358680055,48,105.0,739.8391779279336,2042.3755889059976,0.8470469620078802,block1:s4,stock_fcfs,mixed,1785154267.9871433,1785154267.9879906,1785154268.7278373,1785154270.0303733,,,
block1-001279,787.9632826661691,2065.855154651217,49,282.5,786.7765550035983,2064.6684269886464,1.1867276625707746,block1:s4,stock_fcfs,mixed,1785154268.547811,1785154268.5489979,1785154269.335783,1785154270.6136746,,,
block1-001280,639.5937636261806,1788.103753584437,43,15.0,639.2623389838263,1787.7723289420828,0.33142464235424995,block1:s1,stock_fcfs,mixed,1785154268.6007802,1785154268.6011121,1785154269.2403824,1785154270.3888924,,,
block1-001281,594.9735150206834,1760.149362962693,43,10.0,593.6255080159754,1758.801355957985,1.3480070047080517,block1:s1,stock_fcfs,mixed,1785154268.7785766,1785154268.7799246,1785154269.3735578,1785154270.5387335,,,
block1-001282,90.30749334488064,7320.807712385431,171,15.0,89.59852904081345,7320.098748081364,0.7089643040671945,block1:zero_tool,stock_fcfs,mixed,1785154268.8329754,1785154268.8336847,1785154268.9232912,1785154276.1537912,,,
block1-001283,557.9806237947196,1493.101530824788,37,395.0,556.9645740324631,1492.0854810625315,1.0160497622564435,block1:s1,stock_fcfs,mixed,1785154268.8714564,1785154268.872473,1785154269.4294446,1785154270.3645656,,,
block1-001284,549.5071546174586,1466.799778630957,36,140.0,548.9145630272105,1466.207187040709,0.5925915902480483,block1:s1,stock_fcfs,mixed,1785154268.9599383,1785154268.9605312,1785154269.5094533,1785154270.426746,,,
block1-001285,56.50705867446959,7087.573094759136,166,117.5,55.754393921233714,7086.820430005901,0.7526647532358766,block1:zero_tool,stock_fcfs,mixed,1785154269.4525733,1785154269.453326,1785154269.5090892,1785154276.5401552,,,
block1-001286,421.77186196204275,1682.4824269860983,40,307.5,421.2492649676278,1681.9598299916834,0.5225969944149256,block1:s1,stock_fcfs,mixed,1785154269.683033,1785154269.6835558,1785154270.104813,1785154271.3655238,,,
block1-001287,63.20713728200644,5117.704618256539,118,297.5,62.3010799754411,5116.798560949974,0.9060573065653443,block1:zero_tool,stock_fcfs,mixed,1785154269.8350515,1785154269.835958,1785154269.898269,1785154274.9527662,,,
block1-001288,72.09345884621143,6106.291405856609,140,95.0,71.04713702574372,6105.245084036142,1.0463218204677105,block1:zero_tool,stock_fcfs,mixed,1785154270.2986982,1785154270.2997448,1785154270.3707988,1785154276.4049969,,,
block1-001289,415.9457760397345,1734.9800270749256,40,10.0,415.56504601612687,1734.599297051318,0.38073002360761166,block1:s2,stock_fcfs,mixed,1785154270.4229708,1785154270.4233518,1785154270.8389242,1785154272.1579587,,,
block1-001290,62.29830184020102,6508.399728918448,151,10.0,62.137209926731884,6508.238637004979,0.16109191346913576,block1:zero_tool,stock_fcfs,mixed,1785154270.456666,1785154270.4568272,1785154270.518971,1785154276.9650724,,,
block1-001291,664.775937795639,2067.3683397471905,43,12.5,664.2006890615448,2066.7930910130963,0.5752487340942025,block1:s2,stock_fcfs,mixed,1785154270.9987895,1785154270.999365,1785154271.6635861,1785154273.0661786,,,
block1-001292,616.2503651576117,1751.1274961289018,36,287.5,615.5868970090523,1750.4640279803425,0.6634681485593319,block1:s2,stock_fcfs,mixed,1785154271.009771,1785154271.010435,1785154271.626029,1785154272.7609062,,,
block1-001293,622.2228923579678,2026.513189310208,44,282.5,621.8501239782199,2026.14042093046,0.3727683797478676,block1:s2,stock_fcfs,mixed,1785154271.1727698,1785154271.1731427,1785154271.7949991,1785154273.199289,,,
block1-001294,614.1545446589589,1787.727871676907,38,350.0,613.8125440338627,1787.3858710518107,0.3420006250962615,block1:s2,stock_fcfs,mixed,1785154271.2596192,1785154271.2599616,1785154271.8737812,1785154273.047355,,,
block1-001295,86.51607658248395,13930.734130553901,333,177.5,84.93021700996906,13929.148270981386,1.5858595725148916,block1:zero_tool,stock_fcfs,mixed,1785154271.2788303,1785154271.2804165,1785154271.365354,1785154285.2095716,,,
block1-001296,386.86450221575797,1560.7791491784155,32,297.5,386.157413944602,1560.0720609072596,0.7070882711559534,block1:s3,stock_fcfs,mixed,1785154271.4869924,1785154271.4876997,1785154271.8738644,1785154273.047779,,,
block1-001297,57.80630966182798,5599.51803565491,131,12.5,57.592908036895096,5599.304634029977,0.21340162493288517,block1:zero_tool,stock_fcfs,mixed,1785154271.7980108,1785154271.7982244,1785154271.8558264,1785154277.397538,,,
block1-001298,739.2866892041638,1842.9577152710408,38,15.0,738.6102830059826,1842.2813090728596,0.676406198181212,block1:s3,stock_fcfs,mixed,1785154271.8754532,1785154271.87613,1785154272.6147482,1785154273.7184193,,,
block1-001299,890.5978329712525,2274.660674040206,48,140.0,890.3233739547431,2274.3862150236964,0.2744590165093541,block1:s3,stock_fcfs,mixed,1785154272.2133307,1785154272.2136054,1785154273.103936,1785154274.4879987,,,
block1-001300,694.9189838487655,2001.8931789090857,42,152.5,694.5777769433334,2001.5519720036536,0.34120690543204546,block1:s3,stock_fcfs,mixed,1785154272.23723,1785154272.2375715,1785154272.9321566,1785154274.239131,,,
block1-001301,829.9268198898062,2192.6662898622453,48,350.0,829.450957942754,2192.190427915193,0.47586194705218077,block1:s3,stock_fcfs,mixed,1785154272.4488904,1785154272.4493668,1785154273.2788277,1785154274.6415675,,,
block1-001302,848.2391090365127,2082.908651093021,46,25.0,847.1421429421753,2081.8116849986836,1.0969660943374038,block1:s3,stock_fcfs,mixed,1785154272.5779932,1785154272.5790904,1785154273.4262402,1785154274.66091,,,
block1-001303,555.5353603558615,1941.609903355129,43,117.5,554.5881929574534,1940.662735956721,0.9471673984080553,block1:s3,stock_fcfs,mixed,1785154272.6239614,1785154272.6249087,1785154273.1795022,1785154274.5655775,,,
block1-001304,774.7639511944726,2109.9647532682866,48,320.0,774.1046629380435,2109.3054650118575,0.6592882564291358,block1:s4,stock_fcfs,mixed,1785154272.8047864,1785154272.8054464,1785154273.5795603,1785154274.9147613,,,
block1-001305,746.1604356067255,2082.6122225262225,48,357.5,745.3911590855569,2081.842946005054,0.7692765211686492,block1:s4,stock_fcfs,mixed,1785154273.1818614,1785154273.182631,1785154273.9280305,1785154275.2644823,,,
block1-001306,733.2757083931938,2069.6019663009793,48,820.0,733.1340240780264,2069.460281985812,0.14168431516736746,block1:s4,stock_fcfs,mixed,1785154273.2143621,1785154273.2145042,1785154273.9476461,1785154275.2839725,,,
block1-001307,84.38291074708104,7641.343392780982,184,75.0,83.59229099005461,7640.5527730239555,0.790619757026434,block1:zero_tool,stock_fcfs,mixed,1785154273.232342,1785154273.2331328,1785154273.316732,1785154280.8736925,,,
block1-001308,58.66633960977197,6445.846368558705,158,572.5,57.79137695208192,6444.971405901015,0.8749626576900482,block1:zero_tool,stock_fcfs,mixed,1785154273.6208506,1785154273.6217258,1785154273.679559,1785154280.0667388,,,
block1-001309,67.7900945302099,6482.615191489458,158,115.0,66.78271410055459,6481.607811059803,1.0073804296553135,block1:zero_tool,stock_fcfs,mixed,1785154273.9791505,1785154273.9801579,1785154274.0469487,1785154280.4617736,,,
block1-001310,761.9084344478324,2113.8032254530117,48,350.0,760.969641036354,2112.8644320415333,0.9387934114784002,block1:s4,stock_fcfs,mixed,1785154274.076991,1785154274.07793,1785154274.838908,1785154276.1908023,,,
block1-001311,733.1427609315142,2090.21358191967,48,22.5,732.820296077989,2089.891117066145,0.32246485352516174,block1:s4,stock_fcfs,mixed,1785154274.2377229,1785154274.2380457,1785154274.970875,1785154276.327946,,,
block1-001312,572.0396309625357,1832.0042099803686,43,572.5,571.1866519413888,1831.1512309592217,0.8529790211468935,block1:s1,stock_fcfs,mixed,1785154274.7464402,1785154274.7472935,1785154275.3184886,1785154276.5784533,,,
block1-001313,616.6773316217586,1815.1522486004978,43,217.5,615.4845580458641,1813.9594750246033,1.1927735758945346,block1:s1,stock_fcfs,mixed,1785154275.1309536,1785154275.1321464,1785154275.7476385,1785154276.9461136,,,
block1-001314,59.19904715847224,13780.683887191117,331,95.0,58.57236392330378,13780.057203955948,0.626683235168457,block1:zero_tool,stock_fcfs,mixed,1785154275.267113,1785154275.26774,1785154275.32632,1785154289.0478046,,,
block1-001315,734.532110276632,1683.2058902364224,40,15.0,733.8377609848976,1682.511540944688,0.6943492917343974,block1:s1,stock_fcfs,mixed,1785154275.3572905,1785154275.3579853,1785154276.091831,1785154277.040505,,,
block1-001316,442.47692509088665,1650.6969460751861,39,105.0,442.1817580005154,1650.4017789848149,0.2951670903712511,block1:s1,stock_fcfs,mixed,1785154275.427003,1785154275.4272983,1785154275.8694868,1785154277.077707,,,
block1-001317,66.59034779295325,6901.272588758729,167,15.0,66.35980505961925,6901.042046025395,0.23054273333400488,block1:zero_tool,stock_fcfs,mixed,1785154275.5308168,1785154275.5310473,1785154275.5974436,1785154282.432126,,,
block1-001318,62.34096852131188,8094.73761159461,197,280.0,61.853591934777796,8094.250235008076,0.4873765865340829,block1:zero_tool,stock_fcfs,mixed,1785154275.691811,1785154275.6922987,1785154275.7541854,1785154283.7865822,,,
block1-001319,74.08538344316185,2353.585120406933,60,10.0,73.68617795873433,2353.1859149225056,0.3992054844275117,block1:s1,stock_fcfs,mixed,1785154275.9640315,1785154275.9644308,1785154276.0381253,1785154278.3176253,,,
block1-001320,444.84944303985685,1585.8134120935574,40,187.5,444.15408093482256,1585.1180499885231,0.6953621050342917,block1:s2,stock_fcfs,mixed,1785154276.0363257,1785154276.0370214,1785154276.4811842,1785154277.6221483,,,
block1-001321,96.48917836602777,5838.748430367559,141,282.5,96.25440498348325,5838.513656985015,0.23477338254451752,block1:zero_tool,stock_fcfs,mixed,1785154276.093843,1785154276.094078,1785154276.1903403,1785154281.9325995,,,
block1-001322,524.3782683974132,1436.8231004336849,36,22.5,522.4000719608739,1434.8449039971456,1.9781964365392923,block1:s2,stock_fcfs,mixed,1785154276.1103928,1785154276.1123712,1785154276.6347792,1785154277.5472238,,,
block1-001323,58.86809609364718,25074.73561412189,607,485.0,57.83962702844292,25073.707145056687,1.0284690652042627,block1:zero_tool,stock_fcfs,mixed,1785154276.6182704,1785154276.6192992,1785154276.6771464,1785154301.6930144,,,
block1-001324,546.6584431705996,1568.7409911770374,36,160.0,545.6259869970381,1567.7085350034758,1.0324561735615134,block1:s2,stock_fcfs,mixed,1785154278.3278172,1785154278.32885,1785154278.874484,1785154279.8965666,,,
block1-001325,834.7146671731025,2083.0308222211897,49,485.0,833.5997239919379,2081.915879040025,1.1149431811645627,block1:s2,stock_fcfs,mixed,1785154278.3602438,1785154278.3613591,1785154279.1949668,1785154280.443283,,,
block1-001326,498.1345417909324,1521.4424158912152,36,282.5,497.95240198727697,1521.2602760875598,0.18213980365544558,block1:s2,stock_fcfs,mixed,1785154278.5265841,1785154278.5267668,1785154279.0247283,1785154280.0480363,,,
block1-001327,630.1465652650222,1594.2607482429594,37,110.0,628.063142998144,1592.1773259760812,2.0834222668781877,block1:s2,stock_fcfs,mixed,1785154279.037079,1785154279.0391629,1785154279.6672347,1785154280.6313488,,,
block1-001328,70.16201561782509,5304.603924625553,126,15.0,69.59311396349221,5304.03502297122,0.5689016543328762,block1:zero_tool,stock_fcfs,mixed,1785154279.1249216,1785154279.1254907,1785154279.195091,1785154284.429533,,,
block1-001329,733.6098710075021,2203.022160101682,48,117.5,733.2910239929333,2202.703313087113,0.3188470145687461,block1:s3,stock_fcfs,mixed,1785154279.3333056,1785154279.3336248,1785154280.0669239,1785154281.5363362,,,
block1-001330,659.9467598134652,1900.5288428161293,41,145.0,658.8295990368351,1899.4116820394993,1.117160776630044,block1:s3,stock_fcfs,mixed,1785154279.3498132,1785154279.3509307,1785154280.0097666,1785154281.2503486,,,
block1-001331,859.2223690357059,2156.0255649965256,48,12.5,858.9814910665154,2155.784687027335,0.24087796919047832,block1:s3,stock_fcfs,mixed,1785154280.2959988,1785154280.2962399,1785154281.1552558,1785154282.4520586,,,
block1-001332,655.2860903320834,1876.7407044069842,41,20.0,654.9349538981915,1876.3895679730922,0.35113643389195204,block1:s3,stock_fcfs,mixed,1785154280.538065,1785154280.5384164,1785154281.1933591,1785154282.4148138,,,
block1-001333,716.4028809638694,1899.5411059586331,43,60.0,715.3166111093014,1898.4548361040652,1.086269854567945,block1:s3,stock_fcfs,mixed,1785154280.7054265,1785154280.706513,1785154281.4218366,1785154282.6049747,,,
block1-001334,814.8328948300332,2076.875658822246,48,17.5,814.0498870052397,2076.0926509974524,0.783007824793458,block1:s3,stock_fcfs,mixed,1785154280.7379258,1785154280.738709,1785154281.5527654,1785154282.8148081,,,
block1-001335,564.5760272163898,1865.199099178426,44,107.5,563.5968509595841,1864.2199229216203,0.9791762568056583,block1:s3,stock_fcfs,mixed,1785154280.8573575,1785154280.858337,1785154281.4219418,1785154282.7225652,,,
block1-001336,742.3170024994761,2007.0245765382424,48,95.0,740.8137569436803,2005.5213309824467,1.5032455557957292,block1:s4,stock_fcfs,mixed,1785154280.8864279,1785154280.8879313,1785154281.6287522,1785154282.8934598,,,
block1-001337,698.6380647867918,1969.1006677458063,48,10.0,697.9269960429519,1968.3895990019664,0.71106874383986,block1:s4,stock_fcfs,mixed,1785154281.2917755,1785154281.2924867,1785154281.9904215,1785154283.2608843,,,
block1-001338,701.6723747365177,1977.8631668305025,48,217.5,700.0183379277587,1976.2091300217435,1.654036808758974,block1:s4,stock_fcfs,mixed,1785154282.0205245,1785154282.022179,1785154282.722204,1785154283.998394,,,
block1-001339,63.53088503237814,7687.546947039664,184,485.0,63.28624708112329,7687.302309088409,0.24463795125484467,block1:zero_tool,stock_fcfs,mixed,1785154282.3513827,1785154282.3516276,1785154282.4149225,1785154290.0389385,,,
block1-001340,57.818959932774305,5425.908190896735,130,357.5,57.277927990071476,5425.367158954032,0.5410319427028298,block1:zero_tool,stock_fcfs,mixed,1785154282.5878508,1785154282.5883923,1785154282.6456919,1785154288.0137813,,,
block1-001341,65.90548902750015,5778.742869035341,137,320.0,64.55603195354342,5777.393411961384,1.349457073956728,block1:zero_tool,stock_fcfs,mixed,1785154282.8276641,1785154282.8290138,1785154282.8935764,1785154288.606414,,,
block1-001342,55.52013497799635,7027.353552985005,167,10.0,55.0346669042483,7026.868084911257,0.4854680737480521,block1:zero_tool,stock_fcfs,mixed,1785154282.9366446,1785154282.9371302,1785154282.9921727,1785154289.9640062,,,
block1-001343,63.08843637816608,7786.41264338512,185,15.0,62.8576889866963,7786.18189599365,0.23074739146977663,block1:zero_tool,stock_fcfs,mixed,1785154283.1214714,1785154283.1217024,1785154283.1845684,1785154290.9078927,,,
block1-001344,574.3700434686616,1786.2353234086186,43,152.5,572.3897290881723,1784.2550090281293,1.9803143804892898,block1:s1,stock_fcfs,mixed,1785154283.3097503,1785154283.3117309,1785154283.8841288,1785154285.0959945,,,
block1-001345,67.03309423755854,2855.311730178073,69,280.0,66.20944605674595,2854.4880819972605,0.8236481808125973,block1:s1,stock_fcfs,mixed,1785154283.457026,1785154283.4578497,1785154283.5240786,1785154286.3123572,,,
block1-001346,466.1670755594969,1629.2301554931328,40,350.0,465.3870640322566,1628.4501439658925,0.7800115272402763,block1:s1,stock_fcfs,mixed,1785154283.7328174,1785154283.7335978,1785154284.198995,1785154285.362058,,,
block1-001347,654.5777464052662,1877.0013673929498,45,177.5,653.8321380503476,1876.255759038031,0.7456083549186587,block1:s1,stock_fcfs,mixed,1785154283.7544804,1785154283.7552261,1785154284.4090657,1785154285.6314895,,,
block1-001348,574.0786957321689,1542.976422701031,36,550.0,573.6962340306491,1542.5939609995112,0.3824617015197873,block1:s1,stock_fcfs,mixed,1785154284.0381732,1785154284.0385559,1785154284.6122618,1785154285.5811596,,,
block1-001349,77.69120601005852,2595.3270009486005,62,20.0,76.98731601703912,2594.623110955581,0.703889993019402,block1:s1,stock_fcfs,mixed,1785154284.399823,1785154284.4005275,1785154284.4775255,1785154286.9951613,,,
block1-001350,60.155071201734245,7660.527705214918,182,15.0,59.46066998876631,7659.83330400195,0.6944012129679322,block1:zero_tool,stock_fcfs,mixed,1785154284.4590693,1785154284.459764,1785154284.5192323,1785154292.119605,,,
block1-001351,107.46274353004992,2711.106271483004,62,307.5,106.81418608874083,2710.457714041695,0.6485574413090944,block1:s1,stock_fcfs,mixed,1785154285.4735687,1785154285.474218,1785154285.5810428,1785154288.1846864,,,
block1-001352,679.5463646994904,1934.1706177219748,44,107.5,679.0586849674582,1933.6829379899427,0.48767973203212023,block1:s2,stock_fcfs,mixed,1785154285.4946682,1785154285.4951565,1785154286.1742232,1785154287.4288473,,,
block1-001353,659.1832472477108,1685.6035912642255,38,110.0,658.3715219749138,1684.7918659914285,0.8117252727970481,block1:s2,stock_fcfs,mixed,1785154285.8734393,1785154285.8742516,1785154286.5326338,1785154287.5590541,,,
block1-001354,96.31642524618655,2801.3957602670416,64,22.5,95.14676895923913,2800.226103980094,1.1696562869474292,block1:s2,stock_fcfs,mixed,1785154286.3016658,1785154286.3028357,1785154286.3979905,1785154289.1030698,,,
block1-001355,70.14924462419003,30782.92329167016,737,60.0,69.02946589980274,30781.80351294577,1.119778724387288,block1:zero_tool,stock_fcfs,mixed,1785154286.5047145,1785154286.5058346,1785154286.5748715,1785154317.2876453,,,
block1-001356,514.100014930591,1843.0394139140844,42,15.0,513.7210360262543,1842.6604350097477,0.3789789043366909,block1:s2,stock_fcfs,mixed,1785154286.594131,1785154286.5945103,1785154287.1082394,1785154288.4371789,,,
block1-001357,67.4938599113375,27460.97503695637,660,105.0,66.29852601327002,27459.779703058302,1.1953338980674744,block1:zero_tool,stock_fcfs,mixed,1785154286.7156093,1785154286.7168052,1785154286.783113,1785154314.176594,,,
block1-001358,700.3048857441172,1716.3511996623129,38,60.0,699.5832900283858,1715.6296039465815,0.7215957157313824,block1:s2,stock_fcfs,mixed,1785154287.177659,1785154287.1783807,1785154287.8779716,1785154288.8940184,,,
block1-001359,631.9380666827783,1665.5833657132462,37,10.0,631.1143829952925,1664.7596820257604,0.8236836874857545,block1:s2,stock_fcfs,mixed,1785154287.4198015,1785154287.4206254,1785154288.0517924,1785154289.0854375,,,
block1-001360,771.7386407312006,2091.409304761328,48,17.5,771.5990149881691,2091.2696790182963,0.13962574303150177,block1:s3,stock_fcfs,mixed,1785154287.6661177,1785154287.6662574,1785154288.4378626,1785154289.757533,,,
block1-001361,441.7035327060148,1708.0267526907846,39,20.0,440.5162261100486,1706.8394460948184,1.18730659596622,block1:s3,stock_fcfs,mixed,1785154287.7246797,1785154287.7258675,1785154288.166392,1785154289.4327152,,,
block1-001362,766.7626664042473,2100.0627413159236,48,280.0,766.1731940461323,2099.4732689578086,0.5894723581150174,block1:s3,stock_fcfs,mixed,1785154288.181983,1785154288.1825728,1785154288.9487839,1785154290.2820837,,,
block1-001363,63.75704111997038,5310.358048067428,128,187.5,63.228567014448345,5309.829573961906,0.5284741055220366,block1:zero_tool,stock_fcfs,mixed,1785154288.2760165,1785154288.2765453,1785154288.339781,1785154293.5863822,,,
block1-001364,726.6539951087907,2058.752164011821,48,100.0,726.1383919976652,2058.2365609006956,0.5156031111255288,block1:s3,stock_fcfs,mixed,1785154288.4347923,1785154288.4353085,1785154289.1614578,1785154290.4935563,,,
block1-001365,695.2740777051076,2070.332697709091,48,115.0,695.0170169584453,2070.0756369624287,0.2570607466623187,block1:s3,stock_fcfs,mixed,1785154288.8134131,1785154288.8136706,1785154289.508695,1785154290.8837538,,,
block1-001366,67.83866055775434,6761.644893558696,165,485.0,65.87891699746251,6759.685149998404,1.9597435602918267,block1:zero_tool,stock_fcfs,mixed,1785154289.3265247,1785154289.3284845,1785154289.3943703,1785154296.0881765,,,
block1-001367,579.4203173136339,1941.4635153952986,43,50.0,578.8529159035534,1940.896113985218,0.5674014100804925,block1:s3,stock_fcfs,mixed,1785154289.664776,1785154289.6653438,1785154290.2442048,1785154291.606248,,,
block1-001368,732.0074558956549,2089.378171833232,48,50.0,731.1381440376863,2088.5088599752635,0.8693118579685688,block1:s4,stock_fcfs,mixed,1785154289.7809238,1785154289.7817934,1785154290.5129387,1785154291.8703096,,,
block1-001369,714.4105210900307,2079.178799991496,49,152.5,714.2491260310635,2079.0174049325287,0.1613950589671731,block1:s4,stock_fcfs,mixed,1785154290.0399466,1785154290.0401082,1785154290.7543633,1785154292.1191318,,,
block1-001370,680.9382087085396,2005.9409837704152,48,110.0,680.3344510262832,2005.3372260881588,0.6037576822564006,block1:s4,stock_fcfs,mixed,1785154290.4688745,1785154290.4694786,1785154291.14982,1785154292.474823,,,
block1-001371,68.77760274801403,7481.753988773562,184,15.0,67.98966904170811,7480.966055067256,0.7879337063059211,block1:zero_tool,stock_fcfs,mixed,1785154290.8205743,1785154290.8213625,1785154290.8893607,1785154298.302337,,,
block1-001372,758.1604716833681,2025.2749407663941,48,10.0,757.6252869330347,2024.7397560160607,0.5351847503334284,block1:s4,stock_fcfs,mixed,1785154291.1493201,1785154291.1498554,1785154291.907489,1785154293.1746035,,,
block1-001373,740.5994146829471,1991.8984926771373,48,15.0,739.6385029423982,1990.9375809365883,0.9609117405489087,block1:s4,stock_fcfs,mixed,1785154291.2209327,1785154291.2218938,1785154291.9615672,1785154293.2128663,,,
block1-001374,684.1958032455295,1998.6506082350388,48,545.0,684.049007948488,1998.5038129379973,0.14679529704153538,block1:s4,stock_fcfs,mixed,1785154291.4155157,1785154291.4156625,1785154292.0997179,1785154293.4141726,,,
block1-001375,65.72120718192309,5779.306686134078,145,322.5,64.83118108008057,5778.416660032235,0.8900261018425226,block1:zero_tool,stock_fcfs,mixed,1785154291.5206578,1785154291.521548,1785154291.586386,1785154297.2999713,,,
block1-001376,57.76284181047231,4483.027289737947,112,320.0,56.64871109183878,4481.913159019314,1.1141307186335325,block1:zero_tool,stock_fcfs,mixed,1785154291.9097002,1785154291.9108145,1785154291.96747,1785154296.392734,,,
block1-001377,67.03029060736299,2931.225742562674,71,15.0,66.75828399602324,2930.9537359513342,0.2720066113397479,block1:s1,stock_fcfs,mixed,1785154292.7163978,1785154292.71667,1785154292.783435,1785154295.6476307,,,
block1-001378,659.4161976827309,1840.4780937125906,45,17.5,658.9361609658226,1839.9980569956824,0.4800367169082165,block1:s1,stock_fcfs,mixed,1785154292.7751155,1785154292.7755957,1785154293.4345381,1785154294.6156003,,,
block1-001379,55.01507082954049,8744.133628788404,213,22.5,54.7988381003961,8743.91739605926,0.2162327291443944,block1:zero_tool,stock_fcfs,mixed,1785154293.0245464,1785154293.0247629,1785154293.0795703,1785154301.768689,,,
block1-001380,93.5549745336175,4735.149186570197,117,20.0,93.13958697021008,4734.73379900679,0.4153875634074211,block1:zero_tool,stock_fcfs,mixed,1785154293.1894963,1785154293.1899118,1785154293.2830594,1785154297.9246538,,,
block1-001381,86.99132490437478,2543.773378827609,62,15.0,86.14968310575932,2542.9317370289937,0.8416417986154556,block1:s1,stock_fcfs,mixed,1785154293.1993592,1785154293.200202,1785154293.286361,1785154295.7431433,,,
block1-001382,97.68475836608559,11614.433740382083,280,17.5,97.52438100986183,11614.273363025859,0.16037735622376204,block1:zero_tool,stock_fcfs,mixed,1785154293.3161895,1785154293.3163502,1785154293.4138808,1785154304.93063,,,
block1-001383,61.28021900076419,5228.570674080402,129,170.0,60.20081799943,5227.4912730790675,1.0794010013341904,block1:zero_tool,stock_fcfs,mixed,1785154293.3552115,1785154293.356291,1785154293.4164994,1785154298.5837898,,,
block1-001384,65.1920351665467,4889.445934211835,120,357.5,64.07149392180145,4888.32539296709,1.1205412447452545,block1:zero_tool,stock_fcfs,mixed,1785154293.561848,1785154293.5629687,1785154293.627049,1785154298.451303,,,
block1-001385,621.6766133438796,1820.809724391438,44,12.5,620.6742320209742,1819.8073430685326,1.0023813229054213,block1:s2,stock_fcfs,mixed,1785154294.36438,1785154294.3653827,1785154294.9860642,1785154296.185197,,,
block1-001386,565.9868328366429,1524.4771499419585,36,115.0,563.8647419400513,1522.355059045367,2.122090896591544,block1:s2,stock_fcfs,mixed,1785154294.6985857,1785154294.7007082,1785154295.2646174,1785154296.2231076,,,
block1-001387,99.8534745303914,15542.996511561796,370,10.0,99.06507504638284,15542.208112077788,0.7883994840085506,block1:zero_tool,stock_fcfs,mixed,1785154294.8859854,1785154294.8867743,1785154294.985848,1785154310.4289913,,,
block1-001388,485.06777035072446,1440.9457173896953,35,12.5,484.8200629930943,1440.6980100320652,0.24770735763013363,block1:s2,stock_fcfs,mixed,1785154294.9143846,1785154294.9146333,1785154295.399461,1785154296.355339,,,
block1-001389,449.6854213066399,1629.6683523105457,41,15.0,448.89539503492415,1628.87832603883,0.7900262717157602,block1:s2,stock_fcfs,mixed,1785154295.0084958,1785154295.0092864,1785154295.4581914,1785154296.638174,,,
block1-001390,595.0719295069575,1542.46741742827,38,152.5,594.8265279876068,1542.2220159089193,0.24540151935070753,block1:s2,stock_fcfs,mixed,1785154295.436008,1785154295.4362538,1785154296.0310893,1785154296.9784846,,,
block1-001391,554.8675038153306,1541.167328832671,37,15.0,553.7173290504143,1540.0171540677547,1.1501747649163008,block1:s2,stock_fcfs,mixed,1785154296.6482692,1785154296.6494198,1785154297.203145,1785154298.1894448,,,
block1-001392,91.09354938846081,5242.382897413336,125,152.5,90.25679691694677,5241.546144941822,0.8367524715140462,block1:zero_tool,stock_fcfs,mixed,1785154296.678768,1785154296.679605,1785154296.7698696,1785154301.9211586,,,
block1-001393,731.0817926190794,2092.697045649402,48,15.0,730.5441979551688,2092.1594509854913,0.5375946639105678,block1:s3,stock_fcfs,mixed,1785154297.2687347,1785154297.2692726,1785154297.999823,1785154299.3614385,,,
block1-001394,99.61990057490766,8701.479218550958,203,10.0,98.36109797470272,8700.220415950753,1.2588026002049446,block1:zero_tool,stock_fcfs,mixed,1785154297.3809116,1785154297.3821707,1785154297.4805412,1785154306.0824003,,,
block1-001395,678.4947895212099,2040.3073615161702,48,152.5,678.1141110695899,2039.9266830645502,0.3806784516200423,block1:s3,stock_fcfs,mixed,1785154297.3967695,1785154297.3971505,1785154298.0752707,1785154299.4370835,,,
block1-001396,742.4288633046672,2124.5998103404418,48,280.0,740.5236010672525,2122.694548103027,1.9052622374147177,block1:s3,stock_fcfs,mixed,1785154298.181514,1785154298.1834197,1785154298.923951,1785154300.306122,,,
block1-001397,571.5240370482206,1858.5739841219038,43,412.5,571.032076026313,1858.0820230999961,0.4919610219076276,block1:s3,stock_fcfs,mixed,1785154298.316083,1785154298.316575,1785154298.8876138,1785154300.1746638,,,
block1-001398,726.6060366528109,1982.7695486601442,46,12.5,726.2871540151536,1982.450666022487,0.31888263765722513,block1:s3,stock_fcfs,mixed,1785154298.8425698,1785154298.842889,1785154299.5691838,1785154300.8253472,,,
block1-001399,63.41910676565021,7654.060432687402,178,395.0,62.77931900694966,7653.420644928701,0.6397877587005496,block1:zero_tool,stock_fcfs,mixed,1785154298.9986286,1785154298.9992685,1785154299.0620668,1785154306.652708,,,
block1-001400,695.042846724391,2062.2735286597162,48,280.0,694.4521920522675,2061.6828739875928,0.5906546721234918,block1:s4,stock_fcfs,mixed,1785154299.0251842,1785154299.0257752,1785154299.7202332,1785154301.0874639,,,
block1-001401,772.2557418746874,2104.746972909197,48,152.5,771.9133659265935,2104.4045969611034,0.34237594809383154,block1:s4,stock_fcfs,mixed,1785154299.7983341,1785154299.7986767,1785154300.5705976,1785154301.9030888,,,
block1-001402,750.0876190606505,2082.480280078016,48,17.5,749.6742480434477,2082.0669090608135,0.41337101720273495,block1:s4,stock_fcfs,mixed,1785154299.8582444,1785154299.8586586,1785154300.6083763,1785154301.940769,,,
block1-001403,712.597107514739,2076.0214844485745,49,170.0,711.5716880653054,2074.996064999141,1.0254194494336843,block1:s4,stock_fcfs,mixed,1785154300.1681216,1785154300.1691475,1785154300.8807297,1785154302.2441542,,,
block1-001404,56.32688174955547,6993.940795655362,162,50.0,55.23701605852693,6992.850929964334,1.0898656910285354,block1:zero_tool,stock_fcfs,mixed,1785154300.6510663,1785154300.6521564,1785154300.7074018,1785154307.6450157,,,
block1-001405,764.6413391921669,2054.841276141815,48,322.5,764.304373995401,2054.504310945049,0.33696519676595926,block1:s4,stock_fcfs,mixed,1785154300.7933464,1785154300.7936838,1785154301.5579958,1785154302.8481958,,,
block1-001406,725.7879812968895,2024.597266339697,48,177.5,725.417316891253,2024.2266019340605,0.3706644056364894,block1:s4,stock_fcfs,mixed,1785154301.177457,1785154301.177828,1785154301.903251,1785154303.2020602,,,
block1-001407,87.44537632446736,6872.304524295032,159,412.5,86.73746103886515,6871.59660900943,0.707915285602212,block1:zero_tool,stock_fcfs,mixed,1785154301.230461,1785154301.2311692,1785154301.3179126,1785154308.1027718,,,
block1-001408,547.9606272419915,1770.920431241393,43,322.5,546.2809070013463,1769.240711000748,1.6797202406451106,block1:s1,stock_fcfs,mixed,1785154301.3729682,1785154301.3746483,1785154301.920935,1785154303.1438947,,,
block1-001409,70.40958572179079,9368.281859671697,222,152.5,69.46259504184127,9367.334868991747,0.946990679949522,block1:zero_tool,stock_fcfs,mixed,1785154301.4875011,1785154301.4884481,1785154301.557917,1785154310.855789,,,
block1-001410,625.1806021900848,1872.0282592112198,44,572.5,624.9090780038387,1871.7567350249738,0.2715241862460971,block1:s1,stock_fcfs,mixed,1785154302.1464896,1785154302.1467614,1785154302.7716773,1785154304.0185246,,,
block1-001411,87.6159924082458,3220.7488004351035,73,320.0,86.35380200576037,3219.486610032618,1.2621904024854302,block1:s1,stock_fcfs,mixed,1785154302.156403,1785154302.157666,1785154302.2440276,1785154305.3771605,,,
block1-001412,558.6838735034689,1481.4464744413272,36,187.5,557.6004449976608,1480.363045935519,1.083428505808115,block1:s1,stock_fcfs,mixed,1785154302.3939047,1785154302.3949883,1785154302.9525945,1785154303.8753572,,,
block1-001413,61.86931789852679,18857.620674883947,446,282.5,61.290964018553495,18857.042321003973,0.5783538799732924,block1:zero_tool,stock_fcfs,mixed,1785154302.519179,1785154302.5197575,1785154302.5810554,1785154321.3768067,,,
block1-001414,430.9281187597662,1717.457868740894,40,107.5,430.31491502188146,1716.8446650030091,0.6132037378847599,block1:s1,stock_fcfs,mixed,1785154302.8628168,1785154302.8634307,1785154303.2937539,1785154304.5802836,,,
block1-001415,61.43978424370289,7289.196324301884,170,217.5,60.43925695121288,7288.195797009394,1.0005272924900055,block1:zero_tool,stock_fcfs,mixed,1785154303.237757,1785154303.2387583,1785154303.2992067,1785154310.5269635,,,
block1-001416,66.58272154163569,6247.7920254459605,145,395.0,66.3625760935247,6247.5718799978495,0.22014544811099768,block1:zero_tool,stock_fcfs,mixed,1785154303.4459255,1785154303.446146,1785154303.5125437,1785154309.6937528,,,
block1-001417,589.6614803932607,2055.8852093527094,42,25.0,588.3390119997784,2054.562740959227,1.3224683934822679,block1:s2,stock_fcfs,mixed,1785154303.8481052,1785154303.849428,1785154304.4377751,1785154305.9039986,,,
block1-001418,566.5384877938777,1796.0500988410786,36,350.0,566.1528749624267,1795.6644860096276,0.3856128314509988,block1:s2,stock_fcfs,mixed,1785154303.8518448,1785154303.8522305,1785154304.4183917,1785154305.6479034,,,
block1-001419,94.73727154545486,3384.2490655370057,74,10.0,93.31804607063532,3382.829840062186,1.419225474819541,block1:s2,stock_fcfs,mixed,1785154304.416161,1785154304.4175808,1785154304.5109076,1785154307.8004189,,,
block1-001420,633.8242552010342,1769.2894032225013,36,107.5,633.3912969566882,1768.8564449781552,0.4329582443460822,block1:s2,stock_fcfs,mixed,1785154304.4346259,1785154304.4350593,1785154305.0684586,1785154306.2039237,,,
block1-001421,68.52605892345309,6801.133733941242,161,485.0,68.17227904684842,6800.779954064637,0.35377987660467625,block1:zero_tool,stock_fcfs,mixed,1785154304.5922673,1785154304.5926213,1785154304.6608012,1785154311.393409,,,
block1-001422,732.4061361141503,1792.954639182426,38,17.5,731.9738139631227,1792.5223170313984,0.43232215102761984,block1:s2,stock_fcfs,mixed,1785154304.6451113,1785154304.6455436,1785154305.3775241,1785154306.438073,,,
block1-001423,82.33473100699484,5540.011942037381,129,15.0,81.53401897288859,5539.211230003275,0.8007120341062546,block1:zero_tool,stock_fcfs,mixed,1785154304.6936162,1785154304.6944172,1785154304.7759585,1785154310.2336357,,,
block1-001424,428.9790440816432,1765.8426801208407,38,17.5,428.1527119455859,1765.0163479847834,0.8263321360573173,block1:s3,stock_fcfs,mixed,1785154304.7544885,1785154304.7553148,1785154305.1834745,1785154306.520338,,,
block1-001425,65.6166955595836,5446.497008553706,128,15.0,64.85077098477632,5445.731083978899,0.7659245748072863,block1:zero_tool,stock_fcfs,mixed,1785154305.0027711,1785154305.0035372,1785154305.0683959,1785154310.449276,,,
block1-001426,744.9372386327013,1885.4180385824293,41,550.0,744.2963579669595,1884.7771579166874,0.6408806657418609,block1:s3,stock_fcfs,mixed,1785154305.061126,1785154305.0617673,1785154305.8060718,1785154306.9465528,,,
block1-001427,824.8040429316461,2194.218778866343,48,820.0,824.3440940277651,2193.758829962462,0.4599489038810134,block1:s3,stock_fcfs,mixed,1785154305.2377467,1785154305.2382069,1785154306.0625703,1785154307.431985,,,
block1-001428,552.0630104001611,1846.8836813699454,41,287.5,551.0882399976254,1845.9089109674096,0.9747704025357962,block1:s3,stock_fcfs,mixed,1785154305.371893,1785154305.3728678,1785154305.9239624,1785154307.218783,,,
block1-001429,639.4811212085187,1926.484632305801,43,217.5,639.0929559711367,1926.0964670684189,0.38816523738205433,block1:s3,stock_fcfs,mixed,1785154305.524609,1785154305.524998,1785154306.1640997,1785154307.451103,,,
block1-001430,88.68671138770878,6689.767223433591,161,115.0,88.07914494536817,6689.159656991251,0.6075664423406124,block1:zero_tool,stock_fcfs,mixed,1785154305.5805147,1785154305.5811226,1785154305.6692111,1785154312.2702918,,,
block1-001431,102.18591068405658,5289.1229497035965,128,95.0,101.06690705288202,5288.003946072422,1.1190036311745644,block1:zero_tool,stock_fcfs,mixed,1785154305.9340088,1785154305.935128,1785154306.036203,1785154311.22314,,,
block1-001432,745.1917387079448,2097.847866709344,48,70.0,744.1429600585252,2096.7990880599245,1.0487786494195461,block1:s4,stock_fcfs,mixed,1785154305.9467247,1785154305.9477737,1785154306.6919248,1785154308.044581,,,
block1-001433,59.29030338302255,6186.685549444519,150,280.0,58.967512915842235,6186.362758977339,0.3227904671803117,block1:zero_tool,stock_fcfs,mixed,1785154306.10489,1785154306.1052132,1785154306.1641881,1785154312.2915835,,,
block1-001434,750.3133913269266,2069.3138143979013,48,172.5,749.3744799867272,2068.374903057702,0.9389113401994109,block1:s4,stock_fcfs,mixed,1785154306.4686863,1785154306.4696257,1785154307.2190075,1785154308.538008,,,
block1-001435,94.24627898260951,5223.636870039627,126,47.5,94.04036402702332,5223.430955084041,0.205914955586195,block1:zero_tool,stock_fcfs,mixed,1785154306.5001285,1785154306.5003345,1785154306.5943823,1785154311.723773,,,
block1-001436,759.2145792441443,2022.895515197888,48,20.0,759.024454979226,2022.7053909329697,0.19012426491826773,block1:s4,stock_fcfs,mixed,1785154307.0602589,1785154307.0604494,1785154307.8194828,1785154309.083164,,,
block1-001437,737.4886015895754,1994.0583935240284,48,282.5,736.8258370552212,1993.3956289896742,0.6627645343542099,block1:s4,stock_fcfs,mixed,1785154307.2683342,1785154307.2689972,1785154308.0058308,1785154309.2624009,,,
block1-001438,98.97278668358922,7111.027037724853,174,155.0,98.01941900514066,7110.073670046404,0.9533676784485579,block1:zero_tool,stock_fcfs,mixed,1785154307.679552,1785154307.6805055,1785154307.7785325,1785154314.790587,,,
block1-001439,78.05227302014828,6954.3635150184855,170,287.5,77.87717296741903,6954.188414965756,0.175100052729249,block1:zero_tool,stock_fcfs,mixed,1785154307.7029965,1785154307.7031717,1785154307.7810547,1785154314.657366,,,
block1-001440,74.3744500214234,7889.998744009063,192,15.0,73.4039299422875,7889.028223929927,0.9705200791358948,block1:zero_tool,stock_fcfs,mixed,1785154307.7067242,1785154307.7076948,1785154307.7811058,1785154315.59673,,,
block1-001441,545.0027767801657,1485.645042732358,37,52.5,544.65620405972,1485.2984700119123,0.34657272044569254,block1:s1,stock_fcfs,mixed,1785154307.931814,1785154307.9321609,1785154308.4768362,1785154309.4174776,,,
block1-001442,574.7979917796329,1822.861355729401,44,145.0,573.3254989609122,1821.3888629106805,1.4724928187206388,block1:s1,stock_fcfs,mixed,1785154308.37235,1785154308.373823,1785154308.9471555,1785154310.1952188,,,
block1-001443,72.72408995777369,16550.36830098834,397,117.5,71.70369604136795,16549.347907071933,1.0203939164057374,block1:zero_tool,stock_fcfs,mixed,1785154308.4651802,1785154308.4662008,1785154308.5379133,1785154325.0155573,,,
block1-001444,57.72751255426556,6025.364751578309,147,140.0,56.90604995470494,6024.543288978748,0.8214625995606184,block1:zero_tool,stock_fcfs,mixed,1785154309.14515,1785154309.1459718,1785154309.202885,1785154315.1705222,,,
block1-001445,66.96970597840846,4900.134940980934,119,12.5,66.14603707566857,4899.311272078194,0.8236689027398825,block1:zero_tool,stock_fcfs,mixed,1785154309.5279088,1785154309.5287328,1785154309.5948849,1785154314.4280498,,,
block1-001446,426.372408750467,1623.4881607815623,39,10.0,426.09905102290213,1623.2148030539975,0.2733577275648713,block1:s1,stock_fcfs,mixed,1785154309.6559439,1785154309.6562176,1785154310.0823245,1785154311.2794402,,,
block1-001447,658.0867704469711,1549.8800264904276,37,12.5,657.0917909266427,1548.8850469700992,0.9949795203283429,block1:s1,stock_fcfs,mixed,1785154309.673535,1785154309.6745305,1785154310.3316314,1785154311.2234244,,,
block1-001448,96.0992545587942,7185.733243590221,171,820.0,95.94584698788822,7185.579836019315,0.15340757090598345,block1:zero_tool,stock_fcfs,mixed,1785154309.8472402,1785154309.847394,1785154309.9433475,1785154317.0329812,,,
block1-001449,84.5045365858823,6545.909828622825,156,172.5,83.92799098510295,6545.333283022046,0.5765456007793546,block1:zero_tool,stock_fcfs,mixed,1785154309.8620098,1785154309.8625867,1785154309.9465215,1785154316.4079268,,,
block1-001450,559.2945485841483,1482.1076215012,37,12.5,558.3635030779988,1481.1765759950504,0.9310455061495304,block1:s2,stock_fcfs,mixed,1785154310.063569,1785154310.0645006,1785154310.622872,1785154311.5456853,,,
block1-001451,95.08895059116185,3267.3891715239733,78,15.0,94.80426099617034,3267.104481928982,0.28468959499150515,block1:s2,stock_fcfs,mixed,1785154311.5430403,1785154311.5433254,1785154311.6381376,1785154314.8104377,,,
block1-001452,549.3049871874973,1546.2195762665942,36,572.5,547.9523529065773,1544.8669419856742,1.3526342809200287,block1:s2,stock_fcfs,mixed,1785154311.5829782,1785154311.584331,1785154312.1322908,1785154313.1292055,,,
block1-001453,607.789393980056,1582.365436013788,38,282.5,607.5183530338109,1582.0943950675428,0.2710409462451935,block1:s2,stock_fcfs,mixed,1785154311.6625926,1785154311.662864,1785154312.2703907,1785154313.244967,,,
block1-001454,69.60654654540122,17308.314981521107,414,75.0,69.44710400421172,17308.155538979918,0.15944254118949175,block1:zero_tool,stock_fcfs,mixed,1785154311.9691718,1785154311.9693317,1785154312.0387866,1785154329.2774951,,,
block1-001455,603.0691945925355,1542.7673056256026,37,282.5,601.9583139568567,1541.6564249899238,1.1108806356787682,block1:s2,stock_fcfs,mixed,1785154312.073087,1785154312.074198,1785154312.6761754,1785154313.6158736,,,
block1-001456,63.11349826864898,6526.102318195626,156,322.5,62.09810101427138,6525.0869209412485,1.0153972543776035,block1:zero_tool,stock_fcfs,mixed,1785154312.2068136,1785154312.2078295,1785154312.2699368,1785154318.732926,,,
block1-001457,431.38761108275503,1608.3179290872067,39,145.0,430.3381150821224,1607.268433086574,1.0494960006326437,block1:s3,stock_fcfs,mixed,1785154312.2645361,1785154312.2655861,1785154312.695932,1785154313.8728619,,,
block1-001458,67.40080006420612,7898.108566063456,186,15.0,67.00057408306748,7897.708340082318,0.4002259811386466,block1:zero_tool,stock_fcfs,mixed,1785154312.4354286,1785154312.435829,1785154312.5028353,1785154320.333543,,,
block1-001459,67.64202017802745,6657.118105213158,157,320.0,66.83999497909099,6656.316080014221,0.8020251989364624,block1:zero_tool,stock_fcfs,mixed,1785154312.8825746,1785154312.8833768,1785154312.9502225,1785154319.5396986,,,
block1-001460,57.55828437395394,6000.3702093381435,142,287.5,56.62178201600909,5999.433706980199,0.9365023579448462,block1:zero_tool,stock_fcfs,mixed,1785154312.9351869,1785154312.9361236,1785154312.9927537,1785154318.9355657,,,
block1-001461,71.47353189066052,5949.455836904235,139,85.0,71.13055803347379,5949.112863047048,0.3429738571867347,block1:zero_tool,stock_fcfs,mixed,1785154313.3127937,1785154313.3131368,1785154313.384275,1785154319.2622573,,,
block1-001462,57.93163541238755,7372.833202476613,171,20.0,56.94136000238359,7371.842927066609,0.9902754100039601,block1:zero_tool,stock_fcfs,mixed,1785154313.7159674,1785154313.716958,1785154313.7739074,1785154321.0888093,,,
block1-001463,509.0851344866678,1927.8642025310546,43,160.0,507.9419600078836,1926.7210280522704,1.1431744787842035,block1:s3,stock_fcfs,mixed,1785154313.8210528,1785154313.8221962,1785154314.3301468,1785154315.748926,,,
block1-001464,715.28063446749,2216.719268471934,49,95.0,714.4244399387389,2215.863073943183,0.8561945287510753,block1:s4,stock_fcfs,mixed,1785154314.4170406,1785154314.4178972,1785154315.1323283,1785154316.6337667,,,
block1-001465,82.97517616301775,8068.933507078327,188,550.0,82.62574509717524,8068.584076012485,0.34943106584250927,block1:zero_tool,stock_fcfs,mixed,1785154315.0457945,1785154315.0461442,1785154315.1287777,1785154323.114736,,,
block1-001466,68.00520035903901,6903.103555319831,158,140.0,67.17609299812466,6902.274447958916,0.8291073609143496,block1:zero_tool,stock_fcfs,mixed,1785154315.0643692,1785154315.0651987,1785154315.1323817,1785154321.9674802,,,
block1-001467,874.4198123458773,2183.468504343182,48,117.5,873.4145651105791,2182.4632571078837,1.0052472352981567,block1:s4,stock_fcfs,mixed,1785154315.3291948,1785154315.3302004,1785154316.2036211,1785154317.5126703,,,
block1-001468,872.4225403275341,2193.4751773951575,48,15.0,871.0869640344754,2192.139601102099,1.3355762930586934,block1:s4,stock_fcfs,mixed,1785154315.3394966,1785154315.3408325,1785154316.211926,1785154317.5329788,,,
block1-001469,74.78146266657859,5682.4858646141365,131,15.0,73.46484903246164,5681.16925098002,1.3166136341169477,block1:zero_tool,stock_fcfs,mixed,1785154315.5215685,1785154315.5228856,1785154315.5963602,1785154321.2040646,,,
block1-001470,778.5095619037747,2098.756471881643,48,107.5,776.8437010236084,2097.0906110014766,1.6658608801662922,block1:s4,stock_fcfs,mixed,1785154315.5688028,1785154315.5704694,1785154316.3473227,1785154317.6675694,,,
block1-001471,751.6498462064192,2069.91494318936,48,17.5,751.0054759914055,2069.2705729743466,0.6443702150136232,block1:s4,stock_fcfs,mixed,1785154315.6564293,1785154315.657074,1785154316.4080868,1785154317.726352,,,
block1-001472,562.1810705633834,1803.6190426209942,43,100.0,561.1535439966246,1802.5915160542354,1.0275265667587519,block1:s1,stock_fcfs,mixed,1785154315.8841438,1785154315.8851717,1785154316.446332,1785154317.6877701,,,
block1-001473,65.50037791021168,6606.895933975466,155,10.0,64.49081399478018,6605.886370060034,1.0095639154314995,block1:zero_tool,stock_fcfs,mixed,1785154315.9831066,1785154315.9841166,1785154316.0486429,1785154322.5900385,,,
block1-001474,55.02468079794198,6013.1307147676125,140,297.5,54.4544990407303,6012.560533010401,0.5701817572116852,block1:zero_tool,stock_fcfs,mixed,1785154316.0932245,1785154316.093795,1785154316.1482565,1785154322.1063623,,,
block1-001475,56.252585840411484,8897.179682855494,213,95.0,55.54295494221151,8896.470051957294,0.7096308981999755,block1:zero_tool,stock_fcfs,mixed,1785154316.1557593,1785154316.1564693,1785154316.2120204,1785154325.0529478,,,
block1-001476,455.99754282739013,1392.2255168436095,33,322.5,455.40600502863526,1391.6339790448546,0.5915377987548709,block1:s1,stock_fcfs,mixed,1785154316.5641603,1785154316.564752,1785154317.0201652,1785154317.956393,,,
block1-001477,86.87968284357339,2690.383330802433,63,155.0,86.20446303393692,2689.7081109927967,0.6752198096364737,block1:s1,stock_fcfs,mixed,1785154316.9459505,1785154316.9466262,1785154317.0328379,1785154319.6363418,,,
block1-001478,706.4999444410205,2046.5532324742526,47,17.5,704.7032070113346,2044.7564950445667,1.7967374296858907,block1:s1,stock_fcfs,mixed,1785154317.4161267,1785154317.4179237,1785154318.122634,1785154319.4626873,,,
block1-001479,426.031127339229,1496.5920373797417,33,115.0,424.0636200411245,1494.6245300816372,1.967507298104465,block1:s1,stock_fcfs,mixed,1785154318.0042148,1785154318.0061827,1785154318.4302533,1785154319.5008144,,,
block1-001480,596.0869038244709,1888.7093268567696,40,297.5,595.5337679479271,1888.1561909802258,0.5531358765438199,block1:s2,stock_fcfs,mixed,1785154318.58449,1785154318.5850434,1785154319.1805832,1785154320.4732056,,,
block1-001481,617.1816657297313,1670.8795877639204,36,117.5,616.4279710501432,1670.1258930843323,0.7536946795880795,block1:s2,stock_fcfs,mixed,1785154318.6631997,1785154318.663954,1785154319.2803912,1785154320.334089,,,
block1-001482,661.1167007358745,1947.488096775487,43,297.5,658.9558849809691,1945.3272810205817,2.160815754905343,block1:s2,stock_fcfs,mixed,1785154318.7608294,1785154318.7629905,1785154319.4219537,1785154320.7083251,,,
block1-001483,665.7954287948087,1951.582626788877,43,10.0,665.1363619603217,1950.92355995439,0.659066834487021,block1:s2,stock_fcfs,mixed,1785154318.7775805,1785154318.7782397,1785154319.4433975,1785154320.7291849,,,
block1-001484,95.12561222072691,5874.4316472439095,140,10.0,94.09398399293423,5873.400019016117,1.0316282277926803,block1:zero_tool,stock_fcfs,mixed,1785154318.9510515,1785154318.9520833,1785154319.0461845,1785154324.8254905,,,
block1-001485,887.8581130411476,2164.8246940458193,49,110.0,886.5732370177284,2163.5398180224,1.2848760234192014,block1:s2,stock_fcfs,mixed,1785154318.9827359,1785154318.984021,1785154319.8706026,1785154321.147569,,,
block1-001486,541.2885640980676,1591.131880064495,36,15.0,540.360662038438,1590.2039780048653,0.9279020596295595,block1:s2,stock_fcfs,mixed,1785154319.0753841,1785154319.0763123,1785154319.6166816,1785154320.6665246,,,
block1-001487,105.51758075598627,4174.475877778605,98,17.5,104.24712602980435,4173.205423052423,1.2704547261819243,block1:zero_tool,stock_fcfs,mixed,1785154319.09636,1785154319.0976307,1785154319.2018976,1785154323.2708564,,,
block1-001488,63.43631201889366,5269.297177088447,126,115.0,63.10834793839604,5268.969213007949,0.3279640804976225,block1:zero_tool,stock_fcfs,mixed,1785154319.259884,1785154319.2602127,1785154319.3233318,1785154324.5291927,,,
block1-001489,785.8477964764461,2187.140990397893,48,282.5,783.8737150887027,2185.1669090101495,1.9740813877433538,block1:s3,stock_fcfs,mixed,1785154319.6871836,1785154319.6891582,1785154320.47304,1785154321.8743334,,,
block1-001490,716.8788881972432,1721.4861022075638,38,17.5,716.377122909762,1720.9843369200826,0.5017652874812484,block1:s3,stock_fcfs,mixed,1785154319.6938481,1785154319.6943502,1785154320.4107335,1785154321.4153402,,,
block1-001491,475.01980140805244,1726.985664339736,39,52.5,474.8735020402819,1726.8393649719656,0.14629936777055264,block1:s3,stock_fcfs,mixed,1785154319.779812,1785154319.7799587,1785154320.254838,1785154321.5068038,,,
block1-001492,56.1295262305066,5017.508281162009,123,20.0,55.519586079753935,5016.898341011256,0.6099401507526636,block1:zero_tool,stock_fcfs,mixed,1785154320.397158,1785154320.3977683,1785154320.4532943,1785154325.4146729,,,
block1-001493,735.2639075834304,2087.79786049854,48,152.5,734.5044980756938,2087.0384509908035,0.7594095077365637,block1:s3,stock_fcfs,mixed,1785154320.6799839,1785154320.6807435,1785154321.4152558,1785154322.7677898,,,
block1-001494,849.7446251567453,1854.4208890525624,43,572.5,847.7966400096193,1852.4729039054364,1.947985147126019,block1:s3,stock_fcfs,mixed,1785154320.913515,1785154320.9154637,1785154321.7632687,1785154322.767945,,,
block1-001495,60.75503723695874,5245.194614282809,131,10.0,60.053869034163654,5244.493446080014,0.7011682027950883,block1:zero_tool,stock_fcfs,mixed,1785154321.4527733,1785154321.4534748,1785154321.5135355,1785154326.6979752,,,
block1-001496,765.7516407780349,2012.4131437623873,48,350.0,764.601255999878,2011.2627589842305,1.1503847781568766,block1:s4,stock_fcfs,mixed,1785154321.4965172,1785154321.4976678,1785154322.2622867,1785154323.5089483,,,
block1-001497,730.2928410936147,2044.054747093469,48,572.5,730.0188640365377,2043.780770036392,0.2739770570769906,block1:s4,stock_fcfs,mixed,1785154321.7224135,1785154321.7226877,1785154322.4527123,1785154323.7664745,,,
block1-001498,733.4691294236109,2039.9219724349678,48,10.0,732.8608329407871,2039.313675952144,0.6082964828237891,block1:s4,stock_fcfs,mixed,1785154321.7579522,1785154321.7585607,1785154322.4914274,1785154323.7978804,,,
block1-001499,58.14452050253749,5686.972753494047,144,322.5,57.477507973089814,5686.305740964599,0.6670125294476748,block1:zero_tool,stock_fcfs,mixed,1785154322.0097864,1785154322.0104537,1785154322.0679395,1785154327.6967678,,,
block1-001500,70.06233802530915,5506.344859022647,139,20.0,69.2107550567016,5505.49327605404,0.8515829686075449,block1:zero_tool,stock_fcfs,mixed,1785154322.1158464,1785154322.1166983,1785154322.1859167,1785154327.6221993,,,
block1-001501,54.40841126255691,5141.693917219527,130,282.5,53.89874102547765,5141.184246982448,0.5096702370792627,block1:zero_tool,stock_fcfs,mixed,1785154322.5352983,1785154322.5358083,1785154322.5897148,1785154327.677,,,
block1-001502,57.41292063612491,6795.568273635581,167,187.5,56.68170202989131,6794.8370550293475,0.7312186062335968,block1:zero_tool,stock_fcfs,mixed,1785154322.5945227,1785154322.5952542,1785154322.6519432,1785154329.3900986,,,
block1-001503,68.81371431518346,6949.720423319377,170,115.0,68.20191896986216,6949.108627974056,0.6117953453212976,block1:zero_tool,stock_fcfs,mixed,1785154322.8544648,1785154322.8550768,1785154322.923286,1785154329.8041925,,,
block1-001504,56.15890899207443,4634.7566259792075,117,10.0,55.26635702699423,4633.864074014127,0.8925519650802016,block1:zero_tool,stock_fcfs,mixed,1785154323.09959,1785154323.1004827,1785154323.155758,1785154327.7343554,,,
block1-001505,76.4144331915304,2360.334681230597,59,15.0,75.47050295397639,2359.390750993043,0.9439302375540137,block1:s1,stock_fcfs,mixed,1785154323.242179,1785154323.2431233,1785154323.3186014,1785154325.602522,,,
block1-001506,495.2336901333183,1651.798045146279,40,187.5,494.85556897707283,1651.4199239900336,0.37812115624547005,block1:s1,stock_fcfs,mixed,1785154323.4772432,1785154323.4776216,1785154323.9724848,1785154325.1290493,,,
block1-001507,649.9562112148851,1576.1194531805813,40,177.5,649.1580120055005,1575.3212539711967,0.7981992093846202,block1:s1,stock_fcfs,mixed,1785154323.7053277,1785154323.706126,1785154324.3552918,1785154325.281455,,,
block1-001508,494.86804788466543,1421.3915888685733,36,217.5,494.2206220002845,1420.7441629841924,0.6474258843809366,block1:s1,stock_fcfs,mixed,1785154323.8418996,1785154323.8425474,1785154324.336776,1785154325.2632992,,,
block1-001509,65.87423733435571,2545.3805163269863,66,110.0,64.89767110906541,2544.403950101696,0.9765662252902985,block1:s1,stock_fcfs,mixed,1785154324.7595255,1785154324.7605023,1785154324.8254073,1785154327.3049135,,,
block1-001510,682.959639467299,1903.7243984639645,47,20.0,682.0384809980169,1902.8032399946824,0.9211584692820907,block1:s1,stock_fcfs,mixed,1785154325.8113065,1785154325.8122277,1785154326.4943078,1785154327.7150724,,,
block1-001511,77.98539020586759,2675.714925164357,61,15.0,76.1999599635601,2673.9294949220493,1.7854302423074841,block1:s1,stock_fcfs,mixed,1785154326.619771,1785154326.6215568,1785154326.697767,1785154329.295496,,,
block1-001512,560.4354835813865,1539.2856135731563,38,95.0,560.0715489126742,1538.921678904444,0.36393466871231794,block1:s2,stock_fcfs,mixed,1785154326.6883876,1785154326.6887517,1785154327.248831,1785154328.227681,,,
block1-001513,55.91580783948302,5415.461407857947,124,95.0,55.23441592231393,5414.780015940778,0.6813919171690941,block1:zero_tool,stock_fcfs,mixed,1785154326.9868436,1785154326.9875255,1785154327.042767,1785154332.4023128,,,
block1-001514,54.22885494772345,7511.078492971137,177,92.5,53.23048389982432,7510.080121923238,0.998371047899127,block1:zero_tool,stock_fcfs,mixed,1785154327.3112803,1785154327.3122787,1785154327.3655174,1785154334.822367,,,
block1-001515,93.81433541420847,3260.308699333109,72,177.5,93.16622710321099,3259.6605910221115,0.6481083109974861,block1:s2,stock_fcfs,mixed,1785154327.3987916,1785154327.3994398,1785154327.4926128,1785154330.6591074,,,
block1-001516,509.94184939190745,1672.5343134021387,36,105.0,509.43302595987916,1672.0254899701104,0.5088234320282936,block1:s2,stock_fcfs,mixed,1785154327.5288994,1785154327.5294085,1785154328.0388482,1785154329.2014408,,,
block1-001517,548.2456795871258,1974.9549116240814,44,12.5,548.1153948931023,1974.824626930058,0.13028469402343035,block1:s2,stock_fcfs,mixed,1785154327.8289149,1785154327.8290455,1785154328.377168,1785154329.803877,,,
block1-001518,803.5261314362288,1827.6417454471812,38,10.0,802.8387370286509,1826.9543510396034,0.6873944075778127,block1:s2,stock_fcfs,mixed,1785154328.3776674,1785154328.378355,1785154329.1811998,1785154330.2053158,,,
block1-001519,536.855997168459,1610.605358146131,34,92.5,536.1722779925913,1609.9216389702633,0.6837191758677363,block1:s2,stock_fcfs,mixed,1785154328.460442,1785154328.4611259,1785154328.9973054,1785154330.0710547,,,
block1-001520,448.3620182145387,1540.867280215025,32,307.5,447.4998340010643,1540.0050960015506,0.8621842134743929,block1:s3,stock_fcfs,mixed,1785154328.4927773,1785154328.49364,1785154328.9411466,1785154330.033652,,,
block1-001521,534.3777694506571,1822.5213615223765,39,485.0,533.4949679672718,1821.6385600389913,0.8828014833852649,block1:s3,stock_fcfs,mixed,1785154328.684735,1785154328.6856182,1785154329.21912,1785154330.5072637,,,
block1-001522,808.4792009321973,2216.1170538747683,49,217.5,807.9857480479404,2215.6236009905115,0.49345288425683975,block1:s3,stock_fcfs,mixed,1785154328.9008253,1785154328.901319,1785154329.7093108,1785154331.1169484,,,
block1-001523,803.9375274674967,2174.0133083658293,48,20.0,802.8166081057861,2172.8923890041187,1.1209193617105484,block1:s3,stock_fcfs,mixed,1785154328.9236047,1785154328.9247258,1785154329.7275481,1785154331.097624,,,
block1-001524,749.411994824186,2118.6895698774606,48,217.5,748.5353769734502,2117.812952026725,0.8766178507357836,block1:s3,stock_fcfs,mixed,1785154328.9975488,1785154328.9984255,1785154329.7469673,1785154331.1162453,,,
block1-001525,768.5553110204637,2014.7646680707112,46,15.0,768.2554249186069,2014.4647819688544,0.29988610185682774,block1:s3,stock_fcfs,mixed,1785154329.4368794,1785154329.4371796,1785154330.2054431,1785154331.4516525,,,
block1-001526,70.32355677802116,6900.4212827421725,165,15.0,68.86221701279283,6898.959942976944,1.461339765228331,block1:zero_tool,stock_fcfs,mixed,1785154329.8730633,1785154329.8745248,1785154329.9433944,1785154336.7734926,,,
block1-001527,568.1777743156999,1905.3369372850284,43,20.0,567.7173120202497,1904.8764749895781,0.4604622954502702,block1:s3,stock_fcfs,mixed,1785154329.9010048,1785154329.9014657,1785154330.469204,1785154331.806363,,,
block1-001528,763.8563498621807,2076.981200836599,48,47.5,762.2739870566875,2075.3988380311057,1.582362805493176,block1:s4,stock_fcfs,mixed,1785154330.0660331,1785154330.0676157,1785154330.829896,1785154332.1430206,,,
block1-001529,730.4314218927175,2139.8719189455733,48,287.5,730.0365449627861,2139.477042015642,0.3948769299313426,block1:s4,stock_fcfs,mixed,1785154330.2538445,1785154330.2542398,1785154330.9843132,1785154332.3937535,,,
block1-001530,677.5105766719207,2077.5169886182994,48,60.0,677.0012599881738,2077.0076719345525,0.5093166837468743,block1:s4,stock_fcfs,mixed,1785154330.512101,1785154330.5126102,1785154331.1896188,1785154332.5896254,,,
block1-001531,56.7758537363261,7402.554635656998,176,20.0,56.238063029013574,7402.016844949685,0.5377907073125243,block1:zero_tool,stock_fcfs,mixed,1785154330.6608903,1785154330.6614285,1785154330.717674,1785154338.0634527,,,
block1-001532,58.63743450026959,7444.1141315037385,176,12.5,58.02695592865348,7443.503652932122,0.6104785716161132,block1:zero_tool,stock_fcfs,mixed,1785154330.8123498,1785154330.812962,1785154330.8710504,1785154338.2565272,,,
block1-001533,761.3890293287113,2074.0909622982144,48,95.0,760.8966419938952,2073.5985749633983,0.4923873348161578,block1:s4,stock_fcfs,mixed,1785154331.1913164,1785154331.191809,1785154331.9527147,1785154333.2654166,,,
block1-001534,817.7821441786364,2035.9866351354867,48,115.0,817.4703440163285,2035.6748349731788,0.31180016230791807,block1:s4,stock_fcfs,mixed,1785154331.6401308,1785154331.6404426,1785154332.4579213,1785154333.6761258,,,
block1-001535,61.92464800551534,6274.630296975374,148,100.0,61.59968301653862,6274.3053319863975,0.324964988976717,block1:zero_tool,stock_fcfs,mixed,1785154331.7510834,1785154331.7514086,1785154331.8130162,1785154338.0257218,,,
block1-001536,626.1052646441385,1768.6922836583108,43,217.5,625.0094019342214,1767.5964209483936,1.095862709917128,block1:s1,stock_fcfs,mixed,1785154331.8696425,1785154331.8707385,1785154332.495755,1785154333.6383421,,,
block1-001537,97.30613767169416,2416.223630658351,58,152.5,96.5182950021699,2415.4357879888266,0.7878426695242524,block1:s1,stock_fcfs,mixed,1785154332.1744382,1785154332.1752264,1785154332.2717526,1785154334.59067,,,
block1-001538,98.4549963613972,11504.164680372924,273,95.0,97.55259205121547,11503.262276062742,0.902404310181737,block1:zero_tool,stock_fcfs,mixed,1785154332.2089963,1785154332.209899,1785154332.3074596,1785154343.713169,,,
block1-001539,128.20275593549013,8925.32029596623,213,10.0,127.49200197868049,8924.60954200942,0.7107539568096399,block1:zero_tool,stock_fcfs,mixed,1785154332.2277608,1785154332.228472,1785154332.3559923,1785154341.15311,,,
block1-001540,557.111938833259,1591.4217157987878,39,50.0,556.3097139820457,1590.6194909475744,0.8022248512133956,block1:s1,stock_fcfs,mixed,1785154332.257588,1785154332.2583904,1785154332.8147068,1785154333.8490167,,,
block1-001541,105.80569156445563,4439.76741656661,108,15.0,105.1155140157789,4439.077239017934,0.6901775486767292,block1:zero_tool,stock_fcfs,mixed,1785154332.296213,1785154332.2969034,1785154332.4020262,1785154336.7359881,,,
block1-001542,538.7369764503092,1756.4221894135699,43,15.0,538.3703809930012,1756.0555939562619,0.36659545730799437,block1:s1,stock_fcfs,mixed,1785154333.1972106,1785154333.1975775,1785154333.7359571,1785154334.9536426,,,
block1-001543,67.81914993189275,11834.01606301777,281,152.5,67.29441194329411,11833.491325029172,0.5247379885986447,block1:zero_tool,stock_fcfs,mixed,1785154333.2877398,1785154333.2882648,1785154333.355566,1785154345.121763,,,
block1-001544,633.6645935662091,1562.4729886185378,38,170.0,633.1883519887924,1561.9967470411211,0.4762415774166584,block1:s2,stock_fcfs,mixed,1785154333.655387,1785154333.6558635,1785154334.289059,1785154335.2178674,,,
block1-001545,594.8440205538645,1755.5322325788438,42,12.5,593.8273669453338,1754.515578970313,1.0166536085307598,block1:s2,stock_fcfs,mixed,1785154333.9957216,1785154333.9967387,1785154334.5905738,1785154335.751262,,,
block1-001546,553.186129196547,1727.6592012494802,43,20.0,552.2057500202209,1726.6788220731542,0.9803791763260961,block1:s2,stock_fcfs,mixed,1785154334.11838,1785154334.1193604,1785154334.671574,1785154335.8460472,,,
block1-001547,56.431148084811866,19447.292737080716,464,20.0,55.660914978943765,19446.522503974847,0.7702331058681011,block1:zero_tool,stock_fcfs,mixed,1785154334.5397375,1785154334.5405078,1785154334.596177,1785154353.987039,,,
block1-001548,62.17665795702487,6501.329758903012,153,117.5,61.863893060944974,6501.016994006932,0.3127648960798979,block1:zero_tool,stock_fcfs,mixed,1785154335.1014245,1785154335.1017375,1785154335.1636095,1785154341.6027627,,,
block1-001549,61.222769669257104,10471.070410683751,245,107.5,60.28254807461053,10470.130189089105,0.9402215946465731,block1:zero_tool,stock_fcfs,mixed,1785154335.161859,1785154335.1627996,1785154335.2230911,1785154345.6329384,,,
block1-001550,59.892899240367115,12498.693666304462,292,12.5,59.434031951241195,12498.234799015336,0.45886728912591934,block1:zero_tool,stock_fcfs,mixed,1785154335.4104867,1785154335.4109461,1785154335.4703884,1785154347.9091895,,,
block1-001551,443.18417785689235,1546.9970108242705,34,10.0,442.10057402960956,1545.9134069969878,1.0836038272827864,block1:s2,stock_fcfs,mixed,1785154335.5373256,1785154335.5384097,1785154335.9805496,1785154337.0843625,,,
block1-001552,390.23704756982625,1848.652186570689,38,177.5,389.92617605254054,1848.3413150534034,0.3108715172857046,block1:s3,stock_fcfs,mixed,1785154335.9453483,1785154335.9456592,1785154336.335593,1785154337.7940083,,,
block1-001553,527.022002148442,1976.1016151169315,39,95.0,526.475494960323,1975.5551079288125,0.5465071881189942,block1:s3,stock_fcfs,mixed,1785154336.4351304,1785154336.4356773,1785154336.9621608,1785154338.411241,,,
block1-001554,777.1788715617731,2048.876126529649,41,545.0,777.0014440175146,2048.6986989853904,0.1774275442585349,block1:s3,stock_fcfs,mixed,1785154336.4382508,1785154336.4384286,1785154337.2154374,1785154338.4871345,,,
block1-001555,475.19347385969013,1897.6243247743696,39,17.5,474.47084600571543,1896.901696920395,0.7226278539747,block1:s3,stock_fcfs,mixed,1785154336.6088355,1785154336.6095586,1785154337.0840385,1785154338.5064695,,,
block1-001556,95.44763283338398,7056.560137774795,164,10.0,94.65211210772395,7055.764617049135,0.7955207256600261,block1:zero_tool,stock_fcfs,mixed,1785154336.6406462,1785154336.641442,1785154336.736102,1785154343.697215,,,
block1-001557,61.885624774731696,6983.994373702444,163,152.5,61.14030606113374,6983.249054988846,0.7453187135979533,block1:zero_tool,stock_fcfs,mixed,1785154336.9052022,1785154336.905948,1785154336.9670978,1785154343.8892064,,,
block1-001558,973.4167973510921,2088.361028349027,43,95.0,972.8454849682748,2087.7897159662098,0.5713123828172684,block1:s3,stock_fcfs,mixed,1785154336.9591565,1785154336.9597287,1785154337.9325857,1785154339.0475297,,,
block1-001559,543.7415937194601,2039.7725946968421,43,107.5,542.8604340413585,2038.8914350187406,0.8811596781015396,block1:s3,stock_fcfs,mixed,1785154337.0602083,1785154337.0610895,1785154337.6039593,1785154339.0999906,,,
block1-001560,860.4384739883244,2205.4961499525234,48,485.0,859.8780389875174,2204.9357149517164,0.5604350008070469,block1:s4,stock_fcfs,mixed,1785154337.3965924,1785154337.3971531,1785154338.2570398,1785154339.6020975,,,
block1-001561,85.1125706685707,6626.888058613986,156,70.0,84.85841809306294,6626.633906038478,0.25415257550776005,block1:zero_tool,stock_fcfs,mixed,1785154337.4152722,1785154337.4155266,1785154337.500393,1785154344.0421684,,,
block1-001562,862.3613790841773,2186.23148300685,48,15.0,861.9866910157725,2185.856794938445,0.37468806840479374,block1:s4,stock_fcfs,mixed,1785154337.586183,1785154337.5865579,1785154338.4485517,1785154339.7724218,,,
block1-001563,846.8047440983355,2188.2437331369147,48,287.5,846.2481899186969,2187.687178957276,0.5565541796386242,block1:s4,stock_fcfs,mixed,1785154337.6206286,1785154337.6211858,1785154338.4674428,1785154339.8088818,,,
block1-001564,784.2768159462139,2108.1139208981767,48,572.5,783.5945190163329,2107.4316239682958,0.6822969298809767,block1:s4,stock_fcfs,mixed,1785154337.8950667,1785154337.895749,1785154338.6793509,1785154340.0031877,,,
block1-001565,733.0939654493704,2060.28004642576,48,25.0,732.9182659741491,2060.1043469505385,0.1756994752213359,block1:s4,stock_fcfs,mixed,1785154338.101014,1785154338.1011899,1785154338.8341393,1785154340.1613255,,,
block1-001566,775.2554611070082,2026.4932221034542,48,572.5,774.8754220083356,2026.1131830047816,0.3800390986725688,block1:s4,stock_fcfs,mixed,1785154338.2866178,1785154338.286998,1785154339.0618806,1785154340.3131182,,,
block1-001567,744.6960062952712,2000.7730403449386,48,357.5,743.6284559080377,1999.7054899577051,1.0675503872334957,block1:s4,stock_fcfs,mixed,1785154338.818354,1785154338.8194215,1785154339.5630574,1785154340.8191345,,,
block1-001568,577.5334765203297,1747.6832165848464,43,25.0,576.3744809664786,1746.5242210309952,1.1589955538511276,block1:s1,stock_fcfs,mixed,1785154338.91071,1785154338.9118695,1785154339.4882507,1785154340.6584008,,,
block1-001569,80.04743151832372,2620.3790354775265,66,15.0,79.90366604644805,2620.235270005651,0.14376547187566757,block1:s1,stock_fcfs,mixed,1785154338.982176,1785154338.98232,1785154339.0622292,1785154341.6025608,,,
block1-001570,447.2202495671809,1607.106106588617,40,10.0,446.14894106052816,1606.0347980819643,1.0713085066527128,block1:s1,stock_fcfs,mixed,1785154339.7059488,1785154339.7070203,1785154340.1531763,1785154341.3130622,,,
block1-001571,523.8239553291351,1462.5443543773144,37,160.0,523.5851259203628,1462.3055249685422,0.23882940877228975,block1:s1,stock_fcfs,mixed,1785154339.7512145,1785154339.7514536,1785154340.2750452,1785154341.2137656,,,
block1-001572,66.07487436849624,4418.163761263713,107,100.0,65.40437904186547,4417.4932659370825,0.6704953266307712,block1:zero_tool,stock_fcfs,mixed,1785154340.0950427,1785154340.0957136,1785154340.1611536,1785154344.5132425,,,
block1-001573,67.31188704725355,2848.1342480517924,67,52.5,66.96114398073405,2847.783504985273,0.3507430665194988,block1:s1,stock_fcfs,mixed,1785154340.6954207,1785154340.6957717,1785154340.7627387,1785154343.543561,,,
block1-001574,547.3517666105181,1888.2642986718565,43,172.5,545.3157459851354,1886.2282780464739,2.036020625382662,block1:s1,stock_fcfs,mixed,1785154341.035887,1785154341.037923,1785154341.5832453,1785154342.9241579,,,
block1-001575,62.596868723630905,6489.252994651906,151,22.5,62.28929106146097,6488.945416989736,0.3075776621699333,block1:zero_tool,stock_fcfs,mixed,1785154341.1322844,1785154341.1325922,1785154341.1948879,1785154347.621544,,,
block1-001576,59.31487574707717,14177.47293075081,340,357.5,58.771153911948204,14176.92920891568,0.543721835128963,block1:zero_tool,stock_fcfs,mixed,1785154341.1955335,1785154341.1960773,1785154341.2548542,1785154355.373012,,,
block1-001577,477.11274144239724,1822.2393684554845,42,12.5,476.243759971112,1821.3703869841993,0.868981471285224,block1:s2,stock_fcfs,mixed,1785154341.2959833,1785154341.2968526,1785154341.7731037,1785154343.1182303,,,
block1-001578,65.31939853448421,7180.324076558463,165,60.0,64.48732304852456,7179.492001072504,0.8320754859596491,block1:zero_tool,stock_fcfs,mixed,1785154341.9011767,1785154341.902009,1785154341.9665034,1785154349.0815082,,,
block1-001579,52.84553533419967,17078.46211839933,410,282.5,52.60807694867253,17078.224660013802,0.23745838552713394,block1:zero_tool,stock_fcfs,mixed,1785154341.99347,1785154341.9937074,1785154342.0463214,1785154359.071938,,,
block1-001580,562.1147637721151,1642.7104627946392,35,280.0,561.128317960538,1641.724016983062,0.9864458115771413,block1:s2,stock_fcfs,mixed,1785154342.1693833,1785154342.17037,1785154342.7315042,1785154343.8120997,,,
block1-001581,596.7060384573415,1828.4553425619379,41,115.0,595.7435210002586,1827.492825104855,0.9625174570828676,block1:s2,stock_fcfs,mixed,1785154342.3654993,1785154342.366462,1785154342.9622114,1785154344.1939607,,,
block1-001582,726.8893298460171,1724.0123457740992,38,115.0,726.3163110474125,1723.4393269754946,0.5730187986046076,block1:s2,stock_fcfs,mixed,1785154342.5457077,1785154342.546281,1785154343.2726316,1785154344.2697546,,,
block1-001583,532.5759601546451,1532.8516440931708,34,50.0,530.8180500287563,1531.0937339672819,1.757910125888884,block1:s2,stock_fcfs,mixed,1785154342.623042,1785154342.6248007,1785154343.1556277,1785154344.1559038,,,
block1-001584,436.2537929555401,1435.3007619502023,32,412.5,435.3968700161204,1434.4438390107825,0.8569229394197464,block1:s3,stock_fcfs,mixed,1785154342.6822126,1785154342.6830697,1785154343.118476,1785154344.1175232,,,
block1-001585,103.37118792813271,5517.477175919339,128,95.0,103.05130097549409,5517.1572889667,0.3198869526386261,block1:zero_tool,stock_fcfs,mixed,1785154342.7743266,1785154342.7746465,1785154342.8777065,1785154348.2918122,,,
block1-001586,627.7009909972548,1622.5080660078675,38,15.0,627.5055039441213,1622.312578954734,0.1954870531335473,block1:s3,stock_fcfs,mixed,1785154342.7775185,1785154342.7777145,1785154343.4052267,1785154344.400034,,,
block1-001587,472.3477108636871,1813.7976018479094,41,25.0,471.9010259723291,1813.3509169565514,0.4466848913580179,block1:s3,stock_fcfs,mixed,1785154343.4169366,1785154343.4173837,1785154343.8892918,1785154345.230742,,,
block1-001588,697.013329481706,2098.738078493625,48,12.5,696.7503200285137,2098.4750690404326,0.26300945319235325,block1:s3,stock_fcfs,mixed,1785154343.5343294,1785154343.5345929,1785154344.231352,1785154345.6330767,,,
block1-001589,96.53996268752962,6298.424399690703,148,20.0,94.45671294815838,6296.341149951331,2.08324973937124,block1:zero_tool,stock_fcfs,mixed,1785154344.7336352,1785154344.7357187,1785154344.8301826,1785154351.032067,,,
block1-001590,80.618244712241,6902.824592660181,162,107.5,79.74104699678719,6901.947394944727,0.8771977154538035,block1:zero_tool,stock_fcfs,mixed,1785154344.7510383,1785154344.7519157,1785154344.8316634,1785154351.6538696,,,
block1-001591,578.1544923083857,2054.467109264806,43,10.0,577.529308036901,2053.8419249933213,0.6251842714846134,block1:s3,stock_fcfs,mixed,1785154344.9236524,1785154344.9242778,1785154345.5018127,1785154346.9781253,,,
block1-001592,848.1748208869249,2207.1367588359863,48,152.5,847.3883459810168,2206.350283930078,0.7864749059081078,block1:s4,stock_fcfs,mixed,1785154345.003658,1785154345.0044448,1785154345.8518403,1785154347.2108023,,,
block1-001593,873.3274100814015,2198.9592901663855,48,12.5,872.7410329738632,2198.372913058847,0.5863771075382829,block1:s4,stock_fcfs,mixed,1785154345.0506957,1785154345.0512824,1785154345.9240446,1785154347.2496762,,,
block1-001594,887.9293247591704,2165.1176327141,48,15.0,887.2430199990049,2164.4313279539347,0.6863047601655126,block1:s4,stock_fcfs,mixed,1785154345.456214,1785154345.4569006,1785154346.344151,1785154347.6213393,,,
block1-001595,866.4343137061223,2143.0913537042215,48,282.5,865.8361780690029,2142.493218067102,0.5981356371194124,block1:s4,stock_fcfs,mixed,1785154345.5550504,1785154345.5556488,1785154346.4214919,1785154347.698149,,,
block1-001596,94.90454266779125,6458.359616575763,155,15.0,94.23704410437495,6457.692118012346,0.6674985634163022,block1:zero_tool,stock_fcfs,mixed,1785154345.5716891,1785154345.572357,1785154345.666601,1785154352.0300562,,,
block1-001597,838.6369768995792,2095.880097942427,48,135.0,838.3528899867088,2095.5960110295564,0.2840869128704071,block1:s4,stock_fcfs,mixed,1785154345.678556,1785154345.6788404,1785154346.5172005,1785154347.7744436,,,
block1-001598,796.9003838952631,2059.8245839355513,48,105.0,796.688313013874,2059.6125130541623,0.21207088138908148,block1:s4,stock_fcfs,mixed,1785154345.7912788,1785154345.7914913,1785154346.5881884,1785154347.8511124,,,
block1-001599,805.7025445159525,2071.1526054656133,48,395.0,805.3781910566613,2070.828252006322,0.3243534592911601,block1:s4,stock_fcfs,mixed,1785154345.7998862,1785154345.8002107,1785154346.6055956,1785154347.8710458,,,
block1-001600,615.170601173304,1796.5319111244753,43,50.0,613.3570859674364,1794.7183959186077,1.8135152058675885,block1:s1,stock_fcfs,mixed,1785154345.901888,1785154345.9037018,1785154346.5170677,1785154347.698429,,,
block1-001601,140.12885675765574,3038.8135777320713,71,820.0,139.86005599144846,3038.544776965864,0.2688007662072778,block1:s1,stock_fcfs,mixed,1785154345.9091384,1785154345.9094074,1785154346.0492744,1785154348.9479592,,,
block1-001602,68.82696598768234,7575.710712000728,186,110.0,66.87054503709078,7573.754291050136,1.9564209505915642,block1:zero_tool,stock_fcfs,mixed,1785154346.1977065,1785154346.1996632,1785154346.2665417,1785154353.7734256,,,
block1-001603,542.9858304560184,1494.5877644931898,37,15.0,541.6412699269131,1493.2432039640844,1.3445605291053653,block1:s1,stock_fcfs,mixed,1785154346.452044,1785154346.4533887,1785154346.995038,1785154347.9466398,,,
block1-001604,56.36237841099501,4549.058695440181,111,145.0,56.20321398600936,4548.899531015195,0.1591644249856472,block1:zero_tool,stock_fcfs,mixed,1785154347.330204,1785154347.3303633,1785154347.3865743,1785154351.8792706,,,
block1-001605,89.86825810279697,2579.9024110892788,62,47.5,88.84171303361654,2578.8758660200983,1.026545069180429,block1:s1,stock_fcfs,mixed,1785154347.4862177,1785154347.4872446,1785154347.576118,1785154350.066152,,,
block1-001606,63.19564301520586,2755.7703719940037,67,187.5,62.989657977595925,2755.5643869563937,0.2059850376099348,block1:s1,stock_fcfs,mixed,1785154347.5190303,1785154347.5192366,1785154347.5822322,1785154350.274807,,,
block1-001607,72.33547605574131,2485.6741910334677,59,280.0,71.93918596021831,2485.2779009379447,0.39629009552299976,block1:s1,stock_fcfs,mixed,1785154348.1134136,1785154348.11381,1785154348.1857576,1785154350.5990963,,,
block1-001608,498.0285888304934,1718.623015913181,40,155.0,497.04238295089453,1717.6368100335822,0.986205879598856,block1:s2,stock_fcfs,mixed,1785154348.1710463,1785154348.1720328,1785154348.6690826,1785154349.889677,,,
block1-001609,65.00919570680708,3816.6749046649784,94,105.0,63.966395100578666,3815.63210405875,1.0428006062284112,block1:zero_tool,stock_fcfs,mixed,1785154348.3813202,1785154348.382363,1785154348.4463353,1785154352.1980011,,,
block1-001610,87.25253422744572,2600.1049142796546,64,155.0,86.25403302721679,2599.1064130794257,0.9985012002289295,block1:s2,stock_fcfs,mixed,1785154348.5635455,1785154348.5645442,1785154348.6508062,1785154351.1636589,,,
block1-001611,585.8354920055717,1775.898500927724,43,10.0,584.5742520177737,1774.637260939926,1.2612399877980351,block1:s2,stock_fcfs,mixed,1785154348.7630074,1785154348.764269,1785154349.348851,1785154350.538914,,,
block1-001612,495.18752202857286,1421.219510026276,35,10.0,494.5855539990589,1420.6175419967622,0.6019680295139551,block1:s2,stock_fcfs,mixed,1785154348.796957,1785154348.7975593,1785154349.2921524,1785154350.2181842,,,
block1-001613,760.5818406445906,2007.4938907055184,49,17.5,760.3360479697585,2007.2480980306864,0.24579267483204603,block1:s2,stock_fcfs,mixed,1785154349.5516007,1785154349.5518467,1785154350.312192,1785154351.5591042,,,
block1-001614,63.14316438511014,6280.464040348306,154,187.5,61.394874937832355,6278.7157509010285,1.7482894472777843,block1:zero_tool,stock_fcfs,mixed,1785154349.868147,1785154349.8698955,1785154349.931298,1785154356.148619,,,
block1-001615,327.72687054239213,1532.7536745462567,37,15.0,326.7768699442968,1531.8036739481613,0.9500005980953574,block1:s2,stock_fcfs,mixed,1785154350.2891386,1785154350.290089,1785154350.6168733,1785154351.8219001,,,
block1-001616,67.82890483736992,6583.290437818505,161,115.0,66.62003602832556,6582.0815690094605,1.2088688090443611,block1:zero_tool,stock_fcfs,mixed,1785154350.5313573,1785154350.5325665,1785154350.5991929,1785154357.1146545,,,
block1-001617,463.73782120645046,1400.9919991949573,33,12.5,461.9247729424387,1399.1789509309456,1.8130482640117407,block1:s3,stock_fcfs,mixed,1785154351.18974,1785154351.1915534,1785154351.6534853,1785154352.5907395,,,
block1-001618,612.149310298264,1664.1607373021543,41,10.0,610.858656000346,1662.8700830042362,1.2906542979180813,block1:s3,stock_fcfs,mixed,1785154351.2669597,1785154351.2682507,1785154351.8791165,1785154352.931128,,,
block1-001619,684.6586307510734,2040.5470707919449,48,282.5,683.5662499070168,2039.4546899478883,1.0923808440566063,block1:s3,stock_fcfs,mixed,1785154352.2649891,1785154352.266082,1785154352.949667,1785154354.3055553,,,
block1-001620,57.581135421060026,5535.579699440859,135,70.0,56.88652105163783,5534.885085071437,0.6946143694221973,block1:zero_tool,stock_fcfs,mixed,1785154352.59228,1785154352.592975,1785154352.6498685,1785154358.1278672,,,
block1-001621,641.2439179839566,1848.8070430466905,43,20.0,640.8625869080424,1848.4257119707763,0.3813310759142041,block1:s3,stock_fcfs,mixed,1785154353.1873667,1785154353.1877484,1785154353.8286185,1785154355.0361814,,,
block1-001622,878.18420806434,1851.697504054755,43,282.5,877.9165049782023,1851.4298009686172,0.2677030861377716,block1:s3,stock_fcfs,mixed,1785154353.4275615,1785154353.4278297,1785154354.3057542,1785154355.2792673,,,
block1-001623,555.2450498798862,1816.2375098327175,43,15.0,554.4975639786571,1815.4900239314884,0.7474859012290835,block1:s3,stock_fcfs,mixed,1785154353.6125782,1785154353.613326,1785154354.1678312,1785154355.4288237,,,
block1-001624,68.5070730978623,7956.0978431254625,195,172.5,68.14153993036598,7955.732309957966,0.3655331674963236,block1:zero_tool,stock_fcfs,mixed,1785154353.9186325,1785154353.9189982,1785154353.987148,1785154361.8747387,,,
block1-001625,722.3453477490693,1960.4445807635784,48,17.5,721.2215419858694,1959.3207750003785,1.1238057631999254,block1:s4,stock_fcfs,mixed,1785154353.9371543,1785154353.9382784,1785154354.6595073,1785154355.8976064,,,
block1-001626,66.37971696909517,6709.97453504242,165,307.5,64.82490198686719,6708.419720060192,1.554814982227981,block1:zero_tool,stock_fcfs,mixed,1785154354.1079438,1785154354.1094992,1785154354.1743317,1785154360.8179266,,,
block1-001627,713.5812687920406,2069.4301998009905,48,100.0,713.1842310773209,2069.0331620862707,0.39703771471977234,block1:s4,stock_fcfs,mixed,1785154354.5280352,1785154354.5284326,1785154355.2416234,1785154356.597472,,,
block1-001628,682.7410134719685,2050.3089524572715,48,60.0,682.1607350138947,2049.728673999198,0.5802784580737352,block1:s4,stock_fcfs,mixed,1785154355.0269496,1785154355.0275302,1785154355.7096972,1785154357.0772655,,,
block1-001629,802.135867299512,2065.889757242985,48,550.0,801.3196870451793,2065.0735769886523,0.8161802543327212,block1:s4,stock_fcfs,mixed,1785154355.9443045,1785154355.9451208,1785154356.7464468,1785154358.0102007,,,
block1-001630,779.8732499359176,2045.5924429697916,48,10.0,778.6456510657445,2044.3648440996185,1.2275988701730967,block1:s4,stock_fcfs,mixed,1785154356.0040932,1785154356.0053215,1785154356.7839735,1785154358.0496926,,,
block1-001631,751.180489663966,2057.4912937590852,49,60.0,750.414743903093,2056.7255479982123,0.7657457608729601,block1:s4,stock_fcfs,mixed,1785154356.070171,1785154356.0709372,1785154356.8213584,1785154358.1276693,,,
block1-001632,584.2741946689785,1769.5919426623732,43,115.0,583.0161690246314,1768.333917018026,1.2580256443470716,block1:s1,stock_fcfs,mixed,1785154356.1434836,1785154356.1447418,1785154356.7277665,1785154357.9130845,,,
block1-001633,517.2327074687928,1476.9286134978756,37,17.5,516.560073941946,1476.2559799710289,0.6726335268467665,block1:s1,stock_fcfs,mixed,1785154356.360139,1785154356.3608117,1785154356.8773787,1785154357.837075,,,
block1-001634,64.06647467520088,5430.66260276828,134,95.0,63.564845942892134,5430.160974035971,0.5016287323087454,block1:zero_tool,stock_fcfs,mixed,1785154356.5332277,1785154356.5337296,1785154356.5973015,1785154361.9638977,,,
block1-001635,632.4852705001831,1825.9084995370358,45,357.5,632.2533579077572,1825.6765869446099,0.23191259242594242,block1:s1,stock_fcfs,mixed,1785154356.8449745,1785154356.8452065,1785154357.4774907,1785154358.6709137,,,
block1-001636,510.7598410686478,1576.5812679892406,39,15.0,510.6232149992138,1576.4446419198066,0.13662606943398714,block1:s1,stock_fcfs,mixed,1785154357.151676,1785154357.1518128,1785154357.6624424,1785154358.7282636,,,
block1-001637,68.2196841808036,2589.9818962207064,62,60.0,67.87573092151433,2589.637942961417,0.3439532592892647,block1:s1,stock_fcfs,mixed,1785154357.2868545,1785154357.2871988,1785154357.3550801,1785154359.8768423,,,
block1-001638,546.909679309465,1760.517923394218,43,170.0,545.8914160262793,1759.4996601110324,1.0182632831856608,block1:s1,stock_fcfs,mixed,1785154357.348429,1785154357.3494475,1785154357.895346,1785154359.1089544,,,
block1-001639,418.28627057839185,1331.1215395806357,33,10.0,418.0190949700773,1330.8543639723212,0.26717560831457376,block1:s1,stock_fcfs,mixed,1785154357.4772608,1785154357.477528,1785154357.8955567,1785154358.808392,,,
block1-001640,61.74433638807386,5898.9992084680125,145,105.0,61.52215495239943,5898.777027032338,0.22218143567442894,block1:zero_tool,stock_fcfs,mixed,1785154357.7187705,1785154357.718993,1785154357.780523,1785154363.6177778,,,
block1-001641,69.14280343335122,6470.424906350672,158,110.0,68.68502707220614,6469.967129989527,0.45777636114507914,block1:zero_tool,stock_fcfs,mixed,1785154358.0382352,1785154358.0386932,1785154358.1073859,1785154364.5086677,,,
block1-001642,518.4159262571484,1555.761148338206,36,152.5,517.6897390047088,1555.0349610857666,0.7261872524395585,block1:s2,stock_fcfs,mixed,1785154358.1343455,1785154358.1350718,1785154358.652768,1785154359.6901133,,,
block1-001643,66.63230690173805,16554.622160852887,407,10.0,65.2008110191673,16553.190664970316,1.4314958825707436,block1:zero_tool,stock_fcfs,mixed,1785154358.285613,1785154358.2870445,1785154358.3522527,1785154374.8402424,,,
block1-001644,63.4853265946731,6418.675808585249,156,15.0,63.097297912463546,6418.287779903039,0.38802868220955133,block1:zero_tool,stock_fcfs,mixed,1785154358.707553,1785154358.707941,1785154358.7710452,1785154365.1262355,,,
block1-001645,879.4622832210734,2009.0875272871926,49,70.0,878.4782049478963,2008.1034490140155,0.9840782731771469,block1:s2,stock_fcfs,mixed,1785154358.8838027,1785154358.8847868,1785154359.763273,1785154360.8928983,,,
block1-001646,561.4075503544882,1503.684670315124,36,100.0,560.9206811059266,1503.1978010665625,0.4868692485615611,block1:s2,stock_fcfs,mixed,1785154358.921226,1785154358.921713,1785154359.482641,1785154360.4249182,,,
block1-001647,351.23454849235713,1520.1256275177002,37,60.0,350.83992197178304,1519.731000997126,0.39462652057409286,block1:s2,stock_fcfs,mixed,1785154359.2056184,1785154359.2060134,1785154359.5568602,1785154360.7257514,,,
block1-001648,715.3480314882472,1956.0865773819387,48,350.0,714.6994060603902,1955.4379519540817,0.6486254278570414,block1:s3,stock_fcfs,mixed,1785154359.3682547,1785154359.3689036,1785154360.08361,1785154361.3243487,,,
block1-001649,414.3180490937084,1579.8992500640452,39,10.0,413.91349001787603,1579.4946909882128,0.40455907583236694,block1:s3,stock_fcfs,mixed,1785154359.612202,1785154359.6126068,1785154360.0265272,1785154361.1921084,,,
block1-001650,66.727239289321,6999.906073207967,173,15.0,65.04618108738214,6998.225015006028,1.6810582019388676,block1:zero_tool,stock_fcfs,mixed,1785154360.5838892,1785154360.5855703,1785154360.6506236,1785154367.5838025,,,
block1-001651,414.30963471066207,1689.6719727665186,41,20.0,413.96439098753035,1689.3267290433869,0.34524372313171625,block1:s3,stock_fcfs,mixed,1785154360.9465067,1785154360.9468522,1785154361.3608243,1785154362.6361866,,,
block1-001652,61.93131941836327,6362.59012541268,157,550.0,60.0161999464035,6360.67500594072,1.9151194719597697,block1:zero_tool,stock_fcfs,mixed,1785154361.4700122,1785154361.471928,1785154361.5319529,1785154367.8326118,,,
block1-001653,711.9444196578115,1993.6393556417897,48,320.0,711.6013580234721,1993.2962940074503,0.3430616343393922,block1:s3,stock_fcfs,mixed,1785154361.5126848,1785154361.5130281,1785154362.2246366,1785154363.5063317,,,
block1-001654,684.7887613112107,2010.0316973403096,48,170.0,682.8927840106189,2008.1357200397179,1.8959773005917668,block1:s3,stock_fcfs,mixed,1785154361.8388622,1785154361.8407583,1785154362.5236576,1785154363.8489003,,,
block1-001655,495.4688858706504,1859.8442178918049,43,52.5,495.2561220852658,1859.6314541064203,0.2127637853845954,block1:s3,stock_fcfs,mixed,1785154362.6313655,1785154362.6315787,1785154363.1268427,1785154364.4912179,,,
block1-001656,64.18796116486192,6174.031449132599,153,145.0,63.354098005220294,6173.197585972957,0.8338631596416235,block1:zero_tool,stock_fcfs,mixed,1785154362.872956,1785154362.87379,1785154362.9371502,1785154369.0469937,,,
block1-001657,726.5917131444439,2080.0254262285307,48,10.0,726.2983149848878,2079.7320280689746,0.29339815955609083,block1:s4,stock_fcfs,mixed,1785154363.102003,1785154363.1022968,1785154363.8286283,1785154365.182062,,,
block1-001658,766.6236778022721,2053.972222842276,48,297.5,766.0326389595866,2053.3811839995906,0.5910388426855206,block1:s4,stock_fcfs,mixed,1785154363.4541674,1785154363.4547586,1785154364.220798,1785154365.5081465,,,
block1-001659,100.67370592150837,6236.350710853003,154,115.0,99.7941930545494,6235.471197986044,0.8795128669589758,block1:zero_tool,stock_fcfs,mixed,1785154363.4970007,1785154363.4978805,1785154363.5977035,1785154369.7333806,,,
block1-001660,51.655958290211856,6127.154463320039,152,105.0,51.14735197275877,6126.645857002586,0.5086063174530864,block1:zero_tool,stock_fcfs,mixed,1785154363.7205265,1785154363.7210352,1785154363.7721887,1785154369.8476872,,,
block1-001661,757.0897187106311,2027.0329588092864,48,187.5,755.128517979756,2025.0717580784112,1.9612007308751345,block1:s4,stock_fcfs,mixed,1785154363.8779147,1785154363.8798761,1785154364.635012,1785154365.9049551,,,
block1-001662,75.02055144868791,6676.1402384145185,167,187.5,74.13313805591315,6675.252825021744,0.8874133927747607,block1:zero_tool,stock_fcfs,mixed,1785154363.9457133,1785154363.946601,1785154364.0207412,1785154370.6218605,,,
block1-001663,100.07883864454925,5951.332567608915,148,15.0,99.42332503851503,5950.677054002881,0.6555136060342193,block1:zero_tool,stock_fcfs,mixed,1785154364.0107982,1785154364.0114546,1785154364.110887,1785154369.9621406,,,
block1-001664,539.2727967118844,1755.201753694564,43,17.5,538.5183240287006,1754.4472810113803,0.7544726831838489,block1:s1,stock_fcfs,mixed,1785154364.0449872,1785154364.045742,1785154364.5842705,1785154365.8001995,,,
block1-001665,62.260259641334414,6289.724858594127,158,140.0,61.56644399743527,6289.031042950228,0.6938156438991427,block1:zero_tool,stock_fcfs,mixed,1785154364.352051,1785154364.3527453,1785154364.4143195,1785154370.641784,,,
block1-001666,642.7626769291237,1807.6552719576284,44,117.5,642.0292539987713,1806.921849027276,0.7334229303523898,block1:s1,stock_fcfs,mixed,1785154364.5594606,1785154364.5601943,1785154365.2022307,1785154366.3671234,,,
block1-001667,614.9273361079395,1663.5699580656365,42,110.0,614.2153450055048,1662.8579669632018,0.7119911024346948,block1:s1,stock_fcfs,mixed,1785154364.8933342,1785154364.8940465,1785154365.5082698,1785154366.5569127,,,
block1-001668,375.07389404345304,1539.8789200698957,39,110.0,374.12743689492345,1538.932462921366,0.9464571485295892,block1:s1,stock_fcfs,mixed,1785154365.0346177,1785154365.0355642,1785154365.4096987,1785154366.5745037,,,
block1-001669,82.62278197798878,2583.23103596922,65,15.0,81.70966000761837,2582.3179139988497,0.9131219703704119,block1:s1,stock_fcfs,mixed,1785154365.6623695,1785154365.6632826,1785154365.744999,1785154368.245607,,,
block1-001670,57.98330751713365,15670.220569474623,381,282.5,56.994111044332385,15669.231373001821,0.9891964728012681,block1:zero_tool,stock_fcfs,mixed,1785154365.8044517,1785154365.8054414,1785154365.8624427,1785154381.47468,,,
block1-001671,54.35405089519918,6207.78663281817,154,15.0,53.95251198206097,6207.385093905032,0.4015389131382108,block1:zero_tool,stock_fcfs,mixed,1785154365.8508003,1785154365.851202,1785154365.9051607,1785154372.0585933,,,
block1-001672,403.2319837715477,1581.3815807923675,40,47.5,402.62964298017323,1580.779240000993,0.602340791374445,block1:s2,stock_fcfs,mixed,1785154366.1709423,1785154366.1715448,1785154366.5741816,1785154367.7523313,,,
block1-001673,60.183759313076735,5890.723217395134,145,25.0,59.63604093994945,5890.175499022007,0.5477183731272817,block1:zero_tool,stock_fcfs,mixed,1785154367.0892742,1785154367.0898223,1785154367.1494958,1785154372.9800353,,,
block1-001674,506.3103212742135,1438.6600703001022,36,152.5,505.3244950249791,1437.6742440508679,0.9858262492343783,block1:s2,stock_fcfs,mixed,1785154367.2283216,1785154367.2293077,1785154367.7346387,1785154368.6669886,,,
block1-001675,61.48270808625966,18199.276547995396,439,60.0,60.19075005315244,18197.98458996229,1.2919580331072211,block1:zero_tool,stock_fcfs,mixed,1785154367.7319665,1785154367.7332587,1785154367.793456,1785154385.93125,,,
block1-001676,67.16136622708291,8100.939153227955,198,100.0,65.54722995497286,8099.325016955845,1.614136272110045,block1:zero_tool,stock_fcfs,mixed,1785154367.826077,1785154367.8276916,1785154367.8932443,1785154375.927022,,,
block1-001677,571.1878151632845,1829.0161801269278,44,17.5,571.031044004485,1828.8594089681283,0.15677115879952908,block1:s2,stock_fcfs,mixed,1785154368.057167,1785154368.0573242,1785154368.6283624,1785154369.886191,,,
block1-001678,68.62842000555247,6403.271951014176,154,47.5,67.94596102554351,6402.589492034167,0.6824589800089598,block1:zero_tool,stock_fcfs,mixed,1785154368.062385,1785154368.0630677,1785154368.1310205,1785154374.465664,,,
block1-001679,433.2450272049755,1423.9109421614558,34,117.5,432.2820940287784,1422.9480089852586,0.9629331761971116,block1:s2,stock_fcfs,mixed,1785154368.6899362,1785154368.6908994,1785154369.1231885,1785154370.1138542,,,
block1-001680,429.41381642594934,1334.1713364934549,32,95.0,428.8979859557003,1333.6555060232058,0.5158304702490568,block1:s3,stock_fcfs,mixed,1785154369.494183,1785154369.4946992,1785154369.923605,1785154370.8283625,,,
block1-001681,427.7169839479029,1328.7670878926292,33,140.0,425.7102879928425,1326.7603919375688,2.0066959550604224,block1:s3,stock_fcfs,mixed,1785154369.648237,1785154369.6502442,1785154370.0759642,1785154370.9770143,,,
block1-001682,721.6805987991393,2074.76852578111,48,60.0,721.509833005257,2074.5977599872276,0.1707657938823104,block1:s3,stock_fcfs,mixed,1785154371.0174096,1785154371.0175807,1785154371.7390978,1785154373.0921855,,,
block1-001683,793.1130966171622,2161.165277590044,48,15.0,792.4968129955232,2160.548993968405,0.6162836216390133,block1:s3,stock_fcfs,mixed,1785154371.6017156,1785154371.602332,1785154372.3948362,1785154373.7628884,,,
block1-001684,560.107802040875,1752.5501480558887,41,12.5,559.8193859914318,1752.2617320064455,0.28841604944318533,block1:s3,stock_fcfs,mixed,1785154371.740986,1785154371.7412746,1785154372.301101,1785154373.4935431,,,
block1-001685,715.2903879759833,2080.4715200793,48,297.5,715.0135769043118,2080.1947090076283,0.2768110716715455,block1:s3,stock_fcfs,mixed,1785154371.8138447,1785154371.814122,1785154372.5291436,1785154373.8943248,,,
block1-001686,859.5729252556339,1890.155284316279,43,172.5,858.4627209929749,1889.04508005362,1.1102042626589537,block1:s3,stock_fcfs,mixed,1785154371.8348837,1785154371.835994,1785154372.6944635,1785154373.7250457,,,
block1-001687,681.0552825918421,2093.6673015821725,48,145.0,680.5460730101913,2093.1580920005217,0.5092095816507936,block1:s3,stock_fcfs,mixed,1785154372.4875047,1785154372.488014,1785154373.1685677,1785154374.5811794,,,
block1-001688,53.17322607152164,6276.480641099624,154,152.5,52.25919804070145,6275.566613068804,0.9140280308201909,block1:zero_tool,stock_fcfs,mixed,1785154372.9080787,1785154372.9089928,1785154372.961258,1785154379.1845655,,,
block1-001689,66.99770328123122,7007.912787259556,169,545.0,65.16174110583961,7006.076825084165,1.8359621753916144,block1:zero_tool,stock_fcfs,mixed,1785154373.1613061,1785154373.1631422,1785154373.2283113,1785154380.1692262,,,
block1-001690,54.23646804410964,5323.850290034898,130,60.0,53.5934540675953,5323.207276058383,0.6430139765143394,block1:zero_tool,stock_fcfs,mixed,1785154373.271258,1785154373.2719014,1785154373.3255022,1785154378.5951164,,,
block1-001691,60.543120140209794,7798.067994182929,184,287.5,59.553390950895846,7797.078264993615,0.9897291893139482,block1:zero_tool,stock_fcfs,mixed,1785154373.441859,1785154373.442849,1785154373.5024414,1785154381.2399664,,,
block1-001692,808.0484516685829,2065.408749738708,48,12.5,807.2366790147498,2064.596977084875,0.8117726538330317,block1:s4,stock_fcfs,mixed,1785154373.4615543,1785154373.462366,1785154374.2696106,1785154375.5269713,,,
block1-001693,802.1987539250404,2050.9050328982994,48,395.0,801.773869083263,2050.480148056522,0.4248848417773843,block1:s4,stock_fcfs,mixed,1785154373.4954474,1785154373.4958725,1785154374.2976537,1785154375.54636,,,
block1-001694,782.4029754847288,2048.682580469176,48,15.0,782.0763009367511,2048.3559059211984,0.32667454797774553,block1:s4,stock_fcfs,mixed,1785154373.5525486,1785154373.5528755,1785154374.3349576,1785154375.601237,,,
block1-001695,741.4821474812925,1997.7824204834178,48,15.0,740.8233319874853,1997.1236049896106,0.6588154938071966,block1:s4,stock_fcfs,mixed,1785154373.8979027,1785154373.8985617,1785154374.6393926,1785154375.8956928,,,
block1-001696,569.8346932185814,1732.6715082162991,43,15.0,568.0430169450119,1730.8798319427297,1.7916762735694647,block1:s1,stock_fcfs,mixed,1785154374.2122574,1785154374.2140493,1785154374.782101,1785154375.9449377,,,
block1-001697,100.45521298889071,7491.184949991293,178,15.0,99.8138339491561,7490.543570951559,0.641379039734602,block1:zero_tool,stock_fcfs,mixed,1785154374.3653164,1785154374.3659582,1785154374.465781,1785154381.8565109,,,
block1-001698,561.5893421927467,1722.5752532249317,44,282.5,560.1465959334746,1721.1325069656596,1.4427462592720985,block1:s1,stock_fcfs,mixed,1785154374.4103322,1785154374.4117754,1785154374.971928,1785154376.1329136,,,
block1-001699,78.50444910582155,2909.271026030183,72,572.5,77.401667018421,2908.1682439427823,1.1027820874005556,block1:s1,stock_fcfs,mixed,1785154374.6276135,1785154374.6287165,1785154374.7061386,1785154377.5369055,,,
block1-001700,382.4535657186061,1526.7084196675569,39,152.5,381.80165900848806,1526.0565129574388,0.6519067101180553,block1:s1,stock_fcfs,mixed,1785154375.3060088,1785154375.3066611,1785154375.6884696,1785154376.8327246,,,
block1-001701,75.63013629987836,2400.2072302391753,59,20.0,75.17136400565505,2399.748457944952,0.45877229422330856,block1:s1,stock_fcfs,mixed,1785154375.5376987,1785154375.5381575,1785154375.6133626,1785154377.9379392,,,
block1-001702,363.89056488405913,1570.5221098614857,39,60.0,363.29965793993324,1569.9312029173598,0.5909069441258907,block1:s1,stock_fcfs,mixed,1785154375.8440812,1785154375.8446722,1785154376.2079792,1785154377.4146106,,,
block1-001703,64.57721279002726,5641.592192812823,130,17.5,63.58162593096495,5640.59660595376,0.995586859062314,block1:zero_tool,stock_fcfs,mixed,1785154376.959434,1785154376.96043,1785154377.0240192,1785154382.601034,,,
block1-001704,573.6530108842999,1783.7046538479626,41,75.0,573.4770570416003,1783.528700005263,0.17595384269952774,block1:s2,stock_fcfs,mixed,1785154377.268633,1785154377.2688093,1785154377.8422942,1785154379.0523462,,,
block1-001705,579.5060180826113,1562.665383098647,36,187.5,578.4637279575691,1561.6230929736048,1.0422901250422,block1:s2,stock_fcfs,mixed,1785154377.3003378,1785154377.3013804,1785154377.8798537,1785154378.863013,,,
block1-001706,608.4481447469443,1590.66268382594,37,140.0,607.5858609983698,1589.8004000773653,0.8622837485745549,block1:s2,stock_fcfs,mixed,1785154377.329221,1785154377.3300836,1785154377.9376776,1785154378.919892,,,
block1-001707,568.7214852077886,1778.1977602280676,43,17.5,567.7366779418662,1777.2129529621452,0.9848072659224272,block1:s2,stock_fcfs,mixed,1785154377.386747,1785154377.387732,1785154377.9554775,1785154379.1649537,,,
block1-001708,66.50872458703816,15970.59153567534,379,10.0,65.4183499282226,15969.501161016524,1.0903746588155627,block1:zero_tool,stock_fcfs,mixed,1785154377.7759452,1785154377.7770357,1785154377.842462,1785154393.746545,,,
block1-001709,99.83866394031793,14283.03159296047,337,15.0,98.55944896116853,14281.75237798132,1.2792149791494012,block1:zero_tool,stock_fcfs,mixed,1785154378.4717894,1785154378.4730687,1785154378.5716362,1785154392.7548292,,,
block1-001710,609.9509039195254,1669.4274188484997,38,60.0,607.8927310882136,1667.3692460171878,2.058172831311822,block1:s2,stock_fcfs,mixed,1785154378.5172963,1785154378.519355,1785154379.1272552,1785154380.1867318,,,
block1-001711,60.86113641504198,6207.264220458455,145,110.0,60.68547791801393,6207.088561961427,0.1756584970280528,block1:zero_tool,stock_fcfs,mixed,1785154378.6918323,1785154378.6920083,1785154378.7526999,1785154384.899103,,,
block1-001712,381.8731317296624,1441.3357566809282,32,217.5,381.1743820551783,1440.637007006444,0.6987496744841337,block1:s3,stock_fcfs,mixed,1785154378.7076943,1785154378.708393,1785154379.0895917,1785154380.1490545,,,
block1-001713,504.29478101432323,1629.0662559913471,33,20.0,503.9783619577065,1628.7498369347304,0.31641905661672354,block1:s3,stock_fcfs,mixed,1785154379.2260308,1785154379.2263472,1785154379.7303326,1785154380.8551042,,,
block1-001714,783.845234895125,2242.6591869443655,48,485.0,782.8073289711028,2241.6212810203433,1.0379059240221977,block1:s3,stock_fcfs,mixed,1785154379.2701817,1785154379.2712197,1785154380.0540612,1785154381.512875,,,
block1-001715,58.66478953976184,5593.411206500605,131,297.5,58.29646694473922,5593.042883905582,0.36832259502261877,block1:zero_tool,stock_fcfs,mixed,1785154379.540801,1785154379.5411694,1785154379.599473,1785154385.1342192,,,
block1-001716,538.8010775204748,1920.3060525469482,41,395.0,537.8420980414376,1919.347073067911,0.9589794790372252,block1:s3,stock_fcfs,mixed,1785154379.5919638,1785154379.5929232,1785154380.1307712,1785154381.5122762,,,
block1-001717,768.5665299650282,2169.8676119558513,46,60.0,768.1501030456275,2169.4511850364506,0.416426919400692,block1:s3,stock_fcfs,mixed,1785154379.8166895,1785154379.8171062,1785154380.585264,1785154381.986565,,,
block1-001718,1009.9215044174343,2008.953801356256,43,172.5,1008.8606210192665,2007.8929179580882,1.060883398167789,block1:s3,stock_fcfs,mixed,1785154380.3481703,1785154380.3492312,1785154381.3580997,1785154382.357132,,,
block1-001719,669.4412739016116,2018.6357079073787,43,280.0,668.4815689222887,2017.6760029280558,0.9597049793228507,block1:s3,stock_fcfs,mixed,1785154380.35698,1785154380.35794,1785154381.0264282,1785154382.3756225,,,
block1-001720,67.6509189652279,8186.699955025688,193,15.0,65.73556899093091,8184.784605051391,1.915349974296987,block1:zero_tool,stock_fcfs,mixed,1785154380.5975091,1785154380.5994248,1785154380.665167,1785154388.7842162,,,
block1-001721,824.4550307281315,2138.205153751187,48,550.0,824.3373869918287,2138.087510014884,0.11764373630285263,block1:s4,stock_fcfs,mixed,1785154380.6498184,1785154380.649937,1785154381.4742804,1785154382.7880304,,,
block1-001722,822.1892729634419,2135.8114660251886,48,115.0,821.1154598975554,2134.737652959302,1.0738130658864975,block1:s4,stock_fcfs,mixed,1785154380.6519818,1785154380.6530557,1785154381.4741771,1785154382.7877994,,,
block1-001723,790.036502876319,2102.0902128657326,48,145.0,789.2461960436776,2101.2999060330912,0.7903068326413631,block1:s4,stock_fcfs,mixed,1785154380.7229388,1785154380.7237294,1785154381.5129848,1785154382.8250387,,,
block1-001724,777.4035820038989,2016.3044090149924,48,485.0,776.5215329127386,2015.4223599238321,0.8820490911602974,block1:s4,stock_fcfs,mixed,1785154381.096239,1785154381.0971212,1785154381.873652,1785154383.1125526,,,
block1-001725,66.54920778237283,7417.777459719218,177,105.0,65.6241390388459,7416.852390975691,0.9250687435269356,block1:zero_tool,stock_fcfs,mixed,1785154381.2707453,1785154381.2716706,1785154381.337303,1785154388.6885314,,,
block1-001726,731.9373911013827,2023.5501261195168,49,60.0,731.1683390289545,2022.7810740470886,0.7690520724281669,block1:s4,stock_fcfs,mixed,1785154381.5283747,1785154381.5291438,1785154382.26032,1785154383.5519326,,,
block1-001727,712.1410192921758,1965.1671652682126,48,140.0,711.1369130434468,1964.1630590194836,1.004106248728931,block1:s4,stock_fcfs,mixed,1785154381.5679166,1785154381.5689209,1785154382.2800875,1785154383.533114,,,
block1-001728,69.32468665763736,4849.725301610306,117,152.5,68.55041906237602,4848.951034015045,0.7742675952613354,block1:zero_tool,stock_fcfs,mixed,1785154381.9230552,1785154381.9238296,1785154381.9923859,1785154386.7727864,,,
block1-001729,80.98224538844079,2888.318434357643,69,395.0,80.6206640554592,2887.9568530246615,0.36158133298158646,block1:s1,stock_fcfs,mixed,1785154382.5324094,1785154382.532771,1785154382.6133986,1785154385.4207344,,,
block1-001730,54.46655268315226,13450.081229675561,321,60.0,54.29088103119284,13449.905558023602,0.17567165195941925,block1:zero_tool,stock_fcfs,mixed,1785154382.7338116,1785154382.7339876,1785154382.7882853,1785154396.1839,,,
block1-001731,53.943011444061995,7998.894900432788,190,70.0,53.193034953437746,7998.144923942164,0.749976490624249,block1:zero_tool,stock_fcfs,mixed,1785154382.9067411,1785154382.9074914,1785154382.9606903,1785154390.9056423,,,
block1-001732,494.40773914102465,1785.269177169539,42,172.5,493.88492899015546,1784.7463670186698,0.5228101508691907,block1:s1,stock_fcfs,mixed,1785154383.15218,1785154383.152703,1785154383.6465936,1785154384.937455,,,
block1-001733,70.65388571936637,2687.9899207269773,63,10.0,68.7764179892838,2686.1124529968947,1.8774677300825715,block1:s1,stock_fcfs,mixed,1785154383.3015428,1785154383.3034203,1785154383.372203,1785154385.9895391,,,
block1-001734,79.09601216670126,2843.7204982619733,67,170.0,78.90225993469357,2843.5267460299656,0.19375223200768232,block1:s1,stock_fcfs,mixed,1785154383.4162774,1785154383.4164715,1785154383.4953802,1785154386.2600045,,,
block1-001735,78.39689322281629,2907.6184522127733,68,117.5,77.5529450038448,2906.7745039938018,0.8439482189714909,block1:s1,stock_fcfs,mixed,1785154383.7524238,1785154383.753268,1785154383.830828,1785154386.6600497,,,
block1-001736,65.35403605084866,20262.28644605726,491,280.0,64.75704303011298,20261.689453036524,0.5969930207356811,block1:zero_tool,stock_fcfs,mixed,1785154384.015716,1785154384.0163133,1785154384.0810788,1785154404.278011,,,
block1-001737,511.58520858734846,1793.9649876207113,40,217.5,510.9288770472631,1793.308656080626,0.6563315400853753,block1:s2,stock_fcfs,mixed,1785154384.1179886,1785154384.1186452,1785154384.6295807,1785154385.9119606,,,
block1-001738,89.89155676681548,7343.449491774663,173,10.0,89.6788010140881,7343.236736021936,0.21275575272738934,block1:zero_tool,stock_fcfs,mixed,1785154384.2455146,1785154384.2457275,1785154384.3354125,1785154391.5889704,,,
block1-001739,544.103518477641,1826.8885054858401,43,47.5,542.9508399683982,1825.7358269765973,1.1526785092428327,block1:s2,stock_fcfs,mixed,1785154384.2787092,1785154384.2798622,1785154384.82282,1785154386.105605,,,
block1-001740,538.8036780059338,1512.8804870182648,35,92.5,538.163498044014,1512.240307056345,0.6401799619197845,block1:s2,stock_fcfs,mixed,1785154384.8233397,1785154384.82398,1785154385.3621504,1785154386.3362274,,,
block1-001741,889.8319635773078,2156.7885995609686,49,172.5,888.9077210333198,2155.8643570169806,0.9242425439879298,block1:s2,stock_fcfs,mixed,1785154384.8237522,1785154384.8246768,1785154385.7135909,1785154386.9805474,,,
block1-001742,106.12432146444917,7009.936238522641,165,322.5,105.89215194340795,7009.7040690016,0.23216952104121447,block1:zero_tool,stock_fcfs,mixed,1785154384.8525918,1785154384.852825,1785154384.9587476,1785154391.8625596,,,
block1-001743,347.2067832481116,1331.9092543097213,31,15.0,346.7225389322266,1331.4250099938363,0.4842443158850074,block1:s2,stock_fcfs,mixed,1785154385.25131,1785154385.2517946,1785154385.598524,1785154386.583227,,,
block1-001744,67.68300896510482,10145.29686793685,240,170.0,66.24679698143154,10143.860655953176,1.4362119836732745,block1:zero_tool,stock_fcfs,mixed,1785154385.4337707,1785154385.4352071,1785154385.5014608,1785154395.5790746,,,
block1-001745,438.60388826578856,1737.7178262686357,39,20.0,437.7005159622058,1736.814453965053,0.9033723035827279,block1:s3,stock_fcfs,mixed,1785154385.511904,1785154385.5128076,1785154385.9505432,1785154387.2496572,,,
block1-001746,67.53630074672401,7248.637552722357,173,152.5,67.0237239683047,7248.124975943938,0.5125767784193158,block1:zero_tool,stock_fcfs,mixed,1785154385.8059287,1785154385.8064415,1785154385.8734717,1785154393.0545728,,,
block1-001747,503.60211019869894,1884.9773772526532,41,70.0,503.1284149736166,1884.503682027571,0.47369522508233786,block1:s3,stock_fcfs,mixed,1785154386.43844,1785154386.438914,1785154386.9420488,1785154388.3234243,,,
block1-001748,563.9815030153841,1850.8383370935917,41,172.5,563.44104395248,1850.2978780306876,0.5404590629041195,block1:s3,stock_fcfs,mixed,1785154386.6459343,1785154386.646475,1785154387.2099233,1785154388.49678,,,
block1-001749,651.4661927940324,1886.2096178345382,43,52.5,651.0993429692462,1885.842768009752,0.3668498247861862,block1:s3,stock_fcfs,mixed,1785154386.7644475,1785154386.7648144,1785154387.4159205,1785154388.6506639,,,
block1-001750,768.6466346494853,1959.961237735115,46,172.5,767.5998269114643,1958.914429997094,1.0468077380210161,block1:s3,stock_fcfs,mixed,1785154387.126844,1785154387.1278908,1785154387.8954966,1785154389.086811,,,
block1-001751,524.2869288194925,1833.014992880635,43,412.5,523.2990519143641,1832.0271159755066,0.9878769051283598,block1:s3,stock_fcfs,mixed,1785154387.1588116,1785154387.1597996,1785154387.6831048,1785154388.9918327,,,
block1-001752,94.64121691416949,5934.842194896191,143,287.5,94.34142406098545,5934.542402043007,0.29979285318404436,block1:zero_tool,stock_fcfs,mixed,1785154387.6787589,1785154387.679059,1785154387.7734063,1785154393.6136072,,,
block1-001753,734.9755560280755,1947.535632061772,48,282.5,734.0828299056739,1946.6429059393704,0.8927261224016547,block1:s4,stock_fcfs,mixed,1785154387.6843622,1785154387.685255,1785154388.4193459,1785154389.6319058,,,
block1-001754,705.9796629473567,1955.751921981573,48,145.0,705.5147639475763,1955.2870229817927,0.4648989997804165,block1:s4,stock_fcfs,mixed,1785154387.8866186,1785154387.8870838,1785154388.5926054,1785154389.8423777,,,
block1-001755,54.18450490105897,5186.503756907769,126,140.0,53.083586040884256,5185.402838047594,1.1009188601747155,block1:zero_tool,stock_fcfs,mixed,1785154388.1522746,1785154388.153376,1785154388.2064657,1785154393.338785,,,
block1-001756,842.2917918069288,2163.419430726208,48,140.0,841.9140840414912,2163.04172296077,0.3777077654376626,block1:s4,stock_fcfs,mixed,1785154389.716846,1785154389.717224,1785154390.5591705,1785154391.8802981,,,
block1-001757,823.9715410163626,2161.600449006073,48,545.0,823.763350956142,2161.3922589458525,0.20819006022065878,block1:s4,stock_fcfs,mixed,1785154389.7545965,1785154389.754805,1785154390.5785747,1785154391.9162035,,,
block1-001758,776.1012485716492,2108.488215599209,48,145.0,775.6954670185223,2108.082434046082,0.4057815531268716,block1:s4,stock_fcfs,mixed,1785154389.8405588,1785154389.8409648,1785154390.616667,1785154391.9490542,,,
block1-001759,727.2523178253323,2059.317875886336,48,140.0,727.0169759867713,2059.082534047775,0.23534183856099844,block1:s4,stock_fcfs,mixed,1785154389.9663477,1785154389.9665833,1785154390.6936073,1785154392.025673,,,
block1-001760,552.7699202066287,1808.2521192263812,43,20.0,551.9377179443836,1807.419916964136,0.8322022622451186,block1:s1,stock_fcfs,mixed,1785154390.1790607,1785154390.1798933,1785154390.7318377,1785154391.9873197,,,
block1-001761,66.73898419830948,2643.8391401898116,65,50.0,66.51772605255246,2643.6178820440546,0.22125814575701952,block1:s1,stock_fcfs,mixed,1785154390.2633948,1785154390.2636163,1785154390.3301427,1785154392.9072428,,,
block1-001762,549.9742233660072,1510.4242643574253,36,287.5,549.0170780103654,1509.4671190017834,0.9571453556418419,block1:s1,stock_fcfs,mixed,1785154390.8087962,1785154390.8097537,1785154391.35878,1785154392.3192296,,,
block1-001763,55.528833996504545,8946.837318944745,217,60.0,55.31092709861696,8946.619412046857,0.21790689788758755,block1:zero_tool,stock_fcfs,mixed,1785154390.8507314,1785154390.8509493,1785154390.9062681,1785154399.7975767,,,
block1-001764,582.6967287575826,1765.7003636704758,42,117.5,582.0104870945215,1765.0141220074147,0.6862416630610824,block1:s1,stock_fcfs,mixed,1785154391.1029966,1785154391.103683,1785154391.6857014,1785154392.868705,,,
block1-001765,112.40879690740258,2480.6174689438194,60,107.5,111.38182191643864,2479.5904939528555,1.0269749909639359,block1:s1,stock_fcfs,mixed,1785154391.3800926,1785154391.3811197,1785154391.4925108,1785154393.8607192,,,
block1-001766,58.68768517393619,10995.847934158519,271,357.5,57.566949049942195,10994.727198034525,1.1207361239939928,block1:zero_tool,stock_fcfs,mixed,1785154391.4362879,1785154391.4374092,1785154391.4949863,1785154402.4321465,,,
block1-001767,79.63709358591586,2448.518983554095,59,12.5,79.07350000459701,2447.955389972776,0.5635935813188553,block1:s1,stock_fcfs,mixed,1785154391.8525972,1785154391.8531609,1785154391.9322424,1785154394.3011243,,,
block1-001768,425.4136012168601,1672.3512022290379,40,15.0,423.9414359908551,1670.8790370030329,1.4721652260050178,block1:s2,stock_fcfs,mixed,1785154392.1703367,1785154392.1718092,1785154392.5957706,1785154393.842708,,,
block1-001769,571.0289980052039,1582.7425409806892,38,322.5,570.6694589462131,1582.3830019216985,0.35953905899077654,block1:s2,stock_fcfs,mixed,1785154392.373929,1785154392.3742888,1785154392.9449646,1785154393.9566782,,,
block1-001770,64.60284476634115,6509.132144739851,156,22.5,64.17575397063047,6508.705053944141,0.42709079571068287,block1:zero_tool,stock_fcfs,mixed,1785154392.4542155,1785154392.454643,1785154392.518824,1785154398.9633534,,,
block1-001771,69.86105570103973,15593.339690705761,380,135.0,69.14310599677265,15592.621741001494,0.7179497042670846,block1:zero_tool,stock_fcfs,mixed,1785154392.6626024,1785154392.6633208,1785154392.732471,1785154408.2559495,,,
block1-001772,490.3583137784153,1490.4375098412856,35,15.0,489.4114169292152,1489.4906129920855,0.9468968492001295,block1:s2,stock_fcfs,mixed,1785154392.923745,1785154392.924692,1785154393.4141102,1785154394.4141893,,,
block1-001773,100.91746062971652,6677.153448574245,161,17.5,99.61321507580578,6675.849203020334,1.3042455539107323,block1:zero_tool,stock_fcfs,mixed,1785154393.1007376,1785154393.102042,1785154393.201662,1785154399.7778978,,,
block1-001774,74.17831406928599,14708.27889710199,359,307.5,73.54777003638446,14707.64835306909,0.6305440329015255,block1:zero_tool,stock_fcfs,mixed,1785154393.1291618,1785154393.1297927,1785154393.2033496,1785154407.837451,,,
block1-001775,61.096013290807605,5725.397052359767,137,485.0,60.09063892997801,5724.391677998938,1.0053743608295918,block1:zero_tool,stock_fcfs,mixed,1785154393.4131267,1785154393.4141326,1785154393.474229,1785154399.1385303,,,
block1-001776,68.08070524130017,5265.0394953088835,125,70.0,66.38639699667692,5263.34518706426,1.6943082446232438,block1:zero_tool,stock_fcfs,mixed,1785154393.5068338,1785154393.5085285,1785154393.5749211,1785154398.77188,,,
block1-001777,725.8417882258072,2144.0789422485977,48,17.5,725.8004699833691,2144.0376240061596,0.04131824243813753,block1:s3,stock_fcfs,mixed,1785154393.6310887,1785154393.6311305,1785154394.3569367,1785154395.7751741,,,
block1-001778,608.711484237574,1840.625050244853,41,160.0,608.4376609651372,1840.351226972416,0.2738232724368572,block1:s3,stock_fcfs,mixed,1785154394.0311134,1785154394.0313873,1785154394.6398315,1785154395.8717453,,,
block1-001779,64.65703167486936,9283.787967637181,229,172.5,63.87516704853624,9283.006103010848,0.7818646263331175,block1:zero_tool,stock_fcfs,mixed,1785154394.1398985,1785154394.1406808,1785154394.2045631,1785154403.4236941,,,
block1-001780,854.8823858145624,2224.435647833161,48,10.0,854.6972189797089,2224.2504809983075,0.18516683485358953,block1:s3,stock_fcfs,mixed,1785154394.7423992,1785154394.742585,1785154395.5972893,1785154396.9668427,,,
block1-001781,817.3956915270537,2106.091540539637,46,170.0,816.5781879797578,2105.2740369923413,0.817503547295928,block1:s3,stock_fcfs,mixed,1785154394.8609064,1785154394.8617241,1785154395.6783087,1785154396.9670043,,,
block1-001782,818.9887818880379,2107.0957828778774,46,820.0,818.7864199280739,2106.8934209179133,0.20236195996403694,block1:s3,stock_fcfs,mixed,1785154394.8781087,1785154394.8783114,1785154395.6971138,1785154396.985221,,,
block1-001783,562.4245539074764,1930.5519019253552,43,100.0,561.4048929419369,1929.5322409598157,1.019660965539515,block1:s3,stock_fcfs,mixed,1785154394.976923,1785154394.977943,1785154395.5393572,1785154396.907484,,,
block1-001784,83.98742857389152,5771.918466663919,143,20.0,83.04639591369778,5770.977434003726,0.9410326601937413,block1:zero_tool,stock_fcfs,mixed,1785154395.0701044,1785154395.071046,1785154395.154102,1785154400.8420331,,,
block1-001785,704.0587653173134,2086.544410325587,48,17.5,703.3529329346493,2085.8385779429227,0.7058323826640844,block1:s4,stock_fcfs,mixed,1785154395.205939,1785154395.2066453,1785154395.910004,1785154397.2924898,,,
block1-001786,70.80299803055823,7245.62815297395,182,20.0,70.29224303551018,7245.117397978902,0.5107549950480461,block1:zero_tool,stock_fcfs,mixed,1785154395.5690308,1785154395.5695417,1785154395.6398423,1785154402.8146675,,,
block1-001787,804.1628836654127,2067.971083568409,48,217.5,803.3317270455882,2067.1399269485846,0.8311566198244691,block1:s4,stock_fcfs,mixed,1785154396.1417086,1785154396.14254,1785154396.9458804,1785154398.2096884,,,
block1-001788,779.4686075067148,2041.6768534341827,48,85.0,778.3471880247816,2040.5554339522496,1.121419481933117,block1:s4,stock_fcfs,mixed,1785154396.2059882,1785154396.20711,1785154396.9854648,1785154398.2476733,,,
block1-001789,776.0173965943977,2022.7192495949566,48,550.0,775.6828980054706,2022.3847510060295,0.33449858892709017,block1:s4,stock_fcfs,mixed,1785154396.2444663,1785154396.244801,1785154397.0204911,1785154398.267193,,,
block1-001790,109.81103510130197,6875.02832012251,174,10.0,109.45957899093628,6874.6768640121445,0.3514561103656888,block1:zero_tool,stock_fcfs,mixed,1785154396.319135,1785154396.3194866,1785154396.4289548,1785154403.1941721,,,
block1-001791,74.42725857254118,6678.136145579629,170,412.5,74.1531680105254,6677.862055017613,0.27409056201577187,block1:zero_tool,stock_fcfs,mixed,1785154396.5161595,1785154396.5164337,1785154396.5905962,1785154403.1943047,,,
block1-001792,68.14703752752393,7998.5330605413765,202,70.0,67.54806300159544,7997.934086015448,0.5989745259284973,block1:zero_tool,stock_fcfs,mixed,1785154396.581098,1785154396.5816975,1785154396.6492531,1785154404.5796394,,,
block1-001793,57.774124667048454,7148.7786386860535,182,572.5,57.084411033429205,7148.088925052434,0.6897136336192489,block1:zero_tool,stock_fcfs,mixed,1785154396.6340892,1785154396.6347792,1785154396.691871,1785154403.782875,,,
block1-001794,587.1970533626154,1639.4763784483075,41,12.5,586.8091499432921,1639.0884750289842,0.38790341932326555,block1:s1,stock_fcfs,mixed,1785154396.9577012,1785154396.958089,1785154397.5449064,1785154398.5971859,,,
block1-001795,535.3665645234287,1470.5072084907442,37,107.5,534.9970500683412,1470.1376940356568,0.36951445508748293,block1:s1,stock_fcfs,mixed,1785154397.0674245,1785154397.067794,1785154397.6027987,1785154398.5379393,,,
block1-001796,379.1717564454302,1532.293382450007,39,395.0,377.11515894625336,1530.23678495083,2.05659749917686,block1:s1,stock_fcfs,mixed,1785154398.0813088,1785154398.0833662,1785154398.4604893,1785154399.6136112,,,
block1-001797,69.41622216254473,4151.5813721343875,106,12.5,69.30381606798619,4151.468966039829,0.112406094558537,block1:zero_tool,stock_fcfs,mixed,1785154398.5869308,1785154398.5870433,1785154398.6563542,1785154402.7385192,,,
block1-001798,64.89431380759925,11295.914134709165,280,172.5,64.70994302071631,11295.729763922282,0.18437078688293695,block1:zero_tool,stock_fcfs,mixed,1785154398.996696,1785154398.9968805,1785154399.0615966,1785154410.2926164,,,
block1-001799,68.1655730586499,2416.966673103161,62,47.5,67.97676102723926,2416.7778610717505,0.18881203141063452,block1:s1,stock_fcfs,mixed,1785154399.6911378,1785154399.691327,1785154399.7593122,1785154402.108113,,,
block1-001800,93.94742362201214,4861.8270145962015,120,320.0,93.5945869423449,4861.474177916534,0.3528366796672344,block1:zero_tool,stock_fcfs,mixed,1785154400.0571744,1785154400.0575275,1785154400.151141,1785154404.9190207,,,
block1-001801,404.9036008073017,1555.015730788,40,12.5,404.35513795819134,1554.4672679388896,0.5484628491103649,block1:s2,stock_fcfs,mixed,1785154400.0926425,1785154400.0931911,1785154400.4975533,1785154401.6476655,,,
block1-001802,59.38175891060382,19199.917769874446,475,12.5,58.28504101373255,19198.821051977575,1.0967178968712687,block1:zero_tool,stock_fcfs,mixed,1785154401.2591019,1785154401.2601988,1785154401.318493,1785154420.4590287,,,
block1-001803,63.203152967616916,18377.802334958687,454,60.0,62.752752914093435,18377.351934905164,0.4504000535234809,block1:zero_tool,stock_fcfs,mixed,1785154401.392268,1785154401.3927186,1785154401.4554796,1785154419.7700787,,,
block1-001804,68.77850007731467,4998.46499110572,119,95.0,68.10323591344059,4997.789726941846,0.6752641638740897,block1:zero_tool,stock_fcfs,mixed,1785154401.9433246,1785154401.9440002,1785154402.0121095,1785154406.9417958,,,
block1-001805,63.916023005731404,6660.948841017671,161,115.0,62.98492301721126,6660.017741029151,0.9310999885201454,block1:zero_tool,stock_fcfs,mixed,1785154402.085188,1785154402.0861194,1785154402.1491158,1785154408.7461486,,,
block1-001806,590.8511632587761,1560.034649213776,38,187.5,589.1187830129638,1558.3022689679638,1.7323802458122373,block1:s2,stock_fcfs,mixed,1785154402.204518,1785154402.206251,1785154402.7953775,1785154403.7645607,,,
block1-001807,87.78840024024248,4985.123334219679,119,545.0,87.07543404307216,4984.410368022509,0.7129661971703172,block1:zero_tool,stock_fcfs,mixed,1785154402.987088,1785154402.9878013,1785154403.0748832,1785154407.972218,,,
block1-001808,74.36852448154241,6866.437187534757,167,485.0,73.98941996507347,6866.058083018288,0.37910451646894217,block1:zero_tool,stock_fcfs,mixed,1785154403.0039566,1785154403.004336,1785154403.078334,1785154409.8704028,,,
block1-001809,711.5960341179743,2059.6762091154233,48,107.5,711.2380319740623,2059.3182069715112,0.35800214391201735,block1:s3,stock_fcfs,mixed,1785154403.1885571,1785154403.1889155,1785154403.9001627,1785154405.2482426,,,
block1-001810,69.5578376762569,6592.392904567532,161,282.5,68.86918703094125,6591.704253922217,0.6886506453156471,block1:zero_tool,stock_fcfs,mixed,1785154403.334534,1785154403.335223,1785154403.4041026,1785154409.9269376,,,
block1-001811,427.8113357722759,1759.4074537046254,41,15.0,426.4753860188648,1758.0715039512143,1.3359497534111142,block1:s3,stock_fcfs,mixed,1785154403.8112931,1785154403.8126292,1785154404.2391093,1785154405.5707054,,,
block1-001812,765.6398293329403,2105.3938952973112,48,17.5,764.6446089493111,2104.398674913682,0.9952203836292028,block1:s3,stock_fcfs,mixed,1785154404.3628662,1785154404.3638616,1785154405.1285133,1785154406.4682674,,,
block1-001813,745.1746575534344,2115.543347550556,47,412.5,745.0038359966129,2115.3725259937346,0.1708215568214655,block1:s3,stock_fcfs,mixed,1785154404.7117207,1785154404.7118917,1785154405.4569032,1785154406.827272,,,
block1-001814,755.6383352493867,2163.192720268853,48,17.5,755.4203920299187,2162.974777049385,0.21794321946799755,block1:s3,stock_fcfs,mixed,1785154404.7204382,1785154404.7206564,1785154405.476084,1785154406.8836384,,,
block1-001815,74.75673349108547,6705.587872536853,165,145.0,74.32028988841921,6705.151428934187,0.4364436026662588,block1:zero_tool,stock_fcfs,mixed,1785154405.1540089,1785154405.1544456,1785154405.2287743,1785154411.8596058,,,
block1-001816,74.48168052360415,5558.417010586709,136,92.5,73.8311989698559,5557.7665290329605,0.65048155374825,block1:zero_tool,stock_fcfs,mixed,1785154405.1541975,1785154405.1548483,1785154405.228685,1785154410.71262,,,
block1-001817,852.897553704679,2189.776539686136,50,135.0,852.0812969654799,2188.960282946937,0.8162567391991615,block1:s4,stock_fcfs,mixed,1785154405.935098,1785154405.9359145,1785154406.7880056,1785154408.1248848,,,
block1-001818,808.4738869220018,2070.3408219851553,48,15.0,807.2507319739088,2069.1176670370623,1.223154948092997,block1:s4,stock_fcfs,mixed,1785154406.1134346,1785154406.114658,1785154406.9219174,1785154408.1837845,,,
block1-001819,768.1673924671486,2065.7772234408185,48,20.0,767.5312010105699,2065.14103198424,0.6361914565786719,block1:s4,stock_fcfs,mixed,1785154406.3259437,1785154406.3265805,1785154407.0941205,1785154408.3917305,,,
block1-001820,737.827553646639,2033.7502897018567,48,10.0,736.7874520132318,2032.7101880684495,1.0401016334071755,block1:s4,stock_fcfs,mixed,1785154406.432836,1785154406.4338765,1785154407.1706724,1785154408.4665954,,,
block1-001821,695.8831293741241,1990.6448223628104,48,15.0,695.2566159889102,1990.0183089775965,0.6265133852139115,block1:s4,stock_fcfs,mixed,1785154406.551099,1785154406.551726,1785154407.2469907,1785154408.5417523,,,
block1-001822,736.3820414757356,1969.4930744590238,48,52.5,735.6456479756162,1968.7566809589043,0.7363935001194477,block1:s4,stock_fcfs,mixed,1785154407.6928706,1785154407.693607,1785154408.42926,1785154409.6623716,,,
block1-001823,693.4437556192279,1993.1101595284417,48,545.0,692.8729870123789,1992.5393909215927,0.5707686068490148,block1:s4,stock_fcfs,mixed,1785154408.1275387,1785154408.12811,1785154408.8209913,1785154410.1206584,,,
block1-001824,103.88604132458568,6555.071156239137,162,105.0,103.54367108084261,6554.728785995394,0.342370243743062,block1:zero_tool,stock_fcfs,mixed,1785154408.1743135,1785154408.174656,1785154408.2782197,1785154414.729405,,,
block1-001825,542.8138516144827,1496.7181426472962,37,172.5,542.0430829981342,1495.9473740309477,0.770768616348505,block1:s1,stock_fcfs,mixed,1785154408.8718853,1785154408.8726563,1785154409.4147074,1785154410.368612,,,
block1-001826,542.8062248975039,1728.4023558022454,43,60.0,541.5902110980824,1727.186342002824,1.2160137994214892,block1:s1,stock_fcfs,mixed,1785154408.8720434,1785154408.8732598,1785154409.414855,1785154410.600451,,,
block1-001827,57.82128288410604,6521.326245856471,161,115.0,57.30268405750394,6520.807647029869,0.5185988266021013,block1:zero_tool,stock_fcfs,mixed,1785154408.9847739,1785154408.985293,1785154409.0426297,1785154415.5061347,,,
block1-001828,65.62124390620738,5143.72285688296,128,70.0,65.10478397831321,5143.206396955065,0.516459927894175,block1:zero_tool,stock_fcfs,mixed,1785154409.1119943,1785154409.112511,1785154409.177622,1785154414.2557235,,,
block1-001829,84.83244280796498,2623.2349068159238,65,60.0,83.73204001691192,2622.1345040248707,1.1004027910530567,block1:s1,stock_fcfs,mixed,1785154409.3115335,1785154409.3126342,1785154409.396376,1785154411.934778,,,
block1-001830,454.0720310760662,1658.7958971504122,40,12.5,452.78968394268304,1657.513550017029,1.2823471333831549,block1:s1,stock_fcfs,mixed,1785154409.8963397,1785154409.8976223,1785154410.3504212,1785154411.5551453,,,
block1-001831,89.57017585635185,4622.193250921555,114,100.0,89.05254292767495,4621.675617992878,0.5176329286769032,block1:zero_tool,stock_fcfs,mixed,1785154409.994444,1785154409.9949617,1785154410.084021,1785154414.6166441,,,
block1-001832,412.8414266742766,1616.8796807760373,40,395.0,411.93146992009133,1615.969724021852,0.9099567541852593,block1:s2,stock_fcfs,mixed,1785154410.0312238,1785154410.032134,1785154410.4440725,1785154411.6481106,,,
block1-001833,78.41897557955235,8317.916096537374,205,15.0,77.95502501539886,8317.45214597322,0.46395056415349245,block1:zero_tool,stock_fcfs,mixed,1785154410.0441751,1785154410.0446396,1785154410.1226008,1785154418.3620977,,,
block1-001834,55.626774090342224,5671.792173059657,140,12.5,55.242168018594384,5671.407566987909,0.38460607174783945,block1:zero_tool,stock_fcfs,mixed,1785154410.4681928,1785154410.4685779,1785154410.5238278,1785154416.1399932,,,
block1-001835,95.10236245114356,2920.979289454408,72,95.0,93.96658500190824,2919.8435120051727,1.13577744923532,block1:s2,stock_fcfs,mixed,1785154410.652418,1785154410.653554,1785154410.7475288,1785154413.5734055,,,
block1-001836,474.685798981227,1448.6575359478593,35,545.0,474.06031005084515,1448.0320470174775,0.6254889303818345,block1:s2,stock_fcfs,mixed,1785154411.365273,1785154411.3658988,1785154411.8399673,1785154412.8139389,,,
block1-001837,541.6552450042218,1788.46391197294,44,20.0,540.7334739575163,1787.5421409262344,0.921771046705544,block1:s2,stock_fcfs,mixed,1785154411.7098663,1785154411.7107882,1785154412.251528,1785154413.4983366,,,
block1-001838,551.2787679908797,1537.8584660356864,36,152.5,550.5127150099725,1537.0924130547792,0.7660529809072614,block1:s2,stock_fcfs,mixed,1785154412.242289,1785154412.2430553,1785154412.7935863,1785154413.780166,,,
block1-001839,440.710227121599,1442.0943520963192,34,395.0,440.37244096398354,1441.7565659387037,0.3377861576154828,block1:s2,stock_fcfs,mixed,1785154412.3731313,1785154412.373469,1785154412.813848,1785154413.815232,,,
block1-001840,67.347941105254,6528.217165148817,161,10.0,67.2386969672516,6528.107921010815,0.10924413800239563,block1:zero_tool,stock_fcfs,mixed,1785154412.7081661,1785154412.7082756,1785154412.77552,1785154419.2363892,,,
block1-001841,430.3244072943926,1379.2196272406727,33,550.0,428.2665690407157,1377.1617889869958,2.0578382536768913,block1:s3,stock_fcfs,mixed,1785154412.83915,1785154412.841208,1785154413.269482,1785154414.218377,,,
block1-001842,57.00890102889389,6483.649842091836,161,152.5,56.1125089880079,6482.75345005095,0.8963920408859849,block1:zero_tool,stock_fcfs,mixed,1785154413.1745236,1785154413.17542,1785154413.23154,1785154419.658181,,,
block1-001843,693.7930796993896,2042.2125987242907,48,820.0,692.5408859970048,2040.960405021906,1.2521937023848295,block1:s3,stock_fcfs,mixed,1785154413.6192157,1785154413.6204681,1785154414.313017,1785154415.6614363,,,
block1-001844,60.77630398795009,6624.886336037889,165,412.5,60.43085898272693,6624.540891032666,0.345445005223155,block1:zero_tool,stock_fcfs,mixed,1785154413.7601435,1785154413.7604892,1785154413.8209257,1785154420.3850355,,,
block1-001845,68.9417066751048,6742.226117756218,168,287.5,68.7766500050202,6742.061061086133,0.16505667008459568,block1:zero_tool,stock_fcfs,mixed,1785154414.0558875,1785154414.0560527,1785154414.124838,1785154420.7981231,,,
block1-001846,861.1815359909087,1825.0401039840654,43,350.0,860.7273140223697,1824.5858820155263,0.45422196853905916,block1:s3,stock_fcfs,mixed,1785154414.3147182,1785154414.315173,1785154415.175906,1785154416.1397648,,,
block1-001847,99.84191076364368,5197.89930281695,128,145.0,99.38538493588567,5197.442776989192,0.4565258277580142,block1:zero_tool,stock_fcfs,mixed,1785154414.346043,1785154414.3465002,1785154414.4458923,1785154419.5439498,,,
block1-001848,693.6862752772868,2062.8386703319848,49,95.0,693.1667609605938,2062.319156015292,0.5195143166929483,block1:s4,stock_fcfs,mixed,1785154414.6162865,1785154414.616806,1785154415.309979,1785154416.679131,,,
block1-001849,57.04468348994851,4887.3961955541745,122,50.0,55.93581695575267,4886.287329019979,1.1088665341958404,block1:zero_tool,stock_fcfs,mixed,1785154414.7132154,1785154414.7143245,1785154414.7702672,1785154419.6006186,,,
block1-001850,54.15027623530477,5213.32192432601,130,412.5,52.223447943106294,5211.395096033812,1.9268282921984792,block1:zero_tool,stock_fcfs,mixed,1785154414.7965262,1785154414.7984533,1785154414.8506842,1785154420.0098557,,,
block1-001851,65.05139148794115,4888.351928559132,122,282.5,64.58644801750779,4887.886985088699,0.4649434704333544,block1:zero_tool,stock_fcfs,mixed,1785154414.8442876,1785154414.8447528,1785154414.909347,1785154419.7326477,,,
block1-001852,56.323903263546526,6950.835786294192,175,60.0,55.378074990585446,6949.889958021231,0.9458282729610801,block1:zero_tool,stock_fcfs,mixed,1785154415.3145123,1785154415.3154583,1785154415.370843,1785154422.2653546,,,
block1-001853,709.2582345940173,2010.174352559261,48,307.5,708.7681840639561,2009.6843020292,0.49005053006112576,block1:s4,stock_fcfs,mixed,1785154415.3726194,1785154415.3731098,1785154416.0818841,1785154417.3828,,,
block1-001854,71.46589481271803,6102.245774818584,153,550.0,70.7247230457142,6101.5046030515805,0.7411717670038342,block1:zero_tool,stock_fcfs,mixed,1785154415.5326188,1785154415.5333605,1785154415.6040928,1785154421.6348727,,,
block1-001855,735.23019393906,2029.1266340063885,48,15.0,734.1724500292912,2028.0688900966197,1.0577439097687602,block1:s4,stock_fcfs,mixed,1785154416.163389,1785154416.164447,1785154416.8986273,1785154418.1925235,,,
block1-001856,562.8191009163857,1775.9346629027277,43,60.0,561.0115480376408,1774.1271100239828,1.8075528787449002,block1:s1,stock_fcfs,mixed,1785154416.4314725,1785154416.4332802,1785154416.9943113,1785154418.2074268,,,
block1-001857,80.92738350387663,2764.1195574542508,69,70.0,80.16800507903099,2763.360179029405,0.7593784248456359,block1:s1,stock_fcfs,mixed,1785154416.7416914,1785154416.742451,1785154416.8226259,1785154419.505818,,,
block1-001858,69.70135075971484,6131.039791740477,151,95.0,67.78313498944044,6129.121575970203,1.9182157702744007,block1:zero_tool,stock_fcfs,mixed,1785154417.312598,1785154417.3145165,1785154417.3823082,1785154423.4436467,,,
block1-001859,547.8463444160298,1500.292076379992,37,140.0,546.9579079654068,1499.403639929369,0.8884364506229758,block1:s1,stock_fcfs,mixed,1785154417.3629837,1785154417.3638725,1785154417.9108377,1785154418.8632834,,,
block1-001860,400.73648595716804,1590.4490340035409,39,17.5,400.1911119557917,1589.9036600021645,0.5453740013763309,block1:s1,stock_fcfs,mixed,1785154417.3745923,1785154417.3751378,1785154417.7753358,1785154418.9650486,,,
block1-001861,69.17526316829026,2585.889184148982,65,75.0,68.09319497551769,2584.8071159562096,1.0820681927725673,block1:s1,stock_fcfs,mixed,1785154417.629735,1785154417.6308172,1785154417.6989167,1785154420.2156305,,,
block1-001862,558.8257524650544,1720.0682634720579,43,572.5,557.982338941656,1719.2248499486595,0.8434135233983397,block1:s1,stock_fcfs,mixed,1785154417.9382632,1785154417.9391067,1785154418.4970968,1785154419.6583393,,,
block1-001863,71.18365040514618,2661.584364483133,68,117.5,70.38109994027764,2660.7818140182644,0.8025504648685455,block1:s1,stock_fcfs,mixed,1785154418.136152,1785154418.136955,1785154418.2073443,1785154420.7977452,,,
block1-001864,425.49027234781533,1365.6086423434317,34,12.5,424.81014400254935,1364.9285139981657,0.6801283452659845,block1:s2,stock_fcfs,mixed,1785154418.88736,1785154418.8880405,1785154419.3128583,1785154420.252977,,,
block1-001865,60.40656426921487,7195.941336336546,173,187.5,59.478473966009915,7195.013246033341,0.9280903032049537,block1:zero_tool,stock_fcfs,mixed,1785154419.1558843,1785154419.1568124,1785154419.2162986,1785154426.3518333,,,
block1-001866,549.7417238075286,1742.4095168244094,43,115.0,549.2046689614654,1741.872461978346,0.5370548460632563,block1:s2,stock_fcfs,mixed,1785154419.7777941,1785154419.7783313,1785154420.3275738,1785154421.5202417,,,
block1-001867,83.99286610074341,2913.2697341265157,69,100.0,82.88441901095212,2912.1612870367244,1.108447089791298,block1:s2,stock_fcfs,mixed,1785154420.783906,1785154420.7850149,1785154420.8679073,1785154423.6971843,,,
block1-001868,501.3357262359932,1476.1371553177014,36,10.0,500.27421303093433,1475.0756421126425,1.0615132050588727,block1:s2,stock_fcfs,mixed,1785154421.2605438,1785154421.2616057,1785154421.7618861,1785154422.7366877,,,
block1-001869,60.115093481726944,5953.977082390338,140,15.0,59.14319201838225,5953.0051809269935,0.9719014633446932,block1:zero_tool,stock_fcfs,mixed,1785154421.5568461,1785154421.5578184,1785154421.6170003,1785154427.5108626,,,
block1-001870,559.8750533536077,1708.020141464658,36,105.0,559.5454399008304,1707.6905280118808,0.3296134527772665,block1:s2,stock_fcfs,mixed,1785154422.2132566,1785154422.2135866,1785154422.77314,1785154423.9212852,,,
block1-001871,487.6014448236674,1901.0147798107937,40,92.5,487.23464901559055,1900.6479840027168,0.3667958080768585,block1:s2,stock_fcfs,mixed,1785154422.228587,1785154422.2289538,1785154422.7161942,1785154424.1296074,,,
block1-001872,799.1343141766265,2240.702466107905,48,320.0,798.482854035683,2240.0510059669614,0.6514601409435272,block1:s3,stock_fcfs,mixed,1785154422.516323,1785154422.516975,1785154423.3154647,1785154424.7570329,,,
block1-001873,820.4805891728029,2292.335649137385,48,485.0,819.6535509778187,2291.508610942401,0.8270381949841976,block1:s3,stock_fcfs,mixed,1785154422.812349,1785154422.8131764,1785154423.632837,1785154425.1046922,,,
block1-001874,66.34831277187914,8197.347183828242,188,107.5,65.825926954858,8196.824798011221,0.5223858170211315,block1:zero_tool,stock_fcfs,mixed,1785154422.9134276,1785154422.9139502,1785154422.9797843,1785154431.1107829,,,
block1-001875,861.891457810998,2265.508510870859,48,107.5,861.3369769882411,2264.954030048102,0.5544808227568865,block1:s3,stock_fcfs,mixed,1785154423.0996335,1785154423.1001883,1785154423.9615326,1785154425.3651497,,,
block1-001876,889.3913342617452,2274.2602332727984,48,110.0,888.6618120595813,2273.5307110706344,0.7295222021639347,block1:s3,stock_fcfs,mixed,1785154423.1081088,1785154423.1088386,1785154423.997507,1785154425.382376,,,
block1-001877,100.95694474875927,5595.110111753456,128,287.5,100.61058902647346,5594.7637560311705,0.34635572228580713,block1:zero_tool,stock_fcfs,mixed,1785154423.342439,1785154423.3427858,1785154423.443406,1785154428.9375591,,,
block1-001878,64.20595780946314,20527.15962077491,497,85.0,63.42829007189721,20526.381953037344,0.7776677375659347,block1:zero_tool,stock_fcfs,mixed,1785154423.3814597,1785154423.3822377,1785154423.445676,1785154443.9086297,,,
block1-001879,814.4186147255823,2202.083546668291,48,52.5,813.7658430496231,2201.430774992332,0.6527716759592295,block1:s3,stock_fcfs,mixed,1785154423.4662356,1785154423.4668887,1785154424.2806752,1785154425.66834,,,
block1-001880,62.58558912668377,8282.285795081407,193,17.5,62.28452699724585,8281.984732951969,0.30106212943792343,block1:zero_tool,stock_fcfs,mixed,1785154423.6346955,1785154423.6349967,1785154423.6972878,1785154431.9169881,,,
block1-001881,761.6954459808767,2188.797159004025,49,107.5,760.6336049502715,2187.73531797342,1.0618410306051373,block1:s4,stock_fcfs,mixed,1785154423.6512563,1785154423.6523185,1785154424.4129581,1785154425.8400602,,,
block1-001882,741.1221099318936,2130.3497729822993,48,20.0,739.5424349233508,2128.7700979737565,1.5796750085428357,block1:s4,stock_fcfs,mixed,1785154423.7098825,1785154423.7114625,1785154424.4510112,1785154425.8402388,,,
block1-001883,722.0463808625937,2088.7091198237613,48,307.5,720.5880179535598,2087.2507569147274,1.4583629090338945,block1:s4,stock_fcfs,mixed,1785154423.9188066,1785154423.9202654,1785154424.6408622,1785154426.007525,,,
block1-001884,801.7550633521751,2056.4364303136244,48,135.0,800.4068919690326,2055.088258930482,1.3481713831424713,block1:s4,stock_fcfs,mixed,1785154424.5249872,1785154424.5263357,1785154425.3267503,1785154426.5814316,,,
block1-001885,772.4745996529236,2025.5452716955915,48,280.0,771.948384004645,2025.019056047313,0.526215648278594,block1:s4,stock_fcfs,mixed,1785154424.6688886,1785154424.669415,1785154425.44137,1785154426.6944413,,,
block1-001886,98.0036462424323,8166.645466233604,193,17.5,97.0200189622119,8165.661838953383,0.9836272802203894,block1:zero_tool,stock_fcfs,mixed,1785154424.699502,1785154424.700486,1785154424.7975123,1785154432.8661542,,,
block1-001887,753.663394250907,2007.776758284308,48,280.0,753.382739960216,2007.496103993617,0.2806542906910181,block1:s4,stock_fcfs,mixed,1785154424.7046876,1785154424.7049685,1785154425.458358,1785154426.7124712,,,
block1-001888,565.6368840718642,1742.886399035342,43,95.0,564.588655019179,1741.8381699826568,1.0482290526852012,block1:s1,stock_fcfs,mixed,1785154424.8756862,1785154424.8767345,1785154425.441331,1785154426.6185803,,,
block1-001889,74.81376430951059,2830.282236333005,69,100.0,73.44670291058719,2828.9151749340817,1.367061398923397,block1:s1,stock_fcfs,mixed,1785154425.1549172,1785154425.1562843,1785154425.2297394,1785154427.9852073,,,
block1-001890,544.640930602327,1737.0344215305522,43,320.0,544.4728150032461,1736.8663059314713,0.16811559908092022,block1:s1,stock_fcfs,mixed,1785154425.6121392,1785154425.6123075,1785154426.1567872,1785154427.3491807,,,
block1-001891,72.38001807127148,3140.6574670691043,73,85.0,71.45454699639231,3139.731995994225,0.9254710748791695,block1:s1,stock_fcfs,mixed,1785154425.7460642,1785154425.7469897,1785154425.8184507,1785154428.8867283,,,
block1-001892,68.97194345947355,7600.111617473885,181,15.0,68.05169000290334,7599.191364017315,0.9202534565702081,block1:zero_tool,stock_fcfs,mixed,1785154425.943358,1785154425.9442785,1785154426.0123389,1785154433.5434787,,,
block1-001893,429.7901534009725,1437.1317604091018,34,70.0,428.97476197686046,1436.3163689849898,0.8153914241120219,block1:s1,stock_fcfs,mixed,1785154426.036389,1785154426.0372047,1785154426.4662256,1785154427.4735672,,,
block1-001894,71.16575515829027,8146.787196164951,195,20.0,69.04344097711146,8144.664881983772,2.122314181178808,block1:zero_tool,stock_fcfs,mixed,1785154426.1276982,1785154426.1298213,1785154426.1988735,1785154434.274495,,,
block1-001895,55.96580426208675,12825.436109327711,309,20.0,55.50772894639522,12824.97803401202,0.4580753156915307,block1:zero_tool,stock_fcfs,mixed,1785154427.0540552,1785154427.0545137,1785154427.1100292,1785154439.8794997,,,
block1-001896,702.3641552077606,2109.2939611990005,44,10.0,701.6825710888952,2108.612377080135,0.6815841188654304,block1:s2,stock_fcfs,mixed,1785154427.0919566,1785154427.0926385,1785154427.7943277,1785154429.2012577,,,
block1-001897,594.6067270124331,2003.4980269847438,42,15.0,593.8797199632972,2002.771019935608,0.7270070491358638,block1:s2,stock_fcfs,mixed,1785154427.314027,1785154427.3147545,1785154427.9086435,1785154429.317535,,,
block1-001898,91.94704086985439,16056.933025829494,391,485.0,90.96184209920466,16055.947827058844,0.9851987706497312,block1:zero_tool,stock_fcfs,mixed,1785154427.5853286,1785154427.586314,1785154427.6772833,1785154443.6422691,,,
block1-001899,582.5372864492238,1958.1308244960383,43,350.0,581.7922009155154,1957.38573896233,0.745085533708334,block1:s2,stock_fcfs,mixed,1785154427.6138878,1785154427.6146333,1785154428.1964343,1785154429.572028,,,
block1-001900,77.92977895587683,6094.683421892114,145,92.5,77.44686002843082,6094.200502964668,0.48291892744600773,block1:zero_tool,stock_fcfs,mixed,1785154427.6218846,1785154427.6223679,1785154427.6998224,1785154433.716576,,,
block1-001901,926.7705105012283,2217.3225444275886,49,15.0,925.7762640481815,2216.328297974542,0.9942464530467987,block1:s2,stock_fcfs,mixed,1785154427.9597228,1785154427.9607172,1785154428.8865013,1785154430.1770537,,,
block1-001902,93.95122760906816,3029.9468606244773,67,10.0,93.64042605739087,3029.6360590728,0.3108015516772866,block1:s2,stock_fcfs,mixed,1785154428.042627,1785154428.0429385,1785154428.136586,1785154431.0725815,,,
block1-001903,60.80766604281962,4223.106886027381,98,75.0,59.80977893341333,4222.1089989179745,0.9978871094062924,block1:zero_tool,stock_fcfs,mixed,1785154428.1177568,1785154428.118755,1785154428.178572,1785154432.340871,,,
block1-001904,398.86427600868046,1525.0688050873578,32,92.5,397.8058809880167,1524.010410066694,1.0583950206637383,block1:s3,stock_fcfs,mixed,1785154428.2230554,1785154428.2241142,1785154428.6219285,1785154429.748133,,,
block1-001905,61.35677092242986,5356.836094870232,128,107.5,60.491080046631396,5355.970403994434,0.8656908757984638,block1:zero_tool,stock_fcfs,mixed,1785154428.465379,1785154428.4662452,1785154428.5267456,1785154433.8222249,,,
block1-001906,833.715820685029,2157.7207937370986,48,17.5,833.0721529200673,2157.077125972137,0.6436677649617195,block1:s3,stock_fcfs,mixed,1785154428.678792,1785154428.679436,1785154429.512516,1785154430.8365216,,,
block1-001907,536.7508893832564,1861.0325844492763,41,152.5,535.7858180068433,1860.0675130728632,0.9650713764131069,block1:s3,stock_fcfs,mixed,1785154428.7611754,1785154428.7621408,1785154429.2979324,1785154430.6222138,,,
block1-001908,113.37389633990824,6131.593700381927,148,282.5,112.72993101738393,6130.949735059403,0.6439653225243092,block1:zero_tool,stock_fcfs,mixed,1785154428.7734957,1785154428.77414,1785154428.8868775,1785154434.9050972,,,
block1-001909,779.0752857690677,2108.39816974476,48,132.5,778.4807060379535,2107.8035900136456,0.5945797311142087,block1:s3,stock_fcfs,mixed,1785154428.792843,1785154428.7934382,1785154429.571927,1785154430.9012501,,,
block1-001910,62.48723529279232,6731.478063273244,165,160.0,61.84026296250522,6730.8310909429565,0.6469723302870989,block1:zero_tool,stock_fcfs,mixed,1785154428.9164302,1785154428.9170775,1785154428.9789243,1785154435.6479154,,,
block1-001911,67.73452623747289,5756.9348372053355,141,485.0,65.96735294442624,5755.167663912289,1.7671732930466533,block1:zero_tool,stock_fcfs,mixed,1785154428.9966958,1785154428.9984632,1785154429.064467,1785154434.7536674,,,
block1-001912,731.3290766905993,2113.150568678975,48,15.0,730.7161629432812,2112.537654931657,0.612913747318089,block1:s4,stock_fcfs,mixed,1785154429.0166838,1785154429.0172975,1785154429.7480357,1785154431.129857,,,
block1-001913,60.76378223951906,6065.198785159737,149,15.0,60.29785901773721,6064.732861937955,0.46592322178184986,block1:zero_tool,stock_fcfs,mixed,1785154429.1406896,1785154429.1411555,1785154429.2014604,1785154435.2058954,,,
block1-001914,716.5608131326735,2078.08594009839,48,10.0,715.7107450766489,2077.2358720423654,0.850068056024611,block1:s4,stock_fcfs,mixed,1785154429.6550202,1785154429.6558704,1785154430.3715897,1785154431.7331147,,,
block1-001915,55.95548695418984,5070.493767852895,125,12.5,55.088637047447264,5069.626917946152,0.8668499067425728,block1:zero_tool,stock_fcfs,mixed,1785154429.9840696,1785154429.9849367,1785154430.0400338,1785154435.0545723,,,
block1-001916,789.9211236508563,2058.541446691379,48,485.0,788.9964969363064,2057.616819976829,0.9246267145499587,block1:s4,stock_fcfs,mixed,1785154430.4746625,1785154430.4755874,1785154431.2645922,1785154432.5332124,,,
block1-001917,63.525011762976646,8512.982164742425,211,20.0,63.19252506364137,8512.64967804309,0.3324866993352771,block1:zero_tool,stock_fcfs,mixed,1785154430.8376253,1785154430.837958,1785154430.9011588,1785154439.3506157,,,
block1-001918,741.2591265747324,2014.0882165869698,48,10.0,740.6417430611327,2013.4708330733702,0.6173835135996342,block1:s4,stock_fcfs,mixed,1785154430.871941,1785154430.8725588,1785154431.6132078,1785154432.8860369,,,
block1-001919,698.986510396935,1971.231916337274,48,187.5,697.8926450246945,1970.1380509650335,1.0938653722405434,block1:s4,stock_fcfs,mixed,1785154430.9527466,1785154430.953841,1785154431.6517427,1785154432.9239883,,,
block1-001920,71.21395703870803,4693.911929032765,117,12.5,71.05465198401362,4693.752623978071,0.15930505469441414,block1:zero_tool,stock_fcfs,mixed,1785154431.6415954,1785154431.6417549,1785154431.7128165,1785154436.3355143,,,
block1-001921,79.62487742770463,2323.486399371177,58,17.5,79.2738520540297,2323.135373997502,0.35102537367492914,block1:s1,stock_fcfs,mixed,1785154431.740941,1785154431.7412922,1785154431.8206003,1785154434.0644617,,,
block1-001922,64.87081584054977,6240.890220738947,156,115.0,64.2707870574668,6240.290191955864,0.600028783082962,block1:zero_tool,stock_fcfs,mixed,1785154432.0873432,1785154432.0879433,1785154432.1522212,1785154438.3282406,,,
block1-001923,500.01714075915515,1428.2072137575597,36,152.5,499.62784606032073,1427.8179190587252,0.38929469883441925,block1:s1,stock_fcfs,mixed,1785154432.2691593,1785154432.269549,1785154432.769184,1785154433.6973739,,,
block1-001924,67.77242058888078,6935.265328618698,173,485.0,67.08567298483104,6934.578581014648,0.6867476040497422,block1:zero_tool,stock_fcfs,mixed,1785154432.6236181,1785154432.6243052,1785154432.6913981,1785154439.5588913,,,
block1-001925,62.694522086530924,5324.586331029423,132,117.5,62.17767100315541,5324.069479946047,0.5168510833755136,block1:zero_tool,stock_fcfs,mixed,1785154433.3654144,1785154433.3659315,1785154433.428116,1785154438.6900074,,,
block1-001926,73.53720883838832,2682.0624439278618,66,15.0,72.88549491204321,2681.4107300015166,0.6517139263451099,block1:s1,stock_fcfs,mixed,1785154433.6918914,1785154433.6925435,1785154433.7654355,1785154436.3739607,,,
block1-001927,72.43789592757821,2823.11785093043,68,395.0,71.02127093821764,2821.7012259410694,1.416624989360571,block1:s1,stock_fcfs,mixed,1785154433.9541016,1785154433.9555185,1785154434.0265465,1785154436.7772262,,,
block1-001928,62.23498925101012,7376.220963313244,181,12.5,60.83499698434025,7374.820971046574,1.3999922666698694,block1:zero_tool,stock_fcfs,mixed,1785154434.386508,1785154434.3879085,1785154434.4487507,1785154441.7627368,,,
block1-001929,545.808300958015,1734.7229039296508,42,135.0,544.7014759993181,1733.6160789709538,1.1068249586969614,block1:s2,stock_fcfs,mixed,1785154434.6971316,1785154434.6982386,1785154435.2429485,1785154436.4318633,,,
block1-001930,597.7747049182653,1821.248133899644,43,17.5,597.0088629983366,1820.4822919797152,0.7658419199287891,block1:s2,stock_fcfs,mixed,1785154434.7435696,1785154434.7443357,1785154435.341352,1785154436.5648255,,,
block1-001931,91.72045579180121,3000.6812637438998,74,75.0,91.62915602792054,3000.589963980019,0.09129976388067007,block1:s2,stock_fcfs,mixed,1785154434.999033,1785154434.9991245,1785154435.0907602,1785154437.999721,,,
block1-001932,66.08427630271763,4830.881118308753,119,160.0,64.78495406918228,4829.581796075217,1.2993222335353494,block1:zero_tool,stock_fcfs,mixed,1785154435.218768,1785154435.2200673,1785154435.2848597,1785154440.0496566,,,
block1-001933,592.2409649938345,1818.947990075685,44,412.5,591.9055149424821,1818.6125400243327,0.3354500513523817,block1:s2,stock_fcfs,mixed,1785154435.7047684,1785154435.7051039,1785154436.2970166,1785154437.5237236,,,
block1-001934,99.53507501631975,2627.6600010460243,64,15.0,98.95951091311872,2627.0844369428232,0.5755641032010317,block1:s2,stock_fcfs,mixed,1785154436.0064263,1785154436.007002,1785154436.1059675,1785154438.6340923,,,
block1-001935,362.97608562745154,1281.5381896216422,31,15.0,362.3799100751057,1280.9420140692964,0.5961755523458123,block1:s2,stock_fcfs,mixed,1785154436.4704483,1785154436.4710445,1785154436.833444,1785154437.7520058,,,
block1-001936,721.8406645115465,1949.978731572628,48,350.0,720.8591889357194,1948.997255996801,0.9814755758270621,block1:s3,stock_fcfs,mixed,1785154436.4727273,1785154436.4737089,1785154437.1945736,1785154438.4227116,,,
block1-001937,53.527329582720995,5233.981621568091,129,17.5,52.386397030204535,5232.840689015575,1.1409325525164604,block1:zero_tool,stock_fcfs,mixed,1785154436.6233344,1785154436.6244755,1785154436.6768696,1785154441.857324,,,
block1-001938,54.61746372748166,7376.911268685944,184,22.5,53.84924006648362,7376.143045024946,0.7682236609980464,block1:zero_tool,stock_fcfs,mixed,1785154436.7025456,1785154436.703314,1785154436.75717,1785154444.0794637,,,
block1-001939,68.60156531911343,19054.36428822577,456,145.0,67.98051204532385,19053.74323495198,0.6210532737895846,block1:zero_tool,stock_fcfs,mixed,1785154437.2060828,1785154437.2067041,1785154437.2746918,1785154456.2604542,,,
block1-001940,65.38283522240818,6688.204871141352,165,287.5,65.21682406309992,6688.0388599820435,0.16601115930825472,block1:zero_tool,stock_fcfs,mixed,1785154438.1447308,1785154438.144897,1785154438.2101207,1785154444.832943,,,
block1-001941,63.509326544590294,6718.940768507309,166,60.0,62.362668104469776,6717.794110067189,1.1466584401205182,block1:zero_tool,stock_fcfs,mixed,1785154438.2261927,1785154438.2273395,1785154438.2897096,1785154444.9451404,,,
block1-001942,833.82944308687,1853.2357281073928,43,60.0,832.981521030888,1852.3878060514107,0.8479220559820533,block1:s3,stock_fcfs,mixed,1785154438.4598284,1785154438.4606767,1785154439.2936661,1785154440.3130724,,,
block1-001943,64.45763481315225,6225.725631811656,154,350.0,63.659090897999704,6224.9270878965035,0.7985439151525497,block1:zero_tool,stock_fcfs,mixed,1785154438.5698612,1785154438.57066,1785154438.6343277,1785154444.7955954,,,
block1-001944,728.53279102128,2071.6346689732745,48,25.0,726.8668130272999,2069.9686909792945,1.66597799398005,block1:s4,stock_fcfs,mixed,1785154439.0183647,1785154439.020031,1785154439.7469056,1785154441.0900073,,,
block1-001945,757.8803158830851,2054.5617948519066,48,135.0,756.8686649901792,2053.5501439590007,1.011650892905891,block1:s4,stock_fcfs,mixed,1785154439.5741355,1785154439.5751476,1785154440.3320234,1785154441.6287048,,,
block1-001946,763.3454172173515,2027.2131231613457,48,357.5,762.9684860585257,2026.83619200252,0.3769311588257551,block1:s4,stock_fcfs,mixed,1785154439.757396,1785154439.7577734,1785154440.520749,1785154441.7846167,,,
block1-001947,726.449538487941,2051.5566045651212,48,25.0,726.01538291201,2051.12244898919,0.43415557593107224,block1:s4,stock_fcfs,mixed,1785154440.0594418,1785154440.0598762,1785154440.7858996,1785154442.1110065,,,
block1-001948,730.3497506072745,2026.2127266032621,48,10.0,728.6294879158959,2024.4924639118835,1.7202626913785934,block1:s4,stock_fcfs,mixed,1785154440.3965528,1785154440.3982732,1785154441.1269104,1785154442.4227736,,,
block1-001949,707.0072503993288,2005.4457263322547,48,95.0,706.1837230576202,2004.6221989905462,0.8235273417085409,block1:s4,stock_fcfs,mixed,1785154440.9970498,1785154440.9978733,1785154441.7040899,1785154443.0025284,,,
block1-001950,54.8305141273886,5053.246551076882,128,47.5,54.57207898143679,5052.98811593093,0.2584351459518075,block1:zero_tool,stock_fcfs,mixed,1785154441.419467,1785154441.419726,1785154441.4743037,1785154446.47272,,,
block1-001951,726.0904097929597,1965.203376719728,48,15.0,724.7431389987469,1963.8561059255153,1.3472707942128181,block1:s4,stock_fcfs,mixed,1785154441.7344356,1785154441.7357829,1785154442.4605317,1785154443.6996446,,,
block1-001952,559.9401531508192,1724.178719217889,43,20.0,558.869126951322,1723.1076930183917,1.0710261994972825,block1:s1,stock_fcfs,mixed,1785154441.8242497,1785154441.825321,1785154442.3841965,1785154443.548435,,,
block1-001953,63.07496514637023,5460.467505152337,138,15.0,62.300304998643696,5459.692845004611,0.7746601477265358,block1:zero_tool,stock_fcfs,mixed,1785154442.1271276,1785154442.1279025,1785154442.1902099,1785154447.5876021,,,
block1-001954,482.26807871833444,1413.9694387558848,36,10.0,481.5914679784328,1413.292828015983,0.6766107399016619,block1:s1,stock_fcfs,mixed,1785154442.1906812,1785154442.1913579,1785154442.6729558,1785154443.604657,,,
block1-001955,70.50914142746478,5642.424806486815,143,17.5,69.63953096419573,5641.555196023546,0.8696104632690549,block1:zero_tool,stock_fcfs,mixed,1785154442.4321144,1785154442.4329844,1785154442.502631,1785154448.0745463,,,
block1-001956,491.87612207606435,1420.238960068673,36,85.0,491.13278498407453,1419.495622976683,0.7433370919898152,block1:s1,stock_fcfs,mixed,1785154442.7930343,1785154442.793778,1785154443.284918,1785154444.213281,,,
block1-001957,53.450597799383104,11178.569207782857,274,140.0,53.310545976273715,11178.429155959748,0.14005182310938835,block1:zero_tool,stock_fcfs,mixed,1785154443.311922,1785154443.3120623,1785154443.3653789,1785154454.4904976,,,
block1-001958,369.313130970113,1538.0732119083405,39,297.5,369.0379390027374,1537.7980199409649,0.2751919673755765,block1:s1,stock_fcfs,mixed,1785154443.3887293,1785154443.3890047,1785154443.7580502,1785154444.9268103,,,
block1-001959,53.76216024160385,5697.226325166412,144,15.0,53.44725609757006,5696.911421022378,0.31490414403378963,block1:zero_tool,stock_fcfs,mixed,1785154443.686267,1785154443.686582,1785154443.740036,1785154449.3835003,,,
block1-001960,399.6171789476648,1510.9704079804942,37,320.0,399.0742600290105,1510.4274890618399,0.5429189186543226,block1:s2,stock_fcfs,mixed,1785154444.0801353,1785154444.0806787,1785154444.4797606,1785154445.5911138,,,
block1-001961,433.34905290976167,1622.2153848502785,40,572.5,433.11035295482725,1621.976684895344,0.2386999549344182,block1:s2,stock_fcfs,mixed,1785154444.3050525,1785154444.3052914,1785154444.7384079,1785154445.9272742,,,
block1-001962,508.04284086916596,1470.9109058603644,36,820.0,507.85931397695094,1470.7273789681494,0.1835268922150135,block1:s2,stock_fcfs,mixed,1785154444.5309732,1785154444.531157,1785154445.0390244,1785154446.0018923,,,
block1-001963,91.31670161150396,2963.297532638535,74,282.5,89.68719199765474,2961.6680230246857,1.6295096138492227,block1:s2,stock_fcfs,mixed,1785154445.0367296,1785154445.0383594,1785154445.1280546,1785154448.000035,,,
block1-001964,500.02066360320896,1435.262093669735,36,95.0,499.8750619124621,1435.116491978988,0.14560169074684381,block1:s2,stock_fcfs,mixed,1785154445.239789,1785154445.239935,1785154445.7398174,1785154446.6750588,,,
block1-001965,647.4091870477423,1770.359663059935,44,395.0,647.0365120330825,1769.9869880452752,0.3726750146597624,block1:s2,stock_fcfs,mixed,1785154446.2861805,1785154446.2865536,1785154446.9335988,1785154448.056549,,,
block1-001966,97.22267603501678,2712.783623021096,67,132.5,96.96254692971706,2712.5234939157963,0.2601291052997112,block1:s2,stock_fcfs,mixed,1785154446.559208,1785154446.5594683,1785154446.656471,1785154449.2720315,,,
block1-001967,348.41570595745,1508.363759960048,37,10.0,347.879271954298,1507.827325956896,0.5364340031519532,block1:s2,stock_fcfs,mixed,1785154446.6971164,1785154446.6976533,1785154447.0455396,1785154448.2054873,,,
block1-001968,694.9913926655427,1931.7230246961117,48,12.5,693.3410359779373,1930.0726680085063,1.650356687605381,block1:s3,stock_fcfs,mixed,1785154446.7243521,1785154446.7260027,1785154447.4193513,1785154448.656083,,,
block1-001969,720.8056364906952,2079.768448485993,48,85.0,719.9484020238742,2078.911214019172,0.8572344668209553,block1:s3,stock_fcfs,mixed,1785154448.0659287,1785154448.066786,1785154448.786742,1785154450.145705,,,
block1-001970,604.7318952623755,1817.1144342049956,41,287.5,604.0072940522805,1816.3898329949006,0.7246012100949883,block1:s3,stock_fcfs,mixed,1785154448.6675813,1785154448.668306,1785154449.272321,1785154450.4847038,,,
block1-001971,535.0079365307465,2043.368723592721,41,20.0,534.1407749801874,2042.5015620421618,0.8671615505591035,block1:s3,stock_fcfs,mixed,1785154449.4597569,1785154449.4606242,1785154449.9947724,1785154451.5031333,,,
block1-001972,573.1365719111636,1990.6163678970188,41,135.0,572.1036340110004,1989.5834299968556,1.0329379001632333,block1:s3,stock_fcfs,mixed,1785154449.5370553,1785154449.5380886,1785154450.110199,1785154451.5276787,,,
block1-001973,777.0295945229009,2165.63857649453,46,50.0,776.0331500321627,2164.6421320037916,0.9964444907382131,block1:s3,stock_fcfs,mixed,1785154449.6841757,1785154449.6851726,1785154450.4612134,1785154451.8498225,,,
block1-001974,938.4469130309299,2291.0508300410584,49,160.0,937.8772190539166,2290.481136064045,0.5696939770132303,block1:s3,stock_fcfs,mixed,1785154449.6902378,1785154449.6908078,1785154450.6286917,1785154451.9812956,,,
block1-001975,746.5640797745436,2221.014814800583,49,350.0,745.4727230360731,2219.9234580621123,1.0913567384704947,block1:s3,stock_fcfs,mixed,1785154450.0530128,1785154450.0541046,1785154450.799587,1785154452.2740378,,,
block1-001976,82.50680437777191,8835.652630310506,197,60.0,80.50242904573679,8833.64825497847,2.0043753320351243,block1:zero_tool,stock_fcfs,mixed,1785154450.207128,1785154450.209133,1785154450.289669,1785154459.042815,,,
block1-001977,61.23445986304432,8438.088006922044,194,135.0,60.536036966368556,8437.389584025368,0.6984228966757655,block1:zero_tool,stock_fcfs,mixed,1785154450.2300112,1785154450.2307098,1785154450.291253,1785154458.6681066,,,
block1-001978,882.6543426839635,2132.427764707245,48,60.0,881.5405450295657,2131.313967052847,1.1137976543977857,block1:s4,stock_fcfs,mixed,1785154450.45032,1785154450.451434,1785154451.3329818,1785154452.5827553,,,
block1-001979,98.54240680579096,6218.574169790372,139,545.0,97.88093599490821,6217.9126989794895,0.6614708108827472,block1:zero_tool,stock_fcfs,mixed,1785154450.8111818,1785154450.8118434,1785154450.909732,1785154457.029764,,,
block1-001980,854.7293058363721,2096.531397779472,48,10.0,853.7906929850578,2095.592784928158,0.9386128513142467,block1:s4,stock_fcfs,mixed,1785154450.8239124,1785154450.8248513,1785154451.6786485,1785154452.920451,,,
block1-001981,825.473282369785,2072.3784344736487,48,47.5,825.0591428950429,2071.9642949989066,0.41413947474211454,block1:s4,stock_fcfs,mixed,1785154450.886148,1785154450.8865623,1785154451.7116292,1785154452.9585345,,,
block1-001982,821.8548679724336,2067.223486956209,48,10.0,821.3381550740451,2066.7067740578204,0.516712898388505,block1:s4,stock_fcfs,mixed,1785154450.9114401,1785154450.911957,1785154451.7333014,1785154452.9786704,,,
block1-001983,821.8823950737715,2067.3300540074706,48,107.5,820.9710540249944,2066.4187129586935,0.9113410487771034,block1:s4,stock_fcfs,mixed,1785154450.9114542,1785154450.912366,1785154451.733342,1785154452.9787896,,,
block1-001984,578.5258794203401,1749.509664485231,43,17.5,577.7253549313173,1748.7091399962083,0.8005244890227914,block1:s1,stock_fcfs,mixed,1785154451.1331398,1785154451.1339407,1785154451.7116745,1785154452.882658,,,
block1-001985,70.85650146473199,2588.496168376878,65,115.0,69.7456260677427,2587.3852929798886,1.110875396989286,block1:s1,stock_fcfs,mixed,1785154451.224644,1785154451.225755,1785154451.2955081,1785154453.8131473,,,
block1-001986,420.16266472637653,1587.919560726732,40,92.5,419.0216540591791,1586.7785500595346,1.1410106671974063,block1:s1,stock_fcfs,mixed,1785154451.4459615,1785154451.4471028,1785154451.8661325,1785154453.0338893,,,
block1-001987,86.36706252582371,2844.447734532878,71,307.5,86.08819998335093,2844.168871990405,0.27886254247277975,block1:s1,stock_fcfs,mixed,1785154451.6089127,1785154451.609192,1785154451.695287,1785154454.4533677,,,
block1-001988,70.1841323170811,7417.45513828937,166,170.0,69.66996600385755,7416.940971976146,0.5141663132235408,block1:zero_tool,stock_fcfs,mixed,1785154451.6249971,1785154451.6255116,1785154451.6952105,1785154459.0424814,,,
block1-001989,66.38069241307676,17872.297560446896,411,107.5,65.38006605114788,17871.296934084967,1.0006263619288802,block1:zero_tool,stock_fcfs,mixed,1785154452.0330951,1785154452.0340962,1785154452.0994828,1785154469.9053998,,,
block1-001990,58.99926635902375,8762.27382128127,197,412.5,58.41479205992073,8761.689346982166,0.5844742991030216,block1:zero_tool,stock_fcfs,mixed,1785154452.3890162,1785154452.3896008,1785154452.4480228,1785154461.1512973,,,
block1-001991,85.60747315641493,3285.898926202208,68,15.0,84.75449495017529,3285.045947995968,0.8529782062396407,block1:s1,stock_fcfs,mixed,1785154452.5672576,1785154452.568111,1785154452.6528716,1785154455.853163,,,
block1-001992,402.193381334655,1500.0332263298333,37,155.0,401.2799890479073,1499.1198340430856,0.913392286747694,block1:s2,stock_fcfs,mixed,1785154453.0099695,1785154453.010883,1785154453.4121704,1785154454.5100107,,,
block1-001993,60.16592006199062,7135.061847046018,156,357.5,59.97859395574778,7134.874520939775,0.18732610624283552,block1:zero_tool,stock_fcfs,mixed,1785154453.3938541,1785154453.3940415,1785154453.454026,1785154460.5289218,,,
block1-001994,90.9171017119661,3122.5616607116535,64,15.0,90.73482803069055,3122.379387030378,0.18227368127554655,block1:s2,stock_fcfs,mixed,1785154453.5101871,1785154453.5103698,1785154453.60111,1785154456.6327548,,,
block1-001995,61.79690023418516,6299.636606243439,136,820.0,61.399706988595426,6299.239412997849,0.3971932455897331,block1:zero_tool,stock_fcfs,mixed,1785154453.6186547,1785154453.6190522,1785154453.6804583,1785154459.9182978,,,
block1-001996,467.39377337507904,1961.0853584017605,35,17.5,466.8000420788303,1960.4916271055117,0.593731296248734,block1:s2,stock_fcfs,mixed,1785154453.8331735,1785154453.8337674,1785154454.300574,1785154455.7942655,,,
block1-001997,447.3569591064006,2190.229172119871,41,172.5,445.7925279857591,2188.6647409992293,1.5644311206415296,block1:s2,stock_fcfs,mixed,1785154454.480221,1785154454.4817855,1785154454.9275844,1785154456.6704566,,,
block1-001998,90.20326589234173,3214.3304909113795,67,177.5,89.87785503268242,3214.00508005172,0.32541085965931416,block1:s2,stock_fcfs,mixed,1785154454.929384,1785154454.9297097,1785154455.0195956,1785154458.1437228,,,
block1-001999,874.3202451150864,1806.467857095413,31,47.5,873.4372790204361,1805.5848910007626,0.8829660946503282,block1:s2,stock_fcfs,mixed,1785154454.9399898,1785154454.940873,1785154455.814317,1785154456.7464647,,,
7eba32c5ed309a549e16cb8f1794ba3a,122.03823064919561,8324.736948707141,184,10.0,121.26688798889518,8323.96560604684,0.7713426603004336,block1:trace,stock_fcfs,mixed,1785154454.955967,1785154454.9567385,1785154455.0780113,1785154463.28071,,,
5adf433bc2e4195bd7ef382c6c889b95,1014.2227290198207,1793.3844869257882,28,60.0,1012.4250330263749,1791.5867909323424,1.7976959934458137,block1:trace,stock_fcfs,mixed,1785154454.9725668,1785154454.9743648,1785154455.9867957,1785154456.7659576,,,
758ea06009c678a342085d29a206c7ce,76.9795028027147,1124.5120207313448,28,10.0,75.47447504475713,1123.0069929733872,1.5050277579575777,block1:trace,stock_fcfs,mixed,1785154455.6786377,1785154455.680143,1785154455.75565,1785154456.8031824,,,
92b8951b88159b4f1b1e4116b3f8e80c,402.126572560519,1141.5272866142914,26,50.0,401.2010679580271,1140.6017820117995,0.9255046024918556,block1:trace,stock_fcfs,mixed,1785154456.1333797,1785154456.1343052,1785154456.535514,1785154457.2749147,,,
46416569378bfce2f330ee1b996f15f6,177.8249725466594,2714.2885925713927,56,545.0,177.4774600053206,2713.941080030054,0.3475125413388014,block1:trace,stock_fcfs,mixed,1785154457.067656,1785154457.068004,1785154457.245488,1785154459.7819514,,,
c000d3ac5878c891e5776a9ee748b819,78.73528823256493,15653.81054917816,362,10.0,77.875777031295,15652.95103797689,0.8595112012699246,block1:trace,stock_fcfs,mixed,1785154457.166644,1785154457.1675038,1785154457.2453873,1785154472.820463,,,
836c44364150391728a9bb76d84b11f9,390.9384162398055,1223.1292382348329,28,92.5,389.6546110045165,1221.8454329995438,1.2838052352890372,block1:trace,stock_fcfs,mixed,1785154457.377085,1785154457.378369,1785154457.7680295,1785154458.6002202,,,
61ab27469179a8d20d10b4ab2963209b,69.80098341591656,9249.36248443555,212,17.5,69.41035098861903,9248.971852008253,0.39063242729753256,block1:trace,stock_fcfs,mixed,1785154457.5223355,1785154457.5227263,1785154457.592143,1785154466.771705,,,
913f72b4333690403d9a30abd93949d1,164.2404617741704,2721.2395176757127,56,105.0,163.52420207113028,2720.5232579726726,0.716259703040123,block1:trace,stock_fcfs,mixed,1785154457.6928563,1785154457.6935725,1785154457.857104,1785154460.4141028,,,
d8f93f06b93fdff3fff5e575a870b601,57.43546481244266,17722.543521784246,412,15.0,57.12528608273715,17722.23334305454,0.3101787297055125,block1:trace,stock_fcfs,mixed,1785154458.0863853,1785154458.0866957,1785154458.143828,1785154475.808936,,,
1bd17147da3b449a267511e3a004382d,162.45433455333114,2007.626342587173,38,117.5,162.2049380093813,2007.3769460432231,0.24939654394984245,block1:trace,stock_fcfs,mixed,1785154458.4232767,1785154458.423526,1785154458.5857387,1785154460.4309108,,,
13bb600e64d52b8b04f167d8df85507c,739.4964176928625,1542.801330680959,26,572.5,738.7929889373481,1542.0979019254446,0.7034287555143237,block1:trace,stock_fcfs,mixed,1785154458.532411,1785154458.5331151,1785154459.2719169,1785154460.0752223,,,
38ce90a921739308e8dcb305e874b076,168.88560284860432,3458.1685449229553,80,550.0,168.36588003206998,3457.648822106421,0.5197228165343404,block1:trace,stock_fcfs,mixed,1785154458.855869,1785154458.856389,1785154459.024763,1785154462.3140457,,,
2e43416311c97a10ecafb221a80e4947,459.5835206564516,15373.473881627433,358,307.5,459.0543520171195,15372.944712988101,0.529168639332056,block1:trace,stock_fcfs,mixed,1785154459.4968634,1785154459.497393,1785154459.9564555,1785154474.8703458,,,
59457a3b339fbd612c7a15e28fddc630,202.74398010224104,3431.7941531771794,80,320.0,202.44590693619102,3431.4960800111294,0.2980731660500169,block1:trace,stock_fcfs,mixed,1785154459.5263515,1785154459.52665,1785154459.7291028,1785154462.9581528,,,
fdbb1fab71ec2f219480410082aaa700,157.26767387241125,3014.301889925264,71,485.0,157.08882396575063,3014.123040018603,0.1788499066606164,block1:trace,stock_fcfs,mixed,1785154459.943969,1785154459.9441483,1785154460.1012447,1785154462.9582787,,,
a84addf55839616eda694c16b68310a0,154.26495869178325,2634.3813156709075,62,95.0,153.53315707761794,2633.649514056742,0.7318016141653061,block1:trace,stock_fcfs,mixed,1785154460.030701,1785154460.0314336,1785154460.1849756,1785154462.6650918,,,
eb9453e7437651807ba8f12d7460448f,186.16088246926665,1928.444845485501,44,135.0,185.68613205570728,1927.9700950719416,0.4747504135593772,block1:trace,stock_fcfs,mixed,1785154460.6760507,1785154460.6765258,1785154460.8622196,1785154462.6045034,,,
4d602a5b8bd629a2c0cdcef59e069d2a,169.6957452222705,2492.2313562128693,58,350.0,169.09159801434726,2491.627209004946,0.6041472079232335,block1:trace,stock_fcfs,mixed,1785154460.712111,1785154460.7127156,1785154460.881814,1785154463.2043495,,,
f7c225c0c39616faa35f312e2351832a,157.92218782007694,3380.759588791989,80,297.5,157.35284297261387,3380.1902439445257,0.5693448474630713,block1:trace,stock_fcfs,mixed,1785154461.16495,1785154461.1655195,1785154461.3229058,1785154464.545743,,,
0cca76cc3ca0d6e890c548195f267bcc,211.43983327783644,2354.611538234167,55,177.5,210.97761008422822,2354.1493150405586,0.4622231936082244,block1:trace,stock_fcfs,mixed,1785154461.188502,1785154461.188965,1785154461.3999496,1785154463.5431213,,,
399e9384a77d048276bcab8ed40d2a06,77.55576446652412,9296.637708437629,218,20.0,77.38988497294486,9296.47182894405,0.16587949357926846,block1:trace,stock_fcfs,mixed,1785154461.3249085,1785154461.3250747,1785154461.4024732,1785154470.6215556,,,
a1fc6050cd23d5b5a2aa0b1903664f7b,427.40988719742745,3396.596305188723,81,105.0,426.04116804432124,3395.2275860356167,1.3687191531062126,block1:trace,stock_fcfs,mixed,1785154461.4112678,1785154461.4126368,1785154461.8386867,1785154464.8078728,,,
167904016dc8a8c52b5e5270d0c8c00e,64.72195580136031,3783.997686812654,90,17.5,64.33247798122466,3783.6082089925185,0.389477820135653,block1:trace,stock_fcfs,mixed,1785154462.1703753,1785154462.1707652,1785154462.2351067,1785154465.9543824,,,
4c2b04c011712e2cf8c052bce94537ec,159.92641961202025,1934.2776815174147,44,145.0,158.54003303684294,1932.8912949422374,1.386386575177312,block1:trace,stock_fcfs,mixed,1785154462.8106806,1785154462.8120673,1785154462.9706147,1785154464.744966,,,
9610b9cdee775a760c04f530fce99362,186.10600742977113,2533.7965164799243,59,280.0,185.22855499759316,2532.9190640477464,0.8774524321779609,block1:trace,stock_fcfs,mixed,1785154462.9995785,1785154463.000456,1785154463.1856923,1785154465.533382,,,
6cd994a1e2e3d5a2a017314cd0caf180,92.69797056913376,5496.7179215746,126,15.0,91.95924096275121,5495.9791919682175,0.7387296063825488,block1:trace,stock_fcfs,mixed,1785154463.093982,1785154463.0947213,1785154463.1866882,1785154468.5907087,,,
187b278d55de04dc8ca4117618cfbd56,166.1092418944463,2894.5669268723577,62,107.5,165.88318708818406,2894.3408720660955,0.22605480626225471,block1:trace,stock_fcfs,mixed,1785154463.2662442,1785154463.2664704,1785154463.4323614,1785154466.1608195,,,
edcec609ff7bf1e65630e415e82ff7fb,79.18963034171611,5915.964909363538,135,15.0,78.62218504305929,5915.397464064881,0.5674452986568213,block1:trace,stock_fcfs,mixed,1785154463.35327,1785154463.3538377,1785154463.4324691,1785154469.269245,,,
28221743887b39264b796a9e076d48aa,425.0281899003312,1695.568609982729,39,47.5,424.3705359986052,1694.910956081003,0.6576539017260075,block1:trace,stock_fcfs,mixed,1785154463.6301286,1785154463.6307867,1785154464.0551655,1785154465.325706,,,
d88d4d2d221233bd5d36172b59bb4d48,395.4445996787399,10433.67234163452,239,170.0,394.752106978558,10432.979848934337,0.6924927001819015,block1:trace,stock_fcfs,mixed,1785154463.7585368,1785154463.7592294,1785154464.153988,1785154474.1922152,,,
548464e367bcbb5191857c38592a6c15,60.99216069560498,31644.348284695297,803,20.0,60.55463897064328,31643.910762970336,0.43752172496169806,block1:trace,stock_fcfs,mixed,1785154464.2153075,1785154464.2157452,1785154464.2763083,1785154495.8596644,,,
67328d8f9ba24c0eb27d51b97f7452b9,411.4852045895532,1221.3948576245457,27,107.5,410.0671249907464,1219.976778025739,1.4180795988067985,block1:trace,stock_fcfs,mixed,1785154464.3327003,1785154464.3341186,1785154464.7441916,1785154465.5541015,,,
d0f26dc69ab8bfc523b09278a72dcbac,170.54760782048106,9729.658675845712,222,282.5,169.6605629986152,9728.771631023847,0.8870448218658566,block1:trace,stock_fcfs,mixed,1785154464.3945482,1785154464.3954356,1785154464.565133,1785154474.1242447,,,
3d305e802ea24247695f7f1c683f4abc,58.25766688212752,28693.517413921654,719,15.0,57.1667019976303,28692.426449037157,1.0909648844972253,block1:trace,stock_fcfs,mixed,1785154464.5671613,1785154464.5682523,1785154464.6254272,1785154493.2606866,,,
bfcd3e5a0bdf2e1076ff4a3c6058b785,419.4998707389459,26958.893032744527,670,75.0,418.6856489395723,26958.078810945153,0.8142217993736267,block1:trace,stock_fcfs,mixed,1785154464.7305262,1785154464.731341,1785154465.1500332,1785154491.6894262,,,
bbd0676a7661be624e24c0c0d2ae8afc,87.23092870786786,21303.6708177533,523,22.5,86.80386992637068,21303.243758971803,0.42705878149718046,block1:trace,stock_fcfs,mixed,1785154464.7921839,1785154464.7926114,1785154464.8794212,1785154486.0958612,,,
e59c3398cf21d42898de7a6489e6462c,154.47547216899693,2611.97213223204,56,117.5,153.8876909762621,2611.3843510393053,0.5877811927348375,block1:trace,stock_fcfs,mixed,1785154465.3670933,1785154465.3676813,1785154465.521577,1785154467.9790735,,,
2edb508ced48c09379f12135683148a4,401.81440918240696,2800.5629011895508,58,152.5,401.47025196347386,2800.2187439706177,0.34415721893310547,block1:trace,stock_fcfs,mixed,1785154465.7174063,1785154465.7177508,1785154466.1192286,1785154468.5179772,,,
53825a835bbe66a5bc0f73f69a041c66,227.37978375516832,7865.357344737276,181,357.5,225.70504900068045,7863.682609982789,1.6747347544878721,block1:trace,stock_fcfs,mixed,1785154465.9337354,1785154465.9354107,1785154466.1611238,1785154473.7991014,,,
d112becaac3b29d41a6e31fdc66cbd57,157.5172176817432,760.4679076466709,16,115.0,156.76005510613322,759.710745071061,0.757162575609982,block1:trace,stock_fcfs,mixed,1785154466.4371006,1785154466.4378583,1785154466.5946536,1785154467.1976047,,,
6e8aa3f75688fcceeb652abf550a3788,103.4969910979271,4203.378735110164,98,12.5,103.24704099912196,4203.128785011359,0.24995009880512953,block1:trace,stock_fcfs,mixed,1785154466.4859438,1785154466.486194,1785154466.5894475,1785154470.689329,,,
cabfb78966d427734223bf4115904520,169.91201404016465,5832.837103051133,134,282.5,169.24855893012136,5832.17364794109,0.6634551100432873,block1:trace,stock_fcfs,mixed,1785154466.753787,1785154466.7544508,1785154466.9237084,1785154472.5866332,,,
7ba7f36dc0ca614925a9ecc1351a39cf,106.60189436748624,13250.650844303891,321,15.0,105.48861499410123,13249.537564930506,1.1132793733850121,block1:trace,stock_fcfs,mixed,1785154466.8171492,1785154466.8182626,1785154466.9237583,1785154480.0678077,,,
0f5f50b42d96f1fbe1ab84f38ef0df45,161.28099407069385,2477.2220090962946,54,85.0,160.199029953219,2476.14004497882,1.081964117474854,block1:trace,stock_fcfs,mixed,1785154467.7233632,1785154467.7244453,1785154467.8846538,1785154470.2005947,,,
0830ab29a701c1fb09238ade2070111d,453.8382961181924,23776.9902771106,597,820.0,451.7043799860403,23774.856360978447,2.1339161321520805,block1:trace,stock_fcfs,mixed,1785154468.0063648,1785154468.008499,1785154468.4602113,1785154491.783363,,,
4c3b78878d4758af14524c65505ce024,81.63020003121346,6134.435220970772,142,20.0,80.85774607025087,6133.66276700981,0.7724539609625936,block1:trace,stock_fcfs,mixed,1785154468.3172135,1785154468.3179862,1785154468.3988538,1785154474.4516585,,,
4a788fdebd738d606e4e26720ef0f792,169.74676423706114,2621.6121942270547,58,140.0,169.5146169513464,2621.38004694134,0.23214728571474552,block1:trace,stock_fcfs,mixed,1785154468.3480465,1785154468.348279,1785154468.517803,1785154470.9696684,,,
9993958a01bab41edd38186aaf5b69d1,390.4763985192403,1328.19703547284,28,172.5,389.387518982403,1327.1081559360027,1.0888795368373394,block1:trace,stock_fcfs,mixed,1785154468.4612763,1785154468.4623654,1785154468.851774,1785154469.7894948,,,
1f71126c5eac70999ec0c49c7d8f7a11,157.0852332515642,3028.8377181859687,68,60.0,155.86643002461642,3027.618914959021,1.2188032269477844,block1:trace,stock_fcfs,mixed,1785154468.7708273,1785154468.7720466,1785154468.9279213,1785154471.7996738,,,
ca34e497adb7104ea4a17f38f8e725f7,70.25611109565943,4957.387467031367,115,17.5,69.87105403095484,4957.0024099666625,0.385057064704597,block1:trace,stock_fcfs,mixed,1785154468.781567,1785154468.7819526,1785154468.8518293,1785154473.7389607,,,
d5d88091912481a5370e8f515884581d,479.9612843198702,1247.1390012651682,26,100.0,478.3169369911775,1245.4946539364755,1.6443473286926746,block1:trace,stock_fcfs,mixed,1785154468.9718752,1785154468.9735198,1785154469.4518454,1785154470.219023,,,
fa46980d6c53fb042ffdc5dcda1f86fd,88.20726175326854,8794.327575713396,211,17.5,87.26793806999922,8793.388252030127,0.9393236832693219,block1:trace,stock_fcfs,mixed,1785154469.083795,1785154469.0847344,1785154469.172011,1785154477.878131,,,
d438a0f8ccd3f6aca6231d37cff76ede,183.49311803467572,3055.7701559737325,69,95.0,183.07062098756433,3055.347658926621,0.422497047111392,block1:trace,stock_fcfs,mixed,1785154469.0849757,1785154469.0853987,1785154469.2684767,1785154472.1407533,,,
5c337c4aa06bb71ecad6c1c1048d4584,83.3324067061767,21647.8951057652,548,10.0,82.28841703385115,21646.851116092876,1.0439896723255515,block1:trace,stock_fcfs,mixed,1785154469.1886866,1785154469.189731,1785154469.2720277,1785154490.83659,,,
c95c0451560500f3100c2e9974fcb221,158.48831203766167,2752.2773781092837,62,52.5,157.5249219313264,2751.3139880029485,0.9633901063352823,block1:trace,stock_fcfs,mixed,1785154469.3484876,1785154469.3494513,1785154469.5069835,1785154472.1007726,,,
00f0daca0a1cd93921335b9a0cbff421,401.0372058255598,5199.442072887905,120,217.5,400.04986501298845,5198.454732075334,0.9873408125713468,block1:trace,stock_fcfs,mixed,1785154469.6311305,1785154469.632118,1785154470.0321755,1785154474.8305807,,,
d3056c212cb319b617cbdc60a60898e3,76.56817766837776,17492.16871371027,441,15.0,75.77282399870455,17491.373360040598,0.7953536696732044,block1:trace,stock_fcfs,mixed,1785154469.955557,1785154469.9563527,1785154470.0321336,1785154487.447734,,,
4a1e22c4b6812b0590a448708ddabc59,176.03288148529828,2424.5697074802592,54,287.5,175.42635393328965,2423.9631799282506,0.6065275520086288,block1:trace,stock_fcfs,mixed,1785154470.0974789,1785154470.0980856,1785154470.2735205,1785154472.5220573,,,
77d1a8c34095b709ff61e623749bb9ac,162.005273392424,1046.2236234452575,22,110.0,161.3120879046619,1045.5304379574955,0.6931854877620935,block1:trace,stock_fcfs,mixed,1785154470.4244022,1785154470.4250958,1785154470.586417,1785154471.4706352,,,
71c138f995102b398fda90ff13638aba,80.68903617095202,3880.843563238159,90,15.0,79.93189292028546,3880.0864199874923,0.7571432506665587,block1:trace,stock_fcfs,mixed,1785154470.5870218,1785154470.587779,1785154470.6677177,1785154474.467872,,,
780905b19621b7c64531696d5a2b20ba,462.867148919031,1277.5152729591355,27,70.0,462.68962894100696,1277.3377529811114,0.1775199780240655,block1:trace,stock_fcfs,mixed,1785154470.7832024,1785154470.78338,1785154471.2460763,1785154472.0607247,,,
f74afc3e00a6eb78b5475bc41d63f2da,173.07554197032005,5967.736435937695,141,322.5,172.31054801959544,5966.971441986971,0.7649939507246017,block1:trace,stock_fcfs,mixed,1785154470.8943284,1785154470.8950934,1785154471.0674138,1785154476.8620746,,,
a6ac39901dce0f5fbf9ba60876e3edb5,196.66050095111132,1064.297969918698,22,187.5,194.8402599664405,1062.4777289340273,1.8202409846708179,block1:trace,stock_fcfs,mixed,1785154471.5221622,1785154471.5239828,1785154471.7188313,1785154472.5864692,,,
f30c9585b8b3abd64fce572ec7cd21c6,73.9541535731405,44739.30299060885,1644,15.0,72.45908793993294,44737.80792497564,1.4950656332075596,block1:trace,stock_fcfs,mixed,1785154471.6477053,1785154471.649201,1785154471.7216692,1785154516.3870182,,,
27d0eddcf7b46d1e0685d30f356a4a13,160.65235424321145,3747.6973292650655,87,115.0,160.2921939920634,3747.3371690139174,0.36016025114804506,block1:trace,stock_fcfs,mixed,1785154471.8015206,1785154471.801881,1785154471.9621806,1785154475.5492256,,,
31e92ac2ec9459262da7859903d4c53c,69.8237040778622,5140.711860032752,124,10.0,69.61196300107986,5140.50011895597,0.21174107678234577,block1:trace,stock_fcfs,mixed,1785154471.838806,1785154471.8390179,1785154471.9086351,1785154476.9795232,,,
1d5043aefb85496bbfe75c40500ed75e,160.68316902965307,2404.6628329670057,54,132.5,159.61258101742715,2403.5922449547797,1.070588012225926,block1:trace,stock_fcfs,mixed,1785154472.142989,1785154472.1440597,1785154472.3036804,1785154474.5476599,,,
2a90888288ecc36c7a7e932ceddaad63,447.444798075594,23026.05558501091,597,395.0,447.02252303250134,23025.633309967816,0.42227504309266806,block1:trace,stock_fcfs,mixed,1785154472.602914,1785154472.6033363,1785154473.0503664,1785154495.6289768,,,
5558b3142fffd0dc0d4b17751ebddcab,61.192618450149894,16258.283198461868,418,25.0,60.93660497572273,16258.02718498744,0.2560134744271636,block1:trace,stock_fcfs,mixed,1785154472.8455646,1785154472.8458207,1785154472.9067652,1785154489.1038558,,,
3ac99427681a55795db7c2bac4e70ea5,168.43757964670658,2551.685775630176,60,412.5,167.75607399176806,2551.0042699752375,0.681505654938519,block1:trace,stock_fcfs,mixed,1785154473.8749835,1785154473.8756652,1785154474.0434294,1785154476.4266777,,,
fe0030d8f43ef28681407903b625070b,86.26890950836241,6530.913274502382,165,12.5,84.88231897354126,6529.5266839675605,1.3865905348211527,block1:trace,stock_fcfs,mixed,1785154473.9571044,1785154473.9584913,1785154474.0433812,1785154480.488026,,,
6e9a5ec465e4b1d2a6883ce717855bbc,157.84572577103972,3787.800475838594,92,155.0,157.70172490738332,3787.6564749749377,0.14400086365640163,block1:trace,stock_fcfs,mixed,1785154474.034077,1785154474.0342214,1785154474.1919308,1785154477.8218856,,,
38fb67b12f449385ad372aee944624fe,62.943757977336645,4498.9541249815375,113,12.5,62.02861596830189,4498.038982972503,0.9151420090347528,block1:trace,stock_fcfs,mixed,1785154474.1692345,1785154474.1701498,1785154474.2321868,1785154478.6681972,,,
b47cf155edc621a66364c8e594e0c94c,153.81320426240563,7207.930876291357,182,160.0,153.59081595670432,7207.708487985656,0.2223883057013154,block1:trace,stock_fcfs,mixed,1785154474.297709,1785154474.2979317,1785154474.4515312,1785154481.5056486,,,
