request_id,ttft_ms,ttlt_ms,output_tokens,baseline_service_ms,send_ttft_ms,send_ttlt_ms,dispatch_lag_ms,category,policy,profile,scheduled_at_unix_s,dispatched_at_unix_s,first_token_at_unix_s,completed_at_unix_s,error
block1-000000,485.94914050772786,1120.1104385545477,43,20.0,485.43568793684244,1119.5969859836623,0.5134525708854198,block1:s1,pure_ltr,mixed,1785137984.9728699,1785137984.9733832,1785137985.4588263,1785137986.0929875,
block1-000001,227.18629916198552,3885.4394091758877,176,25.0,226.391504984349,3884.644614998251,0.7947941776365042,block1:zero_tool,pure_ltr,mixed,1785137984.97342,1785137984.9742146,1785137985.2006104,1785137988.8588629,
block1-000002,314.83695714268833,950.3663301002234,42,572.5,314.5483409753069,950.077713932842,0.28861616738140583,block1:s1,pure_ltr,mixed,1785137985.2003987,1785137985.2006872,1785137985.5152512,1785137986.1507802,
block1-000003,59.356919140554965,10625.977845164016,500,25.0,58.90524806454778,10625.526174088009,0.45167107600718737,block1:zero_tool,pure_ltr,mixed,1785137985.534631,1785137985.5350828,1785137985.5940013,1785137996.1606224,
block1-000004,127.04849883448333,3127.129207830876,149,177.5,125.01770397648215,3125.098412972875,2.0307948580011725,block1:zero_tool,pure_ltr,mixed,1785137985.6021461,1785137985.6041772,1785137985.7292037,1785137988.7292843,
block1-000005,120.19971967674792,1460.6381746707484,67,15.0,119.61712001357228,1460.0555750075728,0.5825996631756425,block1:s1,pure_ltr,mixed,1785137985.6086872,1785137985.6092699,1785137985.7288961,1785137987.0693343,
block1-000006,66.93743460346013,4266.232548630796,209,85.0,66.57919590361416,4265.87430993095,0.3582386998459697,block1:zero_tool,pure_ltr,mixed,1785137985.855164,1785137985.8555224,1785137985.9221141,1785137990.1214092,
block1-000007,59.198771603405476,3390.3751756297424,163,287.5,58.84437798522413,3390.020782011561,0.35439361818134785,block1:zero_tool,pure_ltr,mixed,1785137985.862852,1785137985.8632066,1785137985.9220634,1785137989.2532394,
block1-000008,62.29392171371728,2564.9021057179198,121,412.5,61.40331004280597,2564.0114940470085,0.8906116709113121,block1:zero_tool,pure_ltr,mixed,1785137986.502412,1785137986.5033028,1785137986.5647144,1785137989.0673227,
block1-000009,400.1763971755281,977.1905532106757,44,145.0,399.27340601570904,976.2875620508566,0.9029911598190665,block1:s2,pure_ltr,mixed,1785137986.5721912,1785137986.5730941,1785137986.972374,1785137987.5493882,
block1-000010,96.56109497882426,3398.4121900284663,164,117.5,95.5915559316054,3397.4426509812474,0.9695390472188592,block1:zero_tool,pure_ltr,mixed,1785137986.6121507,1785137986.6131208,1785137986.7087238,1785137990.0105746,
block1-000011,317.9216436110437,895.459747640416,43,287.5,317.6482720300555,895.1863760594279,0.2733715809881687,block1:s2,pure_ltr,mixed,1785137986.8851624,1785137986.8854358,1785137987.203093,1785137987.7806315,
block1-000012,65.60391967650503,3193.357455660589,156,15.0,64.49204101227224,3192.2455769963562,1.1118786642327905,block1:zero_tool,pure_ltr,mixed,1785137987.6763682,1785137987.6774802,1785137987.7419794,1785137990.8697324,
block1-000013,385.7255222974345,1000.1494542229921,44,20.0,385.5382250621915,999.962156987749,0.18729723524302244,block1:s2,pure_ltr,mixed,1785137987.9157956,1785137987.9159832,1785137988.3015294,1785137988.915953,
block1-000014,302.23794910125434,799.6810250915587,36,12.5,301.28577700816095,798.7288529984653,0.9521720930933952,block1:s2,pure_ltr,mixed,1785137988.154405,1785137988.1553576,1785137988.456653,1785137988.954096,
block1-000015,279.33825296349823,766.3213970372453,34,545.0,278.2588709378615,765.2420150116086,1.0793820256367326,block1:s2,pure_ltr,mixed,1785137988.7120032,1785137988.7130826,1785137988.9913511,1785137989.4783342,
block1-000016,405.55102098733187,1012.3239239910617,48,155.0,404.91731092333794,1011.6902139270678,0.6337100639939308,block1:s3,pure_ltr,mixed,1785137989.1095443,1785137989.110178,1785137989.5151043,1785137990.1218772,
block1-000017,58.06419625878334,3261.4163532853127,161,287.5,57.15473194140941,3260.5068889679387,0.9094643173739314,block1:zero_tool,pure_ltr,mixed,1785137989.5163758,1785137989.5172853,1785137989.5744483,1785137992.7778008,
block1-000018,52.374438964761794,2835.091807995923,139,12.5,51.92720703780651,2834.6445760689676,0.4472319269552827,block1:zero_tool,pure_ltr,mixed,1785137989.7313354,1785137989.7317827,1785137989.7837183,1785137992.5664358,
block1-000019,406.4958357485011,1039.612555759959,48,100.0,405.6880989810452,1038.804818992503,0.8077367674559355,block1:s3,pure_ltr,mixed,1785137990.182885,1785137990.1836925,1785137990.5893884,1785137991.2225046,
block1-000020,67.24676466546953,2995.555011671968,147,572.5,66.25680695287883,2994.565053959377,0.9899577125906944,block1:zero_tool,pure_ltr,mixed,1785137990.4476185,1785137990.4486084,1785137990.5148728,1785137993.443181,
block1-000021,345.9172360599041,986.4522360730916,43,10.0,344.88807700108737,985.4230770142749,1.029159058816731,block1:s3,pure_ltr,mixed,1785137990.9316487,1785137990.9326782,1785137991.2775745,1785137991.9181097,
block1-000022,500.9149513207376,1112.0089723262936,49,412.5,499.641548958607,1110.735569964163,1.2734023621305823,block1:s3,pure_ltr,mixed,1785137991.4355068,1785137991.4367802,1785137991.93643,1785137992.5475237,
block1-000023,313.42787272296846,962.6520687015727,43,15.0,312.27954698260874,961.503742961213,1.1483257403597236,block1:s3,pure_ltr,mixed,1785137991.547074,1785137991.5482225,1785137991.8605108,1785137992.5097349,
block1-000024,60.669043799862266,3922.845859779045,173,10.0,59.620435000397265,3921.79725097958,1.0486087994650006,block1:zero_tool,pure_ltr,mixed,1785137991.7429388,1785137991.7439876,1785137991.803617,1785137995.6657941,
block1-000025,428.062797174789,1055.711072171107,48,152.5,427.0132500678301,1054.661525064148,1.0495471069589257,block1:s4,pure_ltr,mixed,1785137991.9780009,1785137991.9790504,1785137992.4060712,1785137993.0337195,
block1-000026,56.172069744206965,4371.5162427397445,190,132.5,55.063458043150604,4370.407631038688,1.1086117010563612,block1:zero_tool,pure_ltr,mixed,1785137992.3569076,1785137992.358017,1785137992.4130912,1785137996.728435,
block1-000027,401.9243831280619,1000.5688490346074,48,320.0,400.5132830934599,999.1577490000054,1.4111000346019864,block1:s4,pure_ltr,mixed,1785137992.7428663,1785137992.7442777,1785137993.1448011,1785137993.7434454,
block1-000028,520.0366789940745,1454.7163560055196,48,17.5,519.4788139779121,1454.1584909893572,0.5578650161623955,block1:s4,pure_ltr,mixed,1785137993.9135551,1785137993.914113,1785137994.4336023,1785137995.3682818,
block1-000029,481.79523029830307,1447.8715203003958,48,322.5,480.9086410095915,1446.9849310116842,0.8865892887115479,block1:s4,pure_ltr,mixed,1785137993.9896255,1785137993.9905121,1785137994.471431,1785137995.4375072,
block1-000030,443.1979695800692,1442.985565518029,48,95.0,442.46259809006006,1442.25019402802,0.735371490009129,block1:s4,pure_ltr,mixed,1785137994.0851912,1785137994.0859268,1785137994.5283983,1785137995.5281856,
block1-000031,496.4703811565414,1427.305378136225,48,132.5,495.5315509578213,1426.366547937505,0.9388301987200975,block1:s4,pure_ltr,mixed,1785137994.2738037,1785137994.2747428,1785137994.7702837,1785137995.701119,
block1-000032,494.2814763635397,1266.8244913220406,43,280.0,493.6693550553173,1266.2123700138181,0.6121213082224131,block1:s1,pure_ltr,mixed,1785137994.4998405,1785137994.5004528,1785137994.9941335,1785137995.7666767,
block1-000033,124.71984757576138,1857.7546775341034,71,10.0,124.0538569400087,1857.0886868983507,0.6659906357526779,block1:s1,pure_ltr,mixed,1785137994.5842853,1785137994.5849514,1785137994.7090151,1785137996.4420497,
block1-000034,99.51637382619083,4468.337758793496,198,15.0,98.68488705251366,4467.506272019818,0.8314867736771703,block1:zero_tool,pure_ltr,mixed,1785137994.6319873,1785137994.632819,1785137994.7315114,1785137999.100333,
block1-000035,134.67213313560933,1953.706665080972,75,10.0,134.49753902386874,1953.5320709692314,0.17459411174058914,block1:s1,pure_ltr,mixed,1785137994.7742655,1785137994.7744403,1785137994.9089477,1785137996.727982,
block1-000036,481.1440780758858,1063.3584191091359,36,105.0,480.2699419669807,1062.4842830002308,0.874136108905077,block1:s1,pure_ltr,mixed,1785137994.847348,1785137994.8482225,1785137995.3285015,1785137995.9107158,
block1-000037,363.95236966200173,946.7159085907042,34,170.0,363.48563607316464,946.2491750018671,0.46673358883708715,block1:s1,pure_ltr,mixed,1785137994.9643795,1785137994.9648464,1785137995.3283415,1785137995.9111047,
block1-000038,421.69109266251326,1053.6691456800327,43,12.5,421.44308506976813,1053.4211380872875,0.2480075927451253,block1:s1,pure_ltr,mixed,1785137995.1455903,1785137995.1458385,1785137995.567291,1785137996.1992693,
block1-000039,119.34693239163607,1582.3345594108105,68,145.0,118.89860103838146,1581.8862280575559,0.44833135325461626,block1:s1,pure_ltr,mixed,1785137995.3693447,1785137995.3697932,1785137995.4887009,1785137996.9516888,
block1-000040,60.65172085072845,8224.867204786278,385,10.0,59.91835403256118,8224.133837968111,0.7333668181672692,block1:zero_tool,pure_ltr,mixed,1785137995.6473348,1785137995.6480684,1785137995.7079961,1785138003.8722117,
block1-000041,328.72637442778796,896.2794864783064,36,17.5,327.625114005059,895.1782260555774,1.1012604227289557,block1:s2,pure_ltr,mixed,1785137995.7738552,1785137995.7749567,1785137996.1025896,1785137996.670143,
block1-000042,90.57704033330083,1407.701469375752,64,145.0,89.52913293614984,1406.653561978601,1.0479073971509933,block1:s2,pure_ltr,mixed,1785137996.1794593,1785137996.1805072,1785137996.270044,1785137997.5871687,
block1-000043,373.7133744871244,1038.2704884978011,45,17.5,372.68619996029884,1037.2433139709756,1.0271745268255472,block1:s2,pure_ltr,mixed,1785137996.429008,1785137996.430035,1785137996.802728,1785137997.4672852,
block1-000044,326.56097458675504,835.9453466255218,35,412.5,326.0320679983124,835.4164400370792,0.5289065884426236,block1:s2,pure_ltr,mixed,1785137996.4382124,1785137996.438742,1785137996.7647822,1785137997.2741668,
block1-000045,53.61027445178479,2976.4563164208084,143,572.5,52.54771397449076,2975.3937559435144,1.0625604772940278,block1:zero_tool,pure_ltr,mixed,1785137996.5771918,1785137996.5782547,1785137996.6308098,1785137999.5536559,
block1-000046,63.94157442264259,7129.125885432586,336,107.5,63.270965940319,7128.4552769502625,0.6706084823235869,block1:zero_tool,pure_ltr,mixed,1785137996.8939452,1785137996.8946161,1785137996.957893,1785138004.0230775,
block1-000047,286.69745940715075,731.0009713983163,34,10.0,285.79131001606584,730.0948220072314,0.9061493910849094,block1:s2,pure_ltr,mixed,1785137996.9875996,1785137996.9885058,1785137997.274305,1785137997.7186086,
block1-000048,59.01944148354232,2925.060649518855,142,10.0,58.56691801454872,2924.6081260498613,0.4525234689936042,block1:zero_tool,pure_ltr,mixed,1785137997.2207234,1785137997.221176,1785137997.2797508,1785138000.145792,
block1-000049,64.1868410166353,2660.7141150161624,128,17.5,63.170075067318976,2659.697349066846,1.0167659493163228,block1:zero_tool,pure_ltr,mixed,1785137997.409204,1785137997.4102213,1785137997.473399,1785138000.0699265,
block1-000050,437.9775890847668,1092.7536491071805,48,160.0,436.9165829848498,1091.6926430072635,1.0610060999169946,block1:s3,pure_ltr,mixed,1785137998.0650954,1785137998.0661566,1785137998.5030823,1785137999.1578586,
block1-000051,278.8820213172585,895.1218883739784,39,17.5,278.05260196328163,894.2924690200016,0.8294193539768457,block1:s3,pure_ltr,mixed,1785137998.342102,1785137998.3429315,1785137998.6209924,1785137999.2372324,
block1-000052,404.1340711992234,1091.759871225804,48,170.0,403.71385402977467,1091.3396540563554,0.42021716944873333,block1:s3,pure_ltr,mixed,1785137998.5796905,1785137998.5801105,1785137998.983832,1785137999.6714575,
block1-000053,72.40832829847932,3591.0637833876535,166,160.0,70.68160397466272,3589.337059063837,1.7267243238165975,block1:zero_tool,pure_ltr,mixed,1785137998.8536787,1785137998.8554056,1785137998.9260945,1785138002.44475,
block1-000054,491.14011391066015,947.0427439082414,43,282.5,490.2721850667149,946.1748150642961,0.8679288439452648,block1:s3,pure_ltr,mixed,1785137999.1989515,1785137999.1998193,1785137999.6901,1785138000.1460028,
block1-000055,404.81559734325856,1049.065706320107,48,282.5,404.15588300675154,1048.4059919836,0.6597143365070224,block1:s3,pure_ltr,mixed,1785137999.4372003,1785137999.43786,1785137999.842024,1785138000.4862745,
block1-000056,68.00058309454471,3307.7950180741027,154,115.0,67.01629504095763,3306.8107300205156,0.984288053587079,block1:zero_tool,pure_ltr,mixed,1785137999.526095,1785137999.5270793,1785137999.5941033,1785138002.833898,
block1-000057,56.114165228791535,3647.3069491330534,165,15.0,55.68602599669248,3646.8788099009544,0.42813923209905624,block1:zero_tool,pure_ltr,mixed,1785138000.1297085,1785138000.1301367,1785138000.1858304,1785138003.7770233,
block1-000058,446.1508756503463,1212.8987467149273,48,105.0,445.77817793469876,1212.5260489992797,0.37269771564751863,block1:s4,pure_ltr,mixed,1785138000.212071,1785138000.2124436,1785138000.6582277,1785138001.4249759,
block1-000059,490.4091819189489,1224.819841911085,49,25.0,489.29685808252543,1223.7075180746615,1.1123238364234567,block1:s4,pure_ltr,mixed,1785138000.5428874,1785138000.5439997,1785138001.0333047,1785138001.767715,
block1-000060,505.00267813913524,1220.4461201326922,48,412.5,504.48362599126995,1219.9270679848269,0.5190521478652954,block1:s4,pure_ltr,mixed,1785138000.5846212,1785138000.5851402,1785138001.0896304,1785138001.805074,
block1-000061,495.25206617545336,1168.1438661180437,48,282.5,494.97146205976605,1167.8632620023564,0.2806041156873107,block1:s4,pure_ltr,mixed,1785138000.7913966,1785138000.7916775,1785138001.2866554,1785138001.9595473,
block1-000062,445.4651817213744,1119.3898597266525,48,15.0,444.8232699651271,1118.7479479704052,0.641911756247282,block1:s4,pure_ltr,mixed,1785138000.9596481,1785138000.96029,1785138001.4051208,1785138002.0790453,
block1-000063,413.652723422274,1086.0736544709653,48,282.5,412.7004600595683,1085.1213911082596,0.9522633627057076,block1:s4,pure_ltr,mixed,1785138001.1477325,1785138001.1486847,1785138001.5613928,1785138002.2338138,
block1-000064,104.830302298069,6931.714132311754,323,10.0,104.03436294291168,6930.918192956597,0.7959393551573157,block1:zero_tool,pure_ltr,mixed,1785138001.1590955,1785138001.1598914,1785138001.2639322,1785138008.0908158,
block1-000065,94.33850983623415,3862.0634159306064,178,282.5,94.13085994310677,3861.855766037479,0.2076498931273818,block1:zero_tool,pure_ltr,mixed,1785138001.1925495,1785138001.1927576,1785138001.2868989,1785138005.0546243,
block1-000066,349.26029457710683,924.6591834817082,43,12.5,348.8604760495946,924.2593649541959,0.39981852751225233,block1:s1,pure_ltr,mixed,1785138001.690782,1785138001.691182,1785138002.0400515,1785138002.6154504,
block1-000067,56.82954145595431,3181.695864419453,146,140.0,55.689756060019135,3180.5560790235177,1.1397853959351778,block1:zero_tool,pure_ltr,mixed,1785138001.9829965,1785138001.9841363,1785138002.0398335,1785138005.1646996,
block1-000068,323.7886799033731,967.5877708941698,39,10.0,322.969036991708,966.7681279825047,0.8196429116651416,block1:s1,pure_ltr,mixed,1785138002.7520826,1785138002.752902,1785138003.0758793,1785138003.7196782,
block1-000069,120.53154385648668,1397.4872948601842,60,15.0,120.00100803561509,1396.9567590393126,0.5305358208715916,block1:s1,pure_ltr,mixed,1785138003.4716978,1785138003.4722283,1785138003.5922384,1785138004.8691938,
block1-000070,191.2990337004885,11208.681371761486,509,12.5,190.86134294047952,11208.243681001477,0.43769076000899076,block1:zero_tool,pure_ltr,mixed,1785138003.4896982,1785138003.490136,1785138003.6810052,1785138014.6983879,
block1-000071,183.42929566279054,1667.5081736175343,69,177.5,183.0503640230745,1667.1292419778183,0.37893163971602917,block1:s1,pure_ltr,mixed,1785138003.497497,1785138003.497876,1785138003.680934,1785138005.1650126,
block1-000072,299.52510085422546,1059.4166008522734,41,105.0,299.09270303323865,1058.9842030312866,0.43239782098680735,block1:s2,pure_ltr,mixed,1785138004.3324714,1785138004.3329039,1785138004.6320045,1785138005.3918958,
block1-000073,320.1794389169663,1046.5211808914319,40,20.0,319.406826980412,1045.7485689548776,0.7726119365543127,block1:s2,pure_ltr,mixed,1785138004.6572948,1785138004.6580675,1785138004.9774833,1785138005.7038248,
block1-000074,88.51243124809116,10831.557001220062,499,545.0,87.92600699234754,10830.970576964319,0.5864242557436228,block1:zero_tool,pure_ltr,mixed,1785138004.852021,1785138004.8526075,1785138004.940543,1785138015.6835873,
block1-000075,64.75595745723695,3261.26363244839,151,357.5,63.26094502583146,3259.7686200169846,1.4950124314054847,block1:zero_tool,pure_ltr,mixed,1785138004.8869405,1785138004.8884356,1785138004.9517043,1785138008.148212,
block1-000076,96.33467381354421,3047.5102458149195,142,282.5,94.69980804715306,3045.8753800485283,1.634865766391158,block1:zero_tool,pure_ltr,mixed,1785138004.9298475,1785138004.9314823,1785138005.0261898,1785138007.9773653,
block1-000077,342.74979203473777,982.6800529845059,41,115.0,342.4612139351666,982.3914748849347,0.2885780995711684,block1:s2,pure_ltr,mixed,1785138004.952539,1785138004.9528277,1785138005.2952983,1785138005.9352286,
block1-000078,88.53870735038072,1427.5972553296015,67,50.0,87.98620698507875,1427.0447549642995,0.5525003653019667,block1:s2,pure_ltr,mixed,1785138005.0562568,1785138005.0568092,1785138005.144802,1785138006.4838605,
block1-000079,315.44877134729177,780.3828764008358,34,160.0,314.9343089899048,779.8684140434489,0.5144623573869467,block1:s2,pure_ltr,mixed,1785138005.2312624,1785138005.231777,1785138005.5467181,1785138006.0116525,
block1-000080,83.33854796364903,2978.2185159856454,142,115.0,82.75571197737008,2977.6356799993664,0.5828359862789512,block1:zero_tool,pure_ltr,mixed,1785138005.4171047,1785138005.4176877,1785138005.500451,1785138008.3953307,
block1-000081,259.23070090357214,720.8741848589852,33,60.0,258.1948370207101,719.8383209761232,1.0358638828620315,block1:s3,pure_ltr,mixed,1785138005.4239304,1785138005.4249663,1785138005.6831675,1785138006.144811,
block1-000082,92.92794414795935,3776.70488122385,161,10.0,92.02424599789083,3775.8011830737814,0.9036981500685215,block1:zero_tool,pure_ltr,mixed,1785138007.0213034,1785138007.0222073,1785138007.1142395,1785138010.7980165,
block1-000083,248.74589848332107,976.395366480574,41,115.0,248.20175394415855,975.8512219414115,0.5441445391625166,block1:s3,pure_ltr,mixed,1785138007.0428958,1785138007.04344,1785138007.2916486,1785138008.019298,
block1-000084,478.2576832221821,1217.6143391989172,48,17.5,477.84873901400715,1217.2053949907422,0.4089442081749439,block1:s3,pure_ltr,mixed,1785138007.420447,1785138007.420856,1785138007.8987122,1785138008.6380684,
block1-000085,468.7650038395077,1135.5016498127952,46,145.0,468.4493560343981,1135.1860020076856,0.3156478051096201,block1:s3,pure_ltr,mixed,1785138007.6597555,1785138007.6600714,1785138008.128528,1785138008.7952647,
block1-000086,481.8638446740806,1136.3435256062075,46,155.0,481.0624000383541,1135.542080970481,0.8014446357265115,block1:s3,pure_ltr,mixed,1785138007.6659606,1785138007.6667624,1785138008.147832,1785138008.8023114,
block1-000087,298.1160356430337,994.5402116281912,43,22.5,297.5395870162174,993.9637630013749,0.5764486268162727,block1:s3,pure_ltr,mixed,1785138007.9830184,1785138007.983595,1785138008.2811427,1785138008.977567,
block1-000088,440.6576760811731,1095.6626860424876,48,110.0,440.0328230112791,1095.0378329725936,0.6248530698940158,block1:s4,pure_ltr,mixed,1785138008.319463,1785138008.320088,1785138008.7601275,1785138009.4151325,
block1-000089,410.1928916061297,1080.9266176074743,48,20.0,409.1159990057349,1079.8497250070795,1.0768926003947854,block1:s4,pure_ltr,mixed,1785138008.410576,1785138008.411653,1785138008.8207767,1785138009.4915102,
block1-000090,55.972968926653266,3358.1773719051853,147,170.0,55.08988699875772,3357.2942899772897,0.883081927895546,block1:zero_tool,pure_ltr,mixed,1785138008.5886939,1785138008.5895772,1785138008.6446755,1785138011.94688,
block1-000091,53.717647679150105,3861.6893716389313,172,50.0,53.428712068125606,3861.400436027907,0.28893561102449894,block1:zero_tool,pure_ltr,mixed,1785138008.748696,1785138008.748985,1785138008.8024209,1785138012.6103926,
block1-000092,66.47963169962168,3151.0258157504722,136,15.0,65.97226799931377,3150.5184520501643,0.5073637003079057,block1:zero_tool,pure_ltr,mixed,1785138008.8916793,1785138008.8921866,1785138008.9581661,1785138012.0427122,
block1-000093,429.5374337816611,1137.3593967873603,48,60.0,428.8455650676042,1136.6675280733034,0.6918687140569091,block1:s4,pure_ltr,mixed,1785138009.1166935,1785138009.1173854,1785138009.546238,1785138010.25406,
block1-000094,408.28416030853987,1256.9476442877203,48,307.5,407.92808204423636,1256.5915660234168,0.3560782643035054,block1:s4,pure_ltr,mixed,1785138009.4058268,1785138009.4061832,1785138009.8141193,1785138010.6627831,
block1-000095,100.2845133189112,3518.8909432617947,150,92.5,98.77920697908849,3517.385636921972,1.5053063398227096,block1:zero_tool,pure_ltr,mixed,1785138009.8023522,1785138009.8038576,1785138009.902646,1785138013.3212523,
block1-000096,381.8245832808316,1189.470010343939,43,135.0,381.5182358957827,1189.1636629588902,0.30634738504886627,block1:s1,pure_ltr,mixed,1785138009.812928,1785138009.8132343,1785138010.1947608,1785138011.002406,
block1-000097,128.1244931742549,1766.8564030900598,71,115.0,127.52340699080378,1766.2553169066086,0.6010861834511161,block1:s1,pure_ltr,mixed,1785138009.9309614,1785138009.9315624,1785138010.0590928,1785138011.6978245,
block1-000098,554.1062105912715,1185.7280445983633,44,412.5,553.8870489690453,1185.508882976137,0.21916162222623825,block1:s1,pure_ltr,mixed,1785138010.278753,1785138010.2789721,1785138010.832867,1785138011.4644887,
block1-000099,473.7892239354551,987.1588950045407,36,282.5,473.06909202598035,986.438763095066,0.7201319094747305,block1:s1,pure_ltr,mixed,1785138010.358993,1785138010.359713,1785138010.8327894,1785138011.3461592,
block1-000100,389.0858655795455,1027.3700015386567,42,170.0,388.6343559715897,1026.9184919307008,0.4515096079558134,block1:s1,pure_ltr,mixed,1785138010.5932415,1785138010.5936935,1785138010.9823356,1785138011.6206195,
block1-000101,332.7433252707124,854.9517212668434,34,15.0,331.6982230171561,853.9066190132871,1.0451022535562515,block1:s1,pure_ltr,mixed,1785138010.6492069,1785138010.650252,1785138010.981959,1785138011.5041678,
block1-000102,72.46541464701295,2943.2369786081836,134,135.0,72.00531102716923,2942.77687498834,0.4601036198437214,block1:zero_tool,pure_ltr,mixed,1785138010.7668712,1785138010.7673314,1785138010.839345,1785138013.7101166,
block1-000103,60.165634262375534,2926.140952273272,134,105.0,59.36683597974479,2925.3421539906412,0.7987982826307416,block1:zero_tool,pure_ltr,mixed,1785138010.822527,1785138010.8233256,1785138010.8826997,1785138013.748675,
block1-000104,284.4603300327435,848.2683609472588,37,95.0,284.1557750944048,847.9638060089201,0.30455493833869696,block1:s2,pure_ltr,mixed,1785138011.021325,1785138011.0216298,1785138011.3057933,1785138011.8696012,
block1-000105,71.00993965286762,3938.847395591438,185,160.0,70.64820406958461,3938.485660008155,0.36173558328300714,block1:zero_tool,pure_ltr,mixed,1785138011.7261844,1785138011.7265463,1785138011.7972012,1785138015.6650386,
block1-000106,88.29363062977791,1461.245275568217,64,70.0,87.79446699190885,1460.746111930348,0.49916363786906004,block1:s2,pure_ltr,mixed,1785138011.7815826,1785138011.7820818,1785138011.869885,1785138013.2428365,
block1-000107,91.13949502352625,1672.5630030268803,74,95.0,90.76212905347347,1672.1856370568275,0.3773659700527787,block1:s2,pure_ltr,mixed,1785138012.249996,1785138012.2503734,1785138012.341142,1785138013.9225655,
block1-000108,375.9897012496367,842.7071912446991,35,322.5,375.52114203572273,842.2386320307851,0.46855921391397715,block1:s2,pure_ltr,mixed,1785138012.5961916,1785138012.5966604,1785138012.9721885,1785138013.438906,
block1-000109,403.7798576755449,1028.999728616327,44,110.0,403.5234950715676,1028.7433660123497,0.2563626039773226,block1:s2,pure_ltr,mixed,1785138012.7586348,1785138012.7588913,1785138013.1624212,1785138013.787641,
block1-000110,126.83347752317786,1396.3106685550883,64,17.5,126.3740099966526,1395.851201028563,0.459467526525259,block1:s2,pure_ltr,mixed,1785138012.7917864,1785138012.792246,1785138012.918626,1785138014.1881032,
block1-000111,81.60972932819277,3477.2840252844617,165,110.0,80.63253806903958,3476.3068340253085,0.9771912591531873,block1:zero_tool,pure_ltr,mixed,1785138012.9030416,1785138012.9040186,1785138012.9846585,1785138016.380333,
block1-000112,78.43916967976838,2796.018123626709,135,107.5,77.64116500038654,2795.220118947327,0.7980046793818474,block1:zero_tool,pure_ltr,mixed,1785138012.9057472,1785138012.9065454,1785138012.984196,1785138015.7017746,
block1-000113,76.45160472020507,2663.253713748418,128,95.0,75.395911000669,2662.1980200288817,1.055693719536066,block1:zero_tool,pure_ltr,mixed,1785138012.9080727,1785138012.9091284,1785138012.9845314,1785138015.5713336,
block1-000114,365.86635967250913,822.5150966318324,38,25.0,365.57664000429213,822.2253769636154,0.28971966821700335,block1:s3,pure_ltr,mixed,1785138013.478739,1785138013.4790287,1785138013.8446128,1785138014.3012617,
block1-000115,319.2768532317132,927.9485942097381,39,105.0,318.68354696780443,927.3552879458293,0.5933062639087439,block1:s3,pure_ltr,mixed,1785138014.4355376,1785138014.4361312,1785138014.754824,1785138015.3634953,
block1-000116,335.57960856705904,944.2644095979631,41,10.0,334.5611549448222,943.2459559757262,1.0184536222368479,block1:s3,pure_ltr,mixed,1785138014.4952636,1785138014.496282,1785138014.830851,1785138015.439536,
block1-000117,72.00376805849373,2558.056957088411,119,320.0,71.25315105076879,2557.306340080686,0.7506170077249408,block1:zero_tool,pure_ltr,mixed,1785138014.587414,1785138014.5881648,1785138014.6594253,1785138017.1454785,
block1-000118,457.2984464466572,948.1863514520228,43,20.0,456.6963940160349,947.5842990214005,0.6020524306222796,block1:s3,pure_ltr,mixed,1785138015.1510348,1785138015.151637,1785138015.608342,1785138016.09923,
block1-000119,315.0641187094152,1083.2058247178793,44,307.5,314.4878390012309,1082.629545009695,0.5762797081843019,block1:s3,pure_ltr,mixed,1785138015.723568,1785138015.7241445,1785138016.0386395,1785138016.8067813,
block1-000120,504.0732780471444,1143.6364849796519,48,172.5,503.7265920545906,1143.289798987098,0.34668599255383015,block1:s4,pure_ltr,mixed,1785138016.0578628,1785138016.05821,1785138016.561944,1785138017.2015073,
block1-000121,478.33010531030595,1116.8151143938303,48,20.0,477.95914695598185,1116.4441560395062,0.3709583543241024,block1:s4,pure_ltr,mixed,1785138016.196332,1785138016.196703,1785138016.6746697,1785138017.3131547,
block1-000122,432.35739623196423,1071.2299952283502,48,155.0,431.2498359940946,1070.1224349904805,1.1075602378696203,block1:s4,pure_ltr,mixed,1785138016.3358676,1785138016.3369753,1785138016.7682345,1785138017.407107,
block1-000123,428.74432750977576,1067.2271974617615,48,140.0,428.0458519933745,1066.5287219453603,0.6984755164012313,block1:s4,pure_ltr,mixed,1785138016.358605,1785138016.3593035,1785138016.7873561,1785138017.425839,
block1-000124,398.4887496335432,991.1799966357648,48,95.0,397.43450505193323,990.1257520541549,1.0542445816099644,block1:s4,pure_ltr,mixed,1785138016.8957415,1785138016.8967957,1785138017.294238,1785138017.8869295,
block1-000125,84.97758058365434,3078.3565116580576,136,287.5,82.92168693151325,3076.3006180059165,2.055893652141094,block1:zero_tool,pure_ltr,mixed,1785138016.9279506,1785138016.9300065,1785138017.0129359,1785138020.006315,
block1-000126,437.6937769120559,1210.9334910055622,48,15.0,436.839465983212,1210.0791800767183,0.8543109288439155,block1:s4,pure_ltr,mixed,1785138018.0477924,1785138018.0486467,1785138018.485494,1785138019.2587335,
block1-000127,463.3392059477046,1385.0564229069278,48,20.0,462.6963110640645,1384.4135280232877,0.6428948836401105,block1:s4,pure_ltr,mixed,1785138018.292744,1785138018.2933867,1785138018.7560909,1785138019.677808,
block1-000128,90.60934581793845,4391.544622834772,192,110.0,90.02834395505488,4390.963620971888,0.5810018628835678,block1:zero_tool,pure_ltr,mixed,1785138018.31989,1785138018.3204713,1785138018.410508,1785138022.7114432,
block1-000129,126.37811864260584,1800.015874672681,71,17.5,125.10055501479656,1798.7383110448718,1.2775636278092861,block1:s1,pure_ltr,mixed,1785138018.5891173,1785138018.590395,1785138018.7155035,1785138020.3891408,
block1-000130,128.660149872303,3724.5256057940423,160,75.0,127.90945905726403,3723.7749149790034,0.750690815038979,block1:zero_tool,pure_ltr,mixed,1785138018.6086495,1785138018.6094003,1785138018.7373185,1785138022.333184,
block1-000131,372.4943444831297,1063.9360495842993,36,117.5,371.16469896864146,1062.606404069811,1.3296455144882202,block1:s1,pure_ltr,mixed,1785138018.9230392,1785138018.924369,1785138019.2955408,1785138019.9869823,
block1-000132,310.2076998911798,1071.812232839875,39,15.0,309.4520450104028,1071.056577959098,0.7556548807770014,block1:s1,pure_ltr,mixed,1785138019.1219485,1785138019.1227043,1785138019.4321642,1785138020.1937687,
block1-000133,119.63176028802991,1492.481185356155,62,117.5,119.39540295861661,1492.2448280267417,0.2363573294132948,block1:s1,pure_ltr,mixed,1785138019.2938366,1785138019.294073,1785138019.4134758,1785138020.7863252,
block1-000134,459.89858731627464,1084.5569563098252,43,160.0,459.21200595330447,1083.870374946855,0.6865813629701734,block1:s1,pure_ltr,mixed,1785138019.4289522,1785138019.4296389,1785138019.8888588,1785138020.5135174,
block1-000135,335.12011996936053,781.2085479963571,31,10.0,334.66732199303806,780.7557500200346,0.4527979763224721,block1:s1,pure_ltr,mixed,1785138019.4760706,1785138019.4765236,1785138019.8111987,1785138020.2572873,
block1-000136,350.3777652513236,962.7707852050662,41,15.0,350.04471498541534,962.437734939158,0.33305026590824127,block1:s2,pure_ltr,mixed,1785138019.5579116,1785138019.5582447,1785138019.9082973,1785138020.5206902,
block1-000137,59.53544471412897,4152.846398646943,197,115.0,58.879828080534935,4152.190782013349,0.6556166335940361,block1:zero_tool,pure_ltr,mixed,1785138020.1403503,1785138020.141006,1785138020.1998925,1785138024.2932034,
block1-000138,310.65937445964664,813.0866044666618,36,107.5,308.62320598680526,811.0504359938204,2.036168472841382,block1:s2,pure_ltr,mixed,1785138020.3587306,1785138020.3607666,1785138020.6693978,1785138021.171825,
block1-000139,70.0502519030124,3107.380396919325,145,550.0,69.65272000525147,3106.982865021564,0.3975318977609277,block1:zero_tool,pure_ltr,mixed,1785138020.4503791,1785138020.4507768,1785138020.5204368,1785138023.5577667,
block1-000140,57.43980989791453,6297.04873485025,306,152.5,56.634712032973766,6296.243636985309,0.8050978649407625,block1:zero_tool,pure_ltr,mixed,1785138020.6527555,1785138020.6535606,1785138020.7102022,1785138026.9498112,
block1-000141,359.2961038229987,1036.5979907801375,44,10.0,359.0318880742416,1036.3337750313804,0.26421574875712395,block1:s2,pure_ltr,mixed,1785138020.8308141,1785138020.8310783,1785138021.1901176,1785138021.8674197,
block1-000142,363.75040165148675,864.8477626265958,36,322.5,363.0721620284021,864.1695230035111,0.6782396230846643,block1:s2,pure_ltr,mixed,1785138021.1976018,1785138021.19828,1785138021.5613601,1785138022.0624573,
block1-000143,295.80155201256275,801.5307959867641,34,15.0,295.41944805532694,801.1486920295283,0.38210395723581314,block1:s2,pure_ltr,mixed,1785138021.359752,1785138021.360134,1785138021.65556,1785138022.161289,
block1-000144,400.0220614252612,1093.3702593902126,48,107.5,399.89303704351187,1093.2412350084633,0.12902438174933195,block1:s3,pure_ltr,mixed,1785138021.4858406,1785138021.4859698,1785138021.8858707,1785138022.5792189,
block1-000145,58.01792407874018,2608.2829571096227,126,322.5,57.732390938326716,2607.997423969209,0.2855331404134631,block1:zero_tool,pure_ltr,mixed,1785138021.9077935,1785138021.9080791,1785138021.965818,1785138024.5160828,
block1-000146,412.474941695109,1054.7495177015662,48,297.5,411.6049059666693,1053.8794819731265,0.8700357284396887,block1:s3,pure_ltr,mixed,1785138021.9770699,1785138021.97794,1785138022.3895512,1785138023.031826,
block1-000147,57.55115463398397,3316.8739246902987,166,12.5,57.13848094455898,3316.4612510008737,0.4126736894249916,block1:zero_tool,pure_ltr,mixed,1785138022.0832634,1785138022.083676,1785138022.1408222,1785138025.4001448,
block1-000148,396.3565528392792,1073.9894869038835,48,172.5,396.099393023178,1073.7323270877823,0.25715981610119343,block1:s3,pure_ltr,mixed,1785138022.4652317,1785138022.465489,1785138022.861595,1785138023.539228,
block1-000149,385.018095606938,986.8494506226853,43,357.5,383.60734400339425,985.4386990191415,1.4107516035437584,block1:s3,pure_ltr,mixed,1785138023.077181,1785138023.078592,1785138023.4622066,1785138024.064038,
block1-000150,402.54713816102594,1043.8980842009187,48,107.5,400.51262406632304,1041.8635701062158,2.0345140947028995,block1:s3,pure_ltr,mixed,1785138023.3237057,1785138023.3257406,1785138023.7262616,1785138024.3676126,
block1-000151,306.5407566027716,932.372699608095,44,105.0,304.87682996317744,930.7087729685009,1.6639266395941377,block1:s3,pure_ltr,mixed,1785138023.85104,1785138023.8527038,1785138024.157587,1785138024.7834191,
block1-000152,66.25387456733733,2742.5264585763216,136,15.0,65.20193698816001,2741.4745209971443,1.05193757917732,block1:zero_tool,pure_ltr,mixed,1785138024.2077143,1785138024.2087665,1785138024.2739754,1785138026.9502482,
block1-000153,61.169996624812484,3056.882991688326,147,22.5,60.90489495545626,3056.61789001897,0.2651016693562269,block1:zero_tool,pure_ltr,mixed,1785138024.5140648,1785138024.5143301,1785138024.575242,1785138027.570955,
block1-000154,57.128333719447255,2471.152141690254,122,280.0,56.49243202060461,2470.5162399914116,0.6359016988426447,block1:zero_tool,pure_ltr,mixed,1785138024.670059,1785138024.6706948,1785138024.7271948,1785138027.141219,
block1-000155,59.838472050614655,2662.3142000753433,126,297.5,59.428435983136296,2661.904164007865,0.41003606747835875,block1:zero_tool,pure_ltr,mixed,1785138025.0598383,1785138025.0602484,1785138025.1196828,1785138027.722159,
block1-000156,517.299352097325,1237.4460570281371,48,20.0,516.511011053808,1236.6577159846202,0.7883410435169935,block1:s4,pure_ltr,mixed,1785138026.276813,1785138026.2776015,1785138026.7941198,1785138027.5142667,
block1-000157,502.5679497048259,1204.4225666904822,48,217.5,502.2572149755433,1204.1118319611996,0.31073472928255796,block1:s4,pure_ltr,mixed,1785138026.4986813,1785138026.4989922,1785138027.001257,1785138027.7031116,
block1-000158,495.15751050785184,1209.6695845248178,48,15.0,494.7079389821738,1209.2200129991397,0.4495715256780386,block1:s4,pure_ltr,mixed,1785138026.5126317,1785138026.5130813,1785138027.0077944,1785138027.7223067,
block1-000159,406.2611046247184,1119.081072625704,48,12.5,405.9330529998988,1118.7530210008845,0.32805162481963634,block1:s4,pure_ltr,mixed,1785138026.6775606,1785138026.6778884,1785138027.0838296,1785138027.7966495,
block1-000160,65.76295616105199,2448.800878133625,117,15.0,65.5122259631753,2448.550147935748,0.2507301978766918,block1:zero_tool,pure_ltr,mixed,1785138026.9419854,1785138026.9422362,1785138027.007756,1785138029.390794,
block1-000161,130.25794178247452,1438.6786688119173,65,10.0,129.76450403220952,1438.1852310616523,0.49343775026500225,block1:s1,pure_ltr,mixed,1785138027.184023,1785138027.1845164,1785138027.3142886,1785138028.6227093,
block1-000162,352.71060699597,858.1375149078667,41,160.0,351.23780800495297,856.6647159168497,1.4727989910170436,block1:s1,pure_ltr,mixed,1785138027.3501546,1785138027.3516273,1785138027.702872,1785138028.208299,
block1-000163,117.84238344989717,1591.6831503855065,75,15.0,117.38987499848008,1591.2306419340894,0.4525084514170885,block1:s1,pure_ltr,mixed,1785138028.2798629,1785138028.2803159,1785138028.3977158,1785138029.8715565,
block1-000164,334.1618380509317,1026.222809101455,42,307.5,333.1714980304241,1025.2324690809473,0.9903400205075741,block1:s1,pure_ltr,mixed,1785138029.1661153,1785138029.1671057,1785138029.5002844,1785138030.1923459,
block1-000165,94.04166438616812,7390.285462373868,360,100.0,93.53612700942904,7389.779924997129,0.5055373767390847,block1:zero_tool,pure_ltr,mixed,1785138029.38458,1785138029.385086,1785138029.4786325,1785138036.774876,
block1-000166,56.23746651690453,7089.064008556306,345,107.5,55.1004339940846,7087.926976033486,1.1370325228199363,block1:zero_tool,pure_ltr,mixed,1785138029.425198,1785138029.4263356,1785138029.4814467,1785138036.5142732,
block1-000167,56.05347186792642,6035.440022824332,295,25.0,55.94194296281785,6035.328493919224,0.11152890510857105,block1:zero_tool,pure_ltr,mixed,1785138029.6358738,1785138029.6359854,1785138029.6919343,1785138035.671321,
block1-000168,359.7249542362988,923.7886782502756,40,187.5,359.20994193293154,923.2736659469083,0.5150123033672571,block1:s2,pure_ltr,mixed,1785138029.7942,1785138029.7947152,1785138030.153932,1785138030.7179952,
block1-000169,114.6804136224091,1420.3946195775643,67,412.5,114.20875100884587,1419.922956964001,0.4716626135632396,block1:s2,pure_ltr,mixed,1785138029.8553948,1785138029.8558664,1785138029.9700854,1785138031.2757993,
block1-000170,319.59018122870475,882.5104072457179,43,485.0,318.98013199679554,881.9003580138087,0.6100492319092155,block1:s2,pure_ltr,mixed,1785138029.9846187,1785138029.9852288,1785138030.304216,1785138030.8671362,
block1-000171,92.11072057951242,1504.159277654253,72,357.5,90.30869195703417,1502.3572490317747,1.8020286224782467,block1:s2,pure_ltr,mixed,1785138031.1086857,1785138031.1104877,1785138031.2008038,1785138032.6128523,
block1-000172,305.47850125003606,805.523875169456,36,320.0,305.28693506494164,805.3323089843616,0.19156618509441614,block1:s2,pure_ltr,mixed,1785138031.7515247,1785138031.7517164,1785138032.0570116,1785138032.5570571,
block1-000173,443.4963420499116,1009.0537210926414,49,117.5,442.53389397636056,1008.0912730190903,0.9624480735510588,block1:s2,pure_ltr,mixed,1785138032.1690464,1785138032.170009,1785138032.612551,1785138033.1781085,
block1-000174,442.1084220521152,896.4140560710803,38,20.0,441.64547498803586,895.9511090070009,0.4629470640793443,block1:s2,pure_ltr,mixed,1785138033.1582444,1785138033.1587074,1785138033.6003604,1785138034.054666,
block1-000175,394.1334782866761,851.9651753595099,37,115.0,393.93858902622014,851.7702860990539,0.194889260455966,block1:s2,pure_ltr,mixed,1785138033.2816052,1785138033.2818003,1785138033.675746,1785138034.1335778,
block1-000176,443.1771638337523,1082.9684218624607,48,95.0,442.5890729762614,1082.3803310049698,0.5880908574908972,block1:s3,pure_ltr,mixed,1785138033.3272297,1785138033.327818,1785138033.7704136,1785138034.4102046,
block1-000177,419.6251896210015,1058.966797660105,48,10.0,419.20160490553826,1058.5432129446417,0.4235847154632211,block1:s3,pure_ltr,mixed,1785138033.369869,1785138033.3702927,1785138033.7895002,1785138034.4288418,
block1-000178,395.01239464152604,1001.3921395875514,48,297.5,394.46983800735325,1000.8495829533786,0.5425566341727972,block1:s3,pure_ltr,mixed,1785138034.0898454,1785138034.0903883,1785138034.484866,1785138035.0912457,
block1-000179,396.1071706144139,1041.9829855673015,48,412.5,395.1819259673357,1041.0577409202233,0.9252446470782161,block1:s3,pure_ltr,mixed,1785138035.048227,1785138035.0491526,1785138035.4443426,1785138036.0902188,
block1-000180,437.25027691107243,1112.4410699121654,48,170.0,436.6913720732555,1111.8821650743484,0.5589048378169537,block1:s3,pure_ltr,mixed,1785138035.9465437,1785138035.9471025,1785138036.383802,1785138037.0589926,
block1-000181,81.74194919411093,3475.289281224832,164,115.0,81.18250803090632,3474.7298400616273,0.5594411632046103,block1:zero_tool,pure_ltr,mixed,1785138035.9611957,1785138035.961755,1785138036.0429442,1785138039.4364917,
block1-000182,402.983303880319,1074.4098118739203,48,297.5,402.5216329609975,1073.9481409545988,0.4616709193214774,block1:s3,pure_ltr,mixed,1785138036.0398977,1785138036.0403595,1785138036.4428892,1785138037.1143155,
block1-000183,310.81554805859923,988.9243451179937,43,282.5,309.9207750055939,988.0295720649883,0.8947730530053377,block1:s3,pure_ltr,mixed,1785138036.3890734,1785138036.3899682,1785138036.6998966,1785138037.3780055,
block1-000184,398.4359229216352,1113.4420139715075,48,132.5,397.3231309792027,1112.329222029075,1.1127919424325228,block1:s4,pure_ltr,mixed,1785138036.7902145,1785138036.7913275,1785138037.1886585,1785138037.9036644,
block1-000185,55.16237614210695,2548.1568521354347,122,297.5,54.88551303278655,2547.8799890261143,0.27686310932040215,block1:zero_tool,pure_ltr,mixed,1785138036.9096317,1785138036.9099088,1785138036.9648013,1785138039.4577956,
block1-000186,474.8276483733207,1150.7297173375264,48,17.5,474.66019401326776,1150.5622629774734,0.16745436005294323,block1:s4,pure_ltr,mixed,1785138037.2589653,1785138037.2591329,1785138037.7338002,1785138038.409702,
block1-000187,441.73768896143883,1117.748876917176,48,115.0,441.3915229961276,1117.4027109518647,0.34616596531122923,block1:s4,pure_ltr,mixed,1785138037.367433,1785138037.3677795,1785138037.8091807,1785138038.4851918,
block1-000188,440.14970248099416,1116.4900904987007,48,170.0,439.1966570401564,1115.537045057863,0.9530454408377409,block1:s4,pure_ltr,mixed,1785138037.369092,1785138037.3700452,1785138037.809248,1785138038.4855886,
block1-000189,439.6570101380348,1042.6155470777303,48,550.0,438.55061708018184,1041.5091540198773,1.1063930578529835,block1:s4,pure_ltr,mixed,1785138037.9502633,1785138037.9513698,1785138038.3899267,1785138038.9928849,
block1-000190,426.44913075491786,1028.4808587748557,48,10.0,425.77996000181884,1027.8116880217567,0.6691707530990243,block1:s4,pure_ltr,mixed,1785138037.9829586,1785138037.983628,1785138038.4094162,1785138039.0114477,
block1-000191,393.3499933918938,991.877346416004,48,140.0,392.3698680009693,990.8972210250795,0.9801253909245133,block1:s4,pure_ltr,mixed,1785138039.3219972,1785138039.3229775,1785138039.715356,1785138040.313883,
block1-000192,101.05783061590046,2597.4964306224138,117,155.0,99.50757503975183,2595.946175046265,1.5502555761486292,block1:zero_tool,pure_ltr,mixed,1785138039.3565314,1785138039.358082,1785138039.4575984,1785138041.954037,
block1-000193,52.113865967839956,15679.484287975356,725,170.0,51.87310907058418,15679.2435310781,0.2407568972557783,block1:zero_tool,pure_ltr,mixed,1785138039.9065495,1785138039.9067905,1785138039.9586713,1785138055.586042,
block1-000194,330.57986304629594,1110.3187451371923,40,110.0,330.0770369824022,1109.8159190732986,0.5028260638937354,block1:s1,pure_ltr,mixed,1785138040.4428837,1785138040.4433866,1785138040.7734709,1785138041.5532098,
block1-000195,393.5235529206693,1016.366800875403,37,22.5,392.79507705941796,1015.6383250141516,0.7284758612513542,block1:s1,pure_ltr,mixed,1785138040.6505642,1785138040.651293,1785138041.0440974,1785138041.6669405,
block1-000196,320.80646546091884,1006.2928434927016,39,85.0,320.15923399012536,1005.6456120219082,0.6472314707934856,block1:s1,pure_ltr,mixed,1785138040.8164678,1785138040.8171148,1785138041.137283,1785138041.8227694,
block1-000197,127.65438400674611,1551.5714950161055,65,107.5,125.77392801176757,1549.691039021127,1.880455994978547,block1:s1,pure_ltr,mixed,1785138041.201417,1785138041.2032976,1785138041.32908,1785138042.752997,
block1-000198,117.91420343797654,1558.3165064454079,69,70.0,117.23327194340527,1557.6355749508366,0.6809314945712686,block1:s1,pure_ltr,mixed,1785138041.3084674,1785138041.3091488,1785138041.4263902,1785138042.8667924,
block1-000199,142.52684521488845,7217.033265158534,332,12.5,142.1458990080282,7216.652318951674,0.3809462068602443,block1:zero_tool,pure_ltr,mixed,1785138041.3311343,1785138041.3315153,1785138041.4736686,1785138048.548175,
block1-000200,318.8031322788447,898.3066072687507,38,17.5,318.1310269283131,897.634501918219,0.6721053505316377,block1:s2,pure_ltr,mixed,1785138041.3856146,1785138041.3862867,1785138041.7044256,1785138042.2839289,
block1-000201,59.080845094285905,2793.7811131123453,128,22.5,58.19019698537886,2792.8904650034383,0.8906481089070439,block1:zero_tool,pure_ltr,mixed,1785138041.7251318,1785138041.7260225,1785138041.7842207,1785138044.5189207,
block1-000202,339.70564417541027,828.7072081584483,36,145.0,338.6198909720406,827.6214549550787,1.085753203369677,block1:s2,pure_ltr,mixed,1785138042.0760243,1785138042.07711,1785138042.4157364,1785138042.9047382,
block1-000203,89.10380722954869,1679.4098012614995,78,10.0,88.45423394814134,1678.7602279800922,0.6495732814073563,block1:s2,pure_ltr,mixed,1785138042.1559765,1785138042.1566262,1785138042.2450867,1785138043.8353927,
block1-000204,280.30169382691383,782.9329738160595,35,95.0,279.31470598559827,781.945985974744,0.9869878413155675,block1:s2,pure_ltr,mixed,1785138042.5671132,1785138042.5681002,1785138042.8474214,1785138043.3500528,
block1-000205,348.506135167554,987.7672421280295,44,95.0,348.3435839880258,987.6046909485012,0.1625511795282364,block1:s2,pure_ltr,mixed,1785138042.8876898,1785138042.8878522,1785138043.2362034,1785138043.8754644,
block1-000206,97.005067858845,3340.0624667992815,154,132.5,95.58518102858216,3338.6425799690187,1.4198868302628398,block1:zero_tool,pure_ltr,mixed,1785138042.913539,1785138042.914959,1785138043.0105512,1785138046.2536087,
block1-000207,392.55655638407916,928.569806390442,37,117.5,391.3072170689702,927.320467075333,1.249339315108955,block1:s2,pure_ltr,mixed,1785138043.6091673,1785138043.6104167,1785138044.001731,1785138044.5377438,
block1-000208,286.74497944302857,937.2257655486465,38,15.0,285.3397940052673,935.8205801108852,1.4051854377612472,block1:s3,pure_ltr,mixed,1785138043.7524717,1785138043.7538772,1785138044.039225,1785138044.6897056,
block1-000209,448.1541282730177,1150.3301833290607,48,17.5,447.4479559576139,1149.6240110136569,0.7061723154038191,block1:s3,pure_ltr,mixed,1785138043.8225021,1785138043.8232083,1785138044.2706642,1785138044.9728405,
block1-000210,57.557920343242586,2985.887532355264,138,282.5,56.44769000355154,2984.777302015573,1.110230339691043,block1:zero_tool,pure_ltr,mixed,1785138044.0804331,1785138044.0815434,1785138044.137998,1785138047.0663278,
block1-000211,268.49694922566414,995.9064981667325,41,140.0,267.3135760705918,994.7231250116602,1.1833731550723314,block1:s3,pure_ltr,mixed,1785138044.155537,1785138044.1567204,1785138044.4240417,1785138045.151451,
block1-000212,396.34780469350517,1091.1701116710901,48,12.5,395.6476990133524,1090.4700059909374,0.7001056801527739,block1:s3,pure_ltr,mixed,1785138044.4058945,1785138044.4065945,1785138044.8022501,1785138045.4970727,
block1-000213,453.189694439061,1100.8626444963738,48,105.0,452.665006974712,1100.3379570320249,0.5246874643489718,block1:s3,pure_ltr,mixed,1785138044.8128927,1785138044.8134172,1785138045.26609,1785138045.9137635,
block1-000214,480.8254869421944,941.266359994188,43,320.0,480.19039793871343,940.631270990707,0.6350890034809709,block1:s3,pure_ltr,mixed,1785138044.8811667,1785138044.881802,1785138045.3620005,1785138045.822441,
block1-000215,57.930974871851504,3340.3924028389156,155,187.5,57.16104805469513,3339.622476021759,0.7699268171563745,block1:zero_tool,pure_ltr,mixed,1785138044.994436,1785138044.9952059,1785138045.0523758,1785138048.334837,
block1-000216,68.62388271838427,2905.766291776672,140,60.0,67.80087994411588,2904.9432890024036,0.8230027742683887,block1:zero_tool,pure_ltr,mixed,1785138045.0436382,1785138045.0444613,1785138045.1122684,1785138047.949411,
block1-000217,442.8642325801775,1139.7486445493996,48,297.5,442.6397740608081,1139.5241860300303,0.22445851936936378,block1:s4,pure_ltr,mixed,1785138045.7913938,1785138045.7916183,1785138046.2342649,1785138046.931149,
block1-000218,474.67358654830605,1099.9655255582184,48,75.0,474.46421603672206,1099.7561550466344,0.2093705115839839,block1:s4,pure_ltr,mixed,1785138046.0048194,1785138046.0050292,1785138046.4795036,1785138047.1047955,
block1-000219,457.70607388112694,1072.4108308786526,48,217.5,456.70619793236256,1071.4109549298882,0.9998759487643838,block1:s4,pure_ltr,mixed,1785138046.2978592,1785138046.2988594,1785138046.755572,1785138047.3702767,
block1-000220,440.16385881695896,1054.4118167599663,48,25.0,439.95239899959415,1054.2003569426015,0.2114598173648119,block1:s4,pure_ltr,mixed,1785138046.33468,1785138046.3348916,1785138046.7748508,1785138047.3890986,
block1-000221,71.89700927119702,4637.021809350699,211,485.0,70.64140494912863,4635.766205028631,1.2556043220683932,block1:zero_tool,pure_ltr,mixed,1785138046.6027799,1785138046.6040356,1785138046.6746852,1785138051.23981,
block1-000222,57.08354897797108,3675.783126964234,172,92.5,56.546309031546116,3675.245887017809,0.5372399464249611,block1:zero_tool,pure_ltr,mixed,1785138046.659689,1785138046.6602263,1785138046.7167802,1785138050.3354797,
block1-000223,66.75964128226042,3964.374515344389,174,15.0,64.72934503108263,3962.344219093211,2.030296251177788,block1:zero_tool,pure_ltr,mixed,1785138047.60635,1785138047.60838,1785138047.6731162,1785138051.570731,
block1-000224,470.1364594511688,1054.5262193772942,43,107.5,469.33053503744304,1053.7202949635684,0.8059244137257338,block1:s1,pure_ltr,mixed,1785138047.767047,1785138047.7678528,1785138048.2371907,1785138048.8215802,
block1-000225,90.36720253061503,3579.8653345555067,156,75.0,89.41806096117944,3578.916192986071,0.9491415694355965,block1:zero_tool,pure_ltr,mixed,1785138047.7814062,1785138047.7823558,1785138047.871782,1785138051.3612807,
block1-000226,444.7506406577304,1027.2433137288317,43,105.0,444.42501896992326,1026.9176920410246,0.32562168780714273,block1:s1,pure_ltr,mixed,1785138047.9284925,1785138047.9288182,1785138048.3732514,1785138048.9557438,
block1-000227,168.6493424931541,1582.3667855001986,72,60.0,168.0159509414807,1581.7333939485252,0.6333915516734123,block1:s1,pure_ltr,mixed,1785138047.9450893,1785138047.9457228,1785138048.1137476,1785138049.527465,
block1-000228,357.29772585909814,882.1690618060529,39,10.0,356.5062350826338,881.3775710295886,0.7914907764643431,block1:s1,pure_ltr,mixed,1785138048.054588,1785138048.0553796,1785138048.4118931,1785138048.9367647,
block1-000229,69.29864652920514,5918.119404581375,270,95.0,68.9951969543472,5917.8159550065175,0.3034495748579502,block1:zero_tool,pure_ltr,mixed,1785138048.5977762,1785138048.5980797,1785138048.6670825,1785138054.515903,
block1-000230,56.34197196923196,7336.406160960905,341,15.0,55.475770961493254,7335.5399599531665,0.8662010077387094,block1:zero_tool,pure_ltr,mixed,1785138048.997269,1785138048.998135,1785138049.0536191,1785138056.3336837,
block1-000231,116.51464272290468,1560.6203876668587,63,15.0,115.67406402900815,1559.7798089729622,0.8405786938965321,block1:s1,pure_ltr,mixed,1785138049.585489,1785138049.58633,1785138049.7020113,1785138051.1461174,
block1-000232,350.55703413672745,964.6328991511837,41,10.0,350.08534602820873,964.161211042665,0.4716881085187197,block1:s2,pure_ltr,mixed,1785138049.732131,1785138049.7326028,1785138050.0826962,1785138050.696772,
block1-000233,326.62007585167885,824.5601668022573,36,70.0,326.413439004682,824.3535299552605,0.20663684699684381,block1:s2,pure_ltr,mixed,1785138049.8339236,1785138049.8341303,1785138050.1605518,1785138050.6584918,
block1-000234,88.33728544414043,1507.8680024016649,64,217.5,87.22292399033904,1506.7536409478635,1.1143614538013935,block1:s2,pure_ltr,mixed,1785138050.4732115,1785138050.4743261,1785138050.5615578,1785138051.9810882,
block1-000235,95.26968200225383,1783.497747965157,74,350.0,94.21132202260196,1782.4393879855052,1.0583599796518683,block1:s2,pure_ltr,mixed,1785138050.7304187,1785138050.731477,1785138050.8256962,1785138052.5139244,
block1-000236,73.19933385588229,3216.3409078493714,142,172.5,72.272181045264,3215.413755038753,0.9271528106182814,block1:zero_tool,pure_ltr,mixed,1785138050.774875,1785138050.7758021,1785138050.8480828,1785138053.9912243,
block1-000237,428.9296867791563,1052.3861538385972,44,320.0,428.12189494725317,1051.578362006694,0.8077918319031596,block1:s2,pure_ltr,mixed,1785138050.9092805,1785138050.9100885,1785138051.338219,1785138051.9616752,
block1-000238,398.973336792551,887.6967347459868,38,15.0,398.27600796706975,886.9994059205055,0.697328825481236,block1:s2,pure_ltr,mixed,1785138050.9967787,1785138050.997476,1785138051.39576,1785138051.8844833,
block1-000239,317.8314162651077,788.9120152685791,34,10.0,316.471854923293,787.5524539267644,1.3595613418146968,block1:s2,pure_ltr,mixed,1785138051.1152937,1785138051.1166537,1785138051.433134,1785138051.9042149,
block1-000240,254.6196251641959,724.9631461454555,32,15.0,253.79755697213113,724.1410779533908,0.8220681920647621,block1:s3,pure_ltr,mixed,1785138051.316279,1785138051.317101,1785138051.570905,1785138052.0412486,
block1-000241,60.15323766041547,2757.3001456912607,126,52.5,59.14427398238331,2756.2911820132285,1.0089636780321598,block1:zero_tool,pure_ltr,mixed,1785138051.5520594,1785138051.5530686,1785138051.612221,1785138054.3093681,
block1-000242,396.2282409192994,974.3613969767466,38,12.5,395.63325396738946,973.7664100248367,0.5949869519099593,block1:s3,pure_ltr,mixed,1785138052.0003943,1785138052.0009894,1785138052.3966293,1785138052.9747624,
block1-000243,330.5237531894818,1049.133679131046,41,282.5,329.8121300758794,1048.4220560174435,0.7116231136023998,block1:s3,pure_ltr,mixed,1785138052.2165728,1785138052.2172844,1785138052.547105,1785138053.2657151,
block1-000244,483.5434436099604,1142.0690355589613,48,92.5,481.68606008403003,1140.211652033031,1.857383525930345,block1:s3,pure_ltr,mixed,1785138052.373583,1785138052.3754406,1785138052.857135,1785138053.5156608,
block1-000245,402.12860028259456,1020.9692443022504,43,12.5,401.5135419322178,1020.3541859518737,0.6150583503767848,block1:s3,pure_ltr,mixed,1785138052.474672,1785138052.4752872,1785138052.8768082,1785138053.4956489,
block1-000246,99.70804979093373,3446.989608812146,165,307.5,98.71108399238437,3445.9926430135965,0.9969657985493541,block1:zero_tool,pure_ltr,mixed,1785138052.4829059,1785138052.483903,1785138052.582621,1785138055.9299028,
block1-000247,322.886832524091,980.9578055283055,43,75.0,322.60232395492494,980.6732969591394,0.28450856916606426,block1:s3,pure_ltr,mixed,1785138052.534477,1785138052.5347617,1785138052.8573718,1785138053.5154428,
block1-000248,418.18723047617823,1099.5184815255925,48,12.5,417.83834295347333,1099.1695940028876,0.3488875227048993,block1:s4,pure_ltr,mixed,1785138053.1339657,1785138053.1343145,1785138053.5521607,1785138054.2334917,
block1-000249,443.95806489046663,1042.0680539682508,48,17.5,442.96700693666935,1041.0769960144535,0.9910579537972808,block1:s4,pure_ltr,mixed,1785138053.8651714,1785138053.8661625,1785138054.3091385,1785138054.9072485,
block1-000250,431.18784052785486,1029.4131796108559,48,85.0,430.7753489119932,1029.0006879949942,0.4124916158616543,block1:s4,pure_ltr,mixed,1785138053.9150717,1785138053.9154842,1785138054.3462663,1785138054.944492,
block1-000251,61.17899692617357,2704.057925962843,126,105.0,59.99013199470937,2702.869061031379,1.1888649314641953,block1:zero_tool,pure_ltr,mixed,1785138055.1299176,1785138055.1311066,1785138055.1911037,1785138057.8339825,
block1-000252,430.4719077190384,1066.1953986855224,48,132.5,430.2180480444804,1065.9415390109643,0.2538596745580435,block1:s4,pure_ltr,mixed,1785138055.3294137,1785138055.3296676,1785138055.7598932,1785138056.3956168,
block1-000253,400.29326756484807,1035.6398185249418,48,177.5,399.46200407575816,1034.808555035852,0.8312634890899062,block1:s4,pure_ltr,mixed,1785138055.4726057,1785138055.4734368,1785138055.8729064,1785138056.5082533,
block1-000254,83.20841798558831,3074.5935899904,140,117.5,82.80316099990159,3074.188333004713,0.4052569856867194,block1:zero_tool,pure_ltr,mixed,1785138055.544902,1785138055.5453076,1785138055.6281185,1785138058.6195042,
block1-000255,78.09367938898504,3351.683143293485,148,15.0,77.82717002555728,3351.4166339300573,0.2665093634277582,block1:zero_tool,pure_ltr,mixed,1785138055.5502267,1785138055.5504935,1785138055.6283295,1785138058.901919,
block1-000256,304.80061401613057,873.2561650685966,43,95.0,303.89743496198207,872.3529860144481,0.9031790541484952,block1:s1,pure_ltr,mixed,1785138055.9332497,1785138055.9341528,1785138056.238058,1785138056.8065135,
block1-000257,66.99874927289784,8792.670395225286,392,85.0,65.9377520205453,8791.609397972934,1.0609972523525357,block1:zero_tool,pure_ltr,mixed,1785138056.3096871,1785138056.310748,1785138056.376694,1785138065.1023657,
block1-000258,63.108928967267275,3584.8280319478363,155,10.0,62.94432806316763,3584.6634310437366,0.16460090409964323,block1:zero_tool,pure_ltr,mixed,1785138056.313624,1785138056.3137887,1785138056.3767405,1785138059.8984597,
block1-000259,124.8218803666532,1742.9421943379566,72,15.0,124.70557598862797,1742.8258899599314,0.11630437802523375,block1:s1,pure_ltr,mixed,1785138056.817566,1785138056.8176823,1785138056.9423952,1785138058.5605154,
block1-000260,136.29423861857504,1750.1790405949578,74,117.5,136.02392503526062,1749.9087270116434,0.2703135833144188,block1:s1,pure_ltr,mixed,1785138056.8888125,1785138056.889083,1785138057.025113,1785138058.6389978,
block1-000261,60.78466319013387,13643.180557177402,597,52.5,60.71375100873411,13643.109644996002,0.07091218139976263,block1:zero_tool,pure_ltr,mixed,1785138057.2511845,1785138057.2512553,1785138057.3119755,1785138070.8943713,
block1-000262,95.9163858788088,4750.33290986903,206,15.0,95.38197796791792,4749.798501958139,0.5344079108908772,block1:zero_tool,pure_ltr,mixed,1785138057.6410162,1785138057.6415505,1785138057.7369404,1785138062.3913565,
block1-000263,123.88706183992326,1551.477106870152,60,17.5,123.04772902280092,1550.6377740530297,0.8393328171223402,block1:s1,pure_ltr,mixed,1785138057.6516454,1785138057.6524851,1785138057.775539,1785138059.2031288,
block1-000264,332.56231213454157,881.9771452108398,34,287.5,331.15041500423104,880.5652480805293,1.4118971303105354,block1:s2,pure_ltr,mixed,1785138057.8256269,1785138057.8270388,1785138058.1581974,1785138058.7076123,
block1-000265,326.4365777140483,1093.472359701991,42,12.5,325.6003550486639,1092.6361370366067,0.8362226653844118,block1:s2,pure_ltr,mixed,1785138057.929491,1785138057.9303272,1785138058.255936,1785138059.0229714,
block1-000266,321.8428448308259,923.369352822192,36,320.0,321.3216330623254,922.8481410536915,0.5212117685005069,block1:s2,pure_ltr,mixed,1785138058.2578151,1785138058.2583365,1785138058.5796685,1785138059.1811953,
block1-000267,96.40651103109121,12828.3525260631,564,287.5,95.56249901652336,12827.508514048532,0.844012014567852,block1:zero_tool,pure_ltr,mixed,1785138058.3618016,1785138058.3626454,1785138058.4582162,1785138071.190162,
block1-000268,60.268132481724024,3045.035350485705,132,52.5,59.99346298631281,3044.7606809902936,0.2746694954112172,block1:zero_tool,pure_ltr,mixed,1785138058.4007723,1785138058.401047,1785138058.461048,1785138061.445815,
block1-000269,439.71813935786486,1140.1213892968372,44,15.0,439.2019109800458,1139.605160919018,0.5162283778190613,block1:s2,pure_ltr,mixed,1785138058.6416934,1785138058.6422098,1785138059.0814192,1785138059.7818227,
block1-000270,114.18683524243534,3724.7166032902896,165,115.0,113.0931070074439,3723.622875055298,1.0937282349914312,block1:zero_tool,pure_ltr,mixed,1785138058.7046695,1785138058.7057636,1785138058.8188658,1785138062.4293954,
block1-000271,388.43378389719874,970.2720568748191,37,85.0,387.3191640013829,969.1574369790033,1.1146198958158493,block1:s2,pure_ltr,mixed,1785138058.7330527,1785138058.7341676,1785138059.1214952,1785138059.7033336,
block1-000272,283.8599003152922,866.1650933790952,32,307.5,283.1763009307906,865.4814939945936,0.6835993845015764,block1:s3,pure_ltr,mixed,1785138058.7585735,1785138058.7592573,1785138059.042442,1785138059.6247473,
block1-000273,71.10824773553759,2883.9175337925553,128,15.0,70.17366390209645,2882.982949959114,0.9345838334411383,block1:zero_tool,pure_ltr,mixed,1785138058.9122045,1785138058.913139,1785138058.9833205,1785138061.7961297,
block1-000274,486.9735959218815,1146.2374900002033,48,155.0,486.59556393977255,1145.8594580180943,0.3780319821089506,block1:s3,pure_ltr,mixed,1785138059.1766708,1785138059.177049,1785138059.6636524,1785138060.3229163,
block1-000275,314.8503485135734,972.7650944842026,41,115.0,314.3188839312643,972.2336299018934,0.5314645823091269,block1:s3,pure_ltr,mixed,1785138059.4268885,1785138059.4274201,1785138059.7417476,1785138060.3996623,
block1-000276,461.0409307060763,1115.7216016435996,48,152.5,460.67421208135784,1115.354883018881,0.36671862471848726,block1:s3,pure_ltr,mixed,1785138059.4374976,1785138059.4378645,1785138059.8985453,1785138060.553226,
block1-000277,405.0325667485595,1133.5273446748033,46,357.5,404.699400998652,1133.1941789248958,0.3331657499074936,block1:s3,pure_ltr,mixed,1785138060.1093476,1785138060.1096807,1785138060.514387,1785138061.2428818,
block1-000278,596.0792013211176,1107.7792393043637,43,22.5,595.3764179721475,1107.0764559553936,0.7027833489701152,block1:s3,pure_ltr,mixed,1785138060.7080147,1785138060.7087176,1785138061.3041022,1785138061.815802,
block1-000279,433.1337583716959,1105.350616388023,43,110.0,432.6068009249866,1104.8236589413136,0.5269574467092752,block1:s3,pure_ltr,mixed,1785138060.7300296,1785138060.7305565,1785138061.163173,1785138061.8353894,
block1-000280,493.29027510248125,1164.4033861812204,48,145.0,492.79921199195087,1163.91232307069,0.49106311053037643,block1:s4,pure_ltr,mixed,1785138060.791294,1785138060.7917852,1785138061.2845922,1785138061.9557052,
block1-000281,453.49129394162446,1123.5268169548362,48,17.5,453.0822340166196,1123.1177570298314,0.4090599250048399,block1:s4,pure_ltr,mixed,1785138060.850443,1785138060.850852,1785138061.3039424,1785138061.9739778,
block1-000282,71.73687196336687,2940.226846956648,130,117.5,71.3880710536614,2939.8780460469425,0.34880090970546007,block1:zero_tool,pure_ltr,mixed,1785138061.2129004,1785138061.2132492,1785138061.2846453,1785138064.1531355,
block1-000283,65.35152567084879,3531.242959666997,158,132.5,64.3202739302069,3530.2117079263553,1.031251740641892,block1:zero_tool,pure_ltr,mixed,1785138061.3807664,1785138061.3817976,1785138061.4461253,1785138064.9120166,
block1-000284,425.00378587283194,1116.336248931475,48,17.5,424.2081659613177,1115.5406290199608,0.7956199115142226,block1:s4,pure_ltr,mixed,1785138061.5069666,1785138061.5077622,1785138061.9319785,1785138062.623311,
block1-000285,414.9642885895446,1157.7264786465093,48,105.0,413.8484540162608,1156.6106440732256,1.1158345732837915,block1:s4,pure_ltr,mixed,1785138061.9171088,1785138061.9182246,1785138062.3320806,1785138063.074843,
block1-000286,58.747462229803205,3751.7398602794856,172,107.5,58.01063496619463,3751.003033015877,0.7368272636085749,block1:zero_tool,pure_ltr,mixed,1785138062.41224,1785138062.412977,1785138062.4709954,1785138066.1639886,
block1-000287,503.3484488958493,1119.621115969494,48,85.0,501.32910592947155,1117.6017730031163,2.019342966377735,block1:s4,pure_ltr,mixed,1785138062.4546626,1785138062.456682,1785138062.9580185,1785138063.5742912,
block1-000288,384.8875885596499,963.0855255527422,43,117.5,382.92021898087114,961.1181559739634,1.9673695787787437,block1:s1,pure_ltr,mixed,1785138062.5920682,1785138062.5940356,1785138062.9769638,1785138063.555162,
block1-000289,126.76974479109049,1398.3643088722602,58,132.5,126.02880201302469,1397.6233660941944,0.7409427780658007,block1:s1,pure_ltr,mixed,1785138062.8122,1785138062.8129413,1785138062.9389787,1785138064.210573,
block1-000290,405.866073560901,1115.6572415493429,43,20.0,405.2836080081761,1115.074775996618,0.5824655527248979,block1:s1,pure_ltr,mixed,1785138063.6042714,1785138063.6048539,1785138064.0101447,1785138064.719936,
block1-000291,389.94915410876274,953.8848351221532,37,15.0,389.1639879439026,953.099668957293,0.7851661648601294,block1:s1,pure_ltr,mixed,1785138063.688576,1785138063.689361,1785138064.0785317,1785138064.6424673,
block1-000292,69.8316409252584,4354.192817932926,201,15.0,69.43772407248616,4353.798901080154,0.39391685277223587,block1:zero_tool,pure_ltr,mixed,1785138063.824004,1785138063.824398,1785138063.8938587,1785138068.17822,
block1-000293,123.53275192435831,1425.4046279238537,63,15.0,122.45182902552187,1424.3237050250173,1.0809228988364339,block1:s1,pure_ltr,mixed,1785138064.0054233,1785138064.0065045,1785138064.128964,1785138065.4308357,
block1-000294,122.13691603392363,3716.9861510628834,170,177.5,122.00209894217551,3716.8513339711353,0.1348170917481184,block1:zero_tool,pure_ltr,mixed,1785138064.0307755,1785138064.0309105,1785138064.15292,1785138067.747769,
block1-000295,375.84188499022275,817.4993159482256,37,217.5,375.5192420212552,817.176672979258,0.32264296896755695,block1:s1,pure_ltr,mixed,1785138064.266041,1785138064.2663639,1785138064.641891,1785138065.0835478,
block1-000296,267.5363258458674,835.0921488599852,40,22.5,267.38595694769174,834.9417799618095,0.1503688981756568,block1:s2,pure_ltr,mixed,1785138065.2564824,1785138065.2566328,1785138065.5240252,1785138066.0915809,
block1-000297,67.01361294835806,2153.20049400907,95,15.0,65.06709195673466,2151.2539730174467,1.9465209916234016,block1:zero_tool,pure_ltr,mixed,1785138065.9679067,1785138065.9698532,1785138066.0349274,1785138068.121114,
block1-000298,321.2239120621234,923.8722410518676,36,110.0,320.3023700043559,922.9506989941001,0.9215420577675104,block1:s2,pure_ltr,mixed,1785138066.1008735,1785138066.101795,1785138066.4221048,1785138067.0247536,
block1-000299,88.2666998077184,1712.3169879196212,74,95.0,87.30990195181221,1711.360190063715,0.9567978559061885,block1:s2,pure_ltr,mixed,1785138066.3703544,1785138066.3713112,1785138066.4586294,1785138068.0826797,
block1-000300,370.32684311270714,1039.6394612034783,42,92.5,369.88680996000767,1039.1994280507788,0.4400331526994705,block1:s2,pure_ltr,mixed,1785138066.4186974,1785138066.4191372,1785138066.7890315,1785138067.4583442,
block1-000301,371.88731075730175,919.8044777149335,38,10.0,371.1260890122503,919.043255969882,0.7612217450514436,block1:s2,pure_ltr,mixed,1785138066.577675,1785138066.5784364,1785138066.9495707,1785138067.4974875,
block1-000302,68.84261150844395,4112.299985485151,168,15.0,68.39771592058241,4111.85508989729,0.44489558786153793,block1:zero_tool,pure_ltr,mixed,1785138066.7621028,1785138066.7625477,1785138066.8309522,1785138070.8744097,
block1-000303,314.492677571252,785.1253135595471,34,15.0,313.3673529373482,783.9999889256433,1.1253246339038014,block1:s2,pure_ltr,mixed,1785138066.9265785,1785138066.9277039,1785138067.2410786,1785138067.7117112,
block1-000304,448.3318765414879,1113.969400525093,48,17.5,447.70895899273455,1113.3464829763398,0.6229175487533212,block1:s3,pure_ltr,mixed,1785138066.930235,1785138066.9308577,1785138067.3785741,1785138068.0442114,
block1-000305,110.9828450717032,2944.1022160463035,126,15.0,110.06217007525265,2943.181541049853,0.9206749964505434,block1:zero_tool,pure_ltr,mixed,1785138066.988343,1785138066.9892638,1785138067.099336,1785138069.932455,
block1-000306,60.37316890433431,3712.4441718915477,152,350.0,59.39218297135085,3711.4631859585643,0.980985932983458,block1:zero_tool,pure_ltr,mixed,1785138067.1413255,1785138067.1423063,1785138067.2017064,1785138070.8537774,
block1-000307,73.31251597497612,3250.0240299850702,128,135.0,71.37402100488544,3248.0855350149795,1.9384949700906873,block1:zero_tool,pure_ltr,mixed,1785138067.6840258,1785138067.6859643,1785138067.7573447,1785138070.9340565,
block1-000308,410.118501749821,1151.7091568093747,48,10.0,409.46134796831757,1151.0520030278713,0.657153781503439,block1:s3,pure_ltr,mixed,1785138067.7112343,1785138067.7118914,1785138068.1213586,1785138068.8629491,
block1-000309,62.04675859771669,4297.787533607334,183,320.0,60.810799011960626,4296.551574021578,1.2359595857560635,block1:zero_tool,pure_ltr,mixed,1785138068.2327144,1785138068.2339504,1785138068.2947702,1785138072.530511,
block1-000310,62.551749404519796,4069.7122593410313,171,170.0,61.826988006941974,4068.9874979434535,0.7247613975778222,block1:zero_tool,pure_ltr,mixed,1785138068.3503225,1785138068.3510478,1785138068.4128833,1785138072.4200435,
block1-000311,490.9353601979092,1292.0300852274522,48,320.0,490.70505099371076,1291.7997760232538,0.23030920419842005,block1:s3,pure_ltr,mixed,1785138068.4500139,1785138068.4502444,1785138068.9409583,1785138069.7420528,
block1-000312,456.99619059450924,1260.2325025945902,48,115.0,456.00093191023916,1259.23724391032,0.9952586842700839,block1:s4,pure_ltr,mixed,1785138068.542925,1785138068.54392,1785138068.9999273,1785138069.803164,
block1-000313,422.49313881620765,1274.0898428019136,48,10.0,421.92025494296104,1273.516958928667,0.5728838732466102,block1:s4,pure_ltr,mixed,1785138068.6377842,1785138068.638357,1785138069.0602841,1785138069.9118807,
block1-000314,95.82267352379858,3158.917608554475,130,117.5,95.66151699982584,3158.7564520305023,0.1611565239727497,block1:zero_tool,pure_ltr,mixed,1785138068.6838026,1785138068.6839643,1785138068.7796323,1785138071.842727,
block1-000315,62.07302608527243,3619.050832116045,154,60.0,61.21563899796456,3618.193445028737,0.8573870873078704,block1:zero_tool,pure_ltr,mixed,1785138068.800777,1785138068.8016343,1785138068.8628583,1785138072.4198358,
block1-000316,90.79034940805286,3732.475819415413,161,107.5,90.5575550859794,3732.2430250933394,0.23279432207345963,block1:zero_tool,pure_ltr,mixed,1785138069.0409575,1785138069.0411904,1785138069.1317563,1785138072.7734416,
block1-000317,528.3057951601222,1297.5620292127132,48,170.0,527.2686820244417,1296.5249160770327,1.0371131356805563,block1:s4,pure_ltr,mixed,1785138069.0417051,1785138069.0427425,1785138069.5700169,1785138070.3392732,
block1-000318,503.3011237392202,1273.793054628186,48,10.0,502.50472710467875,1272.9966579936445,0.7963966345414519,block1:s4,pure_ltr,mixed,1785138069.0877063,1785138069.088503,1785138069.5910163,1785138070.3615086,
block1-000319,464.28676461800933,1358.7310395669192,48,70.0,463.8814580393955,1358.3257329883054,0.4053065786138177,block1:s4,pure_ltr,mixed,1785138069.27749,1785138069.2778952,1785138069.7417853,1785138070.63623,
block1-000320,359.4326974125579,1190.6126774847507,43,545.0,358.31689997576177,1189.4968800479546,1.1157974367961287,block1:s1,pure_ltr,mixed,1785138069.336911,1785138069.3380268,1785138069.6963525,1785138070.5275323,
block1-000321,72.00841000303626,4031.2167189549655,179,115.0,71.56790001317859,4030.776208965108,0.44050998985767365,block1:zero_tool,pure_ltr,mixed,1785138069.4559772,1785138069.4564178,1785138069.5279937,1785138073.4872015,
block1-000322,393.8938925275579,1265.2288385434076,43,107.5,391.76008908543736,1263.095035101287,2.133803442120552,block1:s1,pure_ltr,mixed,1785138069.7680526,1785138069.7701862,1785138070.161955,1785138071.03329,
block1-000323,136.22617023065686,1747.164671192877,71,820.0,136.02052303031087,1746.959023992531,0.20564720034599304,block1:s1,pure_ltr,mixed,1785138070.0777364,1785138070.0779421,1785138070.2139704,1785138071.8249087,
block1-000324,512.9453574772924,1101.8138665240258,42,485.0,512.100419960916,1100.9689290076494,0.8449375163763762,block1:s1,pure_ltr,mixed,1785138070.3406506,1785138070.3414955,1785138070.8536036,1785138071.4424722,
block1-000325,469.23357329797,944.2167092347518,34,60.0,468.88635808136314,943.8694940181449,0.3472152166068554,block1:s1,pure_ltr,mixed,1785138070.3625798,1785138070.3629272,1785138070.8318207,1785138071.3068042,
block1-000326,439.11835364997387,1023.9176605828106,43,187.5,438.270783983171,1023.0700909160078,0.8475696668028831,block1:s1,pure_ltr,mixed,1785138070.5536394,1785138070.5544872,1785138070.9927664,1785138071.5775657,
block1-000327,122.42291390430182,1223.719320842065,56,117.5,121.90151901450008,1223.1979259522632,0.5213948898017406,block1:s1,pure_ltr,mixed,1785138070.6679704,1785138070.668492,1785138070.7904012,1785138071.8916974,
block1-000328,310.01940136775374,816.3486403645948,38,25.0,309.2960170470178,815.6252560438588,0.7233843207359314,block1:s2,pure_ltr,mixed,1785138071.8078616,1785138071.808585,1785138072.1178882,1785138072.6242173,
block1-000329,69.84270492102951,2826.6395318787545,128,117.5,68.64778499584645,2825.4446119535714,1.1949199251830578,block1:zero_tool,pure_ltr,mixed,1785138072.0103571,1785138072.011552,1785138072.0802078,1785138074.837005,
block1-000330,355.2438367623836,834.839612711221,36,217.5,354.0076049976051,833.6033809464425,1.2362317647784948,block1:s2,pure_ltr,mixed,1785138072.8003747,1785138072.801611,1785138073.1556263,1785138073.635222,
block1-000331,81.99981017969549,1706.3074702164158,74,75.0,81.70637092553079,1706.0140309622511,0.29343925416469574,block1:s2,pure_ltr,mixed,1785138072.9615128,1785138072.961806,1785138073.04352,1785138074.6678274,
block1-000332,55.59345439542085,4652.825963450596,202,115.0,55.3466189885512,4652.579128043726,0.2468354068696499,block1:zero_tool,pure_ltr,mixed,1785138073.1046774,1785138073.1049244,1785138073.1602786,1785138077.757511,
block1-000333,368.53596149012446,1094.9842274421826,44,545.0,367.4725800519809,1093.920846004039,1.0633814381435513,block1:s2,pure_ltr,mixed,1785138073.3808882,1785138073.3819516,1785138073.7494314,1785138074.4758794,
block1-000334,62.508882489055395,6407.448798418045,279,60.0,62.04885698389262,6406.988772912882,0.4600255051627755,block1:zero_tool,pure_ltr,mixed,1785138073.6126602,1785138073.6131203,1785138073.6751778,1785138080.0201175,
block1-000335,345.91987438034266,886.2697293516248,34,140.0,345.5293499864638,885.879204957746,0.39052439387887716,block1:s2,pure_ltr,mixed,1785138073.6849542,1785138073.6853447,1785138074.0308816,1785138074.5712311,
block1-000336,524.4532552314922,1239.1918022185564,48,132.5,523.9392350194976,1238.6777820065618,0.514020211994648,block1:s3,pure_ltr,mixed,1785138073.7112458,1785138073.7117598,1785138074.235708,1785138074.9504466,
block1-000337,278.4839280648157,816.4560169680044,33,320.0,277.8906930470839,815.8627819502726,0.5932350177317858,block1:s3,pure_ltr,mixed,1785138073.851153,1785138073.851746,1785138074.129645,1785138074.667617,
block1-000338,387.33196223620325,1031.4969072351232,41,60.0,386.7716749664396,1030.9366199653596,0.5602872697636485,block1:s3,pure_ltr,mixed,1785138074.0886312,1785138074.0891914,1785138074.4759703,1785138075.1201353,
block1-000339,55.0962898414582,3958.217801875435,172,107.5,54.86009002197534,3957.981602055952,0.23619981948286295,block1:zero_tool,pure_ltr,mixed,1785138074.1886656,1785138074.188902,1785138074.24377,1785138078.1468916,
block1-000340,307.9390295315534,1022.8502046084031,41,485.0,307.1512000169605,1022.0623750938103,0.787829514592886,block1:s3,pure_ltr,mixed,1785138074.400057,1785138074.400845,1785138074.7080047,1785138075.422916,
block1-000341,424.72499853465706,1106.488514575176,43,217.5,423.6579069402069,1105.4214229807258,1.0670915944501758,block1:s3,pure_ltr,mixed,1785138074.6564589,1785138074.657526,1785138075.081191,1785138075.7629547,
block1-000342,492.36406304407865,1212.2808690182865,49,85.0,492.12356202770025,1212.040368001908,0.2405010163784027,block1:s3,pure_ltr,mixed,1785138074.759611,1785138074.7598515,1785138075.2519817,1785138075.9718988,
block1-000343,295.7604933762923,1056.3364943955094,43,177.5,294.83430192340165,1055.4103029426187,0.9261914528906345,block1:s3,pure_ltr,mixed,1785138074.9559968,1785138074.9569228,1785138075.2517643,1785138076.0123405,
block1-000344,488.92811639234424,1238.621367374435,49,485.0,488.23119897861034,1237.9244499607012,0.6969174137338996,block1:s4,pure_ltr,mixed,1785138075.2921119,1785138075.2928088,1785138075.7810466,1785138076.5307398,
block1-000345,505.5795235093683,1244.261534535326,48,50.0,504.9526479560882,1243.634658982046,0.6268755532801151,block1:s4,pure_ltr,mixed,1785138075.5614798,1785138075.5621068,1785138076.0670676,1785138076.8057501,
block1-000346,493.35649085696787,1198.5244618263096,48,412.5,492.83962103072554,1198.0075920000672,0.5168698262423277,block1:s4,pure_ltr,mixed,1785138075.6452649,1785138075.6457815,1785138076.1386275,1785138076.8437955,
block1-000347,443.3167598908767,1159.9287597928196,48,357.5,442.97544099390507,1159.587440895848,0.34131889697164297,block1:s4,pure_ltr,mixed,1785138075.8184922,1785138075.8188336,1785138076.2618155,1785138076.9784274,
block1-000348,409.26422097254544,1129.6583149814978,48,17.5,408.7690329179168,1129.1631269268692,0.4951880546286702,block1:s4,pure_ltr,mixed,1785138075.9866605,1785138075.9871557,1785138076.3959324,1785138077.1163263,
block1-000349,69.9792142258957,3999.6019152458757,177,15.0,68.85129399597645,3998.4739950159565,1.1279202299192548,block1:zero_tool,pure_ltr,mixed,1785138076.0761044,1785138076.0772324,1785138076.1460907,1785138080.0757136,
block1-000350,475.4762762458995,1214.0160662820563,48,95.0,474.58245302550495,1213.1222430616617,0.8938232203945518,block1:s4,pure_ltr,mixed,1785138076.3871474,1785138076.3880413,1785138076.8626318,1785138077.6011713,
block1-000351,427.26905189920217,1165.2650518808514,48,15.0,426.37292097788304,1164.3689209595323,0.8961309213191271,block1:s4,pure_ltr,mixed,1785138076.6309364,1785138076.6318326,1785138077.0582118,1785138077.796208,
block1-000352,329.18618130497634,1028.5853133536875,43,152.5,328.9428889984265,1028.3420210471377,0.24329230654984713,block1:s1,pure_ltr,mixed,1785138076.7094872,1785138076.7097306,1785138077.0386794,1785138077.7380784,
block1-000353,66.15427264478058,3409.5053226919845,151,10.0,65.37838000804186,3408.7294300552458,0.7758926367387176,block1:zero_tool,pure_ltr,mixed,1785138076.953378,1785138076.9541538,1785138077.0195394,1785138080.3628905,
block1-000354,358.7137054419145,1019.3224764661863,40,412.5,358.4358050720766,1019.0445760963485,0.27790036983788013,block1:s1,pure_ltr,mixed,1785138077.2145905,1785138077.2148685,1785138077.573311,1785138078.2339199,
block1-000355,108.80174161866307,3388.349767657928,151,15.0,108.46344206947833,3388.0114681087434,0.3382995491847396,block1:zero_tool,pure_ltr,mixed,1785138077.2399266,1785138077.2402647,1785138077.3487353,1785138080.6282837,
block1-000356,109.18379120994359,3673.188394168392,166,20.0,108.5078320465982,3672.5124350050464,0.6759591633453965,block1:zero_tool,pure_ltr,mixed,1785138077.289108,1785138077.289784,1785138077.3982997,1785138080.9623044,
block1-000357,357.1184506872669,883.0507786478847,36,50.0,356.2755980528891,882.207926013507,0.8428526343777776,block1:s1,pure_ltr,mixed,1785138077.301722,1785138077.302565,1785138077.658849,1785138078.1847816,
block1-000358,62.402237206697464,4144.126010243781,188,15.0,61.59519695211202,4143.3189699891955,0.8070402545854449,block1:zero_tool,pure_ltr,mixed,1785138077.5186539,1785138077.5194612,1785138077.5810647,1785138081.6627884,
block1-000359,371.01234786678106,818.4277098625898,33,25.0,370.5990710295737,818.0144330253825,0.41327683720737696,block1:s1,pure_ltr,mixed,1785138077.972738,1785138077.9731514,1785138078.3437572,1785138078.7911725,
block1-000360,324.0348012186587,975.537748192437,40,20.0,323.22174904402345,974.7246960178018,0.8130521746352315,block1:s2,pure_ltr,mixed,1785138078.1563025,1785138078.1571157,1785138078.4803455,1785138079.1318488,
block1-000361,116.28799070604146,2032.457901746966,89,17.5,115.28472893405706,2031.4546399749815,1.0032617719843984,block1:zero_tool,pure_ltr,mixed,1785138078.1578221,1785138078.1588254,1785138078.274116,1785138080.1902862,
block1-000362,358.70241979137063,891.8611437547952,36,15.0,358.458734001033,891.6174579644576,0.24368579033762217,block1:s2,pure_ltr,mixed,1785138078.179902,1785138078.1801457,1785138078.5386121,1785138079.071771,
block1-000363,376.9218277884647,956.1940868152305,43,115.0,375.91754202730954,955.1898010540754,1.004285761155188,block1:s2,pure_ltr,mixed,1785138078.7556102,1785138078.7566147,1785138079.1325405,1785138079.711813,
block1-000364,291.39889020007104,755.4639292648062,35,115.0,291.1148070124909,755.1798460772261,0.28408318758010864,block1:s2,pure_ltr,mixed,1785138078.9558802,1785138078.9561644,1785138079.2472873,1785138079.7113523,
block1-000365,70.97762369085103,4086.6240076720715,192,15.0,70.6704700132832,4086.3168539945036,0.3071536775678396,block1:zero_tool,pure_ltr,mixed,1785138079.0613167,1785138079.061624,1785138079.1323028,1785138083.1479492,
block1-000366,94.15709786117077,3365.772803896107,155,117.5,93.480268958956,3365.095974993892,0.6768289022147655,block1:zero_tool,pure_ltr,mixed,1785138079.7056441,1785138079.706321,1785138079.7998083,1785138083.071424,
block1-000367,307.6487297657877,801.1531346710399,34,177.5,306.7341680871323,800.2385729923844,0.9145616786554456,block1:s2,pure_ltr,mixed,1785138079.7329955,1785138079.7339103,1785138080.0406518,1785138080.5341563,
block1-000368,444.21382062137127,1065.7453516032547,48,177.5,444.0197160001844,1065.5512469820678,0.19410462118685246,block1:s3,pure_ltr,mixed,1785138079.8031826,1785138079.803377,1785138080.2474036,1785138080.868935,
block1-000369,406.9595226319507,1065.6965546077117,48,357.5,406.40824497677386,1065.145276952535,0.5512776551768184,block1:s3,pure_ltr,mixed,1785138079.9932826,1785138079.993834,1785138080.4002504,1785138081.0589876,
block1-000370,81.40184567309916,3324.90115868859,154,287.5,81.19761105626822,3324.696924071759,0.20423461683094501,block1:zero_tool,pure_ltr,mixed,1785138080.8221507,1785138080.8223548,1785138080.9035587,1785138084.147058,
block1-000371,61.22806656640023,3694.157382589765,171,92.5,59.81712101493031,3692.746437038295,1.410945551469922,block1:zero_tool,pure_ltr,mixed,1785138080.8457913,1785138080.8472023,1785138080.9070263,1785138084.5399556,
block1-000372,375.31434663105756,988.9727996196598,41,395.0,373.7739549251273,987.4324079137295,1.540391705930233,block1:s3,pure_ltr,mixed,1785138080.886615,1785138080.8881555,1785138081.2619367,1785138081.875595,
block1-000373,444.2122728796676,1053.800803842023,46,282.5,442.91765708476305,1052.5061880471185,1.29461579490453,block1:s3,pure_ltr,mixed,1785138081.011457,1785138081.0127516,1785138081.4556773,1785138082.0652654,
block1-000374,499.8160576215014,961.4075405988842,43,100.0,498.4820450190455,960.0735279964283,1.334012602455914,block1:s3,pure_ltr,mixed,1785138081.084934,1785138081.0862682,1785138081.584757,1785138082.0463486,
block1-000375,415.34278402104974,1094.284247024916,48,412.5,414.9928679689765,1093.9343309728429,0.3499160520732403,block1:s3,pure_ltr,mixed,1785138081.4027488,1785138081.4030986,1785138081.8180976,1785138082.4970393,
block1-000376,67.88247579243034,3052.8886797837913,142,412.5,66.08926807530224,3051.095472066663,1.793207717128098,block1:zero_tool,pure_ltr,mixed,1785138081.7501633,1785138081.7519565,1785138081.8180528,1785138084.8030586,
block1-000377,449.87647666130215,1067.1325626317412,48,550.0,449.6819250052795,1066.9380109757185,0.19455165602266788,block1:s4,pure_ltr,mixed,1785138082.195076,1785138082.1952705,1785138082.6449597,1785138083.2622156,
block1-000378,409.4220232218504,1024.3183332495391,48,20.0,408.45466998871416,1023.3509800164029,0.9673532331362367,block1:s4,pure_ltr,mixed,1785138082.3504755,1785138082.351443,1785138082.7599063,1785138083.3748026,
block1-000379,92.89312176406384,3112.3511587502435,145,15.0,92.00903098098934,3111.467067967169,0.8840907830744982,block1:zero_tool,pure_ltr,mixed,1785138082.5872116,1785138082.5880957,1785138082.6801124,1785138085.6995704,
block1-000380,50.0528832199052,3674.446935299784,171,15.0,49.884037929587066,3674.278090009466,0.16884529031813145,block1:zero_tool,pure_ltr,mixed,1785138082.6328375,1785138082.6330066,1785138082.6828995,1785138086.3072934,
block1-000381,68.7251256313175,4565.447407658212,211,12.5,68.54033400304615,4565.262616029941,0.18479162827134132,block1:zero_tool,pure_ltr,mixed,1785138082.9445949,1785138082.9447799,1785138083.0133278,1785138087.5100503,
block1-000382,95.32603656407446,3728.105617570691,168,15.0,94.50162691064179,3727.281207917258,0.8244096534326673,block1:zero_tool,pure_ltr,mixed,1785138083.5378835,1785138083.538708,1785138083.633218,1785138087.2659974,
block1-000383,468.6598125845194,1184.4655654858798,48,10.0,468.4835490770638,1184.2893019784242,0.1762635074555874,block1:s4,pure_ltr,mixed,1785138083.5417995,1785138083.5419757,1785138084.0104659,1785138084.7262723,
block1-000384,57.64219746924937,4075.7350174244493,187,160.0,56.09191709663719,4074.184737051837,1.5502803726121783,block1:zero_tool,pure_ltr,mixed,1785138083.642203,1785138083.6437535,1785138083.6998541,1785138087.7179468,
block1-000385,131.12984190229326,1529.8426578519866,65,282.5,130.37136103957891,1529.0841769892722,0.7584808627143502,block1:s1,pure_ltr,mixed,1785138083.7256448,1785138083.7264032,1785138083.8567832,1785138085.255496,
block1-000386,409.9411399802193,998.604736989364,41,92.5,409.25498597789556,997.9185829870403,0.6861540023237467,block1:s1,pure_ltr,mixed,1785138084.373297,1785138084.3739831,1785138084.7832465,1785138085.3719099,
block1-000387,53.83074062410742,4673.81108365953,221,20.0,53.6279910011217,4673.608334036544,0.20274962298572063,block1:zero_tool,pure_ltr,mixed,1785138084.5469747,1785138084.5471776,1785138084.600813,1785138089.220793,
block1-000388,264.67309636063874,911.9264143519104,39,10.0,264.3262739293277,911.5795919205993,0.3468224313110113,block1:s1,pure_ltr,mixed,1785138084.6146283,1785138084.6149752,1785138084.8793094,1785138085.5265625,
block1-000389,110.52104597911239,3750.6260949885473,175,15.0,109.9962469888851,3750.10129599832,0.524798990227282,block1:zero_tool,pure_ltr,mixed,1785138084.989808,1785138084.9903328,1785138085.1003382,1785138088.7404432,
block1-000390,127.45007092598826,1405.9717669151723,61,17.5,126.7713459674269,1405.293041956611,0.6787249585613608,block1:s1,pure_ltr,mixed,1785138085.0107455,1785138085.0114243,1785138085.1382039,1785138086.4167259,
block1-000391,114.45844487752765,5562.431532889605,257,12.5,114.29771909024566,5562.270807102323,0.16072578728199005,block1:zero_tool,pure_ltr,mixed,1785138085.0238242,1785138085.0239851,1785138085.1382904,1785138090.5862637,
block1-000392,365.9109938889742,954.1594799375162,40,105.0,365.5613160226494,953.8098020711914,0.34967786632478237,block1:s2,pure_ltr,mixed,1785138086.0313175,1785138086.0316672,1785138086.3972356,1785138086.9854844,
block1-000393,313.28420399222523,901.0794010246173,40,820.0,311.68330495711416,899.4785019895062,1.6008990351110697,block1:s2,pure_ltr,mixed,1785138086.199886,1785138086.2014868,1785138086.5131783,1785138087.1009734,
block1-000394,355.3321836516261,824.1387497400865,36,75.0,354.72684691194445,823.5334130004048,0.6053367396816611,block1:s2,pure_ltr,mixed,1785138086.2191749,1785138086.2197807,1785138086.574517,1785138087.0433233,
block1-000395,69.13910910952836,11210.235797101632,516,15.0,68.86609294451773,11209.962780936621,0.2730161650106311,block1:zero_tool,pure_ltr,mixed,1785138086.5049982,1785138086.5052712,1785138086.5741436,1785138097.7152405,
block1-000396,70.72475319728255,4117.179300170392,190,22.5,70.0294109992683,4116.4839579723775,0.6953421980142593,block1:zero_tool,pure_ltr,mixed,1785138086.7586436,1785138086.759339,1785138086.8293767,1785138090.8758314,
block1-000397,494.4563650060445,1098.4999710926786,49,17.5,493.19853994529694,1097.242146031931,1.2578250607475638,block1:s2,pure_ltr,mixed,1785138087.0704887,1785138087.0717463,1785138087.564951,1785138088.168995,
block1-000398,346.87123633921146,852.4281933205202,38,10.0,346.294041024521,851.8509980058298,0.5771953146904707,block1:s2,pure_ltr,mixed,1785138087.4458547,1785138087.446432,1785138087.7927337,1785138088.2982907,
block1-000399,317.66201683785766,813.9289799146354,37,217.5,317.4008739879355,813.6678370647132,0.2611428499221802,block1:s2,pure_ltr,mixed,1785138088.0621428,1785138088.0624042,1785138088.3798118,1785138088.8760788,
block1-000400,67.78810895048082,3000.714127905667,138,280.0,67.0565259642899,2999.982544919476,0.7315829861909151,block1:zero_tool,pure_ltr,mixed,1785138088.23674,1785138088.2374718,1785138088.3045352,1785138091.237461,
block1-000401,271.1435854434967,847.1375614171848,39,307.5,269.33940302114934,845.3333789948374,1.8041824223473668,block1:s3,pure_ltr,mixed,1785138088.373198,1785138088.3750024,1785138088.6443484,1785138089.2203426,
block1-000402,56.792586226947606,3405.99702228792,161,47.5,56.56281590927392,3405.7672519702464,0.22977031767368317,block1:zero_tool,pure_ltr,mixed,1785138088.8000968,1785138088.8003266,1785138088.8568969,1785138092.206101,
block1-000403,64.7812410024926,9901.695895008743,453,550.0,63.828811049461365,9900.743465055712,0.9524299530312419,block1:zero_tool,pure_ltr,mixed,1785138089.021358,1785138089.0223105,1785138089.0861459,1785138098.9230604,
block1-000404,70.88256382849067,3482.601711875759,163,17.5,70.52884891163558,3482.247996958904,0.3537149168550968,block1:zero_tool,pure_ltr,mixed,1785138089.2111528,1785138089.2115064,1785138089.2820413,1785138092.6937604,
block1-000405,484.49154617264867,1221.0399251198396,48,12.5,482.8256070613861,1219.373986008577,1.66593911126256,block1:s3,pure_ltr,mixed,1785138089.2494714,1785138089.2511375,1785138089.7339702,1785138090.4705186,
block1-000406,510.383999440819,1088.1697704317048,43,395.0,510.2098180213943,1087.99558901228,0.17418141942471266,block1:s3,pure_ltr,mixed,1785138089.3820796,1785138089.382254,1785138089.8924708,1785138090.4702563,
block1-000407,316.05225417297333,1086.9884091662243,43,105.0,315.58154604863375,1086.5177010418847,0.47070812433958054,block1:s3,pure_ltr,mixed,1785138089.5564034,1785138089.5568743,1785138089.8724627,1785138090.643399,
block1-000408,452.3450924316421,1149.0296843694523,48,17.5,451.8343140371144,1148.5189059749246,0.5107783945277333,block1:s4,pure_ltr,mixed,1785138089.8420265,1785138089.8425374,1785138090.2943792,1785138090.991064,
block1-000409,456.0487966518849,1104.7599567100406,48,155.0,454.94455902371556,1103.6557190818712,1.1042376281693578,block1:s4,pure_ltr,mixed,1785138090.0949457,1785138090.09605,1785138090.551002,1785138091.1997132,
block1-000410,457.19846396241337,1065.7636179821566,48,287.5,456.53425599448383,1065.099410014227,0.6642079679295421,block1:s4,pure_ltr,mixed,1785138090.3023493,1785138090.3030136,1785138090.7595563,1785138091.3681219,
block1-000411,417.9912246763706,1041.4773806696758,48,15.0,417.77293698396534,1041.2590929772705,0.21828769240528345,block1:s4,pure_ltr,mixed,1785138090.4955294,1785138090.4957476,1785138090.9135277,1785138091.537014,
block1-000412,399.5467385975644,997.8294505272061,48,287.5,399.0482119843364,997.330923913978,0.49852661322802305,block1:s4,pure_ltr,mixed,1785138091.4523253,1785138091.4528239,1785138091.8518791,1785138092.4501617,
block1-000413,404.9778786720708,1006.8017627345398,48,117.5,404.8155299387872,1006.6394140012562,0.16234873328357935,block1:s4,pure_ltr,mixed,1785138092.572793,1785138092.5729554,1785138092.9777784,1785138093.5796022,
block1-000414,65.18687354400754,3880.710541503504,168,115.0,64.31070098187774,3879.834368941374,0.8761725621297956,block1:zero_tool,pure_ltr,mixed,1785138092.7996228,1785138092.800499,1785138092.8648174,1785138096.680341,
block1-000415,65.06131088826805,3483.903173939325,147,135.0,64.85094991512597,3483.692812966183,0.21036097314208746,block1:zero_tool,pure_ltr,mixed,1785138093.217469,1785138093.2176793,1785138093.282538,1785138096.7013798,
block1-000416,66.78764941170812,5113.0837394157425,216,282.5,66.35890703182667,5112.654997035861,0.4287423798814416,block1:zero_tool,pure_ltr,mixed,1785138094.044407,1785138094.0448356,1785138094.1112022,1785138099.1574984,
block1-000417,57.10635660216212,4056.1927255475894,166,152.5,56.614335044287145,4055.7007039897144,0.4920215578749776,block1:zero_tool,pure_ltr,mixed,1785138094.053855,1785138094.054347,1785138094.1109684,1785138098.1100547,
block1-000418,310.9673176659271,817.6112576620653,36,20.0,309.91107504814863,816.5550150442868,1.05624261777848,block1:s1,pure_ltr,mixed,1785138094.1122625,1785138094.1133187,1785138094.4232366,1785138094.9298806,
block1-000419,72.48603564221412,3605.311829713173,144,357.5,71.53719698544592,3604.362991056405,0.9488386567682028,block1:zero_tool,pure_ltr,mixed,1785138094.5045686,1785138094.5055175,1785138094.577064,1785138098.10989,
block1-000420,323.6047138925642,1018.6190429376438,36,357.5,322.63459090609103,1017.6489199511707,0.9701229864731431,block1:s1,pure_ltr,mixed,1785138094.6247787,1785138094.6257486,1785138094.9483905,1785138095.643405,
block1-000421,124.73155686166137,1759.9917288171127,61,15.0,124.23582898918539,1759.4960009446368,0.4957278724759817,block1:s1,pure_ltr,mixed,1785138094.962032,1785138094.9625278,1785138095.0867698,1785138096.72203,
block1-000422,320.8559494232759,1057.2064514271915,36,287.5,320.52000402472913,1056.8705060286447,0.3359453985467553,block1:s1,pure_ltr,mixed,1785138095.0000498,1785138095.0003858,1785138095.3209128,1785138096.0572634,
block1-000423,416.577335097827,1093.1411880301312,34,412.5,416.3347160210833,1092.8985689533874,0.24261907674372196,block1:s1,pure_ltr,mixed,1785138095.3118105,1785138095.3120532,1785138095.728394,1785138096.404958,
block1-000424,364.52523444313556,1125.682040466927,37,117.5,364.27749297581613,1125.4342989996076,0.24774146731942892,block1:s2,pure_ltr,mixed,1785138095.3834786,1785138095.3837264,1785138095.7480114,1785138096.5091684,
block1-000425,398.06101750582457,1093.685805448331,38,155.0,397.7939310716465,1093.4187190141529,0.26708643417805433,block1:s2,pure_ltr,mixed,1785138095.608076,1785138095.6083434,1785138096.0061445,1785138096.7017696,
block1-000426,54.50677976477891,3685.313294758089,160,12.5,54.07333991024643,3684.8798549035564,0.43343985453248024,block1:zero_tool,pure_ltr,mixed,1785138095.7365706,1785138095.737004,1785138095.7910848,1785138099.4218912,
block1-000427,119.46884333156049,3407.2475463617593,145,320.0,118.02926997188479,3405.8079730020836,1.4395733596757054,block1:zero_tool,pure_ltr,mixed,1785138095.9378958,1785138095.9393353,1785138096.0573735,1785138099.3451521,
block1-000428,493.2176711736247,1039.0033771982417,36,115.0,492.54499399103224,1038.3307000156492,0.6726771825924516,block1:s2,pure_ltr,mixed,1785138095.9530067,1785138095.9536796,1785138096.4462326,1785138096.9920182,
block1-000429,481.9076870335266,1181.7811450455338,41,115.0,481.85121500864625,1181.7246730206534,0.056472024880349636,block1:s2,pure_ltr,mixed,1785138095.963753,1785138095.9638095,1785138096.4456673,1785138097.145541,
block1-000430,527.9827197082341,1104.9534976482391,38,110.0,527.4284690385684,1104.3992469785735,0.5542506696656346,block1:s2,pure_ltr,mixed,1785138095.9814026,1785138095.981957,1785138096.5093925,1785138097.0863633,
block1-000431,496.73486687242985,1055.970867862925,37,10.0,496.14418705459684,1055.380188045092,0.5906798178330064,block1:s2,pure_ltr,mixed,1785138095.990502,1785138095.9910927,1785138096.4872434,1785138097.0464797,
block1-000432,69.42690967116505,2779.0415877243504,125,10.0,68.28170397784561,2777.896382031031,1.1452056933194399,block1:zero_tool,pure_ltr,mixed,1785138096.2594998,1785138096.2606459,1785138096.3289397,1785138099.0385544,
block1-000433,443.67023708764464,1202.1343969972804,48,105.0,443.0817960528657,1201.5459559625015,0.5884410347789526,block1:s3,pure_ltr,mixed,1785138096.2781956,1785138096.2787843,1785138096.7218742,1785138097.480338,
block1-000434,63.77158930990845,5030.633617308922,229,135.0,63.2785219931975,5030.140549992211,0.49306731671094894,block1:zero_tool,pure_ltr,mixed,1785138096.490159,1785138096.490652,1785138096.553939,1785138101.5208013,
block1-000435,470.1148752355948,1179.2127961525694,48,172.5,468.5840690508485,1177.681989967823,1.530806184746325,block1:s3,pure_ltr,mixed,1785138096.7145095,1785138096.7160404,1785138097.184632,1785138097.8937297,
block1-000436,77.57338171359152,9837.203420698643,465,85.0,77.41705607622862,9837.04709506128,0.1563256373628974,block1:zero_tool,pure_ltr,mixed,1785138096.7831218,1785138096.783278,1785138096.8607032,1785138106.620333,
block1-000437,72.45100755244493,3100.275040487759,143,132.5,72.07986596040428,3099.903898895718,0.371141592040658,block1:zero_tool,pure_ltr,mixed,1785138096.8926766,1785138096.8930478,1785138096.965136,1785138099.99296,
block1-000438,432.83885810524225,1097.2339120926335,46,10.0,432.16722598299384,1096.5622799703851,0.6716321222484112,block1:s3,pure_ltr,mixed,1785138096.9536989,1785138096.9543705,1785138097.3865452,1785138098.0509405,
block1-000439,462.44447340723127,1086.373092373833,48,395.0,460.8943819766864,1084.8230009432882,1.5500914305448532,block1:s3,pure_ltr,mixed,1785138097.3509347,1785138097.3524852,1785138097.813388,1785138098.4373162,
block1-000440,413.7676135869697,1034.249498625286,48,85.0,413.19177101831883,1033.673656056635,0.5758425686508417,block1:s4,pure_ltr,mixed,1785138097.479869,1785138097.4804447,1785138097.8936434,1785138098.514125,
block1-000441,65.32935472205281,3646.818854729645,165,95.0,64.63714002165943,3646.1266400292516,0.6922147003933787,block1:zero_tool,pure_ltr,mixed,1785138098.6608303,1785138098.6615226,1785138098.7261682,1785138102.3076577,
block1-000442,63.95755510311574,2907.6940630329773,130,545.0,63.77080001402646,2907.507307943888,0.1867550890892744,block1:zero_tool,pure_ltr,mixed,1785138098.728313,1785138098.7284997,1785138098.7922783,1785138101.636015,
block1-000443,488.9941270230338,1139.1133749857545,48,10.0,488.7350400676951,1138.8542880304158,0.2590869553387165,block1:s4,pure_ltr,mixed,1785138098.740239,1785138098.740498,1785138099.2292404,1785138099.8793597,
block1-000444,451.6261745011434,1137.502835597843,49,17.5,450.90058993082494,1136.7772510275245,0.7255845703184605,block1:s4,pure_ltr,mixed,1785138098.95092,1785138098.9516456,1785138099.4025526,1785138100.0884292,
block1-000445,405.41102120187134,1089.6622262662277,48,12.5,404.8404350178316,1089.091640082188,0.570586184039712,block1:s4,pure_ltr,mixed,1785138099.111135,1785138099.1117058,1785138099.5165539,1785138100.2008052,
block1-000446,415.5393325490877,1146.6401685029268,49,152.5,415.1607060339302,1146.2615419877693,0.37862651515752077,block1:s4,pure_ltr,mixed,1785138099.577322,1785138099.5777006,1785138099.9928696,1785138100.7239707,
block1-000447,476.78798099514097,1170.94346601516,48,17.5,475.9790130192414,1170.1344980392605,0.8089679758995771,block1:s4,pure_ltr,mixed,1785138099.9953597,1785138099.9961686,1785138100.4721556,1785138101.1663115,
block1-000448,57.554283062927425,2568.6308860313147,117,105.0,56.74451403319836,2567.8211170015857,0.8097690297290683,block1:zero_tool,pure_ltr,mixed,1785138100.2032034,1785138100.2040133,1785138100.2607656,1785138102.7718418,
block1-000449,114.36254740692675,1547.0265443436801,69,172.5,113.44314797315747,1546.1071449099109,0.9193994337692857,block1:s1,pure_ltr,mixed,1785138100.3012211,1785138100.3021405,1785138100.4155922,1785138101.848256,
block1-000450,60.08942658081651,4601.886778604239,223,297.5,59.79444889817387,4601.591800921597,0.2949776826426387,block1:zero_tool,pure_ltr,mixed,1785138100.6251073,1785138100.6254025,1785138100.6852052,1785138105.2270026,
block1-000451,332.964010653086,973.6939147114754,42,170.0,332.5804389314726,973.310342989862,0.38357172161340714,block1:s1,pure_ltr,mixed,1785138100.7383163,1785138100.7387,1785138101.0712876,1785138101.7120178,
block1-000452,67.09813384804875,5189.164964831434,250,17.5,66.66112609673291,5188.727957080118,0.43700775131583214,block1:zero_tool,pure_ltr,mixed,1785138101.104568,1785138101.105005,1785138101.171674,1785138106.2937407,
block1-000453,124.64748753700405,1452.5620775530115,65,135.0,123.63927892874926,1451.5538689447567,1.0082086082547903,block1:s1,pure_ltr,mixed,1785138101.3383298,1785138101.339338,1785138101.4629836,1785138102.7908983,
block1-000454,57.708222419023514,14333.684022421949,682,117.5,56.81950401049107,14332.795304013416,0.8887184085324407,block1:zero_tool,pure_ltr,mixed,1785138101.7335305,1785138101.734419,1785138101.7912455,1785138116.0672212,
block1-000455,291.2431088043377,775.2056748140603,33,92.5,290.0343280052766,773.9968940149993,1.20878079906106,block1:s1,pure_ltr,mixed,1785138102.0345516,1785138102.0357606,1785138102.3258014,1785138102.8097641,
block1-000456,358.26540063135326,806.8302816245705,38,145.0,357.8870319761336,806.4519129693508,0.3783686552196741,block1:s2,pure_ltr,mixed,1785138102.3753352,1785138102.3757138,1785138102.7336092,1785138103.182174,
block1-000457,105.82249832805246,1409.1187992598861,67,60.0,105.15326401218772,1408.4495649440214,0.6692343158647418,block1:s2,pure_ltr,mixed,1785138103.7056177,1785138103.7062874,1785138103.8114522,1785138105.1147482,
block1-000458,350.7007823791355,914.320687414147,43,20.0,349.13755604065955,912.757461075671,1.5632263384759426,block1:s2,pure_ltr,mixed,1785138104.5361896,1785138104.537753,1785138104.886899,1785138105.4505188,
block1-000459,323.6551706213504,966.1915675969794,43,22.5,323.269544984214,965.805941959843,0.38562563713639975,block1:s2,pure_ltr,mixed,1785138104.7143822,1785138104.7147682,1785138105.038047,1785138105.6805832,
block1-000460,347.0846286509186,1000.7746237097308,42,282.5,345.7234329544008,999.413428013213,1.3611956965178251,block1:s2,pure_ltr,mixed,1785138105.4633465,1785138105.4647079,1785138105.8104393,1785138106.4641294,
block1-000461,291.06923879589885,933.5916046984494,41,550.0,290.67151609342545,933.193881995976,0.397722702473402,block1:s2,pure_ltr,mixed,1785138105.5380268,1785138105.5384245,1785138105.8291037,1785138106.4716263,
block1-000462,384.22167813405395,916.839080164209,38,140.0,383.55320098344237,916.1706030135974,0.6684771506115794,block1:s2,pure_ltr,mixed,1785138105.9091635,1785138105.909832,1785138106.2933915,1785138106.8260088,
block1-000463,203.31333088688552,704.8825098900124,31,350.0,202.7806310215965,704.3498100247234,0.5326998652890325,block1:s2,pure_ltr,mixed,1785138106.0140576,1785138106.0145903,1785138106.2173774,1785138106.7189465,
block1-000464,52.65013501048088,3061.348170042038,143,117.5,52.38668201491237,3061.0847170464694,0.26345299556851387,block1:zero_tool,pure_ltr,mixed,1785138106.3194559,1785138106.3197193,1785138106.3721144,1785138109.3808126,
block1-000465,59.356234152801335,2702.5039261206985,126,155.0,58.84849897120148,2701.9961909390986,0.5077351815998554,block1:zero_tool,pure_ltr,mixed,1785138106.412425,1785138106.4129326,1785138106.4717877,1785138109.1149356,
block1-000466,447.80495180748403,1085.2965757949278,48,322.5,446.7292430344969,1084.2208670219406,1.0757087729871273,block1:s3,pure_ltr,mixed,1785138106.4788783,1785138106.4799542,1785138106.9266908,1785138107.5641823,
block1-000467,440.6570758437738,1044.5185637800023,48,135.0,440.35313406493515,1044.2146220011637,0.3039417788386345,block1:s3,pure_ltr,mixed,1785138106.6694386,1785138106.6697428,1785138107.110103,1785138107.7139645,
block1-000468,59.91935124620795,3476.9346662797034,163,17.5,59.62398799601942,3476.639303029515,0.2953632501885295,block1:zero_tool,pure_ltr,mixed,1785138106.8436508,1785138106.8439462,1785138106.9035769,1785138110.3205922,
block1-000469,348.15010940656066,912.576450384222,43,92.5,347.98266703728586,912.4090080149472,0.16744236927479506,block1:s3,pure_ltr,mixed,1785138106.89461,1785138106.8947773,1785138107.2427676,1785138107.8071938,
block1-000470,499.15131949819624,1038.030287483707,43,297.5,499.10446302965283,1037.9834310151637,0.0468564685434103,block1:s3,pure_ltr,mixed,1785138107.9002476,1785138107.9002943,1785138108.3994062,1785138108.938285,
block1-000471,54.224907187744975,2916.948788217269,128,17.5,53.60958899836987,2916.333470027894,0.6153181893751025,block1:zero_tool,pure_ltr,mixed,1785138108.0555406,1785138108.056156,1785138108.1097734,1785138110.9724972,
block1-000472,412.40436548832804,1144.123190548271,48,395.0,411.766957025975,1143.485782085918,0.6374084623530507,block1:s4,pure_ltr,mixed,1785138108.1790035,1785138108.1796408,1785138108.5914145,1785138109.3231337,
block1-000473,100.53474269807339,2798.2621636474505,122,395.0,99.75481207948178,2797.482233028859,0.7799306185916066,block1:zero_tool,pure_ltr,mixed,1785138108.2314682,1785138108.2322483,1785138108.3320115,1785138111.0297387,
block1-000474,60.718444641679525,3636.5610726643354,165,307.5,59.979946934618056,3635.822574957274,0.7384977070614696,block1:zero_tool,pure_ltr,mixed,1785138108.2814941,1785138108.2822328,1785138108.3422246,1785138111.9180667,
block1-000475,447.5301146740094,1137.1126987505704,48,132.5,446.68855192139745,1136.2711359979585,0.8415627526119351,block1:s4,pure_ltr,mixed,1785138108.5865817,1785138108.5874233,1785138109.0341208,1785138109.7237034,
block1-000476,425.33738270867616,1114.272377686575,48,117.5,424.3880839785561,1113.323078956455,0.9492987301200628,block1:s4,pure_ltr,mixed,1785138108.6282668,1785138108.629216,1785138109.053613,1785138109.742548,
block1-000477,407.71522431168705,1119.8650553124025,48,15.0,407.31528506148607,1119.4651160622016,0.39993925020098686,block1:s4,pure_ltr,mixed,1785138109.0865815,1785138109.0869813,1785138109.4943044,1785138110.2064543,
block1-000478,448.77684640232474,1258.3370534703135,48,572.5,446.68984098825604,1256.2500480562449,2.087005414068699,block1:s4,pure_ltr,mixed,1785138109.520835,1785138109.522922,1785138109.9696202,1785138110.7791805,
block1-000479,426.76995520014316,1212.6797372475266,48,17.5,426.4572079991922,1212.3669900465757,0.3127472009509802,block1:s4,pure_ltr,mixed,1785138109.7406065,1785138109.7409196,1785138110.1673872,1785138110.9532967,
block1-000480,309.4167176168412,1054.9839755985886,43,52.5,308.4178699646145,1053.985127946362,0.9988476522266865,block1:s1,pure_ltr,mixed,1785138110.031395,1785138110.0323937,1785138110.3408377,1785138111.0864053,
block1-000481,128.08339926414192,1587.1384443016723,69,47.5,127.32297100592405,1586.3780160434544,0.7604282582178712,block1:s1,pure_ltr,mixed,1785138110.3310452,1785138110.3318057,1785138110.4591362,1785138111.918191,
block1-000482,440.83829713054,1071.0970610380173,43,15.0,440.38424210157245,1070.6430060090497,0.45405502896755934,block1:s1,pure_ltr,mixed,1785138110.3765523,1785138110.3770063,1785138110.8173976,1785138111.4476564,
block1-000483,116.41411809250712,1522.9505711467937,72,105.0,115.53710303269327,1522.0735560869798,0.8770150598138571,block1:s1,pure_ltr,mixed,1785138110.6206944,1785138110.6215715,1785138110.7371166,1785138112.143653,
block1-000484,73.80964199546725,4838.258194038644,232,350.0,73.29509197734296,4837.74364402052,0.5145500181242824,block1:zero_tool,pure_ltr,mixed,1785138110.7056222,1785138110.7061365,1785138110.7794392,1785138115.5438876,
block1-000485,126.6394954873249,1273.2056664535776,62,155.0,125.92970300465822,1272.495873970911,0.7097924826666713,block1:s1,pure_ltr,mixed,1785138111.1886466,1785138111.1893566,1785138111.3152952,1785138112.4618611,
block1-000486,129.96117467992008,1464.434850611724,67,60.0,129.41357598174363,1463.8872519135475,0.5475986981764436,block1:s1,pure_ltr,mixed,1785138112.4842703,1785138112.4848182,1785138112.6142392,1785138113.948713,
block1-000487,116.80694401729852,3207.611564081162,149,92.5,116.02154199499637,3206.82616205886,0.7854020223021507,block1:zero_tool,pure_ltr,mixed,1785138112.5449154,1785138112.545701,1785138112.6617298,1785138115.7525346,
block1-000488,293.29379298724234,889.8417290765792,41,17.5,293.07019792031497,889.6181340096518,0.2235950669273734,block1:s2,pure_ltr,mixed,1785138112.5975971,1785138112.5978208,1785138112.890898,1785138113.487446,
block1-000489,67.60952714830637,1961.0330470604822,95,322.5,67.1294640051201,1960.552983917296,0.4800631431862712,block1:zero_tool,pure_ltr,mixed,1785138112.6924126,1785138112.6928928,1785138112.76003,1785138114.6534534,
block1-000490,307.792323641479,795.7204435952008,36,17.5,306.1151730362326,794.0432929899544,1.6771506052464247,block1:s2,pure_ltr,mixed,1785138113.295699,1785138113.297376,1785138113.6035006,1785138114.0914285,
block1-000491,55.68330141250044,8500.70357939694,396,15.0,55.535114952363074,8500.555392936803,0.14818646013736725,block1:zero_tool,pure_ltr,mixed,1785138113.4725316,1785138113.4726796,1785138113.5282235,1785138121.9732437,
block1-000492,60.883125523105264,3732.2260945802554,173,60.0,60.42973592411727,3731.7727049812675,0.4533895989879966,block1:zero_tool,pure_ltr,mixed,1785138113.6030672,1785138113.6035204,1785138113.6639566,1785138117.3352995,
block1-000493,297.172102262266,903.2390392385423,41,357.5,296.146290958859,902.2132279351354,1.0258113034069538,block1:s2,pure_ltr,mixed,1785138114.0188296,1785138114.0198553,1785138114.3160079,1785138114.9220748,
block1-000494,293.55853295419365,770.3907940303907,36,95.0,292.71881794556975,769.5510790217668,0.839715008623898,block1:s2,pure_ltr,mixed,1785138114.4536142,1785138114.454454,1785138114.7471797,1785138115.2240124,
block1-000495,62.362970667891204,6622.52998969052,304,12.5,60.866205021739006,6621.033224044368,1.4967656461521983,block1:zero_tool,pure_ltr,mixed,1785138114.8213882,1785138114.822885,1785138114.8837578,1785138121.4439247,
block1-000496,298.2383972266689,839.4793862244114,32,820.0,297.74374701082706,838.9847360085696,0.4946502158418298,block1:s3,pure_ltr,mixed,1785138115.1317382,1785138115.132233,1785138115.4299846,1785138115.9712253,
block1-000497,500.61816663946956,1146.3207775959745,48,60.0,498.9381979685277,1144.6408089250326,1.6799686709418893,block1:s3,pure_ltr,mixed,1785138115.286933,1785138115.2886128,1785138115.7875593,1785138116.4332619,
block1-000498,421.01477179676294,923.4747928567231,38,12.5,420.20784690976143,922.6678679697216,0.8069248870015144,block1:s3,pure_ltr,mixed,1785138115.4139693,1785138115.414776,1785138115.8349926,1785138116.3374527,
block1-000499,404.23732716590166,1060.6295062461868,48,15.0,403.74919795431197,1060.141377034597,0.488129211589694,block1:s3,pure_ltr,mixed,1785138115.5671065,1785138115.5675945,1785138115.971352,1785138116.6277442,
block1-000500,73.85385874658823,3162.8996077924967,143,20.0,72.50301400199533,3161.548763047904,1.350844744592905,block1:zero_tool,pure_ltr,mixed,1785138115.722128,1785138115.7234788,1785138115.7959907,1785138118.8850362,
block1-000501,71.92883046809584,2745.107906521298,128,15.0,71.17408595513552,2744.3531620083377,0.7547445129603148,block1:zero_tool,pure_ltr,mixed,1785138115.7243357,1785138115.7250905,1785138115.7962728,1785138118.4694517,
block1-000502,87.52751897554845,4930.087583954446,225,187.5,87.37545402254909,4929.935519001447,0.1520649529993534,block1:zero_tool,pure_ltr,mixed,1785138116.14475,1785138116.1449025,1785138116.2322855,1785138121.0748456,
block1-000503,391.74940530210733,1122.7006443077698,48,10.0,390.6945319613442,1121.6457709670067,1.0548733407631516,block1:s3,pure_ltr,mixed,1785138116.1550982,1785138116.1561532,1785138116.5468552,1785138117.2778068,
block1-000504,64.45602350868285,2958.185898489319,129,217.5,63.806758960708976,2957.536633941345,0.6492645479738712,block1:zero_tool,pure_ltr,mixed,1785138116.524177,1785138116.5248263,1785138116.58864,1785138119.48237,
block1-000505,485.84423668216914,1107.1173817617819,48,12.5,483.8666459545493,1105.139791034162,1.9775907276198268,block1:s4,pure_ltr,mixed,1785138116.7717319,1785138116.7737093,1785138117.2575836,1785138117.8788567,
block1-000506,437.77671724092215,1062.5693361507729,48,115.0,436.9996039895341,1061.7922228993848,0.777113251388073,block1:s4,pure_ltr,mixed,1785138116.8778844,1785138116.8786616,1785138117.3156705,1785138117.9404635,
block1-000507,419.3984717130661,1077.1023776615039,48,12.5,418.2906490750611,1075.9945550234988,1.1078226380050182,block1:s4,pure_ltr,mixed,1785138117.0117188,1785138117.0128267,1785138117.4311254,1785138118.0888293,
block1-000508,63.206162536516786,3738.043803605251,171,320.0,61.75516301300377,3736.592804081738,1.450999523513019,block1:zero_tool,pure_ltr,mixed,1785138117.487136,1785138117.488587,1785138117.5503502,1785138121.2251875,
block1-000509,412.10528346709907,1257.6422735583037,49,412.5,411.59658192191273,1257.1335720131174,0.5087015451863408,block1:s4,pure_ltr,mixed,1785138117.8885744,1785138117.8890831,1785138118.3006873,1785138119.1462245,
block1-000510,532.0324804633856,1290.1813355274498,48,217.5,531.5804439596832,1289.7292990237474,0.4520365037024021,block1:s4,pure_ltr,mixed,1785138118.2555633,1785138118.2560153,1785138118.7876036,1785138119.5457523,
block1-000511,503.2425276003778,1343.6648565111682,48,187.5,502.6770679978654,1343.0993969086558,0.5654596025124192,block1:s4,pure_ltr,mixed,1785138118.4590995,1785138118.459665,1785138118.9623508,1785138119.802773,
block1-000512,411.69018286745995,1152.3644098779187,43,297.5,411.35292092803866,1152.0271479384974,0.3372619394212961,block1:s1,pure_ltr,mixed,1785138118.4922993,1785138118.4926364,1785138118.9039948,1785138119.6446688,
block1-000513,117.3084577312693,1596.1250867694616,66,70.0,117.00220894999802,1595.8188379881904,0.30624878127127886,block1:s1,pure_ltr,mixed,1785138118.6700432,1785138118.6703496,1785138118.787359,1785138120.2661755,
block1-000514,343.4824781725183,1098.2014891924337,43,95.0,342.8611810086295,1097.5801920285448,0.6212971638888121,block1:s1,pure_ltr,mixed,1785138118.9375768,1785138118.9381983,1785138119.2810667,1785138120.0357857,
block1-000515,505.4513141512871,1082.7076901914552,45,395.0,504.95157402474433,1082.2079500649124,0.499740126542747,block1:s1,pure_ltr,mixed,1785138119.335345,1785138119.3358448,1785138119.840804,1785138120.4180603,
block1-000516,389.8198548704386,909.7523498348892,39,20.0,389.2453630687669,909.1778580332175,0.5744918016716838,block1:s1,pure_ltr,mixed,1785138119.4703364,1785138119.470911,1785138119.8601637,1785138120.380096,
block1-000517,76.29725872538984,7399.2116276640445,351,100.0,75.91126603074372,7398.825634969398,0.38599269464612007,block1:zero_tool,pure_ltr,mixed,1785138119.5485568,1785138119.5489428,1785138119.624861,1785138126.9477751,
block1-000518,121.2593128439039,1355.65198387485,66,60.0,120.9776399191469,1355.370310950093,0.2816729247570038,block1:s1,pure_ltr,mixed,1785138119.6617675,1785138119.6620493,1785138119.7830374,1785138121.01743,
block1-000519,66.20934791862965,7643.532394897193,365,15.0,65.76610601041466,7643.089152988978,0.4432419082149863,block1:zero_tool,pure_ltr,mixed,1785138121.0656962,1785138121.0661395,1785138121.1319127,1785138128.7092357,
block1-000520,303.97411610465497,837.2148640919477,34,85.0,303.7074740277603,836.948222015053,0.2666420768946409,block1:s2,pure_ltr,mixed,1785138121.3723748,1785138121.3726416,1785138121.6763566,1785138122.209597,
block1-000521,346.03490645531565,933.7593204108998,38,117.5,345.1746450737119,932.899059029296,0.8602613816037774,block1:s2,pure_ltr,mixed,1785138121.6079445,1785138121.6088052,1785138121.9539878,1785138122.5417123,
block1-000522,358.9064826956019,846.8169067054987,36,357.5,358.5188889410347,846.4293129509315,0.3875937545672059,block1:s2,pure_ltr,mixed,1785138121.9780352,1785138121.9784226,1785138122.3369484,1785138122.824859,
block1-000523,356.2566357431933,991.5594097692519,43,70.0,356.12507397308946,991.4278479991481,0.13156177010387182,block1:s2,pure_ltr,mixed,1785138122.0375566,1785138122.0376883,1785138122.393821,1785138123.0291238,
block1-000524,325.3053242806345,813.9004172990099,35,115.0,323.39572603814304,811.9908190565184,1.9095982424914837,block1:s2,pure_ltr,mixed,1785138122.1964037,1785138122.1983132,1785138122.5217166,1785138123.0103116,
block1-000525,60.204496374353766,3552.439878345467,165,15.0,59.193597990088165,3551.4289799612015,1.0108983842656016,block1:zero_tool,pure_ltr,mixed,1785138122.2768228,1785138122.277834,1785138122.3370368,1785138125.8292723,
block1-000526,295.25860713329166,838.8796240324154,36,20.0,294.32680108584464,837.9478179849684,0.9318060474470258,block1:s2,pure_ltr,mixed,1785138122.415742,1785138122.416674,1785138122.7110085,1785138123.2546296,
block1-000527,217.03374048229307,863.5630625067279,37,110.0,216.92918799817562,863.4585100226104,0.10455248411744833,block1:s2,pure_ltr,mixed,1785138122.890527,1785138122.8906317,1785138123.1075673,1785138123.754096,
block1-000528,415.2377367718145,1101.5272118384019,48,52.5,414.95180199854076,1101.241277065128,0.28593477327376604,block1:s3,pure_ltr,mixed,1785138123.070804,1785138123.0710902,1785138123.4860501,1785138124.1723392,
block1-000529,83.908831467852,3817.1613494632766,180,10.0,81.9627350429073,3815.215253038332,1.9460964249446988,block1:zero_tool,pure_ltr,mixed,1785138123.0932,1785138123.0951462,1785138123.1771154,1785138126.910368,
block1-000530,67.15680635534227,3431.5090873278677,161,75.0,66.34619401302189,3430.6984749855474,0.8106123423203826,block1:zero_tool,pure_ltr,mixed,1785138123.19348,1785138123.1942906,1785138123.2606468,1785138126.6249988,
block1-000531,442.40779790561646,1089.0701988246292,48,20.0,441.40651100315154,1088.0689119221643,1.0012869024649262,block1:s3,pure_ltr,mixed,1785138123.6140811,1785138123.6150825,1785138124.0564969,1785138124.7031593,
block1-000532,94.72188609652221,3866.373198106885,183,322.5,94.30694091133773,3865.9582529217005,0.41494518518447876,block1:zero_tool,pure_ltr,mixed,1785138123.659537,1785138123.6599522,1785138123.7542698,1785138127.5259213,
block1-000533,408.0223726341501,1053.529134602286,48,320.0,407.3238760465756,1052.8306380147114,0.698496587574482,block1:s3,pure_ltr,mixed,1785138123.9151673,1785138123.9158657,1785138124.3231964,1785138124.9687033,
block1-000534,466.9376570964232,1003.4392070956528,43,152.5,465.9247830277309,1002.4263330269605,1.0128740686923265,block1:s3,pure_ltr,mixed,1785138124.53893,1785138124.5399427,1785138125.0058742,1785138125.542376,
block1-000535,444.5616108132526,1141.911003855057,48,170.0,444.11168491933495,1141.4610779611394,0.4499258939176798,block1:s3,pure_ltr,mixed,1785138125.0391273,1785138125.0395772,1785138125.483697,1785138126.1810462,
block1-000536,65.91431773267686,3484.795533702709,169,115.0,65.12802711222321,3484.009243082255,0.7862906204536557,block1:zero_tool,pure_ltr,mixed,1785138125.2653046,1785138125.2660913,1785138125.3312273,1785138128.7501085,
block1-000537,423.1272676261142,1138.9130746247247,48,10.0,422.84338490571827,1138.6291919043288,0.28388272039592266,block1:s4,pure_ltr,mixed,1785138125.3121574,1785138125.3124413,1785138125.7352922,1785138126.4510775,
block1-000538,440.91601471882313,1100.9939076611772,48,12.5,440.07129198871553,1100.1491849310696,0.8447227301076055,block1:s4,pure_ltr,mixed,1785138125.6582077,1785138125.6590524,1785138126.0991306,1785138126.7592084,
block1-000539,426.3099152594805,1086.0531082144007,48,115.0,426.09195900149643,1085.8351519564167,0.21795625798404217,block1:s4,pure_ltr,mixed,1785138125.692416,1785138125.6926339,1785138126.1187334,1785138126.7784762,
block1-000540,416.6893333895132,1042.9512293776497,49,322.5,416.524086962454,1042.7859829505906,0.16524642705917358,block1:s4,pure_ltr,mixed,1785138126.130773,1785138126.1309383,1785138126.5474706,1785138127.1737328,
block1-000541,54.85206376761198,2556.5323657356203,128,17.5,54.5445759780705,2556.224877946079,0.3074877895414829,block1:zero_tool,pure_ltr,mixed,1785138126.2981398,1785138126.2984474,1785138126.3529987,1785138128.854679,
block1-000542,411.468364065513,1049.6629769913852,48,20.0,410.95706704072654,1049.1516799665987,0.5112970247864723,block1:s4,pure_ltr,mixed,1785138127.2452662,1785138127.2457774,1785138127.656741,1785138128.2949355,
block1-000543,391.4683290058747,1104.1766899870709,48,545.0,391.2656840402633,1103.9740450214595,0.20264496561139822,block1:s4,pure_ltr,mixed,1785138127.95899,1785138127.9591928,1785138128.350467,1785138129.0631754,
block1-000544,69.5294413017109,4409.806526266038,202,287.5,69.13040904328227,4409.40749400761,0.3990322584286332,block1:zero_tool,pure_ltr,mixed,1785138128.6803699,1785138128.680769,1785138128.749907,1785138133.0901842,
block1-000545,125.99561305250973,1563.0788890412077,66,15.0,124.60898200515658,1561.6922579938546,1.3866310473531485,block1:s1,pure_ltr,mixed,1785138128.7803426,1785138128.7817292,1785138128.9063463,1785138130.3434289,
block1-000546,522.6554695982486,1149.566872511059,44,10.0,521.582534071058,1148.4939369838685,1.072935527190566,block1:s1,pure_ltr,mixed,1785138128.7975223,1785138128.7985954,1785138129.3201845,1785138129.9470968,
block1-000547,122.43100279010832,1720.364490756765,72,20.0,122.17544799204916,1720.1089359587058,0.2555547980591655,block1:s1,pure_ltr,mixed,1785138129.0567217,1785138129.0569775,1785138129.1791613,1785138130.7770948,
block1-000548,315.17524528317153,946.5283603640273,42,282.5,313.7461309088394,945.0992459896952,1.42911437433213,block1:s1,pure_ltr,mixed,1785138129.2099867,1785138129.2114158,1785138129.5251691,1785138130.1565223,
block1-000549,120.44128065463156,1412.0226736413315,61,485.0,119.87387097906321,1411.4552639657632,0.5674096755683422,block1:s1,pure_ltr,mixed,1785138129.6152794,1785138129.6158469,1785138129.7357302,1785138131.0273113,
block1-000550,83.22565432172269,3938.377523329109,190,20.0,82.13335310574621,3937.2852221131325,1.0923012159764767,block1:zero_tool,pure_ltr,mixed,1785138129.6742613,1785138129.6753538,1785138129.7574947,1785138133.6126466,
block1-000551,54.195261909626424,2575.403442955576,122,17.5,53.11551794875413,2574.3236989947036,1.0797439608722925,block1:zero_tool,pure_ltr,mixed,1785138130.0455,1785138130.04658,1785138130.0997057,1785138132.6209135,
block1-000552,366.296099498868,1001.4608454657719,38,12.5,365.8868110505864,1001.0515570174903,0.40928844828158617,block1:s2,pure_ltr,mixed,1785138130.3583453,1785138130.3587546,1785138130.7246492,1785138131.3598137,
block1-000553,99.79032562114298,1951.99955557473,89,550.0,98.64815103355795,1950.857380987145,1.142174587585032,block1:zero_tool,pure_ltr,mixed,1785138130.387106,1785138130.3882482,1785138130.4869037,1785138132.3391128,
block1-000554,398.30635336693376,941.9013044098392,37,75.0,397.1981309587136,940.793082001619,1.108222408220172,block1:s2,pure_ltr,mixed,1785138130.5521042,1785138130.5532124,1785138130.950418,1785138131.4940128,
block1-000555,359.30589213967323,1016.7420852230862,43,350.0,357.8440969577059,1015.2802900411189,1.461795181967318,block1:s2,pure_ltr,mixed,1785138130.6284752,1785138130.6299372,1785138130.9877899,1785138131.6452258,
block1-000556,330.75412863399833,874.6519485721365,36,350.0,330.4410179844126,874.3388379225507,0.3131106495857239,block1:s2,pure_ltr,mixed,1785138130.657215,1785138130.6575284,1785138130.9879766,1785138131.5318747,
block1-000557,399.48748040478677,854.5790994539857,38,15.0,398.71250791475177,853.8041269639507,0.7749724900349975,block1:s2,pure_ltr,mixed,1785138131.0946116,1785138131.0953865,1785138131.4941063,1785138131.949198,
block1-000558,346.234216587618,800.5490385694429,38,287.5,344.5574709912762,798.8722929731011,1.6767455963417888,block1:s2,pure_ltr,mixed,1785138131.260672,1785138131.262349,1785138131.606914,1785138132.0612288,
block1-000559,67.063944414258,6690.640967455693,322,572.5,66.83480192441493,6690.4118249658495,0.2291424898430705,block1:zero_tool,pure_ltr,mixed,1785138131.6752899,1785138131.6755192,1785138131.7423618,1785138138.3659387,
block1-000560,414.86702812835574,1045.105621102266,48,395.0,413.0678200162947,1043.306412990205,1.7992081120610237,block1:s3,pure_ltr,mixed,1785138132.6182828,1785138132.620082,1785138133.033157,1785138133.663396,
block1-000561,83.25470285490155,2583.819381892681,125,187.5,82.53786200657487,2583.1025410443544,0.716840848326683,block1:zero_tool,pure_ltr,mixed,1785138133.1137996,1785138133.1145165,1785138133.1970625,1785138135.697627,
block1-000562,76.2866921722889,4552.355409134179,220,412.5,75.37044503260404,4551.4391619944945,0.9162471396848559,block1:zero_tool,pure_ltr,mixed,1785138133.1233187,1785138133.1242347,1785138133.1996126,1785138137.6756814,
block1-000563,273.8759198691696,875.4610179457814,41,92.5,272.99793693237007,874.5830350089818,0.8779829367995262,block1:s3,pure_ltr,mixed,1785138133.5758736,1785138133.5767517,1785138133.849756,1785138134.4513412,
block1-000564,54.24039450008422,2736.948879552074,130,485.0,53.93183697015047,2736.64032202214,0.30855752993375063,block1:zero_tool,pure_ltr,mixed,1785138134.100659,1785138134.1009674,1785138134.154907,1785138136.8376153,
block1-000565,418.9597660442814,1040.0035760831088,43,280.0,418.3994079940021,1039.4432180328295,0.5603580502793193,block1:s3,pure_ltr,mixed,1785138134.7991016,1785138134.799662,1785138135.2180693,1785138135.8391132,
block1-000566,538.6111575644463,1045.823405496776,43,75.0,538.1834780564532,1045.395725988783,0.4276795079931617,block1:s3,pure_ltr,mixed,1785138134.8120387,1785138134.8124664,1785138135.350657,1785138135.8578694,
block1-000567,302.22654389217496,1000.1314549008384,43,140.0,301.5353420050815,999.440253013745,0.6912018870934844,block1:s3,pure_ltr,mixed,1785138135.0861504,1785138135.0868418,1785138135.3883858,1785138136.0862906,
block1-000568,97.82581927720457,3299.1883523063734,151,10.0,97.18323405832052,3298.5457670874894,0.6425852188840508,block1:zero_tool,pure_ltr,mixed,1785138135.417765,1785138135.4184077,1785138135.515599,1785138138.7169614,
block1-000569,399.75839853286743,1090.8999214880168,48,70.0,399.42702499683946,1090.5685479519889,0.33137353602796793,block1:s4,pure_ltr,mixed,1785138135.439442,1785138135.439773,1785138135.839207,1785138136.5303488,
block1-000570,59.62593853473663,2859.044263488613,130,217.5,59.26233599893749,2858.680660952814,0.3636025357991457,block1:zero_tool,pure_ltr,mixed,1785138135.678895,1785138135.6792586,1785138135.738529,1785138138.5379472,
block1-000571,70.50914340652525,3476.252122432925,154,10.0,70.36922499537468,3476.1122040217742,0.13991841115057468,block1:zero_tool,pure_ltr,mixed,1785138135.7485416,1785138135.7486815,1785138135.8190584,1785138139.2248015,
block1-000572,410.1422366220504,1058.805031585507,48,572.5,409.498404012993,1058.1611989764497,0.6438326090574265,block1:s4,pure_ltr,mixed,1785138135.9117439,1785138135.9123878,1785138136.3218942,1785138136.9705565,
block1-000573,57.64624883886427,3777.9679908417165,170,135.0,56.76453106570989,3777.086273068562,0.8817177731543779,block1:zero_tool,pure_ltr,mixed,1785138136.1270556,1785138136.1279373,1785138136.1847095,1785138139.9050312,
block1-000574,409.0299952076748,1053.6444272147492,48,105.0,408.29209599178284,1052.9065279988572,0.7378992158919573,block1:s4,pure_ltr,mixed,1785138136.2937553,1785138136.2944932,1785138136.702792,1785138137.3474064,
block1-000575,408.4059172309935,1219.5992892375216,48,85.0,408.1842659506947,1219.3776379572228,0.22165128029882908,block1:s4,pure_ltr,mixed,1785138137.146123,1785138137.1463447,1785138137.5545375,1785138138.3657308,
block1-000576,416.90601978916675,1069.9297348037362,43,217.5,416.6757600614801,1069.6994750760496,0.2302597276866436,block1:s1,pure_ltr,mixed,1785138137.5704618,1785138137.5706918,1785138137.987374,1785138138.6403978,
block1-000577,107.9872305272147,3956.902146572247,177,485.0,106.78754595573992,3955.7024620007724,1.1996845714747906,block1:zero_tool,pure_ltr,mixed,1785138137.6537185,1785138137.6549182,1785138137.7617147,1785138141.610629,
block1-000578,381.1220448696986,917.6440638257191,36,115.0,380.77795901335776,917.2999779693782,0.34408585634082556,block1:s1,pure_ltr,mixed,1785138137.6647258,1785138137.6650698,1785138138.045855,1785138138.5823765,
block1-000579,70.38044580258429,3061.987712746486,136,412.5,69.82434599194676,3061.4316129358485,0.5560998106375337,block1:zero_tool,pure_ltr,mixed,1785138137.7350843,1785138137.7356405,1785138137.8054729,1785138140.7970796,
block1-000580,325.8515202905983,1018.1619692593813,42,50.0,325.4866150673479,1017.7970640361309,0.3649052232503891,block1:s1,pure_ltr,mixed,1785138137.8605387,1785138137.8609037,1785138138.186399,1785138138.8787088,
block1-000581,71.31324452348053,3129.8186514759436,140,17.5,70.32737508416176,3128.832782036625,0.9858694393187761,block1:zero_tool,pure_ltr,mixed,1785138138.0756357,1785138138.0766218,1785138138.1469588,1785138141.2054641,
block1-000582,134.12736007012427,1655.4629351012409,69,60.0,133.07014398742467,1654.4057190185413,1.0572160826995969,block1:s1,pure_ltr,mixed,1785138138.1522274,1785138138.1532845,1785138138.2863646,1785138139.8077002,
block1-000583,71.69408758636564,3598.468420561403,164,60.0,71.39055198058486,3598.1648849556223,0.3035356057807803,block1:zero_tool,pure_ltr,mixed,1785138138.47132,1785138138.4716234,1785138138.5430226,1785138142.0697968,
block1-000584,400.17368318513036,1023.1291751842946,40,155.0,399.1203720215708,1022.075864020735,1.053311163559556,block1:s2,pure_ltr,mixed,1785138138.765454,1785138138.7665076,1785138139.1656368,1785138139.788592,
block1-000585,434.9277914734557,940.8510475186631,38,15.0,434.7156250150874,940.6388810602948,0.2121664583683014,block1:s2,pure_ltr,mixed,1785138138.944394,1785138138.9446068,1785138139.3793318,1785138139.8852549,
block1-000586,405.8848777785897,1026.2629247736186,43,107.5,405.6643999647349,1026.0424469597638,0.22047781385481358,block1:s2,pure_ltr,mixed,1785138138.9539003,1785138138.9541209,1785138139.3597937,1785138139.9801717,
block1-000587,386.42975594848394,1006.1121339676902,43,22.5,385.6414780020714,1005.3238560212776,0.7882779464125633,block1:s2,pure_ltr,mixed,1785138138.9930255,1785138138.9938138,1785138139.3794644,1785138139.9991467,
block1-000588,295.8236256381497,755.4731315467507,35,395.0,294.92991301231086,754.5794189209118,0.8937126258388162,block1:s2,pure_ltr,mixed,1785138139.3750727,1785138139.3759665,1785138139.670905,1785138140.1305547,
block1-000589,89.84573232010007,2986.3890453707427,141,115.0,89.20608798507601,2985.7494010357186,0.6396443350240588,block1:zero_tool,pure_ltr,mixed,1785138139.4048557,1785138139.4054956,1785138139.4947128,1785138142.3912559,
block1-000590,98.34207175299525,1455.4604887962341,67,17.5,97.23186295013875,1454.3502799933776,1.110208802856505,block1:s2,pure_ltr,mixed,1785138140.1206493,1785138140.1217594,1785138140.2189999,1785138141.5761182,
block1-000591,70.19513461273164,2391.164463595487,112,17.5,68.77373706083745,2389.743066043593,1.421397551894188,block1:zero_tool,pure_ltr,mixed,1785138140.2277465,1785138140.2291682,1785138140.2979505,1785138142.6189198,
block1-000592,60.56795653421432,5754.8658745363355,267,287.5,60.10913394857198,5754.407051950693,0.4588225856423378,block1:zero_tool,pure_ltr,mixed,1785138140.2965765,1785138140.2970357,1785138140.357155,1785138146.0514526,
block1-000593,86.60374011378735,2658.3796041086316,126,60.0,86.2948140129447,2658.070678007789,0.3089261008426547,block1:zero_tool,pure_ltr,mixed,1785138140.662551,1785138140.6628597,1785138140.7491648,1785138143.3209405,
block1-000594,434.9903827533126,1148.2136987615377,49,85.0,433.8646250544116,1147.0879410626367,1.1257576989009976,block1:s3,pure_ltr,mixed,1785138140.6727355,1785138140.6738617,1785138141.1077344,1785138141.8209577,
block1-000595,72.33058870770037,13679.322488722391,664,15.0,70.48563496209681,13677.477534976788,1.8449537456035614,block1:zero_tool,pure_ltr,mixed,1785138140.8239872,1785138140.8258321,1785138140.8963275,1785138154.503319,
block1-000596,420.8276334684342,1111.8076324928552,48,10.0,420.64892989583313,1111.628928920254,0.17870357260107994,block1:s3,pure_ltr,mixed,1785138140.9192383,1785138140.9194171,1785138141.3400753,1785138142.0310552,
block1-000597,453.8700010161847,1061.97868892923,46,187.5,452.83783809281886,1060.9465260058641,1.0321629233658314,block1:s3,pure_ltr,mixed,1785138141.5191154,1785138141.5201478,1785138141.9729943,1785138142.581103,
block1-000598,460.88019118178636,954.0789511520416,43,155.0,459.9420930026099,953.1408529728651,0.9380981791764498,block1:s3,pure_ltr,mixed,1785138141.7019458,1785138141.702884,1785138142.1628342,1785138142.656033,
block1-000599,310.4482344351709,937.1199153829366,43,12.5,309.9707730580121,936.6424540057778,0.477461377158761,block1:s3,pure_ltr,mixed,1785138142.3082907,1785138142.3087683,1785138142.618749,1785138143.2454205,
block1-000600,62.40865879226476,4198.9996917545795,193,10.0,60.67606306169182,4197.267096024007,1.732595730572939,block1:zero_tool,pure_ltr,mixed,1785138142.4992971,1785138142.50103,1785138142.561714,1785138146.6983047,
block1-000601,53.92125283833593,3322.5233239354566,150,60.0,52.81041795387864,3321.4124890509993,1.1108348844572902,block1:zero_tool,pure_ltr,mixed,1785138142.661143,1785138142.6622539,1785138142.7150717,1785138145.9836738,
block1-000602,81.13059063907713,3514.7190915886313,158,15.0,80.78525401651859,3514.3737549660727,0.34533662255853415,block1:zero_tool,pure_ltr,mixed,1785138142.7973566,1785138142.797702,1785138142.8784938,1785138146.3120825,
block1-000603,57.51671933103353,3432.7734822873026,155,15.0,57.118689990602434,3432.3754529468715,0.39802934043109417,block1:zero_tool,pure_ltr,mixed,1785138142.823785,1785138142.8241832,1785138142.8813097,1785138146.2565668,
block1-000604,60.69532467518002,3437.763163703494,154,15.0,59.725794941186905,3436.7936339695007,0.969529733993113,block1:zero_tool,pure_ltr,mixed,1785138143.1455667,1785138143.146536,1785138143.206271,1785138146.5833383,
block1-000605,451.1227367911488,1078.3907558070496,48,22.5,449.9886219855398,1077.2566410014406,1.1341148056089878,block1:s4,pure_ltr,mixed,1785138143.3222523,1785138143.3233864,1785138143.7733822,1785138144.4006503,
block1-000606,91.49955632165074,3679.259426309727,167,60.0,91.08716400805861,3678.847033996135,0.4123923135921359,block1:zero_tool,pure_ltr,mixed,1785138143.3418326,1785138143.342245,1785138143.4333415,1785138147.0211012,
block1-000607,93.00263633485883,3674.575488315895,167,20.0,92.20138192176819,3673.7742339028046,0.8012544130906463,block1:zero_tool,pure_ltr,mixed,1785138143.365081,1785138143.3658826,1785138143.4580922,1785138147.0396652,
block1-000608,321.86611311044544,910.052098101005,43,25.0,320.9259599680081,909.1119449585676,0.9401531424373388,block1:s1,pure_ltr,mixed,1785138143.6647098,1785138143.6656501,1785138143.986585,1785138144.574771,
block1-000609,76.2479294789955,4160.487155546434,193,47.5,75.88282402139157,4160.12205008883,0.3651054576039314,block1:zero_tool,pure_ltr,mixed,1785138144.0698416,1785138144.0702069,1785138144.146099,1785138148.2303383,
block1-000610,503.23108269367367,1192.9597506532446,44,10.0,502.88651802111417,1192.615185980685,0.34456467255949974,block1:s1,pure_ltr,mixed,1785138144.8387904,1785138144.8391352,1785138145.3420315,1785138146.0317602,
block1-000611,541.5873732417822,1201.422298210673,45,15.0,541.1482439376414,1200.9831689065322,0.4391293041408062,block1:s1,pure_ltr,mixed,1785138144.8694317,1785138144.869871,1785138145.4110274,1785138146.0708623,
block1-000612,439.44079999346286,1099.6999639319256,42,17.5,439.1488820547238,1099.4080459931865,0.29191793873906136,block1:s1,pure_ltr,mixed,1785138144.952207,1785138144.952499,1785138145.3916552,1785138146.0519142,
block1-000613,129.56210027914494,1454.862749320455,63,47.5,128.57283104676753,1453.8734800880775,0.9892692323774099,block1:s1,pure_ltr,mixed,1785138145.2623181,1785138145.2633076,1785138145.3918884,1785138146.717189,
block1-000614,367.79644154012203,996.6047964990139,43,117.5,367.3241800861433,996.1325350450352,0.4722614539787173,block1:s1,pure_ltr,mixed,1785138145.663809,1785138145.6642814,1785138146.0316155,1785138146.660424,
block1-000615,65.46698557212949,4026.3200795743614,198,15.0,64.3435959937051,4025.196689995937,1.1233895784243941,block1:zero_tool,pure_ltr,mixed,1785138145.9259028,1785138145.9270267,1785138145.9913807,1785138149.9522338,
block1-000616,300.3893494606018,816.6788904927671,38,170.0,299.23328198492527,815.5228230170906,1.1560674756765366,block1:s2,pure_ltr,mixed,1785138146.1857543,1785138146.1869104,1785138146.4861507,1785138147.0024405,
block1-000617,58.57796617783606,6063.90265817754,304,12.5,58.174098026938736,6063.498790026642,0.4038681508973241,block1:zero_tool,pure_ltr,mixed,1785138146.7179582,1785138146.718362,1785138146.7765434,1785138152.7818682,
block1-000618,309.6064804121852,794.929540483281,37,280.0,309.13573200814426,794.4587920792401,0.47074840404093266,block1:s2,pure_ltr,mixed,1785138147.7555382,1785138147.7560089,1785138148.0651524,1785138148.5504756,
block1-000619,84.8077303962782,1413.256197469309,69,297.5,84.4313659472391,1412.8798330202699,0.3763644490391016,block1:s2,pure_ltr,mixed,1785138148.0510454,1785138148.0514219,1785138148.1358604,1785138149.464309,
block1-000620,64.36663377098739,2995.3603827161714,148,17.5,63.978896010667086,2994.972644955851,0.3877377603203058,block1:zero_tool,pure_ltr,mixed,1785138148.4481442,1785138148.4485319,1785138148.5125186,1785138151.443513,
block1-000621,302.09754302632064,870.0400821398944,41,357.5,301.4898858964443,869.432425010018,0.6076571298763156,block1:s2,pure_ltr,mixed,1785138148.6314578,1785138148.6320655,1785138148.9335632,1785138149.5015056,
block1-000622,64.39340149518102,3343.2499925838783,165,177.5,63.78240592312068,3342.638997011818,0.6109955720603466,block1:zero_tool,pure_ltr,mixed,1785138149.117554,1785138149.118165,1785138149.1819563,1785138152.460813,
block1-000623,208.60309922136366,699.6500772656873,31,12.5,207.97739701811224,699.0243750624359,0.6257022032514215,block1:s2,pure_ltr,mixed,1785138149.630062,1785138149.630688,1785138149.838672,1785138150.329719,
block1-000624,63.21666273288429,3026.5868137357756,150,17.5,63.10169794596732,3026.4718489488587,0.1149647869169712,block1:zero_tool,pure_ltr,mixed,1785138149.7372782,1785138149.7373931,1785138149.800502,1785138152.763872,
block1-000625,402.2269289707765,1046.1880599614233,48,50.0,400.893263053149,1044.8543940437958,1.3336659176275134,block1:s3,pure_ltr,mixed,1785138149.8322191,1785138149.8335528,1785138150.234454,1785138150.878415,
block1-000626,372.9799926513806,882.3380345711485,41,412.5,372.0750480424613,881.4330899622291,0.9049446089193225,block1:s3,pure_ltr,mixed,1785138150.5614226,1785138150.5623276,1785138150.93441,1785138151.443768,
block1-000627,61.71765550971031,3782.280280487612,188,485.0,60.67220203112811,3781.2348270090297,1.0454534785822034,block1:zero_tool,pure_ltr,mixed,1785138150.66465,1785138150.6656952,1785138150.7263749,1785138154.4469373,
block1-000628,66.06848014052957,3282.4408700689673,157,280.0,65.91089197900146,3282.2832819074392,0.1575881615281105,block1:zero_tool,pure_ltr,mixed,1785138151.6212742,1785138151.621432,1785138151.687353,1785138154.9037254,
block1-000629,383.13359080348164,951.2475387891755,43,15.0,381.50222902186215,949.616177007556,1.6313617816194892,block1:s3,pure_ltr,mixed,1785138151.8864427,1785138151.888074,1785138152.269585,1785138152.8376985,
block1-000630,461.0309146810323,1060.8468686696142,49,95.0,460.2555070305243,1060.0714610191062,0.7754076505079865,block1:s3,pure_ltr,mixed,1785138152.1314132,1785138152.1321886,1785138152.592452,1785138153.1922681,
block1-000631,405.9187542879954,1090.711864293553,48,10.0,405.1760329166427,1089.9691429222003,0.7427213713526726,block1:s3,pure_ltr,mixed,1785138152.9193978,1785138152.9201405,1785138153.3253236,1785138154.0101166,
block1-000632,60.63910911325365,2906.7514641210437,139,17.5,59.4835439696908,2905.595898977481,1.1555651435628533,block1:zero_tool,pure_ltr,mixed,1785138153.1718955,1785138153.173051,1785138153.232542,1785138156.0786543,
block1-000633,66.93108123727143,2743.6941942432895,130,820.0,66.37620204128325,2743.1393150473014,0.5548791959881783,block1:zero_tool,pure_ltr,mixed,1785138153.4296236,1785138153.4301786,1785138153.496561,1785138156.1733243,
block1-000634,443.9830502960831,1053.5876443609595,48,15.0,443.5028890147805,1053.107483079657,0.4801612813025713,block1:s4,pure_ltr,mixed,1785138153.566026,1785138153.5665061,1785138154.0100176,1785138154.619622,
block1-000635,55.56764220818877,2617.2868092544377,126,117.5,55.22566300351173,2616.9448300497606,0.34197920467704535,block1:zero_tool,pure_ltr,mixed,1785138153.7636395,1785138153.7639818,1785138153.8192167,1785138156.380936,
block1-000636,407.21790597308427,1118.567812955007,48,17.5,407.0056490600109,1118.3555560419336,0.21225691307336092,block1:s4,pure_ltr,mixed,1785138153.8679416,1785138153.8681538,1785138154.2751682,1785138154.986518,
block1-000637,68.38914379477501,2892.936895834282,135,280.0,67.90795794222504,2892.455709981732,0.48118585254997015,block1:zero_tool,pure_ltr,mixed,1785138154.4755962,1785138154.4760773,1785138154.543993,1785138157.368541,
block1-000638,471.2387337349355,1078.5561217926443,48,172.5,469.9872159399092,1077.304603997618,1.2515177950263023,block1:s4,pure_ltr,mixed,1785138154.6879213,1785138154.689173,1785138155.1591678,1785138155.7664852,
block1-000639,470.9231836022809,1078.1960715539753,48,155.0,469.75085604935884,1077.0237440010533,1.17232755292207,block1:s4,pure_ltr,mixed,1785138154.6884742,1785138154.6896465,1785138155.1594028,1785138155.7666757,
block1-000640,317.17330997344106,885.6126939645037,43,115.0,316.35003502015024,884.7894190112129,0.8232749532908201,block1:s1,pure_ltr,mixed,1785138154.898984,1785138154.8998072,1785138155.2161653,1785138155.7846048,
block1-000641,57.43389425333589,3416.75570118241,165,15.0,56.432019104249775,3415.753826033324,1.0018751490861177,block1:zero_tool,pure_ltr,mixed,1785138155.0827868,1785138155.0837889,1785138155.1402287,1785138158.4995508,
block1-000642,342.307107639499,1037.8682636655867,43,177.5,340.2580269612372,1035.819182987325,2.0490806782618165,block1:s1,pure_ltr,mixed,1785138155.7543323,1785138155.7563815,1785138156.0966496,1785138156.7922113,
block1-000643,54.39949268475175,3574.567621690221,173,395.0,53.29789605457336,3573.4660250600427,1.101596630178392,block1:zero_tool,pure_ltr,mixed,1785138155.9108505,1785138155.9119525,1785138155.9652596,1785138159.4854276,
block1-000644,60.59290887787938,2590.235918876715,121,60.0,60.26573304552585,2589.9087430443615,0.3271758323535323,block1:zero_tool,pure_ltr,mixed,1785138156.152175,1785138156.1525023,1785138156.2127745,1785138158.7424176,
block1-000645,122.13889986742288,1374.5062298839912,63,170.0,121.04113399982452,1373.4084640163928,1.0977658675983548,block1:s1,pure_ltr,mixed,1785138156.412956,1785138156.4140537,1785138156.535103,1785138157.7874703,
block1-000646,92.93787903152406,2966.415358008817,142,820.0,91.93831100128591,2965.4157899785787,0.9995680302381516,block1:zero_tool,pure_ltr,mixed,1785138156.4821591,1785138156.483159,1785138156.5751066,1785138159.4485836,
block1-000647,262.0073170401156,705.9748520841822,31,187.5,261.8005200056359,705.7680550497025,0.20679703447967768,block1:s1,pure_ltr,mixed,1785138156.6435442,1785138156.6437511,1785138156.9055588,1785138157.3495266,
block1-000648,107.34089522156864,2557.223820243962,123,572.5,106.59834207035601,2556.4812670927495,0.7425531512126327,block1:zero_tool,pure_ltr,mixed,1785138156.6849675,1785138156.6857104,1785138156.7923155,1785138159.2421985,
block1-000649,59.10691141616553,2539.5472444361076,125,132.5,58.64971608389169,2539.0900491038337,0.4571953322738409,block1:zero_tool,pure_ltr,mixed,1785138157.0401547,1785138157.040612,1785138157.0992718,1785138159.5797126,
block1-000650,62.1705373050645,8362.096242257394,393,15.0,60.9263920923695,8360.852097044699,1.2441452126950026,block1:zero_tool,pure_ltr,mixed,1785138157.5924463,1785138157.5936906,1785138157.654625,1785138165.9545505,
block1-000651,87.4649656470865,1471.785205649212,69,10.0,87.11376995779574,1471.4340099599212,0.35119568929076195,block1:s2,pure_ltr,mixed,1785138157.8459167,1785138157.846268,1785138157.933389,1785138159.3177092,
block1-000652,362.7428838517517,824.712302768603,36,132.5,361.9338839780539,823.9033028949052,0.8089998736977577,block1:s2,pure_ltr,mixed,1785138158.3983707,1785138158.3991797,1785138158.7611208,1785138159.2230902,
block1-000653,469.3492071237415,1037.770967115648,49,550.0,468.9314359566197,1037.3531959485263,0.4177711671218276,block1:s2,pure_ltr,mixed,1785138158.5421584,1785138158.5425763,1785138159.0115156,1785138159.579937,
block1-000654,110.74843315873295,3711.166702210903,167,52.5,109.98737497720867,3710.405644029379,0.7610581815242767,block1:zero_tool,pure_ltr,mixed,1785138158.5547297,1785138158.5554907,1785138158.6654854,1785138162.2659037,
block1-000655,361.9107549311593,903.2363878795877,37,15.0,361.59497406333685,902.9206070117652,0.3157808678224683,block1:s2,pure_ltr,mixed,1785138159.5547657,1785138159.5550814,1785138159.9166853,1785138160.458011,
block1-000656,407.76077192276716,1201.3759629335254,48,357.5,406.9846549537033,1200.5998459644616,0.7761169690638781,block1:s3,pure_ltr,mixed,1785138159.6758058,1785138159.6765819,1785138160.083574,1785138160.8771894,
block1-000657,62.28760560043156,2839.7239475743845,128,12.5,60.50265196245164,2837.9389939364046,1.7849536379799247,block1:zero_tool,pure_ltr,mixed,1785138159.8545096,1785138159.8562946,1785138159.9168062,1785138162.6942425,
block1-000658,514.118006452918,1282.4476854875684,48,17.5,513.0078280344605,1281.3375070691109,1.110178418457508,block1:s3,pure_ltr,mixed,1785138160.168055,1785138160.1691654,1785138160.6821814,1785138161.4505112,
block1-000659,339.0681043965742,1141.382087371312,41,155.0,338.1229289807379,1140.4369119554758,0.9451754158362746,block1:s3,pure_ltr,mixed,1785138160.192402,1785138160.1933467,1785138160.531476,1785138161.3337896,
block1-000660,350.02973047085106,1079.6053055673838,41,15.0,348.40373997576535,1077.979315072298,1.6259904950857162,block1:s3,pure_ltr,mixed,1785138160.3702059,1785138160.3718321,1785138160.720244,1785138161.4498198,
block1-000661,478.73968980275095,1166.0330957965925,48,572.5,478.4853160381317,1165.7787220319733,0.2543737646192312,block1:s3,pure_ltr,mixed,1785138160.5497391,1785138160.5499935,1785138161.0284867,1785138161.7157803,
block1-000662,583.3909783978015,1060.850724345073,43,20.0,582.6112719951198,1060.0710179423913,0.7797064026817679,block1:s3,pure_ltr,mixed,1785138160.7501986,1785138160.7509782,1785138161.333597,1785138161.8110566,
block1-000663,413.7610577745363,1064.7535948082805,43,10.0,413.2005530409515,1064.1930900746956,0.5605047335848212,block1:s3,pure_ltr,mixed,1785138160.8021545,1785138160.802715,1785138161.2159226,1785138161.8669152,
block1-000664,450.76040003914386,1136.8222089949995,48,17.5,450.64091007225215,1136.7027190281078,0.11948996689170599,block1:s4,pure_ltr,mixed,1785138160.9785829,1785138160.9787023,1785138161.429349,1785138162.1154108,
block1-000665,426.5183851821348,1111.359237227589,48,550.0,425.58725795242935,1110.4281099978834,0.9311272297054529,block1:s4,pure_ltr,mixed,1785138161.041741,1785138161.0426722,1785138161.4682672,1785138162.1531081,
block1-000666,445.8134589949623,1043.0878010811284,48,15.0,445.5507379025221,1042.8250799886882,0.26272109244018793,block1:s4,pure_ltr,mixed,1785138161.7258139,1785138161.7260766,1785138162.1716354,1785138162.76891,
block1-000667,406.2482765875757,1003.4700586693361,48,10.0,405.56806698441505,1002.7898490661755,0.6802096031606197,block1:s4,pure_ltr,mixed,1785138161.9150198,1785138161.9157002,1785138162.3212752,1785138162.918497,
block1-000668,97.41625306196511,3499.246875056997,165,15.0,96.80616995319724,3498.636791948229,0.6100831087678671,block1:zero_tool,pure_ltr,mixed,1785138161.9177403,1785138161.9183507,1785138162.0151641,1785138165.4169946,
block1-000669,401.41588950064033,1099.4522825349122,49,412.5,400.4896959522739,1098.5260889865458,0.9261935483664274,block1:s4,pure_ltr,mixed,1785138163.3510742,1785138163.3520005,1785138163.7524989,1785138164.4505348,
block1-000670,437.99260375089943,1150.392948766239,48,52.5,436.1610559280962,1148.5614009434357,1.831547822803259,block1:s4,pure_ltr,mixed,1785138163.8209724,1785138163.8228042,1785138164.2589746,1785138164.9713748,
block1-000671,411.2804214237258,1200.6008344469592,49,92.5,410.43207701295614,1199.7524900361896,0.8483444107696414,block1:s4,pure_ltr,mixed,1785138164.019618,1785138164.0204663,1785138164.4309058,1785138165.2202263,
block1-000672,62.020617886446416,2546.6281689004973,117,412.5,61.3473899429664,2545.9549409570172,0.6732279434800148,block1:zero_tool,pure_ltr,mixed,1785138164.256763,1785138164.2574363,1785138164.3187916,1785138166.803399,
block1-000673,119.50927716679871,1353.423990192823,58,550.0,118.5500780120492,1352.4647910380736,0.9591991547495127,block1:s1,pure_ltr,mixed,1785138164.465803,1785138164.4667623,1785138164.58532,1785138165.8192341,
block1-000674,343.00050407182425,1018.4021310415119,43,297.5,342.1066590817645,1017.5082860514522,0.8938449900597334,block1:s1,pure_ltr,mixed,1785138164.6281488,1785138164.6290426,1785138164.971157,1785138165.6465585,
block1-000675,387.6870712265372,850.2955051371828,37,117.5,387.38929003011435,849.9977239407599,0.2977811964228749,block1:s1,pure_ltr,mixed,1785138165.1040068,1785138165.1043046,1785138165.491702,1785138165.9543107,
block1-000676,310.00375805888325,796.5802340768278,36,550.0,309.267763979733,795.8442399976775,0.7359940791502595,block1:s1,pure_ltr,mixed,1785138165.2985046,1785138165.2992404,1785138165.6085165,1785138166.0950925,
block1-000677,68.34048125892878,7534.256560262293,357,15.0,67.42883799597621,7533.34491699934,0.9116432629525661,block1:zero_tool,pure_ltr,mixed,1785138165.5403004,1785138165.541212,1785138165.608647,1785138173.0745633,
block1-000678,68.0747349979356,6528.795512975194,306,322.5,67.72474700119346,6528.445524978451,0.3499879967421293,block1:zero_tool,pure_ltr,mixed,1785138165.7128584,1785138165.7132087,1785138165.7809408,1785138172.241662,
block1-000679,57.97860131133348,6267.38639222458,295,17.5,56.871829088777304,6266.279620002024,1.1067722225561738,block1:zero_tool,pure_ltr,mixed,1785138165.8391469,1785138165.8402536,1785138165.8971336,1785138172.1065412,
block1-000680,278.11570186167955,761.2952638883144,34,15.0,277.2664160002023,760.4459780268371,0.8492858614772558,block1:s2,pure_ltr,mixed,1785138166.0233266,1785138166.0241761,1785138166.3014507,1785138166.7846305,
block1-000681,69.56276157870889,6505.422173533589,305,15.0,68.27424606308341,6504.133658017963,1.2885155156254768,block1:zero_tool,pure_ltr,mixed,1785138166.231751,1785138166.2330396,1785138166.3013217,1785138172.7371812,
block1-000682,340.0507130427286,790.4520690208301,36,117.5,338.41566706541926,788.8170230435207,1.6350459773093462,block1:s2,pure_ltr,mixed,1785138166.5897033,1785138166.5913384,1785138166.9297628,1785138167.3801641,
block1-000683,85.3713791584596,1484.2008241685107,74,47.5,85.06444306112826,1483.8938880711794,0.3069360973313451,block1:s2,pure_ltr,mixed,1785138166.7885275,1785138166.7888346,1785138166.8739076,1785138168.2727368,
block1-000684,298.484732513316,834.1964205028489,36,395.0,298.2597639784217,833.9714519679546,0.2249685348942876,block1:s2,pure_ltr,mixed,1785138167.654717,1785138167.654942,1785138167.9532092,1785138168.4889207,
block1-000685,389.1632710583508,1082.039510132745,44,152.5,388.47841799724847,1081.3546570716426,0.6848530611023307,block1:s2,pure_ltr,mixed,1785138168.2919838,1785138168.2926686,1785138168.6811535,1785138169.3740296,
block1-000686,373.72809916269034,950.8485451806337,38,485.0,373.3889670111239,950.5094130290672,0.3391321515664458,block1:s2,pure_ltr,mixed,1785138168.3260996,1785138168.3264387,1785138168.6998336,1785138169.2769542,
block1-000687,119.26766205579042,3966.677805990912,179,145.0,118.49669797811657,3965.906841913238,0.7709640776738524,block1:zero_tool,pure_ltr,mixed,1785138168.35015,1785138168.3509212,1785138168.4694245,1785138172.3168344,
block1-000688,56.27072986681014,3519.3163498770446,161,280.0,55.485551012679935,3518.5311710229144,0.7851788541302085,block1:zero_tool,pure_ltr,mixed,1785138168.5678575,1785138168.5686426,1785138168.6241362,1785138172.0871816,
block1-000689,350.4744115052745,940.4222224839032,39,105.0,349.8229819815606,939.7707929601893,0.6514295237138867,block1:s3,pure_ltr,mixed,1785138168.80525,1785138168.8059013,1785138169.1557367,1785138169.7456841,
block1-000690,470.49701935611665,1127.0372393773869,48,12.5,469.0638189204037,1125.604038941674,1.4332004357129335,block1:s3,pure_ltr,mixed,1785138168.8640895,1785138168.8655226,1785138169.3345938,1785138169.9911342,
block1-000691,412.71009645424783,1073.083128547296,48,320.0,412.4513999558985,1072.8244320489466,0.25869649834930897,block1:s3,pure_ltr,mixed,1785138168.9994123,1785138168.999671,1785138169.4121318,1785138170.072505,
block1-000692,63.30220913514495,2757.947450154461,127,307.5,62.92581604793668,2757.5710570672527,0.376393087208271,block1:zero_tool,pure_ltr,mixed,1785138169.1740506,1785138169.1744268,1785138169.237363,1785138171.9320085,
block1-000693,456.6251179203391,1171.8322619562969,48,17.5,456.2743130372837,1171.4814570732415,0.3508048830553889,block1:s3,pure_ltr,mixed,1785138169.6880891,1785138169.68844,1785138170.1447232,1785138170.8599303,
block1-000694,572.2534451633692,1165.3457680949941,49,545.0,571.3049670448527,1164.3972899764776,0.9484781185165048,block1:s3,pure_ltr,mixed,1785138170.0087216,1785138170.0096703,1785138170.580983,1785138171.1740754,
block1-000695,60.626940336078405,2761.8746432708576,128,545.0,60.44650205876678,2761.694204993546,0.1804382773116231,block1:zero_tool,pure_ltr,mixed,1785138170.1446054,1785138170.1447856,1785138170.2052402,1785138172.9064882,
block1-000696,462.92806614656,1131.3025511335582,48,92.5,462.58230006787926,1130.9567850548774,0.3457660786807537,block1:s4,pure_ltr,mixed,1785138170.2170632,1785138170.2174091,1785138170.6800003,1785138171.348375,
block1-000697,445.22651250008494,1113.3327675051987,48,15.0,444.4192259106785,1112.5254809157923,0.8072865894064307,block1:s4,pure_ltr,mixed,1785138170.275037,1785138170.2758443,1785138170.7202728,1785138171.388379,
block1-000698,79.19237914029509,2793.029047199525,130,47.5,78.78323493059725,2792.619902989827,0.4091442096978426,block1:zero_tool,pure_ltr,mixed,1785138170.380667,1785138170.3810766,1785138170.4598687,1785138173.1737049,
block1-000699,73.24715447612107,3013.365046470426,140,15.0,72.95095594599843,3013.0688479403034,0.29619853012263775,block1:zero_tool,pure_ltr,mixed,1785138170.4484117,1785138170.4487083,1785138170.5216699,1785138173.4617877,
block1-000700,407.0199301932007,1104.902976192534,48,217.5,406.72545006964356,1104.6084960689768,0.29448012355715036,block1:s4,pure_ltr,mixed,1785138171.1550446,1785138171.155339,1785138171.5620732,1785138172.2599561,
block1-000701,415.2604966657236,1105.2655576495454,48,322.5,414.1226760111749,1104.1277369949967,1.1378206545487046,block1:s4,pure_ltr,mixed,1785138171.5553255,1785138171.5564632,1785138171.9705958,1785138172.660601,
block1-000702,402.83868170809,1105.7647067354992,48,105.0,402.0098189357668,1104.935843963176,0.8288627723231912,block1:s4,pure_ltr,mixed,1785138172.1221285,1785138172.1229575,1785138172.524976,1785138173.227902,
block1-000703,404.3666085926816,1110.610976582393,48,132.5,403.49619498010725,1109.7405629698187,0.8704136125743389,block1:s4,pure_ltr,mixed,1785138172.5018456,1785138172.5027158,1785138172.9062216,1785138173.6124659,
block1-000704,89.46364664006978,3784.47916964069,182,20.0,89.0438740607351,3784.0593970613554,0.41977257933467627,block1:zero_tool,pure_ltr,mixed,1785138172.551654,1785138172.5520737,1785138172.641126,1785138176.3361416,
block1-000705,392.8470687242225,959.635101724416,43,280.0,392.13276701048017,958.9208000106737,0.7143017137423158,block1:s1,pure_ltr,mixed,1785138173.049858,1785138173.0505726,1785138173.4427133,1785138174.0095012,
block1-000706,326.76451141014695,921.4643794111907,43,485.0,326.2199369492009,920.9198049502447,0.5445744609460235,block1:s1,pure_ltr,mixed,1785138173.3039587,1785138173.3045032,1785138173.6307318,1785138174.2254314,
block1-000707,66.62949500605464,9577.178185922094,457,105.0,64.98887203633785,9575.537562952377,1.6406229697167873,block1:zero_tool,pure_ltr,mixed,1785138173.9426274,1785138173.9442682,1785138174.0092685,1785138183.519817,
block1-000708,381.8565950496122,944.6276649832726,42,177.5,380.90547907631844,943.6765490099788,0.9511159732937813,block1:s1,pure_ltr,mixed,1785138174.1455638,1785138174.1465151,1785138174.5274277,1785138175.0901988,
block1-000709,129.2217045556754,1332.2318905266002,65,50.0,128.59054701402783,1331.6007329849526,0.6311575416475534,block1:s1,pure_ltr,mixed,1785138174.3982499,1785138174.3988812,1785138174.5274816,1785138175.730492,
block1-000710,53.509147954173386,6334.478072938509,306,15.0,53.08812600560486,6334.057050989941,0.42102194856852293,block1:zero_tool,pure_ltr,mixed,1785138174.684185,1785138174.6846063,1785138174.7377026,1785138181.0186715,
block1-000711,69.98986331745982,2989.6668473957106,147,17.5,69.0581239759922,2988.735108054243,0.9317393414676189,block1:zero_tool,pure_ltr,mixed,1785138175.1547499,1785138175.1556818,1785138175.2247477,1785138178.1444247,
block1-000712,66.954615409486,3171.452171402052,157,95.0,66.08928006608039,3170.5868360586464,0.8653353434056044,block1:zero_tool,pure_ltr,mixed,1785138175.5324597,1785138175.533325,1785138175.5994215,1785138178.703919,
block1-000713,284.7172451438382,918.1249241810292,40,107.5,283.85468991473317,917.2623689519241,0.8625552291050553,block1:s2,pure_ltr,mixed,1785138175.7907095,1785138175.7915719,1785138176.0754364,1785138176.708844,
block1-000714,301.6233273083344,820.5008322838694,36,172.5,300.9398659924045,819.8173709679395,0.6834613159298897,block1:s2,pure_ltr,mixed,1785138176.0899258,1785138176.0906093,1785138176.3915586,1785138176.9104364,
block1-000715,316.5424398612231,916.2933748448268,43,152.5,315.3948379913345,915.1457729749382,1.1476018698886037,block1:s2,pure_ltr,mixed,1785138176.4104877,1785138176.4116352,1785138176.7270389,1785138177.3267899,
block1-000716,294.6623064344749,747.8371204342693,36,140.0,294.1854998935014,747.3603138932958,0.4768065409734845,block1:s2,pure_ltr,mixed,1785138176.7838182,1785138176.784295,1785138177.078488,1785138177.531663,
block1-000717,66.13616563845426,1819.2759106168523,93,105.0,64.8893810575828,1818.0291260359809,1.2467845808714628,block1:zero_tool,pure_ltr,mixed,1785138177.184915,1785138177.186162,1785138177.2510583,1785138179.0041983,
block1-000718,348.36599871050566,796.4545927243307,38,282.5,347.4423730513081,795.5309670651332,0.9236256591975689,block1:s2,pure_ltr,mixed,1785138177.9259377,1785138177.9268613,1785138178.2743125,1785138178.7224011,
block1-000719,79.89714131690562,3657.0034723263234,167,17.5,78.76713399309665,3655.8734650025144,1.130007323808968,block1:zero_tool,pure_ltr,mixed,1785138177.970171,1785138177.9713013,1785138178.0500786,1785138181.6271849,
block1-000720,292.068591224961,930.8240272803232,38,135.0,291.66133294347674,930.416768998839,0.40725828148424625,block1:s3,pure_ltr,mixed,1785138179.0455284,1785138179.0459356,1785138179.3376057,1785138179.976361,
block1-000721,439.04803262557834,1116.8654506327584,48,95.0,437.9262840375304,1115.7437020447105,1.1217485880479217,block1:s3,pure_ltr,mixed,1785138179.122173,1785138179.123295,1785138179.5612302,1785138180.2390478,
block1-000722,405.20000841934234,951.4939073706046,41,15.0,404.434469062835,950.7283680140972,0.7655393565073609,block1:s3,pure_ltr,mixed,1785138179.3624203,1785138179.363186,1785138179.7676296,1785138180.3139231,
block1-000723,406.9705344736576,1082.3765373788774,48,820.0,406.4089960884303,1081.81499899365,0.5615383852273226,block1:s3,pure_ltr,mixed,1785138179.5497887,1785138179.5503504,1785138179.9567685,1785138180.6321743,
block1-000724,307.215093402192,1071.0497103864327,41,117.5,306.792073068209,1070.6266900524497,0.4230203339830041,block1:s3,pure_ltr,mixed,1785138180.0436134,1785138180.0440366,1785138180.3508368,1785138181.1146715,
block1-000725,360.1201636483893,1074.3742185877636,43,282.5,358.7860700208694,1073.0401249602437,1.3340936275199056,block1:s3,pure_ltr,mixed,1785138180.344819,1785138180.3461533,1785138180.7049463,1785138181.4192002,
block1-000726,99.86356471199542,5216.780053800903,220,357.5,98.56945497449487,5215.485944063403,1.2941097375005484,block1:zero_tool,pure_ltr,mixed,1785138180.6411881,1785138180.6424823,1785138180.7410612,1785138185.8579767,
block1-000727,519.9326890287921,1208.6783640552312,48,282.5,518.5727629577741,1207.3184379842132,1.3599260710179806,block1:s3,pure_ltr,mixed,1785138180.6514146,1785138180.6527748,1785138181.1713564,1785138181.8601024,
block1-000728,507.40727642551064,1210.728052421473,48,92.5,506.13022700417787,1209.4510030001402,1.2770494213327765,block1:s4,pure_ltr,mixed,1785138180.7021666,1785138180.703444,1785138181.2095842,1785138181.912905,
block1-000729,503.2145817531273,1206.338138668798,48,172.5,502.24281498230994,1205.3663718979806,0.9717667708173394,block1:s4,pure_ltr,mixed,1785138180.7062993,1785138180.707271,1785138181.209522,1785138181.9126458,
block1-000730,423.61903190612793,1143.4297859668732,48,280.0,423.2799910241738,1143.090745084919,0.3390408819541335,block1:s4,pure_ltr,mixed,1785138180.823694,1785138180.824033,1785138181.2473223,1785138181.9671333,
block1-000731,452.39575661253184,1122.7017475757748,48,350.0,451.57280599232763,1121.8787969555706,0.8229506202042103,block1:s4,pure_ltr,mixed,1785138181.4246387,1785138181.4254618,1785138181.877043,1785138182.5473492,
block1-000732,458.2039008382708,1111.6967258276418,48,322.5,458.0105720087886,1111.5033969981596,0.19332882948219776,block1:s4,pure_ltr,mixed,1785138181.4542198,1785138181.454413,1785138181.9124322,1785138182.5659246,
block1-000733,401.96935809217393,1040.6402720836923,48,17.5,401.4292740030214,1040.1001879945397,0.5400840891525149,block1:s4,pure_ltr,mixed,1785138181.8262684,1785138181.8268087,1785138182.228246,1785138182.8669171,
block1-000734,401.3862331630662,1145.9332160884514,49,12.5,400.418296107091,1144.9652790324762,0.9679370559751987,block1:s4,pure_ltr,mixed,1785138182.2202058,1785138182.2211738,1785138182.6216002,1785138183.3661473,
block1-000735,506.0871944297105,1333.583042374812,48,52.5,505.176768056117,1332.6726160012186,0.9104263735935092,block1:s4,pure_ltr,mixed,1785138182.913024,1785138182.9139347,1785138183.4191196,1785138184.2466156,
block1-000736,400.009146775119,1141.9824437471107,43,10.0,399.52976803760976,1141.5030650096014,0.47937873750925064,block1:s1,pure_ltr,mixed,1785138182.946628,1785138182.9471076,1785138183.3466454,1785138184.0886185,
block1-000737,115.20166194532067,1634.2824469320476,66,12.5,114.63737196754664,1633.7181569542736,0.564289977774024,block1:s1,pure_ltr,mixed,1785138183.1564548,1785138183.1570191,1785138183.2716644,1785138184.7907453,
block1-000738,61.81642599403858,11756.78983493708,535,20.0,61.47924799006432,11756.452656933106,0.3371780039742589,block1:zero_tool,pure_ltr,mixed,1785138183.3634713,1785138183.3638084,1785138183.425295,1785138195.1202686,
block1-000739,133.16473399754614,1886.3901130389422,71,95.0,132.15253804810345,1885.3779170894995,1.0121959494426847,block1:s1,pure_ltr,mixed,1785138183.5610707,1785138183.5620828,1785138183.694245,1785138185.4474704,
block1-000740,423.1007082853466,989.7955532651395,36,105.0,422.35530202742666,989.0501470072195,0.7454062579199672,block1:s1,pure_ltr,mixed,1785138183.6074114,1785138183.6081567,1785138184.0305192,1785138184.5972142,
block1-000741,102.88175649475306,6542.905849404633,302,10.0,102.20546799246222,6542.229560902342,0.6762885022908449,block1:zero_tool,pure_ltr,mixed,1785138183.6948345,1785138183.6955109,1785138183.797723,1785138190.237747,
block1-000742,498.9436063915491,1216.3097624434158,47,15.0,498.5814900137484,1215.9476460656151,0.36211637780070305,block1:s1,pure_ltr,mixed,1785138183.8274376,1785138183.8277996,1785138184.3263888,1785138185.043755,
block1-000743,416.62458213977516,979.4034551596269,37,100.0,416.1915729055181,978.9704459253699,0.4330092342570424,block1:s1,pure_ltr,mixed,1785138184.1035218,1785138184.103955,1785138184.5201538,1785138185.0829327,
block1-000744,57.07301618531346,3534.429875202477,162,10.0,56.698636966757476,3534.055495983921,0.3743792185559869,block1:zero_tool,pure_ltr,mixed,1785138184.231095,1785138184.2314696,1785138184.2881775,1785138187.7655344,
block1-000745,57.67662182915956,4234.351438819431,195,107.5,57.28528602048755,4233.960103010759,0.3913358086720109,block1:zero_tool,pure_ltr,mixed,1785138184.3696885,1785138184.37008,1785138184.4273736,1785138188.6040485,
block1-000746,328.0685249483213,983.9148620376363,37,10.0,327.88263901602477,983.7289761053398,0.1858859322965145,block1:s2,pure_ltr,mixed,1785138184.4228077,1785138184.422994,1785138184.7508848,1785138185.406731,
block1-000747,99.96938961558044,1770.9648587042466,74,172.5,99.74292200058699,1770.7383910892531,0.22646761499345303,block1:s2,pure_ltr,mixed,1785138184.7822099,1785138184.7824364,1785138184.8821874,1785138186.5531826,
block1-000748,380.6306994520128,934.4588094390929,35,297.5,380.3039750782773,934.1320850653574,0.32672437373548746,block1:s2,pure_ltr,mixed,1785138184.8510168,1785138184.8513436,1785138185.2316556,1785138185.7854834,
block1-000749,439.1987675335258,988.0246275570244,38,95.0,438.1936989957467,987.0195590192452,1.0050685377791524,block1:s2,pure_ltr,mixed,1785138184.9674203,1785138184.9684255,1785138185.4066274,1785138185.955453,
block1-000750,403.91473029740155,951.343082357198,38,135.0,403.58636900782585,951.0147210676223,0.328361289575696,block1:s2,pure_ltr,mixed,1785138185.0237231,1785138185.0240514,1785138185.427645,1785138185.9750733,
block1-000751,284.0602734358981,962.213066406548,40,485.0,282.7419979730621,960.894790943712,1.3182754628360271,block1:s2,pure_ltr,mixed,1785138185.2991743,1785138185.3004928,1785138185.5832434,1785138186.261396,
block1-000752,80.14790120068938,2323.5951511887833,110,280.0,78.76039401162416,2322.207643999718,1.387507189065218,block1:zero_tool,pure_ltr,mixed,1785138185.3472114,1785138185.348599,1785138185.4273684,1785138187.6708155,
block1-000753,452.5053744437173,1125.307786394842,48,820.0,451.52312295977026,1124.325534910895,0.9822514839470387,block1:s3,pure_ltr,mixed,1785138185.580061,1785138185.5810435,1785138186.0325744,1785138186.7053769,
block1-000754,86.97041647974402,3196.5683015296236,154,187.5,86.08731895219535,3195.685204002075,0.8830975275486708,block1:zero_tool,pure_ltr,mixed,1785138185.635347,1785138185.6362302,1785138185.7223253,1785138188.8319232,
block1-000755,271.73397690057755,944.9588289717212,41,170.0,271.52175991795957,944.7466119891033,0.21221698261797428,block1:s3,pure_ltr,mixed,1785138185.7412326,1785138185.7414448,1785138186.012973,1785138186.686198,
block1-000756,95.75242223218083,3048.9216062705964,150,12.5,95.04874097183347,3048.217925010249,0.7036812603473663,block1:zero_tool,pure_ltr,mixed,1785138186.1619885,1785138186.162692,1785138186.2577484,1785138189.2109177,
block1-000757,66.7305625975132,3293.7578515848145,164,550.0,66.3031479343772,3293.3304369216785,0.4274146631360054,block1:zero_tool,pure_ltr,mixed,1785138186.1949108,1785138186.1953382,1785138186.2616496,1785138189.4886768,
block1-000758,402.44984440505505,1023.363649379462,48,282.5,402.0518399775028,1022.9656449519098,0.3980044275522232,block1:s3,pure_ltr,mixed,1785138186.5326927,1785138186.5330908,1785138186.9351487,1785138187.5560627,
block1-000759,61.16676679812372,3355.362657806836,165,117.5,60.42513996362686,3354.621030972339,0.7416268344968557,block1:zero_tool,pure_ltr,mixed,1785138187.0698512,1785138187.0705929,1785138187.1310246,1785138190.4252203,
block1-000760,415.53205403033644,1062.2904960764572,48,320.0,414.95674499310553,1061.7151870392263,0.5753090372309089,block1:s4,pure_ltr,mixed,1785138187.7701638,1785138187.7707393,1785138188.1857026,1785138188.8324616,
block1-000761,413.0245093256235,1022.7513253921643,48,135.0,412.897587986663,1022.6244040532038,0.12692133896052837,block1:s4,pure_ltr,mixed,1785138188.15177,1785138188.1518972,1785138188.5648036,1785138189.1745305,
block1-000762,67.8625488653779,3379.869396914728,154,572.5,67.53995490726084,3379.546802956611,0.3225939581170678,block1:zero_tool,pure_ltr,mixed,1785138188.8424168,1785138188.8427393,1785138188.9102871,1785138192.2222939,
block1-000763,430.7408635504544,1068.8949815230444,48,100.0,430.3373130969703,1068.4914310695603,0.4035504534840584,block1:s4,pure_ltr,mixed,1785138189.505928,1785138189.5063317,1785138189.9366755,1785138190.5748293,
block1-000764,446.7277094954625,1046.9871835084632,48,70.0,446.2167510064319,1046.4762250194326,0.5109584890305996,block1:s4,pure_ltr,mixed,1785138189.7531853,1785138189.7536962,1785138190.199921,1785138190.8001807,
block1-000765,404.37408490106463,1096.6669549234211,49,95.0,402.79046702198684,1095.0833370443434,1.5836178790777922,block1:s4,pure_ltr,mixed,1785138190.076501,1785138190.0780847,1785138190.4808857,1785138191.1731787,
block1-000766,531.2196520389989,1324.5232601184398,49,95.0,531.0244709253311,1324.328079004772,0.19518111366778612,block1:s4,pure_ltr,mixed,1785138190.9176228,1785138190.917818,1785138191.4488502,1785138192.2421536,
block1-000767,570.8038092125207,1299.469355144538,48,172.5,570.3900830121711,1299.0556289441884,0.4137262003496289,block1:s4,pure_ltr,mixed,1785138190.9424357,1785138190.9428496,1785138191.5132468,1785138192.2419121,
block1-000768,528.4615401178598,1135.6050490867347,43,322.5,528.0780070461333,1135.221516015008,0.3835330717265606,block1:s1,pure_ltr,mixed,1785138191.2859373,1785138191.286321,1785138191.8144064,1785138192.4215498,
block1-000769,530.7521383510903,995.1108924578875,37,105.0,529.6972929500043,994.0560470568016,1.0548454010859132,block1:s1,pure_ltr,mixed,1785138191.302964,1785138191.3040187,1785138191.8337219,1785138192.2980804,
block1-000770,518.9189950469881,1154.6774370362982,43,15.0,518.1896460708231,1153.9480880601332,0.7293489761650562,block1:s1,pure_ltr,mixed,1785138191.3340383,1785138191.3347676,1785138191.8529642,1785138192.488723,
block1-000771,200.2871372969821,1653.4009672468528,69,85.0,199.7715320903808,1652.8853620402515,0.5156052066013217,block1:s1,pure_ltr,mixed,1785138191.3933072,1785138191.3938227,1785138191.5936027,1785138193.0467162,
block1-000772,397.91240671183914,860.9856526600197,36,12.5,396.79700904525816,859.8702549934387,1.115397666580975,block1:s1,pure_ltr,mixed,1785138191.474856,1785138191.475971,1785138191.8727767,1785138192.33585,
block1-000773,115.72922009509057,4224.231434171088,189,15.0,115.44488894287497,4223.947103018872,0.2843311522156,block1:zero_tool,pure_ltr,mixed,1785138191.5631456,1785138191.56343,1785138191.678886,1785138195.787388,
block1-000774,295.1306690229103,908.433884033002,40,12.5,294.32869295123965,907.6319079613313,0.8019760716706514,block1:s1,pure_ltr,mixed,1785138192.3433363,1785138192.3441384,1785138192.638476,1785138193.2517788,
block1-000775,69.40190005116165,2573.7532961647958,114,15.0,68.29830398783088,2572.649700101465,1.1035960633307695,block1:zero_tool,pure_ltr,mixed,1785138192.8370154,1785138192.8381193,1785138192.9064262,1785138195.4107776,
block1-000776,286.09151381533593,960.9891667496413,40,170.0,284.54875107854605,959.4464040128514,1.5427627367898822,block1:s2,pure_ltr,mixed,1785138192.8904507,1785138192.8919935,1785138193.176551,1785138193.8514485,
block1-000777,303.1799375312403,1019.4713865639642,42,572.5,302.52339597791433,1018.8148450106382,0.6565415533259511,block1:s2,pure_ltr,mixed,1785138193.2553608,1785138193.2560174,1785138193.5585504,1785138194.2748415,
block1-000778,357.82523383386433,1050.0074398005381,43,10.0,356.967258034274,1049.1494640009478,0.8579757995903492,block1:s2,pure_ltr,mixed,1785138193.6244605,1785138193.6253183,1785138193.9822974,1785138194.6744797,
block1-000779,361.65282293222845,1022.6220119511709,43,572.5,360.51249993033707,1021.4816889492795,1.1403230018913746,block1:s2,pure_ltr,mixed,1785138193.7098634,1785138193.711004,1785138194.0715249,1785138194.732494,
block1-000780,360.0106720114127,897.4348980700597,36,287.5,359.5094009069726,896.9336269656196,0.501271104440093,block1:s2,pure_ltr,mixed,1785138193.9521646,1785138193.9526658,1785138194.3121827,1785138194.849607,
block1-000781,498.9013618323952,1160.8932878589258,49,287.5,497.9092449648306,1159.9011709913611,0.9921168675646186,block1:s2,pure_ltr,mixed,1785138194.0787904,1785138194.0797825,1785138194.5777016,1785138195.2396936,
block1-000782,355.34487874247134,897.2369057592005,38,20.0,355.08156998548657,896.9735970022157,0.2633087569847703,block1:s2,pure_ltr,mixed,1785138194.3997529,1785138194.400016,1785138194.7551057,1785138195.2969978,
block1-000783,84.88185214810073,2964.352532173507,136,15.0,84.13879200816154,2963.6094720335677,0.743060139939189,block1:zero_tool,pure_ltr,mixed,1785138194.4352286,1785138194.4359715,1785138194.5201182,1785138197.3995893,
block1-000784,307.6777389505878,815.619662986137,32,307.5,306.75084702670574,814.6927710622549,0.9268919238820672,block1:s3,pure_ltr,mixed,1785138194.7151375,1785138194.7160645,1785138195.0228233,1785138195.5307655,
block1-000785,325.3333404427394,1013.6272434610873,39,17.5,324.64133098255843,1012.9352340009063,0.6920094601809978,block1:s3,pure_ltr,mixed,1785138194.736034,1785138194.736726,1785138195.0613744,1785138195.7496684,
block1-000786,68.90301685780287,3218.0858658393845,151,485.0,67.80987500678748,3216.992723988369,1.093141851015389,block1:zero_tool,pure_ltr,mixed,1785138194.8738801,1785138194.8749735,1785138194.9427912,1785138198.0919747,
block1-000787,62.805446214042604,2795.7398482831195,131,307.5,61.66982592549175,2794.6042279945686,1.1356202885508537,block1:zero_tool,pure_ltr,mixed,1785138194.9403274,1785138194.9414635,1785138195.0031443,1785138197.7360785,
block1-000788,67.71397311240435,10159.20725313481,463,287.5,67.02381605282426,10158.51709607523,0.6901570595800877,block1:zero_tool,pure_ltr,mixed,1785138195.094032,1785138195.0947223,1785138195.1617532,1785138205.2532465,
block1-000789,483.30776195507497,1168.2569809490815,48,92.5,482.84524492919445,1167.794463923201,0.4625170258805156,block1:s3,pure_ltr,mixed,1785138195.3978074,1785138195.39827,1785138195.881123,1785138196.5660722,
block1-000790,535.3571817977354,1047.2483977209777,43,160.0,534.6800200641155,1046.5712359873578,0.6771617336198688,block1:s3,pure_ltr,mixed,1785138195.42139,1785138195.4220672,1785138195.956755,1785138196.4686456,
block1-000791,443.1382800685242,1128.14634910319,48,60.0,441.68242695741355,1126.6904959920794,1.4558531111106277,block1:s3,pure_ltr,mixed,1785138195.4944875,1785138195.4959433,1785138195.9377627,1785138196.6227708,
block1-000792,457.15149817988276,1102.301057195291,48,20.0,456.2820669962093,1101.4316260116175,0.8694311836734414,block1:s4,pure_ltr,mixed,1785138196.2216823,1785138196.222552,1785138196.678845,1785138197.3239944,
block1-000793,407.23737387452275,1048.974138800986,48,15.0,406.52067703194916,1048.2574419584125,0.7166968425735831,block1:s4,pure_ltr,mixed,1785138196.3879728,1785138196.3886898,1785138196.7952197,1785138197.4369564,
block1-000794,86.2825084477663,2554.1778265032917,122,412.5,85.9841980272904,2553.879516082816,0.2983104204759002,block1:zero_tool,pure_ltr,mixed,1785138196.4403818,1785138196.4406805,1785138196.5266852,1785138198.9945805,
block1-000795,410.7603281736374,1050.4596771206707,48,280.0,409.6744010457769,1049.3737499928102,1.0859271278604865,block1:s4,pure_ltr,mixed,1785138196.7413318,1785138196.7424178,1785138197.1521032,1785138197.7918026,
block1-000796,408.6328457342461,1122.7883347310126,48,95.0,408.363952068612,1122.5194410653785,0.26889366563409567,block1:s4,pure_ltr,mixed,1785138197.457818,1785138197.458087,1785138197.866459,1785138198.5806146,
block1-000797,410.2461023721844,1079.6133712865412,48,320.0,409.7211790503934,1079.0884479647502,0.5249233217909932,block1:s4,pure_ltr,mixed,1785138197.8965719,1785138197.8970969,1785138198.3068259,1785138198.9761934,
block1-000798,449.0963768912479,1047.843376873061,48,395.0,448.51463101804256,1047.2616309998557,0.5817458732053638,block1:s4,pure_ltr,mixed,1785138198.246997,1785138198.247579,1785138198.6961024,1785138199.2948503,
block1-000799,453.4048772184178,1071.76854822319,49,10.0,453.0095519730821,1071.3732229778543,0.3953252453356981,block1:s4,pure_ltr,mixed,1785138198.2604327,1785138198.2608285,1785138198.7138448,1785138199.3322084,
block1-000800,55.546851363033056,2504.274530336261,117,17.5,54.42111205775291,2503.1487910309806,1.125739305280149,block1:zero_tool,pure_ltr,mixed,1785138198.6404428,1785138198.6415687,1785138198.695998,1785138201.144725,
block1-000801,64.71796426922083,4146.026232279837,176,107.5,63.16852290183306,4144.476790912449,1.5494413673877716,block1:zero_tool,pure_ltr,mixed,1785138199.3995576,1785138199.4011073,1785138199.4642844,1785138203.5455925,
block1-000802,393.1776722893119,1220.4170322511345,43,25.0,392.16851408127695,1219.4078740430996,1.0091582080349326,block1:s1,pure_ltr,mixed,1785138200.1869597,1785138200.187969,1785138200.5801456,1785138201.407385,
block1-000803,320.0365906814113,1035.499784629792,36,12.5,319.51330904848874,1034.9765029968694,0.5232816329225898,block1:s1,pure_ltr,mixed,1785138200.3720288,1785138200.3725522,1785138200.6920764,1785138201.4075396,
block1-000804,435.2115679066628,1138.392946915701,39,170.0,434.68645797111094,1137.8678369801491,0.5251099355518818,block1:s1,pure_ltr,mixed,1785138200.7661686,1785138200.7666938,1785138201.2013881,1785138201.9045694,
block1-000805,163.92368264496326,1771.2694646324962,65,60.0,162.84566407557577,1770.1914460631087,1.0780185693874955,block1:s1,pure_ltr,mixed,1785138200.769631,1785138200.7707093,1785138200.9335623,1785138202.540908,
block1-000806,131.66615192312747,1791.6690688580275,69,92.5,131.0255570570007,1791.0284739919007,0.6405948661267757,block1:s1,pure_ltr,mixed,1785138200.9557896,1785138200.956431,1785138201.0874674,1785138202.7474701,
block1-000807,303.76736156176776,828.6944675492123,31,15.0,303.5545600578189,828.4816660452634,0.21280150394886732,block1:s1,pure_ltr,mixed,1785138201.23384,1785138201.234053,1785138201.537616,1785138202.0625434,
block1-000808,342.6389710512012,898.4059450449422,38,145.0,341.6676650522277,897.4346390459687,0.9713059989735484,block1:s2,pure_ltr,mixed,1785138201.3366418,1785138201.337613,1785138201.679415,1785138202.2351818,
block1-000809,410.99025239236653,992.3007544130087,38,105.0,410.0367969367653,991.3472989574075,0.9534554556012154,block1:s2,pure_ltr,mixed,1785138201.5665076,1785138201.567461,1785138201.9776313,1785138202.5589418,
block1-000810,317.0039926189929,945.4162805341184,36,12.5,315.4721560422331,943.8844439573586,1.5318365767598152,block1:s2,pure_ltr,mixed,1785138201.7830172,1785138201.7845495,1785138202.1000338,1785138202.7284465,
block1-000811,61.5242391359061,12783.361052162945,566,10.0,61.103417072445154,12782.940230099484,0.4208220634609461,block1:zero_tool,pure_ltr,mixed,1785138201.9227974,1785138201.923219,1785138201.9843357,1785138214.7061725,
block1-000812,439.35446243267506,974.8728963313624,36,297.5,437.6670910278335,973.1855249265209,1.6873714048415422,block1:s2,pure_ltr,mixed,1785138202.2125244,1785138202.2142122,1785138202.6518867,1785138203.187405,
block1-000813,579.4805838959292,1280.0511758541688,49,12.5,578.472597990185,1279.0431899484247,1.0079859057441354,block1:s2,pure_ltr,mixed,1785138202.224722,1785138202.22573,1785138202.8042126,1785138203.5047832,
block1-000814,151.13288688007742,3840.0395498611033,171,15.0,149.86006799153984,3838.7667309725657,1.2728188885375857,block1:zero_tool,pure_ltr,mixed,1785138202.2877736,1785138202.289047,1785138202.4389203,1785138206.1278267,
block1-000815,407.01470943167806,966.9017745181918,37,95.0,406.01603395771235,965.9030990442261,0.9986754739657044,block1:s2,pure_ltr,mixed,1785138202.301396,1785138202.3023946,1785138202.7084177,1785138203.2683046,
block1-000816,266.3975248578936,848.0228058760986,32,15.0,265.2887270087376,846.9140080269426,1.1087978491559625,block1:s3,pure_ltr,mixed,1785138202.4997973,1785138202.5009062,1785138202.7662036,1785138203.3478293,
block1-000817,274.63930286467075,971.7269318643957,39,117.5,273.6426900373772,970.7303190371022,0.9966128272935748,block1:s3,pure_ltr,mixed,1785138202.8203762,1785138202.821373,1785138203.095026,1785138203.792113,
block1-000818,425.2714042086154,1022.1966442186385,41,12.5,424.90699607878923,1021.8322360888124,0.3644081298261881,block1:s3,pure_ltr,mixed,1785138203.0386908,1785138203.039055,1785138203.463971,1785138204.0608957,
block1-000819,73.22931115049869,10104.509769123979,453,170.0,72.53813394345343,10103.818591916934,0.6911772070452571,block1:zero_tool,pure_ltr,mixed,1785138203.158881,1785138203.1595721,1785138203.232121,1785138213.2634015,
block1-000820,455.2412764169276,1108.1139134475961,48,320.0,453.3662189496681,1106.2388559803367,1.8750574672594666,block1:s3,pure_ltr,mixed,1785138203.1829472,1785138203.1848223,1785138203.6381958,1785138204.2910683,
block1-000821,77.80248438939452,3588.5794713394716,164,10.0,76.66429597884417,3587.4412829289213,1.138188410550356,block1:zero_tool,pure_ltr,mixed,1785138203.2704456,1785138203.271584,1785138203.3482556,1785138206.8590326,
block1-000822,519.4859348703176,983.1228827824816,43,322.5,518.6134070390835,982.2503549512476,0.8725278312340379,block1:s3,pure_ltr,mixed,1785138203.5019996,1785138203.5028722,1785138204.021496,1785138204.4851334,
block1-000823,87.20166340935975,3368.7255213735625,154,115.0,86.3847560249269,3367.9086139891297,0.8169073844328523,block1:zero_tool,pure_ltr,mixed,1785138203.5510452,1785138203.5518622,1785138203.638255,1785138206.9197786,
block1-000824,418.17351162899286,1147.4588256096467,48,395.0,417.4523300025612,1146.737643983215,0.721181626431644,block1:s4,pure_ltr,mixed,1785138203.7956095,1785138203.7963307,1785138204.2137914,1785138204.9430766,
block1-000825,495.7912939134985,1112.9975219955668,48,107.5,495.54695293772966,1112.753181019798,0.24434097576886415,block1:s4,pure_ltr,mixed,1785138204.4471216,1785138204.4473662,1785138204.9429312,1785138205.5601375,
block1-000826,455.73567249812186,1071.690603508614,48,52.5,455.5635739816353,1071.5185049921274,0.17209851648658514,block1:s4,pure_ltr,mixed,1785138204.5647202,1785138204.5648925,1785138205.0204647,1785138205.6364198,
block1-000827,427.3034946527332,1043.7266036169603,48,287.5,426.5904619824141,1043.0135709466413,0.7130326703190804,block1:s4,pure_ltr,mixed,1785138204.6122406,1785138204.612954,1785138205.0395558,1785138205.6559787,
block1-000828,111.46869673393667,2873.8817557459697,135,105.0,111.01875698659569,2873.4318159986287,0.4499397473409772,block1:zero_tool,pure_ltr,mixed,1785138204.6564398,1785138204.65689,1785138204.767917,1785138207.53033,
block1-000829,438.78418498206884,1168.5268649598584,48,282.5,438.0010690074414,1167.743748985231,0.7831159746274352,block1:s4,pure_ltr,mixed,1785138205.631299,1785138205.6320822,1785138206.0700924,1785138206.799835,
block1-000830,427.47518233954906,1143.514670431614,48,115.0,427.19255993142724,1143.232048023492,0.28262240812182426,block1:s4,pure_ltr,mixed,1785138205.814341,1785138205.8146243,1785138206.2418284,1785138206.9578676,
block1-000831,438.9567152829841,1121.8309502582997,49,105.0,438.74362704809755,1121.6178620234132,0.21308823488652706,block1:s4,pure_ltr,mixed,1785138206.1579523,1785138206.1581657,1785138206.5969179,1785138207.2797918,
block1-000832,319.08079818822443,946.7166132526472,43,15.0,318.56475898530334,946.2005740497261,0.5160392029210925,block1:s1,pure_ltr,mixed,1785138206.2778668,1785138206.278383,1785138206.5969574,1785138207.2245934,
block1-000833,67.95402022544295,10018.563081277534,449,22.5,66.52835593558848,10017.13741698768,1.425664289854467,block1:zero_tool,pure_ltr,mixed,1785138206.393756,1785138206.395182,1785138206.4617193,1785138216.4123285,
block1-000834,330.09302674327046,783.7162017822266,36,177.5,328.60606897156686,782.229244010523,1.4869577717036009,block1:s1,pure_ltr,mixed,1785138206.5897899,1785138206.591277,1785138206.9198925,1785138207.3735158,
block1-000835,71.9934378284961,2819.1115799127147,127,117.5,71.19328691624105,2818.3114290004596,0.8001509122550488,block1:zero_tool,pure_ltr,mixed,1785138206.8476908,1785138206.848491,1785138206.9196942,1785138209.6668122,
block1-000836,57.18419956974685,3549.1531665902585,157,412.5,56.61613598931581,3548.5851030098274,0.5680635804310441,block1:zero_tool,pure_ltr,mixed,1785138207.3939364,1785138207.3945045,1785138207.4511285,1785138210.9430978,
block1-000837,54.236449068412185,8555.385884130374,376,17.5,53.79539099521935,8554.94482605718,0.44105807319283485,block1:zero_tool,pure_ltr,mixed,1785138207.43771,1785138207.4381514,1785138207.4919536,1785138215.9931033,
block1-000838,387.0750383939594,1089.9587413296103,39,15.0,386.7647700244561,1089.648472960107,0.31026836950331926,block1:s1,pure_ltr,mixed,1785138207.5202422,1785138207.5205524,1785138207.9073257,1785138208.6102092,
block1-000839,354.069497436285,917.2502424335107,31,17.5,353.3996780170128,916.5804230142385,0.669819419272244,block1:s1,pure_ltr,mixed,1785138207.553287,1785138207.5539567,1785138207.9073625,1785138208.4705434,
block1-000840,457.53411191981286,964.0026309061795,38,17.5,456.6720799775794,963.1405989639461,0.8620319422334433,block1:s2,pure_ltr,mixed,1785138207.6849878,1785138207.68585,1785138208.1425295,1785138208.6489983,
block1-000841,102.92958316858858,1456.5787242027,67,320.0,101.86092497315258,1455.510066007264,1.0686581954360008,block1:s2,pure_ltr,mixed,1785138207.8896797,1785138207.8907485,1785138207.9926174,1785138209.3462665,
block1-000842,345.6790312193334,821.1055722786114,36,412.5,343.8926269300282,819.3191679893062,1.7864042893052101,block1:s2,pure_ltr,mixed,1785138207.967484,1785138207.9692702,1785138208.3131707,1785138208.7885966,
block1-000843,343.2131730951369,929.126802016981,43,105.0,342.91674802079797,928.830376942642,0.29642507433891296,block1:s2,pure_ltr,mixed,1785138208.18794,1785138208.1882365,1785138208.5311615,1785138209.1170752,
block1-000844,56.59524351358414,3207.82848354429,149,282.5,56.40582600608468,3207.6390660367906,0.1894175074994564,block1:zero_tool,pure_ltr,mixed,1785138208.4553595,1785138208.455549,1785138208.5119631,1785138211.6631963,
block1-000845,67.99444428179413,4246.045278268866,189,22.5,67.60819302871823,4245.65902701579,0.3862512530758977,block1:zero_tool,pure_ltr,mixed,1785138208.7201197,1785138208.7205062,1785138208.7881238,1785138212.9661744,
block1-000846,346.1105333408341,1023.3593673910946,44,15.0,344.2234949907288,1021.4723290409893,1.8870383501052856,block1:s2,pure_ltr,mixed,1785138209.472963,1785138209.47485,1785138209.8190827,1785138210.4963317,
block1-000847,360.97639705985785,903.6008620169014,37,155.0,360.65050202887505,903.2749669859186,0.3258950309827924,block1:s2,pure_ltr,mixed,1785138209.8037877,1785138209.8041136,1785138210.1647716,1785138210.707396,
block1-000848,285.63914517872036,873.9073781762272,35,20.0,285.23847402539104,873.5067070228979,0.4006711533293128,block1:s3,pure_ltr,mixed,1785138209.8328621,1785138209.833263,1785138210.1185207,1785138210.7067883,
block1-000849,61.38583482243121,3022.0745138358325,128,52.5,60.73017802555114,3021.4188570389524,0.6556567968800664,block1:zero_tool,pure_ltr,mixed,1785138210.064238,1785138210.0648937,1785138210.1256328,1785138213.086321,
block1-000850,461.7623972008005,1162.8262922167778,48,70.0,461.39919792767614,1162.4630929436535,0.3631992731243372,block1:s3,pure_ltr,mixed,1785138210.402647,1785138210.4030101,1785138210.8644185,1785138211.5654824,
block1-000851,268.81290110759437,972.9245781200007,41,412.5,268.57093803118914,972.6826150435954,0.24196307640522718,block1:s3,pure_ltr,mixed,1785138210.5537357,1785138210.5539775,1785138210.8226857,1785138211.5267975,
block1-000852,57.041328167542815,3760.8303910819814,157,135.0,56.01305700838566,3759.802119922824,1.028271159157157,block1:zero_tool,pure_ltr,mixed,1785138210.8074877,1785138210.8085163,1785138210.8645384,1785138214.5683274,
block1-000853,57.39955324679613,2682.2589583462104,108,15.0,56.640135939233005,2681.4995410386473,0.7594173075631261,block1:zero_tool,pure_ltr,mixed,1785138211.043106,1785138211.043866,1785138211.100519,1785138213.7253783,
block1-000854,557.8497900860384,1090.9839430823922,43,107.5,556.7263949196786,1089.8605479160324,1.1233951663598418,block1:s3,pure_ltr,mixed,1785138211.181123,1785138211.1822464,1785138211.7389822,1785138212.2721162,
block1-000855,338.9682692941278,1100.609360379167,43,15.0,338.29077589325607,1099.9318669782951,0.6774934008717537,block1:s3,pure_ltr,mixed,1785138211.3240695,1785138211.324747,1785138211.6630456,1785138212.4246864,
block1-000856,480.4169471608475,1194.552943110466,48,117.5,480.1116610178724,1194.247656967491,0.30528614297509193,block1:s4,pure_ltr,mixed,1785138211.5895653,1785138211.5898707,1785138212.0699902,1785138212.7841265,
block1-000857,470.7609646720812,1230.7637486374006,48,17.5,469.9831110192463,1229.9858949845657,0.7778536528348923,block1:s4,pure_ltr,mixed,1785138211.6385865,1785138211.639365,1785138212.1093612,1785138212.869364,
block1-000858,414.7231214446947,1222.2001993795857,48,115.0,413.7495739851147,1221.2266519200057,0.9735474595800042,block1:s4,pure_ltr,mixed,1785138211.812793,1785138211.8137672,1785138212.2275295,1785138213.0350065,
block1-000859,466.18089836556464,1354.2087733512744,48,70.0,465.5399079201743,1353.567782905884,0.6409904453903437,block1:s4,pure_ltr,mixed,1785138212.2321148,1785138212.2327557,1785138212.6983056,1785138213.5863335,
block1-000860,105.95420084428042,3982.8528868965805,174,105.0,105.12168693821877,3982.020372990519,0.8325139060616493,block1:zero_tool,pure_ltr,mixed,1785138212.259367,1785138212.2601998,1785138212.3653302,1785138216.2422287,
block1-000861,549.6539018349722,1311.1329918028787,48,15.0,548.6796500626951,1310.1587400306016,0.9742517722770572,block1:s4,pure_ltr,mixed,1785138212.5370078,1785138212.5379822,1785138213.0866714,1785138213.8481507,
block1-000862,523.9623481174931,1286.2496461020783,48,10.0,522.959383088164,1285.2466810727492,1.0029650293290615,block1:s4,pure_ltr,mixed,1785138212.7397933,1785138212.7407966,1785138213.263773,1785138214.0260603,
block1-000863,114.38125395216048,3070.05662296433,133,75.0,113.57595992740244,3069.251328939572,0.8052940247580409,block1:zero_tool,pure_ltr,mixed,1785138212.7547052,1785138212.7555108,1785138212.8690941,1785138215.8247695,
block1-000864,412.6793281175196,1136.8559540715069,43,172.5,411.6636370308697,1135.840262984857,1.0156910866498947,block1:s1,pure_ltr,mixed,1785138212.7905338,1785138212.7915494,1785138213.2032213,1785138213.927398,
block1-000865,119.586854823865,1739.3001278396696,71,107.5,119.0439200727269,1738.7571930885315,0.5429347511380911,block1:s1,pure_ltr,mixed,1785138212.9669938,1785138212.9675367,1785138213.086588,1785138214.7063012,
block1-000866,372.7502978872508,1079.1438377927989,40,100.0,371.7025190126151,1078.0960589181632,1.0477788746356964,block1:s1,pure_ltr,mixed,1785138213.2324884,1785138213.2335367,1785138213.605253,1785138214.3116462,
block1-000867,168.41821640264243,1625.1849584514275,69,70.0,167.97099099494517,1624.7377330437303,0.4472254076972604,block1:s1,pure_ltr,mixed,1785138213.27349,1785138213.2739375,1785138213.441915,1785138214.8986816,
block1-000868,161.34950483683497,3625.181801733561,165,20.0,160.63996509183198,3624.472261988558,0.709539745002985,block1:zero_tool,pure_ltr,mixed,1785138213.2809577,1785138213.281667,1785138213.442314,1785138216.9061463,
block1-000869,127.23964278120548,6488.265492720529,299,297.5,126.49887497536838,6487.524724914692,0.7407678058370948,block1:zero_tool,pure_ltr,mixed,1785138213.3572657,1785138213.3580065,1785138213.4845154,1785138219.8455415,
block1-000870,61.06186134275049,3334.4562533311546,155,95.0,60.41399808600545,3333.8083900744095,0.6478632567450404,block1:zero_tool,pure_ltr,mixed,1785138213.7667003,1785138213.7673483,1785138213.8277707,1785138217.1011648,
block1-000871,379.37445170246065,850.2737486269325,35,70.0,378.25495505239815,849.15425197687,1.1194966500625014,block1:s1,pure_ltr,mixed,1785138213.9909112,1785138213.9920309,1785138214.3702943,1785138214.8411937,
block1-000872,296.3086242089048,765.6365442089736,34,20.0,295.43980199377984,764.7677219938487,0.8688222151249647,block1:s2,pure_ltr,mixed,1785138214.133365,1785138214.1342342,1785138214.4296854,1785138214.8990133,
block1-000873,56.943943607620895,4155.784633592702,190,115.0,56.315697031095624,4155.156387016177,0.6282465765252709,block1:zero_tool,pure_ltr,mixed,1785138215.2403162,1785138215.2409446,1785138215.2972717,1785138219.3961124,
block1-000874,348.5215147957206,843.8760908320546,36,20.0,348.0342850089073,843.3888610452414,0.4872297868132591,block1:s2,pure_ltr,mixed,1785138215.4176688,1785138215.4181564,1785138215.7662024,1785138216.261557,
block1-000875,114.73568843211979,1539.0794924460351,69,155.0,114.39648794475943,1538.7402919586748,0.33920048736035824,block1:s2,pure_ltr,mixed,1785138215.4774368,1785138215.477776,1785138215.5921826,1785138217.016526,
block1-000876,310.6870197225362,764.0737217152491,36,107.5,310.0748109864071,763.46151297912,0.6122087361291051,block1:s2,pure_ltr,mixed,1785138215.8353791,1785138215.8359914,1785138216.1460733,1785138216.5994601,
block1-000877,421.1673344252631,1079.9431584309787,44,20.0,420.4784979810938,1079.2543219868094,0.6888364441692829,block1:s2,pure_ltr,mixed,1785138216.6796565,1785138216.6803453,1785138217.1008306,1785138217.7596064,
block1-000878,418.3280431898311,963.4063072735444,38,115.0,417.92501392774284,963.0032780114561,0.4030292620882392,block1:s2,pure_ltr,mixed,1785138216.682682,1785138216.683085,1785138217.1010153,1785138217.6460938,
block1-000879,67.59369012434036,2826.566943200305,127,105.0,66.79842493031174,2825.7716780062765,0.795265194028616,block1:zero_tool,pure_ltr,mixed,1785138216.9547846,1785138216.9555807,1785138217.0224009,1785138219.781374,
block1-000880,334.4847874250263,790.1498033897951,32,10.0,333.4835140267387,789.1485299915075,1.0012733982875943,block1:s3,pure_ltr,mixed,1785138217.0069602,1785138217.0079615,1785138217.341454,1785138217.7971187,
block1-000881,307.3365914169699,876.3670284533873,39,95.0,306.9556070258841,875.9860440623015,0.3809843910858035,block1:s3,pure_ltr,mixed,1785138217.1289966,1785138217.1293778,1785138217.4363399,1785138218.0053704,
block1-000882,371.9739381922409,883.792620152235,41,545.0,371.7876860173419,883.606367977336,0.18625217489898205,block1:s3,pure_ltr,mixed,1785138217.2166967,1785138217.216883,1785138217.5886774,1785138218.1004958,
block1-000883,66.03985745459795,3815.612814389169,182,25.0,64.20175998937339,3813.7747169239447,1.838097465224564,block1:zero_tool,pure_ltr,mixed,1785138217.883072,1785138217.88491,1785138217.9491203,1785138221.698693,
block1-000884,389.12852946668863,1048.7511514220387,41,140.0,388.59222107566893,1048.214843031019,0.536308391019702,block1:s3,pure_ltr,mixed,1785138218.1199472,1785138218.1204834,1785138218.509083,1785138219.168706,
block1-000885,504.1815043659881,1145.1715643052012,46,70.0,503.99455707520247,1144.9846170144156,0.18694729078561068,block1:s3,pure_ltr,mixed,1785138218.138381,1785138218.138568,1785138218.6425686,1785138219.2835588,
block1-000886,520.2227191766724,1058.3771261153743,43,10.0,519.3761670961976,1057.5305740348995,0.8465520804747939,block1:s3,pure_ltr,mixed,1785138218.1868308,1785138218.1876776,1785138218.7070632,1785138219.245218,
block1-000887,67.54100834950805,3383.195345290005,165,22.5,67.26070400327444,3382.9150409437716,0.28030434623360634,block1:zero_tool,pure_ltr,mixed,1785138218.4828525,1785138218.4831328,1785138218.5504029,1785138221.8660572,
block1-000888,66.02420448325574,3190.1567104505375,155,10.0,65.83943602163345,3189.971941988915,0.18476846162229776,block1:zero_tool,pure_ltr,mixed,1785138218.5833166,1785138218.5835016,1785138218.649349,1785138221.7734811,
block1-000889,444.7428345447406,1101.8661005655304,48,115.0,443.6008899938315,1100.7241560146213,1.141944550909102,block1:s4,pure_ltr,mixed,1785138218.8765204,1785138218.8776622,1785138219.321273,1785138219.9783962,
block1-000890,453.04077479522675,1068.0105267092586,48,160.0,452.21251202747226,1067.182263941504,0.8282627677544951,block1:s4,pure_ltr,mixed,1785138219.0430422,1785138219.0438704,1785138219.496091,1785138220.1110606,
block1-000891,68.64679849240929,3187.7015514764935,155,155.0,68.48829099908471,3187.543043983169,0.1585074933245778,block1:zero_tool,pure_ltr,mixed,1785138219.3362815,1785138219.33644,1785138219.4049356,1785138222.5239906,
block1-000892,419.97630917467177,1051.5691871987656,48,17.5,418.8994689611718,1050.4923469852656,1.0768402134999633,block1:s4,pure_ltr,mixed,1785138219.3611138,1785138219.3621905,1785138219.781097,1785138220.41269,
block1-000893,61.947853420861065,2669.4358554668725,131,70.0,61.54292495921254,2669.030927005224,0.4049284616485238,block1:zero_tool,pure_ltr,mixed,1785138219.7257128,1785138219.7261178,1785138219.7876673,1785138222.3951554,
block1-000894,410.7760871993378,1052.8595232171938,48,17.5,409.73970806226134,1051.8231440801173,1.0363791370764375,block1:s4,pure_ltr,mixed,1785138220.2809322,1785138220.2819688,1785138220.6917238,1785138221.3338075,
block1-000895,395.10165771935135,1006.0969757614657,48,15.0,394.0521189942956,1005.04743703641,1.0495387250557542,block1:s4,pure_ltr,mixed,1785138220.7489026,1785138220.7499523,1785138221.1440113,1785138221.7550063,
block1-000896,68.39862372726202,2625.077744713053,117,15.0,68.01406107842922,2624.6931820642203,0.384562648832798,block1:zero_tool,pure_ltr,mixed,1785138221.3436956,1785138221.3440802,1785138221.412103,1785138223.9687822,
block1-000897,59.864201582968235,16125.167682534084,721,350.0,59.142590034753084,16124.446070985869,0.7216115482151508,block1:zero_tool,pure_ltr,mixed,1785138221.5438094,1785138221.5445309,1785138221.603682,1785138237.6689856,
block1-000898,287.5290602678433,894.5634762058035,40,105.0,286.56475606840104,893.5991720063612,0.9643041994422674,block1:s1,pure_ltr,mixed,1785138221.9652092,1785138221.9661734,1785138222.2527466,1785138222.8597808,
block1-000899,96.7598968418315,9081.781229819171,401,60.0,96.19622502941638,9081.217558006756,0.563671812415123,block1:zero_tool,pure_ltr,mixed,1785138222.0061805,1785138222.0067441,1785138222.1029472,1785138231.0879686,
block1-000900,320.48359990585595,1020.6162158865482,39,17.5,319.4572899956256,1019.5899059763178,1.0263099102303386,block1:s1,pure_ltr,mixed,1785138222.3147342,1785138222.3157606,1785138222.6352253,1785138223.335358,
block1-000901,116.28444737289101,1538.1623933790252,61,280.0,115.408765967004,1537.2867119731382,0.8756814058870077,block1:s1,pure_ltr,mixed,1785138222.84126,1785138222.8421357,1785138222.957552,1785138224.3794296,
block1-000902,115.33479869831353,1715.1329027255997,69,145.0,114.64972700923681,1714.447831036523,0.6850716890767217,block1:s1,pure_ltr,mixed,1785138222.996198,1785138222.9968832,1785138223.1115413,1785138224.7113395,
block1-000903,297.98209702130407,818.6037769773975,31,20.0,297.23200597800314,817.8536859340966,0.7500910433009267,block1:s1,pure_ltr,mixed,1785138223.0556643,1785138223.0564146,1785138223.3536618,1785138223.8742843,
block1-000904,122.06895276904106,2859.907587757334,122,177.5,121.41242297366261,2859.2510579619557,0.6565297953784466,block1:zero_tool,pure_ltr,mixed,1785138223.0993197,1785138223.0999763,1785138223.2213967,1785138225.9592354,
block1-000905,349.28630688227713,1055.7938389247283,42,17.5,348.311900976114,1054.8194330185652,0.974405906163156,block1:s2,pure_ltr,mixed,1785138223.4847364,1785138223.4857109,1785138223.8340306,1785138224.5405378,
block1-000906,358.74008026439697,911.8254743516445,37,105.0,358.1119319424033,911.1973260296509,0.628148321993649,block1:s2,pure_ltr,mixed,1785138223.5157242,1785138223.5163522,1785138223.874472,1785138224.4275575,
block1-000907,354.56577700097114,1008.5114249959588,43,85.0,354.4606079813093,1008.406255976297,0.10516901966184378,block1:s2,pure_ltr,mixed,1785138224.0249505,1785138224.0250554,1785138224.3795235,1785138225.03347,
block1-000908,395.18527046311647,851.4959515305236,36,145.0,394.6089269593358,850.9196080267429,0.576343503780663,block1:s2,pure_ltr,mixed,1785138224.182622,1785138224.1831985,1785138224.5778146,1785138225.0341253,
block1-000909,387.9076384473592,1079.7625995473936,44,282.5,386.92580291535705,1078.7807640153915,0.981835532002151,block1:s2,pure_ltr,mixed,1785138224.3603704,1785138224.3613522,1785138224.7482865,1785138225.4401412,
block1-000910,334.3276239465922,1081.353451940231,44,15.0,333.4082521032542,1080.434080096893,0.9193718433380127,block1:s2,pure_ltr,mixed,1785138224.4901628,1785138224.4910822,1785138224.8244972,1785138225.5715227,
block1-000911,409.0691626770422,948.9448126405478,37,395.0,408.65902707446367,948.5346770379692,0.4101356025785208,block1:s2,pure_ltr,mixed,1785138225.0100698,1785138225.0104802,1785138225.4191475,1785138225.959023,
block1-000912,104.42805336788297,3252.0096763037145,142,155.0,104.18533708434552,3251.766960020177,0.24271628353744745,block1:zero_tool,pure_ltr,mixed,1785138225.016369,1785138225.0166118,1785138225.1208045,1785138228.2683861,
block1-000913,317.2563845291734,971.0931425215676,39,287.5,316.81855395436287,970.6553119467571,0.4378305748105049,block1:s3,pure_ltr,mixed,1785138225.0638402,1785138225.0642781,1785138225.3811026,1785138226.0349393,
block1-000914,438.1203445373103,940.9175905166194,38,172.5,437.29022901970893,940.087474999018,0.8301155176013708,block1:s3,pure_ltr,mixed,1785138225.208248,1785138225.209078,1785138225.6463757,1785138226.1491728,
block1-000915,438.98081756196916,1173.2843305217102,48,17.5,438.672487041913,1172.976000001654,0.3083305200561881,block1:s3,pure_ltr,mixed,1785138225.4188628,1785138225.419171,1785138225.8578508,1785138226.592154,
block1-000916,444.1638260614127,1162.3541420558468,48,20.0,443.8803259981796,1162.0706419926137,0.2835000632330775,block1:s3,pure_ltr,mixed,1785138225.4684858,1785138225.4687693,1785138225.912665,1785138226.6308553,
block1-000917,66.70061475597322,2491.504319710657,112,412.5,65.67896599881351,2490.4826709534973,1.02164875715971,block1:zero_tool,pure_ltr,mixed,1785138225.852927,1785138225.8539486,1785138225.9196358,1785138228.3444393,
block1-000918,484.71361002884805,1094.7462760377675,48,12.5,483.90220396686345,1093.934869975783,0.8114060619845986,block1:s3,pure_ltr,mixed,1785138226.0294578,1785138226.0302691,1785138226.5141795,1785138227.1242123,
block1-000919,88.18444341886789,3485.2201223839074,154,280.0,87.54482201766223,3484.580500982702,0.6396214012056589,block1:zero_tool,pure_ltr,mixed,1785138226.1297846,1785138226.1304243,1785138226.2179787,1785138229.615014,
block1-000920,429.96253725141287,1037.9684172803536,48,47.5,429.4647950446233,1037.470675073564,0.49774220678955317,block1:s4,pure_ltr,mixed,1785138226.142333,1785138226.1428308,1785138226.5723033,1785138227.1803093,
block1-000921,411.5120469359681,1092.9904979420826,48,307.5,410.7282619224861,1092.2067129286006,0.7837850134819746,block1:s4,pure_ltr,mixed,1785138226.3326106,1785138226.3333943,1785138226.7441308,1785138227.4256089,
block1-000922,479.77925988379866,1172.3201369168237,48,10.0,478.9145539980382,1171.4554310310632,0.8647058857604861,block1:s4,pure_ltr,mixed,1785138227.1722784,1785138227.1731434,1785138227.6520658,1785138228.3446064,
block1-000923,437.6191169722006,1130.6382030015811,48,187.5,437.2829080093652,1130.3019940387458,0.3362089628353715,block1:s4,pure_ltr,mixed,1785138227.2904673,1785138227.2908034,1785138227.7280946,1785138228.4211133,
block1-000924,490.497037069872,1141.440408071503,48,17.5,489.55253208987415,1140.4959030915052,0.9445049799978733,block1:s4,pure_ltr,mixed,1785138227.467893,1785138227.4688373,1785138227.9583974,1785138228.609341,
block1-000925,449.0433884784579,1097.3109955666587,48,132.5,447.9112859116867,1096.1788929998875,1.1321025667712092,block1:s4,pure_ltr,mixed,1785138227.7222552,1785138227.7233875,1785138228.1713083,1785138228.8195758,
block1-000926,422.5897049764171,1069.061185931787,48,15.0,421.5254799928516,1067.9969609482214,1.0642249835655093,block1:s4,pure_ltr,mixed,1785138227.8065684,1785138227.8076327,1785138228.229166,1785138228.8756375,
block1-000927,404.71434488426894,1220.2427998417988,48,485.0,404.3492750497535,1219.8777300072834,0.3650698345154524,block1:s4,pure_ltr,mixed,1785138228.432937,1785138228.433302,1785138228.8376596,1785138229.6531885,
block1-000928,59.53775346279144,2676.7176574794576,117,15.0,59.01785905007273,2676.197763066739,0.5198944127187133,block1:zero_tool,pure_ltr,mixed,1785138228.590144,1785138228.590664,1785138228.6496887,1785138231.2668688,
block1-000929,389.1871126834303,951.6190337017179,37,282.5,389.0215549618006,951.4534759800881,0.1655577216297388,block1:s1,pure_ltr,mixed,1785138229.0049496,1785138229.005115,1785138229.3941443,1785138229.956576,
block1-000930,389.64876905083656,1017.5653069745749,40,15.0,388.86292604729533,1016.7794639710337,0.7858430035412312,block1:s1,pure_ltr,mixed,1785138229.2821147,1785138229.2829008,1785138229.6717706,1785138230.2996871,
block1-000931,406.0623168479651,1033.2365658832714,43,15.0,405.7704909937456,1032.944740029052,0.29182585421949625,block1:s1,pure_ltr,mixed,1785138229.3980243,1785138229.3983164,1785138229.8040965,1785138230.4312708,
block1-000932,378.41840903274715,1005.8955170679837,42,100.0,377.30857997667044,1004.785688011907,1.1098290560767055,block1:s1,pure_ltr,mixed,1785138229.4258103,1785138229.4269202,1785138229.8042371,1785138230.431714,
block1-000933,132.0717640919611,1423.8804230699316,61,12.5,131.18921197019517,1422.9978709481657,0.8825521217659116,block1:s1,pure_ltr,mixed,1785138230.053588,1785138230.0544717,1785138230.1857007,1785138231.4775088,
block1-000934,65.4470194131136,4147.527727414854,188,170.0,64.9607569212094,4147.04146492295,0.4862624919041991,block1:zero_tool,pure_ltr,mixed,1785138230.575539,1785138230.5760252,1785138230.6409957,1785138234.7230763,
block1-000935,125.39099645800889,1345.000843401067,59,350.0,124.87027503084391,1344.480121973902,0.5207214271649718,block1:s1,pure_ltr,mixed,1785138230.7080774,1785138230.7085986,1785138230.8334801,1785138232.05309,
block1-000936,378.86220740620047,992.7731713978574,44,60.0,377.9525780119002,991.8635420035571,0.909629394300282,block1:s2,pure_ltr,mixed,1785138230.784069,1785138230.7849789,1785138231.1629415,1785138231.7768521,
block1-000937,277.49632846098393,876.2345444411039,40,322.5,275.5964460084215,874.3346619885415,1.8998824525624514,block1:s2,pure_ltr,mixed,1785138231.1394482,1785138231.1413486,1785138231.4169595,1785138232.0156977,
block1-000938,55.13112596236169,3760.837650857866,176,17.5,54.37482905108482,3760.081353946589,0.7562969112768769,block1:zero_tool,pure_ltr,mixed,1785138231.4225445,1785138231.4233012,1785138231.4776876,1785138235.1833947,
block1-000939,314.64136845897883,959.5790883759037,43,107.5,313.6891380418092,958.626857958734,0.9522304171696305,block1:s2,pure_ltr,mixed,1785138231.8316822,1785138231.8326344,1785138232.1463327,1785138232.7912707,
block1-000940,292.5808822037652,791.7515102308244,36,282.5,291.73979302868247,790.9104210557416,0.8410891750827432,block1:s2,pure_ltr,mixed,1785138232.2041554,1785138232.2049973,1785138232.4967515,1785138232.9959219,
block1-000941,445.3987486194819,1047.2136766184121,49,107.5,444.5468400372192,1046.3617680361494,0.8519085822626948,block1:s2,pure_ltr,mixed,1785138232.5502582,1785138232.5511107,1785138232.9956686,1785138233.5974836,
block1-000942,51.68352264445275,7658.84968964383,346,280.0,50.02775799948722,7657.1939249988645,1.6557646449655294,block1:zero_tool,pure_ltr,mixed,1785138233.0975118,1785138233.0991678,1785138233.149204,1785138240.75637,
block1-000943,319.7324749780819,937.0869409758598,37,12.5,318.6875471146777,936.0420131124556,1.0449278634041548,block1:s2,pure_ltr,mixed,1785138233.1644807,1785138233.1655264,1785138233.4842293,1785138234.1015842,
block1-000944,538.9479777077213,1240.8514496637508,48,172.5,538.3877080166712,1240.2911799727008,0.5602696910500526,block1:s3,pure_ltr,mixed,1785138233.6366203,1785138233.6371806,1785138234.1756892,1785138234.8775928,
block1-000945,525.2481154166162,1226.0821594391018,48,15.0,524.9768659705296,1225.8109099930152,0.2712494460865855,block1:s3,pure_ltr,mixed,1785138233.6905642,1785138233.6908357,1785138234.215823,1785138234.9166572,
block1-000946,453.7941258167848,1058.6834168061614,41,15.0,452.8771430486813,1057.766434038058,0.9169827681034803,block1:s3,pure_ltr,mixed,1785138233.721753,1785138233.7226698,1785138234.1755545,1785138234.780444,
block1-000947,153.71008461806923,3130.50828455016,131,115.0,152.9913960257545,3129.7895959578454,0.7186885923147202,block1:zero_tool,pure_ltr,mixed,1785138233.7683144,1785138233.7690332,1785138233.9220352,1785138236.898833,
block1-000948,441.9269065838307,1144.7694876696914,48,217.5,441.42051599919796,1144.2630970850587,0.5063905846327543,block1:s3,pure_ltr,mixed,1785138233.8106685,1785138233.8111749,1785138234.2526028,1785138234.9554458,
block1-000949,401.9474134547636,977.0607653772458,43,17.5,401.34531806688756,976.4586699893698,0.6020953878760338,block1:s3,pure_ltr,mixed,1785138234.4364154,1785138234.4370174,1785138234.8383713,1785138235.413485,
block1-000950,95.9641101071611,3956.3296250998974,172,170.0,95.37666395772249,3955.7421789504588,0.5874461494386196,block1:zero_tool,pure_ltr,mixed,1785138234.4422703,1785138234.442858,1785138234.5382423,1785138238.3986073,
block1-000951,427.55246779415756,1041.1762107396498,48,20.0,426.80183495394886,1040.4255778994411,0.7506328402087092,block1:s3,pure_ltr,mixed,1785138234.565206,1785138234.5659568,1785138234.9927692,1785138235.606393,
block1-000952,84.95343301910907,3540.2258480899036,154,412.5,83.50440894719213,3538.7768240179867,1.4490240719169378,block1:zero_tool,pure_ltr,mixed,1785138234.6382947,1785138234.639744,1785138234.723259,1785138238.1785316,
block1-000953,59.86226140521467,3122.0633514458314,133,117.5,59.41685801371932,3121.617948054336,0.445403391495347,block1:zero_tool,pure_ltr,mixed,1785138235.315021,1785138235.3154664,1785138235.3748918,1785138238.4370928,
block1-000954,63.26894217636436,3065.671344171278,130,60.0,62.9779810551554,3065.380383050069,0.2909611212089658,block1:zero_tool,pure_ltr,mixed,1785138235.4096448,1785138235.409936,1785138235.472922,1785138238.4753246,
block1-000955,66.59320509061217,3597.549040103331,157,95.0,65.52995601668954,3596.4857910294086,1.0632490739226341,block1:zero_tool,pure_ltr,mixed,1785138235.5803952,1785138235.5814583,1785138235.6469955,1785138239.1779509,
block1-000956,738.0092721432447,1438.3906851289794,48,545.0,737.7411280758679,1438.1225410616025,0.26814406737685204,block1:s4,pure_ltr,mixed,1785138235.7980387,1785138235.7983072,1785138236.5360596,1785138237.236441,
block1-000957,726.3758740155026,1427.9085249872878,48,110.0,725.5986330565065,1427.1312840282917,0.7772409589961171,block1:s4,pure_ltr,mixed,1785138235.8291392,1785138235.829917,1785138236.555537,1785138237.2570696,
block1-000958,660.1369853597134,1362.7317633945495,48,287.5,659.2506789602339,1361.84545699507,0.8863063994795084,block1:s4,pure_ltr,mixed,1785138235.9560702,1785138235.9569566,1785138236.6162179,1785138237.3188124,
block1-000959,615.0385497603565,1318.7622968107462,48,85.0,614.7566488943994,1318.480395944789,0.2819008659571409,block1:s4,pure_ltr,mixed,1785138236.1221743,1785138236.1224563,1785138236.7372215,1785138237.4409451,
block1-000960,531.8912998773158,1192.246324964799,43,357.5,531.0010409448296,1191.3560660323128,0.8902589324861765,block1:s1,pure_ltr,mixed,1785138236.1447887,1785138236.1456788,1785138236.6766868,1785138237.3370419,
block1-000961,202.01043412089348,1672.754758154042,66,60.0,201.53004594612867,1672.2743699792773,0.480388174764812,block1:s1,pure_ltr,mixed,1785138236.214752,1785138236.215233,1785138236.4167733,1785138237.8875175,
block1-000962,514.9140944704413,1177.7651954907924,44,22.5,514.4312640186399,1177.282365038991,0.48283045180141926,block1:s1,pure_ltr,mixed,1785138236.2222564,1785138236.2227395,1785138236.7371788,1785138237.40003,
block1-000963,472.9548526229337,1137.8405085997656,46,152.5,472.05627197399735,1136.9419279508293,0.8985806489363313,block1:s1,pure_ltr,mixed,1785138236.3450704,1785138236.3459697,1785138236.8180354,1785138237.4829206,
block1-000964,342.75691432412714,933.6926223477349,39,10.0,341.88299905508757,932.8187070786953,0.8739152690395713,block1:s1,pure_ltr,mixed,1785138236.9534845,1785138236.9543602,1785138237.2962596,1785138237.887195,
block1-000965,105.58168427087367,4667.151106288657,215,17.5,104.97357393614948,4666.542995953932,0.6081103347241879,block1:zero_tool,pure_ltr,mixed,1785138236.9646788,1785138236.9652872,1785138237.0702806,1785138241.6318495,
block1-000966,76.66726363822818,10178.788578719832,466,15.0,73.78123793751001,10175.902553019114,2.8860257007181644,block1:zero_tool,pure_ltr,mixed,1785138237.3031702,1785138237.3060567,1785138237.3798509,1785138247.4819722,
block1-000967,65.62524463515729,3144.5850717136636,148,22.5,64.0558690065518,3143.015696085058,1.569375628605485,block1:zero_tool,pure_ltr,mixed,1785138237.4177415,1785138237.4193108,1785138237.4833753,1785138240.5623355,
block1-000968,293.5326538281515,827.4307078681886,37,145.0,292.7537189098075,826.6517729498446,0.7789349183440208,block1:s2,pure_ltr,mixed,1785138237.4938948,1785138237.494674,1785138237.7874365,1785138238.3213346,
block1-000969,68.65513406228274,2359.3638910679147,112,287.5,67.92109995149076,2358.6298569571227,0.7340341107919812,block1:zero_tool,pure_ltr,mixed,1785138237.6596208,1785138237.660355,1785138237.7282858,1785138240.018994,
block1-000970,63.71605605818331,3921.6243791161105,181,12.5,63.36894992273301,3921.27727298066,0.34710613545030355,block1:zero_tool,pure_ltr,mixed,1785138238.1954336,1785138238.1957808,1785138238.259277,1785138242.117185,
block1-000971,55.66412769258022,2685.8640547143295,126,17.5,55.12815690599382,2685.328083927743,0.5359707865864038,block1:zero_tool,pure_ltr,mixed,1785138238.2660313,1785138238.2665677,1785138238.3217072,1785138240.9519074,
block1-000972,91.34641534183174,3151.1947163380682,141,217.5,89.55564594361931,3149.403946939856,1.7907693982124329,block1:zero_tool,pure_ltr,mixed,1785138238.832744,1785138238.834535,1785138238.9240985,1785138241.9839468,
block1-000973,74.15171538013965,3167.4641483696178,142,187.5,74.00808797683567,3167.320520966314,0.14362740330398083,block1:zero_tool,pure_ltr,mixed,1785138238.8537045,1785138238.8538482,1785138238.927867,1785138242.0211792,
block1-000974,375.3951978869736,897.6851748302579,38,140.0,374.638841021806,896.9288179650903,0.7563568651676178,block1:s2,pure_ltr,mixed,1785138239.238214,1785138239.2389703,1785138239.6136184,1785138240.1359084,
block1-000975,211.98431414086372,851.0594621766359,37,117.5,209.77909897919744,848.8542470149696,2.205215161666274,block1:s2,pure_ltr,mixed,1785138239.3628237,1785138239.3650293,1785138239.5748198,1785138240.213895,
block1-000976,98.5161813441664,2794.534078333527,125,25.0,98.05274894461036,2794.070645933971,0.46343239955604076,block1:zero_tool,pure_ltr,mixed,1785138239.7453036,1785138239.7457669,1785138239.843829,1785138242.5398471,
block1-000977,60.04250142723322,2793.9100803341717,126,60.0,58.87665902264416,2792.7442379295826,1.165842404589057,block1:zero_tool,pure_ltr,mixed,1785138239.783829,1785138239.7849948,1785138239.8438797,1785138242.5777473,
block1-000978,379.2033634381369,945.3664703760296,41,217.5,378.91062104608864,945.0737279839814,0.2927423920482397,block1:s3,pure_ltr,mixed,1785138239.892566,1785138239.8928585,1785138240.271779,1785138240.837943,
block1-000979,283.29616773407906,1023.3007557690144,41,287.5,282.36569894943386,1022.3702869843692,0.9304687846451998,block1:s3,pure_ltr,mixed,1785138240.4139442,1785138240.4148746,1785138240.6972694,1785138241.4372742,
block1-000980,488.55061596259475,1195.36776188761,48,60.0,487.71629796829075,1194.533443893306,0.8343179943040013,block1:s3,pure_ltr,mixed,1785138240.7883737,1785138240.7892082,1785138241.2769327,1785138241.9837496,
block1-000981,389.7210668073967,1077.978530782275,44,412.5,388.7551910011098,1077.012654975988,0.965875806286931,block1:s3,pure_ltr,mixed,1785138240.9055338,1785138240.9065,1785138241.2952635,1785138241.983521,
block1-000982,100.89917748700827,3606.0287543805316,155,20.0,100.44392407871783,3605.573500972241,0.4552534082904458,block1:zero_tool,pure_ltr,mixed,1785138240.9244788,1785138240.924934,1785138241.0253851,1785138244.530515,
block1-000983,435.0747615098953,1116.021460504271,48,170.0,434.77297597564757,1115.7196749700233,0.301785534247756,block1:s3,pure_ltr,mixed,1785138241.1577787,1785138241.1580806,1785138241.5928621,1785138242.273809,
block1-000984,57.724803453311324,3073.427196359262,132,160.0,56.91552301868796,3072.6179159246385,0.8092804346233606,block1:zero_tool,pure_ltr,mixed,1785138241.3210697,1785138241.3218791,1785138241.3788033,1785138244.394506,
block1-000985,459.43849184550345,1112.3362379148602,48,10.0,459.27233598195016,1112.170082051307,0.1661558635532856,block1:s4,pure_ltr,mixed,1785138241.5030355,1785138241.5032017,1785138241.9624827,1785138242.6153803,
block1-000986,423.11191046610475,1073.5906114568934,48,572.5,422.7802410023287,1073.2589419931173,0.331669463776052,block1:s4,pure_ltr,mixed,1785138241.6167684,1785138241.6171,1785138242.039889,1785138242.690368,
block1-000987,57.01068299822509,3033.5906440159306,126,17.5,56.87664309516549,3033.456604112871,0.13403990305960178,block1:zero_tool,pure_ltr,mixed,1785138242.2166867,1785138242.2168207,1785138242.2737062,1785138245.250286,
block1-000988,402.53627207130194,1081.8539030151442,48,95.0,401.85023297090083,1081.167863914743,0.6860391004011035,block1:s4,pure_ltr,mixed,1785138242.3059444,1785138242.3066304,1785138242.7085204,1785138243.3878381,
block1-000989,65.00756845343858,3312.9466985119507,140,85.0,63.97760799154639,3311.9167380500585,1.0299604618921876,block1:zero_tool,pure_ltr,mixed,1785138242.795832,1785138242.796862,1785138242.8608475,1785138246.108787,
block1-000990,466.229411191307,1372.0112951705232,48,172.5,465.8511719899252,1371.6330559691414,0.37823920138180256,block1:s4,pure_ltr,mixed,1785138243.0610662,1785138243.0614443,1785138243.5273035,1785138244.433085,
block1-000991,443.8459768425673,1351.2765478808433,48,322.5,443.34489793982357,1350.7754689780995,0.5010789027437568,block1:s4,pure_ltr,mixed,1785138243.1017735,1785138243.1022751,1785138243.5456295,1785138244.45306,
block1-000992,323.02687293849885,1195.1782759279013,43,322.5,322.0621570944786,1194.213560083881,0.9647158440202475,block1:s1,pure_ltr,mixed,1785138243.4318826,1785138243.4328473,1785138243.7549171,1785138244.6270685,
block1-000993,123.13737533986568,1753.0453084036708,65,12.5,121.63448892533779,1751.542421989143,1.502886414527893,block1:s1,pure_ltr,mixed,1785138243.8674471,1785138243.8689501,1785138243.9905925,1785138245.6205006,
block1-000994,554.6890920959413,1014.5055650500581,36,105.0,553.9692790480331,1013.7857520021498,0.7198130479082465,block1:s1,pure_ltr,mixed,1785138243.8981187,1785138243.8988385,1785138244.452815,1785138244.9126315,
block1-000995,274.50200205203146,1924.8567811446264,75,287.5,273.56663695536554,1923.9214160479605,0.9353650966659188,block1:s1,pure_ltr,mixed,1785138243.9045477,1785138243.9054832,1785138244.1790571,1785138245.829411,
block1-000996,540.6460153171793,1000.937867211178,36,17.5,539.9510679999366,1000.2429198939353,0.6949473172426224,block1:s1,pure_ltr,mixed,1785138243.9118123,1785138243.9125073,1785138244.452466,1785138244.9127574,
block1-000997,307.6254326151684,766.2345686694607,34,170.0,307.2605269262567,765.869662980549,0.3649056889116764,block1:s1,pure_ltr,mixed,1785138244.202482,1785138244.202847,1785138244.510116,1785138244.968725,
block1-000998,467.6334277028218,1040.6067166477442,43,145.0,466.89675806555897,1039.8700470104814,0.7366696372628212,block1:s1,pure_ltr,mixed,1785138244.9568095,1785138244.9575472,1785138245.424459,1785138245.997432,
block1-000999,349.2392391199246,792.0675971545279,33,22.5,348.72091095894575,791.549268993549,0.5183281609788537,block1:s1,pure_ltr,mixed,1785138245.0559406,1785138245.0564597,1785138245.4052172,1785138245.8480456,
block1-001000,315.60057669412345,776.8805356463417,34,550.0,314.6944020409137,775.974360993132,0.9061746532097459,block1:s2,pure_ltr,mixed,1785138245.10879,1785138245.109696,1785138245.4243972,1785138245.8856773,
block1-001001,127.98433657735586,1520.537335658446,70,545.0,126.9430979155004,1519.4960969965905,1.0412386618554592,block1:zero_tool,pure_ltr,mixed,1785138245.1439545,1785138245.144996,1785138245.271948,1785138246.664501,
block1-001002,61.65691639762372,2999.6890163747594,137,545.0,60.93391391914338,2998.966013896279,0.723002478480339,block1:zero_tool,pure_ltr,mixed,1785138245.4812083,1785138245.4819317,1785138245.5428774,1785138248.4809096,
block1-001003,367.8892577299848,929.392299731262,43,92.5,367.16047301888466,928.6635150201619,0.7287847111001611,block1:s2,pure_ltr,mixed,1785138245.977054,1785138245.977783,1785138246.3449519,1785138246.9064546,
block1-001004,75.48161165323108,3209.7209146013483,145,15.0,74.71060508396477,3208.949908032082,0.7710065692663193,block1:zero_tool,pure_ltr,mixed,1785138246.0140173,1785138246.0147889,1785138246.0895114,1785138249.223751,
block1-001005,447.1694421954453,1041.641265153885,49,17.5,446.6759400675073,1041.147763025947,0.49350212793797255,block1:s2,pure_ltr,mixed,1785138246.1791794,1785138246.1796727,1785138246.6263556,1785138247.2208276,
block1-001006,336.22175187338144,866.3668478839099,38,17.5,335.7949269702658,865.9400229807943,0.42682490311563015,block1:s2,pure_ltr,mixed,1785138247.0156076,1785138247.0160363,1785138247.3518505,1785138247.8819954,
block1-001007,209.3875928549096,927.4197109043598,37,15.0,208.13225000165403,926.1643680511042,1.25534285325557,block1:s2,pure_ltr,mixed,1785138247.3844728,1785138247.385729,1785138247.593876,1785138248.3119078,
block1-001008,510.3821875527501,1273.1234425446019,48,47.5,509.5975180156529,1272.3387730075046,0.7846695370972157,block1:s3,pure_ltr,mixed,1785138247.6476836,1785138247.6484685,1785138248.158076,1785138248.9208174,
block1-001009,100.28732975479215,2702.1108258049935,126,155.0,99.26221589557827,2701.0857119457796,1.0251138592138886,block1:zero_tool,pure_ltr,mixed,1785138247.684549,1785138247.685574,1785138247.7848444,1785138250.3866677,
block1-001010,482.2722690878436,1240.6753330724314,48,307.5,481.91305506043136,1240.3161190450191,0.35921402741223574,block1:s3,pure_ltr,mixed,1785138247.851614,1785138247.8519733,1785138248.3338943,1785138249.092297,
block1-001011,336.97550708893687,1061.466071056202,39,20.0,336.4810860948637,1060.971650062129,0.49442099407315254,block1:s3,pure_ltr,mixed,1785138247.8782227,1785138247.8787172,1785138248.2152328,1785138248.9397233,
block1-001012,488.44659014139324,1209.9580301437527,48,177.5,488.17563301417977,1209.6870730165392,0.2709571272134781,block1:s3,pure_ltr,mixed,1785138247.9201825,1785138247.9204535,1785138248.408639,1785138249.1301503,
block1-001013,511.1664050491527,1116.573445033282,48,12.5,510.4081160388887,1115.815156023018,0.7582890102639794,block1:s3,pure_ltr,mixed,1785138248.292958,1785138248.2937164,1785138248.8041346,1785138249.4095416,
block1-001014,569.1101183183491,1022.2836723551154,43,170.0,568.2407870190218,1021.4143410557881,0.8693312993273139,block1:s3,pure_ltr,mixed,1785138248.3316982,1785138248.3325675,1785138248.9008162,1785138249.3539896,
block1-001015,455.9132583672181,1055.9040483785793,48,20.0,455.0269809551537,1055.017770966515,0.8862774120643735,block1:s3,pure_ltr,mixed,1785138248.5218086,1785138248.522695,1785138248.977731,1785138249.5777216,
block1-001016,440.51366741769016,1040.1898783165962,48,545.0,439.39949304331094,1039.075703942217,1.1141743743792176,block1:s4,pure_ltr,mixed,1785138248.555991,1785138248.557105,1785138248.9965122,1785138249.5961883,
block1-001017,440.02090650610626,1258.4226954495534,49,152.5,439.36736101750284,1257.76914996095,0.6535454886034131,block1:s4,pure_ltr,mixed,1785138250.2439103,1785138250.244566,1785138250.6839564,1785138251.5023582,
block1-001018,82.24998053628951,3931.29640747793,182,115.0,80.31232398934662,3929.3587509309873,1.9376565469428897,block1:zero_tool,pure_ltr,mixed,1785138250.2617974,1785138250.263735,1785138250.3440542,1785138254.1931005,
block1-001019,474.31136609520763,1203.0820391373709,48,550.0,473.16350194159895,1201.9341749837622,1.1478641536086798,block1:s4,pure_ltr,mixed,1785138250.4545233,1785138250.4556713,1785138250.9288435,1785138251.657614,
block1-001020,433.4083083085716,1218.3385352836922,48,282.5,432.4810750549659,1217.4113020300865,0.9272332536056638,block1:s4,pure_ltr,mixed,1785138250.7391055,1785138250.7400327,1785138251.1725218,1785138251.9574516,
block1-001021,431.1987408436835,1225.547457812354,48,107.5,430.6331699481234,1224.9818869167939,0.5655708955600858,block1:s4,pure_ltr,mixed,1785138250.7827008,1785138250.7832665,1785138251.2139137,1785138252.0082622,
block1-001022,102.80439944472164,3670.923955505714,171,15.0,101.95932898204774,3670.07888504304,0.8450704626739025,block1:zero_tool,pure_ltr,mixed,1785138250.8262184,1785138250.8270636,1785138250.9290304,1785138254.49715,
block1-001023,496.1832785047591,1164.7039154777303,48,12.5,493.8947589835152,1162.4153959564865,2.2885195212438703,block1:s4,pure_ltr,mixed,1785138251.1616323,1785138251.1639218,1785138251.6578302,1785138252.326351,
block1-001024,414.7039665840566,1046.5736485784873,43,12.5,414.02323404327035,1045.892916037701,0.6807325407862663,block1:s1,pure_ltr,mixed,1785138251.1842067,1785138251.184888,1785138251.598919,1785138252.2307887,
block1-001025,149.03904253151268,17899.51177558396,812,85.0,148.1455028988421,17898.61823595129,0.8935396326705813,block1:zero_tool,pure_ltr,mixed,1785138251.2122517,1785138251.213146,1785138251.3613074,1785138269.1117802,
block1-001026,374.3153236573562,1004.7592796618119,44,60.0,374.10989694762975,1004.5538529520854,0.20542670972645283,block1:s1,pure_ltr,mixed,1785138251.2834687,1785138251.283674,1785138251.6577911,1785138252.2882352,
block1-001027,77.28535146452487,2768.6662904452533,133,115.0,77.10076100192964,2768.481699982658,0.18459046259522438,block1:zero_tool,pure_ltr,mixed,1785138251.3465912,1785138251.3467758,1785138251.423885,1785138254.115266,
block1-001028,319.02555748820305,887.031581485644,42,15.0,318.9122109906748,886.9182349881157,0.11334649752825499,block1:s1,pure_ltr,mixed,1785138251.8532956,1785138251.853409,1785138252.1723301,1785138252.7403362,
block1-001029,69.8621169431135,9871.748995035887,452,12.5,68.74579796567559,9870.632676058449,1.1163189774379134,block1:zero_tool,pure_ltr,mixed,1785138251.9450905,1785138251.9462073,1785138252.0149627,1785138261.8168497,
block1-001030,59.03193645644933,3474.7367934323847,163,17.5,57.91577999480069,3473.620636970736,1.116156461648643,block1:zero_tool,pure_ltr,mixed,1785138252.074329,1785138252.0754457,1785138252.133376,1785138255.5490806,
block1-001031,62.11042043287307,3184.388503432274,145,12.5,61.24135304708034,3183.519436046481,0.8690673857927322,block1:zero_tool,pure_ltr,mixed,1785138252.8121362,1785138252.8130062,1785138252.8742638,1785138255.9965417,
block1-001032,56.00156693253666,8490.104379947297,384,117.5,55.47091399785131,8489.573727012612,0.5306529346853495,block1:zero_tool,pure_ltr,mixed,1785138252.8779495,1785138252.8784804,1785138252.9339602,1785138261.3680627,
block1-001033,116.01479211822152,1445.335139054805,67,70.0,115.6278409762308,1444.9481879128143,0.3869511419907212,block1:s2,pure_ltr,mixed,1785138252.9410615,1785138252.9414492,1785138253.0570903,1785138254.3864107,
block1-001034,336.42209018580616,799.0704331314191,37,12.5,336.1475340789184,798.7958770245314,0.2745561068877578,block1:s2,pure_ltr,mixed,1785138253.0434363,1785138253.0437112,1785138253.379869,1785138253.8425171,
block1-001035,60.189638868905604,3339.328254922293,155,12.5,59.11526700947434,3338.253883062862,1.0743718594312668,block1:zero_tool,pure_ltr,mixed,1785138253.1873677,1785138253.1884425,1785138253.2475688,1785138256.5267074,
block1-001036,53.913746727630496,3404.6689327806234,159,20.0,51.94561299867928,3402.700799051672,1.9681337289512157,block1:zero_tool,pure_ltr,mixed,1785138253.3334997,1785138253.3354678,1785138253.3874235,1785138256.7381785,
block1-001037,57.62465705629438,2957.930287113413,136,357.5,57.27813090197742,2957.5837609590963,0.34652615431696177,block1:zero_tool,pure_ltr,mixed,1785138253.6267633,1785138253.62711,1785138253.6843975,1785138256.584703,
block1-001038,100.05270200781524,1541.109285899438,65,217.5,99.5292830048129,1540.5858668964356,0.5234190030023456,block1:s2,pure_ltr,mixed,1785138254.3972175,1785138254.3977418,1785138254.4972851,1785138255.9383419,
block1-001039,279.578460031189,801.0937790386379,31,140.0,278.75369298271835,800.2690119901672,0.824767048470676,block1:s2,pure_ltr,mixed,1785138254.5388913,1785138254.539716,1785138254.8184783,1785138255.3399937,
block1-001040,302.66227573156357,814.0803657006472,32,92.5,301.7652849666774,813.1833749357611,0.8969907648861408,block1:s3,pure_ltr,mixed,1785138254.5746095,1785138254.5755067,1785138254.8772807,1785138255.3886988,
block1-001041,420.329432701692,1130.8921097079292,48,60.0,419.3905610591173,1129.9532380653545,0.9388716425746679,block1:s3,pure_ltr,mixed,1785138254.6717002,1785138254.6726413,1785138255.0920503,1785138255.8026133,
block1-001042,418.04198641330004,1098.3345764689147,48,15.0,417.4717250280082,1097.764315083623,0.5702613852918148,block1:s3,pure_ltr,mixed,1785138255.1888475,1785138255.189418,1785138255.6068978,1785138256.2871907,
block1-001043,72.27173133287579,3722.228088416159,176,395.0,70.91947295702994,3720.8758300403133,1.3522583758458495,block1:zero_tool,pure_ltr,mixed,1785138255.2763138,1785138255.2776663,1785138255.3487055,1785138258.9986615,
block1-001044,62.8482059109956,3820.918037905358,177,412.5,62.105080927722156,3820.1749129220843,0.7431249832734466,block1:zero_tool,pure_ltr,mixed,1785138255.446997,1785138255.44774,1785138255.5098577,1785138259.267927,
block1-001045,348.40150782838464,862.0446228887886,37,172.5,348.03516895044595,861.6782840108499,0.3663388779386878,block1:s3,pure_ltr,mixed,1785138255.6860197,1785138255.686386,1785138256.0344307,1785138256.5480738,
block1-001046,59.15354809258133,3891.997592174448,180,280.0,57.992559974081814,3890.8366040559486,1.1609881184995174,block1:zero_tool,pure_ltr,mixed,1785138256.07595,1785138256.0771117,1785138256.1351192,1785138259.9679635,
block1-001047,62.01130442786962,2549.466152442619,121,60.0,61.40629295259714,2548.8611409673467,0.6050114752724767,block1:zero_tool,pure_ltr,mixed,1785138256.2323613,1785138256.2329664,1785138256.2943816,1785138258.7818365,
block1-001048,409.10250577144325,1016.6476847371086,48,10.0,408.0730740679428,1015.6182530336082,1.0294317035004497,block1:s4,pure_ltr,mixed,1785138256.3095238,1785138256.3105533,1785138256.7186365,1785138257.326182,
block1-001049,410.146874259226,1140.6819781986997,48,172.5,409.58791004959494,1140.1230139890686,0.5589642096310854,block1:s4,pure_ltr,mixed,1785138257.429121,1785138257.42968,1785138257.8392754,1785138258.5698102,
block1-001050,447.4413302959874,1142.834026250057,48,17.5,445.4652259591967,1140.8579219132662,1.9761043367907405,block1:s4,pure_ltr,mixed,1785138257.8113647,1785138257.8133435,1785138258.258836,1785138258.9542289,
block1-001051,437.2515748254955,1187.847765861079,48,10.0,436.8919429834932,1187.4881340190768,0.3596318420022726,block1:s4,pure_ltr,mixed,1785138257.9956343,1785138257.9959939,1785138258.4328954,1785138259.1834912,
block1-001052,427.32997506391257,1244.6200870908797,48,322.5,426.1318949284032,1243.4220069553703,1.1980801355093718,block1:s4,pure_ltr,mixed,1785138258.3344772,1785138258.3356755,1785138258.761817,1785138259.5791073,
block1-001053,585.1178495213389,1273.044380475767,48,820.0,584.1418870259076,1272.0684179803357,0.975962495431304,block1:s4,pure_ltr,mixed,1785138258.7989616,1785138258.7999375,1785138259.3840868,1785138260.0720134,
block1-001054,539.8193675791845,1269.123632577248,48,17.5,539.0601910185069,1268.3644560165703,0.759176560677588,block1:s4,pure_ltr,mixed,1785138258.9608235,1785138258.9615827,1785138259.50068,1785138260.2299843,
block1-001055,542.0415361877531,1272.520179161802,48,15.0,541.1627559224144,1271.6413988964632,0.8787802653387189,block1:s4,pure_ltr,mixed,1785138258.9781713,1785138258.9790502,1785138259.52022,1785138260.2506986,
block1-001056,375.2291409764439,1066.7368238791823,43,135.0,374.29688300471753,1065.804565907456,0.9322579717263579,block1:s1,pure_ltr,mixed,1785138259.1837652,1785138259.1846976,1785138259.5590029,1785138260.250511,
block1-001057,142.83686480484903,1791.3912987569347,71,47.5,142.5215849885717,1791.0760189406574,0.31527981627732515,block1:s1,pure_ltr,mixed,1785138259.2231338,1785138259.223449,1785138259.3659778,1785138261.0145323,
block1-001058,72.64766772277653,3626.4604966854677,157,357.5,72.41510006133467,3626.227929024026,0.23256766144186258,block1:zero_tool,pure_ltr,mixed,1785138259.8776708,1785138259.8779035,1785138259.9503274,1785138263.5041397,
block1-001059,134.85368667170405,1828.7224957020953,73,135.0,134.25607106182724,1828.1248800922185,0.5976156098768115,block1:s1,pure_ltr,mixed,1785138259.9369638,1785138259.9375622,1785138260.0718274,1785138261.7656963,
block1-001060,514.5995921920985,1131.281990208663,42,357.5,513.6992019833997,1130.3815999999642,0.9003902086988091,block1:s1,pure_ltr,mixed,1785138259.9793289,1785138259.9802294,1785138260.4939368,1785138261.1106193,
block1-001061,461.8918211199343,926.1577461147681,36,115.0,461.3519710255787,925.6178960204124,0.5398500943556428,block1:s1,pure_ltr,mixed,1785138260.241754,1785138260.242294,1785138260.7036538,1785138261.1679194,
block1-001062,398.14802585169673,977.6348307495937,40,115.0,396.1651970166713,975.6520019145682,1.9828288350254297,block1:s1,pure_ltr,mixed,1785138260.2850285,1785138260.2870114,1785138260.6831846,1785138261.262671,
block1-001063,123.6490901792422,1342.0106072444469,60,17.5,122.89679399691522,1341.25831106212,0.7522961823269725,block1:s1,pure_ltr,mixed,1785138260.4235232,1785138260.4242756,1785138260.5471814,1785138261.765543,
block1-001064,281.6253002965823,802.9520052950829,34,145.0,281.1864160466939,802.5131210451946,0.4388842498883605,block1:s2,pure_ltr,mixed,1785138261.294635,1785138261.295074,1785138261.576294,1785138262.0976205,
block1-001065,57.15096299536526,2694.8065139586106,124,155.0,56.1334730591625,2693.789024022408,1.0174899362027645,block1:zero_tool,pure_ltr,mixed,1785138261.4628053,1785138261.4638226,1785138261.5199635,1785138264.157619,
block1-001066,352.22446091938764,801.1189068201929,37,820.0,351.1639600619674,800.0584059627727,1.0605008574202657,block1:s2,pure_ltr,mixed,1785138261.5571306,1785138261.558191,1785138261.9093838,1785138262.3582778,
block1-001067,323.89561424497515,916.5321612963453,43,15.0,323.5524969641119,916.1890440154821,0.34311728086322546,block1:s2,pure_ltr,mixed,1785138261.7546709,1785138261.7550147,1785138262.078577,1785138262.6712139,
block1-001068,344.9741618242115,866.053307778202,36,60.0,343.6171349603683,864.6962809143588,1.3570268638432026,block1:s2,pure_ltr,mixed,1785138262.4125645,1785138262.4139216,1785138262.757546,1785138263.2786248,
block1-001069,340.73930024169385,1034.8926142323762,45,15.0,340.4001119779423,1034.5534259686247,0.3391882637515664,block1:s2,pure_ltr,mixed,1785138262.6565163,1785138262.6568556,1785138262.9972644,1785138263.6914177,
block1-001070,347.5259974366054,906.0821754392236,36,17.5,345.758970011957,904.3151480145752,1.7670274246484041,block1:s2,pure_ltr,mixed,1785138263.027991,1785138263.0297582,1785138263.3755267,1785138263.934083,
block1-001071,247.83002701587975,921.2529041105881,37,105.0,247.17302597127855,920.5959030659869,0.657001044601202,block1:s2,pure_ltr,mixed,1785138263.0309207,1785138263.0315776,1785138263.2787561,1785138263.952179,
block1-001072,410.90504464227706,1121.4717245893553,48,12.5,410.6386450584978,1121.205325005576,0.2663995837792754,block1:s3,pure_ltr,mixed,1785138263.3360445,1785138263.336311,1785138263.746957,1785138264.4575238,
block1-001073,438.5439876932651,1077.3191276239231,48,10.0,437.186899012886,1075.962038943544,1.3570886803790927,block1:s3,pure_ltr,mixed,1785138263.7557743,1785138263.7571313,1785138264.194327,1785138264.8331022,
block1-001074,393.39260454289615,938.4504394838586,41,12.5,392.88760209456086,937.9454370355234,0.50500244833529,block1:s3,pure_ltr,mixed,1785138263.7821722,1785138263.7826774,1785138264.175576,1785138264.7206337,
block1-001075,266.0987601848319,863.2313351845369,41,10.0,265.5581970466301,862.690772046335,0.5405631382018328,block1:s3,pure_ltr,mixed,1785138264.2277255,1785138264.228266,1785138264.493832,1785138265.0909648,
block1-001076,393.86189891956747,1065.164839848876,48,10.0,393.4171099681407,1064.7200508974493,0.44478895142674446,block1:s3,pure_ltr,mixed,1785138265.1530983,1785138265.1535432,1785138265.5469685,1785138266.2182713,
block1-001077,443.9873214578256,1205.8809223817661,46,117.5,443.54938506148756,1205.442985985428,0.4379363963380456,block1:s3,pure_ltr,mixed,1785138265.7948833,1785138265.7953212,1785138266.2388802,1785138267.0007737,
block1-001078,504.0734822396189,1115.7780062640086,43,110.0,503.0309420544654,1114.735466078855,1.0425401851534843,block1:s3,pure_ltr,mixed,1785138265.9041355,1785138265.9051783,1785138266.4082196,1785138267.0199242,
block1-001079,477.4530306458473,1212.6110766548663,48,110.0,476.7615159507841,1211.919561959803,0.6915146950632334,block1:s3,pure_ltr,mixed,1785138266.2128253,1785138266.213517,1785138266.6903164,1785138267.4254746,
block1-001080,73.95599270239472,5024.924055673182,193,17.5,72.94556905981153,5023.913632030599,1.0104236425831914,block1:zero_tool,pure_ltr,mixed,1785138266.278425,1785138266.2794352,1785138266.3523886,1785138271.3033566,
block1-001081,531.4047953579575,1283.068957272917,48,50.0,530.4854640271515,1282.149625942111,0.9193313308060169,block1:s4,pure_ltr,mixed,1785138266.4690866,1785138266.470006,1785138267.0004992,1785138267.7521632,
block1-001082,528.2745945733041,1272.637631627731,48,572.5,526.4044729992747,1270.7675100537017,1.8701215740293264,block1:s4,pure_ltr,mixed,1785138266.4914672,1785138266.4933374,1785138267.0197523,1785138267.764115,
block1-001083,101.00678575690836,3959.465801715851,151,572.5,100.08137102704495,3958.5403869859874,0.9254147298634052,block1:zero_tool,pure_ltr,mixed,1785138266.4993114,1785138266.5002367,1785138266.6003265,1785138270.4587858,
block1-001084,448.09357076883316,1223.8161427667364,48,132.5,447.74413597770035,1223.4667079756036,0.34943479113280773,block1:s4,pure_ltr,mixed,1785138266.7062,1785138266.7065492,1785138267.1543028,1785138267.930025,
block1-001085,426.2697057565674,1293.5242857784033,48,172.5,424.9152640113607,1292.1698440331966,1.3544417452067137,block1:s4,pure_ltr,mixed,1785138266.8519533,1785138266.8533082,1785138267.2782326,1785138268.1454873,
block1-001086,83.61062046606094,4103.408817434683,159,155.0,81.99135807808489,4101.789555046707,1.6192623879760504,block1:zero_tool,pure_ltr,mixed,1785138266.9170704,1785138266.9186897,1785138267.00069,1785138271.0204883,
block1-001087,71.867790305987,3810.932702384889,145,92.5,70.69782295729965,3809.762735036202,1.1699673486873507,block1:zero_tool,pure_ltr,mixed,1785138267.1245532,1785138267.1257234,1785138267.1964297,1785138270.9354947,
block1-001088,59.1032758820802,4549.786057905294,168,17.5,58.913576998747885,4549.596359021962,0.1896988833323121,block1:zero_tool,pure_ltr,mixed,1785138267.1995184,1785138267.1997082,1785138267.2586277,1785138271.7493107,
block1-001089,127.41422839462757,1495.6526634050533,58,107.5,126.78462499752641,1495.0230600079522,0.6296033971011639,block1:s1,pure_ltr,mixed,1785138267.3483095,1785138267.3489392,1785138267.4757316,1785138268.84397,
block1-001090,441.8770745396614,1135.4011164512485,44,10.0,440.7724910415709,1134.296532953158,1.1045834980905056,block1:s1,pure_ltr,mixed,1785138267.6132126,1785138267.6143174,1785138268.055097,1785138268.748621,
block1-001091,116.30469397641718,11117.940010037273,472,17.5,116.03823897894472,11117.6735550398,0.26645499747246504,block1:zero_tool,pure_ltr,mixed,1785138267.6360657,1785138267.6363323,1785138267.7523782,1785138278.7540133,
block1-001092,83.37883022613823,4756.52692723088,180,412.5,82.53071806393564,4755.678815068677,0.8481121622025967,block1:zero_tool,pure_ltr,mixed,1785138267.68025,1785138267.6810982,1785138267.7636356,1785138272.4367836,
block1-001093,133.240983937867,1585.7304619858041,62,92.5,132.94676202349365,1585.4362400714308,0.2942219143733382,block1:s1,pure_ltr,mixed,1785138267.8473938,1785138267.8476882,1785138267.980645,1785138269.433134,
block1-001094,96.48259705863893,4793.282702099532,181,350.0,95.59579100459814,4792.395896045491,0.8868060540407896,block1:zero_tool,pure_ltr,mixed,1785138268.0066917,1785138268.0075786,1785138268.1031806,1785138272.7999814,
block1-001095,126.87955028377473,1783.531001303345,68,572.5,125.91525702737272,1782.566708046943,0.9642932564020157,block1:s1,pure_ltr,mixed,1785138268.0182636,1785138268.019228,1785138268.1451492,1785138269.801801,
block1-001096,114.27545116748661,5914.909803192131,238,22.5,113.54990303516388,5914.1842550598085,0.7255481323227286,block1:zero_tool,pure_ltr,mixed,1785138268.508482,1785138268.5092075,1785138268.6227655,1785138274.4234,
block1-001097,492.53375187981874,1051.7077138647437,38,545.0,491.5642139967531,1050.738175981678,0.9695378830656409,block1:s2,pure_ltr,mixed,1785138268.5345304,1785138268.5355,1785138269.0270965,1785138269.5862708,
block1-001098,99.11915694829077,1825.1871819375083,64,172.5,98.79757405724376,1824.8655990464613,0.3215828910470009,block1:s2,pure_ltr,mixed,1785138268.7827806,1785138268.7831025,1785138268.8819075,1785138270.6079755,
block1-001099,412.34417352825403,1247.4875095067546,43,117.5,410.3082229848951,1245.4515589633957,2.035950543358922,block1:s2,pure_ltr,mixed,1785138268.819602,1785138268.8216379,1785138269.2319531,1785138270.0670962,
block1-001100,118.20697516668588,3887.7347161760554,143,132.5,117.33760498464108,3886.8653459940106,0.8693701820448041,block1:zero_tool,pure_ltr,mixed,1785138268.8216455,1785138268.822515,1785138268.9398592,1785138272.7093863,
block1-001101,432.33942915685475,1270.0269201304764,44,17.5,431.7260179668665,1269.413508940488,0.6134111899882555,block1:s2,pure_ltr,mixed,1785138268.8395557,1785138268.8401692,1785138269.2719026,1785138270.10959,
block1-001102,520.6783883040771,1181.7751072812825,38,70.0,519.7215549414977,1180.8182739187032,0.9568333625793457,block1:s2,pure_ltr,mixed,1785138269.426608,1785138269.427565,1785138269.9472945,1785138270.6083913,
block1-001103,503.85521654970944,1164.8266555275768,37,132.5,502.8773699887097,1163.848808966577,0.9778465609997511,block1:s2,pure_ltr,mixed,1785138269.44333,1785138269.444308,1785138269.947192,1785138270.6081636,
block1-001104,546.4236544212326,1414.171731332317,48,155.0,545.4527901019901,1413.2008670130745,0.970864319242537,block1:s3,pure_ltr,mixed,1785138269.5630202,1785138269.5639913,1785138270.1094513,1785138270.9771993,
block1-001105,372.9791925288737,1236.0044994857162,39,17.5,372.7485720301047,1235.7738789869472,0.23062049876898527,block1:s3,pure_ltr,mixed,1785138269.5744026,1785138269.5746331,1785138269.9473886,1785138270.8104143,
block1-001106,481.66483105160296,1138.8603270752355,38,485.0,481.00470495410264,1138.2002009777352,0.6601260975003242,block1:s3,pure_ltr,mixed,1785138269.8174798,1785138269.8181403,1785138270.2991526,1785138270.9563482,
block1-001107,589.903216692619,1459.7078097285703,48,95.0,588.9611990423873,1458.7657920783386,0.942017650231719,block1:s3,pure_ltr,mixed,1785138269.842912,1785138269.8438542,1785138270.4328432,1785138271.3026478,
block1-001108,130.94520405866206,3377.426985069178,130,60.0,130.68510708399117,3377.166888094507,0.260096974670887,block1:zero_tool,pure_ltr,mixed,1785138269.8720458,1785138269.872306,1785138270.0029998,1785138273.2494814,
block1-001109,525.2206628210843,1461.2900458741933,46,357.5,524.7421440435573,1460.8115270966664,0.4785187775269151,block1:s3,pure_ltr,mixed,1785138270.1286774,1785138270.129156,1785138270.6539047,1785138271.5899742,
block1-001110,570.7505542086437,1466.1873622098938,46,320.0,569.7552590863779,1465.192067087628,0.9952951222658157,block1:s3,pure_ltr,mixed,1785138270.2398057,1785138270.240801,1785138270.8105662,1785138271.706003,
block1-001111,367.8560545668006,1378.4171316074207,43,105.0,367.1039530308917,1377.6650300715119,0.7521015359088778,block1:s3,pure_ltr,mixed,1785138270.2854946,1785138270.286247,1785138270.6533613,1785138271.6639225,
block1-001112,95.79731104895473,3302.363545051776,136,70.0,95.53163999225944,3302.0978739950806,0.26567105669528246,block1:zero_tool,pure_ltr,mixed,1785138270.3631918,1785138270.3634577,1785138270.4589987,1785138273.665565,
block1-001113,513.9631626661867,1405.0295096822083,48,297.5,513.288447051309,1404.3547940673307,0.6747156148776412,block1:s4,pure_ltr,mixed,1785138270.6053474,1785138270.6060224,1785138271.1193204,1785138272.0103865,
block1-001114,549.065193394199,1401.9261203939095,48,110.0,548.8124730763957,1401.6734000761062,0.25272031780332327,block1:s4,pure_ltr,mixed,1785138270.6482105,1785138270.6484637,1785138271.1972868,1785138272.0501475,
block1-001115,676.5966636594385,1318.8524406868964,48,152.5,675.7804970256984,1318.0362740531564,0.8161666337400675,block1:s4,pure_ltr,mixed,1785138270.9876792,1785138270.9884953,1785138271.6642842,1785138272.3065403,
block1-001116,677.2644680459052,1318.984066019766,48,12.5,676.1784860864282,1317.898084060289,1.085981959477067,block1:s4,pure_ltr,mixed,1785138271.0073392,1785138271.0084252,1785138271.68461,1785138272.3263297,
block1-001117,612.7421066630632,1328.1200405908749,48,297.5,611.6978509817272,1327.075784909539,1.044255681335926,block1:s4,pure_ltr,mixed,1785138271.155783,1785138271.156828,1785138271.7685397,1785138272.4839175,
block1-001118,582.5520843500271,1317.2582373954356,48,395.0,581.678703892976,1316.3848569383845,0.8733804570510983,block1:s4,pure_ltr,mixed,1785138271.2060823,1785138271.2069557,1785138271.7886438,1785138272.5233502,
block1-001119,553.221850655973,1285.8170886756852,48,320.0,552.4334650253877,1285.0287030451,0.7883856305852532,block1:s4,pure_ltr,mixed,1785138271.2553093,1785138271.2560985,1785138271.808658,1785138272.541253,
block1-001120,402.0929033868015,1097.31417929288,43,545.0,401.54741099104285,1096.7686868971214,0.5454923957586288,block1:s1,pure_ltr,mixed,1785138271.4264274,1785138271.4269733,1785138271.8285344,1785138272.5237553,
block1-001121,131.55772315803915,1679.7641852172092,71,140.0,130.64574694726616,1678.8522090064362,0.9119762107729912,block1:s1,pure_ltr,mixed,1785138271.5118217,1785138271.512734,1785138271.64339,1785138273.1915963,
block1-001122,342.53941162023693,989.2319885548204,40,132.5,341.07434609904885,987.7669230336323,1.4650655211880803,block1:s1,pure_ltr,mixed,1785138272.298546,1785138272.3000112,1785138272.6410959,1785138273.2877884,
block1-001123,78.4650668501854,5064.278913778253,226,280.0,78.11775710433722,5063.931604032405,0.34730974584817886,block1:zero_tool,pure_ltr,mixed,1785138272.3582206,1785138272.358568,1785138272.4366937,1785138277.4225073,
block1-001124,391.936385887675,974.4654957903549,42,15.0,390.96544205676764,973.4945519594476,0.9709438309073448,block1:s1,pure_ltr,mixed,1785138272.4081984,1785138272.4091694,1785138272.800142,1785138273.3826714,
block1-001125,70.35593967884779,9289.013596600853,419,12.5,69.18596499599516,9287.843621918,1.1699746828526258,block1:zero_tool,pure_ltr,mixed,1785138272.5514216,1785138272.552592,1785138272.6217926,1785138281.84045,
block1-001126,117.5773220602423,1377.6816739700735,67,15.0,117.39807506091893,1377.50242697075,0.17924699932336807,block1:s1,pure_ltr,mixed,1785138272.6434343,1785138272.6436133,1785138272.7610216,1785138274.0211258,
block1-001127,62.92513641528785,7002.137780422345,318,10.0,62.37655004952103,7001.589194056578,0.5485863657668233,block1:zero_tool,pure_ltr,mixed,1785138272.9150307,1785138272.9155793,1785138272.9779654,1785138279.9171777,
block1-001128,320.34004165325314,1034.3598466133699,40,110.0,319.491001078859,1033.5108060389757,0.8490405743941665,block1:s2,pure_ltr,mixed,1785138274.0674992,1785138274.0683482,1785138274.3878474,1785138275.1018672,
block1-001129,111.38031992595643,3153.621574980207,135,12.5,110.07255001459271,3152.313805068843,1.307769911363721,block1:zero_tool,pure_ltr,mixed,1785138274.0722651,1785138274.0735745,1785138274.1836665,1785138277.225908,
block1-001130,99.75941095035523,1537.9687589593232,64,280.0,99.39716197550297,1537.606509984471,0.3622489748522639,block1:s2,pure_ltr,mixed,1785138274.1741915,1785138274.1745539,1785138274.2739604,1785138275.7121694,
block1-001131,54.92461670655757,3625.6850217469037,161,217.5,54.64615591336042,3625.4065609537065,0.278460793197155,block1:zero_tool,pure_ltr,mixed,1785138274.3744228,1785138274.3747015,1785138274.4293563,1785138278.0001168,
block1-001132,112.3062513070181,3443.404579302296,151,320.0,111.86961608473212,3442.96794408001,0.43663522228598595,block1:zero_tool,pure_ltr,mixed,1785138274.43908,1785138274.4395168,1785138274.5513937,1785138277.8824918,
block1-001133,421.721967170015,1094.435777165927,44,307.5,419.58368197083473,1092.2974919667467,2.1382851991802454,block1:s2,pure_ltr,mixed,1785138274.4796822,1785138274.4818208,1785138274.9015334,1785138275.5742471,
block1-001134,98.7168129067868,1561.4992388291284,67,15.0,97.48941601719707,1560.2718419395387,1.227396889589727,block1:s2,pure_ltr,mixed,1785138274.552456,1785138274.553684,1785138274.6511884,1785138276.113971,
block1-001135,227.3095769342035,866.50555790402,37,20.0,226.88146505970508,866.0774460295215,0.4281118744984269,block1:s2,pure_ltr,mixed,1785138274.6149495,1785138274.615378,1785138274.842269,1785138275.4814649,
block1-001136,61.07950524892658,3544.435332180001,161,217.5,60.16279407776892,3543.518621008843,0.9167111711576581,block1:zero_tool,pure_ltr,mixed,1785138274.882463,1785138274.8833797,1785138274.943552,1785138278.4269075,
block1-001137,74.18347441125661,2828.5603593103588,126,92.5,73.33006709814072,2827.706951997243,0.8534073131158948,block1:zero_tool,pure_ltr,mixed,1785138275.1910386,1785138275.191892,1785138275.2652314,1785138278.019608,
block1-001138,419.4254585308954,999.7988615650684,41,17.5,418.29087398946285,998.6642770236358,1.1345845414325595,block1:s3,pure_ltr,mixed,1785138275.213256,1785138275.2143927,1785138275.632709,1785138276.2130823,
block1-001139,431.4363427693024,1143.168790731579,48,820.0,430.60683796647936,1142.339285928756,0.8295048028230667,block1:s3,pure_ltr,mixed,1785138275.4251132,1785138275.425943,1785138275.8565595,1785138276.5682921,
block1-001140,57.419712422415614,10640.85724344477,487,110.0,56.86832091305405,10640.305851935409,0.5513915093615651,block1:zero_tool,pure_ltr,mixed,1785138275.7364972,1785138275.7370484,1785138275.793924,1785138286.3773618,
block1-001141,68.06304887868464,3759.5197359332815,172,287.5,67.79306801036,3759.249755064957,0.2699808683246374,block1:zero_tool,pure_ltr,mixed,1785138275.7885704,1785138275.7888405,1785138275.8566418,1785138279.5480983,
block1-001142,533.1577342003584,1193.480369169265,49,47.5,533.0930029740557,1193.4156379429623,0.06473122630268335,block1:s3,pure_ltr,mixed,1785138275.9747667,1785138275.9748316,1785138276.5079336,1785138277.1682568,
block1-001143,110.53361208178103,2787.624597083777,127,17.5,108.77557203639299,2785.866557038389,1.758040045388043,block1:zero_tool,pure_ltr,mixed,1785138276.0038643,1785138276.0056226,1785138276.114405,1785138278.791496,
block1-001144,436.2690720008686,1141.9450019020587,48,287.5,435.4390180669725,1141.1149479681626,0.8300539338961244,block1:s4,pure_ltr,mixed,1785138276.1875677,1785138276.188398,1785138276.6238608,1785138277.3295367,
block1-001145,72.06830731593072,3602.4267494212836,157,85.0,71.10441091936082,3601.4628530247137,0.9638963965699077,block1:zero_tool,pure_ltr,mixed,1785138276.5625763,1785138276.5635402,1785138276.6346538,1785138280.1650128,
block1-001146,420.52232834976166,1135.8398273587227,48,85.0,420.2846890548244,1135.6021880637854,0.237639294937253,block1:s4,pure_ltr,mixed,1785138276.5882645,1785138276.5885022,1785138277.008794,1785138277.7241116,
block1-001147,461.8763877078891,1134.6643167780712,48,12.5,461.3981229485944,1134.1860520187765,0.4782647592946887,block1:s4,pure_ltr,mixed,1785138277.0789216,1785138277.0793998,1785138277.5408077,1785138278.2135959,
block1-001148,434.3300388427451,1100.3841118654236,48,100.0,433.97059000562876,1100.0246630283073,0.35944883711636066,block1:s4,pure_ltr,mixed,1785138277.2685988,1785138277.2689586,1785138277.7029371,1785138278.368991,
block1-001149,58.73060901649296,2951.054487959482,131,177.5,57.705298997461796,2950.0291779404506,1.025310019031167,block1:zero_tool,pure_ltr,mixed,1785138277.5654635,1785138277.5664887,1785138277.6242287,1785138280.5165524,
block1-001150,417.18703403603286,1026.7181451199576,48,52.5,415.78541800845414,1025.316529092379,1.4016160275787115,block1:s4,pure_ltr,mixed,1785138278.0284445,1785138278.0298462,1785138278.4456391,1785138279.0551703,
block1-001151,595.93571186997,1372.7456699125469,48,170.0,594.1696929512545,1370.9796509938315,1.7660189187154174,block1:s4,pure_ltr,mixed,1785138279.2124286,1785138279.2141953,1785138279.808397,1785138280.585207,
block1-001152,468.8576126936823,1219.2345567746088,43,12.5,468.23329699691385,1218.6102410778403,0.6243156967684627,block1:s1,pure_ltr,mixed,1785138279.2580688,1785138279.2586935,1785138279.7269366,1785138280.4773135,
block1-001153,140.58406162075698,9557.416421594098,432,12.5,139.87791701219976,9556.710276985541,0.7061446085572243,block1:zero_tool,pure_ltr,mixed,1785138279.3299189,1785138279.3306253,1785138279.4705117,1785138288.887344,
block1-001154,465.9691775450483,1173.885500524193,43,100.0,465.30004299711436,1173.216365976259,0.6691345479339361,block1:s1,pure_ltr,mixed,1785138279.342378,1785138279.343047,1785138279.8083534,1785138280.5162704,
block1-001155,520.8593724528328,1097.0882615074515,37,187.5,519.7817089501768,1096.0105980047956,1.0776635026559234,block1:s1,pure_ltr,mixed,1785138279.6049209,1785138279.6059985,1785138280.1257877,1785138280.7020166,
block1-001156,511.7319048149511,1087.7191848121583,36,135.0,510.7999980682507,1086.787278065458,0.9319067467004061,block1:s1,pure_ltr,mixed,1785138279.6139681,1785138279.6148999,1785138280.1257083,1785138280.7016954,
block1-001157,362.0628797216341,934.7455067327246,34,395.0,361.0153920017183,933.6980190128088,1.0474877199158072,block1:s1,pure_ltr,mixed,1785138279.8418212,1785138279.8428688,1785138280.2038927,1785138280.7765756,
block1-001158,329.46969708427787,1014.1554391011596,40,280.0,329.0429989574477,1013.7287409743294,0.4266981268301606,block1:s1,pure_ltr,mixed,1785138279.8936374,1785138279.8940642,1785138280.2231138,1785138280.9077997,
block1-001159,126.93451705854386,1367.0625010272488,60,155.0,125.84608502220362,1365.9740689909086,1.0884320363402367,block1:s1,pure_ltr,mixed,1785138280.5110755,1785138280.5121639,1785138280.638018,1785138281.8781457,
block1-001160,300.44822802301496,916.4837629068643,40,85.0,299.44283107761294,915.4783659614623,1.0053969454020262,block1:s2,pure_ltr,mixed,1785138280.5693433,1785138280.5703487,1785138280.8697991,1785138281.4858348,
block1-001161,277.9400198487565,877.299549872987,40,95.0,277.40991802420467,876.7694480484352,0.5301018245518208,block1:s2,pure_ltr,mixed,1785138280.8877833,1785138280.8883133,1785138281.1657429,1785138281.7651021,
block1-001162,93.37411541491747,3151.516354409978,152,10.0,91.55332809314132,3149.6955670882016,1.8207873217761517,block1:zero_tool,pure_ltr,mixed,1785138280.9204836,1785138280.9223046,1785138281.0138652,1785138284.0720074,
block1-001163,103.36851747706532,14694.23752243165,694,170.0,102.79919405002147,14693.668199004605,0.5693234270438552,block1:zero_tool,pure_ltr,mixed,1785138281.604812,1785138281.6053815,1785138281.7081888,1785138296.2990577,
block1-001164,307.40007699932903,822.8289230028167,36,115.0,306.75950495060533,822.188350954093,0.6405720487236977,block1:s2,pure_ltr,mixed,1785138281.6074202,1785138281.6080606,1785138281.9148273,1785138282.4302561,
block1-001165,302.69083427265286,907.6046122936532,41,105.0,301.98178498540074,906.8955630064011,0.7090492872521281,block1:s2,pure_ltr,mixed,1785138282.2462733,1785138282.2469828,1785138282.5489743,1785138283.1538882,
block1-001166,90.24828160181642,3268.168513546698,154,20.0,88.55634403880686,3266.4765759836882,1.69193756300956,block1:zero_tool,pure_ltr,mixed,1785138282.2855287,1785138282.2872207,1785138282.3757846,1785138285.5537052,
block1-001167,62.48341139871627,2722.900123335421,133,60.0,61.9677189970389,2722.3844309337437,0.5156924016773701,block1:zero_tool,pure_ltr,mixed,1785138282.3736556,1785138282.374171,1785138282.4361463,1785138285.0965629,
block1-001168,257.47786357533187,791.1541516659781,32,52.5,257.0650589186698,790.7413470093161,0.4128046566620469,block1:s3,pure_ltr,mixed,1785138282.8005161,1785138282.800929,1785138283.0580022,1785138283.5916781,
block1-001169,69.12052864208817,3059.8940915660933,138,10.0,68.37756605818868,3059.1511289821938,0.742962583899498,block1:zero_tool,pure_ltr,mixed,1785138283.3560302,1785138283.3567736,1785138283.4251618,1785138286.4159353,
block1-001170,437.3997733928263,1048.2179484097287,48,15.0,436.5582009777427,1047.376375994645,0.8415724150836468,block1:s3,pure_ltr,mixed,1785138283.384016,1785138283.384858,1785138283.8214235,1785138284.4322422,
block1-001171,427.3175603011623,1037.7864153124392,48,10.0,427.0065620075911,1037.475417018868,0.31099829357117414,block1:s3,pure_ltr,mixed,1785138283.4132187,1785138283.4135299,1785138283.8405445,1785138284.4510133,
block1-001172,397.2353887511417,1124.0325378021225,48,17.5,396.3445459958166,1123.1416950467974,0.8908427553251386,block1:s3,pure_ltr,mixed,1785138284.4486337,1785138284.4495246,1785138284.845879,1785138285.5726762,
block1-001173,62.49278236646205,3354.3211254291236,143,140.0,61.08113098889589,3352.9094740515575,1.4116513775661588,block1:zero_tool,pure_ltr,mixed,1785138284.976562,1785138284.9779737,1785138285.0390627,1785138288.3308907,
block1-001174,495.20419375039637,1225.0718168215826,46,132.5,494.5317879319191,1224.3994110031053,0.672405818477273,block1:s3,pure_ltr,mixed,1785138285.2487032,1785138285.249376,1785138285.7440345,1785138286.473902,
block1-001175,499.69938257709146,1250.1780125312507,48,20.0,498.09253006242216,1248.5711600165814,1.6068525146692991,block1:s3,pure_ltr,mixed,1785138285.3016968,1785138285.3033042,1785138285.8014076,1785138286.551886,
block1-001176,481.79749224800617,1232.358051231131,48,25.0,481.2573359813541,1231.817894964479,0.5401562666520476,block1:s4,pure_ltr,mixed,1785138285.319645,1785138285.3201854,1785138285.8014517,1785138286.5520124,
block1-001177,458.2147322362289,1208.3196712192148,48,60.0,457.29005709290504,1207.394996075891,0.9246751433238387,block1:s4,pure_ltr,mixed,1785138285.7294838,1785138285.7304087,1785138286.1877077,1785138286.937813,
block1-001178,498.85762378107756,1195.46843576245,48,282.5,498.40090004727244,1195.011712028645,0.45672373380512,block1:s4,pure_ltr,mixed,1785138286.013088,1785138286.0135448,1785138286.511955,1785138287.2085657,
block1-001179,479.1219785111025,1174.5608825003728,48,20.0,478.62060193438083,1174.0595059236512,0.5013765767216682,block1:s4,pure_ltr,mixed,1785138286.0722687,1785138286.0727704,1785138286.5513988,1785138287.2468371,
block1-001180,457.6744114747271,1153.9158144732937,48,17.5,456.7377370549366,1152.9791400535032,0.9366744197905064,block1:s4,pure_ltr,mixed,1785138286.111893,1785138286.1128297,1785138286.5695746,1785138287.265816,
block1-001181,460.9112679027021,1098.3276038896292,48,117.5,460.10955097153783,1097.525886958465,0.8017169311642647,block1:s4,pure_ltr,mixed,1785138286.6693347,1785138286.6701374,1785138287.1302657,1785138287.7676818,
block1-001182,76.93046715576202,3511.147583136335,162,15.0,75.68225008435547,3509.8993660649285,1.2482170714065433,block1:zero_tool,pure_ltr,mixed,1785138286.7418993,1785138286.7431474,1785138286.818839,1785138290.253056,
block1-001183,407.0995649090037,1076.5050938352942,48,95.0,406.73983201850206,1076.1453609447926,0.3597328905016184,block1:s4,pure_ltr,mixed,1785138286.819602,1785138286.8199615,1785138287.2267084,1785138287.8961139,
block1-001184,83.81668105721474,3209.0793680399656,148,320.0,83.21909501682967,3208.4817819995806,0.5975860403850675,block1:zero_tool,pure_ltr,mixed,1785138286.8926976,1785138286.8932953,1785138286.976523,1785138290.101786,
block1-001185,455.42316953651607,977.9677175683901,37,140.0,455.08685999084264,977.6314080227166,0.33630954567342997,block1:s1,pure_ltr,mixed,1785138287.6994503,1785138287.6997864,1785138288.1548836,1785138288.677428,
block1-001186,91.3668543798849,3127.3247773060575,143,17.5,90.72058903984725,3126.67851196602,0.6462653400376439,block1:zero_tool,pure_ltr,mixed,1785138287.7473898,1785138287.7480361,1785138287.8387644,1785138290.8747225,
block1-001187,469.11725227255374,930.2441402105615,37,297.5,468.271182035096,929.3980699731037,0.8460702374577522,block1:s1,pure_ltr,mixed,1785138287.9573185,1785138287.9581652,1785138288.426451,1785138288.8875778,
block1-001188,373.9954927004874,892.6520487293601,36,170.0,373.6414220184088,892.2979780472815,0.35407068207859993,block1:s1,pure_ltr,mixed,1785138287.9948053,1785138287.9951599,1785138288.3688157,1785138288.887472,
block1-001189,155.3293812321499,1371.4674152433872,61,12.5,154.5534839387983,1370.6915179500356,0.7758972933515906,block1:s1,pure_ltr,mixed,1785138288.0979397,1785138288.098716,1785138288.2532783,1785138289.4694164,
block1-001190,116.42774974461645,1439.5259167067707,69,320.0,115.57679600082338,1438.6749629629776,0.8509537437930703,block1:s1,pure_ltr,mixed,1785138288.961619,1785138288.962471,1785138289.0780666,1785138290.4011645,
block1-001191,61.32418813649565,3548.8506021210924,165,152.5,60.295673087239265,3547.822087071836,1.0285150492563844,block1:zero_tool,pure_ltr,mixed,1785138289.4134822,1785138289.414511,1785138289.4749315,1785138292.962458,
block1-001192,285.07765429094434,924.8881633393466,40,172.5,284.5256490400061,924.3361580884084,0.5520052509382367,block1:s2,pure_ltr,mixed,1785138289.9683342,1785138289.968886,1785138290.25342,1785138290.8932307,
block1-001193,306.7068901145831,871.1421580519527,40,60.0,306.3159730518237,870.7512409891933,0.3909170627593994,block1:s2,pure_ltr,mixed,1785138290.4358008,1785138290.4361925,1785138290.7425232,1785138291.3069587,
block1-001194,100.84145737346262,1349.9297384405509,64,115.0,100.27600801549852,1349.3642890825868,0.5654493579640985,block1:s2,pure_ltr,mixed,1785138290.623108,1785138290.6236737,1785138290.7239594,1785138291.9730475,
block1-001195,58.37465403601527,10820.456256042235,482,52.5,57.43075895588845,10819.512360962108,0.943895080126822,block1:zero_tool,pure_ltr,mixed,1785138291.5511112,1785138291.5520554,1785138291.609495,1785138302.3715765,
block1-001196,425.33860192634165,999.0788599243388,36,107.5,424.479822977446,998.2200809754431,0.8587789488956332,block1:s2,pure_ltr,mixed,1785138291.7526398,1785138291.7534995,1785138292.1779895,1785138292.7517302,
block1-001197,527.2660504560918,1218.1958503788337,49,10.0,526.548107038252,1217.477906960994,0.7179434178397059,block1:s2,pure_ltr,mixed,1785138291.900385,1785138291.9011033,1785138292.4276624,1785138293.1185923,
block1-001198,184.03676454909146,1538.5182115714997,64,412.5,183.23846289422363,1537.7199099166319,0.7983016548678279,block1:s2,pure_ltr,mixed,1785138291.9192123,1785138291.920011,1785138292.103261,1785138293.4577425,
block1-001199,294.7164165088907,867.9100344888866,31,17.5,293.83211000822484,867.0257279882208,0.8843065006658435,block1:s2,pure_ltr,mixed,1785138291.9209433,1785138291.9218278,1785138292.2156665,1785138292.7888603,
block1-001200,493.8333793543279,1180.928896414116,48,15.0,493.3283469872549,1180.423864047043,0.5050323670729995,block1:s3,pure_ltr,mixed,1785138292.390975,1785138292.391481,1785138292.8848205,1785138293.571916,
block1-001201,64.90361096803099,2773.5761320218444,129,572.5,64.44440293125808,2773.1169239850715,0.4592080367729068,block1:zero_tool,pure_ltr,mixed,1785138292.5137646,1785138292.5142238,1785138292.5786777,1785138295.2873504,
block1-001202,401.3736966298893,899.6576826320961,38,485.0,400.7187830284238,899.0027690306306,0.6549136014655232,block1:s3,pure_ltr,mixed,1785138292.5795536,1785138292.5802093,1785138292.9809422,1785138293.4792264,
block1-001203,307.2895233053714,994.713869295083,41,155.0,306.98634102009237,994.410687009804,0.30318228527903557,block1:s3,pure_ltr,mixed,1785138292.5968301,1785138292.5971334,1785138292.9041264,1785138293.591551,
block1-001204,413.32524409517646,1129.1898500639945,48,117.5,411.32850002031773,1127.1931059891358,1.996744074858725,block1:s3,pure_ltr,mixed,1785138293.0653186,1785138293.0673153,1785138293.4787624,1785138294.1946273,
block1-001205,434.5672639319673,1089.705696911551,48,287.5,433.25711402576417,1088.395547005348,1.3101499062031507,block1:s3,pure_ltr,mixed,1785138293.435015,1785138293.4363253,1785138293.869592,1785138294.5247307,
block1-001206,458.51567352656275,963.514024624601,43,177.5,457.86516193766147,962.8635130356997,0.6505115889012814,block1:s3,pure_ltr,mixed,1785138293.542509,1785138293.5431597,1785138294.0010333,1785138294.506031,
block1-001207,62.02987243887037,3254.7568334266543,153,60.0,61.18493992835283,3253.911900916137,0.8449325105175376,block1:zero_tool,pure_ltr,mixed,1785138293.9833665,1785138293.9842114,1785138294.0454051,1785138297.238132,
block1-001208,409.5936184749007,1022.5723214680329,48,105.0,409.26874394062907,1022.2474469337612,0.32487453427165747,block1:s4,pure_ltr,mixed,1785138294.0151818,1785138294.0155094,1785138294.4248047,1785138295.0377836,
block1-001209,59.634669101797044,2919.4691641023383,139,105.0,59.42653398960829,2919.2610289901495,0.20813511218875647,block1:zero_tool,pure_ltr,mixed,1785138294.2518027,1785138294.2520108,1785138294.3114457,1785138297.1712806,
block1-001210,58.80766466725618,3363.4275377262384,155,107.5,58.524475898593664,3363.144348957576,0.2831887686625123,block1:zero_tool,pure_ltr,mixed,1785138294.4084494,1785138294.4087327,1785138294.4672663,1785138297.7718863,
block1-001211,415.0916102807969,1041.5633532684296,49,545.0,414.65604305267334,1041.127786040306,0.43556722812354565,block1:s4,pure_ltr,mixed,1785138294.9856899,1785138294.9861262,1785138295.4008343,1785138296.0273063,
block1-001212,98.60652161296457,3182.9997287131846,137,10.0,98.33320195320994,3182.72640905343,0.2733196597546339,block1:zero_tool,pure_ltr,mixed,1785138295.0120628,1785138295.012336,1785138295.110677,1785138298.19507,
block1-001213,94.64685223065317,4586.42848522868,196,60.0,94.0210409462452,4585.802673944272,0.6258112844079733,block1:zero_tool,pure_ltr,mixed,1785138295.0383222,1785138295.038948,1785138295.1329772,1785138299.6247587,
block1-001214,67.48202454764396,4024.2943165358156,167,12.5,67.22125806845725,4024.033550056629,0.2607664791867137,block1:zero_tool,pure_ltr,mixed,1785138296.1892526,1785138296.1895137,1785138296.2567434,1785138300.2135558,
block1-001215,436.6539731854573,1308.1940271658823,48,52.5,436.02766597177833,1307.5677199522033,0.626307213678956,block1:s4,pure_ltr,mixed,1785138296.2475197,1785138296.2481465,1785138296.6841822,1785138297.5557225,
block1-001216,310.2844173554331,1139.3493103096262,43,10.0,309.74089505616575,1138.8057880103588,0.5435222992673516,block1:s1,pure_ltr,mixed,1785138296.3738518,1785138296.3743951,1785138296.684143,1785138297.5132084,
block1-001217,125.77480322215706,1734.1117052128538,66,155.0,125.08976506069303,1733.4266670513898,0.6850381614640355,block1:s1,pure_ltr,mixed,1785138296.6595676,1785138296.6602528,1785138296.7853522,1785138298.3936892,
block1-001218,397.2947495058179,1164.3361845053732,44,152.5,396.71950903721154,1163.760944036767,0.5752404686063528,block1:s1,pure_ltr,mixed,1785138296.7137425,1785138296.7143178,1785138297.1110551,1785138297.8780966,
block1-001219,98.0738892685622,5008.4365552756935,213,395.0,95.94684699550271,5006.309513002634,2.1270422730594873,block1:zero_tool,pure_ltr,mixed,1785138296.7935731,1785138296.7957003,1785138296.8916547,1785138301.802017,
block1-001220,64.00455010589212,7670.287155197002,337,280.0,62.71866790484637,7669.001272995956,1.2858822010457516,block1:zero_tool,pure_ltr,mixed,1785138296.9878895,1785138296.9891758,1785138297.0519032,1785138304.6581857,
block1-001221,126.11974705941975,1630.8691770536825,60,152.5,125.0142949866131,1629.7637249808758,1.1054520728066564,block1:s1,pure_ltr,mixed,1785138297.1631544,1785138297.16426,1785138297.2892816,1785138298.7940311,
block1-001222,440.50862663425505,1211.198483593762,47,820.0,440.132447052747,1210.8223040122539,0.37617958150804043,block1:s1,pure_ltr,mixed,1785138297.2910645,1785138297.2914407,1785138297.7315807,1785138298.5022705,
block1-001223,63.23330395389348,5647.66973501537,250,135.0,62.44356697425246,5646.879998035729,0.7897369796410203,block1:zero_tool,pure_ltr,mixed,1785138297.3890083,1785138297.3897984,1785138297.4522507,1785138303.0366871,
block1-001224,74.15449456311762,3653.120154631324,158,60.0,73.6839739838615,3652.649634052068,0.47052057925611734,block1:zero_tool,pure_ltr,mixed,1785138297.4814427,1785138297.4819133,1785138297.555605,1785138301.1345706,
block1-001225,425.95148098189384,1144.2146078916267,42,395.0,425.13272899668664,1143.3958559064195,0.8187519852072,block1:s2,pure_ltr,mixed,1785138297.769591,1785138297.77041,1785138298.195551,1785138298.9138143,
block1-001226,396.19217382278293,996.9364408170804,37,15.0,395.1644420158118,995.9087090101093,1.0277318069711328,block1:s2,pure_ltr,mixed,1785138297.9169939,1785138297.9180217,1785138298.313194,1785138298.9139378,
block1-001227,107.54623590037227,1728.5875189118087,69,485.0,107.05590294674039,1728.0971859581769,0.4903329536318779,block1:s2,pure_ltr,mixed,1785138298.0145605,1785138298.0150511,1785138298.122114,1785138299.743155,
block1-001228,295.1359305297956,932.0751104969531,35,395.0,294.81674497947097,931.7559249466285,0.3191855503246188,block1:s2,pure_ltr,mixed,1785138298.0988104,1785138298.09913,1785138298.3939838,1785138299.030923,
block1-001229,449.093647650443,1161.465297685936,44,545.0,447.9404999874532,1160.3121500229463,1.1531476629897952,block1:s2,pure_ltr,mixed,1785138298.4236488,1785138298.424802,1785138298.8727505,1785138299.5851223,
block1-001230,124.41373080946505,1530.2932298509404,64,10.0,123.0092589976266,1528.888758039102,1.404471811838448,block1:s2,pure_ltr,mixed,1785138298.4700804,1785138298.4714847,1785138298.5945013,1785138300.0003808,
block1-001231,374.990175710991,963.579767732881,37,105.0,372.8643199428916,961.4539119647816,2.1258557680994272,block1:s2,pure_ltr,mixed,1785138298.5380924,1785138298.540218,1785138298.91309,1785138299.5016794,
block1-001232,96.8795120716095,4304.729391122237,194,287.5,96.52225498575717,4304.3721340363845,0.35725708585232496,block1:zero_tool,pure_ltr,mixed,1785138298.5967526,1785138298.59711,1785138298.6936398,1785138302.9014897,
block1-001233,490.7376687042415,1129.0530445985496,48,320.0,489.9084810167551,1128.2238569110632,0.8291876874864101,block1:s3,pure_ltr,mixed,1785138298.9108875,1785138298.9117167,1785138299.401633,1785138300.039948,
block1-001234,475.37631320301443,1093.987511121668,48,280.0,473.2993660727516,1091.910563991405,2.0769471302628517,block1:s3,pure_ltr,mixed,1785138299.0812874,1785138299.0833642,1785138299.5566833,1785138300.1752944,
block1-001235,275.68472595885396,911.9207470212132,41,485.0,274.75137694273144,910.9873980050907,0.93334901612252,block1:s3,pure_ltr,mixed,1785138299.185966,1785138299.1868997,1785138299.4616594,1785138300.0978954,
block1-001236,66.95802079048008,3557.2193317348137,164,105.0,66.29299907945096,3556.5543100237846,0.6650217110291123,block1:zero_tool,pure_ltr,mixed,1785138299.4980001,1785138299.4986653,1785138299.5649672,1785138303.055228,
block1-001237,68.620017147623,3201.8302641808987,146,95.0,67.76399596128613,3200.974242994562,0.856021186336875,block1:zero_tool,pure_ltr,mixed,1785138299.8728256,1785138299.8736815,1785138299.9414542,1785138303.074664,
block1-001238,535.3989688446745,1101.7237368505448,43,217.5,535.1767840329558,1101.501552038826,0.22218481171876192,block1:s3,pure_ltr,mixed,1785138300.4213746,1785138300.4215968,1785138300.95678,1785138301.5231047,
block1-001239,491.82814033702016,1204.2727383086458,48,550.0,490.8349580364302,1203.2795560080558,0.9931823005899787,block1:s3,pure_ltr,mixed,1785138300.7766588,1785138300.7776523,1785138301.268495,1785138301.9809396,
block1-001240,504.774700733833,1220.4396816669032,48,117.5,504.1018300689757,1219.7668110020459,0.6728706648573279,block1:s4,pure_ltr,mixed,1785138300.782629,1785138300.7833018,1785138301.287411,1785138302.0030758,
block1-001241,88.4389856364578,2704.6479396522045,122,95.0,88.014793000184,2704.2237470159307,0.4241926362738013,block1:zero_tool,pure_ltr,mixed,1785138300.816219,1785138300.816643,1785138300.9046633,1785138303.5208726,
block1-001242,490.6277672853321,1199.7660802444443,48,15.0,490.0635899975896,1199.2019029567018,0.5641772877424955,block1:s4,pure_ltr,mixed,1785138301.1329236,1785138301.1334882,1785138301.6235855,1785138302.3327239,
block1-001243,469.05812865588814,1180.4141076281667,48,17.5,468.50124502088875,1179.8572239931673,0.5568836349993944,block1:s4,pure_ltr,mixed,1785138301.3520758,1785138301.3526328,1785138301.821141,1785138302.5324972,
block1-001244,435.1321298163384,1146.343148779124,48,85.0,434.0350680286065,1145.246086991392,1.0970617877319455,block1:s4,pure_ltr,mixed,1785138301.4250288,1785138301.426126,1785138301.8601682,1785138302.5713792,
block1-001245,78.27008282765746,3209.5721698133275,147,485.0,77.20841595437378,3208.510502940044,1.0616668732836843,block1:zero_tool,pure_ltr,mixed,1785138301.505264,1785138301.5063257,1785138301.5835414,1785138304.714844,
block1-001246,455.71074704639614,1080.5435000220314,48,15.0,455.3834820399061,1080.2162350155413,0.32726500649005175,block1:s4,pure_ltr,mixed,1785138301.9562602,1785138301.9565876,1785138302.4119794,1785138303.036812,
block1-001247,460.1948547642678,1068.8559818081558,48,92.5,459.3170239822939,1067.9781510261819,0.8778307819738984,block1:s4,pure_ltr,mixed,1785138302.0055559,1785138302.0064337,1785138302.4657598,1785138303.0744207,
block1-001248,72.05454108770937,2436.2837760709226,112,187.5,71.35695894248784,2435.586193925701,0.6975821452215314,block1:zero_tool,pure_ltr,mixed,1785138302.2403164,1785138302.2410142,1785138302.3123798,1785138304.676609,
block1-001249,69.93719469755888,3851.730184745975,185,20.0,67.86935601849109,3849.662346066907,2.0678386790677905,block1:zero_tool,pure_ltr,mixed,1785138302.4028075,1785138302.4048753,1785138302.4727523,1785138306.2545455,
block1-001250,65.99613977596164,3017.5467127701268,140,287.5,60.04662194754928,3011.5971949417144,5.949517828412354,block1:zero_tool,pure_ltr,mixed,1785138303.326902,1785138303.3328516,1785138303.3929133,1785138306.3444636,
block1-001251,66.5164286037907,4712.183955591172,225,177.5,66.1740389186889,4711.84156590607,0.3423896851018071,block1:zero_tool,pure_ltr,mixed,1785138303.3859437,1785138303.3862865,1785138303.452469,1785138308.098137,
block1-001252,109.24333846196532,1440.41173835285,61,170.0,108.22549008298665,1439.3938899738714,1.0178483789786696,block1:s1,pure_ltr,mixed,1785138303.446895,1785138303.447913,1785138303.556146,1785138304.8873138,
block1-001253,123.60251392237842,1385.4109019739553,60,280.0,122.99028900451958,1384.7986770560965,0.612224917858839,block1:s1,pure_ltr,mixed,1785138303.5535257,1785138303.554138,1785138303.6771379,1785138304.9389462,
block1-001254,396.5908024692908,1029.168717446737,43,320.0,396.06219809502363,1028.6401130724698,0.5286043742671609,block1:s1,pure_ltr,mixed,1785138303.5860486,1785138303.5865772,1785138303.982649,1785138304.6152272,
block1-001255,119.74859843030572,5455.067939474247,259,280.0,118.75066801439971,5454.070009058341,0.9979304159060121,block1:zero_tool,pure_ltr,mixed,1785138304.2223926,1785138304.2233908,1785138304.3421516,1785138309.677471,
block1-001256,288.1871440913528,867.7187220891938,40,160.0,287.222589016892,866.754167014733,0.9645550744608045,block1:s2,pure_ltr,mixed,1785138304.22813,1785138304.229095,1785138304.5163257,1785138305.0958571,
block1-001257,58.728501899167895,2236.5152089623734,112,107.5,58.07513592299074,2235.8618429861963,0.653365976177156,block1:zero_tool,pure_ltr,mixed,1785138304.5995798,1785138304.6002333,1785138304.658321,1785138306.8361077,
block1-001258,65.94448047690094,3240.4774845344946,160,287.5,64.85646194778383,3239.3894660053775,1.0880185291171074,block1:zero_tool,pure_ltr,mixed,1785138304.879283,1785138304.8803716,1785138304.9452417,1785138308.1197748,
block1-001259,88.64854869898409,1421.6193726751953,69,282.5,87.97092305030674,1420.941747026518,0.6776256486773491,block1:s2,pure_ltr,mixed,1785138305.3581817,1785138305.3588595,1785138305.446842,1785138306.7798128,
block1-001260,69.28151368629187,3035.191278671846,143,75.0,69.00851300451905,3034.918277990073,0.2730006817728281,block1:zero_tool,pure_ltr,mixed,1785138305.7388976,1785138305.7391713,1785138305.8082204,1785138308.7741299,
block1-001261,53.85546782054007,3844.040345866233,180,95.0,53.6893360549584,3843.8742141006514,0.16613176558166742,block1:zero_tool,pure_ltr,mixed,1785138305.834005,1785138305.834171,1785138305.8878691,1785138309.6780539,
block1-001262,100.03342851996422,1375.0145435333252,64,177.5,99.0081699565053,1373.9892849698663,1.0252585634589195,block1:s2,pure_ltr,mixed,1785138306.2443004,1785138306.245326,1785138306.3443465,1785138307.6193275,
block1-001263,300.93409097753465,769.3826130125672,34,572.5,300.34450092352927,768.7930229585618,0.5895900540053844,block1:s2,pure_ltr,mixed,1785138306.984208,1785138306.9847977,1785138307.28515,1785138307.7535982,
block1-001264,399.51086905784905,1014.6410991437733,48,15.0,398.5232819104567,1013.653511996381,0.9875871473923326,block1:s3,pure_ltr,mixed,1785138307.0612237,1785138307.0622118,1785138307.4607427,1785138308.0758727,
block1-001265,66.98086997494102,2902.9854169348255,134,20.0,65.53090095985681,2901.5354479197413,1.449969015084207,block1:zero_tool,pure_ltr,mixed,1785138307.298071,1785138307.299521,1785138307.365062,1785138310.2010663,
block1-001266,65.13440888375044,3471.435579820536,161,297.5,64.70421201083809,3471.0053829476237,0.4301968729123473,block1:zero_tool,pure_ltr,mixed,1785138307.4766448,1785138307.4770749,1785138307.541787,1785138310.9480877,
block1-001267,307.10839095991105,958.5019929800183,39,15.0,306.725786998868,958.1193890189752,0.3826039610430598,block1:s3,pure_ltr,mixed,1785138308.0679514,1785138308.0683343,1785138308.375069,1785138309.0264626,
block1-001268,434.64086402673274,1237.9781629424542,48,550.0,434.1406950261444,1237.4779939418659,0.5001690005883574,block1:s3,pure_ltr,mixed,1785138308.091589,1785138308.0920894,1785138308.526237,1785138309.3295743,
block1-001269,389.64240974746644,1082.4289427837357,43,17.5,388.70815199334174,1081.494685029611,0.934257754124701,block1:s3,pure_ltr,mixed,1785138308.5375047,1785138308.5384388,1785138308.9271557,1785138309.6199422,
block1-001270,122.52603739034384,3621.372426394373,168,572.5,121.44019093830138,3620.2865799423307,1.0858464520424604,block1:zero_tool,pure_ltr,mixed,1785138308.6127713,1785138308.613857,1785138308.735305,1785138312.2341516,
block1-001271,314.2724606441334,1045.250982628204,43,287.5,313.17053304519504,1044.1490550292656,1.101927598938346,block1:s3,pure_ltr,mixed,1785138308.6130786,1785138308.6141803,1785138308.927356,1785138309.6583345,
block1-001272,485.3965671500191,1090.6050571938977,48,100.0,484.646667027846,1089.8551570717245,0.7499001221731305,block1:s4,pure_ltr,mixed,1785138308.9981651,1785138308.9989147,1785138309.4835677,1785138310.0887759,
block1-001273,492.2828854760155,1102.2731844568625,48,10.0,492.11462191306055,1102.1049208939075,0.16826356295496225,block1:s4,pure_ltr,mixed,1785138309.0104427,1785138309.0106113,1785138309.5027328,1785138310.112723,
block1-001274,472.5199540844187,1079.6396300429478,48,117.5,471.6697339899838,1078.789409948513,0.850220094434917,block1:s4,pure_ltr,mixed,1785138309.0495913,1785138309.0504415,1785138309.5221186,1785138310.1292384,
block1-001275,459.45855521131307,1076.6521891346201,48,15.0,458.0990429967642,1075.2926769200712,1.3595122145488858,block1:s4,pure_ltr,mixed,1785138310.0783186,1785138310.0796783,1785138310.5377853,1785138311.154979,
block1-001276,443.73969710431993,1046.775931143202,48,115.0,443.0948249064386,1046.1310589453205,0.644872197881341,block1:s4,pure_ltr,mixed,1785138310.3731172,1785138310.3737624,1785138310.8168643,1785138311.4199007,
block1-001277,392.7316543413326,1030.1414943533018,48,20.0,392.1911329962313,1029.6009730082005,0.5405213451012969,block1:s4,pure_ltr,mixed,1785138310.4614732,1785138310.462014,1785138310.8542125,1785138311.4916224,
block1-001278,398.59742508269846,1230.6691091507673,48,105.0,397.2662219312042,1229.337905999273,1.3312031514942646,block1:s4,pure_ltr,mixed,1785138311.368725,1785138311.3700564,1785138311.7673297,1785138312.5994017,
block1-001279,593.3557547396049,1278.8270107703283,49,282.5,592.8562249755487,1278.3274810062721,0.49952976405620575,block1:s4,pure_ltr,mixed,1785138311.9293928,1785138311.9298923,1785138312.522756,1785138313.2082274,
block1-001280,502.4929547216743,1072.3715677158907,43,15.0,501.2912900419906,1071.169903036207,1.201664679683745,block1:s1,pure_ltr,mixed,1785138311.982362,1785138311.9835637,1785138312.4848626,1785138313.0547407,
block1-001281,458.07661302387714,1085.5984430527315,43,10.0,457.8576219500974,1085.3794519789517,0.2189910737797618,block1:s1,pure_ltr,mixed,1785138312.1601584,1785138312.1603775,1785138312.618242,1785138313.2457638,
block1-001282,114.00715634226799,3609.68656942714,158,15.0,113.37199795525521,3609.0514110401273,0.6351583870127797,block1:zero_tool,pure_ltr,mixed,1785138312.2145572,1785138312.2151926,1785138312.3285718,1785138315.8242514,
block1-001283,402.6124378433451,886.8783737998456,37,395.0,402.2792710456997,886.5452070022002,0.33316679764539003,block1:s1,pure_ltr,mixed,1785138312.2530382,1785138312.2533715,1785138312.6556811,1785138313.1399472,
block1-001284,332.9009236767888,848.9998916629702,36,140.0,331.676471978426,847.7754399646074,1.2244516983628273,block1:s1,pure_ltr,mixed,1785138312.34152,1785138312.3427446,1785138312.6744285,1785138313.1905274,
block1-001285,69.81467688456178,3824.8214828781784,166,117.5,68.87446308974177,3823.8812690833583,0.9402137948200107,block1:zero_tool,pure_ltr,mixed,1785138312.834155,1785138312.8350956,1785138312.9039783,1785138316.658985,
block1-001286,297.09478199947625,913.9327539596707,40,307.5,296.611696947366,913.4496689075604,0.48308505211025476,block1:s1,pure_ltr,mixed,1785138313.0646148,1785138313.065098,1785138313.3617175,1785138313.9785554,
block1-001287,69.6718564722687,3873.5677865333855,168,297.5,67.7733049960807,3871.6692350571975,1.898551476188004,block1:zero_tool,pure_ltr,mixed,1785138313.2166333,1785138313.2185318,1785138313.286313,1785138317.090209,
block1-001288,61.216310830786824,3329.000095836818,140,95.0,60.255681979469955,3328.0394669855013,0.9606288513168693,block1:zero_tool,pure_ltr,mixed,1785138313.68028,1785138313.6812406,1785138313.741504,1785138317.0092876,
block1-001289,285.6781001901254,1012.7778461901471,40,10.0,285.1952010532841,1012.2949470533058,0.48289913684129715,block1:s2,pure_ltr,mixed,1785138313.8045526,1785138313.8050356,1785138314.090238,1785138314.8173385,
block1-001290,101.86290694400668,3328.051389893517,140,10.0,100.92702496331185,3327.115507912822,0.9358819806948304,block1:zero_tool,pure_ltr,mixed,1785138313.8382478,1785138313.8391836,1785138313.940118,1785138317.1663065,
block1-001291,455.1843728404492,1118.3686559088528,43,12.5,454.3787289876491,1117.5630120560527,0.8056438528001308,block1:s2,pure_ltr,mixed,1785138314.3803713,1785138314.381177,1785138314.8355625,1785138315.4987469,
block1-001292,426.26544216182083,952.3875371087343,36,287.5,425.56361097376794,951.6857059206814,0.7018311880528927,block1:s2,pure_ltr,mixed,1785138314.391353,1785138314.3920548,1785138314.8176248,1785138315.343747,
block1-001293,435.1430564420298,1062.1589955408126,44,282.5,434.69305196776986,1061.7089910665527,0.45000447425991297,block1:s2,pure_ltr,mixed,1785138314.5543516,1785138314.5548017,1785138314.9895034,1785138315.6165192,
block1-001294,386.97169558145106,896.2953166337684,38,350.0,386.06565492227674,895.389275974594,0.9060406591743231,block1:s2,pure_ltr,mixed,1785138314.641201,1785138314.6421075,1785138315.0281813,1785138315.537505,
block1-001295,97.82482765149325,6980.4485256318,317,177.5,97.62770205270499,6980.251400033012,0.1971255987882614,block1:zero_tool,pure_ltr,mixed,1785138314.660412,1785138314.6606095,1785138314.7582467,1785138321.6408708,
block1-001296,256.86698651406914,770.7054275088012,32,297.5,256.6524110734463,770.4908520681784,0.21457544062286615,block1:s3,pure_ltr,mixed,1785138314.8685741,1785138314.8687887,1785138315.1254487,1785138315.6392872,
block1-001297,66.56164873857051,2951.6002776799724,129,12.5,65.76611998025328,2950.804748921655,0.7955287583172321,block1:zero_tool,pure_ltr,mixed,1785138315.1795926,1785138315.1803882,1785138315.2462006,1785138318.131239,
block1-001298,382.3266392573714,1066.2573372246698,38,15.0,381.9465530104935,1065.8772509777918,0.3800862468779087,block1:s3,pure_ltr,mixed,1785138315.257035,1785138315.257415,1785138315.6393697,1785138316.3233006,
block1-001299,553.6140201147646,1295.8703330950812,48,140.0,553.5287270322442,1295.7850400125608,0.08529308252036572,block1:s3,pure_ltr,mixed,1785138315.5949125,1785138315.5949976,1785138316.148533,1785138316.890789,
block1-001300,381.848782999441,1173.828269005753,42,152.5,380.76915603596717,1172.7486420422792,1.0796269634738564,block1:s3,pure_ltr,mixed,1785138315.6188118,1785138315.6198916,1785138316.0006678,1785138316.7926471,
block1-001301,531.5247270045802,1240.1715820888057,48,350.0,530.5170259671286,1239.163881051354,1.0077010374516249,block1:s3,pure_ltr,mixed,1785138315.8304722,1785138315.83148,1785138316.3620048,1785138317.0706513,
block1-001302,500.29436021577567,1168.4348311973736,46,25.0,499.6781019726768,1167.8185729542747,0.616258243098855,block1:s3,pure_ltr,mixed,1785138315.959575,1785138315.9601912,1785138316.459879,1785138317.128019,
block1-001303,376.00534746889025,1085.1302414666861,43,117.5,375.64176600426435,1084.7666600020602,0.363581464625895,block1:s3,pure_ltr,mixed,1785138316.0055432,1785138316.005907,1785138316.381558,1785138317.0906825,
block1-001304,415.01265426632017,1111.9178442750126,48,320.0,414.82103196904063,1111.726221977733,0.19162229727953672,block1:s4,pure_ltr,mixed,1785138316.1863682,1785138316.18656,1785138316.6013896,1785138317.2982945,
block1-001305,463.8918046839535,1118.2907246984541,48,357.5,463.67330802604556,1118.0722280405462,0.2184966579079628,block1:s4,pure_ltr,mixed,1785138316.5634432,1785138316.5636616,1785138317.027342,1785138317.681741,
block1-001306,465.9000075189397,1120.321536436677,48,820.0,465.0161360623315,1119.4376649800688,0.8838714566081762,block1:s4,pure_ltr,mixed,1785138316.595944,1785138316.5968277,1785138317.0618494,1785138317.716271,
block1-001307,139.57253971602768,4092.585456673987,184,75.0,139.44026199169457,4092.453178949654,0.13227772433310747,block1:zero_tool,pure_ltr,mixed,1785138316.6139238,1785138316.6140559,1785138316.7535026,1785138320.7065156,
block1-001308,67.70764070097357,3511.2611376680434,158,572.5,67.11165700107813,3510.665153968148,0.5959836998954415,block1:zero_tool,pure_ltr,mixed,1785138317.0024323,1785138317.0030282,1785138317.0701466,1785138320.5136998,
block1-001309,52.95212648343295,3457.957075559534,156,115.0,51.80909996852279,3456.814049044624,1.1430265149101615,block1:zero_tool,pure_ltr,mixed,1785138317.3607323,1785138317.3618755,1785138317.413692,1785138320.818697,
block1-001310,445.3105714637786,1076.2049104087055,48,350.0,444.581608986482,1075.4759479314089,0.7289624772965908,block1:s4,pure_ltr,mixed,1785138317.4585729,1785138317.459302,1785138317.9038906,1785138318.5347848,
block1-001311,416.82935098651797,1111.3872539717704,48,22.5,415.86675005964935,1110.4246530449018,0.9626009268686175,block1:s4,pure_ltr,mixed,1785138317.6193047,1785138317.6202676,1785138318.0361435,1785138318.7307017,
block1-001312,311.2240011105314,1063.5519900824875,43,572.5,310.60376507230103,1062.931754044257,0.6202360382303596,block1:s1,pure_ltr,mixed,1785138318.128022,1785138318.1286423,1785138318.4392548,1785138319.1915827,
block1-001313,473.62210461869836,1193.7619026284665,43,217.5,473.14188699238,1193.2816850021482,0.48021762631833553,block1:s1,pure_ltr,mixed,1785138318.5125353,1785138318.5130155,1785138318.9861665,1785138319.706306,
block1-001314,62.47555429581553,11056.244727224112,511,95.0,62.02100799418986,11055.790180922486,0.454546301625669,block1:zero_tool,pure_ltr,mixed,1785138318.6486948,1785138318.6491494,1785138318.7111957,1785138329.704965,
block1-001315,128.91962833236903,1716.6900873417035,72,15.0,126.80798897054046,1714.578447979875,2.1116393618285656,block1:s1,pure_ltr,mixed,1785138318.7388723,1785138318.7409837,1785138318.867798,1785138320.4555683,
block1-001316,316.6204501176253,1035.0855820579454,39,105.0,316.10399298369884,1034.569124924019,0.5164571339264512,block1:s1,pure_ltr,mixed,1785138318.8085847,1785138318.809101,1785138319.125212,1785138319.843677,
block1-001317,81.10575180035084,3526.6707377741113,167,15.0,80.53540799301118,3526.1003939667717,0.5703438073396683,block1:zero_tool,pure_ltr,mixed,1785138318.9123986,1785138318.9129689,1785138318.9935167,1785138322.4390817,
block1-001318,59.57732175011188,4044.828069745563,190,280.0,59.12768398411572,4044.378431979567,0.4496377659961581,block1:zero_tool,pure_ltr,mixed,1785138319.0733929,1785138319.0738425,1785138319.1329765,1785138323.118228,
block1-001319,121.50174856651574,1360.7412736164406,60,10.0,121.3221299694851,1360.56165501941,0.17961859703063965,block1:s1,pure_ltr,mixed,1785138319.3456132,1785138319.3457928,1785138319.467146,1785138320.7063854,
block1-001320,346.17406700272113,940.080555039458,40,187.5,345.32193990889937,939.2284279456362,0.852127093821764,block1:s2,pure_ltr,mixed,1785138319.4179075,1785138319.4187596,1785138319.7640898,1785138320.3579962,
block1-001321,133.06832336820662,2945.243915426545,142,282.5,130.90988993644714,2943.0854819947854,2.1584334317594767,block1:zero_tool,pure_ltr,mixed,1785138319.4754248,1785138319.4775834,1785138319.6085012,1785138322.4206767,
block1-001322,331.07357355766,806.9607435027137,36,22.5,330.51491202786565,806.4020819729194,0.5586615297943354,block1:s2,pure_ltr,mixed,1785138319.4919746,1785138319.4925332,1785138319.8230562,1785138320.2989438,
block1-001323,62.68025410827249,10648.512210114859,499,485.0,62.58975598029792,10648.421711986884,0.0904981279745698,block1:zero_tool,pure_ltr,mixed,1785138319.9998522,1785138319.9999425,1785138320.0625398,1785138330.648372,
block1-001324,386.38354220893234,881.9829492131248,36,160.0,385.84158301819116,881.4409900223836,0.5419591907411814,block1:s2,pure_ltr,mixed,1785138321.709399,1785138321.709941,1785138322.0957918,1785138322.5913906,
block1-001325,506.09108223579824,1187.472061254084,49,485.0,504.7920170472935,1186.1729960655794,1.2990651885047555,block1:s2,pure_ltr,mixed,1785138321.7418256,1785138321.7431247,1785138322.2480545,1785138322.9294355,
block1-001326,301.5745618613437,795.8021908998489,36,282.5,300.32566597219557,794.5532950107008,1.2488958891481161,block1:s2,pure_ltr,mixed,1785138321.908166,1785138321.909415,1785138322.2097492,1785138322.7039769,
block1-001327,325.35400928463787,850.1062833238393,37,110.0,324.65271395631135,849.4049879955128,0.7012953283265233,block1:s2,pure_ltr,mixed,1785138322.4186609,1785138322.419362,1785138322.7440243,1785138323.2687764,
block1-001328,65.38409681525081,2724.2771707242355,124,15.0,64.39316202886403,2723.2862359378487,0.9909347863867879,block1:zero_tool,pure_ltr,mixed,1785138322.5065033,1785138322.5074942,1785138322.571895,1785138325.2307875,
block1-001329,440.33872801810503,1075.3731450531632,48,117.5,439.9100869195536,1074.9445039546117,0.42864109855145216,block1:s3,pure_ltr,mixed,1785138322.7148874,1785138322.7153163,1785138323.155234,1785138323.7902687,
block1-001330,405.0710458541289,909.4237538520247,41,145.0,403.8472539978102,908.199961995706,1.2237918563187122,block1:s3,pure_ltr,mixed,1785138322.731395,1785138322.732619,1785138323.1364732,1785138323.6408257,
block1-001331,430.8747749309987,1230.0800189841539,48,12.5,430.2624569972977,1229.467701050453,0.6123179337009788,block1:s3,pure_ltr,mixed,1785138323.6775806,1785138323.678193,1785138324.1084638,1785138324.907669,
block1-001332,382.3493424570188,1064.4119774224237,41,20.0,381.50002097245306,1063.562655937858,0.8493214845657349,block1:s3,pure_ltr,mixed,1785138323.9196467,1785138323.9204965,1785138324.3020048,1785138324.984068,
block1-001333,454.0979219600558,1069.449470960535,43,60.0,452.70985807292163,1068.061407073401,1.3880638871341944,block1:s3,pure_ltr,mixed,1785138324.0870082,1785138324.0883965,1785138324.5411344,1785138325.1564856,
block1-001334,498.53075377177447,1149.9621358234435,48,17.5,498.31774993799627,1149.7491319896653,0.21300383377820253,block1:s3,pure_ltr,mixed,1785138324.1195076,1785138324.1197205,1785138324.6180458,1785138325.2694786,
block1-001335,359.77046529296786,1030.0167562672868,44,107.5,357.6787329511717,1027.9250239254907,2.0917323417961597,block1:s3,pure_ltr,mixed,1785138324.2389393,1785138324.2410314,1785138324.598719,1785138325.2689655,
block1-001336,451.035144738853,1094.22020369675,48,95.0,450.25458303280175,1093.4396419906989,0.7805617060512304,block1:s4,pure_ltr,mixed,1785138324.2680097,1785138324.2687905,1785138324.7190542,1785138325.3622386,
block1-001337,405.5186288896948,1046.0257928352803,48,10.0,403.24740402866155,1043.754567974247,2.271224861033261,block1:s4,pure_ltr,mixed,1785138324.6733572,1785138324.6756291,1785138325.0789182,1785138325.719425,
block1-001338,413.82223600521684,1023.3148758998141,48,217.5,412.8760830499232,1022.3687229445204,0.9461529552936554,block1:s4,pure_ltr,mixed,1785138325.4021063,1785138325.4030526,1785138325.8159378,1785138326.4254305,
block1-001339,64.33040206320584,4082.4628630653024,184,485.0,63.50523396395147,4081.637694966048,0.8251680992543697,block1:zero_tool,pure_ltr,mixed,1785138325.7329645,1785138325.7337904,1785138325.7973118,1785138329.815445,
block1-001340,56.98414705693722,2849.112925119698,130,357.5,56.73781794030219,2848.866596003063,0.24632911663502455,block1:zero_tool,pure_ltr,mixed,1785138325.9694326,1785138325.9696789,1785138326.026426,1785138328.8185549,
block1-001341,61.97037419769913,3150.215684203431,137,320.0,61.830427031964064,3150.075737037696,0.13994716573506594,block1:zero_tool,pure_ltr,mixed,1785138326.209246,1785138326.2093859,1785138326.271224,1785138329.359469,
block1-001342,68.86629515793175,3800.8659791667014,167,10.0,68.24500299990177,3800.2446870086715,0.6212921580299735,block1:zero_tool,pure_ltr,mixed,1785138326.3182263,1785138326.3188488,1785138326.387112,1785138330.119111,
block1-001343,56.15157540887594,4163.270931341685,185,15.0,55.84280996117741,4162.962165893987,0.30876544769853354,block1:zero_tool,pure_ltr,mixed,1785138326.5030532,1785138326.5033624,1785138326.5592175,1785138330.6663365,
block1-001344,370.3166634077206,1110.7191323535517,43,152.5,370.18392398022115,1110.5863929260522,0.1327394274994731,block1:s1,pure_ltr,mixed,1785138326.691332,1785138326.6914647,1785138327.0616589,1785138327.8020616,
block1-001345,127.80093122273684,1672.4543002201244,69,280.0,126.36910902801901,1671.0224780254066,1.4318221947178245,block1:s1,pure_ltr,mixed,1785138326.8386078,1785138326.8400402,1785138326.9664252,1785138328.5110786,
block1-001346,374.878047616221,1046.8282136134803,40,350.0,373.8401660230011,1045.7903320202604,1.037881593219936,block1:s1,pure_ltr,mixed,1785138327.1143992,1785138327.115437,1785138327.4892867,1785138328.1612368,
block1-001347,488.1915134610608,1142.7097563864663,45,177.5,486.41148500610143,1140.929727931507,1.7800284549593925,block1:s1,pure_ltr,mixed,1785138327.1360621,1785138327.1378424,1785138327.6242638,1785138328.2787821,
block1-001348,322.68827978987247,859.2193957883865,36,550.0,321.7158690094948,858.2469850080088,0.972410780377686,block1:s1,pure_ltr,mixed,1785138327.419755,1785138327.4207292,1785138327.7424624,1785138328.2789936,
block1-001349,120.05922012031078,1414.7457751678303,62,20.0,118.96042397711426,1413.6469790246338,1.0987961431965232,block1:s1,pure_ltr,mixed,1785138327.7814047,1785138327.7825034,1785138327.9014723,1785138329.196159,
block1-001350,102.98003838397563,3972.077252343297,182,15.0,102.2025200072676,3971.299733966589,0.7775183767080307,block1:zero_tool,pure_ltr,mixed,1785138327.840651,1785138327.8414288,1785138327.9436395,1785138331.8127367,
block1-001351,122.82431253697723,1456.940391450189,62,307.5,122.25695699453354,1456.3730359077454,0.5673555424436927,block1:s1,pure_ltr,mixed,1785138328.8551505,1785138328.8557181,1785138328.9779985,1785138330.3121145,
block1-001352,444.73602378275245,958.6551578249782,38,107.5,444.2266949918121,958.1458290340379,0.5093287909403443,block1:s2,pure_ltr,mixed,1785138328.87625,1785138328.8767598,1785138329.3209975,1785138329.834916,
block1-001353,352.9648291878402,898.8877342781052,38,110.0,352.6958809234202,898.6187860136852,0.2689482644200325,block1:s2,pure_ltr,mixed,1785138329.255021,1785138329.25529,1785138329.607995,1785138330.153918,
block1-001354,93.64210849162191,1398.4551794128492,64,22.5,91.78656304720789,1396.5996339684352,1.8555454444140196,block1:s2,pure_ltr,mixed,1785138329.6832476,1785138329.6851034,1785138329.7768996,1785138331.0817125,
block1-001355,64.87107474822551,14150.518272770569,672,60.0,64.49597200844437,14150.143170030788,0.3751027397811413,block1:zero_tool,pure_ltr,mixed,1785138329.8862963,1785138329.8866713,1785138329.9511752,1785138344.0368228,
block1-001356,298.2616468798369,784.5295198494568,36,15.0,297.1815000055358,783.4493729751557,1.0801468743011355,block1:s2,pure_ltr,mixed,1785138329.9757128,1785138329.976793,1785138330.2739866,1785138330.7602553,
block1-001357,62.933427980169654,11652.01486798469,554,105.0,60.89915905613452,11649.980599060655,2.034268924035132,block1:zero_tool,pure_ltr,mixed,1785138330.097191,1785138330.0992258,1785138330.1601324,1785138341.7492137,
block1-001358,366.4325237041339,892.9196406388655,38,60.0,366.27582099754363,892.7629379322752,0.15670270659029484,block1:s2,pure_ltr,mixed,1785138330.5592408,1785138330.5593975,1785138330.9256806,1785138331.4521677,
block1-001359,331.4774587051943,876.7082447884604,37,10.0,330.8793780161068,876.1101640993729,0.5980806890875101,block1:s2,pure_ltr,mixed,1785138330.8013833,1785138330.8019814,1785138331.132869,1785138331.6780999,
block1-001360,441.4163999026641,1122.0234239008278,48,17.5,440.5950220534578,1121.2020460516214,0.8213778492063284,block1:s3,pure_ltr,mixed,1785138331.0476995,1785138331.0485208,1785138331.4891236,1785138332.1697307,
block1-001361,288.93840266391635,932.0208076387644,39,20.0,286.9591820053756,930.0415869802237,1.9792206585407257,block1:s3,pure_ltr,mixed,1785138331.1062615,1785138331.1082408,1785138331.3952105,1785138332.0382924,
block1-001362,436.2875404767692,1073.410987504758,48,280.0,435.69749197922647,1072.8209390072152,0.5900484975427389,block1:s3,pure_ltr,mixed,1785138331.5635648,1785138331.5641549,1785138331.9998608,1785138332.6369836,
block1-001363,60.813505202531815,2676.3708381913602,128,187.5,58.77220397815108,2674.3295369669795,2.0413012243807316,block1:zero_tool,pure_ltr,mixed,1785138331.6575983,1785138331.6596398,1785138331.7184253,1785138334.333983,
block1-001364,389.9680582107976,1029.4800002593547,48,100.0,389.2438519978896,1028.7557940464467,0.7242062129080296,block1:s3,pure_ltr,mixed,1785138331.816374,1785138331.8170981,1785138332.20635,1785138332.845862,
block1-001365,403.95294479094446,1007.0074046961963,46,115.0,402.92190201580524,1005.9763619210571,1.0310427751392126,block1:s3,pure_ltr,mixed,1785138332.194995,1785138332.1960263,1785138332.5989616,1785138333.202016,
block1-001366,62.44139571208507,3458.4070027340204,165,485.0,61.16085802204907,3457.1264650439844,1.2805376900359988,block1:zero_tool,pure_ltr,mixed,1785138332.7081065,1785138332.7093875,1785138332.7705617,1785138336.1665273,
block1-001367,338.73951248824596,1019.2145154578611,43,50.0,337.70349295809865,1018.1784959277138,1.036019530147314,block1:s3,pure_ltr,mixed,1785138333.0463579,1785138333.0473938,1785138333.3851058,1785138334.065581,
block1-001368,448.56126385275275,1096.8400167766958,48,50.0,447.7659639669582,1096.0447168909013,0.7952998857945204,block1:s4,pure_ltr,mixed,1785138333.1625056,1785138333.1633008,1785138333.6111813,1785138334.2594597,
block1-001369,397.49157114420086,1061.914258170873,49,152.5,396.6803150251508,1061.1030020518228,0.8112561190500855,block1:s4,pure_ltr,mixed,1785138333.4215283,1785138333.4223397,1785138333.8190284,1785138334.4834511,
block1-001370,408.78028771840036,1126.2859107227996,48,110.0,407.19748195260763,1124.7031049570069,1.5828057657927275,block1:s4,pure_ltr,mixed,1785138333.8504562,1785138333.8520393,1785138334.2592504,1785138334.9767556,
block1-001371,57.4636907549575,3742.4793477403,175,15.0,56.62780802231282,3741.6434650076553,0.8358827326446772,block1:zero_tool,pure_ltr,mixed,1785138334.202156,1785138334.2029922,1785138334.2596316,1785138337.9446473,
block1-001372,483.38847584091127,1098.0070198420435,48,10.0,482.1751699782908,1096.793713979423,1.213305862620473,block1:s4,pure_ltr,mixed,1785138334.530902,1785138334.5321167,1785138335.0143101,1785138335.6289287,
block1-001373,449.6750368271023,1064.3288808641955,48,15.0,448.87777196709067,1063.531616004184,0.7972648600116372,block1:s4,pure_ltr,mixed,1785138334.6025145,1785138334.6033118,1785138335.052199,1785138335.6668532,
block1-001374,407.1393765043467,1020.5452424706891,48,545.0,406.29438403993845,1019.7002500062808,0.8449924644082785,block1:s4,pure_ltr,mixed,1785138334.7970974,1785138334.797943,1785138335.2042503,1785138335.817656,
block1-001375,54.63247012812644,3120.586292236112,148,322.5,54.03850297443569,3119.9923250824213,0.5939671536907554,block1:zero_tool,pure_ltr,mixed,1785138334.9022396,1785138334.902834,1785138334.9568832,1785138338.0228367,
block1-001376,68.73554084450006,2393.7376018147916,112,320.0,68.54418199509382,2393.5462429653853,0.19135884940624237,block1:zero_tool,pure_ltr,mixed,1785138335.291282,1785138335.2914734,1785138335.360027,1785138337.6850293,
block1-001377,117.0578917954117,1606.5190967638046,71,15.0,116.27816804684699,1605.7393730152398,0.7797237485647202,block1:s1,pure_ltr,mixed,1785138336.0979795,1785138336.0987613,1785138336.2150612,1785138337.7045221,
block1-001378,391.534419846721,1081.5567908575758,45,17.5,390.56140603497624,1080.583777045831,0.9730138117447495,block1:s1,pure_ltr,mixed,1785138336.1566973,1785138336.1576705,1785138336.548238,1785138337.2382605,
block1-001379,66.19966879952699,4541.29936976824,213,22.5,64.86575002782047,4539.965450996533,1.3339187717065215,block1:zero_tool,pure_ltr,mixed,1785138336.4061282,1785138336.4074624,1785138336.4723635,1785138340.9474628,
block1-001380,99.20631558634341,3373.5349915223196,158,20.0,98.06796803604811,3372.3966439720243,1.1383475502952933,block1:zero_tool,pure_ltr,mixed,1785138336.571078,1785138336.5722163,1785138336.6702945,1785138339.944623,
block1-001381,126.50529784150422,1383.3776938263327,62,15.0,125.6177689647302,1382.4901649495587,0.887528876774013,block1:s1,pure_ltr,mixed,1785138336.580941,1785138336.5818286,1785138336.7074537,1785138337.964326,
block1-001382,98.94399845506996,6058.579335454851,288,17.5,98.25515805277973,6057.890495052561,0.688840402290225,block1:zero_tool,pure_ltr,mixed,1785138336.6977713,1785138336.69846,1785138336.7967243,1785138342.756359,
block1-001383,63.836341025307775,2757.7421609312296,129,170.0,63.04398400243372,2756.9498039083555,0.7923570228740573,block1:zero_tool,pure_ltr,mixed,1785138336.7367933,1785138336.7375858,1785138336.8006375,1785138339.4945428,
block1-001384,55.277595412917435,2570.122422417626,120,357.5,54.32497302535921,2569.1698000300676,0.9526223875582218,block1:zero_tool,pure_ltr,mixed,1785138336.9434297,1785138336.9443824,1785138336.9987187,1785138339.5135634,
block1-001385,386.7964844685048,1075.9213455021381,44,12.5,386.3855160307139,1075.5103770643473,0.41096843779087067,block1:s2,pure_ltr,mixed,1785138337.7459617,1785138337.7463744,1785138338.1327786,1785138338.8219035,
block1-001386,338.50081195123494,892.3603260191157,36,115.0,337.3908109497279,891.2503250176087,1.1100010015070438,block1:s2,pure_ltr,mixed,1785138338.0801675,1785138338.0812774,1785138338.418677,1785138338.9725368,
block1-001387,87.45066460687667,8855.387994553894,420,10.0,86.59677300602198,8854.53410295304,0.8538916008546948,block1:zero_tool,pure_ltr,mixed,1785138338.2675672,1785138338.2684212,1785138338.3550272,1785138347.1229641,
block1-001388,329.9964884063229,832.2805934585631,35,12.5,329.8009670106694,832.0850720629096,0.19552139565348625,block1:s2,pure_ltr,mixed,1785138338.2959664,1785138338.2961624,1785138338.6259735,1785138339.1282568,
block1-001389,313.38924926239997,931.760992272757,41,15.0,312.5524149509147,930.9241579612717,0.8368343114852905,block1:s2,pure_ltr,mixed,1785138338.3900776,1785138338.3909154,1785138338.703488,1785138339.3218596,
block1-001390,348.79525762517005,808.8532136753201,38,152.5,347.82827796880156,807.8862340189517,0.966979656368494,block1:s2,pure_ltr,mixed,1785138338.8175898,1785138338.818557,1785138339.1663952,1785138339.626453,
block1-001391,328.3740459010005,860.9142638742924,37,15.0,327.68257101997733,860.2227889932692,0.6914748810231686,block1:s2,pure_ltr,mixed,1785138340.029851,1785138340.0305438,1785138340.3582442,1785138340.8907845,
block1-001392,90.79327143263072,2677.062737522647,125,152.5,90.20563389640301,2676.475099986419,0.5876375362277031,block1:zero_tool,pure_ltr,mixed,1785138340.0603497,1785138340.0609376,1785138340.1511605,1785138342.73743,
block1-001393,448.5580987529829,1098.630632739514,48,15.0,448.3376700663939,1098.410204052925,0.2204286865890026,block1:s3,pure_ltr,mixed,1785138340.6503165,1785138340.6505373,1785138341.0988839,1785138341.7489567,
block1-001394,99.63277459610254,4311.131727648899,203,10.0,98.9759259391576,4310.474878991954,0.6568486569449306,block1:zero_tool,pure_ltr,mixed,1785138340.7624934,1785138340.7631507,1785138340.8621385,1785138345.0736375,
block1-001395,396.78066852502525,1079.6216714661568,48,152.5,396.39976201578975,1079.2407649569213,0.3809065092355013,block1:s3,pure_ltr,mixed,1785138340.7783513,1785138340.7787323,1785138341.17514,1785138341.857981,
block1-001396,445.7952262600884,1136.6918903077021,48,280.0,443.85867996606976,1134.7553440136835,1.9365462940186262,block1:s3,pure_ltr,mixed,1785138341.5630958,1785138341.5650327,1785138342.0089023,1785138342.6997993,
block1-001397,349.00116408243775,1002.346940105781,43,412.5,348.8166560418904,1002.1624320652336,0.1845080405473709,block1:s3,pure_ltr,mixed,1785138341.6976647,1785138341.6978493,1785138342.0466764,1785138342.7000222,
block1-001398,455.3802858572453,1038.5623828042299,46,12.5,454.4434470590204,1037.625544006005,0.936838798224926,block1:s3,pure_ltr,mixed,1785138342.2241516,1785138342.2250886,1785138342.6795406,1785138343.2627227,
block1-001399,72.26067781448364,3146.551849786192,150,395.0,70.20221801940352,3144.493389991112,2.0584597950801253,block1:zero_tool,pure_ltr,mixed,1785138342.3802104,1785138342.382269,1785138342.452478,1785138345.5267692,
block1-001400,405.14214476570487,1082.0591597585008,48,280.0,404.0816150372848,1080.9986300300807,1.0605297284200788,block1:s4,pure_ltr,mixed,1785138342.406766,1785138342.4078267,1785138342.8119216,1785138343.4888387,
block1-001401,459.4059028895572,1124.1140828933567,48,152.5,457.3946299497038,1122.1028099535033,2.01127293985337,block1:s4,pure_ltr,mixed,1785138343.179916,1785138343.1819274,1785138343.6393309,1785138344.304039,
block1-001402,454.96127801015973,1101.3726679375395,48,17.5,453.10756901744753,1099.5189589448273,1.8537089927121997,block1:s4,pure_ltr,mixed,1785138343.2398262,1785138343.2416801,1785138343.694795,1785138344.3412066,
block1-001403,410.27665650472045,1092.6212884951383,49,170.0,409.35923298820853,1091.7038649786264,0.9174235165119171,block1:s4,pure_ltr,mixed,1785138343.5497034,1785138343.550621,1785138343.9599893,1785138344.6423342,
block1-001404,63.14512772951275,3607.9997536726296,166,50.0,62.48603400308639,3607.3406599462032,0.659093726426363,block1:zero_tool,pure_ltr,mixed,1785138344.032648,1785138344.0333085,1785138344.095838,1785138347.6406922,
block1-001405,411.93469637073576,1088.2789513561875,48,322.5,410.90837004594505,1087.2526250313967,1.0263263247907162,block1:s4,pure_ltr,mixed,1785138344.1749282,1785138344.175955,1785138344.5869002,1785138345.2632446,
block1-001406,437.0594434440136,1150.6916164653376,48,177.5,435.3479570709169,1148.9801300922409,1.7114863730967045,block1:s4,pure_ltr,mixed,1785138344.5590389,1785138344.5607505,1785138344.9961076,1785138345.7097394,
block1-001407,88.69477140251547,3544.7495573898777,159,412.5,87.96410996001214,3544.0188959473744,0.7306614425033331,block1:zero_tool,pure_ltr,mixed,1785138344.6120427,1785138344.6127737,1785138344.7007446,1785138348.1567993,
block1-001408,318.8778362236917,992.1914472943172,43,322.5,317.74502096232027,991.0586320329458,1.1328152613714337,block1:s1,pure_ltr,mixed,1785138344.75455,1785138344.7556837,1785138345.0734446,1785138345.7467582,
block1-001409,69.32666979264468,4939.404555829242,220,152.5,68.93774098716676,4939.015627023764,0.3889288054779172,block1:zero_tool,pure_ltr,mixed,1785138344.869083,1785138344.8694725,1785138344.938424,1785138349.8085012,
block1-001410,456.9130704039708,1092.7438014186919,44,572.5,456.017472082749,1091.84820309747,0.8955983212217689,block1:s1,pure_ltr,mixed,1785138345.5280714,1785138345.5289671,1785138345.9849932,1785138346.620825,
block1-001411,171.9688423909247,1659.695006441325,73,320.0,170.0045719044283,1657.7307359548286,1.964270486496389,block1:s1,pure_ltr,mixed,1785138345.5379848,1785138345.5399494,1785138345.7099628,1785138347.1976888,
block1-001412,323.2395115774125,843.9891926245764,36,187.5,322.5958209950477,843.3455020422116,0.6436905823647976,block1:s1,pure_ltr,mixed,1785138345.7754865,1785138345.77613,1785138346.0987346,1785138346.6194844,
block1-001413,65.22009498439729,8826.85542490799,407,282.5,64.68469009269029,8826.320020016283,0.5354048917070031,block1:zero_tool,pure_ltr,mixed,1785138345.900761,1785138345.9012964,1785138345.9659894,1785138354.7276244,
block1-001414,296.61945381667465,878.4180618822575,40,107.5,295.14507995918393,876.9436880247667,1.4743738574907184,block1:s1,pure_ltr,mixed,1785138346.2443986,1785138346.2458732,1785138346.5410273,1785138347.122826,
block1-001415,59.72132144961506,3714.6146894665435,165,217.5,58.081335038878024,3712.9747030558065,1.6399864107370377,block1:zero_tool,pure_ltr,mixed,1785138346.6193388,1785138346.6209788,1785138346.67907,1785138350.3339632,
block1-001416,63.372693490237,3331.64145052433,145,395.0,62.18623497989029,3330.4549920139834,1.1864585103467107,block1:zero_tool,pure_ltr,mixed,1785138346.8275073,1785138346.8286948,1785138346.8908951,1785138350.1591637,
block1-001417,353.44852053094655,1079.3925755424425,42,25.0,353.3048740355298,1079.2489290470257,0.14364649541676044,block1:s2,pure_ltr,mixed,1785138347.229687,1785138347.2298307,1785138347.583143,1785138348.309087,
block1-001418,349.6391869848594,923.219371936284,36,350.0,349.214373040013,922.7945579914376,0.4248139448463917,block1:s2,pure_ltr,mixed,1785138347.2334266,1785138347.2338514,1785138347.5830753,1785138348.1566553,
block1-001419,142.63086556456983,1852.9007135657594,74,10.0,141.87327201943845,1852.143120020628,0.7575935451313853,block1:s2,pure_ltr,mixed,1785138347.7977428,1785138347.7985005,1785138347.9403822,1785138349.6506524,
block1-001420,396.23657322954386,963.2657822221518,36,107.5,395.6930919084698,962.7223009010777,0.5434813210740685,block1:s2,pure_ltr,mixed,1785138347.8162076,1785138347.8167517,1785138348.212458,1785138348.7794867,
block1-001421,66.4490379858762,3561.481109005399,156,485.0,65.36220805719495,3560.394279076718,1.0868299286812544,block1:zero_tool,pure_ltr,mixed,1785138347.973849,1785138347.974936,1785138348.0403087,1785138351.5353408,
block1-001422,413.29738730564713,1025.4262792877853,38,17.5,412.5836440362036,1024.7125360183418,0.713743269443512,block1:s2,pure_ltr,mixed,1785138348.026693,1785138348.027407,1785138348.440001,1785138349.05213,
block1-001423,81.14445302635431,5165.350579074584,231,15.0,80.44120494741946,5164.647330995649,0.7032480789348483,block1:zero_tool,pure_ltr,mixed,1785138348.075198,1785138348.0759015,1785138348.1563723,1785138353.2405777,
block1-001424,250.36430824548006,995.0144022004679,38,17.5,249.62601903825998,994.2761129932478,0.7382892072200775,block1:s3,pure_ltr,mixed,1785138348.1360703,1785138348.1368089,1785138348.3864455,1785138349.1310956,
block1-001425,63.360302709043026,2874.750157701783,128,15.0,62.15072504710406,2873.540580039844,1.2095776619389653,block1:zero_tool,pure_ltr,mixed,1785138348.384353,1785138348.3855627,1785138348.4477222,1785138351.2591121,
block1-001426,449.05280880630016,1066.8525377986953,41,550.0,448.5818960238248,1066.38162501622,0.4709127824753523,block1:s3,pure_ltr,mixed,1785138348.4427078,1785138348.4431787,1785138348.8917706,1785138349.5095701,
block1-001427,491.9499309035018,1169.791298918426,48,820.0,489.6909869275987,1167.532354942523,2.258943975903094,block1:s3,pure_ltr,mixed,1785138348.6193285,1785138348.6215878,1785138349.111287,1785138349.7891285,
block1-001428,357.7628683997318,996.3647314580157,41,287.5,357.02959494665265,995.6314580049366,0.733273453079164,block1:s3,pure_ltr,mixed,1785138348.7534747,1785138348.7542083,1785138349.1112487,1785138349.7498503,
block1-001429,362.37600236199796,1003.3120013540611,43,217.5,361.592874978669,1002.5288739707321,0.7831273833289742,block1:s3,pure_ltr,mixed,1785138348.9061909,1785138348.9069738,1785138349.2685754,1785138349.9095113,
block1-001430,90.46206856146455,3498.3216755790636,161,115.0,89.84072494786233,3497.7003319654614,0.621343613602221,block1:zero_tool,pure_ltr,mixed,1785138348.9620965,1785138348.962718,1785138349.0525687,1785138352.460428,
block1-001431,59.51147968880832,2816.3581107510254,128,95.0,59.173561981879175,2816.0201930440962,0.33791770692914724,block1:zero_tool,pure_ltr,mixed,1785138349.3155906,1785138349.3159285,1785138349.3751106,1785138352.131957,
block1-001432,421.23808863107115,1082.9378216294572,48,70.0,420.9229659754783,1082.6226989738643,0.3151226555928588,block1:s4,pure_ltr,mixed,1785138349.3283064,1785138349.3286216,1785138349.7495534,1785138350.4112532,
block1-001433,64.57544059958309,3209.119088598527,150,280.0,63.84595204144716,3208.389600040391,0.7294885581359267,block1:zero_tool,pure_ltr,mixed,1785138349.486472,1785138349.4872015,1785138349.5510561,1785138352.6955998,
block1-001434,424.62119250558317,1119.633833412081,48,172.5,423.7326290458441,1118.745269952342,0.888563459739089,block1:s4,pure_ltr,mixed,1785138349.8502681,1785138349.8511567,1785138350.2748988,1785138350.9699113,
block1-001435,101.9763620570302,2984.2366380617023,139,47.5,101.49948007892817,2983.7597560836,0.47688197810202837,block1:zero_tool,pure_ltr,mixed,1785138349.8817103,1785138349.8821874,1785138349.9836948,1785138352.8659549,
block1-001436,449.2103832308203,1151.4231271576136,48,20.0,447.1621089614928,1149.3748528882861,2.0482742693275213,block1:s4,pure_ltr,mixed,1785138350.4418406,1785138350.443889,1785138350.8910606,1785138351.5932722,
block1-001437,416.04362160433084,1121.5931075857952,48,282.5,414.9010790279135,1120.450565009378,1.142542576417327,block1:s4,pure_ltr,mixed,1785138350.649916,1785138350.6510584,1785138351.0659676,1785138351.7715175,
block1-001438,95.85259179584682,3478.2620067708194,162,155.0,95.47610301524401,3477.8855179902166,0.37648878060281277,block1:zero_tool,pure_ltr,mixed,1785138351.0611339,1785138351.0615103,1785138351.1569948,1785138354.5394044,
block1-001439,76.08817028813064,3568.306347238831,167,287.5,75.58304606936872,3567.8012230200693,0.5051242187619209,block1:zero_tool,pure_ltr,mixed,1785138351.0845783,1785138351.0850835,1785138351.1606739,1785138354.6528919,
block1-001440,72.47439725324512,4090.675549232401,189,15.0,71.97396410629153,4090.1751160854474,0.5004331469535828,block1:zero_tool,pure_ltr,mixed,1785138351.088306,1785138351.0888064,1785138351.1607866,1785138355.178988,
block1-001441,357.33841685578227,876.4708589296788,37,52.5,356.42411501612514,875.5565570900217,0.9143018396571279,block1:s1,pure_ltr,mixed,1785138351.3133957,1785138351.3143098,1785138351.6707423,1785138352.1898746,
block1-001442,377.8488028328866,960.5711358599365,44,145.0,376.93489098455757,959.6572240116075,0.9139118483290076,block1:s1,pure_ltr,mixed,1785138351.7539318,1785138351.7548456,1785138352.1317875,1785138352.7145097,
block1-001443,69.31912200525403,7080.2579609444365,339,117.5,68.81819001864642,7079.757028957829,0.5009319866076112,block1:zero_tool,pure_ltr,mixed,1785138351.846762,1785138351.8472626,1785138351.9160888,1785138358.9270277,
block1-001444,71.57498062588274,3209.2470346251503,147,140.0,70.80321596004069,3208.475269959308,0.7717646658420563,block1:zero_tool,pure_ltr,mixed,1785138352.5267317,1785138352.5275037,1785138352.598315,1785138355.7359872,
block1-001445,54.007702972739935,1166.93071287591,50,12.5,53.39926399756223,1166.3222739007324,0.6084389751777053,block1:zero_tool,pure_ltr,mixed,1785138352.9094906,1785138352.9100993,1785138352.9635065,1785138354.0764296,
block1-001446,341.1901277722791,961.805768776685,39,10.0,340.16404999420047,960.7796909986064,1.0260777780786157,block1:s1,pure_ltr,mixed,1785138353.0375257,1785138353.0385518,1785138353.378725,1785138353.9993408,
block1-001447,185.3032585931942,1524.544325657189,68,12.5,184.69132797326893,1523.9323950372636,0.6119306199252605,block1:s1,pure_ltr,mixed,1785138353.055117,1785138353.055729,1785138353.240449,1785138354.5796902,
block1-001448,72.42112059611827,3105.9639386367053,147,820.0,70.50714700017124,3104.0499650407583,1.9139735959470272,block1:zero_tool,pure_ltr,mixed,1785138353.228822,1785138353.230736,1785138353.301252,1785138356.3347948,
block1-001449,57.47955455444753,3701.320673455484,179,172.5,56.84722599107772,3700.6883448921144,0.6323285633698106,block1:zero_tool,pure_ltr,mixed,1785138353.2435915,1785138353.2442238,1785138353.3010776,1785138356.9449186,
block1-001450,338.2486386690289,805.7462116703391,37,12.5,336.2712690141052,803.7688420154154,1.9773696549236774,block1:s2,pure_ltr,mixed,1785138353.4451509,1785138353.4471283,1785138353.783408,1785138354.250905,
block1-001451,405.24869377259165,1064.7049377439544,43,15.0,403.19263306446373,1062.6488770358264,2.056060708127916,block1:s2,pure_ltr,mixed,1785138354.924622,1785138354.9266782,1785138355.3298802,1785138355.9893365,
block1-001452,365.07288936991245,909.1055353637785,36,572.5,364.72113500349224,908.7537809973583,0.3517543664202094,block1:s2,pure_ltr,mixed,1785138354.96456,1785138354.9649122,1785138355.329642,1785138355.8736744,
block1-001453,365.3284120373428,906.540623982437,38,282.5,365.0072260061279,906.2194379512221,0.32118603121489286,block1:s2,pure_ltr,mixed,1785138355.0441744,1785138355.0444958,1785138355.4095156,1785138355.9507277,
block1-001454,58.87183058075607,3896.4032005751505,184,75.0,58.1788329873234,3895.710202981718,0.6929975934326649,block1:zero_tool,pure_ltr,mixed,1785138355.3507535,1785138355.3514466,1785138355.4096322,1785138359.2471635,
block1-001455,376.203469815664,838.4775628801435,37,282.5,375.5753430305049,837.8494360949844,0.628126785159111,block1:s2,pure_ltr,mixed,1785138355.4546688,1785138355.4552968,1785138355.830879,1785138356.2931526,
block1-001456,70.26640139520168,2992.1005862997845,147,322.5,69.44709899835289,2991.2812839029357,0.8193023968487978,block1:zero_tool,pure_ltr,mixed,1785138355.5883954,1785138355.5892148,1785138355.6586711,1785138358.5805054,
block1-001457,285.0061299977824,861.8854539236054,39,145.0,284.07662198878825,860.9559459146112,0.9295080089941621,block1:s3,pure_ltr,mixed,1785138355.646118,1785138355.6470478,1785138355.9311318,1785138356.508011,
block1-001458,56.53946218080819,4843.869779142551,229,15.0,55.59081805404276,4842.921135015786,0.94864412676543,block1:zero_tool,pure_ltr,mixed,1785138355.8170104,1785138355.817959,1785138355.8735573,1785138360.6608872,
block1-001459,70.4046372557059,3277.749087312259,153,320.0,69.30147996172309,3276.645930018276,1.1031572939828038,block1:zero_tool,pure_ltr,mixed,1785138356.2641563,1785138356.2652595,1785138356.33457,1785138359.5419145,
block1-001460,58.17201954778284,3877.2851754911244,182,287.5,57.51913506537676,3876.6322910087183,0.6528844824060798,block1:zero_tool,pure_ltr,mixed,1785138356.3167686,1785138356.3174217,1785138356.3749483,1785138360.1940615,
block1-001461,61.13218981772661,3576.986485859379,166,85.0,60.8420668868348,3576.6963629284874,0.29012293089181185,block1:zero_tool,pure_ltr,mixed,1785138356.6943755,1785138356.6946657,1785138356.7555265,1785138360.2713807,
block1-001462,56.85764842201024,3783.130174386315,172,20.0,56.20498803909868,3782.4775140034035,0.6526603829115629,block1:zero_tool,pure_ltr,mixed,1785138357.0975492,1785138357.0982018,1785138357.1544154,1785138360.8806882,
block1-001463,313.59147757757455,967.706011608243,43,160.0,312.82693904358894,966.9414730742574,0.7645385339856148,block1:s3,pure_ltr,mixed,1785138357.2026346,1785138357.2033992,1785138357.5162354,1785138358.1703498,
block1-001464,409.38850259408355,1128.5548055311665,49,95.0,409.1747479978949,1128.3410509349778,0.21375459618866444,block1:s4,pure_ltr,mixed,1785138357.7986224,1785138357.7988362,1785138358.2080195,1785138358.9271858,
block1-001465,74.9327001394704,4370.308909215964,188,550.0,73.24052997864783,4368.616739055142,1.6921701608225703,block1:zero_tool,pure_ltr,mixed,1785138358.4273763,1785138358.4290686,1785138358.502317,1785138362.7976935,
block1-001466,56.19083740748465,3518.190295319073,158,140.0,55.94927805941552,3517.9487359710038,0.24155934806913137,block1:zero_tool,pure_ltr,mixed,1785138358.445951,1785138358.4461927,1785138358.502149,1785138361.9641488,
block1-001467,536.221289425157,1200.1069714315236,48,117.5,535.7064830604941,1199.5921650668606,0.5148063646629453,block1:s4,pure_ltr,mixed,1785138358.7107766,1785138358.7112913,1785138359.2470052,1785138359.9108908,
block1-001468,537.4726213049144,1209.3570462893695,48,15.0,536.5783199667931,1208.4627449512482,0.894301338121295,block1:s4,pure_ltr,mixed,1785138358.7210784,1785138358.7219727,1785138359.2585585,1785138359.9304428,
block1-001469,65.67766075022519,3128.3834996866062,140,15.0,64.92134800646454,3127.6271869428456,0.7563127437606454,block1:zero_tool,pure_ltr,mixed,1785138358.9031503,1785138358.903907,1785138358.9688373,1785138362.031543,
block1-001470,476.3773859012872,1164.8473038803786,48,107.5,475.3448439296335,1163.814761908725,1.0325419716536999,block1:s4,pure_ltr,mixed,1785138358.9503846,1785138358.951417,1785138359.42677,1785138360.1152396,
block1-001471,450.54604846518487,1135.8878834871575,48,17.5,448.59223207458854,1133.9340670965612,1.9538163905963302,block1:s4,pure_ltr,mixed,1785138359.038011,1785138359.039965,1785138359.488565,1785138360.1739068,
block1-001472,346.5796046657488,986.0327896894887,43,100.0,346.1801949888468,985.6333800125867,0.39940967690199614,block1:s1,pure_ltr,mixed,1785138359.2657256,1785138359.2661252,1785138359.6123126,1785138360.251766,
block1-001473,61.65216094814241,4202.084384975024,184,10.0,61.08984595630318,4201.522069983184,0.5623149918392301,block1:zero_tool,pure_ltr,mixed,1785138359.3646884,1785138359.3652508,1785138359.4263499,1785138363.566782,
block1-001474,75.14843379613012,3498.9269417710602,153,297.5,74.0073990309611,3497.785907005891,1.1410347651690245,block1:zero_tool,pure_ltr,mixed,1785138359.4748063,1785138359.4759476,1785138359.549963,1785138362.973741,
block1-001475,75.13770589139313,4788.022857857868,213,95.0,74.4984169723466,4787.383568938822,0.6392889190465212,block1:zero_tool,pure_ltr,mixed,1785138359.537341,1785138359.5379803,1785138359.612486,1785138364.325371,
block1-001476,266.67093799915165,790.9609539201483,33,322.5,265.75205009430647,790.0420660153031,0.9188879048451781,block1:s1,pure_ltr,mixed,1785138359.9457421,1785138359.9466608,1785138360.212421,1785138360.736711,
block1-001477,120.3475019428879,1428.833866957575,63,155.0,119.9766380013898,1428.463003016077,0.37086394149810076,block1:s1,pure_ltr,mixed,1785138360.3275323,1785138360.3279033,1785138360.447887,1785138361.7563732,
block1-001478,436.326629598625,1072.46959162876,47,17.5,435.8441890217364,1071.9871510518715,0.48244057688862085,block1:s1,pure_ltr,mixed,1785138360.7977085,1785138360.798191,1785138361.2340431,1785138361.8701863,
block1-001479,292.44438535533845,856.6783532733098,33,115.0,292.0260730898008,856.2600410077721,0.4183122655376792,block1:s1,pure_ltr,mixed,1785138361.3857965,1785138361.386215,1785138361.6782598,1785138362.2424939,
block1-001480,384.9395150318742,1065.7074979972094,40,297.5,384.6544800326228,1065.422462997958,0.28503499925136566,block1:s2,pure_ltr,mixed,1785138361.9660718,1785138361.966357,1785138362.3510206,1785138363.0317886,
block1-001481,437.27106775622815,948.837420786731,36,117.5,436.30120798479766,947.8675610153005,0.9698597714304924,block1:s2,pure_ltr,mixed,1785138362.0447814,1785138362.0457513,1785138362.4820595,1785138362.9936259,
block1-001482,454.5894528273493,1138.2298897951841,43,297.5,453.5686100134626,1137.2090469812974,1.020842813886702,block1:s2,pure_ltr,mixed,1785138362.1424112,1785138362.1434321,1785138362.5970075,1785138363.2806482,
block1-001483,457.4036367703229,1158.0219367751852,43,10.0,456.336022936739,1156.9543229416013,1.0676138335838914,block1:s2,pure_ltr,mixed,1785138362.1591623,1785138362.16023,1785138362.6165738,1785138363.3171916,
block1-001484,102.4844542844221,5955.590569181368,273,10.0,101.67628701310605,5954.782401910052,0.8081672713160515,block1:zero_tool,pure_ltr,mixed,1785138362.3326333,1785138362.3334415,1785138362.435126,1785138368.2882316,
block1-001485,491.3857812061906,1183.7795191677287,49,110.0,490.4815590707585,1182.8752970322967,0.9042221354320645,block1:s2,pure_ltr,mixed,1785138362.3643177,1785138362.365222,1785138362.8557115,1785138363.5481055,
block1-001486,320.37704810500145,898.6106051597744,36,15.0,319.88601095508784,898.1195680098608,0.49103714991360903,block1:s2,pure_ltr,mixed,1785138362.456966,1785138362.457457,1785138362.777353,1785138363.3555865,
block1-001487,99.43292569369078,2219.2242346936837,102,17.5,97.96364593785256,2217.7549549378455,1.4692797558382154,block1:zero_tool,pure_ltr,mixed,1785138362.4779418,1785138362.4794111,1785138362.577384,1785138364.697175,
block1-001488,57.64982814434916,3047.6535151246935,142,115.0,57.17272497713566,3047.17641195748,0.47710316721349955,block1:zero_tool,pure_ltr,mixed,1785138362.641466,1785138362.641943,1785138362.6991243,1785138365.689128,
block1-001489,479.4629695825279,1122.932373546064,48,282.5,479.0244840551168,1122.4938880186528,0.43848552741110325,block1:s3,pure_ltr,mixed,1785138363.0687654,1785138363.0692039,1785138363.548261,1785138364.1917305,
block1-001490,452.6684653246775,910.6335754040629,38,17.5,451.88831200357527,909.8534220829606,0.7801533211022615,block1:s3,pure_ltr,mixed,1785138363.07543,1785138363.0762103,1785138363.528116,1785138363.9860811,
block1-001491,308.66820144001395,880.9537914348766,39,52.5,307.6998080359772,879.9853980308399,0.9683934040367603,block1:s3,pure_ltr,mixed,1785138363.161394,1785138363.1623623,1785138363.4700701,1785138364.0423558,
block1-001492,55.47062121331692,3712.3414853122085,171,20.0,55.05884997546673,3711.9297140743583,0.4117712378501892,block1:zero_tool,pure_ltr,mixed,1785138363.7787397,1785138363.7791517,1785138363.834218,1785138367.491089,
block1-001493,447.5025275023654,1051.2186984997243,46,152.5,446.70115399640054,1050.4173249937594,0.8013735059648752,block1:s3,pure_ltr,mixed,1785138364.0615656,1785138364.062367,1785138364.5090759,1785138365.1127918,
block1-001494,457.1608650730923,1023.798996116966,43,572.5,456.58350293524563,1023.2216339791194,0.5773621378466487,block1:s3,pure_ltr,mixed,1785138364.2950969,1785138364.295674,1785138364.7522655,1785138365.3189032,
block1-001495,51.940665231086314,3047.4659132305533,139,10.0,51.219757995568216,3046.745005995035,0.7209072355180979,block1:zero_tool,pure_ltr,mixed,1785138364.834355,1785138364.835076,1785138364.8863037,1785138367.881829,
block1-001496,478.16695587243885,1098.6699198838323,48,350.0,477.7405350469053,1098.2434990582988,0.42642082553356886,block1:s4,pure_ltr,mixed,1785138364.878099,1785138364.8785255,1785138365.3562737,1785138365.9767766,
block1-001497,449.2615860654041,1067.7229531574994,48,572.5,449.0220178849995,1067.4833849770948,0.23956818040460348,block1:s4,pure_ltr,mixed,1785138365.1039953,1785138365.104235,1785138365.5532634,1785138366.1717248,
block1-001498,432.71467566955835,1051.0993635980412,48,10.0,432.6012840028852,1050.985971931368,0.11339166667312384,block1:s4,pure_ltr,mixed,1785138365.139534,1785138365.1396475,1785138365.5722551,1785138366.19064,
block1-001499,62.89112661033869,3368.744104518555,158,322.5,62.10026401095092,3367.9532419191673,0.7908625993877649,block1:zero_tool,pure_ltr,mixed,1785138365.3913682,1785138365.3921592,1785138365.4542675,1785138368.7601204,
block1-001500,55.605233064852655,2942.9194460390136,136,20.0,54.654970997944474,2941.9691839721054,0.9502620669081807,block1:zero_tool,pure_ltr,mixed,1785138365.4974282,1785138365.4983785,1785138365.5530407,1785138368.4403548,
block1-001501,60.645153163932264,3631.9035581545904,170,282.5,59.82636893168092,3631.084773922339,0.8187842322513461,block1:zero_tool,pure_ltr,mixed,1785138365.9168801,1785138365.9176989,1785138365.9775343,1785138369.5487924,
block1-001502,60.8469108119607,3572.911695810035,167,187.5,59.990589041262865,3572.055374039337,0.8563217706978321,block1:zero_tool,pure_ltr,mixed,1785138365.9761045,1785138365.9769607,1785138366.0369577,1785138369.5490224,
block1-001503,70.70606341585517,3625.9059633594006,170,115.0,68.97847901564091,3624.1783789591864,1.7275844002142549,block1:zero_tool,pure_ltr,mixed,1785138366.2360466,1785138366.2377741,1785138366.3067713,1785138369.861971,
block1-001504,56.26479908823967,2557.438606163487,117,10.0,55.67578901536763,2556.849596090615,0.5890100728720427,block1:zero_tool,pure_ltr,mixed,1785138366.4811718,1785138366.4817607,1785138366.5374436,1785138369.0386171,
block1-001505,127.75735440663993,1412.88445238024,59,15.0,126.70667306520045,1411.8337710388005,1.0506813414394855,block1:s1,pure_ltr,mixed,1785138366.6237607,1785138366.6248114,1785138366.7515254,1785138368.0366523,
block1-001506,350.4627352813259,984.6532882656902,40,187.5,349.58723501767963,983.777788002044,0.875500263646245,block1:s1,pure_ltr,mixed,1785138366.858825,1785138366.8597004,1785138367.2092965,1785138367.8434873,
block1-001507,122.28306534234434,1598.5810643760487,72,177.5,121.23060505837202,1597.5286040920764,1.052460283972323,block1:s1,pure_ltr,mixed,1785138367.0869095,1785138367.0879622,1785138367.2092009,1785138368.6854987,
block1-001508,325.4516100278124,851.4416089747101,39,217.5,324.4614200666547,850.4514190135524,0.9901899611577392,block1:s1,pure_ltr,mixed,1785138367.2234814,1785138367.2244718,1785138367.5489416,1785138368.0749314,
block1-001509,127.7912623481825,1425.4454803885892,67,110.0,127.35422200057656,1425.0084400409833,0.4370403476059437,block1:s1,pure_ltr,mixed,1785138368.1411073,1785138368.141544,1785138368.2689052,1785138369.5665593,
block1-001510,428.8514705840498,1081.4976316178218,47,20.0,428.1348920194432,1080.7810530532151,0.716578564606607,block1:s1,pure_ltr,mixed,1785138369.1928883,1785138369.193605,1785138369.6217477,1785138370.2743938,
block1-001511,114.87992736510932,1402.7218052651733,61,15.0,114.7272790549323,1402.5691569549963,0.15264831017702818,block1:s1,pure_ltr,mixed,1785138370.0013528,1785138370.0015056,1785138370.1162407,1785138371.4040828,
block1-001512,374.06935973558575,861.4057328086346,38,95.0,373.3252719976008,860.6616450706497,0.7440877379849553,block1:s2,pure_ltr,mixed,1785138370.0699694,1785138370.0707133,1785138370.444046,1785138370.931383,
block1-001513,56.83922802563757,3454.8790080007166,154,95.0,56.022088043391705,3454.0618680184707,0.8171399822458625,block1:zero_tool,pure_ltr,mixed,1785138370.3684254,1785138370.3692427,1785138370.425273,1785138373.823313,
block1-001514,53.82984725292772,3452.0650572376326,152,92.5,53.13865304924548,3451.3738630339503,0.6911942036822438,block1:zero_tool,pure_ltr,mixed,1785138370.692862,1785138370.6935534,1785138370.7467,1785138374.1449351,
block1-001515,94.6305834222585,1759.2053053667769,72,177.5,94.3751729791984,1758.9498949237168,0.2554104430601001,block1:s2,pure_ltr,mixed,1785138370.7803733,1785138370.7806287,1785138370.8750107,1785138372.5395856,
block1-001516,295.17728253267705,791.9576835120097,36,105.0,293.9130460144952,790.6934469938278,1.2642365181818604,block1:s2,pure_ltr,mixed,1785138370.9104812,1785138370.9117455,1785138371.205665,1785138371.7024455,
block1-001517,341.73730679322034,1047.9903687955812,44,12.5,341.41486196313053,1047.6679239654914,0.3224448300898075,block1:s2,pure_ltr,mixed,1785138371.2104967,1785138371.210819,1785138371.552283,1785138372.258536,
block1-001518,441.30246550776064,1010.9546964522451,38,10.0,440.72811398655176,1010.3803449310362,0.5743515212088823,block1:s2,pure_ltr,mixed,1785138371.7592492,1785138371.7598236,1785138372.2005603,1785138372.7702127,
block1-001519,339.92865635082126,911.6779123432934,34,92.5,339.0642370795831,910.8134930720553,0.8644192712381482,block1:s2,pure_ltr,mixed,1785138371.8420238,1785138371.8428884,1785138372.1819603,1785138372.75371,
block1-001520,307.52156022936106,879.5217862352729,32,307.5,305.5693799396977,877.5696059456095,1.9521802896633744,block1:s3,pure_ltr,mixed,1785138371.8743591,1785138371.8763115,1785138372.1818893,1785138372.7538896,
block1-001521,286.15421953145415,984.6670775441453,39,485.0,285.9929130645469,984.505771077238,0.1613064669072628,block1:s3,pure_ltr,mixed,1785138372.0663168,1785138372.066478,1785138372.3524804,1785138373.0509932,
block1-001522,471.14341403357685,1166.8833190342411,49,217.5,470.0205090921372,1165.7604140928015,1.1229049414396286,block1:s3,pure_ltr,mixed,1785138372.282407,1785138372.28353,1785138372.7535594,1785138373.4492989,
block1-001523,464.7155123529956,1144.23474133946,48,20.0,463.3156550116837,1142.8348839981481,1.399857341311872,block1:s3,pure_ltr,mixed,1785138372.3051865,1785138372.3065863,1785138372.7699115,1785138373.4494298,
block1-001524,427.8944698162377,1109.961773850955,48,217.5,427.09546396508813,1109.1627679998055,0.799005851149559,block1:s3,pure_ltr,mixed,1785138372.3791306,1785138372.3799295,1785138372.8070323,1785138373.4890997,
block1-001525,401.12037619110197,1080.7389162946492,46,15.0,400.42143198661506,1080.0399720901623,0.6989442044869065,block1:s3,pure_ltr,mixed,1785138372.8184612,1785138372.81916,1785138373.2195883,1785138373.8992069,
block1-001526,64.86272986512631,3605.3904888685793,165,15.0,64.26440901122987,3604.792168014683,0.5983208538964391,block1:zero_tool,pure_ltr,mixed,1785138373.254645,1785138373.2552435,1785138373.319521,1785138376.8600485,
block1-001527,333.7158904178068,1016.3115923060104,43,20.0,332.57074106950313,1015.1664429577067,1.1451493483036757,block1:s3,pure_ltr,mixed,1785138373.2825866,1785138373.283732,1785138373.6163127,1785138374.2989087,
block1-001528,431.83038488496095,1074.7229139087722,48,47.5,431.29397404845804,1074.1865030722693,0.5364108365029097,block1:s4,pure_ltr,mixed,1785138373.447615,1785138373.4481516,1785138373.8794544,1785138374.522347,
block1-001529,430.158086004667,1072.4485970567912,48,287.5,429.61237695999444,1071.9028880121186,0.5457090446725488,block1:s4,pure_ltr,mixed,1785138373.6354263,1785138373.6359723,1785138374.065598,1785138374.7078886,
block1-001530,405.02693480812013,1037.5037267804146,48,60.0,404.0864530252293,1036.5632449975237,0.9404817828908563,block1:s4,pure_ltr,mixed,1785138373.8936827,1785138373.8946233,1785138374.2987182,1785138374.9311948,
block1-001531,64.27900772541761,3521.153017762117,162,20.0,63.554879976436496,3520.428890013136,0.7241277489811182,block1:zero_tool,pure_ltr,mixed,1785138374.0424721,1785138374.043197,1785138374.1067894,1785138377.5636632,
block1-001532,66.42668566200882,3734.333301661536,172,12.5,64.55625803209841,3732.4628740316257,1.8704276299104095,block1:zero_tool,pure_ltr,mixed,1785138374.1939316,1785138374.195802,1785138374.2603667,1785138377.9282734,
block1-001533,395.41974442545325,1155.4650553734973,48,95.0,394.19935503974557,1154.2446659877896,1.2203893857076764,block1:s4,pure_ltr,mixed,1785138374.5728981,1785138374.5741186,1785138374.968353,1785138375.7283986,
block1-001534,425.60105526354164,1159.5289743272588,48,115.0,424.3035779800266,1158.2314970437437,1.297477283515036,block1:s4,pure_ltr,mixed,1785138375.0217125,1785138375.023011,1785138375.4473302,1785138376.181258,
block1-001535,63.52511909790337,3953.59181414824,185,100.0,62.437613029032946,3952.5043080793694,1.0875060688704252,block1:zero_tool,pure_ltr,mixed,1785138375.1326652,1785138375.1337528,1785138375.1961997,1785138379.0862663,
block1-001536,309.80616493616253,1007.4381538433954,43,217.5,309.258051100187,1006.8900400074199,0.5481138359755278,block1:s1,pure_ltr,mixed,1785138375.2512243,1785138375.2517724,1785138375.5610378,1785138376.2586699,
block1-001537,124.06675261445343,1343.1076756678522,58,152.5,123.32416896242648,1342.3650920158252,0.7425836520269513,block1:s1,pure_ltr,mixed,1785138375.55602,1785138375.5567627,1785138375.6800945,1785138376.8991356,
block1-001538,138.57536436989903,5717.180672334507,260,95.0,137.91066699195653,5716.515974956565,0.6646973779425025,block1:zero_tool,pure_ltr,mixed,1785138375.590578,1785138375.5912428,1785138375.7291622,1785138381.3077676,
block1-001539,119.26407308783382,7668.1877840310335,343,10.0,118.69511904660612,7667.618829989806,0.5689540412276983,block1:zero_tool,pure_ltr,mixed,1785138375.6093426,1785138375.6099114,1785138375.7286139,1785138383.277538,
block1-001540,347.0350889256224,869.1449919715524,39,50.0,346.75944899208844,868.8693520380184,0.27563993353396654,block1:s1,pure_ltr,mixed,1785138375.6391697,1785138375.639446,1785138375.98622,1785138376.5083296,
block1-001541,113.92694059759378,2367.393700638786,108,15.0,113.41383098624647,2366.8805910274386,0.5131096113473177,block1:zero_tool,pure_ltr,mixed,1785138375.6777947,1785138375.6783082,1785138375.7917333,1785138378.0451999,
block1-001542,357.2520576417446,1060.3961725719273,43,15.0,356.1675880337134,1059.311702963896,1.0844696080312133,block1:s1,pure_ltr,mixed,1785138376.5787923,1785138376.5798771,1785138376.9360552,1785138377.639199,
block1-001543,74.01568605564535,3484.609429957345,163,152.5,72.73140002507716,3483.325143926777,1.2842860305681825,block1:zero_tool,pure_ltr,mixed,1785138376.6693215,1785138376.6706061,1785138376.7433457,1785138380.1539392,
block1-001544,366.69990071095526,910.4327966924757,38,170.0,365.7692560227588,909.5021520042792,0.9306446881964803,block1:s2,pure_ltr,mixed,1785138377.0369687,1785138377.0378995,1785138377.4036775,1785138377.94741,
block1-001545,357.44505864568055,930.7511086808518,42,12.5,355.6310290005058,928.937079035677,1.8140296451747417,block1:s2,pure_ltr,mixed,1785138377.3773034,1785138377.3791175,1785138377.7348678,1785138378.308174,
block1-001546,330.98930423147976,901.4956703176722,43,20.0,330.1874150056392,900.6937810918316,0.8018892258405685,block1:s2,pure_ltr,mixed,1785138377.4999619,1785138377.5007637,1785138377.8309612,1785138378.4014673,
block1-001547,66.87416019849479,10055.548024130985,458,20.0,64.95733698830009,10053.63120092079,1.916823210194707,block1:zero_tool,pure_ltr,mixed,1785138377.9213192,1785138377.9232361,1785138377.988202,1785138387.9768758,
block1-001548,70.15932409558445,5743.889408069663,253,117.5,67.99838005099446,5741.728464025073,2.1609440445899963,block1:zero_tool,pure_ltr,mixed,1785138378.4830062,1785138378.4851673,1785138378.5531783,1785138384.2269084,
block1-001549,68.9986846409738,5530.786495655775,245,107.5,68.30180902034044,5530.089620035142,0.6968756206333637,block1:zero_tool,pure_ltr,mixed,1785138378.5434408,1785138378.5441377,1785138378.612449,1785138384.0742395,
block1-001550,68.67149739991874,6613.68214036338,293,12.5,68.14669002778828,6613.15733299125,0.5248073721304536,block1:zero_tool,pure_ltr,mixed,1785138378.7920685,1785138378.792594,1785138378.8607543,1785138385.4057646,
block1-001551,261.58606889657676,756.6547899041325,34,10.0,261.38952502515167,756.4582460327074,0.19654387142509222,block1:s2,pure_ltr,mixed,1785138378.9189074,1785138378.919104,1785138379.1805034,1785138379.675572,
block1-001552,252.0642476156354,944.1441255621612,38,177.5,251.72621698584408,943.8060949323699,0.33803062979131937,block1:s3,pure_ltr,mixed,1785138379.32693,1785138379.327268,1785138379.5790024,1785138380.271082,
block1-001553,356.04019928723574,1039.8411052301526,39,95.0,354.68697000760585,1038.4878759505227,1.3532292796298862,block1:s3,pure_ltr,mixed,1785138379.8167121,1785138379.8180654,1785138380.1727617,1785138380.8565626,
block1-001554,451.32960355840623,1095.5843864940107,41,545.0,450.22456999868155,1094.479352934286,1.1050335597246885,block1:s3,pure_ltr,mixed,1785138379.8198326,1785138379.8209379,1785138380.2711742,1785138380.915429,
block1-001555,280.5273429257795,984.347884892486,39,17.5,280.25329299271107,984.0738349594176,0.27404993306845427,block1:s3,pure_ltr,mixed,1785138379.9904172,1785138379.9906917,1785138380.2709541,1785138380.9747748,
block1-001556,92.64441684354097,3822.986504761502,164,10.0,92.49109704978764,3822.833184967749,0.15331979375332594,block1:zero_tool,pure_ltr,mixed,1785138380.022228,1785138380.0223813,1785138380.11488,1785138383.845222,
block1-001557,64.90189582109451,3768.415422877297,163,152.5,64.35354799032211,3767.8670750465244,0.5483478307723999,block1:zero_tool,pure_ltr,mixed,1785138380.286784,1785138380.2873323,1785138380.351808,1785138384.0553217,
block1-001558,554.849351523444,1139.4850155338645,43,95.0,554.4547199970111,1139.0903840074316,0.3946315264329314,block1:s3,pure_ltr,mixed,1785138380.3407383,1785138380.3411334,1785138380.8955984,1785138381.480234,
block1-001559,315.8693837467581,1115.6225947197527,43,107.5,314.9702970404178,1114.7235080134124,0.899086706340313,block1:s3,pure_ltr,mixed,1785138380.44179,1785138380.4426892,1785138380.7576678,1785138381.5574207,
block1-001560,485.6112311827019,1229.96651311405,48,485.0,485.3936320869252,1229.7489140182734,0.21759909577667713,block1:s4,pure_ltr,mixed,1785138380.7781742,1785138380.7783916,1785138381.263794,1785138382.008149,
block1-001561,98.90996664762497,3597.884001559578,156,70.0,97.98284503631294,3596.956879948266,0.9271216113120317,block1:zero_tool,pure_ltr,mixed,1785138380.796854,1785138380.7977812,1785138380.8957727,1785138384.3947468,
block1-001562,491.54499010182917,1198.4828241402283,48,15.0,491.12709995824844,1198.0649339966476,0.41789014358073473,block1:s4,pure_ltr,mixed,1785138380.9677649,1785138380.9681828,1785138381.4593186,1785138382.1662567,
block1-001563,478.25112706050277,1184.231473132968,48,287.5,477.6140688918531,1183.5944149643183,0.6370581686496735,block1:s4,pure_ltr,mixed,1785138381.0022104,1785138381.0028474,1785138381.4804692,1785138382.1864493,
block1-001564,474.7690330259502,1247.91480100248,48,572.5,472.9386599501595,1246.0844279266894,1.8303730757907033,block1:s4,pure_ltr,mixed,1785138381.2766485,1785138381.2784789,1785138381.751426,1785138382.5245717,
block1-001565,445.56693150661886,1199.15989250876,48,25.0,444.55081201158464,1198.1437730137259,1.0161194950342178,block1:s4,pure_ltr,mixed,1785138381.4825957,1785138381.4836116,1785138381.9281697,1785138382.681763,
block1-001566,418.2087251683697,1170.6731491722167,48,572.5,417.6450410159305,1170.1094650197774,0.5636841524392366,block1:s4,pure_ltr,mixed,1785138381.6681995,1785138381.6687639,1785138382.0864236,1785138382.838888,
block1-001567,500.9017614647746,1233.1539085134864,48,357.5,500.19786902703345,1232.4500160757452,0.7038924377411604,block1:s4,pure_ltr,mixed,1785138382.1999357,1785138382.2006395,1785138382.700843,1785138383.4330952,
block1-001568,391.1528646713123,1082.3661426547915,43,25.0,390.39249101188034,1081.6057689953595,0.7603736594319344,block1:s1,pure_ltr,mixed,1785138382.2922919,1785138382.2930524,1785138382.6834555,1785138383.3746684,
block1-001569,121.25926045700908,1500.6206925027072,66,15.0,120.52438489627093,1499.885816941969,0.7348755607381463,block1:s1,pure_ltr,mixed,1785138382.3637578,1785138382.3644931,1785138382.4850295,1785138383.8643904,
block1-001570,345.0680604437366,930.3344615036622,40,10.0,343.8017319422215,929.0681330021471,1.2663285015150905,block1:s1,pure_ltr,mixed,1785138383.0875306,1785138383.0887973,1785138383.4326131,1785138384.0178795,
block1-001571,393.308078404516,846.9678794499487,37,160.0,392.3018060158938,845.9616070613265,1.0062723886221647,block1:s1,pure_ltr,mixed,1785138383.1327963,1785138383.1338027,1785138383.5261226,1785138383.9797816,
block1-001572,56.835663388483226,2285.989141324535,107,100.0,56.628315011039376,2285.781792947091,0.20734837744385004,block1:zero_tool,pure_ltr,mixed,1785138383.4766245,1785138383.476832,1785138383.533469,1785138385.7626224,
block1-001573,131.43115013372153,1502.7426481246948,67,52.5,130.81296195741743,1502.1244599483907,0.6181881763041019,block1:s1,pure_ltr,mixed,1785138384.0770025,1785138384.0776207,1785138384.2084434,1785138385.579755,
block1-001574,391.6417317232117,970.557494671084,43,172.5,391.444397973828,970.3601609217003,0.19733374938368797,block1:s1,pure_ltr,mixed,1785138384.4174688,1785138384.417666,1785138384.809234,1785138385.3881497,
block1-001575,56.31502263713628,3277.111771632917,151,22.5,55.50206790212542,3276.2988168979064,0.8129547350108624,block1:zero_tool,pure_ltr,mixed,1785138384.5138662,1785138384.514679,1785138384.5701928,1785138387.7909892,
block1-001576,53.18165698554367,2969.9689770350233,135,357.5,52.77420300990343,2969.561523059383,0.40745397564023733,block1:zero_tool,pure_ltr,mixed,1785138384.5771153,1785138384.5775232,1785138384.63031,1785138387.5470974,
block1-001577,322.45923357550055,902.362315566279,42,12.5,322.2342299995944,902.1373119903728,0.2250035759061575,block1:s2,pure_ltr,mixed,1785138384.677565,1785138384.6777902,1785138385.000034,1785138385.5799367,
block1-001578,64.28447656799108,3505.8323856210336,160,60.0,63.96143895108253,3505.509348004125,0.32303761690855026,block1:zero_tool,pure_ltr,mixed,1785138385.2827585,1785138385.2830818,1785138385.347053,1785138388.788601,
block1-001579,71.23147754464298,8776.828894508071,394,282.5,69.80680604465306,8775.404223008081,1.4246714999899268,block1:zero_tool,pure_ltr,mixed,1785138385.3750517,1785138385.3764765,1785138385.4462917,1785138394.151889,
block1-001580,334.0986269759014,946.2382369674742,35,280.0,333.2982350839302,945.437845075503,0.8003918919712305,block1:s2,pure_ltr,mixed,1785138385.550965,1785138385.5517657,1785138385.8850763,1785138386.4972157,
block1-001581,362.4944045441225,1022.6393186021596,41,115.0,361.5671730367467,1021.7120870947838,0.9272315073758364,block1:s2,pure_ltr,mixed,1785138385.747081,1785138385.7480083,1785138386.109584,1785138386.7697291,
block1-001582,451.40271191485226,923.139622900635,38,115.0,450.77369501814246,922.5106060039252,0.6290168967097998,block1:s2,pure_ltr,mixed,1785138385.9272895,1785138385.9279187,1785138386.3787,1785138386.8504372,
block1-001583,354.67775515280664,828.2372811809182,34,50.0,353.76765893306583,827.3271849611774,0.910096219740808,block1:s2,pure_ltr,mixed,1785138386.004624,1785138386.0055342,1785138386.35931,1785138386.8328693,
block1-001584,295.4649521270767,769.4401671178639,32,412.5,294.6303600911051,768.6055750818923,0.8345920359715819,block1:s3,pure_ltr,mixed,1785138386.0637944,1785138386.0646293,1785138386.3592699,1785138386.8332453,
block1-001585,98.58891402836889,2711.956099024974,128,95.0,96.95337596349418,2710.320560960099,1.6355380648747087,block1:zero_tool,pure_ltr,mixed,1785138386.1559083,1785138386.1575437,1785138386.2545059,1785138388.867873,
block1-001586,376.5757151413709,913.1352520780638,38,15.0,375.54821104276925,912.1077479794621,1.0275040986016393,block1:s3,pure_ltr,mixed,1785138386.1591003,1785138386.160128,1785138386.5356836,1785138387.072243,
block1-001587,311.450517969206,917.8642199840397,41,25.0,310.90962409507483,917.3233261099085,0.5408938741311431,block1:s3,pure_ltr,mixed,1785138386.7985184,1785138386.7990594,1785138387.1099775,1785138387.7163908,
block1-001588,402.56457251962274,1004.8646035138518,48,12.5,402.3454029811546,1004.6454339753836,0.21916953846812248,block1:s3,pure_ltr,mixed,1785138386.9159112,1785138386.9161305,1785138387.31851,1785138387.92081,
block1-001589,72.57661898620427,6092.1376689802855,269,20.0,70.57895406614989,6090.140004060231,1.9976649200543761,block1:zero_tool,pure_ltr,mixed,1785138388.115217,1785138388.1172144,1785138388.1878018,1785138394.2073631,
block1-001590,55.224104900844395,3746.8753828434274,157,107.5,55.042008054442704,3746.6932859970257,0.18209684640169144,block1:zero_tool,pure_ltr,mixed,1785138388.13262,1785138388.132802,1785138388.1878524,1785138391.879504,
block1-001591,387.65920139849186,1290.8152574673295,43,10.0,387.2630449477583,1290.419101016596,0.39615645073354244,block1:s3,pure_ltr,mixed,1785138388.3052342,1785138388.3056304,1785138388.6929011,1785138389.5960572,
block1-001592,440.5183328781277,1353.5903169540688,48,152.5,439.5329199032858,1352.604903979227,0.9854129748418927,block1:s4,pure_ltr,mixed,1785138388.3852398,1785138388.3862255,1785138388.825765,1785138389.738837,
block1-001593,436.00416311528534,1345.427945139818,48,12.5,435.9415379585698,1345.3653199831024,0.06262515671551228,block1:s4,pure_ltr,mixed,1785138388.4322774,1785138388.43234,1785138388.8682878,1785138389.7777116,
block1-001594,658.5756258573383,1355.0078268162906,48,15.0,656.4750609686598,1352.9072619276121,2.100564888678491,block1:s4,pure_ltr,mixed,1785138388.8377957,1785138388.8398962,1785138389.4963794,1785138390.1928117,
block1-001595,618.7793876742944,1317.730383714661,48,282.5,618.3027949882671,1317.2537910286337,0.47659268602728844,block1:s4,pure_ltr,mixed,1785138388.9366322,1785138388.9371088,1785138389.5554187,1785138390.2543697,
block1-001596,99.89688161294907,3690.5094395624474,155,15.0,99.3272609775886,3689.939818927087,0.5696206353604794,block1:zero_tool,pure_ltr,mixed,1785138388.953271,1785138388.9538405,1785138389.0531735,1785138392.643786,
block1-001597,598.0508449720219,1288.8587289489806,48,135.0,597.4081410095096,1288.2160249864683,0.6427039625123143,block1:s4,pure_ltr,mixed,1785138389.0601377,1785138389.0607808,1785138389.6582026,1785138390.3490102,
block1-001598,565.6940957996994,1253.7320058327168,48,105.0,564.7053739521652,1252.7432839851826,0.9887218475341797,block1:s4,pure_ltr,mixed,1785138389.1728606,1785138389.1738496,1785138389.7385638,1785138390.4266016,
block1-001599,557.0993706351146,1244.813101598993,48,395.0,556.9385710405186,1244.652302004397,0.16079959459602833,block1:s4,pure_ltr,mixed,1785138389.181468,1785138389.1816287,1785138389.7386036,1785138390.4263172,
block1-001600,434.59971714764833,1085.1978901773691,43,50.0,434.08915190957487,1084.6873249392956,0.5105652380734682,block1:s1,pure_ltr,mixed,1785138389.2834697,1785138389.2839806,1785138389.71808,1785138390.368678,
block1-001601,188.0881916731596,1609.5585827715695,71,820.0,187.42972589097917,1608.900116989389,0.6584657821804285,block1:s1,pure_ltr,mixed,1785138389.2907202,1785138389.291379,1785138389.4788187,1785138390.9002888,
block1-001602,59.58520609419793,4047.0436750911176,185,110.0,59.44241909310222,4046.900888090022,0.14278700109571218,block1:zero_tool,pure_ltr,mixed,1785138389.5792882,1785138389.5794308,1785138389.6388817,1785138393.6263402,
block1-001603,359.864572645165,819.3417376605794,37,15.0,359.637106070295,819.1142710857093,0.22746657487004995,block1:s1,pure_ltr,mixed,1785138389.8336258,1785138389.8338532,1785138390.1934986,1785138390.6529763,
block1-001604,56.31124950014055,2555.229536490515,111,145.0,55.21997797768563,2554.13826496806,1.0912715224549174,block1:zero_tool,pure_ltr,mixed,1785138390.7117858,1785138390.712877,1785138390.7681057,1785138393.267024,
block1-001605,132.68093310762197,1580.6961231864989,62,47.5,131.58172997646034,1579.5969200553373,1.0992031311616302,block1:s1,pure_ltr,mixed,1785138390.8677995,1785138390.8688989,1785138391.000488,1785138392.4485033,
block1-001606,177.13527916930616,1666.1108891712502,67,187.5,176.28024006262422,1665.2558500645682,0.8550391066819429,block1:s1,pure_ltr,mixed,1785138390.900612,1785138390.901467,1785138391.077754,1785138392.5667295,
block1-001607,119.93649217765778,1399.2751941550523,59,280.0,119.64190599974245,1398.980607977137,0.2945861779153347,block1:s1,pure_ltr,mixed,1785138391.4949954,1785138391.4952898,1785138391.6149402,1785138392.894279,
block1-001608,326.7699568532407,1014.250646927394,40,155.0,326.25060994178057,1013.7313000159338,0.5193469114601612,block1:s2,pure_ltr,mixed,1785138391.552628,1785138391.5531476,1785138391.8794081,1785138392.5668883,
block1-001609,56.9688156247139,2556.647498626262,122,105.0,56.196255958639085,2555.874938960187,0.7725596660748124,block1:zero_tool,pure_ltr,mixed,1785138391.762902,1785138391.7636747,1785138391.8198798,1785138394.319558,
block1-001610,103.71282021515071,1438.3634802652523,64,155.0,102.33502392657101,1436.9856839766726,1.3777962885797024,block1:s2,pure_ltr,mixed,1785138391.9451272,1785138391.9465053,1785138392.0488484,1785138393.383499,
block1-001611,362.24213999230415,990.1242919731885,43,10.0,361.7422010283917,989.6243530092761,0.4999389639124274,block1:s2,pure_ltr,mixed,1785138392.1445892,1785138392.1450894,1785138392.5068648,1785138393.134747,
block1-001612,308.13874409068376,773.4415660379454,35,10.0,307.24524101242423,772.5480629596859,0.8935030782595277,block1:s2,pure_ltr,mixed,1785138392.1785388,1785138392.1794322,1785138392.4866846,1785138392.9519875,
block1-001613,450.2104587154463,1050.6284607108682,49,17.5,450.0563549809158,1050.4743569763377,0.15410373453050852,block1:s2,pure_ltr,mixed,1785138392.9331825,1785138392.9333365,1785138393.3834007,1785138393.9838188,
block1-001614,57.282922440208495,3073.239349410869,154,187.5,56.771724950522184,3072.728151921183,0.5111974896863103,block1:zero_tool,pure_ltr,mixed,1785138393.2497287,1785138393.25024,1785138393.3070312,1785138396.3229876,
block1-001615,214.48794764000922,779.5189375756308,37,15.0,212.35881000757217,777.3897999431938,2.1291376324370503,block1:s2,pure_ltr,mixed,1785138393.6707203,1785138393.6728497,1785138393.885217,1785138394.4502478,
block1-001616,71.11108675599098,2970.5445397412404,147,115.0,69.94268496055156,2969.376137945801,1.1684017954394221,block1:zero_tool,pure_ltr,mixed,1785138393.912939,1785138393.9141073,1785138393.9840589,1785138396.8834927,
block1-001617,305.60135224368423,758.5685702506453,33,12.5,304.5556159922853,757.5228339992464,1.045736251398921,block1:s3,pure_ltr,mixed,1785138394.5713217,1785138394.5723674,1785138394.8769314,1785138395.3298986,
block1-001618,360.48424837645143,868.394564371556,41,10.0,359.2857050243765,867.1960210194811,1.1985433520749211,block1:s3,pure_ltr,mixed,1785138394.6485415,1785138394.64974,1785138395.0090334,1785138395.516944,
block1-001619,393.9267568057403,1013.0842057988048,48,282.5,392.83133996650577,1011.9887889595702,1.095416839234531,block1:s3,pure_ltr,mixed,1785138395.646571,1785138395.6476665,1785138396.0405061,1785138396.6596637,
block1-001620,66.72617036383599,3405.211605364457,167,70.0,66.55088299885392,3405.0363179994747,0.17528736498206854,block1:zero_tool,pure_ltr,mixed,1785138395.9738617,1785138395.9740372,1785138396.0405958,1785138399.3790815,
block1-001621,387.14523520320654,1032.9443141818047,43,20.0,386.0581050394103,1031.8571840180084,1.087130163796246,block1:s3,pure_ltr,mixed,1785138396.5689485,1785138396.5700357,1785138396.9561017,1785138397.6019008,
block1-001622,484.9967290647328,979.7767031705007,43,282.5,484.7255159402266,979.5054900459945,0.2712131245061755,block1:s3,pure_ltr,mixed,1785138396.8091433,1785138396.8094149,1785138397.2941504,1785138397.7889304,
block1-001623,299.9365540454164,948.9331471268088,43,15.0,299.6464059688151,948.6429990502074,0.29014807660132647,block1:s3,pure_ltr,mixed,1785138396.99416,1785138396.9944499,1785138397.2941031,1785138397.9430997,
block1-001624,57.37138318363577,4352.894681156613,195,172.5,56.2385959783569,4351.761893951334,1.1327872052788734,block1:zero_tool,pure_ltr,mixed,1785138397.3002143,1785138397.301347,1785138397.3575935,1785138401.653117,
block1-001625,394.7382589103654,1027.9934458667412,48,17.5,394.5611760718748,1027.8163630282506,0.17708283849060535,block1:s4,pure_ltr,mixed,1785138397.318736,1785138397.3189132,1785138397.7135077,1785138398.3467624,
block1-001626,55.68037903867662,3708.415362983942,165,307.5,55.15119701158255,3707.886180956848,0.5291820270940661,block1:zero_tool,pure_ltr,mixed,1785138397.4895256,1785138397.4900548,1785138397.545214,1785138401.1979492,
block1-001627,399.25025776028633,1034.16749171447,48,100.0,398.5070569906384,1033.4242909448221,0.7432007696479559,block1:s4,pure_ltr,mixed,1785138397.909617,1785138397.9103603,1785138398.3088763,1785138398.9437938,
block1-001628,385.48384769819677,1005.4641226306558,48,60.0,384.7441180841997,1004.7243930166587,0.7397296139970422,block1:s4,pure_ltr,mixed,1785138398.4085314,1785138398.409271,1785138398.7940218,1785138399.4140022,
block1-001629,565.8359843073413,1242.3520142911002,48,550.0,564.6869179327041,1241.202947916463,1.1490663746371865,block1:s4,pure_ltr,mixed,1785138399.3258862,1785138399.3270354,1785138399.891731,1785138400.568247,
block1-001630,544.416579999961,1267.4228670075536,48,10.0,543.7904839636758,1266.7967709712684,0.626096036285162,block1:s4,pure_ltr,mixed,1785138399.385675,1785138399.3863013,1785138399.9300988,1785138400.6531048,
block1-001631,513.5258797090501,1237.8191027091816,49,60.0,513.3267829660326,1237.6200059661642,0.19909674301743507,block1:s4,pure_ltr,mixed,1785138399.451753,1785138399.4519522,1785138399.9652855,1785138400.689579,
block1-001632,405.0726876594126,1043.2950527174398,43,115.0,404.0264139184728,1042.2487789765,1.046273740939796,block1:s1,pure_ltr,mixed,1785138399.5250654,1785138399.5261118,1785138399.9301453,1785138400.5683677,
block1-001633,344.2146446323022,911.4965966437012,37,17.5,343.8636079663411,911.14555997774,0.35103666596114635,block1:s1,pure_ltr,mixed,1785138399.7417207,1785138399.7420719,1785138400.085943,1785138400.653225,
block1-001634,56.78624683059752,3698.411457822658,165,95.0,56.02833500597626,3697.653545998037,0.7579118246212602,block1:zero_tool,pure_ltr,mixed,1785138399.9148095,1785138399.9155676,1785138399.971605,1785138403.6132307,
block1-001635,443.9380057156086,1200.552197638899,45,357.5,442.1977500896901,1198.8119420129806,1.7402556259185076,block1:s1,pure_ltr,mixed,1785138400.2265563,1785138400.228297,1785138400.6705036,1785138401.4271176,
block1-001636,507.2919741505757,1045.518800150603,39,15.0,506.23980700038373,1044.466633000411,1.0521671501919627,block1:s1,pure_ltr,mixed,1785138400.5332577,1785138400.53431,1785138401.0405588,1785138401.5787854,
block1-001637,117.69567232113332,1438.5594623163342,62,60.0,116.70809099450707,1437.571880989708,0.9875813266262412,block1:s1,pure_ltr,mixed,1785138400.6684363,1785138400.669424,1785138400.7861404,1785138402.107004,
block1-001638,448.3938013436273,1058.959037414752,43,170.0,447.37563794478774,1057.9408740159124,1.0181633988395333,block1:s1,pure_ltr,mixed,1785138400.7300107,1785138400.731029,1785138401.1784112,1785138401.7889767,
block1-001639,300.4390166606754,775.3636527340859,33,10.0,298.3185389311984,773.2431750046089,2.1204777294769883,block1:s1,pure_ltr,mixed,1785138400.8588426,1785138400.860963,1785138401.1592906,1785138401.634215,
block1-001640,58.983028517104685,3020.1928165042773,145,105.0,58.3851799601689,3019.5949679473415,0.5978485569357872,block1:zero_tool,pure_ltr,mixed,1785138401.1003523,1785138401.1009502,1785138401.1593432,1785138404.1205533,
block1-001641,66.66016147937626,3584.002023562789,171,110.0,65.62876398675144,3582.970626070164,1.0313974926248193,block1:zero_tool,pure_ltr,mixed,1785138401.419817,1785138401.4208484,1785138401.4864836,1785138405.0038254,
block1-001642,309.7296933410689,762.1271894313395,36,152.5,309.09038393292576,761.4878800231963,0.6393094081431627,block1:s2,pure_ltr,mixed,1785138401.5159273,1785138401.5165665,1785138401.8256896,1785138402.2780871,
block1-001643,64.53191896434873,7909.901877050288,376,10.0,63.40459000784904,7908.774548093788,1.1273289564996958,block1:zero_tool,pure_ltr,mixed,1785138401.6671948,1785138401.668322,1785138401.7317338,1785138409.5771039,
block1-001644,58.00407472997904,2517.457064706832,119,15.0,56.906563928350806,2516.359553905204,1.097510801628232,block1:zero_tool,pure_ltr,mixed,1785138402.0891347,1785138402.0902321,1785138402.1471453,1785138404.6065981,
block1-001645,530.8259043376893,1179.216145304963,49,70.0,530.4245429579169,1178.8147839251906,0.4013613797724247,block1:s2,pure_ltr,mixed,1785138402.2653844,1785138402.265786,1785138402.7962172,1785138403.4446073,
block1-001646,376.9413883564994,910.2556343423203,36,100.0,375.7972560124472,909.1115019982681,1.1441323440521955,block1:s2,pure_ltr,mixed,1785138402.3028078,1785138402.3039522,1785138402.679757,1785138403.213071,
block1-001647,208.8437716010958,856.9832836510614,37,60.0,207.79130898881704,855.9308210387826,1.0524626122787595,block1:s2,pure_ltr,mixed,1785138402.5872002,1785138402.588253,1785138402.796052,1785138403.4441915,
block1-001648,443.6887063784525,1050.321199465543,48,350.0,443.1603769771755,1049.792870064266,0.5283294012770057,block1:s3,pure_ltr,mixed,1785138402.7498364,1785138402.7503648,1785138403.193533,1785138403.8001654,
block1-001649,276.2794942827895,843.4113851981238,39,10.0,275.78300808090717,842.9148989962414,0.49648620188236237,block1:s3,pure_ltr,mixed,1785138402.9937837,1785138402.99428,1785138403.2700715,1785138403.8372035,
block1-001650,62.275353353470564,4953.369682421908,235,15.0,61.458133975975215,4952.552463044412,0.8172193774953485,block1:zero_tool,pure_ltr,mixed,1785138403.965471,1785138403.9662883,1785138404.0277543,1785138408.9188488,
block1-001651,259.2992428690195,898.3016228303313,41,20.0,258.89967498369515,897.902054945007,0.39956788532435894,block1:s3,pure_ltr,mixed,1785138404.3280885,1785138404.328488,1785138404.5873952,1785138405.2263975,
block1-001652,59.1614474542439,2860.2298215264454,136,550.0,58.311500935815275,2859.379875008017,0.8499465184286237,block1:zero_tool,pure_ltr,mixed,1785138404.851594,1785138404.852444,1785138404.9107952,1785138407.7118638,
block1-001653,407.48421160969883,1021.6555265942588,48,320.0,405.5028089787811,1019.6741239633411,1.981402630917728,block1:s3,pure_ltr,mixed,1785138404.8942666,1785138404.896248,1785138405.3017569,1785138405.9159281,
block1-001654,396.76956937182695,1031.8755282787606,48,170.0,395.8814500365406,1030.9874089434743,0.8881193352863193,block1:s3,pure_ltr,mixed,1785138405.220444,1785138405.221332,1785138405.6172206,1785138406.2523267,
block1-001655,316.9025449315086,991.8448039097711,43,52.5,316.6022370569408,991.5444960352033,0.3003078745678067,block1:s3,pure_ltr,mixed,1785138406.0129473,1785138406.0132477,1785138406.329858,1785138407.0048003,
block1-001656,57.05448321532458,3407.747991150245,153,145.0,56.02953501511365,3406.723042950034,1.024948200210929,block1:zero_tool,pure_ltr,mixed,1785138406.2545378,1785138406.2555628,1785138406.3116002,1785138409.6622934,
block1-001657,409.3450861983001,1131.1744712293148,48,10.0,408.7473719846457,1130.5767570156604,0.5977142136543989,block1:s4,pure_ltr,mixed,1785138406.483585,1785138406.4841828,1785138406.8929377,1785138407.614767,
block1-001658,417.76709794066846,1113.8261809246615,48,297.5,417.01746301259845,1113.0765459965914,0.7496349280700088,block1:s4,pure_ltr,mixed,1785138406.8357491,1785138406.8364987,1785138407.253524,1785138407.9495833,
block1-001659,88.1155589595437,3400.265200994909,154,115.0,87.6571360277012,3399.8067780630663,0.45842293184250593,block1:zero_tool,pure_ltr,mixed,1785138406.8785825,1785138406.879041,1785138406.966732,1785138410.2788818,
block1-001660,58.786308276467025,3328.349415329285,152,105.0,58.468159986659884,3328.031267039478,0.3181482898071408,block1:zero_tool,pure_ltr,mixed,1785138407.1021082,1785138407.1024263,1785138407.1609008,1785138410.4304638,
block1-001661,451.9843617454171,1184.6508017042652,48,187.5,451.835524989292,1184.50196494814,0.1488367561250925,block1:s4,pure_ltr,mixed,1785138407.2594965,1785138407.2596452,1785138407.7114875,1785138408.4441538,
block1-001662,81.88501163385808,3623.68892156519,167,187.5,81.30928908940405,3623.113199020736,0.5757225444540381,block1:zero_tool,pure_ltr,mixed,1785138407.327295,1785138407.3278706,1785138407.4091873,1785138410.9509912,
block1-001663,87.57827256340533,3209.567656624131,148,15.0,87.16800692491233,3209.157390985638,0.41026563849300146,block1:zero_tool,pure_ltr,mixed,1785138407.39238,1785138407.3927906,1785138407.4799676,1785138410.6019568,
block1-001664,303.92582062631845,999.4968737009913,43,17.5,302.0119689172134,997.5830219918862,1.9138517091050744,block1:s1,pure_ltr,mixed,1785138407.426569,1785138407.428483,1785138407.7305026,1785138408.4260738,
block1-001665,58.600842603482306,3012.6764606684446,138,140.0,57.5667709344998,3011.642388999462,1.0340716689825058,block1:zero_tool,pure_ltr,mixed,1785138407.7336328,1785138407.734667,1785138407.7922416,1785138410.7463174,
block1-001666,364.1781900078058,1055.264443042688,44,117.5,363.1159419892356,1054.2021950241178,1.0622480185702443,block1:s1,pure_ltr,mixed,1785138407.9410424,1785138407.9421048,1785138408.3052514,1785138408.9963374,
block1-001667,130.0044822273776,1696.9478351529688,73,110.0,129.01568308006972,1695.959036005661,0.9887991473078728,block1:s1,pure_ltr,mixed,1785138408.274916,1785138408.2759047,1785138408.4049287,1785138409.971872,
block1-001668,268.86054407805204,868.7021500663832,36,110.0,267.9646129254252,867.8062189137563,0.8959311526268721,block1:s1,pure_ltr,mixed,1785138408.4161994,1785138408.4170954,1785138408.6850681,1785138409.2849092,
block1-001669,129.80843498371542,1424.1002750350162,65,15.0,128.85802297387272,1423.1498630251735,0.9504120098426938,block1:s1,pure_ltr,mixed,1785138409.0439513,1785138409.0449016,1785138409.1737666,1785138410.4680586,
block1-001670,94.97457346878946,7771.742287557572,381,282.5,92.84102392848581,7769.6087380172685,2.1335495403036475,block1:zero_tool,pure_ltr,mixed,1785138409.1860335,1785138409.188167,1785138409.2810166,1785138416.9577842,
block1-001671,52.342195878736675,3110.167727805674,153,15.0,51.729385973885655,3109.554917900823,0.6128099048510194,block1:zero_tool,pure_ltr,mixed,1785138409.232382,1785138409.2329948,1785138409.2847319,1785138412.3425572,
block1-001672,282.84818783868104,859.4645248958841,40,47.5,282.29664196260273,858.9129790198058,0.5515458760783076,block1:s2,pure_ltr,mixed,1785138409.552524,1785138409.5530756,1785138409.83538,1785138410.4119961,
block1-001673,56.43847456667572,2865.1567784836516,140,25.0,56.02816503960639,2864.7464689565822,0.4103095270693302,block1:zero_tool,pure_ltr,mixed,1785138410.470856,1785138410.4712663,1785138410.527302,1785138413.3360202,
block1-001674,303.08088625315577,759.2652703169733,36,152.5,302.8086859267205,758.9930699905381,0.2722003264352679,block1:s2,pure_ltr,mixed,1785138410.6099033,1785138410.6101754,1785138410.912992,1785138411.3691764,
block1-001675,65.555545152165,9866.010732133873,466,60.0,64.65832609683275,9865.11351307854,0.8972190553322434,block1:zero_tool,pure_ltr,mixed,1785138411.1135483,1785138411.1144457,1785138411.1791108,1785138420.9795659,
block1-001676,67.72145547438413,4284.512477461249,207,100.0,66.79241207893938,4283.583434065804,0.9290433954447508,block1:zero_tool,pure_ltr,mixed,1785138411.2076588,1785138411.2085881,1785138411.275388,1785138415.4921792,
block1-001677,356.38010408729315,960.263419081457,44,17.5,356.13980691414326,960.0231219083071,0.24029717314988375,block1:s2,pure_ltr,mixed,1785138411.4387488,1785138411.4389894,1785138411.795136,1785138412.3990195,
block1-001678,107.17898805160075,3127.6395571185276,154,47.5,106.38687398750335,3126.84744305443,0.7921140640974045,block1:zero_tool,pure_ltr,mixed,1785138411.4439669,1785138411.444759,1785138411.5511527,1785138414.571613,
block1-001679,271.34802122600377,721.2266692658886,34,117.5,270.93954593874514,720.81819397863,0.40847528725862503,block1:s2,pure_ltr,mixed,1785138412.071518,1785138412.0719266,1785138412.342874,1785138412.792753,
block1-001680,288.96652651019394,741.2070585414767,32,95.0,288.14716800116,740.3877000324428,0.8193585090339184,block1:s3,pure_ltr,mixed,1785138412.8757648,1785138412.8765843,1785138413.1647496,1785138413.6169896,
block1-001681,267.47471804264933,828.7781670223922,39,140.0,267.1929349889979,828.4963839687407,0.28178305365145206,block1:s3,pure_ltr,mixed,1785138413.0298188,1785138413.0301008,1785138413.2973008,1785138413.858604,
block1-001682,397.7057719603181,1149.3513049790636,48,60.0,397.2598740365356,1148.905407055281,0.44589792378246784,block1:s3,pure_ltr,mixed,1785138414.3989913,1785138414.3994377,1785138414.7967067,1785138415.548352,
block1-001683,508.4686647169292,1147.0739396754652,48,15.0,506.8994900211692,1145.5047649797052,1.5691746957600117,block1:s3,pure_ltr,mixed,1785138414.9832973,1785138414.9848666,1785138415.4917738,1785138416.1303785,
block1-001684,387.35772715881467,989.165454171598,41,12.5,386.92809804342687,988.7358250562102,0.42962911538779736,block1:s3,pure_ltr,mixed,1785138415.122568,1785138415.1229978,1785138415.5099335,1785138416.1117415,
block1-001685,446.5840442571789,1085.056430194527,48,297.5,445.8560560597107,1084.3284419970587,0.7279881974682212,block1:s3,pure_ltr,mixed,1785138415.1954265,1785138415.1961546,1785138415.642018,1785138416.2804904,
block1-001686,500.83265942521393,988.8648804044351,43,172.5,500.4241340793669,988.4563550585881,0.4085253458470106,block1:s3,pure_ltr,mixed,1785138415.2164655,1785138415.216874,1785138415.7173054,1785138416.205337,
block1-001687,411.2010105745867,1053.3204675884917,48,145.0,410.4765639640391,1052.5960209779441,0.7244466105476022,block1:s3,pure_ltr,mixed,1785138415.8690865,1785138415.869811,1785138416.2802951,1785138416.9224145,
block1-001688,68.61386902164668,3460.464987088926,154,152.5,67.57592898793519,3459.4270470552146,1.037940033711493,block1:zero_tool,pure_ltr,mixed,1785138416.2896605,1785138416.2906985,1785138416.358282,1785138419.750133,
block1-001689,63.49889328703284,2997.918282286264,130,545.0,62.790260068140924,2997.209649067372,0.7086332188919187,block1:zero_tool,pure_ltr,mixed,1785138416.542888,1785138416.5435965,1785138416.6063945,1785138419.5408142,
block1-001690,67.96751904767007,3003.807684057392,130,60.0,67.50435999128968,3003.344525001012,0.4631590563803911,block1:zero_tool,pure_ltr,mixed,1785138416.65284,1785138416.6533031,1785138416.7208147,1785138419.6566546,
block1-001691,99.45649921428412,4174.749459256418,184,287.5,98.67921995464712,4173.972179996781,0.7772792596369982,block1:zero_tool,pure_ltr,mixed,1785138416.8234408,1785138416.824218,1785138416.9229047,1785138420.9981978,
block1-001692,470.7185017177835,1200.9330017026514,48,12.5,469.7781519498676,1199.9926519347355,0.9403497679159045,block1:s4,pure_ltr,mixed,1785138416.843136,1785138416.8440769,1785138417.3138618,1785138418.0440767,
block1-001693,455.418414901942,1214.6922409301624,48,395.0,453.8609969895333,1213.1348230177537,1.5574179124087095,block1:s4,pure_ltr,mixed,1785138416.8770292,1785138416.8785865,1785138417.3324547,1785138418.0917287,
block1-001694,471.2511416291818,1227.859141654335,48,15.0,470.3610909637064,1226.9690909888595,0.8900506654754281,block1:s4,pure_ltr,mixed,1785138416.9341304,1785138416.9350202,1785138417.405387,1785138418.161995,
block1-001695,440.11116959154606,1172.41758457385,48,15.0,439.67236997559667,1171.9787849579006,0.4387996159493923,block1:s4,pure_ltr,mixed,1785138417.2794845,1785138417.2799234,1785138417.7196047,1785138418.4519112,
block1-001696,370.02869218122214,1011.6070401854813,43,15.0,368.89717692974955,1010.4755249340087,1.1315152514725924,block1:s1,pure_ltr,mixed,1785138417.5938392,1785138417.5949707,1785138417.9638753,1785138418.6054537,
block1-001697,115.81686814315617,3401.95041813422,153,15.0,115.60329201165587,3401.7368420027196,0.21357613150030375,block1:zero_tool,pure_ltr,mixed,1785138417.7468982,1785138417.747112,1785138417.8627346,1785138421.1488678,
block1-001698,408.2705192267895,1031.2306792475283,44,282.5,407.11948089301586,1030.0796409137547,1.151038333773613,block1:s1,pure_ltr,mixed,1785138417.791914,1785138417.7930653,1785138418.2001932,1785138418.8231537,
block1-001699,133.97224922664464,1666.0079181892797,72,572.5,133.7459220085293,1665.7815909711644,0.22632721811532974,block1:s1,pure_ltr,mixed,1785138418.0091953,1785138418.0094218,1785138418.1431766,1785138419.6752114,
block1-001700,297.62860981281847,969.1753898514435,39,152.5,296.7701880261302,968.3169680647552,0.8584217866882682,block1:s1,pure_ltr,mixed,1785138418.6875906,1785138418.6884494,1785138418.985228,1785138419.656775,
block1-001701,116.98853934649378,1315.8264923840761,61,20.0,116.55527900438756,1315.39323204197,0.4332603421062231,block1:s1,pure_ltr,mixed,1785138418.9192805,1785138418.9197137,1785138419.0363002,1785138420.2351384,
block1-001702,275.70223109796643,840.4027490178123,39,60.0,275.2483350923285,839.9488530121744,0.45389600563794374,block1:s1,pure_ltr,mixed,1785138419.225663,1785138419.226117,1785138419.5013747,1785138420.0660748,
block1-001703,65.32040983438492,2799.1810989333317,128,17.5,64.20217594131827,2798.062865040265,1.1182338930666447,block1:zero_tool,pure_ltr,mixed,1785138420.3410158,1785138420.342134,1785138420.4063447,1785138423.1402051,
block1-001704,403.9955218322575,968.7881888821721,41,75.0,403.6841889610514,968.476856010966,0.31133287120610476,block1:s2,pure_ltr,mixed,1785138420.6502147,1785138420.6505263,1785138421.0542166,1785138421.6190095,
block1-001705,409.9104822380468,862.7356002107263,36,187.5,408.2108170259744,861.0359349986538,1.699665212072432,block1:s2,pure_ltr,mixed,1785138420.6819196,1785138420.6836193,1785138421.0918372,1785138421.5446622,
block1-001706,418.89438685029745,871.0699958028272,37,140.0,418.6833640560508,870.8589730085805,0.21102279424667358,block1:s2,pure_ltr,mixed,1785138420.7108028,1785138420.7110138,1785138421.1297052,1785138421.5818808,
block1-001707,380.2835703827441,944.2199093755335,43,17.5,379.74652205593884,943.6828610487282,0.537048326805234,block1:s2,pure_ltr,mixed,1785138420.7683287,1785138420.7688658,1785138421.14864,1785138421.7125762,
block1-001708,69.49449866078794,11305.173094733618,517,10.0,67.9071779595688,11303.585774032399,1.5873207012191415,block1:zero_tool,pure_ltr,mixed,1785138421.157527,1785138421.1591141,1785138421.2270296,1785138432.462708,
block1-001709,94.68803100753576,7608.232559985481,337,15.0,92.82806294504553,7606.372591922991,1.8599680624902248,block1:zero_tool,pure_ltr,mixed,1785138421.8533711,1785138421.8552313,1785138421.9480667,1785138429.4616115,
block1-001710,355.73831282090396,862.0609008939937,38,60.0,355.515414965339,861.8380030384287,0.2228978555649519,block1:s2,pure_ltr,mixed,1785138421.898878,1785138421.899101,1785138422.2546237,1785138422.7609465,
block1-001711,98.30469766166061,3470.814271713607,153,110.0,97.4675320321694,3469.977106084116,0.83716562949121,block1:zero_tool,pure_ltr,mixed,1785138422.073414,1785138422.0742512,1785138422.171726,1785138425.544236,
block1-001712,240.3432447463274,765.1698517147452,32,217.5,239.27269503474236,764.0993020031601,1.0705497115850449,block1:s3,pure_ltr,mixed,1785138422.089276,1785138422.0903473,1785138422.3296292,1785138422.854456,
block1-001713,302.73939517792314,835.249264142476,33,20.0,302.59855301119387,835.1084219757468,0.1408421667292714,block1:s3,pure_ltr,mixed,1785138422.6076126,1785138422.6077538,1785138422.9103615,1785138423.442872,
block1-001714,469.0586960641667,1116.2507680710405,48,485.0,468.0185130564496,1115.2105850633234,1.0401830077171326,block1:s3,pure_ltr,mixed,1785138422.6517634,1785138422.6528037,1785138423.1208289,1785138423.768021,
block1-001715,67.53205566201359,2946.57495256979,131,297.5,65.34971401561052,2944.392610923387,2.1823416464030743,block1:zero_tool,pure_ltr,mixed,1785138422.9223828,1785138422.9245653,1785138422.9899228,1785138425.8689654,
block1-001716,354.08795659895986,996.9474885147065,41,395.0,352.94912999961525,995.8086619153619,1.1388265993446112,block1:s3,pure_ltr,mixed,1785138422.9735456,1785138422.9746847,1785138423.327642,1785138423.9705014,
block1-001717,394.72858200315386,1158.2156140357256,46,60.0,394.53684794716537,1158.023879979737,0.19173405598849058,block1:s3,pure_ltr,mixed,1785138423.1982713,1785138423.1984632,1785138423.5930066,1785138424.3564935,
block1-001718,606.9415163947269,1115.7151574734598,43,172.5,606.5701929619536,1115.3438340406865,0.37132343277335167,block1:s3,pure_ltr,mixed,1785138423.729752,1785138423.7301235,1785138424.3367023,1785138424.8454762,
block1-001719,352.5612100493163,1126.2829781044275,43,280.0,352.20001300331205,1125.9217810584232,0.36119704600423574,block1:s3,pure_ltr,mixed,1785138423.7385619,1785138423.738923,1785138424.0911314,1785138424.864853,
block1-001720,71.05520099867135,4489.5213569980115,193,15.0,69.34409495443106,4487.810250953771,1.7111060442402959,block1:zero_tool,pure_ltr,mixed,1785138423.979091,1785138423.980802,1785138424.0501742,1785138428.4686403,
block1-001721,502.64077773317695,1238.7992597650737,48,550.0,502.4272169684991,1238.5856990003958,0.2135607646778226,block1:s4,pure_ltr,mixed,1785138424.0314002,1785138424.0316136,1785138424.534048,1785138425.2702065,
block1-001722,500.79986825585365,1237.1735501801595,48,115.0,500.12139207683504,1236.495074001141,0.6784761790186167,block1:s4,pure_ltr,mixed,1785138424.0335636,1785138424.0342422,1785138424.5343704,1785138425.270744,
block1-001723,502.3768689716235,1204.0775479981676,48,145.0,501.5769690508023,1203.2776480773464,0.7998999208211899,block1:s4,pure_ltr,mixed,1785138424.1045206,1785138424.1053207,1785138424.606905,1785138425.3086057,
block1-001724,425.26830616407096,1123.546143178828,48,485.0,424.62705995421857,1122.9048969689757,0.6412462098523974,block1:s4,pure_ltr,mixed,1785138424.4778209,1785138424.4784622,1785138424.9030988,1785138425.6013765,
block1-001725,55.51882286090404,3515.201455797069,156,105.0,54.963906994089484,3514.646539930254,0.5549158668145537,block1:zero_tool,pure_ltr,mixed,1785138424.652327,1785138424.6528819,1785138424.7078545,1785138428.1675372,
block1-001726,459.7018192289397,1149.780704290606,49,60.0,459.4037520000711,1149.4826370617375,0.2980672288686037,block1:s4,pure_ltr,mixed,1785138424.9099565,1785138424.9102542,1785138425.3696647,1785138426.0597436,
block1-001727,439.3844362348318,1110.388494329527,48,140.0,438.47671791445464,1109.4807760091498,0.907718320377171,block1:s4,pure_ltr,mixed,1785138424.9494984,1785138424.9504066,1785138425.388892,1785138426.059896,
block1-001728,65.07978169247508,2686.2617117585614,117,152.5,63.93104698508978,2685.112977051176,1.1487347073853016,block1:zero_tool,pure_ltr,mixed,1785138425.304637,1785138425.3057857,1785138425.3697245,1785138427.9909065,
block1-001729,126.52063637506217,1724.8589363880455,69,395.0,125.7670579943806,1724.105358007364,0.7535783806815743,block1:s1,pure_ltr,mixed,1785138425.9139912,1785138425.9147449,1785138426.0405183,1785138427.6388571,
block1-001730,59.860942768864334,3537.900590803474,155,60.0,59.096597018651664,3537.1362450532615,0.7643457502126694,block1:zero_tool,pure_ltr,mixed,1785138426.1153934,1785138426.1161578,1785138426.175261,1785138429.6533005,
block1-001731,60.18552556633949,4392.66400760971,190,70.0,59.45694597903639,4391.935428022407,0.728579587303102,block1:zero_tool,pure_ltr,mixed,1785138426.288323,1785138426.2890513,1785138426.3485155,1785138430.6809938,
block1-001732,440.68583636544645,1157.8284293645993,42,172.5,440.45301410369575,1157.5956071028486,0.2328222617506981,block1:s1,pure_ltr,mixed,1785138426.5337617,1785138426.5339944,1785138426.9744565,1785138427.6915991,
block1-001733,114.61658286862075,1543.1263528298587,63,10.0,114.11140509881079,1542.6211750600487,0.5051777698099613,block1:s1,pure_ltr,mixed,1785138426.6831245,1785138426.68363,1785138426.7977502,1785138428.22626,
block1-001734,118.32255532499403,1651.8415593309328,67,170.0,117.24787706043571,1650.7668810663745,1.0746782645583153,block1:s1,pure_ltr,mixed,1785138426.7978592,1785138426.798934,1785138426.9162192,1785138428.449738,
block1-001735,395.46547236386687,935.363843338564,37,117.5,395.0800250750035,934.9783960497007,0.3854472888633609,block1:s1,pure_ltr,mixed,1785138427.1340055,1785138427.134391,1785138427.5294793,1785138428.0693772,
block1-001736,72.64594617299736,8733.310534153134,398,280.0,72.11781805381179,8732.782406033948,0.5281281191855669,block1:zero_tool,pure_ltr,mixed,1785138427.3972979,1785138427.397826,1785138427.4699526,1785138436.130617,
block1-001737,331.1880915425718,1008.0539345508441,40,217.5,331.0218990081921,1007.8877420164645,0.16619253437966108,block1:s2,pure_ltr,mixed,1785138427.4995704,1785138427.4997365,1785138427.830767,1785138428.5076325,
block1-001738,99.21479597687721,3865.877890959382,173,10.0,98.16053009126335,3864.823625073768,1.0542658856138587,block1:zero_tool,pure_ltr,mixed,1785138427.6270964,1785138427.6281507,1785138427.7263186,1785138431.4929817,
block1-001739,330.49555064644665,1002.5009146193042,43,47.5,329.3584120692685,1001.3637760421261,1.1371385771781206,block1:s2,pure_ltr,mixed,1785138427.660291,1785138427.6614282,1785138427.9907942,1785138428.6627996,
block1-001740,341.0460330778733,883.9816361432895,35,92.5,340.4521669726819,883.3877700380981,0.5938661051914096,block1:s2,pure_ltr,mixed,1785138428.2049215,1785138428.2055156,1785138428.545975,1785138429.0889106,
block1-001741,531.2589005334303,1160.1863505784422,49,172.5,530.3598419995978,1159.2872920446098,0.8990585338324308,block1:s2,pure_ltr,mixed,1785138428.205334,1785138428.206233,1785138428.7365994,1785138429.3655272,
block1-001742,135.8439326286316,2737.7937596756965,122,322.5,135.52504603285342,2737.4748730799183,0.31888659577816725,block1:zero_tool,pure_ltr,mixed,1785138428.2341735,1785138428.2344923,1785138428.3700252,1785138430.9719748,
block1-001743,234.80008449405432,732.7571884961799,31,15.0,234.35885505750775,732.3159590596333,0.4412294365465641,block1:s2,pure_ltr,mixed,1785138428.632892,1785138428.6333332,1785138428.8676984,1785138429.3656557,
block1-001744,64.46320714894682,4412.237174110487,211,170.0,64.12407709285617,4411.898044054396,0.33913005609065294,block1:zero_tool,pure_ltr,mixed,1785138428.8153524,1785138428.8156915,1785138428.8798454,1785138433.2276194,
block1-001745,272.1087113022804,854.3718563159928,39,20.0,271.5199110098183,853.7830560235307,0.5888002924621105,block1:s3,pure_ltr,mixed,1785138428.8934858,1785138428.894075,1785138429.1656036,1785138429.7478669,
block1-001746,60.067148762755096,4674.095067777671,217,152.5,59.830885962583125,4673.858804977499,0.23626280017197132,block1:zero_tool,pure_ltr,mixed,1785138429.1875105,1785138429.1877468,1785138429.2475855,1785138433.861613,
block1-001747,286.8472083937377,1035.6323294108734,41,70.0,286.58987802919,1035.3749990463257,0.2573303645476699,block1:s3,pure_ltr,mixed,1785138429.8200219,1785138429.8202791,1785138430.1068757,1785138430.8556612,
block1-001748,346.21196519583464,1002.3809531703591,41,172.5,345.38816602434963,1001.5571539988741,0.8237991714850068,block1:s3,pure_ltr,mixed,1785138430.0275161,1785138430.0283403,1785138430.3737373,1785138431.029906,
block1-001749,343.81504892371595,1040.1212678989395,43,52.5,342.72731200326234,1039.033530978486,1.087736920453608,block1:s3,pure_ltr,mixed,1785138430.1460292,1785138430.147117,1785138430.4898515,1785138431.186158,
block1-001750,443.5366017278284,1103.4539307001978,46,172.5,442.82984698656946,1102.747175958939,0.7067547412589192,block1:s3,pure_ltr,mixed,1785138430.5084257,1785138430.5091326,1785138430.9519718,1785138431.6118891,
block1-001751,334.3448410741985,1045.9934739628807,43,412.5,333.5890320595354,1045.2376649482176,0.7558090146631002,block1:s3,pure_ltr,mixed,1785138430.5403934,1785138430.5411491,1785138430.8747663,1785138431.586415,
block1-001752,98.35837292484939,3071.501479949802,143,287.5,96.37040400411934,3069.513511029072,1.9879689207300544,block1:zero_tool,pure_ltr,mixed,1785138431.0603406,1785138431.0623286,1785138431.1587057,1785138434.1318483,
block1-001753,445.9113972261548,1058.5984422359616,48,282.5,444.97419195249677,1057.6612369623035,0.9372052736580372,block1:s4,pure_ltr,mixed,1785138431.065944,1785138431.0668814,1785138431.511864,1785138432.1245515,
block1-001754,419.6281641488895,1026.045233127661,48,145.0,418.5986310476437,1025.0157000264153,1.029533101245761,block1:s4,pure_ltr,mixed,1785138431.2682004,1785138431.2692301,1785138431.687836,1785138432.294253,
block1-001755,58.80817386787385,2654.8244069563225,126,140.0,57.75686993729323,2653.773103025742,1.051303930580616,block1:zero_tool,pure_ltr,mixed,1785138431.5338564,1785138431.5349078,1785138431.592673,1785138434.1886892,
block1-001756,548.6469828756526,1274.5017438428476,48,140.0,548.3069090405479,1274.161670007743,0.3400738351047039,block1:s4,pure_ltr,mixed,1785138433.0984278,1785138433.0987682,1785138433.6470828,1785138434.3729374,
block1-001757,528.9131831377745,1255.291112116538,48,545.0,528.3752939430997,1254.7532229218632,0.5378891946747899,block1:s4,pure_ltr,mixed,1785138433.1361783,1785138433.1367161,1785138433.6650977,1785138434.3914754,
block1-001758,542.6112255081534,1207.3157435515895,48,145.0,541.8790029361844,1206.5835209796205,0.7322225719690323,block1:s4,pure_ltr,mixed,1785138433.2221406,1785138433.2228727,1785138433.7647586,1785138434.4294631,
block1-001759,494.07167395111173,1156.9811849622056,48,140.0,493.14099305775017,1156.050504068844,0.9306808933615685,block1:s4,pure_ltr,mixed,1785138433.3479295,1785138433.3488603,1785138433.8420086,1785138434.504918,
block1-001760,377.6337802410126,1046.8062171712518,43,20.0,376.31009600590914,1045.4825329361483,1.3236842351034284,block1:s1,pure_ltr,mixed,1785138433.5606425,1785138433.5619664,1785138433.9382834,1785138434.607456,
block1-001761,119.54002222046256,1495.2176721999422,65,50.0,119.0692629897967,1494.7469129692763,0.47075923066586256,block1:s1,pure_ltr,mixed,1785138433.6449766,1785138433.6454475,1785138433.7645247,1785138435.1402023,
block1-001762,314.30069846101105,875.1603194978088,36,287.5,313.7798049720004,874.6394260087982,0.520893489010632,block1:s1,pure_ltr,mixed,1785138434.190378,1785138434.190899,1785138434.5047145,1785138435.0655744,
block1-001763,82.59636792354286,4994.892665883526,226,60.0,80.82691801246256,4993.123215972446,1.7694499110803008,block1:zero_tool,pure_ltr,mixed,1785138434.2323132,1785138434.2340825,1785138434.3149164,1785138439.227213,
block1-001764,309.141393750906,997.6434868294746,42,117.5,308.96861699875444,997.470710077323,0.17277675215154886,block1:s1,pure_ltr,mixed,1785138434.4845784,1785138434.484752,1785138434.7937276,1785138435.4822295,
block1-001765,130.80805202480406,1407.035374082625,60,107.5,130.08456793613732,1406.3118899939582,0.7234840886667371,block1:s1,pure_ltr,mixed,1785138434.7616744,1785138434.762398,1785138434.8924901,1785138436.1687176,
block1-001766,96.33529011625797,6306.900824187323,285,357.5,95.3083059284836,6305.873839999549,1.0269841877743602,block1:zero_tool,pure_ltr,mixed,1785138434.8178697,1785138434.8188965,1785138434.9142141,1785138441.12478,
block1-001767,116.57760967500508,1363.4201376698911,59,12.5,116.23994901310652,1363.0824770079926,0.33766066189855337,block1:s1,pure_ltr,mixed,1785138435.234179,1785138435.2345164,1785138435.3507638,1785138436.5976062,
block1-001768,339.1586852958426,934.333008248359,40,15.0,338.44810898881406,933.6224319413304,0.710576307028532,block1:s2,pure_ltr,mixed,1785138435.5519185,1785138435.5526292,1785138435.8910832,1785138436.4862576,
block1-001769,356.3569252146408,860.7760121813044,38,322.5,356.03433998767287,860.4534269543365,0.3225852269679308,block1:s2,pure_ltr,mixed,1785138435.7555108,1785138435.7558336,1785138436.111875,1785138436.6162944,
block1-001770,62.17357190325856,3391.285056830384,156,22.5,61.222922056913376,3390.3344069840387,0.9506498463451862,block1:zero_tool,pure_ltr,mixed,1785138435.8357973,1785138435.8367481,1785138435.8979783,1785138439.2270896,
block1-001771,67.51041579991579,8369.108531740494,394,135.0,66.84705999214202,8368.44517593272,0.6633558077737689,block1:zero_tool,pure_ltr,mixed,1785138436.0441842,1785138436.0448477,1785138436.1117022,1785138444.4133003,
block1-001772,292.0997788896784,757.9643019707873,35,15.0,291.1545659881085,757.0190890692174,0.9452129015699029,block1:s2,pure_ltr,mixed,1785138436.3053267,1785138436.306272,1785138436.5974338,1785138437.0632985,
block1-001773,92.52583875786513,3590.4561217175797,161,17.5,92.39418304059654,3590.324466000311,0.13165571726858616,block1:zero_tool,pure_ltr,mixed,1785138436.4823194,1785138436.482451,1785138436.5748527,1785138440.072783,
block1-001774,66.73820212017745,6054.668919183314,280,307.5,66.0285420017317,6053.959259064868,0.709660118445754,block1:zero_tool,pure_ltr,mixed,1785138436.5107436,1785138436.5114539,1785138436.5775187,1785138442.5654492,
block1-001775,69.5715993642807,2373.2765193562955,105,485.0,68.98344494402409,2372.688364936039,0.5881544202566147,block1:zero_tool,pure_ltr,mixed,1785138436.7947085,1785138436.7952967,1785138436.8642871,1785138439.1679919,
block1-001776,55.0923312548548,2825.8441901998594,125,70.0,54.41413796506822,2825.165996910073,0.6781932897865772,block1:zero_tool,pure_ltr,mixed,1785138436.8884156,1785138436.8890936,1785138436.9435165,1785138439.714269,
block1-001777,409.1722744051367,1071.5505353873596,48,17.5,408.1351220374927,1070.5133830197155,1.037152367644012,block1:s3,pure_ltr,mixed,1785138437.0126705,1785138437.0137079,1785138437.421852,1785138438.084231,
block1-001778,379.9935533897951,1020.8301624516025,41,160.0,379.17385704349726,1020.0104661053047,0.8196963462978601,block1:s3,pure_ltr,mixed,1785138437.4126952,1785138437.413515,1785138437.7926962,1785138438.433533,
block1-001779,57.58819461334497,4986.665502656251,229,172.5,56.77737190853804,4985.854679951444,0.8108227048069239,block1:zero_tool,pure_ltr,mixed,1785138437.5214803,1785138437.5222914,1785138437.5790768,1785138442.508154,
block1-001780,542.106777895242,1201.817364897579,48,10.0,541.8125609867275,1201.5231479890645,0.29421690851449966,block1:s3,pure_ltr,mixed,1785138438.123981,1785138438.1242752,1785138438.6660943,1785138439.325805,
block1-001781,541.7687755543739,1161.4670015405864,47,170.0,540.6834739260375,1160.38169991225,1.0853016283363104,block1:s3,pure_ltr,mixed,1785138438.2424881,1785138438.2435734,1785138438.784264,1785138439.4039621,
block1-001782,544.6857800707221,1144.1473410231993,46,820.0,544.4353560451418,1143.896916997619,0.250424025580287,block1:s3,pure_ltr,mixed,1785138438.2596905,1785138438.2599409,1785138438.8043838,1785138439.403845,
block1-001783,385.6118089752272,1025.5764999892563,43,100.0,385.22484397981316,1025.1895349938422,0.38696499541401863,block1:s3,pure_ltr,mixed,1785138438.3585048,1785138438.3588917,1785138438.7441237,1785138439.3840883,
block1-001784,76.57105778343976,3182.6082977931947,143,20.0,75.26730105746537,3181.3045410672203,1.303756725974381,block1:zero_tool,pure_ltr,mixed,1785138438.4516861,1785138438.45299,1785138438.5282643,1785138441.6343014,
block1-001785,431.86544941272587,1127.3392743896693,48,17.5,430.791700957343,1126.2655259342864,1.0737484553828835,block1:s4,pure_ltr,mixed,1785138438.5875208,1785138438.5885947,1785138439.0193949,1785138439.714868,
block1-001786,77.0051539875567,4127.18892598059,195,20.0,76.3470089295879,4126.5307809226215,0.6581450579687953,block1:zero_tool,pure_ltr,mixed,1785138438.9506125,1785138438.9512706,1785138439.0276263,1785138443.0778103,
block1-001787,497.9084387887269,1230.0114507088438,48,217.5,497.22336104605347,1229.3263729661703,0.6850777426734567,block1:s4,pure_ltr,mixed,1785138439.5232904,1785138439.5239754,1785138440.0212057,1785138440.7533092,
block1-001788,476.48066154215485,1204.7734525986016,48,85.0,475.90734995901585,1204.2001410154626,0.5733115831390023,block1:s4,pure_ltr,mixed,1785138439.58757,1785138439.5881433,1785138440.064072,1785138440.7923646,
block1-001789,446.5820685727522,1186.0778745030984,48,550.0,445.7719069905579,1185.2677129209042,0.8101615821942687,block1:s4,pure_ltr,mixed,1785138439.626048,1785138439.6268585,1785138440.072637,1785138440.8121328,
block1-001790,86.91400126554072,3589.5071652485058,170,10.0,86.0698560718447,3588.6630200548097,0.844145193696022,block1:zero_tool,pure_ltr,mixed,1785138439.7007167,1785138439.701561,1785138439.7876406,1785138443.2902336,
block1-001791,69.06567350961268,3562.844866537489,170,412.5,67.79251690022647,3561.571709928103,1.2731566093862057,block1:zero_tool,pure_ltr,mixed,1785138439.8977413,1785138439.8990145,1785138439.9668155,1785138443.4605947,
block1-001792,66.29104760941118,3251.5858855331317,154,70.0,66.02266104891896,3251.3174989726394,0.26838656049221754,block1:zero_tool,pure_ltr,mixed,1785138439.9626799,1785138439.9629483,1785138440.0289793,1785138443.2142737,
block1-001793,57.21200269181281,4210.567708709277,203,572.5,56.64273304864764,4209.998439066112,0.5692696431651711,block1:zero_tool,pure_ltr,mixed,1785138440.015671,1785138440.0162401,1785138440.0728903,1785138444.226246,
block1-001794,433.15896147396415,960.2827054914087,41,12.5,432.8099359991029,959.9336800165474,0.34902547486126423,block1:s1,pure_ltr,mixed,1785138440.339283,1785138440.339632,1785138440.7724504,1785138441.299574,
block1-001795,363.0351055180654,831.2524815555662,37,107.5,362.7249529818073,830.9423290193081,0.31015253625810146,block1:s1,pure_ltr,mixed,1785138440.4490063,1785138440.4493163,1785138440.8120492,1785138441.2802665,
block1-001796,266.9544436503202,849.5211316039786,39,395.0,266.20128110516816,848.7679690588266,0.7531625451520085,block1:s1,pure_ltr,mixed,1785138441.4628906,1785138441.4636438,1785138441.729853,1785138442.3124201,
block1-001797,73.01497517619282,2183.1465412396938,106,12.5,72.8331059217453,2182.9646719852462,0.18186925444751978,block1:zero_tool,pure_ltr,mixed,1785138441.9685125,1785138441.9686947,1785138442.0415375,1785138444.1516693,
block1-001798,71.32100185845047,5611.477381782606,279,172.5,69.2607139935717,5609.4170939177275,2.0602878648787737,block1:zero_tool,pure_ltr,mixed,1785138442.3782778,1785138442.380338,1785138442.4496047,1785138447.9897616,
block1-001799,122.79935705009848,1321.9714540755376,62,47.5,121.88514601439238,1321.0572430398315,0.9142110357061028,block1:s1,pure_ltr,mixed,1785138443.0727196,1785138443.0736341,1785138443.1955278,1785138444.3946993,
block1-001800,103.34459180012345,2385.6106268940493,120,320.0,102.99985797610134,2385.2658930700272,0.3447338240221143,block1:zero_tool,pure_ltr,mixed,1785138443.4387562,1785138443.4391012,1785138443.5421093,1785138445.8243754,
block1-001801,260.7644738163799,826.5508988406509,40,12.5,260.2140239905566,826.0004490148276,0.550449825823307,block1:s2,pure_ltr,mixed,1785138443.4742243,1785138443.4747748,1785138443.734996,1785138444.300782,
block1-001802,52.26623697672039,9325.704920920543,447,12.5,51.796913030557334,9325.23559697438,0.4693239461630583,block1:zero_tool,pure_ltr,mixed,1785138444.6406837,1785138444.641153,1785138444.6929588,1785138453.9663975,
block1-001803,52.94237507041544,8122.856728034094,390,60.0,52.26141295861453,8122.175765922293,0.680962111800909,block1:zero_tool,pure_ltr,mixed,1785138444.7738497,1785138444.774531,1785138444.8268003,1785138452.8967147,
block1-001804,69.08146815840155,2398.6506041837856,117,95.0,68.7470049597323,2398.3161409851164,0.3344631986692548,block1:zero_tool,pure_ltr,mixed,1785138445.3249063,1785138445.325241,1785138445.3939986,1785138447.723567,
block1-001805,60.321156051941216,3131.0265579959378,149,115.0,59.71185502130538,3130.417256965302,0.6093010306358337,block1:zero_tool,pure_ltr,mixed,1785138445.4667697,1785138445.467379,1785138445.527099,1785138448.5978043,
block1-001806,331.4486942254007,781.3213302288204,38,187.5,330.6465239729732,780.519159976393,0.8021702524274588,block1:s2,pure_ltr,mixed,1785138445.5860999,1785138445.5869024,1785138445.9175823,1785138446.367455,
block1-001807,87.08396623842418,3767.542000277899,174,545.0,86.09073492698371,3766.5487689664587,0.9932313114404678,block1:zero_tool,pure_ltr,mixed,1785138446.3686697,1785138446.369663,1785138446.4557605,1785138450.1362183,
block1-001808,72.69395666662604,3600.2888556104153,167,485.0,72.53411703277379,3600.129015976563,0.15983963385224342,block1:zero_tool,pure_ltr,mixed,1785138446.3855383,1785138446.385698,1785138446.4582384,1785138449.9858334,
block1-001809,422.9851741110906,1076.8152382224798,48,107.5,422.20822791568935,1076.0382920270786,0.7769461954012513,block1:s3,pure_ltr,mixed,1785138446.570139,1785138446.570916,1785138446.9931316,1785138447.6469615,
block1-001810,65.67541172262281,3478.2988796941936,161,282.5,64.2436450580135,3476.8671130295843,1.431766664609313,block1:zero_tool,pure_ltr,mixed,1785138446.7161157,1785138446.717548,1785138446.7818005,1785138450.1944242,
block1-001811,279.2688448680565,935.3351037716493,41,15.0,277.11851499043405,933.1847738940269,2.1503298776224256,block1:s3,pure_ltr,mixed,1785138447.192875,1785138447.1950254,1785138447.472151,1785138448.1282175,
block1-001812,437.9130363231525,1113.0893223453313,48,17.5,437.2012729290873,1112.377558951266,0.7117633940652013,block1:s3,pure_ltr,mixed,1785138447.744448,1785138447.7451596,1785138448.182369,1785138448.857545,
block1-001813,449.9013106105849,1051.4605436474085,47,412.5,449.3195649702102,1050.8787980070338,0.5817456403747201,block1:s3,pure_ltr,mixed,1785138448.0933025,1785138448.0938845,1785138448.5432122,1785138449.1447716,
block1-001814,459.5779892988503,1080.744347302243,48,17.5,459.0422740438953,1080.2086320472881,0.5357152549549937,block1:s3,pure_ltr,mixed,1785138448.10202,1785138448.1025558,1785138448.5616038,1785138449.1827703,
block1-001815,70.24993863888085,3226.630810648203,153,145.0,69.11912397481501,3225.499995984137,1.1308146640658379,block1:zero_tool,pure_ltr,mixed,1785138448.5355906,1785138448.5367215,1785138448.6058478,1785138451.7622285,
block1-001816,69.96300665196031,2866.6163206798956,136,92.5,68.66123504005373,2865.314549067989,1.301771611906588,block1:zero_tool,pure_ltr,mixed,1785138448.5357792,1785138448.537081,1785138448.605747,1785138451.4024005,
block1-001817,473.47875172272325,1223.9754077745602,50,135.0,473.11326093040407,1223.609916982241,0.3654907923191786,block1:s4,pure_ltr,mixed,1785138449.3166797,1785138449.3170452,1785138449.7901652,1785138450.5406618,
block1-001818,490.8972030971199,1140.3710960876197,48,15.0,489.8747130064294,1139.348605996929,1.0224900906905532,block1:s4,pure_ltr,mixed,1785138449.4950163,1785138449.496039,1785138449.9859228,1785138450.635397,
block1-001819,486.9704394368455,1097.1691515296698,48,20.0,486.5495809353888,1096.748293028213,0.4208585014566779,block1:s4,pure_ltr,mixed,1785138449.7075255,1785138449.7079465,1785138450.194504,1785138450.8047028,
block1-001820,456.39232476241887,1065.2428996982053,48,10.0,456.1781500233337,1065.0287249591202,0.21417473908513784,block1:s4,pure_ltr,mixed,1785138449.8144178,1785138449.814632,1785138450.2708175,1785138450.879668,
block1-001821,414.682844420895,1021.7454034136608,48,15.0,414.51408294960856,1021.5766419423744,0.16876147128641605,block1:s4,pure_ltr,mixed,1785138449.9326808,1785138449.93285,1785138450.3473718,1785138450.9544344,
block1-001822,402.2586166393012,1040.1767855510116,48,52.5,400.7026350591332,1038.6208039708436,1.5559815801680088,block1:s4,pure_ltr,mixed,1785138451.0744524,1785138451.0760086,1785138451.476719,1785138452.114637,
block1-001823,401.09100355766714,1118.34855156485,48,545.0,400.22947592660785,1117.4870239337906,0.861527631059289,block1:s4,pure_ltr,mixed,1785138451.5091205,1785138451.5099819,1785138451.910219,1785138452.6274765,
block1-001824,93.83623639587313,3501.8640314228833,162,105.0,92.9928800323978,3501.020675059408,0.8433563634753227,block1:zero_tool,pure_ltr,mixed,1785138451.5558953,1785138451.5567386,1785138451.6497371,1785138455.057765,
block1-001825,411.0478316433728,926.5503156930208,37,172.5,410.6315519893542,926.1340360390022,0.4162796540185809,block1:s1,pure_ltr,mixed,1785138452.253467,1785138452.2538834,1785138452.6645224,1785138453.1800253,
block1-001826,410.82101489882916,1040.5776809202507,43,60.0,410.0038630422205,1039.760529063642,0.8171518566086888,block1:s1,pure_ltr,mixed,1785138452.2536252,1785138452.2544422,1785138452.6644516,1785138453.2942085,
block1-001827,105.34946375992149,2653.6122218240052,122,115.0,105.08218291215599,2653.3449409762397,0.2672808477655053,block1:zero_tool,pure_ltr,mixed,1785138452.3663557,1785138452.366623,1785138452.471713,1785138455.019976,
block1-001828,58.56717296410352,2582.6364159584045,121,70.0,57.53135005943477,2581.600593053736,1.0358229046687484,block1:zero_tool,pure_ltr,mixed,1785138452.493576,1785138452.4946117,1785138452.5521505,1785138455.0762196,
block1-001829,126.96821696590632,1499.4458738947287,65,60.0,125.98749506287277,1498.4651519916952,0.9807219030335546,block1:s1,pure_ltr,mixed,1785138452.6931152,1785138452.694096,1785138452.8201017,1785138454.1925793,
block1-001830,356.60125233698636,972.167500294745,40,12.5,356.2710750848055,971.8373230425641,0.33017725218087435,block1:s1,pure_ltr,mixed,1785138453.2779214,1785138453.2782514,1785138453.6345408,1785138454.250107,
block1-001831,115.79947511199862,2435.2578290272504,114,100.0,113.79408207722008,2433.252435992472,2.0053930347785354,block1:zero_tool,pure_ltr,mixed,1785138453.3760257,1785138453.378031,1785138453.491833,1785138455.8112917,
block1-001832,279.45349272340536,893.9691537525505,40,395.0,279.0273790014908,893.5430400306359,0.4261137219145894,block1:s2,pure_ltr,mixed,1785138453.4128056,1785138453.4132318,1785138453.6922653,1785138454.3067808,
block1-001833,94.01712566614151,3850.872976705432,186,15.0,93.79120706580579,3850.647058105096,0.2259186003357172,block1:zero_tool,pure_ltr,mixed,1785138453.425757,1785138453.425983,1785138453.5197804,1785138457.2766361,
block1-001834,58.14259429462254,2900.4003232112154,140,12.5,57.255011051893234,2899.512739968486,0.8875832427293062,block1:zero_tool,pure_ltr,mixed,1785138453.8497746,1785138453.8506622,1785138453.9079251,1785138456.7501829,
block1-001835,100.31024063937366,1521.4305756380782,72,95.0,99.98351405374706,1521.1038490524516,0.3267265856266022,block1:s2,pure_ltr,mixed,1785138454.0339997,1785138454.0343266,1785138454.1343176,1785138455.5554376,
block1-001836,291.3411210756749,789.7771931020543,35,545.0,291.0483219893649,789.4843940157443,0.2927990863099694,block1:s2,pure_ltr,mixed,1785138454.7468548,1785138454.7471478,1785138455.0382037,1785138455.5366397,
block1-001837,350.7697490276769,981.1076830374077,44,20.0,349.74199801217765,980.0799320219085,1.0277510154992342,block1:s2,pure_ltr,mixed,1785138455.091448,1785138455.092476,1785138455.442226,1785138456.072564,
block1-001838,336.15208708215505,825.1362300943583,36,152.5,334.90702300332487,823.8911660155281,1.2450640788301826,block1:s2,pure_ltr,mixed,1785138455.6238708,1785138455.6251159,1785138455.9600306,1785138456.449015,
block1-001839,261.3909491337836,749.9037231318653,34,395.0,260.6431709136814,749.1559449117631,0.747778220102191,block1:s2,pure_ltr,mixed,1785138455.754713,1785138455.755461,1785138456.0161123,1785138456.504625,
block1-001840,61.00722216069698,3353.0244681751356,163,10.0,60.85645197890699,3352.8736979933456,0.15077018178999424,block1:zero_tool,pure_ltr,mixed,1785138456.089748,1785138456.0898988,1785138456.1507623,1785138459.4427793,
block1-001841,264.8865992669016,717.0024962397292,33,550.0,264.22304194420576,716.3389389170334,0.6635573226958513,block1:s3,pure_ltr,mixed,1785138456.2207317,1785138456.2213955,1785138456.4856257,1785138456.9377418,
block1-001842,64.34061122126877,3356.723555130884,161,152.5,63.78371606115252,3356.166659970768,0.5568951601162553,block1:zero_tool,pure_ltr,mixed,1785138456.5561054,1785138456.5566623,1785138456.6204531,1785138459.912836,
block1-001843,406.42490168102086,1050.5054837558419,48,820.0,405.8999109547585,1049.9804930295795,0.524990726262331,block1:s3,pure_ltr,mixed,1785138457.0007975,1785138457.0013227,1785138457.40723,1785138458.0513105,
block1-001844,60.49133208580315,3451.731270062737,164,412.5,60.191333992406726,3451.4312719693407,0.29999809339642525,block1:zero_tool,pure_ltr,mixed,1785138457.1417253,1785138457.1420255,1785138457.2022533,1785138460.5934935,
block1-001845,67.34559964388609,3997.972964658402,180,287.5,66.7601089226082,3997.387473937124,0.5854907212778926,block1:zero_tool,pure_ltr,mixed,1785138457.4374692,1785138457.4380548,1785138457.5048223,1785138461.4354496,
block1-001846,505.40859007742256,984.2226459877566,43,350.0,504.62919706478715,983.4432529751211,0.7793930126354098,block1:s3,pure_ltr,mixed,1785138457.6963,1785138457.6970797,1785138458.2017167,1785138458.680531,
block1-001847,94.51581677421927,2769.7490057908,128,145.0,93.57852896209806,2768.8117179786786,0.9372878121212125,block1:zero_tool,pure_ltr,mixed,1785138457.727625,1785138457.7285624,1785138457.8221478,1785138460.497381,
block1-001848,431.16054532583803,1115.018336335197,49,95.0,430.847413954325,1114.705204963684,0.31313137151300907,block1:s4,pure_ltr,mixed,1785138457.9978683,1785138457.9981816,1785138458.4290376,1785138459.1128955,
block1-001849,68.94442869815975,2594.691456644796,122,50.0,68.06453608442098,2593.811564031057,0.8798926137387753,block1:zero_tool,pure_ltr,mixed,1785138458.0947971,1785138458.0956771,1785138458.1637475,1785138460.6894946,
block1-001850,93.3433793252334,2850.0857333419845,130,412.5,92.54330000840127,2849.2856540251523,0.8000793168321252,block1:zero_tool,pure_ltr,mixed,1785138458.178108,1785138458.178908,1785138458.271459,1785138461.0282018,
block1-001851,48.725993488915265,2725.58365855366,125,282.5,47.7502120193094,2724.607877084054,0.9757814696058631,block1:zero_tool,pure_ltr,mixed,1785138458.2258694,1785138458.2268453,1785138458.2746017,1785138460.9514596,
block1-001852,64.39249333925545,3538.3803902659565,158,60.0,63.60170501284301,3537.589601939544,0.7907883264124393,block1:zero_tool,pure_ltr,mixed,1785138458.696094,1785138458.696885,1785138458.7604961,1785138462.234484,
block1-001853,416.03834670968354,1074.6254146797583,48,307.5,415.8589580329135,1074.4460260029882,0.17938867677003145,block1:s4,pure_ltr,mixed,1785138458.7542012,1785138458.7543805,1785138459.1702452,1785138459.828832,
block1-001854,61.95633590687066,3725.0826929230243,168,550.0,61.34690099861473,3724.4732580147684,0.6094349082559347,block1:zero_tool,pure_ltr,mixed,1785138458.9142005,1785138458.9148104,1785138458.9761646,1785138462.6392908,
block1-001855,444.62976895738393,1125.4004359943792,48,15.0,443.7218150123954,1124.4924820493907,0.9079539449885488,block1:s4,pure_ltr,mixed,1785138459.5449708,1785138459.545879,1785138459.989607,1785138460.670378,
block1-001856,312.4616638524458,956.8778938846663,43,60.0,311.82976299896836,956.2459930311888,0.6319008534774184,block1:s1,pure_ltr,mixed,1785138459.8130543,1785138459.8136864,1785138460.125523,1785138460.7699394,
block1-001857,120.87397661525756,1718.2988655986264,69,70.0,119.51833905186504,1716.943228035234,1.35563756339252,block1:s1,pure_ltr,mixed,1785138460.1232731,1785138460.124629,1785138460.2441566,1785138461.8415809,
block1-001858,55.93713675625622,3248.706755694002,151,95.0,55.258634965866804,3248.0282539036125,0.6785017903894186,block1:zero_tool,pure_ltr,mixed,1785138460.6941798,1785138460.6948583,1785138460.7501247,1785138463.9428947,
block1-001859,457.6138216070831,1039.4367835251614,37,140.0,456.6553240874782,1038.4782860055566,0.9584975196048617,block1:s1,pure_ltr,mixed,1785138460.7445655,1785138460.7455242,1785138461.202188,1785138461.7840111,
block1-001860,387.5475450186059,1085.283963009715,39,17.5,387.2754219919443,1085.0118399830535,0.27212302666157484,block1:s1,pure_ltr,mixed,1785138460.756174,1785138460.7564461,1785138461.1437275,1785138461.841464,
block1-001861,113.68315224535763,1493.1624642340466,65,75.0,112.84259497188032,1492.3219069605693,0.8405572734773159,block1:s1,pure_ltr,mixed,1785138461.0113168,1785138461.0121574,1785138461.1250074,1785138462.5044866,
block1-001862,405.6171465199441,970.3392954543233,43,572.5,405.20232100971043,969.9244699440897,0.41482551023364067,block1:s1,pure_ltr,mixed,1785138461.319845,1785138461.3202598,1785138461.7254958,1785138462.2902179,
block1-001863,130.90778852347285,1440.7849184935912,68,117.5,130.0141050014645,1439.891234971583,0.8936835220083594,block1:s1,pure_ltr,mixed,1785138461.5177338,1785138461.5186276,1785138461.6486492,1785138462.9585264,
block1-001864,273.70488445740193,726.9984064623713,34,12.5,273.17812002729625,726.4716420322657,0.5267644301056862,block1:s2,pure_ltr,mixed,1785138462.2689419,1785138462.2694688,1785138462.5426545,1785138462.9959478,
block1-001865,64.36325435061008,3283.3007792942226,165,187.5,64.04020497575402,3282.9777299193665,0.3230493748560548,block1:zero_tool,pure_ltr,mixed,1785138462.537466,1785138462.537789,1785138462.6018367,1785138465.8207743,
block1-001866,314.827223890461,875.7905508391559,43,115.0,314.2119270050898,875.1752539537847,0.6152968853712082,block1:s2,pure_ltr,mixed,1785138463.159376,1785138463.1599913,1785138463.4742103,1785138464.0351734,
block1-001867,95.45205614995211,1399.622916127555,69,100.0,94.13981600664556,1398.3106759842485,1.3122401433065534,block1:s2,pure_ltr,mixed,1785138464.1654878,1785138464.1668,1785138464.2609475,1785138465.5651183,
block1-001868,299.71083730924875,754.8272632993758,36,10.0,298.1342530110851,753.2506790012121,1.5765842981636524,block1:s2,pure_ltr,mixed,1785138464.6421256,1785138464.6437023,1785138464.9418435,1785138465.3969598,
block1-001869,63.248733640648425,3128.4624425461516,140,15.0,62.69011809490621,3127.9038270004094,0.5586155457422137,block1:zero_tool,pure_ltr,mixed,1785138464.938428,1785138464.9389868,1785138465.0016842,1785138468.066898,
block1-001870,341.07120148837566,866.9428573921323,36,105.0,340.74125601910055,866.6129119228572,0.3299454692751169,block1:s2,pure_ltr,mixed,1785138465.5948384,1785138465.5951684,1785138465.9359167,1785138466.4617882,
block1-001871,304.727925802581,984.9872807972133,40,92.5,303.73004102148116,983.9893960161135,0.9978847810998559,block1:s2,pure_ltr,mixed,1785138465.6101687,1785138465.6111665,1785138465.9149263,1785138466.5951858,
block1-001872,444.8584131896496,1180.4653032450005,48,320.0,444.61931998375803,1180.226210039109,0.2390932058915496,block1:s3,pure_ltr,mixed,1785138465.8979049,1785138465.8981442,1785138466.3427699,1785138467.0783772,
block1-001873,471.3050053687766,1255.6285933824256,48,485.0,469.61389400530607,1253.937482018955,1.6911113634705544,block1:s3,pure_ltr,mixed,1785138466.1939309,1785138466.1956222,1785138466.6652532,1785138467.4495766,
block1-001874,54.24363189376891,4063.3974509546533,177,107.5,53.54658898431808,4062.7004080452025,0.697042909450829,block1:zero_tool,pure_ltr,mixed,1785138466.2950094,1785138466.2957063,1785138466.3492608,1785138470.3584144,
block1-001875,483.7120659649372,1220.9543919889256,48,107.5,483.31662197597325,1220.5589479999617,0.3954439889639616,block1:s3,pure_ltr,mixed,1785138466.4812152,1785138466.4816108,1785138466.9649348,1785138467.7021773,
block1-001876,493.86831535957754,1231.8866794230416,48,110.0,493.31026000436395,1231.328624067828,0.5580553552135825,block1:s3,pure_ltr,mixed,1785138466.4896905,1785138466.4902487,1785138466.9835656,1785138467.721584,
block1-001877,86.58835873939097,5152.017603744753,223,287.5,85.95249499194324,5151.381739997305,0.6358637474477291,block1:zero_tool,pure_ltr,mixed,1785138466.7240207,1785138466.7246566,1785138466.8106163,1785138471.8760452,
block1-001878,50.49081984907389,8629.830976831727,380,85.0,49.900557030923665,8629.240714013577,0.5902628181502223,block1:zero_tool,pure_ltr,mixed,1785138466.7630415,1785138466.7636316,1785138466.8135393,1785138475.3928797,
block1-001879,491.46542977541685,1180.2555047906935,48,52.5,491.2468739785254,1180.036948993802,0.21855579689145088,block1:s3,pure_ltr,mixed,1785138466.8478174,1785138466.848036,1785138467.339291,1785138468.0280812,
block1-001880,96.55072714667767,4487.994075170718,194,17.5,95.55881295818835,4487.002160982229,0.9919141884893179,block1:zero_tool,pure_ltr,mixed,1785138467.0162773,1785138467.0172691,1785138467.1128364,1785138471.50428,
block1-001881,474.21417909208685,1227.5761470664293,49,107.5,473.2959750108421,1226.6579429851845,0.9182040812447667,block1:s4,pure_ltr,mixed,1785138467.032838,1785138467.0337565,1785138467.5070589,1785138468.260421,
block1-001882,454.1000151075423,1188.0962380673736,48,20.0,452.9531510779634,1186.9493740377948,1.1468640295788646,block1:s4,pure_ltr,mixed,1785138467.0914643,1785138467.092611,1785138467.545572,1785138468.2795682,
block1-001883,420.8015500335023,1178.818138083443,48,307.5,419.97867601457983,1177.9952640645206,0.8228740189224482,block1:s4,pure_ltr,mixed,1785138467.3003883,1785138467.3012114,1785138467.7211974,1785138468.4792142,
block1-001884,514.6005605347455,1241.5827584918588,48,135.0,513.3201540447772,1240.3023520018905,1.2804064899682999,block1:s4,pure_ltr,mixed,1785138467.906569,1785138467.9078496,1785138468.421177,1785138469.1481586,
block1-001885,466.5347198024392,1254.609438823536,48,280.0,465.4689420713112,1253.543661092408,1.065777731128037,block1:s4,pure_ltr,mixed,1785138468.0504704,1785138468.051536,1785138468.5170357,1785138469.3051105,
block1-001886,118.09210036881268,2982.223869417794,128,17.5,117.03974404372275,2981.171513092704,1.0523563250899315,block1:zero_tool,pure_ltr,mixed,1785138468.0810838,1785138468.0821362,1785138468.1991823,1785138471.0633144,
block1-001887,469.66567647177726,1257.8764545032755,48,280.0,468.771395040676,1256.9821730721742,0.8942814311012626,block1:s4,pure_ltr,mixed,1785138468.0862694,1785138468.0871637,1785138468.5559418,1785138469.3441527,
block1-001888,347.4211550783366,1067.4383181612939,43,95.0,345.1700259465724,1065.1871890295297,2.2511291317641735,block1:s1,pure_ltr,mixed,1785138468.257268,1785138468.2595189,1785138468.6046956,1785138469.3247128,
block1-001889,118.75883641187102,1612.2319714631885,69,100.0,117.79978196136653,1611.272917012684,0.9590544505044818,block1:s1,pure_ltr,mixed,1785138468.536499,1785138468.5374582,1785138468.6552656,1785138470.1487386,
block1-001890,410.92206770554185,1058.4651256212965,43,320.0,410.3260680567473,1057.869125972502,0.5959996487945318,block1:s1,pure_ltr,mixed,1785138468.993721,1785138468.994317,1785138469.4046507,1785138470.052194,
block1-001891,119.2607352277264,1672.049445216544,73,85.0,118.2590409880504,1671.047750976868,1.0016942396759987,block1:s1,pure_ltr,mixed,1785138469.127646,1785138469.128648,1785138469.2469153,1785138470.7997043,
block1-001892,60.17319147940725,7652.058142470196,350,15.0,59.23913500737399,7651.124085998163,0.9340564720332623,block1:zero_tool,pure_ltr,mixed,1785138469.3249397,1785138469.3258736,1785138469.3851192,1785138476.977004,
block1-001893,303.34194644819945,769.6314074564725,34,70.0,302.5050319265574,768.7944929348305,0.8369145216420293,block1:s1,pure_ltr,mixed,1785138469.417971,1785138469.4188077,1785138469.721319,1785138470.1876082,
block1-001894,75.24078525602818,4342.791177215986,195,20.0,74.151442036964,4341.701833996922,1.089343219064176,block1:zero_tool,pure_ltr,mixed,1785138469.50928,1785138469.5103695,1785138469.584527,1785138473.8520772,
block1-001895,58.02079034037888,7884.078610339202,356,20.0,57.35380994156003,7883.411629940383,0.6669803988188505,block1:zero_tool,pure_ltr,mixed,1785138470.435637,1785138470.436304,1785138470.493666,1785138478.3197238,
block1-001896,401.8139921827242,1110.7876491732895,44,10.0,401.03187796194106,1110.0055349525064,0.7821142207831144,block1:s2,pure_ltr,mixed,1785138470.4735384,1785138470.4743204,1785138470.8753595,1785138471.584333,
block1-001897,331.61182317417115,1062.9320602165535,42,15.0,331.2086670193821,1062.5289040617645,0.40315615478903055,block1:s2,pure_ltr,mixed,1785138470.6956089,1785138470.6960118,1785138471.0272274,1785138471.7585478,
block1-001898,96.54023195616901,4120.694782934152,181,485.0,96.13637102302164,4120.290922001004,0.4038609331473708,block1:zero_tool,pure_ltr,mixed,1785138470.9669104,1785138470.9673145,1785138471.0634584,1785138475.087613,
block1-001899,325.2328777452931,1040.4957596911117,43,350.0,324.79671109467745,1040.059593040496,0.43616665061563253,block1:s2,pure_ltr,mixed,1785138470.9954696,1785138470.9959059,1785138471.3207269,1785138472.03599,
block1-001900,84.05322290491313,6010.969799943268,274,92.5,82.92976091615856,6009.846337954514,1.1234619887545705,block1:zero_tool,pure_ltr,mixed,1785138471.0034664,1785138471.0045898,1785138471.0875273,1785138477.0144439,
block1-001901,568.9224835950881,1315.1411656290293,49,15.0,568.2339780032635,1314.4526600372046,0.6885055918246508,block1:s2,pure_ltr,mixed,1785138471.3413045,1785138471.3419936,1785138471.9102356,1785138472.6564546,
block1-001902,372.74101364891976,964.9277366697788,36,10.0,371.68170395307243,963.8684269739315,1.0593096958473325,block1:s2,pure_ltr,mixed,1785138471.4242089,1785138471.425269,1785138471.796965,1785138472.3891513,
block1-001903,84.88730830140412,2254.4348512310535,98,75.0,84.50733707286417,2254.0548800025135,0.3799712285399437,block1:zero_tool,pure_ltr,mixed,1785138471.4993386,1785138471.4997187,1785138471.5842352,1785138473.7537825,
block1-001904,252.08007206674665,876.8374311039224,32,92.5,251.59832695499063,876.3556859921664,0.48174511175602674,block1:s3,pure_ltr,mixed,1785138471.6046371,1785138471.605119,1785138471.8567252,1785138472.4814825,
block1-001905,71.29466801416129,2909.1922390507534,128,107.5,70.3159699914977,2908.21354102809,0.9786980226635933,block1:zero_tool,pure_ltr,mixed,1785138471.8469608,1785138471.8479395,1785138471.9182618,1785138474.7561593,
block1-001906,553.8930278271437,1235.4361768811941,48,17.5,553.3278009388596,1234.87094999291,0.5652268882840872,block1:s3,pure_ltr,mixed,1785138472.0603738,1785138472.060939,1785138472.614275,1785138473.295818,
block1-001907,366.82038847357035,1052.3487584432587,41,152.5,365.67484796978533,1051.2032179394737,1.1455405037850142,block1:s3,pure_ltr,mixed,1785138472.1427572,1785138472.143903,1785138472.509586,1785138473.1951149,
block1-001908,116.03608739096671,3690.063140471466,163,282.5,115.31481798738241,3689.3418710678816,0.7212694035843015,block1:zero_tool,pure_ltr,mixed,1785138472.1550775,1785138472.1557987,1785138472.2711215,1785138475.8451486,
block1-001909,502.3879528744146,1180.2338808774948,48,132.5,502.21358705312014,1180.0595150562003,0.17436582129448652,block1:s3,pure_ltr,mixed,1785138472.174425,1785138472.1745994,1785138472.67682,1785138473.3546658,
block1-001910,69.55146335531026,3643.542636418715,165,160.0,69.00938297621906,3643.000556039624,0.5420803790912032,block1:zero_tool,pure_ltr,mixed,1785138472.298012,1785138472.2985544,1785138472.367572,1785138475.941563,
block1-001911,103.03182736970484,3112.4052363447845,141,485.0,102.57490596268326,3111.948314937763,0.4569214070215821,block1:zero_tool,pure_ltr,mixed,1785138472.3782775,1785138472.3787346,1785138472.481318,1785138475.4906912,
block1-001912,418.1498618563637,1118.9068268286064,49,15.0,417.2638510353863,1118.020816007629,0.8860108209773898,block1:s4,pure_ltr,mixed,1785138472.3982656,1785138472.3991518,1785138472.816424,1785138473.5171807,
block1-001913,71.5428723488003,2968.565027345903,136,15.0,69.69783105887473,2966.7199860559776,1.8450412899255753,block1:zero_tool,pure_ltr,mixed,1785138472.5222714,1785138472.5241165,1785138472.593822,1785138475.490844,
block1-001914,419.6954072685912,1086.9206682546064,48,10.0,418.9739760477096,1086.1992370337248,0.7214312208816409,block1:s4,pure_ltr,mixed,1785138473.036602,1785138473.0373235,1785138473.4563296,1785138474.1235547,
block1-001915,71.31236500572413,2753.533478011377,125,12.5,71.06024795211852,2753.2813609577715,0.2521170536056161,block1:zero_tool,pure_ltr,mixed,1785138473.3656514,1785138473.3659036,1785138473.4369714,1785138476.1191926,
block1-001916,431.81519873905927,1137.118712766096,48,485.0,430.74534996412694,1136.0488639911637,1.0698487749323249,block1:s4,pure_ltr,mixed,1785138473.8562443,1785138473.857314,1785138474.288067,1785138474.9933708,
block1-001917,68.54744779411703,5235.4436938185245,243,20.0,67.4452759558335,5234.341521980241,1.1021718382835388,block1:zero_tool,pure_ltr,mixed,1785138474.219207,1785138474.2203095,1785138474.2877626,1785138479.454659,
block1-001918,462.0637915795669,1158.6640756577253,48,10.0,460.483000962995,1157.0832850411534,1.5807906165719032,block1:s4,pure_ltr,mixed,1785138474.2535229,1785138474.255104,1785138474.7156208,1785138475.412221,
block1-001919,421.72954452689737,1117.0137315057218,48,187.5,421.20179103221744,1116.4859780110419,0.5277534946799278,block1:s4,pure_ltr,mixed,1785138474.3343284,1785138474.3348563,1785138474.7560668,1785138475.4513507,
block1-001920,71.64722110610455,2548.76034706831,117,12.5,71.09528896398842,2548.2084149261937,0.5519321421161294,block1:zero_tool,pure_ltr,mixed,1785138475.0231771,1785138475.023729,1785138475.094832,1785138477.5719452,
block1-001921,131.60018145572394,1303.837890503928,58,17.5,129.72402398008853,1301.9617330282927,1.8761574756354094,block1:s1,pure_ltr,mixed,1785138475.1225228,1785138475.124416,1785138475.2541478,1785138476.4263854,
block1-001922,63.07463091798127,3505.984063842334,165,115.0,62.25750804878771,3505.1669409731403,0.8171228691935539,block1:zero_tool,pure_ltr,mixed,1785138475.468925,1785138475.469742,1785138475.5320067,1785138478.9749157,
block1-001923,328.96116271149367,794.5717617403716,36,152.5,327.8983529889956,793.5089520178735,1.0628097224980593,block1:s1,pure_ltr,mixed,1785138475.650741,1785138475.651804,1785138475.9797106,1785138476.4453208,
block1-001924,55.66609464585781,3655.635168659501,173,485.0,55.12934399303049,3655.0984180066735,0.5367506528273225,block1:zero_tool,pure_ltr,mixed,1785138476.0052,1785138476.0057364,1785138476.0608726,1785138479.6608415,
block1-001925,59.36496809590608,2876.3426550431177,132,117.5,58.251606998965144,2875.2292939461768,1.1133610969409347,block1:zero_tool,pure_ltr,mixed,1785138476.7469962,1785138476.7481096,1785138476.8063688,1785138479.6233463,
block1-001926,132.60299002286047,1551.0249860817567,66,15.0,132.10210902616382,1550.52410508506,0.500880996696651,block1:s1,pure_ltr,mixed,1785138477.0734732,1785138477.0739744,1785138477.2060838,1785138478.624506,
block1-001927,121.35600403416902,1524.0766560891643,68,395.0,120.89197500608861,1523.612627061084,0.4640290280804038,block1:s1,pure_ltr,mixed,1785138477.3356833,1785138477.3361475,1785138477.4570484,1785138478.8597689,
block1-001928,71.18452433496714,2894.0808163024485,135,12.5,69.56302199978381,2892.459313967265,1.6215023351833224,block1:zero_tool,pure_ltr,mixed,1785138477.7680898,1785138477.7697113,1785138477.8392808,1785138480.662177,
block1-001929,389.78823309298605,972.1193150617182,42,135.0,387.9596160259098,970.290697994642,1.8286170670762658,block1:s2,pure_ltr,mixed,1785138478.0787134,1785138478.0805423,1785138478.4685347,1785138479.050866,
block1-001930,381.74015807453543,963.8902611332014,43,17.5,381.24397001229227,963.3940730709583,0.4961880622431636,block1:s2,pure_ltr,mixed,1785138478.1251514,1785138478.1256475,1785138478.5068989,1785138479.089049,
block1-001931,87.73121086414903,1633.2493758527562,74,75.0,87.25052198860794,1632.768686977215,0.48068887554109097,block1:s2,pure_ltr,mixed,1785138478.3806148,1785138478.3810956,1785138478.4683554,1785138480.0138733,
block1-001932,65.4931653989479,2640.680161304772,129,160.0,64.60645305924118,2639.793448965065,0.8867123397067189,block1:zero_tool,pure_ltr,mixed,1785138478.6003497,1785138478.6012366,1785138478.665852,1785138481.241039,
block1-001933,368.7660350697115,1023.229492129758,44,412.5,366.9272529659793,1021.3907100260258,1.8387821037322283,block1:s2,pure_ltr,mixed,1785138479.0863502,1785138479.088189,1785138479.4551227,1785138480.109586,
block1-001934,102.45094134006649,1366.9872672762722,64,15.0,102.1067660767585,1366.6430920129642,0.34417526330798864,block1:s2,pure_ltr,mixed,1785138479.388008,1785138479.3883522,1785138479.4904678,1785138480.7550042,
block1-001935,257.3241546051577,712.8885146230459,31,15.0,257.2078629164025,712.7722229342908,0.11629168875515461,block1:s2,pure_ltr,mixed,1785138479.85203,1785138479.8521464,1785138480.1093612,1785138480.5649252,
block1-001936,446.63032167591155,1049.0460176952183,48,350.0,445.9854429587722,1048.401138978079,0.6448787171393633,block1:s3,pure_ltr,mixed,1785138479.854309,1785138479.854954,1785138480.3009448,1785138480.9033608,
block1-001937,66.13034580368549,2555.946194799617,129,17.5,64.95021109003574,2554.766060085967,1.1801347136497498,block1:zero_tool,pure_ltr,mixed,1785138480.0049162,1785138480.0060964,1785138480.0710552,1785138482.560871,
block1-001938,65.63399161677808,3729.2076986050233,185,22.5,64.55527292564511,3728.1289799138904,1.0787186911329627,block1:zero_tool,pure_ltr,mixed,1785138480.0841274,1785138480.085206,1785138480.149767,1785138483.8133404,
block1-001939,55.40409334935248,9291.394600411877,453,145.0,55.179913993924856,9291.17042105645,0.2241793554276228,block1:zero_tool,pure_ltr,mixed,1785138480.5876646,1785138480.587889,1785138480.6430767,1785138489.879067,
block1-001940,53.693857276812196,3394.0448203356937,164,287.5,53.21661802008748,3393.567581078969,0.47723925672471523,block1:zero_tool,pure_ltr,mixed,1785138481.5263126,1785138481.52679,1785138481.580014,1785138484.9203649,
block1-001941,50.79392355401069,2918.720175512135,139,60.0,49.69011608045548,2917.61636803858,1.1038074735552073,block1:zero_tool,pure_ltr,mixed,1785138481.6077745,1785138481.6088784,1785138481.6586,1785138484.5265267,
block1-001942,455.52878314629197,945.9464431274682,43,60.0,455.01920103561133,945.4368610167876,0.5095821106806397,block1:s3,pure_ltr,mixed,1785138481.8414102,1785138481.84192,1785138482.2969503,1785138482.7873676,
block1-001943,63.741454971022904,3175.555058987811,154,350.0,63.401074963621795,3175.21467898041,0.34038000740110874,block1:zero_tool,pure_ltr,mixed,1785138481.951443,1785138481.9517832,1785138482.0151918,1785138485.127005,
block1-001944,405.8110991027206,1089.655288029462,48,25.0,404.9889750313014,1088.8331639580429,0.822124071419239,block1:s4,pure_ltr,mixed,1785138482.3999465,1785138482.4007685,1785138482.805765,1785138483.4896092,
block1-001945,434.30438393261284,1118.4197319671512,48,135.0,433.56301996391267,1117.678367998451,0.7413639687001705,block1:s4,pure_ltr,mixed,1785138482.9557173,1785138482.9564588,1785138483.3900282,1785138484.0741434,
block1-001946,441.20857724919915,1086.5481431828812,48,357.5,441.03019300382584,1086.3697589375079,0.17838424537330866,block1:s4,pure_ltr,mixed,1785138483.1389778,1785138483.1391563,1785138483.5801926,1785138484.2255318,
block1-001947,424.6973345289007,1085.8654745388776,48,25.0,423.37302293162793,1084.5411629416049,1.3243115972727537,block1:s4,pure_ltr,mixed,1785138483.4410236,1785138483.4423478,1785138483.8657281,1785138484.5268967,
block1-001948,408.9404458645731,1081.226089852862,49,10.0,408.65931706503034,1080.9449610533193,0.2811287995427847,block1:s4,pure_ltr,mixed,1785138483.7781346,1785138483.778416,1785138484.1870844,1785138484.8593702,
block1-001949,388.9669784111902,1054.2685183463618,48,95.0,388.48686299752444,1053.788402932696,0.4801154136657715,block1:s4,pure_ltr,mixed,1785138484.3786316,1785138484.3791115,1785138484.767605,1785138485.4329064,
block1-001950,63.46728221978992,2675.5614422727376,128,47.5,63.15177504438907,2675.2459350973368,0.31550717540085316,block1:zero_tool,pure_ltr,mixed,1785138484.8010488,1785138484.8013642,1785138484.8645248,1785138487.4766188,
block1-001951,444.8947168421,1084.5588048687205,48,15.0,442.8521679947153,1082.5162560213357,2.042548847384751,block1:s4,pure_ltr,mixed,1785138485.1160173,1785138485.1180599,1785138485.5609193,1785138486.2005835,
block1-001952,320.4220551997423,938.61117225606,43,20.0,320.1744179241359,938.3635349804536,0.24763727560639381,block1:s1,pure_ltr,mixed,1785138485.2058315,1785138485.2060792,1785138485.5262604,1785138486.1444495,
block1-001953,58.47688624635339,2927.9017362277955,138,15.0,57.91022803168744,2927.3350780131295,0.5666582146659493,block1:zero_tool,pure_ltr,mixed,1785138485.5087094,1785138485.5092762,1785138485.567193,1785138488.436618,
block1-001954,308.5503828478977,805.5799568537623,36,10.0,307.43019701913,804.4597710249946,1.1201858287677169,block1:s1,pure_ltr,mixed,1785138485.572263,1785138485.573383,1785138485.8808208,1785138486.3778503,
block1-001955,67.19629652798176,2989.797283546068,140,17.5,65.36136101931334,2987.9623480373994,1.8349355086684227,block1:zero_tool,pure_ltr,mixed,1785138485.8136961,1785138485.8155315,1785138485.880931,1785138488.803532,
block1-001956,314.2813491867855,827.9049451230094,36,85.0,312.6010560663417,826.2246520025656,1.680293120443821,block1:s1,pure_ltr,mixed,1785138486.174616,1785138486.1762965,1785138486.488904,1785138487.0025277,
block1-001957,60.07113493978977,5997.322219889611,293,140.0,59.7678431076929,5997.018928057514,0.3032918320968747,block1:zero_tool,pure_ltr,mixed,1785138486.6935039,1785138486.6938071,1785138486.7535815,1785138492.6908326,
block1-001958,269.2460740217939,884.8291670437902,39,297.5,268.79115495830774,884.3742479803041,0.45491906348615885,block1:s1,pure_ltr,mixed,1785138486.770311,1785138486.770766,1785138487.0395641,1785138487.655147,
block1-001959,50.73696235194802,3032.18875231687,145,15.0,50.33652507700026,3031.788315041922,0.4004372749477625,block1:zero_tool,pure_ltr,mixed,1785138487.0678487,1785138487.068249,1785138487.1185927,1785138490.1000445,
block1-001960,297.3607099847868,861.6129800211638,37,320.0,297.10592003539205,861.3581900717691,0.2547899493947625,block1:s2,pure_ltr,mixed,1785138487.4617171,1785138487.461972,1785138487.759085,1785138488.3233378,
block1-001961,313.4798650862649,915.4922880697995,40,572.5,313.0546440370381,915.0670670205727,0.42522104922682047,block1:s2,pure_ltr,mixed,1785138487.6866343,1785138487.6870596,1785138488.0001218,1785138488.602134,
block1-001962,295.6243599765003,815.9944399958476,36,820.0,294.76551606785506,815.1355960872024,0.8588439086452127,block1:s2,pure_ltr,mixed,1785138487.912555,1785138487.913414,1785138488.208186,1785138488.728556,
block1-001963,88.96364574320614,1625.9801398264244,77,282.5,88.23784801643342,1625.2543420996517,0.7257977267727256,block1:s2,pure_ltr,mixed,1785138488.4183114,1785138488.419037,1785138488.5072825,1785138490.0442991,
block1-001964,293.32797380629927,741.2175588542596,36,95.0,292.30294201988727,740.1925270678475,1.0250317864120007,block1:s2,pure_ltr,mixed,1785138488.6213708,1785138488.622396,1785138488.9147065,1785138489.3625958,
block1-001965,394.1235701786354,1027.1678511053324,44,395.0,392.99917104654014,1026.043451973237,1.1243991320952773,block1:s2,pure_ltr,mixed,1785138489.6677623,1785138489.668887,1785138490.0618932,1785138490.6949372,
block1-001966,103.28743210993707,1406.3761291326955,67,132.5,102.59154497180134,1405.6802419945598,0.6958871381357312,block1:s2,pure_ltr,mixed,1785138489.9407897,1785138489.9414856,1785138490.044085,1785138491.3471735,
block1-001967,242.9171670228243,804.2988120578229,37,10.0,242.60272493120283,803.9843699662015,0.31444209162145853,block1:s2,pure_ltr,mixed,1785138490.0786982,1785138490.0790126,1785138490.3216214,1785138490.8830032,
block1-001968,420.6289497669786,1020.0583777623251,48,12.5,420.31608801335096,1019.7455160086975,0.3128617536276579,block1:s3,pure_ltr,mixed,1785138490.105934,1785138490.106247,1785138490.5265703,1785138491.1259995,
block1-001969,389.32454551104456,1022.2707765642554,48,85.0,388.6332899564877,1021.5795210096985,0.6912555545568466,block1:s3,pure_ltr,mixed,1785138491.4475105,1785138491.4482017,1785138491.836843,1785138492.469789,
block1-001970,363.76542143989354,871.3286584243178,41,287.5,362.99484909977764,870.5580860842019,0.7705723401159048,block1:s3,pure_ltr,mixed,1785138492.049163,1785138492.049934,1785138492.4129364,1785138492.9204998,
block1-001971,338.4833235759288,1032.9833625582978,41,20.0,338.0460849730298,1032.5461239553988,0.43723860289901495,block1:s3,pure_ltr,mixed,1785138492.8413386,1785138492.841776,1785138493.1798296,1785138493.8743296,
block1-001972,370.2556978678331,1027.563101844862,41,135.0,369.1886649467051,1026.4960689237341,1.067032921127975,block1:s3,pure_ltr,mixed,1785138492.918637,1785138492.919704,1785138493.2889254,1785138493.946233,
block1-001973,449.99848457518965,1086.3379965303466,46,50.0,449.27053106948733,1085.6100430246443,0.7279535057023168,block1:s3,pure_ltr,mixed,1785138493.0657575,1785138493.0664854,1785138493.5157638,1785138494.1521027,
block1-001974,537.0521700242534,1171.7765850480646,49,160.0,536.7640509502962,1171.4884659741074,0.2881190739572048,block1:s3,pure_ltr,mixed,1785138493.0718195,1785138493.0721078,1785138493.6088777,1785138494.243602,
block1-001975,418.30432787537575,1322.0320779364556,49,350.0,417.25633398164064,1320.9840840427205,1.0479938937351108,block1:s3,pure_ltr,mixed,1785138493.4345946,1785138493.435643,1785138493.8529072,1785138494.7566352,
block1-001976,90.11661051772535,4457.770377513953,197,60.0,89.31865508202463,4456.972422078252,0.7979554357007146,block1:zero_tool,pure_ltr,mixed,1785138493.5887098,1785138493.5895083,1785138493.6788342,1785138498.046488,
block1-001977,70.31468604691327,3589.6066690329462,156,135.0,69.70273004844785,3588.994713034481,0.6119559984654188,block1:zero_tool,pure_ltr,mixed,1785138493.611593,1785138493.612205,1785138493.6819172,1785138497.201209,
block1-001978,411.4770815940574,1368.678487604484,48,60.0,411.3733979174867,1368.5748039279133,0.10368367657065392,block1:s4,pure_ltr,mixed,1785138493.8319018,1785138493.8320053,1785138494.2433856,1785138495.200587,
block1-001979,85.06507077254355,3254.522663773969,139,545.0,84.85766593366861,3254.315258935094,0.2074048388749361,block1:zero_tool,pure_ltr,mixed,1785138494.1927636,1785138494.192971,1785138494.2778358,1785138497.4472935,
block1-001980,589.6523989504203,1332.8600659733638,48,10.0,588.8965700287372,1332.1042370516807,0.7558289216831326,block1:s4,pure_ltr,mixed,1785138494.2054942,1785138494.20625,1785138494.7951531,1785138495.5383606,
block1-001981,567.5131544703618,1309.177424525842,48,47.5,566.4309608982876,1308.095230953768,1.0821935720741749,block1:s4,pure_ltr,mixed,1785138494.2677298,1785138494.2688117,1785138494.8352487,1785138495.5769129,
block1-001982,560.42097392492,1304.5232179574668,48,10.0,559.4544579507783,1303.5567019833252,0.9665159741416574,block1:s4,pure_ltr,mixed,1785138494.293022,1785138494.2939885,1785138494.8534482,1785138495.5975506,
block1-001983,560.284911072813,1304.3036051094532,48,107.5,558.7632900569588,1302.781984093599,1.5216210158541799,block1:s4,pure_ltr,mixed,1785138494.293036,1785138494.294558,1785138494.8533502,1785138495.5973685,
block1-001984,425.48402259126306,1082.9261156031862,43,17.5,425.0585560221225,1082.5006490340456,0.4254665691405535,block1:s1,pure_ltr,mixed,1785138494.5147216,1785138494.5151472,1785138494.9402125,1785138495.5976546,
block1-001985,130.88307646103203,1549.7252044733614,65,115.0,130.52095100283623,1549.3630790151656,0.36212545819580555,block1:s1,pure_ltr,mixed,1785138494.6062257,1785138494.606588,1785138494.7371159,1785138496.1559577,
block1-001986,352.7989648282528,939.791108830832,40,92.5,351.831934065558,938.8240780681372,0.9670307626947761,block1:s1,pure_ltr,mixed,1785138494.8275433,1785138494.8285103,1785138495.1803503,1785138495.7673423,
block1-001987,127.09516158793122,1593.1388605386019,71,307.5,125.46951195690781,1591.5132109075785,1.625649631023407,block1:s1,pure_ltr,mixed,1785138494.9904945,1785138494.99212,1785138495.117597,1785138496.5836408,
block1-001988,134.7944374429062,4098.364366334863,166,170.0,134.33931209146976,4097.909240983427,0.4551253514364362,block1:zero_tool,pure_ltr,mixed,1785138495.006579,1785138495.0070343,1785138495.1413803,1785138499.1049502,
block1-001989,64.08836145419627,33849.59810238797,411,107.5,63.71069303713739,33849.22043397091,0.3776684170588851,block1:zero_tool,pure_ltr,mixed,1785138495.414677,1785138495.4150546,1785138495.4787724,1785138529.2642822,
block1-001990,56.92192236892879,7746.7030613915995,194,412.5,55.97146204672754,7745.752601069398,0.950460322201252,block1:zero_tool,pure_ltr,mixed,1785138495.770598,1785138495.7715485,1785138495.8275278,1785138503.517309,
block1-001991,130.2656673360616,1537.036741268821,68,15.0,128.3585560740903,1535.1296300068498,1.9071112619712949,block1:s1,pure_ltr,mixed,1785138495.9488394,1785138495.9507475,1785138496.0791178,1785138497.4858885,
block1-001992,286.68474848382175,848.6366294091567,37,155.0,285.10146611370146,847.0533470390365,1.583282370120287,block1:s2,pure_ltr,mixed,1785138496.3915513,1785138496.3931344,1785138496.6782424,1785138497.2401946,
block1-001993,59.03090222273022,9560.05219114013,160,357.5,58.25292703229934,9559.2742159497,0.7779751904308796,block1:zero_tool,pure_ltr,mixed,1785138496.775436,1785138496.7762136,1785138496.8344748,1785138506.3354957,
block1-001994,91.97500778827816,1380.937760695815,64,15.0,90.99985205102712,1379.962604958564,0.9751557372510433,block1:s2,pure_ltr,mixed,1785138496.891769,1785138496.8927443,1785138496.9837508,1785138498.2727134,
block1-001995,64.6041453583166,6294.670593459159,136,820.0,63.86274297256023,6293.929191073403,0.7414023857563734,block1:zero_tool,pure_ltr,mixed,1785138497.0002365,1785138497.000978,1785138497.0648603,1785138503.2949266,
block1-001996,289.71794131211936,793.7141853617504,35,17.5,288.8677869923413,792.8640310419723,0.8501543197780848,block1:s2,pure_ltr,mixed,1785138497.2147553,1785138497.2156053,1785138497.5044794,1785138498.0084755,
block1-001997,296.94379621651024,1446.5751181123778,41,172.5,296.7372590210289,1446.3685809168965,0.20653719548135996,block1:s2,pure_ltr,mixed,1785138497.8618028,1785138497.8620095,1785138498.1587555,1785138499.3083866,
block1-001998,90.43741784989834,3902.8437248198316,67,177.5,89.83500394970179,3902.241310919635,0.6024139001965523,block1:s2,pure_ltr,mixed,1785138498.3109658,1785138498.311568,1785138498.401409,1785138502.2138155,
block1-001999,758.9911810355261,1223.7437551375479,31,47.5,758.7599989492446,1223.5125730512664,0.2311820862814784,block1:s2,pure_ltr,mixed,1785138498.3215716,1785138498.321803,1785138499.0805721,1785138499.5453248,
7eba32c5ed309a549e16cb8f1794ba3a,123.01414785906672,28654.07580777537,184,10.0,122.8276890469715,28653.889348963276,0.18645881209522486,block1:trace,pure_ltr,mixed,1785138498.3375487,1785138498.3377352,1785138498.4605703,1785138526.9916315,
5adf433bc2e4195bd7ef382c6c889b95,854.4229780090973,1252.8761141002178,28,60.0,853.9048499660566,1252.3579860571772,0.5181280430406332,block1:trace,pure_ltr,mixed,1785138498.3541486,1785138498.3546667,1785138499.2085788,1785138499.6070323,
758ea06009c678a342085d29a206c7ce,88.75320188235492,808.8585988152772,28,10.0,88.4140970883891,808.5194940213114,0.3391047939658165,block1:trace,pure_ltr,mixed,1785138499.0602195,1785138499.0605588,1785138499.148983,1785138499.8690884,
92b8951b88159b4f1b1e4116b3f8e80c,811.3483577035367,2487.52159869764,26,50.0,810.2696200367063,2486.4428610308096,1.0787376668304205,block1:trace,pure_ltr,mixed,1785138499.5149615,1785138499.51604,1785138500.3263173,1785138502.002491,
46416569378bfce2f330ee1b996f15f6,698.7989854533225,12769.294445519336,56,545.0,698.5280759399757,12769.023536005989,0.27090951334685087,block1:trace,pure_ltr,mixed,1785138500.4492378,1785138500.449509,1785138501.1480453,1785138513.218541,
c000d3ac5878c891e5776a9ee748b819,600.107221165672,30231.145301251672,276,10.0,599.6883929474279,30230.72647303343,0.41882821824401617,block1:trace,pure_ltr,mixed,1785138500.5482259,1785138500.5486448,1785138501.1483414,1785138530.7793796,
836c44364150391728a9bb76d84b11f9,2323.031527339481,6893.341748276725,28,92.5,2322.310996009037,6892.6212169462815,0.7205313304439187,block1:trace,pure_ltr,mixed,1785138500.7586668,1785138500.7593877,1785138503.081706,1785138507.6520164,
61ab27469179a8d20d10b4ab2963209b,25851.54939943459,31005.337404436432,212,17.5,25850.927216932178,31004.71522193402,0.6221825024113059,block1:trace,pure_ltr,mixed,1785138500.9039173,1785138500.9045398,1785138526.7554753,1785138531.9092631,
913f72b4333690403d9a30abd93949d1,1359.9700888153166,13501.382854767144,56,105.0,1359.5661070430651,13500.978872994892,0.4039817722514272,block1:trace,pure_ltr,mixed,1785138501.074438,1785138501.0748425,1785138502.4344459,1785138514.5758586,
d8f93f06b93fdff3fff5e575a870b601,25287.399122840725,34192.24373972975,396,15.0,25287.13591210544,34191.98052899446,0.263210735283792,block1:trace,pure_ltr,mixed,1785138501.467967,1785138501.4682305,1785138526.755375,1785138535.66022,
1bd17147da3b449a267511e3a004382d,1063.8493617298082,9165.519894682802,38,117.5,1063.5081360815093,9165.178669034503,0.3412256482988596,block1:trace,pure_ltr,mixed,1785138501.8048584,1785138501.8051999,1785138502.8687165,1785138510.9703872,
13bb600e64d52b8b04f167d8df85507c,3127.706557745114,7066.976285772398,26,572.5,3126.6704249428585,7065.940152970143,1.0361328022554517,block1:trace,pure_ltr,mixed,1785138501.913993,1785138501.9150293,1785138505.0417082,1785138508.980978,
38ce90a921739308e8dcb305e874b076,1057.3799948906526,18660.651585902087,80,550.0,1056.5465620020404,18659.818153013475,0.8334328886121511,block1:trace,pure_ltr,mixed,1785138502.2374508,1785138502.2382843,1785138503.2948387,1785138520.8981102,
2e43416311c97a10ecafb221a80e4947,23411.136336624622,31851.795652648434,358,307.5,23410.67125997506,31851.330575998873,0.4650766495615244,block1:trace,pure_ltr,mixed,1785138502.8784451,1785138502.8789103,1785138526.2895904,1785138534.7302494,
59457a3b339fbd612c7a15e28fddc630,1032.8634233446792,18668.339982279576,80,320.0,1031.8017690442502,18667.278327979147,1.061654300428927,block1:trace,pure_ltr,mixed,1785138502.9079332,1785138502.9089952,1785138503.9408035,1785138521.5762804,
fdbb1fab71ec2f219480410082aaa700,1716.3020290900022,17345.027661067434,71,485.0,1715.7089770771563,17344.434609054588,0.5930520128458738,block1:trace,pure_ltr,mixed,1785138503.3255508,1785138503.326144,1785138505.0418603,1785138520.6705859,
a84addf55839616eda694c16b68310a0,970.7579296082258,14546.641678665765,62,95.0,970.2923299046233,14546.176078962162,0.4655997036024928,block1:trace,pure_ltr,mixed,1785138503.4122827,1785138503.4127483,1785138504.3830476,1785138517.9589314,
eb9453e7437651807ba8f12d7460448f,1629.8810304142535,14799.263715394773,60,135.0,1629.480003961362,14798.862688941881,0.4010264528915286,block1:trace,pure_ltr,mixed,1785138504.0576324,1785138504.0580337,1785138505.687522,1785138518.8569043,
4d602a5b8bd629a2c0cdcef59e069d2a,2683.775387238711,15441.060904180631,58,350.0,2682.8889009775594,15440.17441791948,0.886486261151731,block1:trace,pure_ltr,mixed,1785138504.0936928,1785138504.0945795,1785138506.7774768,1785138519.5347621,
f7c225c0c39616faa35f312e2351832a,1352.323611965403,19058.654022868723,80,297.5,1351.2044630479068,19057.534873951226,1.1191489174962044,block1:trace,pure_ltr,mixed,1785138504.5465317,1785138504.5476508,1785138505.898864,1785138523.6051943,
0cca76cc3ca0d6e890c548195f267bcc,7750.99027925171,19931.011042324826,55,177.5,7750.734590925276,19930.755353998393,0.25568832643330097,block1:trace,pure_ltr,mixed,1785138504.5700839,1785138504.5703397,1785138512.3211045,1785138524.5011253,
399e9384a77d048276bcab8ed40d2a06,22049.409202532843,27327.73498853203,218,20.0,22048.529522959143,27326.85530895833,0.879679573699832,block1:trace,pure_ltr,mixed,1785138504.7064903,1785138504.7073703,1785138526.7559083,1785138532.0342343,
a1fc6050cd23d5b5a2aa0b1903664f7b,3304.168397327885,19708.74344231561,81,105.0,3303.3017420675606,19707.876787055284,0.8666552603244781,block1:trace,pure_ltr,mixed,1785138504.7928495,1785138504.7937164,1785138508.0970278,1785138524.5016026,
167904016dc8a8c52b5e5270d0c8c00e,21203.109971014783,23565.43460197281,90,17.5,21200.948372017592,23563.27300297562,2.1615989971905947,block1:trace,pure_ltr,mixed,1785138505.5519571,1785138505.5541186,1785138526.755076,1785138529.1174006,
4c2b04c011712e2cf8c052bce94537ec,1246.5050226310268,10864.154951646924,44,145.0,1246.1826939834282,10863.832622999325,0.32232864759862423,block1:trace,pure_ltr,mixed,1785138506.1922624,1785138506.1925848,1785138507.4387758,1785138517.056426,
9610b9cdee775a760c04f530fce99362,17223.581219557673,22187.404154567048,82,280.0,17222.831972991116,22186.65490800049,0.7492465665563941,block1:trace,pure_ltr,mixed,1785138506.3811603,1785138506.3819096,1785138523.60475,1785138528.5685728,
6cd994a1e2e3d5a2a017314cd0caf180,20278.457035659812,24213.366094627418,157,15.0,20278.118503978476,24213.02756294608,0.3385316813364625,block1:trace,pure_ltr,mixed,1785138506.4755638,1785138506.4759033,1785138526.754032,1785138530.6889408,
187b278d55de04dc8ca4117618cfbd56,1240.0858788751066,14928.257555817254,62,107.5,1239.7800270700827,14927.95170401223,0.305851805023849,block1:trace,pure_ltr,mixed,1785138506.647826,1785138506.648132,1785138507.8879201,1785138521.5760918,
edcec609ff7bf1e65630e415e82ff7fb,20020.134708378464,23612.460731412284,142,15.0,20019.83250794001,23612.15853097383,0.3022004384547472,block1:trace,pure_ltr,mixed,1785138506.7348518,1785138506.735154,1785138526.7549932,1785138530.3473194,
28221743887b39264b796a9e076d48aa,3075.769386952743,10044.889122946188,39,47.5,3075.544051011093,10044.663787004538,0.2253359416499734,block1:trace,pure_ltr,mixed,1785138507.0117104,1785138507.011936,1785138510.0874882,1785138517.0566077,
d88d4d2d221233bd5d36172b59bb4d48,19654.087275848724,25223.839245853014,239,170.0,19653.411051025614,25223.163021029904,0.6762248231098056,block1:trace,pure_ltr,mixed,1785138507.1401186,1785138507.140795,1785138526.794215,1785138532.3639667,
548464e367bcbb5191857c38592a6c15,19158.044597832486,28964.176342939027,441,20.0,19156.883404008113,28963.015149114653,1.1611938243731856,block1:trace,pure_ltr,mixed,1785138507.5968893,1785138507.5980506,1785138526.7549422,1785138536.5610743,
67328d8f9ba24c0eb27d51b97f7452b9,2814.5641636801884,7310.210132738575,27,107.5,2814.374301931821,7310.020270990208,0.189861748367548,block1:trace,pure_ltr,mixed,1785138507.714282,1785138507.7144718,1785138510.5288541,1785138515.0244997,
d0f26dc69ab8bfc523b09278a72dcbac,16278.73556385748,24111.76600086037,223,282.5,16277.95817097649,24110.98860797938,0.7773928809911013,block1:trace,pure_ltr,mixed,1785138507.77613,1785138507.7769072,1785138524.0548725,1785138531.8879032,
3d305e802ea24247695f7f1c683f4abc,18807.104096980765,33509.933680994436,699,15.0,18806.509339949116,33509.33892396279,0.5947570316493511,block1:trace,pure_ltr,mixed,1785138507.948743,1785138507.949338,1785138526.7558563,1785138541.4586859,
bfcd3e5a0bdf2e1076ff4a3c6058b785,3094.2235849797726,31409.343258012086,670,75.0,3094.058186048642,31409.177859080955,0.16539893113076687,block1:trace,pure_ltr,mixed,1785138508.112108,1785138508.1122735,1785138511.2063406,1785138539.5214598,
bbd0676a7661be624e24c0c0d2ae8afc,18580.180025892332,29497.591090854257,498,22.5,18579.46969300974,29496.880757971667,0.7103328825905919,block1:trace,pure_ltr,mixed,1785138508.1737657,1785138508.1744766,1785138526.7539544,1785138537.671365,
e59c3398cf21d42898de7a6489e6462c,1568.245239323005,13950.599741307087,56,117.5,1566.4018640527502,13948.756366036832,1.84337527025491,block1:trace,pure_ltr,mixed,1785138508.748675,1785138508.7505186,1785138510.316929,1785138522.6992831,
2edb508ced48c09379f12135683148a4,1654.8798342701048,14506.340978201479,58,152.5,1653.4354930045083,14504.896636935882,1.4443412655964494,block1:trace,pure_ltr,mixed,1785138509.098988,1785138509.1004324,1785138510.7538762,1785138523.6053374,
53825a835bbe66a5bc0f73f69a041c66,15186.531987856142,21689.29622590076,181,357.5,15186.235939036123,21689.000177080743,0.2960488200187683,block1:trace,pure_ltr,mixed,1785138509.3153172,1785138509.3156142,1785138524.5018616,1785138531.0046263,
d112becaac3b29d41a6e31fdc66cbd57,1825.5142676644027,5205.564267700538,16,115.0,1825.1253459602594,5205.175345996395,0.38892170414328575,block1:trace,pure_ltr,mixed,1785138509.8186824,1785138509.8190718,1785138511.6442323,1785138515.0242822,
6e8aa3f75688fcceeb652abf550a3788,16887.270653038286,19444.488223060034,98,12.5,16886.362510966137,19443.580080987886,0.9081420721486211,block1:trace,pure_ltr,mixed,1785138509.8675256,1785138509.868434,1785138526.7548249,1785138529.3120425,
cabfb78966d427734223bf4115904520,1071.0875031072646,18356.212174054235,134,282.5,1070.1899949926883,18355.31466593966,0.8975081145763397,block1:trace,pure_ltr,mixed,1785138510.1353688,1785138510.1362665,1785138511.2064657,1785138528.4915907,
7ba7f36dc0ca614925a9ecc1351a39cf,16555.625386419706,24024.237794452347,325,15.0,16554.976682993583,24023.589091026224,0.6487034261226654,block1:trace,pure_ltr,mixed,1785138510.198731,1785138510.1993797,1785138526.754364,1785138534.2229757,
0f5f50b42d96f1fbe1ab84f38ef0df45,1892.156079178676,13841.140801087022,54,85.0,1891.4006419945508,13840.385363902897,0.755437184125185,block1:trace,pure_ltr,mixed,1785138511.104945,1785138511.1057003,1785138512.9971092,1785138524.9460938,
0830ab29a701c1fb09238ade2070111d,15460.795302176848,28133.37995216716,597,820.0,15460.499912966043,28133.084562956356,0.2953892108052969,block1:trace,pure_ltr,mixed,1785138511.3879466,1785138511.3882422,1785138526.8487518,1785138539.5213368,
4c3b78878d4758af14524c65505ce024,15056.849490036257,18648.84082309436,142,20.0,15056.581594981253,18648.572928039357,0.2678950550034642,block1:trace,pure_ltr,mixed,1785138511.6987953,1785138511.6990633,1785138526.7556534,1785138530.347645,
4a788fdebd738d606e4e26720ef0f792,1717.4165323376656,14560.226183384657,58,140.0,1716.51929395739,14559.328945004381,0.8972383802756667,block1:trace,pure_ltr,mixed,1785138511.7296283,1785138511.7305255,1785138513.4470532,1785138526.2898629,
9993958a01bab41edd38186aaf5b69d1,7014.140444574878,11762.00303551741,28,172.5,7012.669675983489,11760.53226692602,1.47076859138906,block1:trace,pure_ltr,mixed,1785138511.842858,1785138511.8443289,1785138518.8570058,1785138523.6048684,
1f71126c5eac70999ec0c49c7d8f7a11,8976.38505534269,15658.219863311388,64,60.0,8975.238832063042,15657.07364003174,1.1462232796475291,block1:trace,pure_ltr,mixed,1785138512.152409,1785138512.1535554,1785138521.1288033,1785138527.8106384,
ca34e497adb7104ea4a17f38f8e725f7,14591.32105205208,17505.856285104528,113,17.5,14590.848416904919,17505.383649957366,0.4726351471617818,block1:trace,pure_ltr,mixed,1785138512.1631489,1785138512.1636217,1785138526.7544765,1785138529.669012,
d5d88091912481a5370e8f515884581d,7409.458197420463,11471.4064814616,26,100.0,7409.286407986656,11471.234692027792,0.17178943380713463,block1:trace,pure_ltr,mixed,1785138512.353457,1785138512.3536289,1785138519.762925,1785138523.8248725,
fa46980d6c53fb042ffdc5dcda1f86fd,14289.04266783502,18981.90075077582,191,17.5,14286.912747076713,18979.770830017515,2.12992075830698,block1:trace,pure_ltr,mixed,1785138512.4653769,1785138512.4675066,1785138526.7544267,1785138531.447285,
d438a0f8ccd3f6aca6231d37cff76ede,4590.255479095504,14992.584399064071,69,95.0,4588.840247946791,14991.16916791536,1.415231148712337,block1:trace,pure_ltr,mixed,1785138512.4665575,1785138512.4679728,1785138517.0568187,1785138527.4591477,
5c337c4aa06bb71ecad6c1c1048d4584,14223.731340724044,26087.574838777073,548,10.0,14222.629786003381,26086.47328405641,1.1015547206625342,block1:trace,pure_ltr,mixed,1785138512.5702684,1785138512.5713706,1785138526.7940085,1785138538.6578522,
c95c0451560500f3100c2e9974fcb221,1392.146416241303,14261.066480190493,65,52.5,1391.4822629885748,14260.402326937765,0.6641532527282834,block1:trace,pure_ltr,mixed,1785138512.7300694,1785138512.7307336,1785138514.1222217,1785138526.991142,
00f0daca0a1cd93921335b9a0cbff421,11260.168466949835,16420.009485911578,120,217.5,11259.418646106496,16419.25966506824,0.7498208433389664,block1:trace,pure_ltr,mixed,1785138513.0127122,1785138513.013462,1785138524.2728903,1785138529.4327312,
d3056c212cb319b617cbdc60a60898e3,13456.154278712347,23302.10726079531,444,15.0,13454.725825926289,23300.678808009252,1.4284527860581875,block1:trace,pure_ltr,mixed,1785138513.337139,1785138513.3385677,1785138526.7933023,1785138536.6392555,
4a1e22c4b6812b0590a448708ddabc59,1322.956302552484,13275.153042632155,54,287.5,1322.7668199688196,13274.96356004849,0.18948258366435766,block1:trace,pure_ltr,mixed,1785138513.4790606,1785138513.4792502,1785138514.8020241,1785138526.7542207,
77d1a8c34095b709ff61e623749bb9ac,2119.9935656040907,6864.382543601096,22,110.0,2119.585292064585,6863.97427006159,0.40827353950589895,block1:trace,pure_ltr,mixed,1785138513.805984,1785138513.8063924,1785138515.9259853,1785138520.6703742,
71c138f995102b398fda90ff13638aba,12824.738914263435,15173.24999824632,90,15.0,12824.350788025185,15172.86187200807,0.3881262382492423,block1:trace,pure_ltr,mixed,1785138513.9686036,1785138513.9689918,1785138526.793352,1785138529.141863,
780905b19621b7c64531696d5a2b20ba,2656.884041149169,6963.811816065572,27,70.0,2655.7434550486505,6962.6712299650535,1.1405861005187035,block1:trace,pure_ltr,mixed,1785138514.1647842,1785138514.1659248,1785138516.8216765,1785138521.128604,
f74afc3e00a6eb78b5475bc41d63f2da,7977.616867981851,15581.892895046622,141,322.5,7977.303634979762,15581.579662044533,0.313233002088964,block1:trace,pure_ltr,mixed,1785138514.2759101,1785138514.2762232,1785138522.2535353,1785138529.8578112,
a6ac39901dce0f5fbf9ba60876e3edb5,1476.1044150218368,6225.153960986063,22,187.5,1475.1608179649338,6224.21036392916,0.943597056902945,block1:trace,pure_ltr,mixed,1785138514.903744,1785138514.9046876,1785138516.3798566,1785138521.1289058,
f30c9585b8b3abd64fce572ec7cd21c6,11764.521749690175,38830.05750377197,1408,15.0,11763.431873987429,38828.96762806922,1.0898757027462125,block1:trace,pure_ltr,mixed,1785138515.029287,1785138515.030377,1785138526.7938166,1785138553.8593526,
27d0eddcf7b46d1e0685d30f356a4a13,5264.6372463786975,13153.04134436883,87,115.0,5263.469081022777,13151.87317901291,1.1681653559207916,block1:trace,pure_ltr,mixed,1785138515.1831024,1785138515.1842706,1785138520.4477468,1785138528.336151,
31e92ac2ec9459262da7859903d4c53c,11572.71742715966,14731.101344106719,124,10.0,11572.44704500772,14730.83096195478,0.27038215193897486,block1:trace,pure_ltr,mixed,1785138515.2203877,1785138515.220658,1785138526.7931118,1785138529.951496,
1d5043aefb85496bbfe75c40500ed75e,6278.2415160909295,12286.593999131583,61,132.5,6277.18364901375,12285.536132054403,1.057867077179253,block1:trace,pure_ltr,mixed,1785138515.5245707,1785138515.5256286,1785138521.8028214,1785138527.811174,
2a90888288ecc36c7a7e932ceddaad63,10952.227175235748,23592.42062922567,597,395.0,10950.27364906855,23590.467103058472,1.9535261671990156,block1:trace,pure_ltr,mixed,1785138515.9844959,1785138515.9864495,1785138526.9367316,1785138539.576925,
5558b3142fffd0dc0d4b17751ebddcab,10565.897827618755,19894.70311056357,418,25.0,10564.876749063842,19893.682032008655,1.0210785549134016,block1:trace,pure_ltr,mixed,1785138516.2271464,1785138516.2281678,1785138526.7930527,1785138536.1218581,
3ac99427681a55795db7c2bac4e70ea5,2735.877006663941,10311.58929062076,60,412.5,2734.734566998668,10310.446850955486,1.142439665272832,block1:trace,pure_ltr,mixed,1785138517.2565653,1785138517.2577078,1785138519.9924514,1785138527.5681636,
fe0030d8f43ef28681407903b625070b,9454.557514516637,14042.392160510644,187,12.5,9452.975085005164,14040.809730999172,1.5824295114725828,block1:trace,pure_ltr,mixed,1785138517.3386862,1785138517.3402689,1785138526.7932513,1785138531.3810859,
6e9a5ec465e4b1d2a6883ce717855bbc,1219.1875900607556,10841.790862963535,92,155.0,1218.1498790159822,10840.753151918761,1.0377110447734594,block1:trace,pure_ltr,mixed,1785138517.4156587,1785138517.4166963,1785138518.6348536,1785138528.2574573,
38fb67b12f449385ad372aee944624fe,9242.577989003621,12143.425722955726,113,12.5,9242.01957101468,12142.867304966785,0.5584179889410734,block1:trace,pure_ltr,mixed,1785138517.5508163,1785138517.551375,1785138526.793402,1785138529.6942496,
b47cf155edc621a66364c8e594e0c94c,1633.429069421254,12829.04141547624,182,160.0,1632.8640209976584,12828.476367052644,0.5650484235957265,block1:trace,pure_ltr,mixed,1785138517.6792908,1785138517.6798558,1785138519.3127284,1785138530.5083401,
