request_id,ttft_ms,ttlt_ms,output_tokens,baseline_service_ms,send_ttft_ms,send_ttlt_ms,dispatch_lag_ms,category,policy,profile,scheduled_at_unix_s,dispatched_at_unix_s,first_token_at_unix_s,completed_at_unix_s,error,http_status,decision_fail_open
block1-000000,675.121656502597,1356.3334865029901,43,20.0,674.0539360325783,1355.2657660329714,1.0677204700186849,block1:s1,gated_rule_c,mixed,1785184475.5476003,1785184475.5486689,1785184476.2227397,1785184476.9039516,,,
block1-000001,317.06808414310217,4330.172531190328,174,25.0,315.1725180214271,4328.276965068653,1.895566121675074,block1:zero_tool,gated_rule_c,mixed,1785184475.5479407,1785184475.5498369,1785184475.8650174,1785184479.8781211,,,
block1-000002,537.670454243198,1118.262370233424,36,572.5,536.9140669936314,1117.5059829838574,0.7563872495666146,block1:s1,gated_rule_c,mixed,1785184475.6883838,1785184475.6891415,1785184476.2260766,1785184476.806669,,,
block1-000003,118.61174472142011,8610.798131674528,353,25.0,118.4201460564509,8610.606533009559,0.19159866496920586,block1:zero_tool,gated_rule_c,mixed,1785184475.89519,1785184475.895382,1785184476.0138125,1785184484.5059988,,,
block1-000004,128.61134845297784,3441.0486355191097,147,177.5,127.68647295888513,3440.123760025017,0.9248754940927029,block1:zero_tool,gated_rule_c,mixed,1785184475.936965,1785184475.9378912,1785184476.06559,1785184479.3780272,,,
block1-000005,128.88272781856358,1691.8410637881607,67,15.0,128.67012596689165,1691.6284619364887,0.21260185167193413,block1:s1,gated_rule_c,mixed,1785184475.9410124,1785184475.9412253,1785184476.069903,1785184477.6328614,,,
block1-000006,129.43059706594795,4365.664073033258,188,85.0,128.5808760439977,4364.814352011308,0.8497210219502449,block1:zero_tool,gated_rule_c,mixed,1785184476.09352,1785184476.0943701,1785184476.2229602,1785184480.4591947,,,
block1-000007,127.89206998422742,7124.25251188688,291,287.5,127.63345299754292,7123.993894900195,0.25861698668450117,block1:zero_tool,gated_rule_c,mixed,1785184476.0982769,1785184476.0985358,1785184476.2261772,1785184483.2225382,,,
block1-000008,126.699622371234,3384.5285774441436,145,412.5,125.79616799484938,3383.625123067759,0.9034543763846159,block1:zero_tool,gated_rule_c,mixed,1785184476.4940047,1785184476.4949088,1785184476.6207166,1785184479.878545,,,
block1-000009,423.7788199679926,1114.810894941911,44,145.0,421.8897359678522,1112.9218109417707,1.8890840001404285,block1:s2,gated_rule_c,mixed,1785184476.5371804,1785184476.5390701,1785184476.9609702,1785184477.652002,,,
block1-000010,114.04663231223822,3618.921708315611,155,117.5,113.15928702242672,3618.0343630257994,0.887345289811492,block1:zero_tool,gated_rule_c,mixed,1785184476.5619054,1785184476.5627935,1785184476.6759615,1785184480.1808372,,,
block1-000011,327.27843907196075,1018.7950601102784,43,287.5,326.6422100132331,1018.1588310515508,0.636229058727622,block1:s2,gated_rule_c,mixed,1785184476.7308314,1785184476.7314684,1785184477.0581212,1785184477.7496374,,,
block1-000012,74.17419331613928,3568.315304350108,156,15.0,73.71727400459349,3567.858385038562,0.45691931154578924,block1:zero_tool,gated_rule_c,mixed,1785184477.22039,1785184477.2208476,1785184477.2945738,1785184480.7887151,,,
block1-000013,419.37740065623075,1093.966232612729,44,20.0,418.83729002438486,1093.4261219808832,0.5401106318458915,block1:s2,gated_rule_c,mixed,1785184477.3685358,1785184477.3690765,1785184477.7879236,1785184478.4625127,,,
block1-000014,310.9201320912689,850.7447970332578,36,12.5,310.41212601121515,850.236790953204,0.5080060800537467,block1:s2,gated_rule_c,mixed,1785184477.5161755,1785184477.5166838,1785184477.8271034,1785184478.3669279,,,
block1-000015,273.6429726937786,812.565665692091,34,545.0,273.43375503551215,812.3564480338246,0.20921765826642513,block1:s2,gated_rule_c,mixed,1785184477.8611891,1785184477.8613987,1785184478.1348424,1785184478.6737657,,,
block1-000016,464.6993321366608,1136.6255561588332,48,155.0,463.06229499168694,1134.9885190138593,1.637037144973874,block1:s3,gated_rule_c,mixed,1785184478.1071677,1785184478.1088052,1785184478.571876,1785184479.2438023,,,
block1-000017,82.84696971531957,3841.262169764377,160,287.5,81.46276394836605,3839.8779639974236,1.384205766953528,block1:zero_tool,gated_rule_c,mixed,1785184478.3588946,1785184478.3602793,1785184478.4417505,1785184482.2001662,,,
block1-000018,83.02921510767192,2603.6749070044607,116,12.5,82.03422010410577,2602.6799120008945,0.9949950035661459,block1:zero_tool,gated_rule_c,mixed,1785184478.491901,1785184478.4928966,1785184478.5749402,1785184481.095586,,,
block1-000019,432.1168044116348,1223.794843419455,48,100.0,431.44664098508656,1223.1246799929067,0.6701634265482426,block1:s3,gated_rule_c,mixed,1785184478.7712972,1785184478.7719686,1785184479.2034256,1785184479.9951038,,,
block1-000020,91.7968557914719,3584.0603857068345,147,572.5,89.7382190451026,3582.001748960465,2.0586367463693023,block1:zero_tool,gated_rule_c,mixed,1785184478.935101,1785184478.93716,1785184479.0269058,1785184482.5191689,,,
block1-000021,361.11409519799054,1087.9796711960807,43,10.0,359.3550139339641,1086.2205899320543,1.759081264026463,block1:s3,gated_rule_c,mixed,1785184479.2345948,1785184479.2363544,1785184479.5957181,1785184480.322583,,,
block1-000022,564.7111757425591,1204.2924737324938,49,412.5,564.1144959954545,1203.6957939853892,0.5966797471046448,block1:s3,gated_rule_c,mixed,1785184479.5463572,1785184479.5469544,1785184480.11108,1785184480.7506614,,,
block1-000023,379.79339610319585,1057.028649142012,43,15.0,379.29458904545754,1056.5298420842737,0.49880705773830414,block1:s3,gated_rule_c,mixed,1785184479.6153893,1785184479.615889,1785184479.9951963,1785184480.6724324,,,
block1-000024,81.56630746088922,4391.434567398392,172,10.0,80.34953300375491,4390.217792941257,1.2167744571343064,block1:zero_tool,gated_rule_c,mixed,1785184479.7365806,1785184479.737798,1785184479.8181572,1785184484.1280258,,,
block1-000025,440.65045355819166,1099.295062595047,48,152.5,439.93196496739984,1098.5765740042552,0.7184885907918215,block1:s4,gated_rule_c,mixed,1785184479.8820252,1785184479.882744,1785184480.3226836,1785184480.9813292,,,
block1-000026,67.8909826092422,4801.246609655209,190,132.5,67.09925597533584,4800.4548830213025,0.7917266339063644,block1:zero_tool,gated_rule_c,mixed,1785184480.1164737,1785184480.1172664,1785184480.1843793,1785184484.917735,,,
block1-000027,413.81207981612533,1274.4936408707872,48,320.0,412.7553589642048,1273.4369200188667,1.056720851920545,block1:s4,gated_rule_c,mixed,1785184480.355286,1785184480.3563428,1785184480.7691064,1785184481.6297882,,,
block1-000028,754.1149687021971,1439.2008417053148,48,17.5,753.2273310935125,1438.3132040966302,0.8876376086845994,block1:s4,gated_rule_c,mixed,1785184481.0796494,1785184481.0805378,1785184481.8337762,1785184482.5188622,,,
block1-000029,710.5518541065976,1442.1749531757087,48,322.5,708.4760699653998,1440.0991690345109,2.0757841411978006,block1:s4,gated_rule_c,mixed,1785184481.126718,1785184481.1287947,1785184481.8372808,1785184482.5689044,,,
block1-000030,670.1008040690795,1437.849501031451,48,95.0,669.0621779998764,1436.810874962248,1.0386260692030191,block1:s4,gated_rule_c,mixed,1785184481.1858492,1785184481.1868887,1785184481.8559613,1785184482.6237097,,,
block1-000031,635.9779717167839,1586.3756047328934,48,132.5,635.7374769868329,1586.1351100029424,0.24049472995102406,block1:s4,gated_rule_c,mixed,1785184481.3025532,1785184481.302795,1785184481.9385421,1785184482.88894,,,
block1-000032,515.41638514027,1393.7200900400057,43,280.0,515.184959047474,1393.4886639472097,0.23142609279602766,block1:s1,gated_rule_c,mixed,1785184481.4424136,1785184481.4426455,1785184481.957841,1785184482.8361442,,,
block1-000033,189.13541780784726,2049.7103257803246,71,10.0,188.26782098039985,2048.842728952877,0.8675968274474144,block1:s1,gated_rule_c,mixed,1785184481.4946637,1785184481.4955318,1785184481.6838083,1785184483.5443838,,,
block1-000034,159.4918695045635,5262.50421651639,204,15.0,158.32781500648707,5261.340162018314,1.164054498076439,block1:zero_tool,gated_rule_c,mixed,1785184481.5241795,1785184481.5253453,1785184481.683689,1785184486.786702,,,
block1-000035,486.97829828597605,1318.0081322789192,43,10.0,486.21714499313384,1317.246978986077,0.7611532928422093,block1:s1,gated_rule_c,mixed,1785184481.612214,1785184481.6129763,1785184482.0992048,1785184482.9302347,,,
block1-000036,381.907734205015,1037.6252072164789,36,105.0,381.2568939756602,1036.974366987124,0.6508402293547988,block1:s1,gated_rule_c,mixed,1785184481.6574337,1785184481.6580856,1785184482.039356,1785184482.6950734,,,
block1-000037,288.8612514361739,893.4978423640132,34,170.0,288.6671160813421,893.3037070091814,0.19413535483181477,block1:s1,gated_rule_c,mixed,1785184481.7298472,1785184481.7300415,1785184482.0187194,1785184482.6233566,,,
block1-000038,781.8022841820493,1628.561545163393,43,12.5,781.2931219814345,1628.0523829627782,0.50916220061481,block1:s1,gated_rule_c,mixed,1785184481.8419712,1785184481.8424807,1785184482.623793,1785184483.470553,,,
block1-000039,714.9139182874933,2389.9459353415295,68,145.0,714.2848849762231,2389.3169020302594,0.6290333112701774,block1:s1,gated_rule_c,mixed,1785184481.9804192,1785184481.9810486,1785184482.6953423,1785184484.3703744,,,
block1-000040,469.73646827973425,9474.67199433595,364,10.0,468.451902968809,9473.387429025024,1.2845653109252453,block1:zero_tool,gated_rule_c,mixed,1785184482.1524258,1785184482.153712,1785184482.6221817,1785184491.6271164,,,
block1-000041,877.3432596353814,1391.8738645734265,36,17.5,877.187094069086,1391.7176990071312,0.15616556629538536,block1:s2,gated_rule_c,mixed,1785184482.2307103,1785184482.2308667,1785184483.1080623,1785184483.6225922,,,
block1-000042,265.8926680451259,1828.891700017266,64,145.0,264.89113201387227,1827.8901639860123,1.0015360312536359,block1:s2,gated_rule_c,mixed,1785184482.4816775,1785184482.4826798,1785184482.7475808,1785184484.3105786,,,
block1-000043,513.9346356736496,1224.7341586044058,45,17.5,512.0109840063378,1222.810506937094,1.9236516673117876,block1:s2,gated_rule_c,mixed,1785184482.636086,1785184482.6380098,1785184483.150032,1785184483.8608317,,,
block1-000044,467.19718049280345,981.4400675240904,35,412.5,466.1104619735852,980.3533490048721,1.086718519218266,block1:s2,gated_rule_c,mixed,1785184482.641781,1785184482.642868,1785184483.1089845,1785184483.6232274,,,
block1-000045,164.09004223532975,3577.0881582284346,143,572.5,163.3779649855569,3576.376080978662,0.7120772497728467,block1:zero_tool,gated_rule_c,mixed,1785184482.7277746,1785184482.7284873,1785184482.8918767,1785184486.3048737,,,
block1-000046,132.23695394117385,7665.015562903136,314,107.5,131.30889600142837,7664.0875049633905,0.9280579397454858,block1:zero_tool,gated_rule_c,mixed,1785184482.923766,1785184482.9246945,1785184483.056015,1785184490.5887933,,,
block1-000047,288.2520438870415,816.6831098496914,34,10.0,287.8289839718491,816.260049934499,0.42305991519242525,block1:s2,gated_rule_c,mixed,1785184482.9817145,1785184482.9821382,1785184483.2699778,1785184483.7984087,,,
block1-000048,144.11271992139518,3457.629943965003,139,10.0,143.85716791730374,3457.3743919609115,0.25555200409144163,block1:zero_tool,gated_rule_c,mixed,1785184483.1259599,1785184483.126216,1785184483.270088,1785184486.5836053,,,
block1-000049,279.71363067626953,3394.051587674767,128,17.5,279.37836991623044,3393.7163269147277,0.3352607600390911,block1:zero_tool,gated_rule_c,mixed,1785184483.2425823,1785184483.2429175,1785184483.522305,1785184486.6366436,,,
block1-000050,499.795185867697,1250.4464278463274,48,160.0,499.57024108152837,1250.2214830601588,0.2249447861686349,block1:s3,gated_rule_c,mixed,1785184483.648415,1785184483.6486404,1785184484.1482196,1785184484.8988705,,,
block1-000051,328.43857689294964,1038.964752922766,39,17.5,328.1478090211749,1038.6739850509912,0.29076787177473307,block1:s3,gated_rule_c,mixed,1785184483.819813,1785184483.820104,1785184484.1482592,1785184484.8587859,,,
block1-000052,483.3544762805104,1218.2174022309482,48,170.0,481.8853390170261,1216.748264967464,1.4691372634842992,block1:s3,gated_rule_c,mixed,1785184483.9668207,1785184483.9682906,1785184484.4501874,1785184485.1850498,,,
block1-000053,95.58681829366833,3562.6558862859383,147,160.0,93.71485898736864,3560.7839269796386,1.8719593062996864,block1:zero_tool,gated_rule_c,mixed,1785184484.1363509,1785184484.1382232,1785184484.2319453,1785184487.6990151,,,
block1-000054,527.8625499922782,1199.6637480333447,43,282.5,527.4507639696822,1199.2519620107487,0.41178602259606123,block1:s3,gated_rule_c,mixed,1785184484.3499885,1785184484.3504004,1785184484.8778584,1785184485.5496597,,,
block1-000055,441.1390172317624,1290.5294892843813,48,282.5,439.8347570095211,1289.22522906214,1.3042602222412825,block1:s3,gated_rule_c,mixed,1785184484.497405,1785184484.4987097,1785184484.9385543,1785184485.7879448,,,
block1-000056,108.11755212489516,4251.173207187094,173,115.0,107.24165302235633,4250.297308084555,0.8758991025388241,block1:zero_tool,gated_rule_c,mixed,1785184484.5524085,1785184484.553285,1785184484.6605344,1785184488.8035898,,,
block1-000057,89.07867386005819,4527.318677864969,185,15.0,87.05245098099113,4525.292454985902,2.0262228790670633,block1:zero_tool,gated_rule_c,mixed,1785184484.9258945,1785184484.927921,1785184485.0149822,1785184489.4532216,,,
block1-000058,572.6965783396736,1265.1790363015607,48,105.0,572.4406430963427,1264.9231010582298,0.2559352433308959,block1:s4,gated_rule_c,mixed,1785184484.9768562,1785184484.9771128,1785184485.549565,1785184486.2420473,,,
block1-000059,545.4696492524818,1306.2273032264784,49,25.0,545.2825849642977,1306.0402389382944,0.18706428818404675,block1:s4,gated_rule_c,mixed,1785184485.1815488,1785184485.181737,1785184485.7270327,1785184486.4877906,,,
block1-000060,539.9167449213564,1280.604405910708,48,412.5,539.0849340474233,1279.7725950367749,0.8318108739331365,block1:s4,gated_rule_c,mixed,1785184485.2073715,1785184485.2082036,1785184485.747296,1785184486.4879837,,,
block1-000061,525.2039356855676,1247.7238486753777,48,282.5,523.7729129148647,1246.2928259046748,1.431022770702839,block1:s4,gated_rule_c,mixed,1785184485.335314,1785184485.3367457,1785184485.8605285,1785184486.5830483,,,
block1-000062,482.2704875841737,1250.210135593079,48,15.0,481.36790399439633,1249.3075520033017,0.9025835897773504,block1:s4,gated_rule_c,mixed,1785184485.4394195,1785184485.4403226,1785184485.921701,1785184486.6896403,,,
block1-000063,605.934745632112,1367.1840355964378,48,282.5,604.8587110126391,1366.1080009769648,1.076034619472921,block1:s4,gated_rule_c,mixed,1785184485.5557966,1785184485.5568728,1785184486.16174,1785184486.9229887,,,
block1-000064,85.46962204854935,3540.6929061282426,148,10.0,84.74307891447097,3539.9663629941642,0.7265431340783834,block1:zero_tool,gated_rule_c,mixed,1785184485.5628276,1785184485.5635545,1785184485.6483047,1785184489.103527,,,
block1-000065,721.9585879938677,4692.356965970248,163,282.5,720.1282000169158,4690.526577993296,1.8303879769518971,block1:zero_tool,gated_rule_c,mixed,1785184485.5835273,1785184485.5853581,1785184486.3054936,1785184490.2758923,,,
block1-000066,817.3578929854557,1463.8916089897975,43,12.5,816.3780809845775,1462.9117969889194,0.9798120008781552,block1:s1,gated_rule_c,mixed,1785184485.8918087,1785184485.8927886,1785184486.7091756,1785184487.3557088,,,
block1-000067,467.81927382107824,4054.44063374307,150,140.0,467.12176606524736,4053.743125987239,0.697507755830884,block1:zero_tool,gated_rule_c,mixed,1785184486.0726163,1785184486.0733147,1785184486.5404484,1785184490.1270695,,,
block1-000068,354.4198573799804,944.441304425709,39,10.0,353.7244399776682,943.7458870233968,0.6954174023121595,block1:s1,gated_rule_c,mixed,1785184486.5484884,1785184486.549184,1785184486.9029176,1785184487.492939,,,
block1-000069,142.2938556643203,1484.4002857571468,60,15.0,141.9563019881025,1484.062732080929,0.3375536762177944,block1:s1,gated_rule_c,mixed,1785184486.9937503,1785184486.9940894,1785184487.1360605,1785184488.4781666,,,
block1-000070,131.5444417996332,15300.932829850353,630,12.5,131.17010600399226,15300.558494054712,0.37433579564094543,block1:zero_tool,gated_rule_c,mixed,1785184487.004888,1785184487.0052633,1785184487.1364455,1785184502.3058343,,,
block1-000071,129.68618189916015,1736.3002088386565,69,177.5,128.79584508482367,1735.40987202432,0.8903368143364787,block1:s1,gated_rule_c,mixed,1785184487.0097136,1785184487.0106046,1785184487.1394105,1785184488.7460248,,,
block1-000072,443.98632866796106,1104.8904426861554,41,105.0,442.89486506022513,1103.7989790784195,1.0914636077359319,block1:s2,gated_rule_c,mixed,1785184487.526354,1785184487.5274458,1785184487.970349,1785184488.631253,,,
block1-000073,405.13805230148137,1137.4747003428638,40,20.0,403.3518929500133,1135.6885409913957,1.7861593514680862,block1:s2,gated_rule_c,mixed,1785184487.7273386,1785184487.7291253,1785184488.1324878,1785184488.8648238,,,
block1-000074,122.55924299824983,4221.818758989684,166,545.0,121.99177802540362,4221.251294016838,0.56746497284621,block1:zero_tool,gated_rule_c,mixed,1785184487.8478253,1785184487.8483934,1785184487.9704125,1785184492.0696723,,,
block1-000075,160.02611466683447,3179.9358087591827,124,357.5,159.64383399114013,3179.5535280834883,0.38228067569434643,block1:zero_tool,gated_rule_c,mixed,1785184487.8694317,1785184487.8698156,1785184488.0294724,1785184491.0493817,,,
block1-000076,133.56332923285663,3825.1109352568164,150,282.5,132.09323992487043,3823.6408459488302,1.4700893079861999,block1:zero_tool,gated_rule_c,mixed,1785184487.8959804,1785184487.8974512,1785184488.029554,1785184491.721102,,,
block1-000077,327.6755566475913,1054.1507696034387,41,115.0,327.00267899781466,1053.477891953662,0.6728776497766376,block1:s2,gated_rule_c,mixed,1785184487.9100208,1785184487.9106944,1785184488.2377055,1785184488.9641802,,,
block1-000078,578.1437593977898,2227.738392422907,67,50.0,577.7021229732782,2227.2967559983954,0.44163642451167107,block1:s2,gated_rule_c,mixed,1785184487.9741962,1785184487.974638,1785184488.5523503,1785184490.2019448,,,
block1-000079,861.3651500781998,1394.9323480483145,34,160.0,860.5422870023176,1394.1094849724323,0.8228630758821964,block1:s2,gated_rule_c,mixed,1785184488.082481,1785184488.083304,1785184488.9438548,1785184489.4774215,,,
block1-000080,661.8949994444847,4073.112303391099,135,115.0,661.2276519881561,4072.4449559347704,0.6673474563285708,block1:zero_tool,gated_rule_c,mixed,1785184488.197471,1785184488.198139,1785184488.8593771,1785184492.2705946,,,
block1-000081,822.1410132246092,1387.1414861641824,33,60.0,821.4278820669279,1386.428355006501,0.7131311576813459,block1:s3,gated_rule_c,mixed,1785184488.2016943,1785184488.2024078,1785184489.0238428,1785184489.5888438,,,
block1-000082,135.1879268186167,4214.547651819885,161,10.0,133.72028700541705,4213.080012006685,1.4676398131996393,block1:zero_tool,gated_rule_c,mixed,1785184489.190069,1785184489.191537,1785184489.3252656,1785184493.4046252,,,
block1-000083,294.8507904075086,1165.5127704143524,41,115.0,294.4310430902988,1165.0930230971426,0.4197473172098398,block1:s3,gated_rule_c,mixed,1785184489.2034292,1785184489.2038496,1785184489.4982896,1785184490.3689518,,,
block1-000084,546.4594254735857,1313.4056545095518,48,17.5,546.2966179475188,1313.242846983485,0.1628075260668993,block1:s3,gated_rule_c,mixed,1785184489.437039,1785184489.4372025,1785184489.9835086,1785184490.7504544,,,
block1-000085,524.472756893374,1279.509077896364,46,145.0,523.8600040320307,1278.8963250350207,0.6127528613433242,block1:s3,gated_rule_c,mixed,1785184489.5851111,1785184489.5857244,1785184490.1095939,1785184490.8646302,,,
block1-000086,520.4465923598036,1275.4273833706975,46,155.0,520.3740809811279,1275.3548719920218,0.07251137867569923,block1:s3,gated_rule_c,mixed,1785184489.5889504,1785184489.589023,1785184490.1094058,1785184490.8643863,,,
block1-000087,342.75425830855966,1205.9849263168871,43,22.5,342.4179389839992,1205.6486069923267,0.33631932456046343,block1:s3,gated_rule_c,mixed,1785184489.78513,1785184489.7854671,1785184490.1278968,1785184490.991128,,,
block1-000088,650.0612194649875,1477.2018485236913,48,110.0,649.6134930057451,1476.754122064449,0.4477264592424035,block1:s4,gated_rule_c,mixed,1785184489.993305,1785184489.9937532,1785184490.6433794,1785184491.47052,,,
block1-000089,515.9721719101071,1316.8606559047475,48,20.0,515.0589330587536,1315.947417053394,0.9132388513535261,block1:s4,gated_rule_c,mixed,1785184490.0496814,1785184490.050596,1785184490.565669,1785184491.3665571,,,
block1-000090,167.85712097771466,3459.787667961791,130,170.0,167.70179197192192,3459.6323389559984,0.155329005792737,block1:zero_tool,gated_rule_c,mixed,1785184490.1598916,1785184490.1600485,1785184490.3277607,1785184493.6196914,,,
block1-000091,162.91842458304018,4489.899231586605,174,50.0,162.10660606157035,4489.0874130651355,0.8118185214698315,block1:zero_tool,gated_rule_c,mixed,1785184490.258893,1785184490.259705,1785184490.4218206,1785184494.7488015,,,
block1-000092,299.27466984372586,3773.0013298569247,136,15.0,298.3342130901292,3772.060873103328,0.9404567535966635,block1:zero_tool,gated_rule_c,mixed,1785184490.347364,1785184490.3483064,1785184490.6466591,1785184494.1203861,,,
block1-000093,822.3331877961755,1727.6202777866274,48,60.0,821.4403430465609,1726.7274330370128,0.8928447496145964,block1:s4,gated_rule_c,mixed,1785184490.4865913,1785184490.487485,1785184491.3089359,1785184492.214223,,,
block1-000094,562.6748740905896,1352.709963102825,48,307.5,562.1670359978452,1352.2021250100806,0.5078380927443504,block1:s4,gated_rule_c,mixed,1785184490.6654928,1785184490.6660006,1785184491.2281773,1785184492.018212,,,
block1-000095,134.44448541849852,4343.699462362565,169,92.5,133.49671906325966,4342.751696007326,0.9477663552388549,block1:zero_tool,gated_rule_c,mixed,1785184490.910843,1785184490.9117908,1785184491.0452955,1785184495.2545502,,,
block1-000096,391.7464251862839,1203.9574611699209,43,135.0,390.7995909685269,1203.0106269521639,0.9468342177569866,block1:s1,gated_rule_c,mixed,1785184490.9173865,1785184490.9183335,1785184491.3091385,1785184492.1213496,,,
block1-000097,116.34441558271646,1954.780698637478,71,115.0,115.55910902097821,1953.9953920757398,0.7853065617382526,block1:s1,gated_rule_c,mixed,1785184490.9904196,1785184490.9912052,1785184491.1067724,1785184492.9452088,,,
block1-000098,629.784984048456,1431.873379042372,44,412.5,628.8824350340292,1430.9708300279453,0.9025490144267678,block1:s1,gated_rule_c,mixed,1785184491.2056158,1785184491.2065194,1785184491.8354099,1785184492.6374986,,,
block1-000099,560.3379198582843,1207.6383318053558,36,282.5,558.2278770161793,1205.5282889632508,2.110042842105031,block1:s1,gated_rule_c,mixed,1785184491.2552643,1785184491.2573755,1785184491.815615,1785184492.4629152,,,
block1-000100,576.140875229612,1433.694917242974,42,170.0,575.5893210880458,1433.1433631014079,0.5515541415661573,block1:s1,gated_rule_c,mixed,1785184491.4002056,1785184491.4007576,1785184491.976356,1785184492.8339102,,,
block1-000101,521.7512607341632,1202.8714987682179,34,15.0,520.9325070027262,1202.0527450367808,0.8187537314370275,block1:s1,gated_rule_c,mixed,1785184491.434834,1785184491.4356534,1785184491.9565957,1785184492.6377158,,,
block1-000102,613.5995057411492,4202.169664669782,146,135.0,612.4979930464178,4201.068151975051,1.1015126947313547,block1:zero_tool,gated_rule_c,mixed,1785184491.507639,1785184491.508741,1785184492.1212478,1785184495.709818,,,
block1-000103,635.8573414618149,8456.779329455458,325,105.0,635.1793559733778,8456.10134396702,0.6779854884371161,block1:zero_tool,gated_rule_c,mixed,1785184491.5420759,1785184491.542755,1785184492.1779459,1785184499.9988673,,,
block1-000104,797.5897100986913,1480.5223850999027,37,95.0,797.2061620093882,1480.1388370105997,0.38354808930307627,block1:s2,gated_rule_c,mixed,1785184491.6650825,1785184491.665467,1785184492.4626837,1785184493.1456163,,,
block1-000105,169.5180193055421,4695.066674379632,188,160.0,168.6533249448985,4694.201980018988,0.8646943606436253,block1:zero_tool,gated_rule_c,mixed,1785184492.101214,1785184492.102079,1785184492.2707405,1785184496.7962892,,,
block1-000106,207.87801209371537,1690.1374130975455,64,70.0,207.69826998002827,1689.9576709838584,0.17974211368709803,block1:s2,gated_rule_c,mixed,1785184492.1354916,1785184492.1356716,1785184492.343378,1785184493.825637,,,
block1-000107,110.67106283735484,1891.9179638614878,74,95.0,109.65949401725084,1890.9063950413838,1.011568820104003,block1:s2,gated_rule_c,mixed,1785184492.4253225,1785184492.4263344,1785184492.5360026,1785184494.3172495,,,
block1-000108,365.54394639097154,888.0566813750193,35,322.5,365.19526201300323,887.7079969970509,0.3486843779683113,block1:s2,gated_rule_c,mixed,1785184492.6395311,1785184492.63988,1785184493.005082,1785184493.527595,,,
block1-000109,405.86273185908794,1085.3112938348204,44,110.0,405.3514980478212,1084.8000600235537,0.5112338112667203,block1:s2,gated_rule_c,mixed,1785184492.7400427,1785184492.7405546,1785184493.1459143,1785184493.8253639,,,
block1-000110,144.5943594444543,1636.1295894021168,64,17.5,144.3158850306645,1635.851114988327,0.27847441378980875,block1:s2,gated_rule_c,mixed,1785184492.7605553,1785184492.760834,1785184492.905158,1785184494.3966928,,,
block1-000111,175.82590936217457,4463.791847345419,179,110.0,175.59896095190197,4463.564898935147,0.22694841027259827,block1:zero_tool,gated_rule_c,mixed,1785184492.8293943,1785184492.829622,1785184493.005229,1785184497.2931955,,,
block1-000112,369.8397510452196,3659.8086711019278,139,107.5,369.6827070089057,3659.651627065614,0.1570440363138914,block1:zero_tool,gated_rule_c,mixed,1785184492.8310685,1785184492.8312259,1785184493.200917,1785184496.4908862,,,
block1-000113,634.3844598159194,3678.145958809182,128,95.0,634.1901150299236,3677.9516140231863,0.19434478599578142,block1:zero_tool,gated_rule_c,mixed,1785184492.8325074,1785184492.832702,1785184493.4668987,1785184496.5106602,,,
block1-000114,758.6918559391052,1290.3615809045732,38,25.0,758.1516079371795,1289.8213329026476,0.5402480019256473,block1:s3,gated_rule_c,mixed,1785184493.1856072,1785184493.186148,1785184493.9443085,1785184494.4759774,,,
block1-000115,342.8750926395878,1010.7101656030864,39,105.0,341.66451601777226,1009.4995889812708,1.2105766218155622,block1:s3,gated_rule_c,mixed,1785184493.7776263,1785184493.7788382,1785184494.1205137,1785184494.788349,,,
block1-000116,366.3547319592908,1073.0503119993955,41,10.0,365.29824195895344,1071.9938219990581,1.0564900003373623,block1:s3,gated_rule_c,mixed,1785184493.8145816,1785184493.8156393,1785184494.1809497,1785184494.887645,,,
block1-000117,128.14378482289612,2639.3847258295864,108,320.0,126.55278400052339,2637.7937250072137,1.5910008223727345,block1:zero_tool,gated_rule_c,mixed,1785184493.8716,1785184493.8731916,1785184493.9997563,1785184496.5109973,,,
block1-000118,507.9376380890608,1170.8769401302561,43,20.0,507.8154099173844,1170.7547119585797,0.12222817167639732,block1:s3,gated_rule_c,mixed,1785184494.2203403,1785184494.2204628,1785184494.7282875,1785184495.3912268,,,
block1-000119,410.52534710615873,1194.7273031109944,44,307.5,409.55593704711646,1193.7578930519521,0.969410059042275,block1:s3,gated_rule_c,mixed,1785184494.5745952,1785184494.5755649,1785184494.9851303,1785184495.769332,,,
block1-000120,531.4232582459226,1223.305735271424,48,172.5,530.1295570097864,1222.0120340352878,1.2937012361362576,block1:s4,gated_rule_c,mixed,1785184494.78144,1785184494.7827346,1785184495.3128748,1785184496.0047574,,,
block1-000121,573.9243624266237,1201.3290014583617,48,20.0,572.8428239235654,1200.2474629553035,1.0815385030582547,block1:s4,gated_rule_c,mixed,1785184494.867118,1785184494.8681996,1785184495.4410505,1785184496.0684557,,,
block1-000122,516.3724994054064,1186.872432474047,48,155.0,515.288732945919,1185.7886660145596,1.0837664594873786,block1:s4,gated_rule_c,mixed,1785184494.9534557,1785184494.9545403,1785184495.4698384,1785184496.1403384,,,
block1-000123,521.2538898922503,1191.3887759437785,48,140.0,519.5931089110672,1189.7279949625954,1.660780981183052,block1:s4,gated_rule_c,mixed,1785184494.9675243,1785184494.9691854,1785184495.4887853,1785184496.15892,,,
block1-000124,449.0628377534449,1191.6946977144107,48,95.0,448.4047540463507,1191.0366140073165,0.6580837070941925,block1:s4,gated_rule_c,mixed,1785184495.2998774,1785184495.3005362,1785184495.7489495,1785184496.4915812,,,
block1-000125,120.78868539538234,3353.5968544892967,136,287.5,120.38689095061272,3353.195060044527,0.4017944447696209,block1:zero_tool,gated_rule_c,mixed,1785184495.319807,1785184495.3202088,1785184495.4406016,1785184498.67341,,,
block1-000126,498.0205051833764,1320.649252156727,48,15.0,497.48329201247543,1320.112038985826,0.5372131709009409,block1:s4,gated_rule_c,mixed,1785184496.012709,1785184496.0132465,1785184496.5107362,1785184497.3333654,,,
block1-000127,480.86902720388025,1307.2791951708496,48,20.0,480.06261803675443,1306.4727860037237,0.8064091671258211,block1:s4,gated_rule_c,mixed,1785184496.1642728,1785184496.1650794,1785184496.645149,1785184497.4715588,,,
block1-000128,126.3709623599425,4888.959871372208,208,110.0,125.34602300729603,4887.9349320195615,1.02493935264647,block1:zero_tool,gated_rule_c,mixed,1785184496.1810694,1785184496.182095,1785184496.307449,1785184501.070038,,,
block1-000129,84.85217555426061,1831.052633584477,71,17.5,83.77122704405338,1829.9716850742698,1.0809485102072358,block1:s1,gated_rule_c,mixed,1785184496.3476539,1785184496.3487353,1785184496.4325147,1785184498.1787157,,,
block1-000130,72.30463006999344,3753.679945017211,155,75.0,71.82543107774109,3753.200746024959,0.47919899225234985,block1:zero_tool,gated_rule_c,mixed,1785184496.3597393,1785184496.3602188,1785184496.4320521,1785184500.1134272,,,
block1-000131,444.26816003397107,1028.307038010098,36,117.5,444.0084280213341,1028.047305997461,0.25973201263695955,block1:s1,gated_rule_c,mixed,1785184496.554268,1785184496.5545282,1785184496.9985454,1785184497.5825844,,,
block1-000132,416.4263466373086,1128.3877966925502,39,15.0,415.1636640308425,1127.125114086084,1.2626826064661145,block1:s1,gated_rule_c,mixed,1785184496.6773431,1785184496.678606,1785184497.0937788,1785184497.805741,,,
block1-000133,92.58191147819161,1606.3712504692376,62,117.5,92.34877105336636,1606.1381100444123,0.2331404248252511,block1:s1,gated_rule_c,mixed,1785184496.7836988,1785184496.7839327,1785184496.8762906,1785184498.3900797,,,
block1-000134,406.0409360099584,1102.5153569644317,43,160.0,405.82483704201877,1102.299257996492,0.21609896793961525,block1:s1,gated_rule_c,mixed,1785184496.8673017,1785184496.8675182,1785184497.273352,1785184497.9698265,,,
block1-000135,297.0026680268347,839.593788026832,31,10.0,295.90469400864094,838.4958140086383,1.0979740181937814,block1:s1,gated_rule_c,mixed,1785184496.896456,1785184496.8975544,1785184497.193468,1785184497.7360592,,,
block1-000136,346.2528643431142,1041.1267472663894,41,15.0,345.3124579973519,1040.1863409206271,0.9404063457623124,block1:s2,gated_rule_c,mixed,1785184496.9470952,1785184496.9480367,1785184497.2933586,1785184497.9882333,,,
block1-000137,83.20793870370835,4642.601644736715,197,115.0,82.15657901018858,4641.550285043195,1.051359693519771,block1:zero_tool,gated_rule_c,mixed,1785184497.3074794,1785184497.308531,1785184497.3906968,1785184501.9500911,,,
block1-000138,367.0505026821047,947.6292576873675,36,107.5,366.8787690112367,947.4575240164995,0.17173367086797953,block1:s2,gated_rule_c,mixed,1785184497.442602,1785184497.4427748,1785184497.8096628,1785184498.3902416,,,
block1-000139,83.10860581696033,3105.529658845626,133,550.0,82.53471693024039,3104.955769958906,0.5738888867199421,block1:zero_tool,gated_rule_c,mixed,1785184497.4993095,1785184497.499885,1785184497.5824354,1785184500.604856,,,
block1-000140,71.01945590693504,6453.954044962302,281,152.5,70.7552790408954,6453.689868096262,0.26417686603963375,block1:zero_tool,gated_rule_c,mixed,1785184497.6245298,1785184497.624795,1785184497.6955597,1785184504.0784943,,,
block1-000141,398.22365005966276,1132.891774061136,44,10.0,398.0694360798225,1132.7375600812957,0.15421397984027863,block1:s2,gated_rule_c,mixed,1785184497.7347038,1785184497.7348588,1785184498.1329389,1785184498.8676069,,,
block1-000142,388.23770405724645,966.5472370106727,36,322.5,387.87610607687384,966.1856390303001,0.3615979803726077,block1:s2,gated_rule_c,mixed,1785184497.9616537,1785184497.9620166,1785184498.3499038,1785184498.9282138,,,
block1-000143,307.4397958116606,885.826597805135,34,15.0,306.3286120304838,884.7154140239581,1.1111837811768055,block1:s2,gated_rule_c,mixed,1785184498.061984,1785184498.0630956,1785184498.3694346,1785184498.947822,,,
block1-000144,491.160063771531,1201.9989237887785,48,107.5,490.3989469166845,1201.237806933932,0.7611168548464775,block1:s3,gated_rule_c,mixed,1785184498.1400013,1785184498.1407626,1785184498.6311727,1785184499.3420115,,,
block1-000145,85.25065530557185,2842.84886426758,126,322.5,84.81361903250217,2842.4118279945105,0.43703627306967974,block1:zero_tool,gated_rule_c,mixed,1785184498.4010847,1785184498.401522,1785184498.486343,1785184501.2439406,,,
block1-000146,484.9067647010088,1189.4006436923519,48,297.5,484.01234799530357,1188.5062269866467,0.8944167057052255,block1:s3,gated_rule_c,mixed,1785184498.4439495,1785184498.4448445,1785184498.928865,1785184499.633359,,,
block1-000147,103.80761907435954,3911.6344951326028,171,12.5,103.42430404853076,3911.251180106774,0.38331502582877874,block1:zero_tool,gated_rule_c,mixed,1785184498.5096567,1785184498.51004,1785184498.613474,1785184502.4213004,,,
block1-000148,421.20486963540316,1175.144084612839,48,172.5,420.9442790597677,1174.8834940372035,0.2605905756354332,block1:s3,gated_rule_c,mixed,1785184498.7459996,1785184498.7462604,1785184499.1672132,1785184499.9211526,,,
block1-000149,408.0220762407407,1085.7247752137482,43,357.5,407.0571371121332,1084.7598360851407,0.9649391286075115,block1:s3,gated_rule_c,mixed,1785184499.1246433,1785184499.125609,1785184499.532676,1785184500.2103784,,,
block1-000150,468.7951196683571,1171.0435466375202,48,107.5,468.2437099982053,1170.4921369673684,0.5514096701517701,block1:s3,gated_rule_c,mixed,1785184499.2771804,1785184499.2777326,1785184499.7459881,1785184500.4482362,,,
block1-000151,336.11302683129907,1040.5395667767152,44,105.0,334.1654159594327,1038.5919559048489,1.9476108718663454,block1:s3,gated_rule_c,mixed,1785184499.6034684,1785184499.6054163,1785184499.9395897,1785184500.644016,,,
block1-000152,76.49970799684525,3202.8116460423917,143,15.0,75.95522794872522,3202.2671659942716,0.5444800481200218,block1:zero_tool,gated_rule_c,mixed,1785184499.8241608,1785184499.8247058,1785184499.900671,1785184503.0269825,,,
block1-000153,80.15333954244852,3181.1632754979655,140,22.5,79.71136807464063,3180.7213040301576,0.441971467807889,block1:zero_tool,gated_rule_c,mixed,1785184500.0137153,1785184500.0141578,1785184500.0938795,1785184503.1948886,,,
block1-000154,80.49493469297886,3833.601740654558,167,280.0,79.6961790183559,3832.802984979935,0.7987556746229529,block1:zero_tool,gated_rule_c,mixed,1785184500.1102366,1785184500.1110356,1785184500.190743,1785184503.9438498,,,
block1-000155,76.85600640252233,3260.0222933106124,139,297.5,76.39465399552137,3259.5609409036115,0.4613524070009589,block1:zero_tool,gated_rule_c,mixed,1785184500.3514123,1785184500.3518746,1785184500.4282794,1785184503.6114452,,,
block1-000156,538.8682597549632,1239.6324097644538,48,20.0,538.4829340036958,1239.2470840131864,0.38532575126737356,block1:s4,gated_rule_c,mixed,1785184501.1044157,1785184501.1048012,1785184501.6432927,1785184502.344057,,,
block1-000157,536.2907975213602,1236.19625356514,48,217.5,535.4893169132993,1235.394772957079,0.801480608060956,block1:s4,gated_rule_c,mixed,1785184501.2416966,1785184501.242499,1785184501.7779992,1785184502.4779043,,,
block1-000158,546.3322777068242,1247.3810447845608,48,15.0,545.4648399027064,1246.513606980443,0.8674378041177988,block1:s4,gated_rule_c,mixed,1785184501.2503283,1785184501.2511961,1785184501.7966673,1785184502.4977162,,,
block1-000159,496.24671833589673,1164.3572823377326,48,12.5,495.2405709773302,1163.351134979166,1.0061473585665226,block1:s4,gated_rule_c,mixed,1785184501.3523781,1785184501.3533854,1785184501.8486402,1785184502.5167503,,,
block1-000160,68.87019437272102,3305.4247273830697,147,15.0,68.58094595372677,3305.1354789640754,0.2892484189942479,block1:zero_tool,gated_rule_c,mixed,1785184501.515991,1785184501.5162816,1785184501.584876,1785184504.82143,,,
block1-000161,91.88229404389858,1509.96032403782,65,10.0,91.2553189555183,1509.3333489494398,0.6269750883802772,block1:s1,gated_rule_c,mixed,1785184501.6657517,1785184501.6663797,1785184501.7576475,1785184503.175725,,,
block1-000162,398.46941316500306,941.1135151749477,41,160.0,398.2382270041853,940.8823290141299,0.23118616081774235,block1:s1,gated_rule_c,mixed,1785184501.7685456,1785184501.7687771,1785184502.1670244,1785184502.7096686,,,
block1-000163,77.69849908072501,1697.2771501168609,72,15.0,77.24853791296482,1696.8271889491007,0.44996116776019335,block1:s1,gated_rule_c,mixed,1785184502.3438027,1785184502.3442528,1785184502.421508,1785184504.041087,,,
block1-000164,413.63520349841565,1129.095469485037,42,307.5,411.561383982189,1127.0216499688104,2.0738195162266493,block1:s1,gated_rule_c,mixed,1785184502.8921714,1785184502.8942454,1785184503.305815,1785184504.021276,,,
block1-000165,125.22156070917845,7926.362928701565,353,100.0,124.3287610122934,7925.47012900468,0.8927996968850493,block1:zero_tool,gated_rule_c,mixed,1785184503.0273464,1785184503.0282393,1785184503.1525757,1785184510.953717,,,
block1-000166,103.32428151741624,6600.747311487794,295,107.5,102.67561010550708,6600.098640075885,0.648671411909163,block1:zero_tool,gated_rule_c,mixed,1785184503.052479,1785184503.0531285,1785184503.155814,1785184509.6532366,,,
block1-000167,65.33747247885913,6583.66155042313,297,25.0,65.10604301001877,6583.43012095429,0.23142946884036064,block1:zero_tool,gated_rule_c,mixed,1785184503.1828344,1785184503.1830661,1785184503.2481802,1785184509.7665048,,,
block1-000168,388.8179312925786,1002.251141355373,40,187.5,388.06352694518864,1001.496737007983,0.7544043473899364,block1:s2,gated_rule_c,mixed,1785184503.2807987,1785184503.2815535,1785184503.6696265,1785184504.2830596,,,
block1-000169,409.39266444183886,1020.6423524068668,42,412.5,408.053740975447,1019.303428940475,1.3389234663918614,block1:s2,gated_rule_c,mixed,1785184503.3186631,1785184503.3200023,1785184503.728064,1785184504.339314,,,
block1-000170,368.5388184385374,977.8423724928871,43,485.0,368.14770102500916,977.4512550793588,0.39111741352826357,block1:s2,gated_rule_c,mixed,1785184503.3986204,1785184503.399013,1785184503.7671745,1785184504.3764784,,,
block1-000171,93.01434375811368,1584.576484747231,70,357.5,92.46472897939384,1584.0268699685112,0.5496147787198424,block1:s2,gated_rule_c,mixed,1785184504.094137,1785184504.0946867,1785184504.187159,1785184505.6787212,,,
block1-000172,325.449611293152,761.919881333597,36,320.0,324.62470093742013,761.0949709778652,0.8249103557318449,block1:s2,gated_rule_c,mixed,1785184504.4918935,1785184504.492719,1785184504.8173535,1785184505.2538238,,,
block1-000173,408.56532845646143,1119.2553214496002,49,117.5,408.2798500312492,1118.969843024388,0.28547842521220446,block1:s2,gated_rule_c,mixed,1785184504.750235,1785184504.750521,1785184505.158809,1785184505.8694983,,,
block1-000174,449.4880485581234,945.1086885528639,38,20.0,448.4281870536506,944.0488270483911,1.0598615044727921,block1:s2,gated_rule_c,mixed,1785184505.3623013,1785184505.3633618,1785184505.8118007,1785184506.307422,,,
block1-000175,392.03985582571477,887.7658337587491,37,115.0,391.8245870154351,887.5505649484694,0.21526881027966738,block1:s2,gated_rule_c,mixed,1785184505.4386308,1785184505.4388475,1785184505.8306847,1785184506.3264108,,,
block1-000176,458.6831498891115,1107.4050868628547,48,95.0,458.11936201062053,1106.8412989843637,0.5637878784909844,block1:s3,gated_rule_c,mixed,1785184505.466861,1785184505.4674253,1785184505.9255536,1785184506.5742755,,,
block1-000177,451.20127918198705,1099.5885891607031,48,10.0,449.3139000842348,1097.7012100629508,1.887379097752273,block1:s3,gated_rule_c,mixed,1785184505.4932442,1785184505.4951317,1785184505.9444528,1785184506.59284,,,
block1-000178,406.18450881447643,1042.431311798282,48,297.5,404.95648607611656,1041.203289059922,1.2280227383598685,block1:s3,gated_rule_c,mixed,1785184505.9387295,1785184505.9399579,1785184506.3449228,1785184506.9811695,,,
block1-000179,411.32689092773944,1190.5928018968552,48,412.5,410.48077202867717,1189.746682997793,0.8461188990622759,block1:s3,gated_rule_c,mixed,1785184506.531728,1785184506.5325744,1785184506.9430602,1785184507.7223265,,,
block1-000180,496.5538108954206,1304.6602869872004,48,170.0,495.5735109979287,1303.6799870897084,0.9802998974919319,block1:s3,gated_rule_c,mixed,1785184507.0875614,1785184507.088542,1785184507.5841238,1785184508.392231,,,
block1-000181,124.39845339395106,3802.277512382716,164,115.0,123.66378703154624,3801.542846020311,0.7346663624048233,block1:zero_tool,gated_rule_c,mixed,1785184507.0966275,1785184507.0973625,1785184507.2210333,1785184510.8989122,,,
block1-000182,457.96476560644805,1301.8757435493171,48,297.5,456.47644402924925,1300.3874219721183,1.4883215771988034,block1:s3,gated_rule_c,mixed,1785184507.1453242,1785184507.1468132,1785184507.6032977,1785184508.4472086,,,
block1-000183,361.072079394944,1197.659953380935,43,282.5,360.0206160917878,1196.6084900777787,1.051463303156197,block1:s3,gated_rule_c,mixed,1785184507.3613768,1785184507.3624287,1785184507.7224586,1785184508.5590472,,,
block1-000184,558.605466154404,1261.0028660856187,48,132.5,557.7227260218933,1260.120125953108,0.8827401325106621,block1:s4,gated_rule_c,mixed,1785184507.609583,1785184507.6104658,1785184508.1681974,1785184508.8705947,,,
block1-000185,100.4403674742207,2757.7439345186576,122,297.5,100.13844002969563,2757.4420070741326,0.30192744452506304,block1:zero_tool,gated_rule_c,mixed,1785184507.6834722,1785184507.683775,1785184507.7839243,1785184510.4412274,,,
block1-000186,548.0042132548988,1203.005212242715,48,17.5,547.5059859454632,1202.5069849332795,0.498227309435606,block1:s4,gated_rule_c,mixed,1785184507.8996224,1785184507.9001215,1785184508.4476361,1785184509.102638,,,
block1-000187,532.0574854267761,1155.3192514693365,48,115.0,531.1062439577654,1154.3680100003257,0.9512414690107107,block1:s4,gated_rule_c,mixed,1785184507.9667368,1785184507.9676886,1785184508.498803,1785184509.1220646,,,
block1-000188,530.5569716729224,1154.1644256794825,48,170.0,529.7627340769395,1153.3701880834997,0.7942375959828496,block1:s4,gated_rule_c,mixed,1785184507.9677632,1785184507.9685576,1785184508.4983263,1785184509.121934,,,
block1-000189,465.0829075835645,1119.7490295162424,48,550.0,464.54824204556644,1119.2143639782444,0.5346655379980803,block1:s4,gated_rule_c,mixed,1785184508.327363,1785184508.3278987,1785184508.792457,1785184509.4471235,,,
block1-000190,463.9999526552856,1118.828573729843,48,10.0,463.7163379229605,1118.5449589975178,0.28361473232507706,block1:s4,gated_rule_c,mixed,1785184508.3475933,1785184508.347878,1785184508.811605,1785184509.466433,,,
block1-000191,434.7313904436305,1095.9561214549467,48,140.0,433.6945019895211,1094.9192330008373,1.0368884541094303,block1:s4,gated_rule_c,mixed,1785184509.1761234,1785184509.1771615,1785184509.610867,1785184510.2720916,,,
block1-000192,95.91873118188232,2663.5978270787746,117,155.0,95.44599708169699,2663.1250929785892,0.4727341001853347,block1:zero_tool,gated_rule_c,mixed,1785184509.1974914,1785184509.1979651,1785184509.2934196,1785184511.8610988,,,
block1-000193,76.80101681035012,19147.809000802226,799,170.0,76.59337297081947,19147.601356962696,0.2076438395306468,block1:zero_tool,gated_rule_c,mixed,1785184509.537815,1785184509.538024,1785184509.614629,1785184528.6856377,,,
block1-000194,256.2230039620772,990.6945440452546,40,110.0,255.1274939905852,989.5990340737626,1.0955099714919925,block1:s1,gated_rule_c,mixed,1785184509.869672,1785184509.8707678,1785184510.1259038,1785184510.860376,,,
block1-000195,351.3740939088166,955.3731008199975,37,22.5,351.10469604842365,955.1037029596046,0.2693978603929281,block1:s1,gated_rule_c,mixed,1785184509.9981742,1785184509.998444,1785184510.3495572,1785184510.953556,,,
block1-000196,393.1888862280175,1038.776719244197,39,85.0,391.9956770259887,1037.5835100421682,1.193209202028811,block1:s1,gated_rule_c,mixed,1785184510.100827,1785184510.1020215,1785184510.4940264,1785184511.1396148,,,
block1-000197,84.5410538604483,1597.9171098442748,65,107.5,83.40590097941458,1596.781956963241,1.1351528810337186,block1:s1,gated_rule_c,mixed,1785184510.3390145,1785184510.3401508,1785184510.4235694,1785184511.9369452,,,
block1-000198,140.626656007953,1740.7915480434895,69,70.0,140.31953702215105,1740.4844290576875,0.3071189858019352,block1:s1,gated_rule_c,mixed,1785184510.405252,1785184510.4055598,1785184510.545891,1785184512.1460567,,,
block1-000199,126.65241910144687,8068.158101174049,332,12.5,126.25152699183673,8067.757209064439,0.4008921096101403,block1:zero_tool,gated_rule_c,mixed,1785184510.419277,1785184510.419679,1785184510.5459418,1785184518.4874475,,,
block1-000200,347.39285323303193,1004.9605731619522,38,17.5,346.59839200321585,1004.1661119321361,0.7944612298160791,block1:s2,gated_rule_c,mixed,1785184510.4529867,1785184510.4537816,1785184510.8003905,1785184511.457958,,,
block1-000201,78.60864023678005,3097.404967295006,124,22.5,77.57555600255728,3096.371883060783,1.0330842342227697,block1:zero_tool,gated_rule_c,mixed,1785184510.6630628,1785184510.6640966,1785184510.7416818,1785184513.760478,,,
block1-000202,367.2721891198307,883.685848210007,36,145.0,366.37327796779573,882.786937057972,0.8989111520349979,block1:s2,gated_rule_c,mixed,1785184510.8801777,1785184510.8810773,1785184511.2474604,1785184511.7638738,,,
block1-000203,92.85952290520072,1962.2899679234251,78,10.0,92.35760103911161,1961.788046057336,0.5019218660891056,block1:s2,gated_rule_c,mixed,1785184510.9296482,1785184510.9301505,1785184511.0225163,1785184512.8919468,,,
block1-000204,327.1201488096267,897.41302782204,35,95.0,326.5425380086526,896.835417021066,0.577610800974071,block1:s2,gated_rule_c,mixed,1785184511.1840389,1785184511.184617,1785184511.5111685,1785184512.081462,,,
block1-000205,361.71897256281227,1140.9552855184302,44,95.0,361.5201360080391,1140.756448963657,0.19883655477315187,block1:s2,gated_rule_c,mixed,1785184511.3823957,1785184511.382595,1785184511.744125,1785184512.5233607,,,
block1-000206,112.57876502349973,3830.9990880079567,154,132.5,112.28909599594772,3830.7094189804047,0.28966902755200863,block1:zero_tool,gated_rule_c,mixed,1785184511.3983898,1785184511.3986807,1785184511.5109794,1785184515.2294,,,
block1-000207,461.0868116142228,1062.8401866415516,37,117.5,460.4070750065148,1062.1604500338435,0.6797366077080369,block1:s2,gated_rule_c,mixed,1785184511.82881,1785184511.8294904,1785184512.2899075,1785184512.8916605,,,
block1-000208,351.59831086639315,1072.6831378415227,38,15.0,351.3187939533964,1072.403620928526,0.27951691299676895,block1:s3,gated_rule_c,mixed,1785184511.9174795,1785184511.9177594,1785184512.2690873,1785184512.990172,,,
block1-000209,522.7233492769301,1246.1481472710148,48,17.5,522.1963250078261,1245.6211230019107,0.5270242691040039,block1:s3,gated_rule_c,mixed,1785184511.960811,1785184511.9613385,1785184512.4835448,1785184513.2069693,,,
block1-000210,79.2037156643346,3351.525972597301,138,282.5,78.46152898855507,3350.7837859215215,0.7421866757795215,block1:zero_tool,gated_rule_c,mixed,1785184512.1204057,1785184512.1211479,1785184512.199617,1785184515.4719396,,,
block1-000211,317.1650771982968,1040.35617725458,41,140.0,316.71755493152887,1039.908654987812,0.44752226676791906,block1:s3,gated_rule_c,mixed,1785184512.166876,1785184512.1673238,1785184512.4840515,1785184513.2072425,,,
block1-000212,510.2558381622657,1218.5121141374111,48,12.5,509.3862150097266,1217.642490984872,0.869623152539134,block1:s3,gated_rule_c,mixed,1785184512.321785,1785184512.3226547,1785184512.8320498,1785184513.540306,,,
block1-000213,473.797510843724,1299.5502218836918,48,105.0,473.3377950033173,1299.0905060432851,0.45971584040671587,block1:s3,gated_rule_c,mixed,1785184512.573615,1785184512.574075,1785184513.0474203,1785184513.8731728,,,
block1-000214,510.65093534998596,1195.4382243566215,43,320.0,509.66266193427145,1194.449950940907,0.9882734157145023,block1:s3,gated_rule_c,mixed,1785184512.6158595,1785184512.6168485,1785184513.1265213,1785184513.8113077,,,
block1-000215,105.76607030816376,3703.3955762162805,155,187.5,105.13732105027884,3702.7668269583955,0.6287492578849196,block1:zero_tool,gated_rule_c,mixed,1785184512.685945,1785184512.686574,1785184512.7917202,1785184516.38935,,,
block1-000216,75.14205190818757,4061.430782894604,170,60.0,74.73798794671893,4061.0267189331353,0.404063961468637,block1:zero_tool,gated_rule_c,mixed,1785184512.716389,1785184512.716794,1785184512.7915416,1785184516.7778301,,,
block1-000217,528.248191694729,1217.8451326908544,48,297.5,526.8459890503436,1216.442930046469,1.4022026443853974,block1:s4,gated_rule_c,mixed,1785184513.1790626,1785184513.1804655,1785184513.7073214,1785184514.3969178,,,
block1-000218,541.9373540207744,1318.22556105908,48,75.0,540.41590297129,1316.7041100095958,1.5214510494843125,block1:s4,gated_rule_c,mixed,1785184513.3111198,1785184513.3126423,1785184513.853072,1785184514.6293602,,,
block1-000219,517.5220868550241,1334.216218907386,48,217.5,517.3778629396111,1334.071994991973,0.14422391541302204,block1:s4,gated_rule_c,mixed,1785184513.492438,1785184513.4925833,1785184514.0099714,1785184514.8266659,,,
block1-000220,514.6194531116635,1329.9469160847366,48,25.0,513.9989990275353,1329.3264620006084,0.6204540841281414,block1:s4,gated_rule_c,mixed,1785184513.515221,1785184513.5158417,1785184514.02985,1785184514.8451777,,,
block1-000221,130.10372733697295,5130.515729426406,212,485.0,129.7421898925677,5130.154191982001,0.3615374444052577,block1:zero_tool,gated_rule_c,mixed,1785184513.6811078,1785184513.68147,1785184513.811222,1785184518.8116338,,,
block1-000222,98.10179634951055,4193.367321393453,172,92.5,96.9260559650138,4192.191581008956,1.1757403844967484,block1:zero_tool,gated_rule_c,mixed,1785184513.7163203,1785184513.7174964,1785184513.8144317,1785184517.9096973,,,
block1-000223,74.88592935260385,4332.734821247868,174,15.0,73.78042605705559,4331.62931795232,1.1055032955482602,block1:zero_tool,gated_rule_c,mixed,1785184514.3020668,1785184514.3031728,1785184514.3769636,1785184518.6348128,,,
block1-000224,462.92991342488676,1090.1863204780966,43,107.5,462.20247296150774,1089.4588800147176,0.7274404633790255,block1:s1,gated_rule_c,mixed,1785184514.401498,1785184514.4022257,1785184514.864435,1785184515.4916916,,,
block1-000225,167.72746352944523,9726.974771474488,401,75.0,167.1461589867249,9726.393466931768,0.5813045427203178,block1:zero_tool,gated_rule_c,mixed,1785184514.4103827,1785184514.4109645,1785184514.5781188,1785184524.1373658,,,
block1-000226,403.05047726724297,1031.4051762688905,43,105.0,402.69046497996897,1031.0451639816165,0.36001228727400303,block1:s1,gated_rule_c,mixed,1785184514.5013926,1785184514.501753,1785184514.904452,1785184515.5328066,,,
block1-000227,486.24740925151855,979.5269502792507,40,60.0,485.39621103554964,978.6757520632818,0.8511982159689069,block1:s1,gated_rule_c,mixed,1785184514.5116618,1785184514.5125134,1785184514.9979165,1785184515.491196,,,
block1-000228,364.33483206201345,931.3532781088725,39,10.0,363.27774194069207,930.2961879875511,1.0570901213213801,block1:s1,gated_rule_c,mixed,1785184514.5794141,1785184514.5804715,1785184514.9437625,1785184515.5107808,,,
block1-000229,82.65472459606826,6782.831745571457,285,95.0,82.1808900218457,6782.357910997234,0.4738345742225647,block1:zero_tool,gated_rule_c,mixed,1785184514.9155116,1785184514.9159873,1785184514.9981844,1785184521.698362,,,
block1-000230,70.481768110767,9103.162046172656,377,15.0,69.97478497214615,9102.655063034035,0.5069831386208534,block1:zero_tool,gated_rule_c,mixed,1785184515.162698,1785184515.1632054,1785184515.2331903,1785184524.265871,,,
block1-000231,77.91119732428342,1569.6651972830296,63,15.0,77.62104505673051,1569.3750450154766,0.29015226755291224,block1:s1,gated_rule_c,mixed,1785184515.5266593,1785184515.5269496,1785184515.6045802,1785184517.0963335,,,
block1-000232,333.75087252352387,1065.1078205555677,41,10.0,332.3850530432537,1063.7420010752976,1.3658194802701473,block1:s2,gated_rule_c,mixed,1785184515.6173937,1785184515.6187599,1785184515.9511545,1785184516.682511,,,
block1-000233,310.5014853645116,884.226439287886,36,70.0,309.47130208369344,883.1962560070679,1.0301832808181643,block1:s2,gated_rule_c,mixed,1785184515.680378,1785184515.6814094,1785184515.9908917,1785184516.564617,,,
block1-000234,107.21713851671666,1721.0710184881464,64,217.5,106.68120998889208,1720.5350899603218,0.5359285278245807,block1:s2,gated_rule_c,mixed,1785184516.0759375,1785184516.076474,1785184516.1831644,1785184517.7970185,,,
block1-000235,132.8825041418895,1929.800669196993,74,350.0,131.2678379472345,1928.186003002338,1.6146661946550012,block1:s2,gated_rule_c,mixed,1785184516.2350843,1785184516.236699,1785184516.3679798,1785184518.1648982,,,
block1-000236,109.52061077114195,3541.9489906635135,142,172.5,109.24460901878774,3541.6729889111593,0.27600175235420465,block1:zero_tool,gated_rule_c,mixed,1785184516.2625916,1785184516.2628684,1785184516.3721237,1785184519.8045518,,,
block1-000237,432.19996616244316,1107.7175991376862,44,320.0,431.1007250798866,1106.6183580551296,1.0992410825565457,block1:s2,gated_rule_c,mixed,1785184516.345755,1785184516.3468547,1785184516.7779617,1785184517.45348,,,
block1-000238,571.4634680189192,1127.9239170253277,38,15.0,570.806858013384,1127.2673070197925,0.6566100055351853,block1:s2,gated_rule_c,mixed,1785184516.3998947,1785184516.4005513,1785184516.971367,1785184517.5278273,,,
block1-000239,498.2009625528008,1054.7195816179737,34,10.0,497.13637097738683,1053.6549900425598,1.0645915754139423,block1:s2,gated_rule_c,mixed,1785184516.4732258,1785184516.4742916,1785184516.9714417,1785184517.52796,,,
block1-000240,393.3153230464086,985.7485820539296,32,15.0,392.94115302618593,985.3744120337069,0.3741700202226639,block1:s3,gated_rule_c,mixed,1785184516.5975854,1785184516.597961,1785184516.9909165,1785184517.5833497,,,
block1-000241,413.7803914491087,3444.2089694784954,126,52.5,412.73743798956275,3443.1660160189494,1.04295345954597,block1:zero_tool,gated_rule_c,mixed,1785184516.7434745,1785184516.7445185,1785184517.1572676,1785184520.1876962,,,
block1-000242,984.8273515235633,1540.1869895868003,38,12.5,984.3649390386418,1539.7245771018788,0.462412484921515,block1:s3,gated_rule_c,mixed,1785184517.020882,1785184517.0213444,1785184518.0057187,1785184518.5610783,,,
block1-000243,889.1713693737984,1637.9445424536243,41,282.5,888.4148569777608,1637.1880300575867,0.7565123960375786,block1:s3,gated_rule_c,mixed,1785184517.154642,1785184517.1553988,1785184518.0438225,1785184518.7925963,,,
block1-000244,771.616168669425,1520.9230076288804,48,92.5,770.8491310477257,1520.1559700071812,0.7670376216992736,block1:s3,gated_rule_c,mixed,1785184517.2517922,1785184517.25256,1785184518.0234187,1785184518.7727256,,,
block1-000245,594.8608963517472,1320.7430373877287,43,12.5,593.4448420302942,1319.3269830662757,1.4160543214529753,block1:s3,gated_rule_c,mixed,1785184517.314341,1785184517.3157578,1785184517.9092128,1785184518.6350946,,,
block1-000246,643.9057855168357,4455.080111511052,165,307.5,643.0087860208005,4454.183112015016,0.8969994960352778,block1:zero_tool,gated_rule_c,mixed,1785184517.3194358,1785184517.3203337,1785184517.9633527,1785184521.7745273,,,
block1-000247,558.2234914181754,1322.2147764172405,43,75.0,557.5891699409112,1321.5804549399763,0.6343214772641659,block1:s3,gated_rule_c,mixed,1785184517.3513455,1785184517.3519804,1785184517.909579,1785184518.6735706,,,
block1-000248,889.2673295922577,1643.4428906068206,48,12.5,889.1415710095316,1643.3171320240945,0.12575858272612095,block1:s4,gated_rule_c,mixed,1785184517.722279,1785184517.7224054,1785184518.6115553,1785184519.3657308,,,
block1-000249,713.8605850050226,1495.3577340347692,48,17.5,713.3540690410882,1494.8512180708349,0.5065159639343619,block1:s4,gated_rule_c,mixed,1785184518.1747127,1785184518.1752193,1785184518.8885822,1785184519.670079,,,
block1-000250,722.6109756156802,1505.8516905410215,48,85.0,722.309109987691,1505.5498249130324,0.30186562798917294,block1:s4,gated_rule_c,mixed,1785184518.2055883,1785184518.2058907,1785184518.9282074,1785184519.7114477,,,
block1-000251,90.00848804134876,3065.058401087299,126,105.0,89.5677829394117,3064.617695985362,0.4407051019370556,block1:zero_tool,gated_rule_c,mixed,1785184518.9572742,1785184518.9577155,1785184519.0472925,1785184522.0223427,,,
block1-000252,509.30754316505045,1258.9900501770899,48,132.5,508.27583600766957,1257.958343019709,1.031707157380879,block1:s4,gated_rule_c,mixed,1785184519.0807126,1785184519.0817456,1785184519.5900323,1785184520.3397145,,,
block1-000253,480.239896569401,1213.0772955715656,48,177.5,480.05102400202304,1212.8884230041876,0.18887256737798452,block1:s4,gated_rule_c,mixed,1785184519.1693125,1785184519.1695027,1785184519.6495655,1785184520.3824031,,,
block1-000254,132.0334633346647,3168.7315372982994,131,117.5,131.79055496584624,3168.488628929481,0.2429083688184619,block1:zero_tool,gated_rule_c,mixed,1785184519.214046,1785184519.2142901,1785184519.3460948,1785184522.3827922,,,
block1-000255,128.90046869870275,3510.1462417514995,145,15.0,128.07051395066082,3509.3162870034575,0.8299547480419278,block1:zero_tool,gated_rule_c,mixed,1785184519.2173407,1785184519.2181711,1785184519.3462522,1785184522.7274983,,,
block1-000256,349.6139995986596,1027.3031865945086,43,95.0,349.0975530585274,1026.7867400543764,0.516446540132165,block1:s1,gated_rule_c,mixed,1785184519.454336,1785184519.454853,1785184519.8039603,1785184520.4816496,,,
block1-000257,76.75242575351149,17893.74788175337,731,85.0,76.35991601273417,17893.355372012593,0.3925097407773137,block1:zero_tool,gated_rule_c,mixed,1785184519.6872568,1785184519.6876495,1785184519.7640188,1785184537.5810137,,,
block1-000258,74.36586602125317,10088.761157006957,422,10.0,73.2836889801547,10087.678979965858,1.0821770410984755,block1:zero_tool,gated_rule_c,mixed,1785184519.6896927,1785184519.6907759,1785184519.76407,1785184529.7784653,,,
block1-000259,440.3738711262122,996.1946761468425,40,15.0,439.2677720170468,995.0885770376772,1.1060991091653705,block1:s1,gated_rule_c,mixed,1785184520.0015066,1785184520.0026135,1785184520.4418907,1785184520.9977117,,,
block1-000260,124.60886081680655,1804.1155037935823,74,117.5,124.200313934125,1803.7069569109008,0.4085468826815486,block1:s1,gated_rule_c,mixed,1785184520.0455906,1785184520.0459998,1785184520.170212,1785184521.8497183,,,
block1-000261,75.47727692872286,4840.8690670039505,201,52.5,74.30205191485584,4839.6938419900835,1.1752250138670206,block1:zero_tool,gated_rule_c,mixed,1785184520.269808,1785184520.2709851,1785184520.3453083,1785184525.1107,,,
block1-000262,96.13083698786795,5062.0758479926735,206,15.0,95.25202889926732,5061.197039904073,0.8788080886006355,block1:zero_tool,gated_rule_c,mixed,1785184520.5110166,1785184520.511896,1785184520.6071568,1785184525.573102,,,
block1-000263,89.3120669061318,1451.149531872943,59,17.5,88.40454195160419,1450.2420069184154,0.9075249545276165,block1:s1,gated_rule_c,mixed,1785184520.5175936,1785184520.5185013,1785184520.6069136,1785184521.9687514,,,
block1-000264,312.0887950062752,847.7844269946218,34,287.5,311.8016239022836,847.4972558906302,0.2871711039915681,block1:s2,gated_rule_c,mixed,1785184520.6252444,1785184520.625532,1785184520.9373422,1785184521.4730375,,,
block1-000265,642.5326411845163,1399.8133501736447,42,12.5,641.6585379047319,1398.9392468938604,0.8741032797843218,block1:s2,gated_rule_c,mixed,1785184520.6895103,1785184520.6903853,1785184521.3320553,1785184522.0893364,,,
block1-000266,933.2221756922081,1540.7558896113187,36,320.0,932.1888770209625,1539.7225909400731,1.033298671245575,block1:s2,gated_rule_c,mixed,1785184520.892661,1785184520.8936946,1785184521.8258924,1785184522.4334261,,,
block1-000267,796.919638523832,17734.65247754939,694,287.5,795.8304479252547,17733.56328695081,1.089190598577261,block1:zero_tool,gated_rule_c,mixed,1785184520.9570026,1785184520.958092,1785184521.7539318,1785184538.691664,,,
block1-000268,848.1802918249741,12647.954466752708,491,52.5,847.1408800687641,12646.915054996498,1.0394117562100291,block1:zero_tool,gated_rule_c,mixed,1785184520.9811158,1785184520.9821556,1785184521.8293035,1785184533.629078,,,
block1-000269,1131.410634610802,1897.3014865769073,44,15.0,1131.0974709922448,1896.9883229583502,0.31316361855715513,block1:s2,gated_rule_c,mixed,1785184521.1301856,1785184521.1304994,1785184522.261606,1785184523.0274975,,,
block1-000270,902.8956399997696,4817.067674943246,165,115.0,901.8033740576357,4815.975409001112,1.092265942133963,block1:zero_tool,gated_rule_c,mixed,1785184521.169152,1785184521.1702452,1785184522.0720572,1785184525.9862297,,,
block1-000271,1176.847617374733,1790.2072054566815,37,85.0,1176.4375489437953,1789.7971370257437,0.41006843093782663,block1:s2,gated_rule_c,mixed,1785184521.1867144,1785184521.1871247,1785184522.3635702,1785184522.9769294,,,
block1-000272,1098.9073141245171,1676.962747122161,32,307.5,1097.9939779499546,1676.0494109475985,0.9133361745625734,block1:s3,gated_rule_c,mixed,1785184521.2025054,1785184521.2034194,1785184522.3014235,1785184522.879479,,,
block1-000273,1189.1365031478927,4220.741332159378,128,15.0,1188.8473719591275,4220.4522009706125,0.2891311887651682,block1:zero_tool,gated_rule_c,mixed,1785184521.2975645,1785184521.297854,1785184522.48671,1785184525.518315,,,
block1-000274,1868.8684839289635,2581.142923911102,48,155.0,1867.1936249593273,2579.468064941466,1.6748589696362615,block1:s3,gated_rule_c,mixed,1785184521.4612029,1785184521.4628782,1785184523.330082,1785184524.0423563,,,
block1-000275,2801.899215672165,3495.7052696263418,41,115.0,2801.7299660714343,3495.536020025611,0.1692496007308364,block1:s3,gated_rule_c,mixed,1785184521.6160252,1785184521.6161947,1785184524.4179344,1785184525.1117399,,,
block1-000276,1764.9977731052786,2514.628663077019,48,152.5,1764.5643230061978,2514.1952129779384,0.433450099080801,block1:s3,gated_rule_c,mixed,1785184521.6225896,1785184521.6230233,1785184523.3875983,1785184524.137229,,,
block1-000277,802.1429354557768,1514.6393224131316,46,357.5,801.8356229877099,1514.3320099450648,0.30731246806681156,block1:s3,gated_rule_c,mixed,1785184522.0382967,1785184522.0386045,1785184522.8404512,1785184523.5529478,,,
block1-000278,1612.5871321419254,2217.276539071463,43,22.5,1611.3138460787013,2216.003253008239,1.2732860632240772,block1:s3,gated_rule_c,mixed,1785184522.408722,1785184522.4099956,1785184524.021319,1785184524.6260083,,,
block1-000279,681.9374823244289,1367.3449603375047,43,110.0,681.5603889990598,1366.9678670121357,0.37709332536906004,block1:s3,gated_rule_c,mixed,1785184522.4223435,1785184522.4227207,1785184523.1042874,1785184523.7896948,,,
block1-000280,1784.6426907926798,2494.322240818292,48,145.0,1782.8425219049677,2492.52207193058,1.8001688877120614,block1:s4,gated_rule_c,mixed,1785184522.460251,1785184522.462052,1785184524.2449052,1785184524.9545853,,,
block1-000281,911.0967665910721,1690.6085535883904,48,17.5,910.9085240634158,1690.420311060734,0.18824252765625715,block1:s4,gated_rule_c,mixed,1785184522.4968493,1785184522.497038,1785184523.4079542,1785184524.187466,,,
block1-000282,1521.065173088573,4570.77722507529,130,117.5,1520.1127449981868,4569.8247969849035,0.9524280903860927,block1:zero_tool,gated_rule_c,mixed,1785184522.7211199,1785184522.7220736,1785184524.2421978,1785184527.2919102,,,
block1-000283,1419.9595814570785,5128.352271509357,158,132.5,1419.2932199221104,5127.685909974389,0.6663615349680185,block1:zero_tool,gated_rule_c,mixed,1785184522.824987,1785184522.825654,1785184524.2449574,1785184527.95335,,,
block1-000284,1775.275425403379,2516.740818391554,48,17.5,1774.4953179499134,2515.9607109380886,0.7801074534654617,block1:s4,gated_rule_c,mixed,1785184522.9030735,1785184522.903854,1785184524.678358,1785184525.4198234,,,
block1-000285,1853.1441208906472,2632.7392279636115,48,105.0,1851.8627559533343,2631.4578630262986,1.281364937312901,block1:s4,gated_rule_c,mixed,1785184523.156849,1785184523.1581306,1785184525.0100036,1785184525.7895987,,,
block1-000286,1546.9404333271086,5616.7875153478235,172,107.5,1546.1196040268987,5615.966686047614,0.8208293002098799,block1:zero_tool,gated_rule_c,mixed,1785184523.4632115,1785184523.4640326,1785184525.010161,1785184529.080009,,,
block1-000287,1008.8682053610682,1738.6082094162703,48,85.0,1008.3381870063022,1738.0781910615042,0.5300183547660708,block1:s4,gated_rule_c,mixed,1785184523.4894605,1785184523.489991,1785184524.4983406,1785184525.2280807,,,
block1-000288,1922.5433169631287,2587.194378953427,43,117.5,1921.4643350569531,2586.1153970472515,1.0789819061756134,block1:s1,gated_rule_c,mixed,1785184523.57448,1785184523.5755599,1785184525.4970372,1785184526.161688,,,
block1-000289,1477.4981589289382,2841.8170989025384,58,132.5,1477.1558799548075,2841.4748199284077,0.3422789741307497,block1:s1,gated_rule_c,mixed,1785184523.7106867,1785184523.7110295,1785184525.1881945,1785184526.5525136,,,
block1-000290,1427.8626494342461,2115.253863390535,43,20.0,1426.9949020817876,2114.3861160380766,0.8677473524585366,block1:s1,gated_rule_c,mixed,1785184524.2007809,1785184524.2016492,1785184525.6286526,1785184526.3160436,,,
block1-000291,1496.8718987656757,2063.864099793136,37,15.0,1496.7389979865402,2063.7311990140006,0.13290077913552523,block1:s1,gated_rule_c,mixed,1785184524.2529442,1785184524.2530773,1785184525.7498233,1785184526.3168151,,,
block1-000292,1236.4982083672658,3921.7848563566804,114,15.0,1236.1922160489485,3921.478864038363,0.3059923183172941,block1:zero_tool,gated_rule_c,mixed,1785184524.3367405,1785184524.3370473,1785184525.5732493,1785184528.2585368,,,
block1-000293,1180.2803702885285,2614.43084734492,63,15.0,1179.5789159368724,2613.729392993264,0.7014543516561389,block1:s1,gated_rule_c,mixed,1785184524.4489937,1785184524.4496953,1785184525.6292834,1785184527.0634341,,,
block1-000294,1380.726161878556,4844.598046853207,147,177.5,1379.9242479726672,4843.796132947318,0.8019139058887959,block1:zero_tool,gated_rule_c,mixed,1785184524.4646802,1785184524.4654822,1785184525.845413,1785184529.309285,,,
block1-000295,1780.6020657299086,2279.5383158372715,37,217.5,1780.4559828946367,2279.3922330019996,0.14608283527195454,block1:s1,gated_rule_c,mixed,1785184524.6102507,1785184524.6103973,1785184526.3908634,1785184526.8897998,,,
block1-000296,1266.5859366534278,1955.6397876003757,40,22.5,1265.5656679999083,1954.6195189468563,1.0202686535194516,block1:s2,gated_rule_c,mixed,1785184525.2230864,1785184525.224107,1785184526.4896824,1785184527.1787357,,,
block1-000297,727.4422626942396,3417.0560986967757,116,15.0,727.2599639836699,3416.873799986206,0.18229871056973934,block1:zero_tool,gated_rule_c,mixed,1785184525.6632802,1785184525.663463,1785184526.3907323,1785184529.0803459,,,
block1-000298,898.3508385717869,1432.9596615862101,36,110.0,897.8216169634834,1432.4304399779066,0.5292216083034873,block1:s2,gated_rule_c,mixed,1785184525.7455533,1785184525.7460835,1785184526.6439188,1785184527.178528,,,
block1-000299,712.2428192524239,2460.79387224745,74,95.0,712.0312730548903,2460.5823260499164,0.21154619753360748,block1:s2,gated_rule_c,mixed,1785184525.9122946,1785184525.9125073,1785184526.6245487,1785184528.3730993,,,
block1-000300,1286.906398134306,1958.6716351332143,42,92.5,1286.4182849880308,1958.183521986939,0.4881131462752819,block1:s2,gated_rule_c,mixed,1785184525.9422069,1785184525.9426959,1785184527.2291245,1785184527.90089,,,
block1-000301,1428.0075090937316,1967.2117261216044,38,10.0,1427.8641960117966,1967.0684130396694,0.1433130819350481,block1:s2,gated_rule_c,mixed,1785184526.0405746,1785184526.0407178,1785184527.4685905,1785184528.0077946,,,
block1-000302,1114.2478007823229,5006.946454755962,168,15.0,1113.9029579935595,5006.601611967199,0.3448427887633443,block1:zero_tool,gated_rule_c,mixed,1785184526.154689,1785184526.1550348,1785184527.2689495,1785184531.161649,,,
block1-000303,1232.0290100760758,1802.3645350476727,34,15.0,1231.2137059634551,1801.549230935052,0.8153041126206517,block1:s2,gated_rule_c,mixed,1785184526.2564583,1785184526.2572744,1785184527.4884992,1785184528.0588355,,,
block1-000304,1417.951181763783,2210.525188711472,48,17.5,1417.5930260680616,2210.1670330157503,0.3581556957215071,block1:s3,gated_rule_c,mixed,1785184526.2587209,1785184526.2590792,1785184527.6766791,1785184528.469253,,,
block1-000305,1708.3035088144243,4560.523182735778,126,15.0,1708.0146180232987,4560.234291944653,0.28889079112559557,block1:zero_tool,gated_rule_c,mixed,1785184526.294675,1785184526.2949648,1785184528.0029895,1785184530.855209,,,
block1-000306,1618.8380932435393,5139.731090283021,152,350.0,1618.6229429440573,5139.515939983539,0.21515029948204756,block1:zero_tool,gated_rule_c,mixed,1785184526.389333,1785184526.389549,1785184528.0081825,1785184531.5290754,,,
block1-000307,1384.089494124055,4297.480373061262,128,135.0,1383.4932120516896,4296.884090988897,0.596282072365284,block1:zero_tool,gated_rule_c,mixed,1785184526.725129,1785184526.7257257,1785184528.1092281,1785184531.0226188,,,
block1-000308,1922.4177264841273,2662.216974538751,48,10.0,1921.613636892289,2661.4128849469125,0.8040895918384194,block1:s3,gated_rule_c,mixed,1785184526.741964,1785184526.74277,1785184528.6643972,1785184529.404196,,,
block1-000309,1363.6828225571662,5677.93351248838,186,320.0,1362.5531650613993,5676.803854992613,1.1296574957668781,block1:zero_tool,gated_rule_c,mixed,1785184527.06463,1785184527.0657597,1785184528.4283202,1785184532.7425716,,,
block1-000310,1385.9387716511264,5678.6742196418345,184,170.0,1385.7944840565324,5678.52993204724,0.14428759459406137,block1:zero_tool,gated_rule_c,mixed,1785184527.1374,1785184527.137545,1785184528.5233517,1785184532.8160865,,,
block1-000311,1270.252684596926,1997.5187506061047,48,320.0,1269.9670840520412,1997.23315006122,0.2856005448848009,block1:s3,gated_rule_c,mixed,1785184527.199084,1785184527.19937,1785184528.4693465,1785184529.196613,,,
block1-000312,1802.3314198944718,2577.9692789074033,48,115.0,1801.177134970203,2576.8149939831346,1.1542849242687225,block1:s4,gated_rule_c,mixed,1785184527.2565727,1785184527.2577283,1785184529.0589197,1785184529.8345578,,,
block1-000313,2201.293091638945,2910.236120573245,48,10.0,2200.6957579869777,2909.6387869212776,0.5973336519673467,block1:s4,gated_rule_c,mixed,1785184527.3152668,1785184527.3158646,1785184529.5165694,1785184530.2255113,,,
block1-000314,1811.5761647932231,5879.349062801339,171,117.5,1811.0398979624733,5878.812795970589,0.5362668307498097,block1:zero_tool,gated_rule_c,mixed,1785184527.343741,1785184527.3442779,1785184529.155327,1785184533.2231002,,,
block1-000315,1832.0656676078215,5478.460040525533,154,60.0,1830.1260099979118,5476.5203829156235,1.9396576099097729,block1:zero_tool,gated_rule_c,mixed,1785184527.4161186,1785184527.4180586,1785184529.248193,1785184532.8945878,,,
block1-000316,1796.1471161106601,6271.6229151701555,185,107.5,1795.176591956988,6270.652391016483,0.9705241536721587,block1:zero_tool,gated_rule_c,mixed,1785184527.5647304,1785184527.5657015,1785184529.36089,1785184533.8363662,,,
block1-000317,2639.7104136412963,3399.7231347020715,48,170.0,2638.378325966187,3398.391047026962,1.3320876751095057,block1:s4,gated_rule_c,mixed,1785184527.565193,1785184527.5665257,1785184530.2049127,1785184530.964926,,,
block1-000318,2184.375826152973,2922.4296890897676,48,10.0,2183.2903140457347,2921.3441769825295,1.0855121072381735,block1:s4,gated_rule_c,mixed,1785184527.5936563,1785184527.594742,1785184529.7780397,1785184530.5160937,,,
block1-000319,2473.1774437241256,3196.68138877023,48,70.0,2472.5825550267473,3196.086500072852,0.5948886973783374,block1:s4,gated_rule_c,mixed,1785184527.7110848,1785184527.71168,1785184530.1842706,1785184530.9077744,,,
block1-000320,2818.703258293681,3515.391862252727,43,545.0,2817.880471004173,3514.5690749632195,0.8227872895076871,block1:s1,gated_rule_c,mixed,1785184527.7478516,1785184527.7486749,1785184530.5665624,1785184531.2632508,,,
block1-000321,2748.033681884408,7270.198461832479,179,115.0,2747.7361869532615,7269.900966901332,0.2974949311465025,block1:zero_tool,gated_rule_c,mixed,1785184527.821524,1785184527.8218224,1785184530.56957,1785184535.0917354,,,
block1-000322,3224.8022011481225,3903.5795151721686,43,107.5,3224.1013230523095,3902.8786370763555,0.7008780958130956,block1:s1,gated_rule_c,mixed,1785184528.0146205,1785184528.0153213,1785184531.2394314,1785184531.9182088,,,
block1-000323,3138.2090249098837,3859.1571109136567,46,820.0,3138.031702954322,3858.979788958095,0.17732195556163788,block1:s1,gated_rule_c,mixed,1785184528.2062373,1785184528.2064154,1785184531.344458,1785184532.0654054,,,
block1-000324,2894.4745116168633,3603.132972610183,42,485.0,2892.609760980122,3601.2682219734415,1.864750636741519,block1:s1,gated_rule_c,mixed,1785184528.3689156,1785184528.370781,1785184531.2634,1785184531.9720592,,,
block1-000325,2936.3748200703412,3427.700460073538,34,60.0,2935.6339169899,3426.959556993097,0.7409030804410577,block1:s1,gated_rule_c,mixed,1785184528.3824842,1785184528.3832254,1785184531.3188665,1785184531.8101919,,,
block1-000326,2988.651118357666,3723.987941397354,43,187.5,2987.825062009506,3723.161885049194,0.8260563481599092,block1:s1,gated_rule_c,mixed,1785184528.5007024,1785184528.501529,1785184531.489363,1785184532.2246995,,,
block1-000327,2752.340150764212,4033.989818766713,56,117.5,2751.2259499635547,4032.875617966056,1.1142008006572723,block1:s1,gated_rule_c,mixed,1785184528.5714447,1785184528.5725598,1785184531.3237967,1785184532.6054468,,,
block1-000328,2508.673151023686,3187.352414941415,38,25.0,2507.35735706985,3186.036620987579,1.3157939538359642,block1:s2,gated_rule_c,mixed,1785184529.2767525,1785184529.2780683,1785184531.7854319,1785184532.464111,,,
block1-000329,2471.305996645242,5861.76250455901,128,117.5,2470.8474409999326,5861.303948913701,0.45855564530938864,block1:zero_tool,gated_rule_c,mixed,1785184529.4020464,1785184529.4025059,1785184531.873366,1785184535.2638228,,,
block1-000330,2387.4415877508,3003.9441847475246,36,217.5,2387.162083061412,3003.6646800581366,0.2795046893879771,block1:s2,gated_rule_c,mixed,1785184529.8908699,1785184529.8911502,1785184532.2783227,1785184532.8948255,,,
block1-000331,2053.607740206644,3940.5443631112576,74,75.0,2053.3688080031425,3940.305430907756,0.23893220350146294,block1:s2,gated_rule_c,mixed,1785184529.990574,1785184529.9908133,1785184532.04419,1785184533.9311268,,,
block1-000332,2040.919752442278,6940.294355503283,190,115.0,2039.8998309392482,6939.274434000254,1.0199215030297637,block1:zero_tool,gated_rule_c,mixed,1785184530.079157,1785184530.080178,1785184532.1200888,1785184537.0194635,,,
block1-000333,2314.980831928551,3127.8242939151824,44,545.0,2314.316160045564,3127.1596220321953,0.6646718829870224,block1:s2,gated_rule_c,mixed,1785184530.2500625,1785184530.250728,1785184532.5650544,1785184533.377898,,,
block1-000334,2132.6562598114833,11109.109550830908,366,60.0,2132.063125958666,11108.516416978091,0.5931338528171182,block1:zero_tool,gated_rule_c,mixed,1785184530.3934715,1785184530.3940651,1785184532.526138,1785184541.5025914,,,
block1-000335,2563.717943849042,3097.0947277965024,34,140.0,2562.7928379690275,3096.169621916488,0.9251058800145984,block1:s2,gated_rule_c,mixed,1785184530.4382033,1785184530.439129,1785184533.0019307,1785184533.5353074,,,
block1-000336,2881.234512082301,3781.5996550489217,48,132.5,2880.1833010511473,3780.548444017768,1.051211031153798,block1:s3,gated_rule_c,mixed,1785184530.4544713,1785184530.4555228,1785184533.335713,1785184534.2360778,,,
block1-000337,2580.209546140395,3182.1686180774122,33,320.0,2579.8155160155147,3181.774587952532,0.3940301248803735,block1:s3,gated_rule_c,mixed,1785184530.5410388,1785184530.541433,1785184533.1212566,1785184533.7232158,,,
block1-000338,2921.704793930985,3709.587369929068,41,60.0,2920.4635489732027,3708.3461249712855,1.2412449577823281,block1:s3,gated_rule_c,mixed,1785184530.6879785,1785184530.6892204,1785184533.6096933,1785184534.3975754,,,
block1-000339,2687.503564869985,7041.748007875867,169,107.5,2687.3796299332753,7041.6240729391575,0.12393493670970201,block1:zero_tool,gated_rule_c,mixed,1785184530.7498748,1785184530.749999,1785184533.4373882,1785184537.7916327,,,
block1-000340,3162.211768445559,3858.3849874557927,41,485.0,3160.367724020034,3856.540943030268,1.8440444255247712,block1:s3,gated_rule_c,mixed,1785184530.8806734,1785184530.8825178,1785184534.042895,1785184534.7390676,,,
block1-000341,2122.483358369209,2946.80595130194,43,217.5,2121.934185968712,2946.256778901443,0.5491724004969001,block1:s3,gated_rule_c,mixed,1785184531.039322,1785184531.0398717,1785184533.161817,1785184533.98614,,,
block1-000342,3071.266829618253,3770.0375185813755,49,85.0,3070.2610950684175,3769.03178403154,1.0057345498353243,block1:s3,gated_rule_c,mixed,1785184531.1031473,1785184531.1041539,1785184534.174426,1785184534.8731964,,,
block1-000343,1976.8827429506928,2876.5110509702936,43,177.5,1976.304066949524,2875.932374969125,0.5786760011687875,block1:s3,gated_rule_c,mixed,1785184531.2246609,1785184531.225241,1785184533.2015572,1785184534.101186,,,
block1-000344,3021.1402053246275,3883.177646319382,49,485.0,3020.8388400496915,3882.876281044446,0.30136527493596077,block1:s4,gated_rule_c,mixed,1785184531.4326322,1785184531.4329343,1785184534.4537868,1785184535.3158243,,,
block1-000345,2636.905408115126,3415.2188290609047,48,50.0,2636.1272900830954,3414.440711028874,0.7781180320307612,block1:s4,gated_rule_c,mixed,1785184531.5993037,1785184531.6000826,1785184534.2362192,1785184535.014533,,,
block1-000346,2885.953096789308,3808.7117557879537,48,412.5,2885.6744000222534,3808.4330590208992,0.2786967670544982,block1:s4,gated_rule_c,mixed,1785184531.6511457,1785184531.6514254,1785184534.5371127,1785184535.459871,,,
block1-000347,2698.831506888382,3558.186797890812,48,357.5,2698.062130017206,3557.417421019636,0.769376871176064,block1:s4,gated_rule_c,mixed,1785184531.75833,1785184531.7591002,1785184534.4571724,1785184535.3165278,,,
block1-000348,2775.9357197210193,3711.772697744891,48,17.5,2774.679873022251,3710.5168510461226,1.255846698768437,block1:s4,gated_rule_c,mixed,1785184531.8623843,1785184531.8636413,1785184534.638334,1785184535.5741708,,,
block1-000349,2539.730190881528,6867.32669279445,177,15.0,2539.1477640951052,6866.744266008027,0.5824267864227295,block1:zero_tool,gated_rule_c,mixed,1785184531.9177275,1785184531.9183102,1785184534.4574656,1785184538.7850626,,,
block1-000350,3643.877612776123,4453.410811838694,48,95.0,3643.4452229877934,4452.978422050364,0.4323897883296013,block1:s4,gated_rule_c,mixed,1785184532.1101854,1785184532.110618,1785184535.7540724,1785184536.563605,,,
block1-000351,2091.2284068763256,2907.116095884703,48,15.0,2090.3098430717364,2906.197532080114,0.9185638045892119,block1:s4,gated_rule_c,mixed,1785184532.26103,1785184532.2619486,1785184534.352267,1785184535.1681552,,,
block1-000352,3379.360745078884,4114.088916103356,43,152.5,3378.7636490305886,4113.49182005506,0.5970960482954979,block1:s1,gated_rule_c,mixed,1785184532.3096333,1785184532.3102312,1785184535.6890054,1785184536.423733,,,
block1-000353,3052.6940062409267,7328.190036234446,185,10.0,3051.53470300138,7327.030732994899,1.1593032395467162,block1:zero_tool,gated_rule_c,mixed,1785184532.4605405,1785184532.461701,1785184535.5132475,1785184539.7887437,,,
block1-000354,3192.088227486238,3994.6865905076265,40,412.5,3191.0826589446515,3993.68102196604,1.005568541586399,block1:s1,gated_rule_c,mixed,1785184532.622166,1785184532.6231718,1785184535.8142664,1785184536.6168647,,,
block1-000355,3460.635246592574,6196.989134536125,113,15.0,3459.601132082753,6195.955020026304,1.034114509820938,block1:zero_tool,gated_rule_c,mixed,1785184532.6378427,1785184532.6388772,1785184536.098487,1785184538.8348403,,,
block1-000356,3515.948525746353,7380.555478739552,166,20.0,3515.499228029512,7380.106181022711,0.44929771684110165,block1:zero_tool,gated_rule_c,mixed,1785184532.6682737,1785184532.6687238,1785184536.1842327,1785184540.0488393,,,
block1-000357,3887.390412390232,4457.431242335588,36,50.0,3886.612073983997,4456.652903929353,0.7783384062349796,block1:s1,gated_rule_c,mixed,1785184532.6760786,1785184532.676857,1785184536.5634763,1785184537.133517,,,
block1-000358,3589.140940224752,7919.046130264178,188,15.0,3588.6018499732018,7918.507040012628,0.5390902515500784,block1:zero_tool,gated_rule_c,mixed,1785184532.810305,1785184532.810845,1785184536.3994558,1785184540.7293608,,,
block1-000359,3585.6185007141903,4104.1603917256,33,25.0,3584.8575399722904,4103.3994309837,0.7609607418999076,block1:s1,gated_rule_c,mixed,1785184533.0912697,1785184533.092031,1785184536.6768978,1785184537.1954396,,,
block1-000360,3532.4234863510355,4206.458409433253,40,20.0,3531.509063905105,4205.543986987323,0.9144224459305406,block1:s2,gated_rule_c,mixed,1785184533.2048502,1785184533.2057648,1785184536.7372825,1785184537.4113176,,,
block1-000361,3410.335157997906,5431.53456307482,89,17.5,3409.709150902927,5430.9085559798405,0.6260070949792862,block1:zero_tool,gated_rule_c,mixed,1785184533.2057905,1785184533.2064166,1785184536.616131,1785184538.637331,,,
block1-000362,3657.991527230479,4248.076282325201,36,15.0,3656.6131819272414,4246.697937021963,1.3783453032374382,block1:s2,gated_rule_c,mixed,1785184533.2194524,1785184533.220831,1785184536.8774512,1785184537.467536,,,
block1-000363,3341.5043188724667,4079.7140429494902,43,115.0,3340.4081099433824,4078.617834020406,1.0962089290842414,block1:s2,gated_rule_c,mixed,1785184533.575672,1785184533.5767682,1785184536.9171846,1785184537.6553946,,,
block1-000364,3631.4826315501705,4225.545115536079,35,115.0,3630.6741350563243,4224.736619042233,0.808496493846178,block1:s2,gated_rule_c,mixed,1785184533.6995888,1785184533.7003977,1785184537.331104,1785184537.9251664,,,
block1-000365,3430.4282770026475,18075.90163301211,610,15.0,3429.725126014091,18075.198482023552,0.7031509885564446,block1:zero_tool,gated_rule_c,mixed,1785184533.7648277,1785184533.7655315,1785184537.1952667,1785184551.8407402,,,
block1-000366,3086.9659022428095,6511.329488246702,152,117.5,3086.133957025595,6510.497543029487,0.8319452172145247,block1:zero_tool,gated_rule_c,mixed,1785184534.1635053,1785184534.1643379,1785184537.2504823,1785184540.6748455,,,
block1-000367,3530.4815833223984,4081.485062255524,34,177.5,3529.4319330714643,4080.43541200459,1.0496502509340644,block1:s2,gated_rule_c,mixed,1785184534.180429,1785184534.181479,1785184537.710922,1785184538.2619257,,,
block1-000368,1236.1044072313234,1960.646717227064,48,177.5,1235.657476936467,1960.1997869322076,0.4469302948564291,block1:s3,gated_rule_c,mixed,1785184534.2238574,1785184534.2243054,1785184535.459972,1785184536.1845145,,,
block1-000369,922.662386088632,1697.6480431621894,48,357.5,920.8762029884383,1695.8618600619957,1.786183100193739,block1:s3,gated_rule_c,mixed,1785184534.3414817,1785184534.343269,1785184535.2641578,1785184536.0391443,,,
block1-000370,2666.9121029553935,6139.700393890962,154,287.5,2666.7732669739053,6139.561557909474,0.13883598148822784,block1:zero_tool,gated_rule_c,mixed,1785184534.8543437,1785184534.8544831,1785184537.5212672,1785184540.9940555,,,
block1-000371,2765.324407024309,6454.400507034734,163,92.5,2764.5268570631742,6453.602957073599,0.7975499611347914,block1:zero_tool,gated_rule_c,mixed,1785184534.8689716,1785184534.8697693,1785184537.6343033,1785184541.3233793,,,
block1-000372,564.9621629854664,1225.5221200175583,41,395.0,562.9776749992743,1223.5376320313662,1.9844879861921072,block1:s3,gated_rule_c,mixed,1785184534.894231,1785184534.8962164,1785184535.4592032,1785184536.119763,,,
block1-000373,657.3191155912355,1369.489771546796,46,282.5,657.0120840333402,1369.1827399889007,0.30703155789524317,block1:s3,gated_rule_c,mixed,1785184534.971477,1785184534.9717853,1785184535.6288087,1785184536.340979,,,
block1-000374,713.7130044866353,1267.7741394145414,43,100.0,712.9931279923767,1267.0542629202828,0.7198764942586422,block1:s3,gated_rule_c,mixed,1785184535.016941,1785184535.017661,1785184535.7306614,1785184536.2847228,,,
block1-000375,517.0847076224163,1297.3772346740589,48,412.5,516.1185190081596,1296.4110460598022,0.96618861425668,block1:s3,gated_rule_c,mixed,1785184535.213589,1785184535.214556,1785184535.7306864,1785184536.51098,,,
block1-000376,2282.07985276822,5503.51872574538,143,412.5,2281.868689111434,5503.307562088594,0.21116365678608418,block1:zero_tool,gated_rule_c,mixed,1785184535.4285517,1785184535.4287634,1785184537.7106411,1785184540.93208,,,
block1-000377,2496.613812749274,3231.818740721792,48,550.0,2496.2235529674217,3231.4284809399396,0.39025978185236454,block1:s4,gated_rule_c,mixed,1785184535.7038414,1785184535.7042322,1785184538.2004673,1785184538.9356723,,,
block1-000378,2515.4838520102203,3250.341381994076,48,20.0,2515.2537560788915,3250.1112860627472,0.2300959313288331,block1:s4,gated_rule_c,mixed,1785184535.7999947,1785184535.8002255,1785184538.3154898,1785184539.0503476,,,
block1-000379,2369.0579631365836,5629.688103101216,145,15.0,2367.842920939438,5628.473060904071,1.2150421971455216,block1:zero_tool,gated_rule_c,mixed,1785184535.9464753,1785184535.9476914,1785184538.315544,1785184541.5761747,,,
block1-000380,2716.5850726887584,6663.885079673491,171,15.0,2716.2895440123975,6663.589550997131,0.29552867636084557,block1:zero_tool,gated_rule_c,mixed,1785184535.9747064,1785184535.9750028,1785184538.691304,1785184542.6386034,,,
block1-000381,2577.590733766556,7507.768327719532,212,12.5,2576.6781590646133,7506.855753017589,0.9125747019425035,block1:zero_tool,gated_rule_c,mixed,1785184536.167606,1785184536.1685195,1785184538.7452085,1785184543.6753862,,,
block1-000382,2351.419471320696,6178.88592928648,167,15.0,2350.9651829954237,6178.431640961207,0.4542883252725005,block1:zero_tool,gated_rule_c,mixed,1785184536.5347035,1785184536.535158,1785184538.8861299,1785184542.7135963,,,
block1-000383,2687.1444897260517,3349.712682655081,48,10.0,2686.5523260785267,3349.120519007556,0.5921636475250125,block1:s4,gated_rule_c,mixed,1785184536.5371265,1785184536.537719,1785184539.2242777,1785184539.8868456,,,
block1-000384,2392.391037545167,6721.105183591135,187,160.0,2391.524637932889,6720.238783978857,0.8663996122777462,block1:zero_tool,gated_rule_c,mixed,1785184536.5992513,1785184536.6001186,1785184538.9916549,1785184543.3203683,,,
block1-000385,2455.0156705081463,3845.619277562946,65,282.5,2454.6083679888397,3845.2119750436395,0.4073025193065405,block1:s1,gated_rule_c,mixed,1785184536.6508808,1785184536.6512883,1785184539.1059039,1785184540.496508,,,
block1-000386,3142.7550261141732,3752.702087163925,41,92.5,3141.72415190842,3751.671212958172,1.0308742057532072,block1:s1,gated_rule_c,mixed,1785184537.0516155,1785184537.0526466,1785184540.1943774,1785184540.8043244,,,
block1-000387,2789.8962040198967,7546.9930650433525,201,20.0,2788.2233869750053,7545.320247998461,1.672817044891417,block1:zero_tool,gated_rule_c,mixed,1785184537.1590786,1785184537.1607516,1785184539.9489827,1785184544.7060792,,,
block1-000388,3130.8722010580823,3848.328198073432,39,10.0,3130.149360978976,3847.6053579943255,0.7228400791063905,block1:s1,gated_rule_c,mixed,1785184537.2009394,1785184537.2016628,1785184540.3318245,1785184541.0492814,,,
block1-000389,3119.15037909057,7773.9008161006495,192,15.0,3118.441882892512,7773.192319902591,0.7084961980581284,block1:zero_tool,gated_rule_c,mixed,1785184537.4330819,1785184537.4337914,1785184540.5522473,1785184545.2069972,,,
block1-000390,3486.715739942156,4206.059672869742,39,17.5,3485.9438670100644,4205.287799937651,0.7718729320913553,block1:s1,gated_rule_c,mixed,1785184537.446037,1785184537.4468098,1785184540.9327667,1785184541.6521108,,,
block1-000391,3329.582158010453,9541.054458008148,254,12.5,3328.8570389850065,9540.329338982701,0.7251190254464746,block1:zero_tool,gated_rule_c,mixed,1785184537.4541295,1785184537.454855,1785184540.7837214,1785184546.9951932,,,
block1-000392,3023.43118772842,3708.6060657165945,40,105.0,3022.949254955165,3708.1241329433396,0.48193277325481176,block1:s2,gated_rule_c,mixed,1785184538.0775158,1785184538.0779982,1785184541.1009567,1785184541.7861314,,,
block1-000393,3019.9983374914154,3769.657253404148,40,820.0,3019.8182000312954,3769.477115944028,0.1801374601200223,block1:s2,gated_rule_c,mixed,1785184538.1818175,1785184538.181998,1785184541.2018247,1785184541.9514837,,,
block1-000394,3109.2528119916096,3706.850229995325,36,75.0,3108.872608980164,3706.4700269838795,0.3802030114457011,block1:s2,gated_rule_c,mixed,1785184538.1937525,1785184538.194134,1785184541.303018,1785184541.9006152,,,
block1-000395,2733.708478277549,15454.025216284208,516,15.0,2733.1895070383325,15453.506245044991,0.5189712392166257,block1:zero_tool,gated_rule_c,mixed,1785184538.3706057,1785184538.371125,1785184541.1043234,1785184553.8246403,,,
block1-000396,2850.200606859289,8050.502400845289,215,22.5,2849.661711952649,8049.963505938649,0.5388949066400528,block1:zero_tool,gated_rule_c,mixed,1785184538.5275488,1785184538.5280886,1785184541.3777623,1785184546.578065,,,
block1-000397,3324.962708633393,4049.319183686748,49,17.5,3324.594712932594,4048.951187985949,0.36799570079892874,block1:s2,gated_rule_c,mixed,1785184538.7205029,1785184538.7208712,1785184542.0454743,1785184542.7698312,,,
block1-000398,3054.5729697914794,3538.4752807440236,38,10.0,3054.417012957856,3538.3193239104003,0.15595683362334967,block1:s2,gated_rule_c,mixed,1785184538.9527607,1785184538.952917,1785184542.0073428,1785184542.4912453,,,
block1-000399,2691.4140079170465,3210.461525944993,37,217.5,2690.967226983048,3210.0147450109944,0.44678093399852514,block1:s2,gated_rule_c,mixed,1785184539.334089,1785184539.3345366,1785184542.0255127,1785184542.5445604,,,
block1-000400,2398.0927920201793,5341.353713069111,125,280.0,2396.622732980177,5339.883654029109,1.4700590400025249,block1:zero_tool,gated_rule_c,mixed,1785184539.442121,1785184539.4435916,1785184541.8402228,1785184544.783484,,,
block1-000401,2620.308313984424,3187.454219092615,33,307.5,2620.034137973562,3187.180043081753,0.27417601086199284,block1:s3,gated_rule_c,mixed,1785184539.5265543,1785184539.5268292,1785184542.1468742,1785184542.7140195,,,
block1-000402,2216.7154574999586,6019.926071516238,161,47.5,2216.365253087133,6019.575867103413,0.3502044128254056,block1:zero_tool,gated_rule_c,mixed,1785184539.790698,1785184539.7910485,1785184542.007422,1785184545.8106325,,,
block1-000403,2667.515183798969,13896.701404708438,453,550.0,2666.622586082667,13895.808806992136,0.8925977163016796,block1:zero_tool,gated_rule_c,mixed,1785184539.9276032,1785184539.9284961,1785184542.5951276,1785184553.8243136,,,
block1-000404,2553.596126846969,6481.47184390109,163,17.5,2551.6107799485326,6479.486497002654,1.9853468984365463,block1:zero_tool,gated_rule_c,mixed,1785184540.045039,1785184540.0470247,1785184542.598644,1785184546.5265203,,,
block1-000405,3090.5684081371874,3869.1886101150885,48,12.5,3090.4044259805232,3869.0246279584244,0.16398215666413307,block1:s3,gated_rule_c,mixed,1785184540.0687487,1785184540.068913,1785184543.159324,1785184543.9379442,,,
block1-000406,3068.5562945436686,3653.634420596063,43,395.0,3068.181687965989,3653.2598140183836,0.3746065776795149,block1:s3,gated_rule_c,mixed,1785184540.1507998,1785184540.1511745,1785184543.2193644,1785184543.8044426,,,
block1-000407,2760.7666194671765,3472.3434124607593,43,105.0,2758.7567509617656,3470.3335439553484,2.00986850541085,block1:s3,gated_rule_c,mixed,1785184540.2586627,1785184540.2606733,1785184543.0194395,1785184543.731015,,,
block1-000408,3793.7269537942484,4534.3023327877745,48,17.5,3792.9831399815157,4533.558518975042,0.7438138127326965,block1:s4,gated_rule_c,mixed,1785184540.4353921,1785184540.4361367,1785184544.2291331,1785184544.969708,,,
block1-000409,3575.4150095162913,4265.919847530313,48,155.0,3574.6451560407877,4265.149994054809,0.7698534755036235,block1:s4,gated_rule_c,mixed,1785184540.5918858,1785184540.5926564,1785184544.1673117,1785184544.8578157,,,
block1-000410,3468.5196698410437,4195.095217903145,48,287.5,3468.03910296876,4194.614651030861,0.48056687228381634,block1:s4,gated_rule_c,mixed,1785184540.7202168,1785184540.7206979,1785184544.1887462,1785184544.9153218,,,
block1-000411,2339.8537803441286,3151.0983393527567,48,15.0,2338.319377042353,3149.5639360509813,1.5344033017754555,block1:s4,gated_rule_c,mixed,1785184540.839747,1785184540.8412817,1785184543.1796093,1785184543.9908533,,,
block1-000412,2299.114514491521,3058.8599344482645,48,287.5,2298.9180540898815,3058.663474046625,0.1964604016393423,block1:s4,gated_rule_c,mixed,1785184541.4317646,1785184541.4319613,1785184543.7308893,1785184544.4906344,,,
block1-000413,2201.0041235480458,3000.0512986443937,48,117.5,2200.2867209957913,2999.333896092139,0.717402552254498,block1:s4,gated_rule_c,mixed,1785184542.125054,1785184542.1257715,1785184544.3260682,1785184545.1251156,,,
block1-000414,1779.8532313900068,5797.972210450098,167,115.0,1779.6864579431713,5797.805437003262,0.1667734468355775,block1:zero_tool,gated_rule_c,mixed,1785184542.2654047,1785184542.265573,1785184544.0452712,1785184548.0633903,,,
block1-000415,2023.4447540715337,5686.279152985662,147,135.0,2022.7892700349912,5685.62366894912,0.6554840365424752,block1:zero_tool,gated_rule_c,mixed,1785184542.523947,1785184542.5246027,1785184544.5474021,1785184548.210237,,,
block1-000416,1725.0385435763747,7128.086523618549,218,282.5,1723.9923810120672,7127.040361054242,1.0461625643074512,block1:zero_tool,gated_rule_c,mixed,1785184543.035615,1785184543.0366623,1785184544.7606692,1785184550.163717,,,
block1-000417,1795.7644200650975,5287.506698048674,138,152.5,1794.8648510500789,5286.607129033655,0.899569015018642,block1:zero_tool,gated_rule_c,mixed,1785184543.041461,1785184543.042361,1785184544.837233,1785184548.328976,,,
block1-000418,2185.2582634892315,2667.239851434715,36,20.0,2183.9674890507013,2665.949076996185,1.2907744385302067,block1:s1,gated_rule_c,mixed,1785184543.0776005,1785184543.0788927,1785184545.2628758,1785184545.7448578,,,
block1-000419,1649.6169437887147,5302.218812867068,147,357.5,1649.2069519590586,5301.808821037412,0.4099918296560645,block1:zero_tool,gated_rule_c,mixed,1785184543.32034,1785184543.32075,1785184544.9699643,1785184548.6225662,,,
block1-000420,1947.0856646075845,2510.295141604729,36,357.5,1946.3234250433743,2509.532902040519,0.7622395642101765,block1:s1,gated_rule_c,mixed,1785184543.39472,1785184543.395483,1785184545.3418164,1785184545.9050262,,,
block1-000421,1583.5160838905722,3025.644605862908,61,15.0,1581.9344449555501,3024.062966927886,1.581638935022056,block1:s1,gated_rule_c,mixed,1785184543.6033955,1785184543.6049778,1785184545.1869228,1785184546.6290512,,,
block1-000422,1795.8256552228704,2469.424535171129,36,287.5,1795.5115860095248,2469.110465957783,0.31406921334564686,block1:s1,gated_rule_c,mixed,1785184543.626919,1785184543.6272337,1785184545.4227552,1785184546.0963542,,,
block1-000423,2333.953668596223,2872.049950645305,34,412.5,2332.856663968414,2870.9529460174963,1.0970046278089285,block1:s1,gated_rule_c,mixed,1785184543.819821,1785184543.8209183,1785184546.1537862,1785184546.6918833,,,
block1-000424,2312.550117261708,2984.6001693513244,37,117.5,2310.625326936133,2982.67537902575,1.9247903255745769,block1:s2,gated_rule_c,mixed,1785184543.8641655,1785184543.8660913,1785184546.176727,1785184546.848777,,,
block1-000425,2298.3816516352817,2942.410100600682,38,155.0,2296.333597972989,2940.3620469383895,2.0480536622926593,block1:s2,gated_rule_c,mixed,1785184544.0031354,1785184544.0051835,1785184546.3015263,1785184546.9455545,,,
block1-000426,2074.3464851984754,6136.6259172791615,165,12.5,2072.498445981182,6134.777878061868,1.8480392172932625,block1:zero_tool,gated_rule_c,mixed,1785184544.0826414,1785184544.0844898,1785184546.156998,1785184550.2192786,,,
block1-000427,2421.34640191216,6226.407500915229,155,320.0,2421.0606499109417,6226.121748914011,0.28575200121849775,block1:zero_tool,gated_rule_c,mixed,1785184544.2072113,1785184544.2074971,1785184546.6285665,1785184550.4336276,,,
block1-000428,2778.537669335492,3263.3896552724764,35,115.0,2778.0375980073586,3262.889583944343,0.5000713281333447,block1:s2,gated_rule_c,mixed,1785184544.216561,1785184544.217062,1785184546.995109,1785184547.4799616,,,
block1-000429,2771.44885470625,3451.2923266738653,41,115.0,2770.875032991171,3450.718504958786,0.573821715079248,block1:s2,gated_rule_c,mixed,1785184544.2232103,1785184544.2237844,1785184546.994665,1785184547.6745086,,,
block1-000430,2882.0046359905973,3387.5806499272585,38,110.0,2881.5632740734145,3387.1392880100757,0.44136191718280315,block1:s2,gated_rule_c,mixed,1785184544.234131,1785184544.234573,1785184547.116147,1785184547.6217232,,,
block1-000431,2976.3714318396524,3548.8519578939304,37,10.0,2975.5446340423077,3548.0251600965858,0.826797797344625,block1:s2,gated_rule_c,mixed,1785184544.2397614,1785184544.2405882,1785184547.2161415,1785184547.7886221,,,
block1-000432,2638.2762467255816,5591.166521771811,125,10.0,2638.0066759884357,5590.896951034665,0.2695707371458411,block1:zero_tool,gated_rule_c,mixed,1785184544.4062037,1785184544.4064739,1785184547.044491,1785184549.9973817,,,
block1-000433,2937.389057362452,3741.3145353784785,48,105.0,2936.2750399159268,3740.200517931953,1.114017446525395,block1:s3,gated_rule_c,mixed,1785184544.4177718,1785184544.418886,1785184547.3551688,1785184548.159094,,,
block1-000434,2992.0982398325577,7159.833146841265,173,135.0,2991.4825609885156,7159.217467997223,0.6156788440421224,block1:zero_tool,gated_rule_c,mixed,1785184544.5489242,1785184544.54954,1785184547.541033,1785184551.7087677,,,
block1-000435,4032.104109530337,4854.066348518245,48,172.5,4031.737394980155,4853.699633968063,0.3667145501822233,block1:s3,gated_rule_c,mixed,1785184544.687741,1785184544.6881082,1785184548.7198558,1785184549.5418186,,,
block1-000436,3949.7274319874123,16336.484224069864,510,85.0,3949.298096005805,16336.054888088256,0.42933598160743713,block1:zero_tool,gated_rule_c,mixed,1785184544.7301948,1785184544.730625,1785184548.679933,1785184561.0666902,,,
block1-000437,4158.028461039066,7544.504495104775,141,132.5,4157.198210945353,7543.674245011061,0.8302500937134027,block1:zero_tool,gated_rule_c,mixed,1785184544.797982,1785184544.7988124,1785184548.9560187,1785184552.342495,,,
block1-000438,3278.8000166183338,4005.539144622162,46,10.0,3278.4386639250442,4005.1777919288725,0.36135269328951836,block1:s3,gated_rule_c,mixed,1785184544.8357394,1785184544.8361013,1785184548.1145492,1785184548.8412888,,,
block1-000439,2982.5346261495724,3819.204631145112,48,395.0,2982.1790440473706,3818.8490490429103,0.355582102201879,block1:s3,gated_rule_c,mixed,1785184545.0815291,1785184545.081885,1785184548.0640733,1785184548.9007437,,,
block1-000440,4293.653264292516,5058.270259294659,48,85.0,4292.573862010613,5057.190857012756,1.0794022819027305,block1:s4,gated_rule_c,mixed,1785184545.161307,1785184545.162388,1785184549.4549747,1785184550.2195916,,,
block1-000441,3466.381637379527,6641.977478400804,130,95.0,3465.261696022935,6640.857537044212,1.1199413565918803,block1:zero_tool,gated_rule_c,mixed,1785184545.892027,1785184545.8931477,1785184549.3584182,1785184552.5340142,,,
block1-000442,3578.135578078218,7380.566824111156,154,545.0,3577.064537908882,7379.49578394182,1.0710401693359017,block1:zero_tool,gated_rule_c,mixed,1785184545.9337819,1785184545.9348533,1785184549.511928,1785184553.3143597,,,
block1-000443,2600.111795589328,3355.9725175146013,48,10.0,2599.7163250576705,3355.577046982944,0.39547053165733814,block1:s4,gated_rule_c,mixed,1785184545.9411612,1785184545.9415567,1785184548.5412793,1785184549.29714,,,
block1-000444,2529.9698014277965,3327.0797134609893,49,17.5,2529.450681991875,3326.560594025068,0.5191194359213114,block1:s4,gated_rule_c,mixed,1785184546.07152,1785184546.0720406,1785184548.6015089,1785184549.398619,,,
block1-000445,3126.58386642579,3895.7152254879475,48,12.5,3126.0895599843934,3895.220919046551,0.49430644139647484,block1:s4,gated_rule_c,mixed,1785184546.170653,1785184546.1711476,1785184549.2972472,1785184550.0663788,,,
block1-000446,2163.5474198265,2996.0524977650493,49,152.5,2163.1177850067616,2995.6228629453108,0.4296348197385669,block1:s4,gated_rule_c,mixed,1785184546.4591062,1785184546.4595368,1785184548.6226654,1785184549.4551706,,,
block1-000447,1542.8773608291522,2307.6691029127687,48,17.5,1541.4735119557008,2306.2652540393174,1.4038488734513521,block1:s4,gated_rule_c,mixed,1785184546.717767,1785184546.7191722,1785184548.2606595,1785184549.0254517,,,
block1-000448,2669.448903761804,5443.140523741022,117,105.0,2668.131746002473,5441.823365981691,1.3171577593311667,block1:zero_tool,gated_rule_c,mixed,1785184546.8463705,1785184546.847688,1785184549.515828,1785184552.2895205,,,
block1-000449,2690.301400027238,4231.604406028055,69,172.5,2690.06861501839,4231.371621019207,0.23278500884771347,block1:s1,gated_rule_c,mixed,1785184546.907019,1785184546.9072526,1785184549.5973325,1785184551.1386347,,,
block1-000450,2958.850816707127,8484.79432973545,223,297.5,2956.861524959095,8482.805037987418,1.9892917480319738,block1:zero_tool,gated_rule_c,mixed,1785184547.1074233,1785184547.1094136,1785184550.0662854,1785184555.5922284,,,
block1-000451,3217.057224479504,3724.1689374204725,36,170.0,3215.8693249803036,3722.981037921272,1.1878994992002845,block1:s1,gated_rule_c,mixed,1785184547.1774714,1785184547.1786656,1785184550.3945608,1785184550.9016721,,,
block1-000452,2865.6601461116225,8931.033235159703,251,17.5,2865.3860649792477,8930.759154027328,0.2740811323747039,block1:zero_tool,gated_rule_c,mixed,1785184547.4040897,1785184547.4043646,1785184550.2697604,1785184556.3351336,,,
block1-000453,2725.5461632739753,4213.322465308011,65,135.0,2724.9089259421453,4212.685227976181,0.6372373318299651,block1:s1,gated_rule_c,mixed,1785184547.54873,1785184547.5493672,1785184550.2742877,1785184551.7620645,,,
block1-000454,2480.9606693452224,19969.7531623533,720,117.5,2480.375954997726,19969.168448005803,0.5847143474966288,block1:zero_tool,gated_rule_c,mixed,1785184547.7932603,1785184547.7938457,1785184550.274233,1785184567.7630258,,,
block1-000455,2696.9294134760275,3269.629927468486,33,92.5,2696.6211670078337,3269.3216810002923,0.30824646819382906,block1:s1,gated_rule_c,mixed,1785184547.979517,1785184547.9798257,1785184550.6764557,1785184551.2491555,,,
block1-000456,3173.6459942767397,3744.8673312319443,38,145.0,3172.788509982638,3744.0098469378427,0.8574842941015959,block1:s2,gated_rule_c,mixed,1785184548.190377,1785184548.1912344,1785184551.3640287,1785184551.9352498,,,
block1-000457,2489.757964736782,3227.577587706037,42,60.0,2488.8519709929824,3226.6715939622372,0.9059937437996268,block1:s2,gated_rule_c,mixed,1785184549.0134892,1785184549.0143964,1785184551.503262,1785184552.241081,,,
block1-000458,2035.5955978156999,2866.6703978087753,43,20.0,2034.9525340134278,2866.027334006503,0.6430638022720814,block1:s2,gated_rule_c,mixed,1785184549.5274057,1785184549.528049,1785184551.5630114,1785184552.394086,,,
block1-000459,2480.5042966036126,3239.952092524618,43,22.5,2479.6040430665016,3239.051838987507,0.9002535371109843,block1:s2,gated_rule_c,mixed,1785184549.6376624,1785184549.6385634,1785184552.1181788,1785184552.8776264,,,
block1-000460,2017.161397379823,2776.3594053685665,42,282.5,2016.605146927759,2775.8031549165025,0.5562504520639777,block1:s2,gated_rule_c,mixed,1785184550.101084,1785184550.101641,1785184552.1182568,1785184552.8774557,,,
block1-000461,1990.1352294255048,2789.5752753829584,41,550.0,1989.2610190436244,2788.701065001078,0.8742103818804026,block1:s2,gated_rule_c,mixed,1785184550.1472924,1785184550.1481674,1785184552.137438,1785184552.9368775,,,
block1-000462,1965.2750615496188,2618.1610645726323,38,140.0,1964.9178690742701,2617.8038720972836,0.357192475348711,block1:s2,gated_rule_c,mixed,1785184550.376933,1785184550.377291,1785184552.3422182,1785184552.9951046,,,
block1-000463,2071.679003536701,2737.2896674787626,31,350.0,2071.1137549951673,2736.7244189372286,0.565248541533947,block1:s2,gated_rule_c,mixed,1785184550.4418364,1785184550.4424021,1785184552.5135238,1785184553.1791346,,,
block1-000464,1762.733437353745,5257.159060332924,143,117.5,1760.8926829416305,5255.3183059208095,1.8407544121146202,block1:zero_tool,gated_rule_c,mixed,1785184550.6308017,1785184550.632643,1785184552.3935452,1785184555.8879704,,,
block1-000465,1754.4026316609234,4831.008766661398,126,155.0,1753.8518169894814,4830.457951989956,0.5508146714419127,block1:zero_tool,gated_rule_c,mixed,1785184550.6883264,1785184550.6888776,1785184552.4427414,1785184555.5193484,,,
block1-000466,3230.8900501811877,4007.286185165867,48,322.5,3230.409738025628,4006.8058730103076,0.480312155559659,block1:s3,gated_rule_c,mixed,1785184550.7294443,1785184550.7299254,1785184553.9603457,1785184554.7367413,,,
block1-000467,2580.6084434734657,3293.876398471184,48,135.0,2580.2270750282332,3293.4950300259516,0.38136844523251057,block1:s3,gated_rule_c,mixed,1785184550.8473535,1785184550.8477354,1785184553.4279716,1785184554.1412401,,,
block1-000468,2807.5800674268976,6196.34523242712,142,17.5,2806.714427075349,6195.479592075571,0.8656403515487909,block1:zero_tool,gated_rule_c,mixed,1785184550.9551473,1785184550.9560142,1785184553.7627409,1785184557.1515064,,,
block1-000469,1745.8218855317682,2562.387608573772,43,92.5,1744.9247470358387,2561.4904700778425,0.8971384959295392,block1:s3,gated_rule_c,mixed,1785184550.9866781,1785184550.9875762,1785184552.732511,1785184553.5490766,,,
block1-000470,1509.0201980201527,2095.94878309872,43,297.5,1508.1695549888536,2095.098140067421,0.8506430312991142,block1:s3,gated_rule_c,mixed,1785184551.6089165,1785184551.6097674,1785184553.1179452,1785184553.704874,,,
block1-000471,2175.7417327025905,5194.003842654638,128,17.5,2174.198176013306,5192.460285965353,1.5435566892847419,block1:zero_tool,gated_rule_c,mixed,1785184551.705004,1785184551.706548,1785184553.8807557,1785184556.8990188,,,
block1-000472,1646.5141660301015,2360.0692090112716,48,395.0,1645.3512499574572,2358.9062929386273,1.1629160726442933,block1:s4,gated_rule_c,mixed,1785184551.7813966,1785184551.7825606,1785184553.4279308,1785184554.141485,,,
block1-000473,2066.831737407483,4886.909064371139,122,395.0,2065.899707027711,4885.977033991367,0.9320303797721863,block1:zero_tool,gated_rule_c,mixed,1785184551.8138592,1785184551.8147922,1785184553.8807018,1785184556.700779,,,
block1-000474,2413.097804877907,6821.591479820199,184,307.5,2412.8783639753237,6821.372038917616,0.21944090258330107,block1:zero_tool,gated_rule_c,mixed,1785184551.8448129,1785184551.8450325,1785184554.25792,1785184558.6664143,,,
block1-000475,1414.3709108466282,2165.3257238212973,48,132.5,1413.5921490378678,2164.546962012537,0.7787618087604642,block1:s4,gated_rule_c,mixed,1785184552.0335858,1785184552.0343654,1785184553.447968,1785184554.1989226,,,
block1-000476,1563.773086760193,2342.599112773314,48,117.5,1563.4086970239878,2342.234723037109,0.36438973620533943,block1:s4,gated_rule_c,mixed,1785184552.0593784,1785184552.059743,1785184553.6231601,1785184554.401986,,,
block1-000477,1414.992278907448,2177.923607872799,48,15.0,1414.1946049639955,2177.1259339293465,0.7976739434525371,block1:s4,gated_rule_c,mixed,1785184552.3429606,1785184552.3437586,1785184553.757963,1785184554.5208943,,,
block1-000478,857.3283916339278,1645.8793826168403,48,572.5,857.0149090373889,1645.5659000203013,0.31348259653896093,block1:s4,gated_rule_c,mixed,1785184552.611655,1785184552.611969,1785184553.468994,1785184554.2575445,,,
block1-000479,1867.5265435595065,2544.704548548907,48,17.5,1866.482464945875,2543.6604699352756,1.0440786136314273,block1:s4,gated_rule_c,mixed,1785184552.7476387,1785184552.7486827,1785184554.6151755,1785184555.2923536,,,
block1-000480,1648.454237030819,2269.5221970789135,43,52.5,1648.1815299484879,2269.2494899965823,0.2727070823311806,block1:s1,gated_rule_c,mixed,1785184552.927564,1785184552.927837,1785184554.5760272,1785184555.1970956,,,
block1-000481,1208.6587974335998,2774.4303974322975,69,47.5,1207.606128999032,2773.3777289977297,1.0526684345677495,block1:s1,gated_rule_c,mixed,1785184553.1129725,1785184553.1140258,1785184554.321642,1785184555.8874142,,,
block1-000482,1575.0742520904168,2230.2428281400353,43,15.0,1574.904587934725,2230.0731639843434,0.1696641556918621,block1:s1,gated_rule_c,mixed,1785184553.1411302,1785184553.1413007,1785184554.7162173,1785184555.3713858,,,
block1-000483,1603.785240324214,2138.589540263638,40,105.0,1603.1375100137666,2137.9418099531904,0.6477303104475141,block1:s1,gated_rule_c,mixed,1785184553.2921932,1785184553.2928414,1785184554.8959885,1785184555.430793,,,
block1-000484,1450.9134914260358,7036.19815944694,238,350.0,1449.9809480039403,7035.265616024844,0.9325434220954776,block1:zero_tool,gated_rule_c,mixed,1785184553.344742,1785184553.345676,1785184554.7956696,1785184560.3809543,,,
block1-000485,1608.699572389014,3056.496548349969,62,155.0,1607.698214938864,3055.495190899819,1.0013574501499534,block1:s1,gated_rule_c,mixed,1785184553.6436133,1785184553.6446154,1785184555.2523222,1785184556.7001197,,,
block1-000486,906.8514686077833,2546.6573756420985,67,60.0,905.9157699812204,2545.7216770155355,0.935698626562953,block1:s1,gated_rule_c,mixed,1785184554.4452808,1785184554.4462173,1785184555.3521457,1785184556.991951,,,
block1-000487,948.0880273040384,6075.361430295743,217,92.5,947.8783749509603,6075.151777942665,0.2096523530781269,block1:zero_tool,gated_rule_c,mixed,1785184554.4828048,1785184554.4830148,1785184555.4309015,1785184560.5581753,,,
block1-000488,1270.6191600300372,1950.6342430831864,41,17.5,1270.0909549603239,1950.1060380134732,0.5282050697132945,block1:s2,gated_rule_c,mixed,1785184554.5154016,1785184554.5159304,1785184555.786031,1785184556.4660466,,,
block1-000489,998.7658942118287,3265.384127269499,95,322.5,998.2067550299689,3264.824988087639,0.5591391818597913,block1:zero_tool,gated_rule_c,mixed,1785184554.5740685,1785184554.5746286,1785184555.572845,1785184557.839463,,,
block1-000490,940.6873033149168,1463.3614383637905,36,17.5,940.1516249636188,1462.8257600124925,0.5356783512979746,block1:s2,gated_rule_c,mixed,1785184554.947352,1785184554.9478884,1785184555.8880484,1785184556.410723,,,
block1-000491,887.0671787299216,10251.366194686852,385,15.0,886.2000840017572,10250.499099958688,0.8670947281643748,block1:zero_tool,gated_rule_c,mixed,1785184555.0567672,1785184555.057635,1785184555.9438434,1785184565.308143,,,
block1-000492,806.1054759891704,6312.8181480569765,228,60.0,804.9800229491666,6311.692695016973,1.1254530400037766,block1:zero_tool,gated_rule_c,mixed,1785184555.1375363,1785184555.1386628,1785184555.943657,1785184561.4503696,,,
block1-000493,1245.012132334523,2073.6819633748382,41,357.5,1244.0620069392025,2072.731837979518,0.9501253953203559,block1:s2,gated_rule_c,mixed,1785184555.3947892,1785184555.3957407,1785184556.6398156,1785184557.468485,,,
block1-000494,1096.4216463034973,1729.0815482847393,36,95.0,1096.1122550070286,1728.7721569882706,0.30939129646867514,block1:s2,gated_rule_c,mixed,1785184555.6638122,1785184555.664122,1785184556.7602444,1785184557.3929043,,,
block1-000495,629.8391992459074,8623.836804297753,328,12.5,629.0183289675042,8623.01593401935,0.820870278403163,block1:zero_tool,gated_rule_c,mixed,1785184555.8913724,1785184555.8921936,1785184556.5212202,1785184564.515218,,,
block1-000496,908.6289331316948,1518.1031951215118,32,820.0,907.0067430147901,1516.4810050046071,1.622190116904676,block1:s3,gated_rule_c,mixed,1785184556.0834014,1785184556.0850248,1785184556.9920433,1785184557.601518,,,
block1-000497,1050.384336267598,1810.976586304605,48,60.0,1048.8185120048001,1809.4107620418072,1.5658242627978325,block1:s3,gated_rule_c,mixed,1785184556.179428,1785184556.1809945,1785184557.2298245,1785184557.990416,,,
block1-000498,1114.070069277659,1676.6496152849868,38,12.5,1113.1806230405346,1675.7601690478623,0.8894462371245027,block1:s3,gated_rule_c,mixed,1785184556.2580318,1785184556.258922,1785184557.372114,1785184557.934693,,,
block1-000499,1442.217011936009,2218.657928868197,48,15.0,1440.6665720744058,2217.107489006594,1.5504398616030812,block1:s3,gated_rule_c,mixed,1785184556.3527856,1785184556.3543363,1785184557.7950103,1785184558.571452,,,
block1-000500,1072.2232674015686,4677.317921305075,153,20.0,1071.7991950223222,4676.893848925829,0.4240723792463541,block1:zero_tool,gated_rule_c,mixed,1785184556.448705,1785184556.4491296,1785184557.5209377,1785184561.1260319,,,
block1-000501,1205.3185136755928,4193.692452623509,131,15.0,1204.666203004308,4193.040141952224,0.6523106712847948,block1:zero_tool,gated_rule_c,mixed,1785184556.450071,1785184556.4507236,1785184557.6553977,1785184560.6437724,,,
block1-000502,1183.9163138065487,6657.848296803422,225,187.5,1183.0599009990692,6656.991883995943,0.8564128074795008,block1:zero_tool,gated_rule_c,mixed,1785184556.7102025,1785184556.7110596,1785184557.8941286,1785184563.3680606,,,
block1-000503,635.1287942379713,1420.3776712529361,48,10.0,634.0627609752119,1419.3116379901767,1.066033262759447,block1:s3,gated_rule_c,mixed,1785184556.7166054,1785184556.7176716,1785184557.351741,1785184558.1369903,,,
block1-000504,1101.4043218456209,4006.0215308330953,128,217.5,1101.1011769296601,4005.7183859171346,0.3031449159607291,block1:zero_tool,gated_rule_c,mixed,1785184556.944973,1785184556.9452772,1785184558.0463915,1785184560.9510098,,,
block1-000505,482.720504864119,1257.3389348108321,48,12.5,481.3370460178703,1255.9554759645835,1.3834588462486863,block1:s4,gated_rule_c,mixed,1785184557.0981474,1785184557.0995312,1785184557.5808775,1785184558.3554964,,,
block1-000506,1247.4660313455388,1957.5393632985651,48,115.0,1245.5796459689736,1955.652977922,1.8863853765651584,block1:s4,gated_rule_c,mixed,1785184557.1638293,1785184557.165716,1785184558.4113042,1785184559.121378,,,
block1-000507,1284.3039762228727,2020.6796842394397,48,12.5,1283.6632520193234,2020.0389600358903,0.6407242035493255,block1:s4,gated_rule_c,mixed,1785184557.2466395,1785184557.2472816,1785184558.530962,1785184559.2673373,,,
block1-000508,870.4449747456238,4645.093385712244,158,320.0,870.05174101796,4644.70015198458,0.3932337276637554,block1:zero_tool,gated_rule_c,mixed,1785184557.5408037,1785184557.5411975,1785184558.4112594,1785184562.1859076,,,
block1-000509,1191.560665727593,1894.2272047279403,48,412.5,1190.8170820679516,1893.4836210682988,0.7435836596414447,block1:s4,gated_rule_c,mixed,1785184557.7891939,1785184557.7899384,1785184558.9807665,1785184559.6834333,,,
block1-000510,1024.153444217518,1743.5002542333677,48,217.5,1022.7885360363871,1742.1353460522369,1.364908181130886,block1:s4,gated_rule_c,mixed,1785184558.016268,1785184558.0176334,1785184559.040431,1785184559.7597785,,,
block1-000511,1499.5711571536958,2197.0848471391946,48,187.5,1498.4784659463912,2195.99215593189,1.092691207304597,block1:s4,gated_rule_c,mixed,1785184558.1422062,1785184558.1432996,1785184559.6417882,1785184560.339302,,,
block1-000512,1299.4384071789682,1932.2418181691319,43,297.5,1299.1668609902263,1931.97027198039,0.2715461887419224,block1:s1,gated_rule_c,mixed,1785184558.1627486,1785184558.1630204,1785184559.4621935,1785184560.0949967,,,
block1-000513,1466.444864985533,3105.9358780039474,66,70.0,1465.3498929692432,3104.8409059876576,1.0949720162898302,block1:s1,gated_rule_c,mixed,1785184558.2727277,1785184558.2738237,1785184559.7391856,1785184561.3786764,,,
block1-000514,1615.6492596492171,2325.2424056408927,43,95.0,1614.6893040277064,2324.282450019382,0.9599556215107441,block1:s1,gated_rule_c,mixed,1785184558.4382641,1785184558.4392254,1785184560.0539296,1785184560.7635236,,,
block1-000515,1793.0948518915102,2609.6102588344365,45,395.0,1791.7709019966424,2608.2863089395687,1.3239498948678374,block1:s1,gated_rule_c,mixed,1785184558.6843832,1785184558.6857073,1785184560.477487,1785184561.2940023,,,
block1-000516,1928.4735127585009,2681.8162897834554,39,20.0,1928.0340239638463,2681.376800988801,0.4394887946546078,block1:s1,gated_rule_c,mixed,1785184558.767909,1785184558.7683496,1785184560.6963956,1785184561.4497375,,,
block1-000517,1620.866924757138,12292.42022370454,439,100.0,1619.7582749882713,12291.311573935673,1.1086497688665986,block1:zero_tool,gated_rule_c,mixed,1785184558.816308,1785184558.8174176,1785184560.4371896,1785184571.1087427,,,
block1-000518,1734.6768926363438,3520.5259015783668,66,60.0,1733.748021069914,3519.597030011937,0.9288715664297342,block1:s1,gated_rule_c,mixed,1785184558.886357,1785184558.887287,1785184560.6210442,1785184562.406893,,,
block1-000519,943.9091719686985,8177.888356964104,297,15.0,943.2896939106286,8177.268878906034,0.6194780580699444,block1:zero_tool,gated_rule_c,mixed,1785184559.755038,1785184559.7556593,1785184560.6989672,1785184567.932947,,,
block1-000520,1233.7168417870998,1846.0202628048137,34,85.0,1233.3809729898348,1845.6843940075487,0.3358687972649932,block1:s2,gated_rule_c,mixed,1785184559.9447954,1785184559.9451318,1785184561.1785216,1785184561.7908251,,,
block1-000521,1359.579362673685,1939.7889426909387,38,117.5,1358.6746319197118,1938.8842119369656,0.9047307539731264,block1:s2,gated_rule_c,mixed,1785184560.0905542,1785184560.0914605,1785184561.450146,1785184562.0303562,,,
block1-000522,1130.6635211221874,1711.290258099325,36,357.5,1129.840667010285,1710.4674039874226,0.8228541119024158,block1:s2,gated_rule_c,mixed,1785184560.3195477,1785184560.3203712,1785184561.4502213,1785184562.0308483,,,
block1-000523,1211.498019983992,1947.2252330742776,43,70.0,1211.1255469499156,1946.8527600402012,0.37247303407639265,block1:s2,gated_rule_c,mixed,1785184560.3563766,1785184560.3567493,1785184561.5678835,1785184562.3036106,,,
block1-000524,1214.250959106721,1792.3061160836369,35,115.0,1213.4174390230328,1791.4725959999487,0.8335200836881995,block1:s2,gated_rule_c,mixed,1785184560.4546633,1785184560.455497,1785184561.6689253,1785184562.24698,,,
block1-000525,924.0908018546179,5236.361931893043,177,15.0,922.3836049204692,5234.654734958895,1.7071969341486692,block1:zero_tool,gated_rule_c,mixed,1785184560.5044227,1785184560.5061302,1785184561.428525,1785184565.7407954,,,
block1-000526,1200.009044725448,1878.7705797003582,36,20.0,1199.8378139687702,1878.5993489436805,0.17123075667768717,block1:s2,gated_rule_c,mixed,1785184560.5903788,1785184560.5905502,1785184561.7903976,1785184562.4691586,,,
block1-000527,804.5837177196518,1641.1276096478105,37,110.0,804.07902400475,1640.6229159329087,0.5046937149018049,block1:s2,gated_rule_c,mixed,1785184560.8841522,1785184560.8846579,1785184561.688749,1785184562.5252934,,,
block1-000528,1614.9958277819678,2270.2054968103766,48,52.5,1614.4297489663586,2269.6394179947674,0.5660788156092167,block1:s3,gated_rule_c,mixed,1785184560.9956985,1785184560.9962647,1785184562.610704,1785184563.2659142,,,
block1-000529,835.5254805646837,5271.747030550614,182,10.0,834.9152939626947,5271.136843948625,0.6101866019889712,block1:zero_tool,gated_rule_c,mixed,1785184561.009556,1785184561.0101671,1785184561.8450923,1785184566.281314,,,
block1-000530,1034.622602746822,4941.0383206559345,161,75.0,1034.3446680344641,4940.760385943577,0.2779347123578191,block1:zero_tool,gated_rule_c,mixed,1785184561.0716043,1785184561.0718822,1785184562.1062346,1785184566.01265,,,
block1-000531,1566.6709044016898,2385.40506537538,48,20.0,1566.3237830158323,2385.0579439895228,0.3471213858574629,block1:s3,gated_rule_c,mixed,1785184561.3318512,1785184561.3321984,1785184562.8985302,1785184563.717265,,,
block1-000532,943.758885608986,5160.263590631075,176,322.5,943.2646740460768,5159.769379068166,0.4942115629091859,block1:zero_tool,gated_rule_c,mixed,1785184561.359977,1785184561.3604712,1785184562.3037415,1785184566.5202463,,,
block1-000533,1239.80263620615,1945.3709442168474,48,320.0,1239.4386780215427,1945.00698603224,0.363958184607327,block1:s3,gated_rule_c,mixed,1785184561.5181482,1785184561.5185127,1785184562.7579613,1785184563.4635286,,,
block1-000534,1017.6899932557717,1559.25942317117,43,152.5,1016.9293431099504,1558.4987730253488,0.7606501458212733,block1:s3,gated_rule_c,mixed,1785184561.9041014,1785184561.9048629,1785184562.9218028,1785184563.4633722,,,
block1-000535,565.0704726576805,1300.4433496389538,48,170.0,564.5376320462674,1299.9105090275407,0.5328406114131212,block1:s3,gated_rule_c,mixed,1785184562.2135985,1785184562.2141316,1785184562.7786772,1785184563.51405,,,
block1-000536,975.1330419676378,5015.793762053363,170,115.0,974.6163919335231,5015.277112019248,0.5166500341147184,block1:zero_tool,gated_rule_c,mixed,1785184562.3535457,1785184562.3540626,1785184563.3286881,1785184567.3693495,,,
block1-000537,495.9649193333462,1279.9110293854028,48,10.0,494.9204820441082,1278.8665920961648,1.044437289237976,block1:s4,gated_rule_c,mixed,1785184562.382536,1785184562.3835807,1785184562.878509,1785184563.662455,,,
block1-000538,1319.083909271285,2041.6558262659237,48,12.5,1318.4689150657505,2041.0408320603892,0.6149942055344582,block1:s4,gated_rule_c,mixed,1785184562.5966544,1785184562.5972707,1785184563.9157495,1785184564.6383219,,,
block1-000539,1298.1666745617986,2020.7476816140115,48,115.0,1297.1527399495244,2019.7337470017374,1.01393461227417,block1:s4,gated_rule_c,mixed,1785184562.617821,1785184562.618835,1785184563.915995,1785184564.6385758,,,
block1-000540,966.7711047222838,1686.3918147282675,49,322.5,966.0393189406022,1685.660028946586,0.7317857816815376,block1:s4,gated_rule_c,mixed,1785184562.8890543,1785184562.8897865,1785184563.855834,1785184564.5754545,,,
block1-000541,607.0791855454445,3622.934080543928,128,17.5,606.7733250092715,3622.628220007755,0.30586053617298603,block1:zero_tool,gated_rule_c,mixed,1785184562.9926124,1785184562.992919,1785184563.5997021,1785184566.6155577,,,
block1-000542,457.46590418275446,1221.0813432466239,48,20.0,456.8501180037856,1220.465557067655,0.6157861789688468,block1:s4,gated_rule_c,mixed,1785184563.578647,1785184563.5792634,1785184564.0361218,1785184564.7997375,,,
block1-000543,436.3145875977352,1209.9076895974576,48,545.0,436.10647798050195,1209.6995799802244,0.20810961723327637,block1:s4,gated_rule_c,mixed,1785184564.0202637,1785184564.0204725,1785184564.4565887,1785184565.2301822,,,
block1-000544,108.46938914619386,4676.291995216161,193,287.5,108.07736101560295,4675.89996708557,0.3920281305909157,block1:zero_tool,gated_rule_c,mixed,1785184564.4666173,1785184564.4670095,1785184564.5750957,1785184569.1429179,,,
block1-000545,109.94996479712427,1678.7464007502422,66,15.0,108.89548505656421,1677.6919210096821,1.0544797405600548,block1:s1,gated_rule_c,mixed,1785184564.5284755,1785184564.52953,1785184564.638433,1785184566.2072296,,,
block1-000546,489.2115871189162,1164.1243341146037,44,10.0,488.0045260069892,1162.9172730026767,1.2070611119270325,block1:s1,gated_rule_c,mixed,1785184564.5391054,1785184564.5403128,1785184565.0283248,1785184565.7032375,,,
block1-000547,429.55816397443414,950.9811110328883,40,20.0,428.53224696591496,949.9551940243691,1.0259170085191727,block1:s1,gated_rule_c,mixed,1785184564.699485,1785184564.7005115,1785184565.1290526,1785184565.6504757,,,
block1-000548,354.6772518893704,1063.7910139048472,42,282.5,354.1129039367661,1063.226665952243,0.5643479526042938,block1:s1,gated_rule_c,mixed,1785184564.7943177,1785184564.7948828,1785184565.1490057,1785184565.8581195,,,
block1-000549,240.6367101939395,1711.5890651475638,61,485.0,240.1603580219671,1711.1127129755914,0.476352171972394,block1:s1,gated_rule_c,mixed,1785184565.0450926,1785184565.0455713,1785184565.285748,1785184566.7567008,,,
block1-000550,284.3584251822904,4737.91743919719,190,20.0,283.19381398614496,4736.752828001045,1.1646111961454153,block1:zero_tool,gated_rule_c,mixed,1785184565.0815878,1785184565.0827527,1785184565.3659544,1785184569.819513,,,
block1-000551,429.85691828653216,3888.4240152547136,146,17.5,428.7696050014347,3887.336701969616,1.0873132850974798,block1:zero_tool,gated_rule_c,mixed,1785184565.3112917,1785184565.3123794,1785184565.7411585,1785184569.1997256,,,
block1-000552,507.608296116814,1191.8021711753681,38,12.5,507.2881759842858,1191.4820510428399,0.32012013252824545,block1:s2,gated_rule_c,mixed,1785184565.5048647,1785184565.5051856,1785184566.0124838,1785184566.6966777,,,
block1-000553,275.32249479554594,2372.4327967502177,92,550.0,274.3601530091837,2371.4704549638554,0.9623417863622308,block1:zero_tool,gated_rule_c,mixed,1785184565.5226603,1785184565.5236232,1785184565.7979891,1785184567.8950994,,,
block1-000554,582.8062412329018,1171.760474331677,37,75.0,582.4283449910581,1171.3825780898333,0.3778962418437004,block1:s2,gated_rule_c,mixed,1785184565.624753,1785184565.6251316,1785184566.2075708,1785184566.7965252,,,
block1-000555,414.5847260951996,2147.5144100841135,78,350.0,413.605964044109,2146.535648033023,0.9787620510905981,block1:s2,gated_rule_c,mixed,1785184565.6720076,1785184565.672987,1785184566.086602,1785184567.819532,,,
block1-000556,830.1344133215025,1400.8354883408174,36,350.0,830.002045026049,1400.703120045364,0.13236829545348883,block1:s2,gated_rule_c,mixed,1785184565.6897905,1785184565.6899235,1785184566.5199373,1785184567.0906384,,,
block1-000557,712.1872272109613,1209.307273151353,38,15.0,710.7836690265685,1207.9037149669603,1.4035581843927503,block1:s2,gated_rule_c,mixed,1785184565.9604297,1785184565.9618335,1785184566.672627,1785184567.169747,,,
block1-000558,811.2053629010916,1347.3719859030098,38,287.5,810.3487280895934,1346.5153510915115,0.8566348114982247,block1:s2,gated_rule_c,mixed,1785184566.0631795,1785184566.0640364,1785184566.874393,1785184567.4105606,,,
block1-000559,356.1655944213271,8114.138183416799,328,572.5,355.3854050114751,8113.357994006947,0.7801894098520279,block1:zero_tool,gated_rule_c,mixed,1785184566.319724,1785184566.3205047,1785184566.6759,1785184574.433873,,,
block1-000560,446.6833722544834,1127.1992672700435,48,395.0,445.31273702159524,1125.8286320371553,1.3706352328881621,block1:s3,gated_rule_c,mixed,1785184566.9032009,1785184566.904572,1785184567.3498943,1785184568.0304103,,,
block1-000561,80.08406742010266,2838.6493735015392,119,187.5,79.30533494800329,2837.87064102944,0.7787324720993638,block1:zero_tool,gated_rule_c,mixed,1785184567.2098022,1785184567.2105815,1785184567.289898,1785184570.0484636,,,
block1-000562,74.42845613695681,5056.033872184344,208,412.5,73.88421695213765,5055.4896329995245,0.5442391848191619,block1:zero_tool,gated_rule_c,mixed,1785184567.215692,1785184567.2162364,1785184567.2901268,1785184572.2717328,,,
block1-000563,284.38216203358024,1034.2896190704778,41,92.5,282.92347688693553,1032.830933923833,1.4586851466447115,block1:s3,gated_rule_c,mixed,1785184567.4957104,1785184567.4971702,1785184567.7801044,1785184568.5300117,,,
block1-000564,74.585149763152,3187.4780007638037,130,485.0,74.19338496401906,3187.086235964671,0.39176479913294315,block1:zero_tool,gated_rule_c,mixed,1785184567.8204212,1785184567.8208134,1785184567.8950148,1785184571.0079079,,,
block1-000565,463.1368654081598,1228.5553524270654,43,280.0,462.84986194223166,1228.2683489611372,0.2870034659281373,block1:s3,gated_rule_c,mixed,1785184568.2525828,1785184568.25287,1785184568.7157302,1785184569.4811485,,,
block1-000566,665.7915709074587,1240.6225549057126,43,75.0,665.2572030434385,1240.0881870416924,0.5343678640201688,block1:s3,gated_rule_c,mixed,1785184568.2605875,1785184568.261122,1785184568.9263852,1785184569.5012164,,,
block1-000567,366.25492642633617,1149.1343685192987,43,140.0,364.93692093063146,1147.816363023594,1.3180054957047105,block1:s3,gated_rule_c,mixed,1785184568.4301941,1785184568.431513,1785184568.79646,1785184569.5793397,,,
block1-000568,134.23707417678088,3816.384225152433,151,10.0,134.00145096238703,3816.148601938039,0.23562321439385414,block1:zero_tool,gated_rule_c,mixed,1785184568.6353807,1785184568.6356165,1785184568.7696273,1785184572.4517744,,,
block1-000569,550.7678954163566,1244.5055074058473,48,70.0,550.0560069922358,1243.7936189817265,0.7118884241208434,block1:s4,gated_rule_c,mixed,1785184568.6487932,1785184568.649506,1785184569.199575,1785184569.8933127,,,
block1-000570,125.7481036009267,3177.754978532903,130,217.5,125.11250900570303,3177.1193839376792,0.6355945952236652,block1:zero_tool,gated_rule_c,mixed,1785184568.7969549,1785184568.7975905,1785184568.9227123,1785184571.9747195,,,
block1-000571,86.25264279544353,3826.4950327575207,154,10.0,86.0255629522726,3826.2679529143497,0.22707984317094088,block1:zero_tool,gated_rule_c,mixed,1785184568.8400486,1785184568.8402767,1785184568.9263089,1785184572.6665516,,,
block1-000572,478.53365261107683,1241.7339165695012,48,572.5,477.8051159810275,1241.0053799394518,0.7285366300493479,block1:s4,gated_rule_c,mixed,1785184568.9410303,1785184568.9417589,1785184569.4195733,1785184570.1827734,,,
block1-000573,130.32039324752986,4171.612661215477,170,135.0,129.82757401186973,4171.119841979817,0.49281923566013575,block1:zero_tool,gated_rule_c,mixed,1785184569.0742543,1785184569.0747476,1785184569.204585,1785184573.2458775,,,
block1-000574,420.6931666703895,1250.525674666278,48,105.0,419.88709499128163,1249.7196029871702,0.8060716791078448,block1:s4,gated_rule_c,mixed,1785184569.1773996,1785184569.178206,1785184569.598103,1785184570.4279356,,,
block1-000575,568.9141621114686,1244.4254871224985,48,85.0,566.911824978888,1242.4231499899179,2.0023371325805783,block1:s4,gated_rule_c,mixed,1785184569.7048023,1785184569.7068052,1785184570.2737298,1785184570.9492414,,,
block1-000576,460.4612929979339,1141.5013649966568,43,217.5,460.2570029674098,1141.2970749661326,0.20429003052413464,block1:s1,gated_rule_c,mixed,1785184569.9673617,1785184569.967567,1785184570.4278374,1785184571.1088767,,,
block1-000577,141.82945946231484,4532.592172501609,185,485.0,141.5796319488436,4532.3423449881375,0.24982751347124577,block1:zero_tool,gated_rule_c,mixed,1785184570.0188768,1785184570.0191278,1785184570.160718,1785184574.5514798,,,
block1-000578,458.3722148090601,923.6916188383475,36,115.0,457.3157449485734,922.6351489778608,1.0564698604866862,block1:s1,gated_rule_c,mixed,1785184570.0256877,1785184570.0267444,1785184570.4840667,1785184570.949386,,,
block1-000579,94.94695498142391,3850.538589875214,157,412.5,94.3759580841288,3849.9675929779187,0.5709968972951174,block1:zero_tool,gated_rule_c,mixed,1785184570.069222,1785184570.0697932,1785184570.1641777,1785184573.9197693,,,
block1-000580,400.97985474858433,1132.5656647095457,42,50.0,400.1216490287334,1131.7074589896947,0.8582057198509574,block1:s1,gated_rule_c,mixed,1785184570.146847,1785184570.1477056,1785184570.5478356,1785184571.279422,,,
block1-000581,87.11844286881387,3424.51302788686,140,17.5,86.15495194680989,3423.549536964856,0.9634909220039845,block1:zero_tool,gated_rule_c,mixed,1785184570.2799382,1785184570.2809021,1785184570.3670695,1785184573.7044644,,,
block1-000582,160.86666064802557,1743.1054776534438,69,60.0,159.94780999608338,1742.1866270015016,0.9188506519421935,block1:s1,gated_rule_c,mixed,1785184570.3273292,1785184570.3282495,1785184570.4882076,1785184572.0704465,,,
block1-000583,538.062879932113,6888.512642937712,276,60.0,536.2071240087971,6886.6568870143965,1.8557559233158827,block1:zero_tool,gated_rule_c,mixed,1785184570.5247679,1785184570.5266244,1785184571.0628436,1785184577.4132936,,,
block1-000584,646.2994812754914,1268.235401250422,40,155.0,645.4257480800152,1267.3616680549458,0.873733195476234,block1:s2,gated_rule_c,mixed,1785184570.7067633,1785184570.7076383,1785184571.353074,1785184571.9750094,,,
block1-000585,615.6169262249023,1099.8158531729132,38,15.0,614.8865550057963,1099.0854819538072,0.7303712191060185,block1:s2,gated_rule_c,mixed,1785184570.8174825,1785184570.8182135,1785184571.43311,1785184571.9173086,,,
block1-000586,672.2792541841045,1373.0165032902732,43,107.5,671.4796159649268,1372.2168650710955,0.7996382191777229,block1:s2,gated_rule_c,mixed,1785184570.8233645,1785184570.8241644,1785184571.4956515,1785184572.1963882,,,
block1-000587,648.1481149094179,1348.6186768859625,43,22.5,647.8005690732971,1348.2711310498416,0.3475458361208439,block1:s2,gated_rule_c,mixed,1785184570.847573,1785184570.8479216,1785184571.4957314,1785184572.196202,,,
block1-000588,471.9097559573129,1041.5072210598737,35,395.0,470.9666399285197,1040.5641050310805,0.9431160287931561,block1:s2,gated_rule_c,mixed,1785184571.0839648,1785184571.0849082,1785184571.5558887,1785184572.1254866,,,
block1-000589,871.1696639657021,4171.460989979096,141,115.0,870.0313069857657,4170.322632999159,1.1383569799363613,block1:zero_tool,gated_rule_c,mixed,1785184571.1023932,1785184571.1035323,1785184571.973575,1785184575.2738652,,,
block1-000590,502.91801430284977,2105.7227242272347,67,17.5,500.85825799033046,2103.6629679147154,2.059756312519312,block1:s2,gated_rule_c,mixed,1785184571.5452905,1785184571.5473502,1785184572.0482197,1785184573.651024,,,
block1-000591,436.70344294514507,2562.7146479673684,90,17.5,435.24988705758005,2561.2610920798033,1.4535558875650167,block1:zero_tool,gated_rule_c,mixed,1785184571.6115568,1785184571.6130114,1785184572.0482714,1785184574.174283,,,
block1-000592,518.2739021256566,6073.003402212635,242,287.5,517.4474199302495,6072.1769200172275,0.8264821954071522,block1:zero_tool,gated_rule_c,mixed,1785184571.6541455,1785184571.6549726,1785184572.17243,1785184577.727159,,,
block1-000593,294.7654160670936,3191.08162203338,126,60.0,293.876733048819,3190.1929390151054,0.8886830182746053,block1:zero_tool,gated_rule_c,mixed,1785184571.8805919,1785184571.8814816,1785184572.1753726,1785184575.0716894,,,
block1-000594,831.4914806978777,1547.9681177530438,49,85.0,831.22024894692,1547.696886002086,0.2712317509576678,block1:s3,gated_rule_c,mixed,1785184571.8868937,1785184571.887165,1785184572.7183928,1785184573.434869,,,
block1-000595,291.43176227808,11291.866594343446,485,15.0,290.7113479450345,11291.1461800104,0.7204143330454826,block1:zero_tool,gated_rule_c,mixed,1785184571.9804807,1785184571.9812014,1785184572.2719214,1785184583.2723565,,,
block1-000596,606.6581287886947,1320.220988825895,48,10.0,605.8454549638554,1319.4083150010556,0.812673824839294,block1:s3,gated_rule_c,mixed,1785184572.0394175,1785184572.0402315,1785184572.6460907,1785184573.3596535,,,
block1-000597,470.1620736159384,1141.6646396974102,46,187.5,469.07196496613324,1140.574531047605,1.0901086498051882,block1:s3,gated_rule_c,mixed,1785184572.4105914,1785184572.4116821,1785184572.8807642,1785184573.5522661,,,
block1-000598,583.5612528026104,1180.8756337268278,43,155.0,582.8050930285826,1180.1194739528,0.7561597740277648,block1:s3,gated_rule_c,mixed,1785184572.5237176,1785184572.5244744,1785184573.107289,1785184573.7046032,,,
block1-000599,653.2666546991095,1410.9073346480727,43,12.5,652.251175022684,1409.8918549716473,1.015479676425457,block1:s3,gated_rule_c,mixed,1785184572.8988936,1785184572.8999093,1785184573.552172,1785184574.309813,,,
block1-000600,396.28407161217183,4789.233705610968,193,10.0,394.32076399680227,4787.270397995599,1.9633076153695583,block1:zero_tool,gated_rule_c,mixed,1785184573.0170789,1785184573.019043,1785184573.413375,1785184577.806325,,,
block1-000601,372.68970266450197,3965.1104777585715,159,60.0,372.30054498650134,3964.721320080571,0.38915767800062895,block1:zero_tool,gated_rule_c,mixed,1785184573.1172209,1785184573.1176102,1785184573.489921,1785184577.082342,,,
block1-000602,410.60329996980727,3991.2784070475027,158,15.0,409.9969129310921,3990.6720200087875,0.6063870387151837,block1:zero_tool,gated_rule_c,mixed,1785184573.201503,1785184573.20211,1785184573.6121151,1785184577.192791,,,
block1-000603,538.1040433421731,4351.389818359166,170,15.0,537.3253360157833,4350.6111110327765,0.7787073263898492,block1:zero_tool,gated_rule_c,mixed,1785184573.2178557,1785184573.2186353,1785184573.755971,1785184577.5692568,,,
block1-000604,343.06200745049864,3215.4246715363115,130,15.0,342.48466591816396,3214.847330003977,0.5773415323346853,block1:zero_tool,gated_rule_c,mixed,1785184573.416958,1785184573.4175355,1785184573.7600296,1785184576.6323924,,,
block1-000605,1085.3012356674299,1747.7374526206404,48,22.5,1084.664075053297,1747.1002920065075,0.6371606141328812,block1:s4,gated_rule_c,mixed,1785184573.5262823,1785184573.52692,1785184574.611595,1785184575.2740312,,,
block1-000606,221.40680032316595,3914.295228314586,167,60.0,221.27988503780216,3914.168313029222,0.12691528536379337,block1:zero_tool,gated_rule_c,mixed,1785184573.5383976,1785184573.5385246,1785184573.7598126,1785184577.452701,,,
block1-000607,421.2717469781637,4253.674264997244,170,20.0,420.6036009127274,4253.006118931808,0.6681460654363036,block1:zero_tool,gated_rule_c,mixed,1785184573.5527825,1785184573.5534508,1785184573.974061,1785184577.8064635,,,
block1-000608,913.0500314058736,1535.263770376332,43,25.0,912.404999951832,1534.6187389222905,0.6450314540416002,block1:s1,gated_rule_c,mixed,1785184573.738178,1785184573.7388237,1785184574.6512375,1785184575.2734513,,,
block1-000609,502.4847724707797,4755.997228436172,193,47.5,502.0989499753341,4755.611405940726,0.3858224954456091,block1:zero_tool,gated_rule_c,mixed,1785184573.9888532,1785184573.989239,1785184574.491346,1785184578.744858,,,
block1-000610,407.4217537418008,1108.7129598017782,44,10.0,406.65268898010254,1107.94389504008,0.769064761698246,block1:s1,gated_rule_c,mixed,1785184574.4646401,1785184574.4654095,1785184574.8720698,1785184575.5733612,,,
block1-000611,1008.8310990249738,1628.490618080832,45,15.0,1008.6554839508608,1628.315003006719,0.17561507411301136,block1:s1,gated_rule_c,mixed,1785184574.4835994,1785184574.4837751,1785184575.4924374,1785184576.112097,,,
block1-000612,1115.2195460163057,1720.9537930320948,42,17.5,1114.591043908149,1720.3252909239382,0.6285021081566811,block1:s1,gated_rule_c,mixed,1785184574.5348167,1785184574.5354457,1785184575.6500478,1785184576.2557824,,,
block1-000613,663.0252825561911,2019.5224925410002,63,47.5,661.905552027747,2018.4027620125562,1.1197305284440517,block1:s1,gated_rule_c,mixed,1785184574.726698,1785184574.7278185,1785184575.3897333,1785184576.7462306,,,
block1-000614,674.8790079727769,1280.7877929881215,43,117.5,674.5420139050111,1280.4507989203557,0.33699406776577234,block1:s1,gated_rule_c,mixed,1785184574.9751205,1785184574.9754581,1785184575.650009,1785184576.2559175,,,
block1-000615,492.4221361288801,4765.682572149672,195,15.0,491.89935892354697,4765.1597949443385,0.5227772053331137,block1:zero_tool,gated_rule_c,mixed,1785184575.137291,1785184575.1378143,1785184575.6297228,1785184579.9029837,,,
block1-000616,1113.6216486338526,1709.5180315664038,38,170.0,1113.4635930648074,1709.3599759973586,0.15805556904524565,block1:s2,gated_rule_c,mixed,1785184575.2980742,1785184575.2982326,1785184576.4117048,1785184577.0076005,,,
block1-000617,733.9577109087259,6597.69216098357,261,12.5,733.1665590172634,6596.901009092107,0.7911518914625049,block1:zero_tool,gated_rule_c,mixed,1785184575.6273754,1785184575.628167,1785184576.3613424,1785184582.2250767,,,
block1-000618,342.29956776835024,923.5857437597588,37,280.0,341.40292496886104,922.6891009602696,0.8966427994892001,block1:s2,gated_rule_c,mixed,1785184576.269378,1785184576.2702749,1785184576.6116853,1785184577.192971,,,
block1-000619,254.41919860895723,1794.250339618884,69,297.5,253.75955400522798,1793.5906950151548,0.659644603729248,block1:s2,gated_rule_c,mixed,1785184576.452223,1785184576.452883,1785184576.7066503,1785184578.2464817,,,
block1-000620,109.41820708103478,3572.279912070371,156,17.5,108.51595003623515,3571.3776550255716,0.9022570447996259,block1:zero_tool,gated_rule_c,mixed,1785184576.697928,1785184576.6988306,1785184576.8073559,1785184580.2702174,,,
block1-000621,463.07763713411987,1149.9505661195144,41,357.5,462.94372400734574,1149.8166529927403,0.13391312677413225,block1:s2,gated_rule_c,mixed,1785184576.8113532,1785184576.8114874,1785184577.2744403,1785184577.961313,,,
block1-000622,83.33887322805822,3044.0018392400816,132,177.5,82.41722197271883,3043.080187984742,0.9216512553393841,block1:zero_tool,gated_rule_c,mixed,1785184577.1121252,1785184577.1130471,1785184577.1954722,1785184580.1561353,,,
block1-000623,277.2613252745941,798.4359381953254,31,12.5,276.93734504282475,798.111957963556,0.32398023176938295,block1:s2,gated_rule_c,mixed,1785184577.4292397,1785184577.429564,1785184577.7065089,1785184578.2276835,,,
block1-000624,76.61755580920726,3402.2265358362347,147,17.5,76.31667901296169,3401.925659039989,0.30087679624557495,block1:zero_tool,gated_rule_c,mixed,1785184577.4955795,1785184577.4958806,1785184577.5722044,1785184580.8978133,,,
block1-000625,407.3758637532592,1078.8624717388302,48,50.0,406.8073680391535,1078.2939760247245,0.5684957141056657,block1:s3,gated_rule_c,mixed,1785184577.5543244,1785184577.554893,1785184577.961707,1785184578.633194,,,
block1-000626,394.570435048081,969.2327930824831,41,412.5,393.722609966062,968.3849680004641,0.8478250820189714,block1:s3,gated_rule_c,mixed,1785184578.005519,1785184578.0063677,1785184578.4001021,1785184578.9747648,,,
block1-000627,98.04055257700384,4309.879970620386,188,485.0,96.71162092126906,4308.5510389646515,1.3289316557347775,block1:zero_tool,gated_rule_c,mixed,1785184578.0693908,1785184578.0707207,1785184578.1674418,1785184582.379281,,,
block1-000628,83.77961860969663,3853.744819527492,165,280.0,83.1037670141086,3853.068967931904,0.6758515955880284,block1:zero_tool,gated_rule_c,mixed,1785184578.661302,1785184578.6619787,1785184578.7450898,1785184582.5150552,,,
block1-000629,398.2487488538027,1054.9792418023571,43,15.0,397.33918209094554,1054.0696750395,0.9095667628571391,block1:s3,gated_rule_c,mixed,1785184578.825375,1785184578.8262851,1785184579.223632,1785184579.8803632,,,
block1-000630,479.7753421589732,1233.0362080829218,49,95.0,478.7217420525849,1231.9826079765335,1.0536001063883305,block1:s3,gated_rule_c,mixed,1785184578.9769506,1785184578.9780045,1785184579.4567337,1785184580.2099946,,,
block1-000631,458.2523020217195,1274.8383979778737,48,10.0,457.90587295778096,1274.4919689139351,0.3464290639385581,block1:s3,gated_rule_c,mixed,1785184579.4645162,1785184579.4648628,1785184579.9227774,1785184580.739363,,,
block1-000632,86.20477025397122,3357.098498265259,142,17.5,85.16925992444158,3356.0629879357293,1.035510329529643,block1:zero_tool,gated_rule_c,mixed,1785184579.620749,1785184579.6217852,1785184579.7069635,1785184582.9778576,,,
block1-000633,79.50636278837919,3064.78660274297,130,820.0,79.17715609073639,3064.457396045327,0.3292066976428032,block1:zero_tool,gated_rule_c,mixed,1785184579.7802184,1785184579.7805483,1785184579.8597362,1785184582.8450167,,,
block1-000634,482.16649203095585,1251.3988439459354,48,15.0,481.9031370570883,1251.1354889720678,0.2633549738675356,block1:s4,gated_rule_c,mixed,1785184579.8646173,1785184579.8648808,1785184580.3467932,1785184581.1160254,,,
block1-000635,88.68801046628505,3563.262421521358,155,117.5,88.01565889734775,3562.590069952421,0.6723515689373016,block1:zero_tool,gated_rule_c,mixed,1785184579.9868908,1785184579.9875638,1785184580.0755916,1785184583.5501666,,,
block1-000636,447.44587456807494,1184.723544633016,48,17.5,446.9025479629636,1184.1802180279046,0.5433266051113605,block1:s4,gated_rule_c,mixed,1785184580.0514276,1785184580.051972,1785184580.498885,1785184581.2361622,,,
block1-000637,74.45589744020253,3103.7484074477106,135,280.0,73.3979920623824,3102.6905020698905,1.0579053778201342,block1:zero_tool,gated_rule_c,mixed,1785184580.427414,1785184580.4284725,1785184580.5018823,1785184583.5311759,,,
block1-000638,516.2733111064881,1240.6423500506207,48,172.5,516.1154330708086,1240.4844720149413,0.15787803567945957,block1:s4,gated_rule_c,mixed,1785184580.55879,1785184580.5589485,1785184581.0750737,1785184581.7994428,,,
block1-000639,515.9740898525342,1240.4605788178742,48,155.0,515.5211570672691,1240.007646032609,0.4529327852651477,block1:s4,gated_rule_c,mixed,1785184580.559132,1785184580.5595853,1785184581.0751114,1785184581.799598,,,
block1-000640,366.00443453062326,1036.0516655491665,43,115.0,365.24577101226896,1035.2930020308122,0.7586635183542967,block1:s1,gated_rule_c,mixed,1785184580.6893852,1785184580.6901445,1785184581.0554,1785184581.7254474,,,
block1-000641,74.89802688360214,3974.089400842786,165,15.0,74.32558503933251,3973.516958998516,0.5724418442696333,block1:zero_tool,gated_rule_c,mixed,1785184580.8031132,1785184580.8036861,1785184580.8780208,1785184584.777212,,,
block1-000642,369.9997776420787,1060.4199406225234,43,177.5,368.9889619126916,1059.4091248931363,1.0108157293871045,block1:s1,gated_rule_c,mixed,1785184581.218632,1785184581.2196434,1785184581.5886412,1785184582.2790616,,,
block1-000643,81.63931465242058,2874.1878296714276,121,395.0,80.73531405534595,2873.283829074353,0.9040005970746279,block1:zero_tool,gated_rule_c,mixed,1785184581.3154776,1785184581.316382,1785184581.3971243,1785184584.1896725,,,
block1-000644,84.54143442213535,3432.4785094941035,140,60.0,82.52038096543401,3430.457456037402,2.0210534567013383,block1:zero_tool,gated_rule_c,mixed,1785184581.464797,1785184581.4668186,1785184581.5493507,1785184584.8972874,,,
block1-000645,79.11425910424441,1486.737027997151,63,170.0,77.66108901705593,1485.2838579099625,1.4531700871884823,block1:s1,gated_rule_c,mixed,1785184581.6261554,1785184581.6276085,1785184581.7052796,1785184583.1129022,,,
block1-000646,110.52589386235923,2859.215988777578,115,820.0,109.92363910190761,2858.6137340171263,0.6022547604516149,block1:zero_tool,gated_rule_c,mixed,1785184581.6689749,1785184581.6695778,1785184581.7795107,1785184584.528201,,,
block1-000647,258.00871464889497,746.4271027129143,31,187.5,256.9953689817339,745.4137570457533,1.0133456671610475,block1:s1,gated_rule_c,mixed,1785184581.7688317,1785184581.7698455,1785184582.0268495,1785184582.5152676,,,
block1-000648,109.99966319650412,3062.5067501096055,124,572.5,109.67174998950213,3062.1788369026035,0.3279132070019841,block1:zero_tool,gated_rule_c,mixed,1785184581.7944624,1785184581.7947907,1785184581.904473,1785184584.8569796,,,
block1-000649,265.3739657253027,3399.4275177828968,129,132.5,263.8121269410476,3397.8656789986417,1.5618387842550874,block1:zero_tool,gated_rule_c,mixed,1785184582.0142345,1785184582.0157976,1785184582.2796197,1785184585.4136739,,,
block1-000650,77.42098497692496,8991.71876301989,383,15.0,76.53886696789414,8990.836645010859,0.8821180090308189,block1:zero_tool,gated_rule_c,mixed,1785184582.355965,1785184582.3568478,1785184582.4333968,1785184591.3476942,,,
block1-000651,94.7665631538257,1697.1533151809126,69,10.0,94.20088003389537,1696.5876320609823,0.5656831199303269,block1:s2,gated_rule_c,mixed,1785184582.5127997,1785184582.5133662,1785184582.6075795,1785184584.2099655,,,
block1-000652,337.0165379019454,851.404704968445,36,132.5,336.43429493531585,850.8224620018154,0.5822429666295648,block1:s2,gated_rule_c,mixed,1785184582.8546307,1785184582.8552132,1785184583.191655,1785184583.7060437,,,
block1-000653,446.83419761713594,1246.2973166257143,49,550.0,446.2971540633589,1245.7602730719373,0.537043553777039,block1:s2,gated_rule_c,mixed,1785184582.9435995,1785184582.9441366,1785184583.390442,1785184584.189905,,,
block1-000654,84.1856908518821,3928.114647860639,165,52.5,83.65980291273445,3927.588759921491,0.5258879391476512,block1:zero_tool,gated_rule_c,mixed,1785184582.9513779,1785184582.9519038,1785184583.0355706,1785184586.8794992,,,
block1-000655,384.9418683676049,1132.6377793448046,37,15.0,383.84317699819803,1131.5390879753977,1.098691369406879,block1:s2,gated_rule_c,mixed,1785184583.5701501,1785184583.571249,1785184583.955101,1785184584.7027974,,,
block1-000656,564.7427086951211,1467.9171957541257,48,357.5,563.7424440355971,1466.9169310946018,1.000264659523964,block1:s3,gated_rule_c,mixed,1785184583.6450436,1785184583.6460445,1785184584.2097967,1785184585.1129715,,,
block1-000657,81.6460142377764,3104.1321821976453,128,12.5,80.75660502072424,3103.242772980593,0.8894092170521617,block1:zero_tool,gated_rule_c,mixed,1785184583.7556167,1785184583.7565079,1785184583.8372805,1785184586.8597662,,,
block1-000658,651.7674101050943,1423.599474132061,48,17.5,651.4356259722263,1423.267689999193,0.33178413286805153,block1:s3,gated_rule_c,mixed,1785184583.9496229,1785184583.949956,1785184584.601403,1785184585.373235,,,
block1-000659,406.5312270540744,1289.746989030391,41,155.0,405.346111045219,1288.5618730215356,1.1851160088554025,block1:s3,gated_rule_c,mixed,1785184583.9646873,1785184583.965873,1785184584.3712282,1785184585.2544434,,,
block1-000660,453.9428201969713,1220.4023551894352,41,15.0,453.3595190150663,1219.8190540075302,0.5833011819049716,block1:s3,gated_rule_c,mixed,1785184584.0747037,1785184584.0752876,1785184584.528657,1785184585.295117,,,
block1-000661,568.665066617541,1305.0601945724338,48,572.5,568.3862790465355,1304.7814070014283,0.2787875710055232,block1:s3,gated_rule_c,mixed,1785184584.18579,1785184584.18607,1785184584.7544703,1785184585.4908655,,,
block1-000662,606.7741981241852,1181.2517901416868,43,20.0,606.3023849856108,1180.7799770031124,0.4718131385743618,block1:s3,gated_rule_c,mixed,1785184584.3098242,1785184584.310296,1785184584.9166045,1785184585.4910817,,,
block1-000663,435.11430895887315,1167.761426884681,43,10.0,434.95789205189794,1167.6050099777058,0.1564169069752097,block1:s3,gated_rule_c,mixed,1785184584.3419719,1785184584.3421288,1785184584.7770944,1785184585.5097413,,,
block1-000664,486.3091397564858,1211.2340067978948,48,17.5,486.1467459704727,1211.0716130118817,0.16239378601312637,block1:s4,gated_rule_c,mixed,1785184584.451137,1785184584.4513004,1785184584.9374585,1785184585.6623836,,,
block1-000665,685.8020016225055,1304.1891335742548,48,550.0,685.0497060222551,1303.4368379740044,0.7522956002503633,block1:s4,gated_rule_c,mixed,1785184584.490216,1785184584.4909694,1785184585.1760294,1785184585.7944167,,,
block1-000666,478.61046658363193,1125.3410396166146,48,15.0,477.5876620551571,1124.3182350881398,1.0228045284748077,block1:s4,gated_rule_c,mixed,1785184584.9134862,1785184584.9145093,1785184585.3921056,1785184586.0388365,,,
block1-000667,440.07511471863836,1083.4379027364776,48,10.0,438.4223760571331,1081.7851640749723,1.652738661505282,block1:s4,gated_rule_c,mixed,1785184585.0305574,1785184585.0322108,1785184585.4706445,1785184586.114007,,,
block1-000668,136.23200391884893,2915.9994329093024,131,15.0,135.0881439866498,2914.8555729771033,1.1438599321991205,block1:zero_tool,gated_rule_c,mixed,1785184585.0322409,1785184585.0333848,1785184585.168479,1785184587.948246,,,
block1-000669,438.80239641293883,1172.4205263890326,49,412.5,437.0634659426287,1170.6815959187225,1.7389304703101516,block1:s4,gated_rule_c,mixed,1785184585.919116,1785184585.9208555,1785184586.357928,1785184587.091546,,,
block1-000670,489.0944482758641,1202.7417133795097,48,52.5,488.6255369056016,1202.2728020092472,0.4689113702625036,block1:s4,gated_rule_c,mixed,1785184586.2098656,1785184586.2103355,1785184586.6989717,1785184587.4126186,,,
block1-000671,467.92610944248736,1206.2577534234151,48,92.5,465.8151139738038,1204.1467579547316,2.110995468683541,block1:s4,gated_rule_c,mixed,1785184586.3327775,1785184586.334889,1785184586.8007133,1785184587.5390449,,,
block1-000672,81.9447316462174,2644.0336876548827,117,412.5,80.35665797069669,2642.445613979362,1.588073675520718,block1:zero_tool,gated_rule_c,mixed,1785184586.479511,1785184586.4810998,1785184586.5614684,1785184589.123557,,,
block1-000673,90.52284609060735,1339.248939184472,58,550.0,89.96912289876491,1338.6952159926295,0.5537231918424368,block1:s1,gated_rule_c,mixed,1785184586.6088545,1785184586.6094086,1785184586.699386,1785184587.948112,,,
block1-000674,303.8982352009043,1008.4964102134109,43,297.5,303.6145600490272,1008.2127350615337,0.28367515187710524,block1:s1,gated_rule_c,mixed,1785184586.709306,1785184586.7095897,1785184587.0132134,1785184587.7178123,,,
block1-000675,387.53906812053174,904.0208200458437,37,117.5,387.3340419959277,903.8157939212397,0.20502612460404634,block1:s1,gated_rule_c,mixed,1785184587.0037432,1785184587.0039485,1785184587.3912914,1785184587.907773,,,
block1-000676,411.216342356056,913.1465463433415,36,550.0,410.45573295559734,912.3859369428828,0.7606094004586339,block1:s1,gated_rule_c,mixed,1785184587.1240885,1785184587.1248503,1785184587.5353172,1785184588.0372477,,,
block1-000677,78.7837227107957,6839.73419573158,295,15.0,78.15019506961107,6839.100668090396,0.633527641184628,block1:zero_tool,gated_rule_c,mixed,1785184587.2736998,1785184587.2743337,1785184587.3524919,1785184594.113442,,,
block1-000678,88.62108003813773,7078.686680062674,306,322.5,87.62718201614916,7077.692782040685,0.9938980219885707,block1:zero_tool,gated_rule_c,mixed,1785184587.38047,1785184587.3814642,1785184587.4691026,1785184594.4591687,,,
block1-000679,79.85582982655615,6613.48695284687,285,17.5,79.63299297261983,6613.2641159929335,0.22283685393631458,block1:zero_tool,gated_rule_c,mixed,1785184587.458611,1785184587.4588342,1785184587.5384777,1785184594.072109,,,
block1-000680,257.7463344205171,786.3248934736475,34,15.0,256.74913194961846,785.3276910027489,0.9972024708986282,block1:s2,gated_rule_c,mixed,1785184587.5725722,1785184587.5735698,1785184587.830327,1785184588.3589056,,,
block1-000681,69.27856418769807,7178.801761125214,313,15.0,68.61147901508957,7178.134675952606,0.6670851726084948,block1:zero_tool,gated_rule_c,mixed,1785184587.7015347,1785184587.7022023,1785184587.7708228,1785184594.8803465,,,
block1-000682,339.68195400666445,831.300669000484,36,117.5,338.67215795908123,830.2908729529008,1.0097960475832224,block1:s2,gated_rule_c,mixed,1785184587.9230177,1785184587.924028,1785184588.2627087,1785184588.7543278,,,
block1-000683,101.51177062653005,1754.3886265484616,74,47.5,100.04428506363183,1752.9211409855634,1.4674855628982186,block1:s2,gated_rule_c,mixed,1785184588.0460403,1785184588.0475092,1785184588.1475668,1785184589.8004434,,,
block1-000684,306.07088399119675,963.8515829574317,36,395.0,305.60235399752855,963.3830529637635,0.4685299936681986,block1:s2,gated_rule_c,mixed,1785184588.581995,1785184588.582464,1785184588.888076,1785184589.545857,,,
block1-000685,441.39518681913614,1224.392905831337,44,152.5,440.15508401207626,1223.152803024277,1.240102807059884,block1:s2,gated_rule_c,mixed,1785184588.9763038,1785184588.9775443,1785184589.4177089,1785184590.2007067,,,
block1-000686,474.9292106134817,1036.6787036182359,38,485.0,472.87509904708713,1034.6245920518413,2.0541115663945675,block1:s2,gated_rule_c,mixed,1785184588.997413,1785184588.9994674,1785184589.4723508,1785184590.0341,,,
block1-000687,111.15913628600538,3999.5238822884858,165,145.0,110.12270709034055,3998.487453092821,1.036429195664823,block1:zero_tool,gated_rule_c,mixed,1785184589.0122943,1785184589.0133321,1785184589.123467,1785184593.011831,,,
block1-000688,69.63631580583751,3864.7115537896752,161,280.0,68.909757072106,3863.9849950559437,0.7265587337315083,block1:zero_tool,gated_rule_c,mixed,1785184589.1470008,1785184589.1477282,1785184589.2166488,1785184593.0117238,,,
block1-000689,385.47646952793,1142.7454084623605,39,105.0,385.15593798365444,1142.424876918085,0.32053154427558184,block1:s3,gated_rule_c,mixed,1785184589.2938871,1785184589.2942085,1785184589.6793742,1785184590.4366436,,,
block1-000690,508.63453408237547,1319.6806370979175,48,12.5,507.92882801033556,1318.9749310258776,0.7057060720399022,block1:s3,gated_rule_c,mixed,1785184589.3302944,1785184589.3310003,1785184589.8389378,1785184590.6499822,,,
block1-000691,445.3351069241762,1294.3070259643719,48,320.0,444.4427399430424,1293.414658983238,0.8923669811338186,block1:s3,gated_rule_c,mixed,1785184589.4140253,1785184589.4149184,1785184589.8593714,1785184590.7083433,,,
block1-000692,77.68180826678872,3079.902633209713,130,307.5,76.64130604825914,3078.862130991183,1.040502218529582,block1:zero_tool,gated_rule_c,mixed,1785184589.5220826,1785184589.5231235,1785184589.5997734,1785184592.6019943,,,
block1-000693,553.7944826064631,1272.0603025518358,48,17.5,552.7686520945281,1271.0344720399007,1.0258305119350553,block1:s3,gated_rule_c,mixed,1785184589.8401442,1785184589.8411705,1785184590.3939495,1785184591.112215,,,
block1-000694,590.5846426030621,1289.1984455054626,49,545.0,589.5421170862392,1288.1559199886397,1.0425255168229342,block1:s3,gated_rule_c,mixed,1785184590.0385354,1785184590.0395782,1785184590.6291294,1785184591.3277433,,,
block1-000695,82.72619801573455,2990.43214507401,128,545.0,81.69464697130024,2989.4005940295756,1.031551044434309,block1:zero_tool,gated_rule_c,mixed,1785184590.1226134,1785184590.1236458,1785184590.2053483,1785184593.1130543,,,
block1-000696,482.7151985373348,1224.0000416059047,48,92.5,481.7707409383729,1223.0555840069428,0.9444575989618897,block1:s4,gated_rule_c,mixed,1785184590.1674469,1785184590.1683915,1785184590.650169,1785184591.3914542,,,
block1-000697,505.17408445011824,1206.6758954897523,48,15.0,504.3461068999022,1205.8479179395363,0.8279775502160192,block1:s4,gated_rule_c,mixed,1785184590.203318,1785184590.2041464,1785184590.7085018,1785184591.4100037,,,
block1-000698,220.3979551559314,3103.858810267411,130,47.5,220.23787489160895,3103.6987300030887,0.1600802643224597,block1:zero_tool,gated_rule_c,mixed,1785184590.2686768,1785184590.268838,1785184590.4890862,1785184593.3725467,,,
block1-000699,402.7616443345323,3881.393494317308,155,15.0,402.5270140264183,3881.158864009194,0.23463030811399221,block1:zero_tool,gated_rule_c,mixed,1785184590.3105938,1785184590.3108284,1785184590.7133632,1785184594.1919956,,,
block1-000700,458.34020036272705,1172.0432873116806,48,217.5,457.7004569582641,1171.4035439072177,0.6397434044629335,block1:s4,gated_rule_c,mixed,1785184590.7478228,1785184590.748463,1785184591.206173,1785184591.919876,,,
block1-000701,526.8709014635533,1270.687315496616,48,322.5,526.3217869214714,1270.138200954534,0.5491145420819521,block1:s4,gated_rule_c,mixed,1785184590.9954965,1785184590.996046,1785184591.522378,1785184592.2661939,,,
block1-000702,473.0210490524769,1212.9214830929413,48,105.0,472.5201929686591,1212.4206270091236,0.50085608381778,block1:s4,gated_rule_c,mixed,1785184591.346206,1785184591.346707,1785184591.8192358,1785184592.5591362,,,
block1-000703,453.37117731105536,1162.7064283238724,48,132.5,453.1743230763823,1162.5095740891993,0.19685423467308283,block1:s4,gated_rule_c,mixed,1785184591.5811558,1785184591.5813532,1785184592.0345392,1785184592.7438745,,,
block1-000704,108.10133127961308,4018.5952013125643,182,20.0,106.53837595600635,4017.0322459889576,1.5629553236067295,block1:zero_tool,gated_rule_c,mixed,1785184591.611975,1785184591.613538,1785184591.7200851,1785184595.6305792,,,
block1-000705,363.83242532610893,998.3675152761862,43,280.0,363.73510502744466,998.2701949775219,0.09732029866427183,block1:s1,gated_rule_c,mixed,1785184591.9202387,1785184591.9203362,1785184592.2840793,1785184592.9186146,,,
block1-000706,389.1963311471045,1035.3272811044008,43,485.0,388.1166259525344,1034.2475759098306,1.0797051945701241,block1:s1,gated_rule_c,mixed,1785184592.0774634,1785184592.078544,1785184592.4666722,1785184593.1128027,,,
block1-000707,89.86325154546648,8136.454799561761,337,105.0,89.6042559761554,8136.19580399245,0.25899556931108236,block1:zero_tool,gated_rule_c,mixed,1785184592.4726396,1785184592.4728987,1785184592.562512,1785184600.6091032,,,
block1-000708,300.20368949044496,945.9304625634104,42,177.5,299.8548489995301,945.5816220724955,0.34884049091488123,block1:s1,gated_rule_c,mixed,1785184592.5982068,1785184592.5985565,1785184592.8984218,1785184593.5441484,,,
block1-000709,86.89624106045812,1547.6775669958442,65,50.0,86.38676209375262,1547.1680880291387,0.5094789667055011,block1:s1,gated_rule_c,mixed,1785184592.754556,1785184592.755066,1785184592.84146,1785184594.3022413,,,
block1-000710,83.0685612745583,7636.716713313945,314,15.0,81.68882795143872,7635.336979990825,1.3797333231195807,block1:zero_tool,gated_rule_c,mixed,1785184592.9314785,1785184592.9328585,1785184593.0145533,1785184600.5682018,,,
block1-000711,91.39285900164396,3347.425295971334,146,17.5,90.77821800019592,3346.810654969886,0.6146410014480352,block1:zero_tool,gated_rule_c,mixed,1785184593.2226405,1785184593.2232559,1785184593.314043,1785184596.570075,,,
block1-000712,68.19025380536914,3806.134922779165,159,95.0,67.68338603433222,3805.6280550081283,0.5068677710369229,block1:zero_tool,gated_rule_c,mixed,1785184593.4563484,1785184593.4568555,1785184593.5245476,1785184597.262492,,,
block1-000713,344.5604278240353,1014.4079348538071,40,107.5,344.0792380133644,1013.9267450431362,0.48118981067091227,block1:s2,gated_rule_c,mixed,1785184593.6161404,1785184593.6166217,1785184593.9607096,1785184594.6305575,,,
block1-000714,351.3927551684901,866.892327205278,36,172.5,349.6931539848447,865.1927260216326,1.6996011836454272,block1:s2,gated_rule_c,mixed,1785184593.8012805,1785184593.8029807,1785184594.1526835,1785184594.6681826,,,
block1-000715,361.4193252287805,956.4016222720966,43,152.5,360.9547169180587,955.9370139613748,0.46460831072181463,block1:s2,gated_rule_c,mixed,1785184593.9996283,1785184594.0000937,1785184594.3610587,1785184594.956041,,,
block1-000716,320.4196747392416,829.6775737544522,36,140.0,319.6157569764182,828.8736559916288,0.8039177628234029,block1:s2,gated_rule_c,mixed,1785184594.2306266,1785184594.231431,1785184594.551069,1785184595.0603263,,,
block1-000717,72.42405076976866,2226.80348274298,97,105.0,71.56120601575822,2225.9406379889697,0.8628447540104389,block1:zero_tool,gated_rule_c,mixed,1785184594.4788053,1785184594.4796681,1785184594.5512378,1785184596.7056174,,,
block1-000718,349.97940994799137,879.4850328704342,38,282.5,349.37881701625884,878.8844399387017,0.6005929317325354,block1:s2,gated_rule_c,mixed,1785184594.937313,1785184594.9379144,1785184595.2873023,1785184595.8168075,,,
block1-000719,95.54081282112747,4468.285694834776,179,17.5,93.92641298472881,4466.671294998378,1.6143998363986611,block1:zero_tool,gated_rule_c,mixed,1785184594.9646823,1785184594.966297,1785184595.0602307,1785184599.432975,,,
block1-000720,341.3813696242869,1075.1216926146299,38,135.0,340.78727301675826,1074.5275960071012,0.5940966075286269,block1:s3,gated_rule_c,mixed,1785184595.6300597,1785184595.6306539,1785184595.971449,1785184596.7051895,,,
block1-000721,503.05104930885136,1375.2077323151752,48,95.0,502.31300306040794,1374.4696860667318,0.7380462484434247,block1:s3,gated_rule_c,mixed,1785184595.6774836,1785184595.6782222,1785184596.180545,1785184597.0527024,,,
block1-000722,413.3816354442388,1186.7399525362998,41,15.0,412.47739898972213,1185.8357160817832,0.9042364545166492,block1:s3,gated_rule_c,mixed,1785184595.8261366,1785184595.827041,1785184596.2395275,1785184597.0128858,,,
block1-000723,451.949430978857,1364.828667952679,48,820.0,451.04197098407894,1363.921207957901,0.9074599947780371,block1:s3,gated_rule_c,mixed,1785184595.9420707,1785184595.9429793,1785184596.3940322,1785184597.3069112,,,
block1-000724,360.12038437183946,1234.2155423248187,41,117.5,358.056650031358,1232.1518079843372,2.06373434048146,block1:s3,gated_rule_c,mixed,1785184596.2476249,1785184596.2496886,1785184596.6077535,1785184597.4818487,,,
block1-000725,538.5590869700536,1285.9470950206742,43,282.5,537.847418920137,1285.2354269707575,0.711668049916625,block1:s3,gated_rule_c,mixed,1785184596.433996,1785184596.4347076,1785184596.9725642,1785184597.7199523,,,
block1-000726,136.98522397316992,5465.583976940252,220,357.5,136.4276650128886,5465.026417979971,0.5575589602813125,block1:zero_tool,gated_rule_c,mixed,1785184596.6173742,1785184596.617932,1785184596.7543702,1785184602.082969,,,
block1-000727,587.7778009744361,1328.1854940578341,48,282.5,586.7772399215028,1327.1849330049008,1.0005610529333353,block1:s3,gated_rule_c,mixed,1785184596.6237018,1785184596.6247027,1785184597.2114878,1785184597.951895,,,
block1-000728,607.2546326322481,1316.4873856585473,48,92.5,606.3438190612942,1315.5765720875934,0.9108135709539056,block1:s4,gated_rule_c,mixed,1785184596.6551046,1785184596.6560159,1785184597.262368,1785184597.971601,,,
block1-000729,604.2087835958228,1313.7119156308472,48,172.5,603.1710630049929,1312.6741950400174,1.0377205908298492,block1:s4,gated_rule_c,mixed,1785184596.6576617,1785184596.6586995,1785184597.2618756,1785184597.971379,,,
block1-000730,554.4903037371114,1259.8966066725552,48,280.0,554.3052610009909,1259.7115639364347,0.18504273612052202,block1:s4,gated_rule_c,mixed,1785184596.7302997,1785184596.7304873,1785184597.28481,1785184597.9902165,,,
block1-000731,496.99567386414856,1271.0925248684362,48,350.0,495.92355405911803,1270.0204050634056,1.0721198050305247,block1:s4,gated_rule_c,mixed,1785184597.1021342,1785184597.1032078,1785184597.599145,1785184598.3732421,,,
block1-000732,499.2241121362895,1256.474064080976,48,322.5,499.0431299665943,1256.2930819112808,0.18098216969519854,block1:s4,gated_rule_c,mixed,1785184597.1204376,1785184597.1206193,1785184597.619672,1785184598.376922,,,
block1-000733,462.37356460187584,1310.7807316118851,48,17.5,461.9506959570572,1310.3578629670665,0.4228686448186636,block1:s4,gated_rule_c,mixed,1785184597.3506427,1785184597.351066,1785184597.813026,1785184598.661433,,,
block1-000734,414.8337058722973,1313.5830838000402,49,12.5,414.3414740683511,1313.090851996094,0.49223180394619703,block1:s4,gated_rule_c,mixed,1785184597.5943913,1785184597.5948844,1785184598.0092354,1785184598.9079847,,,
block1-000735,536.4570510573685,1337.0321589754894,48,52.5,536.1430420307443,1336.7181499488652,0.31400902662426233,block1:s4,gated_rule_c,mixed,1785184598.0230727,1785184598.023387,1785184598.5595381,1785184599.3601131,,,
block1-000736,390.2164651080966,1181.2398171750829,43,10.0,389.33716795872897,1180.3605200257152,0.8792971493676305,block1:s1,gated_rule_c,mixed,1785184598.0438652,1785184598.0447447,1785184598.4340894,1785184599.2251127,,,
block1-000737,71.8995031202212,1788.694583112374,66,12.5,71.33960898499936,1788.134688977152,0.559894135221839,block1:s1,gated_rule_c,mixed,1785184598.1736953,1785184598.1742558,1785184598.2456024,1785184599.9623983,,,
block1-000738,75.37197787314653,8058.314232854173,331,20.0,74.93944000452757,8057.881694985554,0.43253786861896515,block1:zero_tool,gated_rule_c,mixed,1785184598.301787,1785184598.3022199,1785184598.3771648,1785184606.3601072,,,
block1-000739,505.2829534979537,1281.5660185879096,46,95.0,504.3414490064606,1280.6245140964165,0.9415044914931059,block1:s1,gated_rule_c,mixed,1785184598.4240515,1785184598.4249933,1785184598.9293435,1785184599.7056267,,,
block1-000740,455.05468640476465,1058.729147305712,36,105.0,454.65300302021205,1058.3274639211595,0.401683384552598,block1:s1,gated_rule_c,mixed,1785184598.4527247,1785184598.4531267,1785184598.9077876,1785184599.511462,,,
block1-000741,154.86083761788905,7291.735934559256,302,10.0,154.107038048096,7290.982134989463,0.7537995697930455,block1:zero_tool,gated_rule_c,mixed,1785184598.5068178,1785184598.5075724,1785184598.6616895,1785184605.798565,,,
block1-000742,473.02688914351165,1257.8475881600752,47,15.0,472.1100080059841,1256.9307070225477,0.9168811375275254,block1:s1,gated_rule_c,mixed,1785184598.588866,1785184598.589784,1785184599.0619066,1785184599.8467271,,,
block1-000743,403.66337343584746,1024.0384544013068,37,100.0,403.0188530450687,1023.393934010528,0.64452039077878,block1:s1,gated_rule_c,mixed,1785184598.7596931,1785184598.7603385,1785184599.1633673,1785184599.7837415,,,
block1-000744,71.86867436394095,3885.355250327848,162,10.0,71.33167795836926,3884.818253922276,0.5369964055716991,block1:zero_tool,gated_rule_c,mixed,1785184598.8386292,1785184598.8391666,1785184598.9105067,1785184602.7239933,,,
block1-000745,127.00378976296633,4592.979920795187,190,107.5,126.72904902137816,4592.705180053599,0.2747407415881753,block1:zero_tool,gated_rule_c,mixed,1785184598.9243839,1785184598.924659,1785184599.051396,1785184603.5173714,,,
block1-000746,382.33444071374834,1063.1791746709496,37,10.0,381.83572597336024,1062.6804599305615,0.4987147403880954,block1:s2,gated_rule_c,mixed,1785184598.9572513,1785184598.9577503,1785184599.3395932,1785184600.0204375,,,
block1-000747,118.27008111868054,1907.1746540721506,74,172.5,117.20914405304939,1906.1137170065194,1.0609370656311512,block1:s2,gated_rule_c,mixed,1785184599.1796315,1785184599.180693,1785184599.2979124,1785184601.0868177,,,
block1-000748,459.454461466521,1096.5506244683638,35,297.5,458.0180470366031,1095.114210038446,1.4364144299179316,block1:s2,gated_rule_c,mixed,1785184599.2222056,1785184599.2236433,1785184599.681673,1785184600.3187695,,,
block1-000749,552.3110351059586,1147.3242230713367,38,95.0,551.5975831076503,1146.6107710730284,0.713451998308301,block1:s2,gated_rule_c,mixed,1785184599.2942305,1785184599.294945,1785184599.8465545,1785184600.441568,,,
block1-000750,611.5657784976065,1185.6150485109538,38,135.0,611.0607930459082,1185.1100630592555,0.5049854516983032,block1:s2,gated_rule_c,mixed,1785184599.3290677,1785184599.3295736,1785184599.940645,1785184600.5146937,,,
block1-000751,580.4901092778891,1268.0974412942305,40,485.0,580.1450819708407,1267.752413987182,0.34502730704844,block1:s2,gated_rule_c,mixed,1785184599.4995031,1785184599.4998493,1785184600.0800054,1785184600.7676122,,,
block1-000752,317.39969458431005,2820.8971326239407,110,280.0,316.9130580499768,2820.4104960896075,0.48663653433322906,block1:zero_tool,gated_rule_c,mixed,1785184599.529226,1785184599.5297134,1785184599.8466368,1785184602.3501348,,,
block1-000753,600.9426608216017,1331.0511237941682,48,820.0,600.3190369810909,1330.4274999536574,0.6236238405108452,block1:s3,gated_rule_c,mixed,1785184599.673302,1785184599.6739266,1785184600.2742562,1785184601.0043647,,,
block1-000754,312.5325331930071,3867.3909112112597,154,187.5,312.2276950161904,3867.086073034443,0.3048381768167019,block1:zero_tool,gated_rule_c,mixed,1785184599.70751,1785184599.707815,1785184600.0200498,1785184603.5749083,,,
block1-000755,481.70485394075513,1211.953065940179,41,170.0,480.8225509477779,1211.0707629472017,0.8823029929772019,block1:s3,gated_rule_c,mixed,1785184599.7730267,1785184599.77391,1785184600.2547424,1785184600.9849901,,,
block1-000756,347.13609027676284,4022.538776276633,163,12.5,345.88332497514784,4021.286010975018,1.2527653016149998,block1:zero_tool,gated_rule_c,mixed,1785184600.0333693,1785184600.0346224,1785184600.3805146,1785184604.0559168,,,
block1-000757,441.09555007889867,4124.462795094587,164,550.0,440.3198449872434,4123.687090002932,0.7757050916552544,block1:zero_tool,gated_rule_c,mixed,1785184600.0537403,1785184600.0545168,1785184600.4948459,1785184604.1782131,,,
block1-000758,642.1439838595688,1347.0471327891573,48,282.5,642.0069740852341,1346.9101230148226,0.13700977433472872,block1:s3,gated_rule_c,mixed,1785184600.2627428,1785184600.2628803,1785184600.9048967,1785184601.6097999,,,
block1-000759,74.01242398191243,3796.4288770454004,165,117.5,72.99046602565795,3795.406919089146,1.0219579562544823,block1:zero_tool,gated_rule_c,mixed,1785184600.5951095,1785184600.5961316,1785184600.6691296,1785184604.3915458,,,
block1-000760,462.50538213644177,1119.3859921768308,48,320.0,462.209255900234,1119.089865940623,0.2961262362077832,block1:s4,gated_rule_c,mixed,1785184601.0284278,1785184601.028725,1785184601.490946,1785184602.147827,,,
block1-000761,423.1122793862596,1167.2693544533104,49,135.0,422.6809509564191,1166.8380260234699,0.4313284298405051,block1:s4,gated_rule_c,mixed,1785184601.2645469,1785184601.264979,1785184601.6876693,1785184602.4318266,,,
block1-000762,77.26119598373771,3661.6669489303604,155,572.5,76.34266896639019,3660.748421913013,0.9185270173475146,block1:zero_tool,gated_rule_c,mixed,1785184601.6918845,1785184601.6928034,1785184601.7691565,1785184605.3535614,,,
block1-000763,484.5117040676996,1242.6897500408813,48,100.0,484.3041750136763,1242.482220986858,0.20752905402332544,block1:s4,gated_rule_c,mixed,1785184602.102432,1785184602.10264,1785184602.5869515,1785184603.3451293,,,
block1-000764,447.90167082101107,1223.6963008763269,48,70.0,447.52055895514786,1223.3151890104637,0.381111865863204,block1:s4,gated_rule_c,mixed,1785184602.2554224,1785184602.2558038,1785184602.7033322,1785184603.4791267,,,
block1-000765,423.97326300852,1243.4457460185513,48,95.0,423.5404949868098,1243.012977996841,0.432768021710217,block1:s4,gated_rule_c,mixed,1785184602.4554741,1785184602.4559076,1785184602.8794582,1785184603.6989307,,,
block1-000766,599.3893127888441,1336.2702637678012,49,95.0,598.729360033758,1335.610311012715,0.6599527550861239,block1:s4,gated_rule_c,mixed,1785184602.9759183,1785184602.9765785,1785184603.575332,1785184604.3122127,,,
block1-000767,586.1089176032692,1320.2058905735612,48,172.5,585.0180659908801,1319.115038961172,1.0908516123890877,block1:s4,gated_rule_c,mixed,1785184602.9912713,1785184602.9923625,1785184603.5773895,1785184604.3114867,,,
block1-000768,413.9486118219793,1108.5120108909905,43,322.5,412.3809209559113,1106.9443200249225,1.5676908660680056,block1:s1,gated_rule_c,mixed,1785184603.2038128,1785184603.2053814,1785184603.6177723,1785184604.3123353,,,
block1-000769,403.49054092075676,901.7528379336,37,105.0,403.2770920312032,901.5393890440464,0.2134488895535469,block1:s1,gated_rule_c,mixed,1785184603.214348,1785184603.2145617,1785184603.6178446,1785184604.116108,,,
block1-000770,403.75663491431624,1117.1078188344836,43,15.0,403.53564906399697,1116.8868329841644,0.22098585031926632,block1:s1,gated_rule_c,mixed,1785184603.2335753,1785184603.2337976,1785184603.6373453,1785184604.350697,,,
block1-000771,407.21138019580394,907.2657031938434,37,85.0,406.552005908452,906.6063289064914,0.6593742873519659,block1:s1,gated_rule_c,mixed,1785184603.270248,1785184603.2709084,1785184603.67747,1785184604.1775246,,,
block1-000772,457.3929231846705,1033.6689571850002,36,12.5,456.3452310394496,1032.6212650397792,1.0476921452209353,block1:s1,gated_rule_c,mixed,1785184603.3207061,1785184603.3217547,1785184603.7781105,1785184604.3543863,,,
block1-000773,202.3622483247891,5212.136675370857,217,15.0,201.3634629547596,5211.137890000828,0.9987853700295091,block1:zero_tool,gated_rule_c,mixed,1785184603.3753355,1785184603.3763347,1785184603.5777056,1785184608.5874805,,,
block1-000774,258.1601202255115,989.7891831351444,40,12.5,257.4387800414115,989.0678429510444,0.7213401840999722,block1:s1,gated_rule_c,mixed,1785184603.8580785,1785184603.8588004,1785184604.1162486,1785184604.8478782,,,
block1-000775,148.9556112792343,2864.3409673823044,114,15.0,147.56795892026275,2862.953315023333,1.3876523589715362,block1:zero_tool,gated_rule_c,mixed,1785184604.1635425,1785184604.164931,1785184604.3125086,1785184607.027894,,,
block1-000776,334.1037769569084,1075.551033951342,40,170.0,333.65232998039573,1075.0995869748294,0.4514469765126705,block1:s2,gated_rule_c,mixed,1785184604.1966054,1785184604.1970572,1785184604.530717,1785184605.2721636,,,
block1-000777,313.6711291735992,1110.5894470820203,42,572.5,312.73282202892005,1109.6511399373412,0.9383071446791291,block1:s2,gated_rule_c,mixed,1785184604.4223938,1785184604.4233325,1785184604.736076,1785184605.5329938,,,
block1-000778,399.62326420936733,1147.5595912197605,43,10.0,399.2187939584255,1147.1551209688187,0.404470250941813,block1:s2,gated_rule_c,mixed,1785184604.650774,1785184604.6511793,1785184605.0504081,1785184605.7983449,,,
block1-000779,385.890316683799,1214.5727496827021,43,572.5,385.2855199947953,1213.9679529936984,0.604796689003706,block1:s2,gated_rule_c,mixed,1785184604.703617,1785184604.7042234,1785184605.089522,1785184605.918205,,,
block1-000780,396.52591315098107,1007.4418290751055,36,287.5,395.9868180099875,1006.9027339341119,0.5390951409935951,block1:s2,gated_rule_c,mixed,1785184604.8535411,1785184604.8540802,1785184605.2500753,1785184605.860991,,,
block1-000781,547.3775002174079,1293.938868213445,49,287.5,546.4301059255376,1292.9914739215747,0.947394291870296,block1:s2,gated_rule_c,mixed,1785184604.9318907,1785184604.9328387,1785184605.4792793,1785184606.2258408,,,
block1-000782,442.76175543200225,1056.5583404386416,38,20.0,442.5020089838654,1056.2985939905047,0.2597464481368661,block1:s2,gated_rule_c,mixed,1785184605.1304862,1785184605.1307466,1785184605.5732596,1785184606.187056,,,
block1-000783,99.79826980270445,3262.553078820929,136,15.0,99.2718719644472,3262.0266809826717,0.5263978382572532,block1:zero_tool,gated_rule_c,mixed,1785184605.152437,1785184605.152964,1785184605.2522466,1785184608.4150016,,,
block1-000784,325.5438869819045,922.0326360082254,32,307.5,324.2864819476381,920.775230973959,1.2574050342664123,block1:s3,gated_rule_c,mixed,1785184605.3256304,1785184605.3268893,1785184605.651192,1785184606.2476811,,,
block1-000785,352.4201484397054,1143.2353843702003,39,17.5,351.81853000540286,1142.6337659358978,0.6016184343025088,block1:s3,gated_rule_c,mixed,1785184605.33856,1785184605.3391628,1785184605.6909943,1785184606.4818099,,,
block1-000786,109.27811719011515,3480.240456177853,150,485.0,108.92784805037081,3479.8901870381087,0.3502691397443414,block1:zero_tool,gated_rule_c,mixed,1785184605.4238524,1785184605.4242036,1785184605.5331426,1785184608.904105,,,
block1-000787,68.35973961278796,3046.222507604398,131,307.5,67.85887607838959,3045.7216440699995,0.5008635343983769,block1:zero_tool,gated_rule_c,mixed,1785184605.4649668,1785184605.465468,1785184605.5333335,1785184608.5111966,,,
block1-000788,71.1270326282829,10258.500984637067,430,287.5,70.90483198408037,10258.278783992864,0.22220064420253038,block1:zero_tool,gated_rule_c,mixed,1785184605.5600715,1785184605.5602949,1785184605.6312096,1785184615.8185842,,,
block1-000789,499.72422199789435,1241.7470950167626,48,92.5,499.105310998857,1241.1281840177253,0.6189109990373254,block1:s3,gated_rule_c,mixed,1785184605.7480326,1785184605.748652,1785184606.247767,1785184606.9897904,,,
block1-000790,597.2339496947825,1148.1985106365755,43,160.0,597.0522430725396,1148.0168040143326,0.18170662224292755,block1:s3,gated_rule_c,mixed,1785184605.7626243,1785184605.7628064,1785184606.3598678,1785184606.910833,,,
block1-000791,458.3394854562357,1200.9899334516376,48,60.0,457.28243503253907,1199.932883027941,1.0570504236966372,block1:s3,gated_rule_c,mixed,1785184605.8078532,1785184605.8089106,1785184606.2662022,1785184607.0088525,,,
block1-000792,494.6555523201823,1195.7409722963348,48,20.0,493.54437401052564,1194.6297939866781,1.1111783096566796,block1:s4,gated_rule_c,mixed,1785184606.257805,1785184606.2589166,1785184606.7524695,1785184607.4535558,,,
block1-000793,470.29269172344357,1169.6223757462576,48,15.0,469.6373490151018,1168.9670330379158,0.6553427083417773,block1:s4,gated_rule_c,mixed,1785184606.3606973,1785184606.361353,1785184606.8309972,1785184607.5303273,,,
block1-000794,106.61619808524847,2703.292854013853,123,412.5,106.18279897607863,2702.859454904683,0.4333991091698408,block1:zero_tool,gated_rule_c,mixed,1785184606.3931253,1785184606.3935592,1785184606.4997523,1785184609.0964289,,,
block1-000795,429.42447517998517,1201.103050261736,48,280.0,428.37782797869295,1200.0564030604437,1.0466472012922168,block1:s4,gated_rule_c,mixed,1785184606.5793383,1785184606.580385,1785184607.0087714,1785184607.78045,,,
block1-000796,448.6491410061717,1163.7983820401132,48,95.0,448.28825490549207,1163.4374959394336,0.360886100679636,block1:s4,gated_rule_c,mixed,1785184607.022664,1785184607.023025,1785184607.471321,1785184608.18647,,,
block1-000797,538.1463278317824,1159.8462018882856,48,320.0,537.0034580118954,1158.7033320683986,1.1428698198869824,block1:s4,gated_rule_c,mixed,1785184607.294143,1785184607.295287,1785184607.8323014,1785184608.4540012,,,
block1-000798,480.0011297920719,1114.1847968101501,48,395.0,479.53317302744836,1113.7168400455266,0.46795676462352276,block1:s4,gated_rule_c,mixed,1785184607.5109687,1785184607.511437,1785184607.9909787,1785184608.6251626,,,
block1-000799,490.96347426529974,1143.641208182089,49,10.0,490.0843520881608,1142.76208600495,0.8791221771389246,block1:s4,gated_rule_c,mixed,1785184607.519282,1785184607.5201614,1785184608.0102508,1785184608.6629283,,,
block1-000800,80.93449065927416,2616.6986997704953,117,17.5,80.56441694498062,2616.3286260562018,0.3700737142935395,block1:zero_tool,gated_rule_c,mixed,1785184607.7544131,1785184607.754784,1785184607.8353586,1785184610.3711228,,,
block1-000801,74.12368920631707,7595.19300411921,315,107.5,73.75842006877065,7594.8277349816635,0.3652691375464201,block1:zero_tool,gated_rule_c,mixed,1785184608.2241154,1785184608.224481,1785184608.298247,1785184615.819316,,,
block1-000802,308.6947905831039,974.9345605960116,43,25.0,306.60330003593117,972.8430700488389,2.091490547172725,block1:s1,gated_rule_c,mixed,1785184608.7113206,1785184608.7134123,1785184609.0200243,1785184609.6862643,,,
block1-000803,310.6824909336865,841.7109958827496,36,12.5,309.7691850271076,840.7976899761707,0.9133059065788984,block1:s1,gated_rule_c,mixed,1785184608.825832,1785184608.8267457,1785184609.1365237,1785184609.6675527,,,
block1-000804,368.70073433965445,977.577667334117,39,170.0,366.8147950666025,975.6917280610651,1.8859392730519176,block1:s1,gated_rule_c,mixed,1785184609.069706,1785184609.0715928,1785184609.4384184,1785184610.0472956,,,
block1-000805,125.87817653547972,1732.9656345536932,65,60.0,125.42399007361382,1732.5114480918273,0.45418646186590195,block1:s1,gated_rule_c,mixed,1785184609.0718484,1785184609.0723028,1785184609.1977322,1785184610.8048193,,,
block1-000806,85.10849659796804,1796.863505616784,69,92.5,84.45102791301906,1796.2060369318351,0.6574686849489808,block1:s1,gated_rule_c,mixed,1785184609.1870341,1785184609.1876924,1785184609.2721565,1785184610.9839115,,,
block1-000807,222.66368835698813,814.2283953493461,31,15.0,222.14200301095843,813.7067100033164,0.5216853460296988,block1:s1,gated_rule_c,mixed,1785184609.3590777,1785184609.3596,1785184609.5817525,1785184610.1733172,,,
block1-000808,263.73174670152366,968.8160166842863,38,145.0,263.30871507525444,968.3929850580171,0.4230316262692213,block1:s2,gated_rule_c,mixed,1785184609.4226863,1785184609.423111,1785184609.686432,1785184610.3915164,,,
block1-000809,365.4596983687952,1071.1477843578905,38,105.0,364.8846299620345,1070.5727159511298,0.5750684067606926,block1:s2,gated_rule_c,mixed,1785184609.564916,1785184609.5654912,1785184609.9303849,1785184610.6360726,,,
block1-000810,399.4913180358708,1059.8515439778566,36,12.5,397.7401650045067,1058.1003909464926,1.7511530313640833,block1:s2,gated_rule_c,mixed,1785184609.698881,1785184609.700633,1785184610.0983858,1785184610.758746,,,
block1-000811,87.40706811659038,10320.009053102694,418,10.0,86.74472908023745,10319.346714066342,0.6623390363529325,block1:zero_tool,gated_rule_c,mixed,1785184609.78537,1785184609.7860332,1785184609.8727875,1785184620.1053894,,,
block1-000812,406.31206310354173,1037.9356211051345,35,297.5,405.81555396784097,1037.4391119694337,0.49650913570076227,block1:s2,gated_rule_c,mixed,1785184609.9646387,1785184609.9651356,1785184610.3709617,1785184611.002586,,,
block1-000813,608.2804126199335,1340.619582682848,49,12.5,608.0119699472561,1340.3511400101706,0.2684426726773381,block1:s2,gated_rule_c,mixed,1785184609.9721859,1785184609.9724553,1785184610.5804772,1785184611.3128164,,,
block1-000814,120.20718934945762,4243.073996272869,171,15.0,119.1068789921701,4241.973685915582,1.1003103572875261,block1:zero_tool,gated_rule_c,mixed,1785184610.011199,1785184610.0123,1785184610.1314173,1785184614.2542844,,,
block1-000815,425.1658037537709,1080.0978017505258,37,95.0,424.2978310212493,1079.2298290180042,0.8679727325215936,block1:s2,gated_rule_c,mixed,1785184610.0196278,1785184610.0204961,1785184610.4448025,1785184611.0997353,,,
block1-000816,302.3372107418254,957.4812176870182,32,15.0,301.80339701473713,956.9474039599299,0.5338137270882726,block1:s3,gated_rule_c,mixed,1785184610.1423888,1785184610.1429226,1785184610.4447358,1785184611.0998797,,,
block1-000817,377.76687322184443,1055.3631061920896,39,117.5,376.46797997877,1054.0642129490152,1.2988932430744171,block1:s3,gated_rule_c,mixed,1785184610.340747,1785184610.3420463,1785184610.718522,1785184611.3961189,,,
block1-000818,481.42912972252816,1170.040217693895,41,12.5,480.78928398899734,1169.4003719603643,0.6398457335308194,block1:s3,gated_rule_c,mixed,1785184610.4758291,1785184610.4764693,1785184610.9572659,1785184611.6458778,,,
block1-000819,135.55586722213775,11149.983477196656,453,170.0,134.87329799681902,11149.300907971337,0.6825692253187299,block1:zero_tool,gated_rule_c,mixed,1785184610.5501966,1785184610.5508802,1785184610.685763,1785184621.7001905,,,
block1-000820,511.0153543064371,1259.6706072799861,48,320.0,510.69166394881904,1259.346916922368,0.3236903576180339,block1:s3,gated_rule_c,mixed,1785184610.5650878,1785184610.5654118,1785184611.0761108,1785184611.8247666,,,
block1-000821,79.29929543752223,4017.5418604630977,164,10.0,78.63095204811543,4016.873517073691,0.6683433894068003,block1:zero_tool,gated_rule_c,mixed,1785184610.6192274,1785184610.619897,1785184610.698537,1785184614.6367798,,,
block1-000822,528.8495948771015,1120.8104398101568,43,322.5,528.3011071151122,1120.2619520481676,0.5484877619892359,block1:s3,gated_rule_c,mixed,1785184610.7625015,1785184610.7630503,1785184611.2913587,1785184611.8833191,,,
block1-000823,104.95198145508766,3770.852511515841,154,115.0,104.20588497072458,3770.106415031478,0.7460964843630791,block1:zero_tool,gated_rule_c,mixed,1785184610.7928486,1785184610.7935948,1785184610.89781,1785184614.5637102,,,
block1-000824,428.80103399511427,1177.803955040872,48,395.0,428.49541804753244,1177.4983390932903,0.30561594758182764,block1:s4,gated_rule_c,mixed,1785184610.9441726,1785184610.9444788,1785184611.3729844,1785184612.1219869,,,
block1-000825,495.8708882331848,1295.5739483004436,48,107.5,495.0890529435128,1294.7921130107716,0.7818352896720171,block1:s4,gated_rule_c,mixed,1785184611.3472958,1785184611.3480783,1785184611.8431773,1785184612.6428802,,,
block1-000826,463.15747674088925,1260.588433709927,48,52.5,462.835893034935,1260.2668500039726,0.3215837059542537,block1:s4,gated_rule_c,mixed,1785184611.42006,1785184611.4203818,1785184611.8832247,1785184612.6806557,,,
block1-000827,452.6909099658951,1250.2639859449118,48,287.5,451.58092002384365,1249.1539960028604,1.1099899420514703,block1:s4,gated_rule_c,mixed,1785184611.4494631,1785184611.450574,1785184611.9021642,1785184612.6997373,,,
block1-000828,129.99999371822923,3761.678119772114,154,105.0,129.16695198509842,3760.845078038983,0.8330417331308126,block1:zero_tool,gated_rule_c,mixed,1785184611.4768114,1785184611.4776444,1785184611.6068175,1785184615.2384944,,,
block1-000829,559.1366938315332,1233.4883217699826,48,282.5,558.2343760179356,1232.586003956385,0.9023178135976195,block1:s4,gated_rule_c,mixed,1785184612.0800056,1785184612.0809088,1785184612.6391542,1785184613.3135056,,,
block1-000830,559.6541074337438,1234.8898604977876,48,115.0,558.8664109818637,1234.1021640459076,0.7876964518800378,block1:s4,gated_rule_c,mixed,1785184612.1932628,1785184612.1940506,1785184612.7529247,1785184613.4281607,,,
block1-000831,530.9217043686658,1317.328036413528,49,105.0,530.00530495774,1316.4116370026022,0.9163994109258056,block1:s4,gated_rule_c,mixed,1785184612.405872,1785184612.4067903,1785184612.9368114,1785184613.7232187,,,
block1-000832,433.72820469085127,1096.2177757173777,43,15.0,432.80978489201516,1095.2993559185416,0.918419798836112,block1:s1,gated_rule_c,mixed,1785184612.4800694,1785184612.4809887,1785184612.9138088,1785184613.5762985,,,
block1-000833,90.99993563722819,10971.462500630878,449,22.5,90.58608999475837,10971.048654988408,0.41384564246982336,block1:zero_tool,gated_rule_c,mixed,1785184612.5517757,1785184612.5521905,1785184612.6427863,1785184623.5232496,,,
block1-000834,325.8622850989923,851.5416531590745,36,177.5,325.571923982352,851.2512920424342,0.29036111664026976,block1:s1,gated_rule_c,mixed,1785184612.6730716,1785184612.6733623,1785184612.9989421,1785184613.5246217,,,
block1-000835,84.22193746082485,3627.963785431348,146,117.5,83.41976499650627,3627.161612967029,0.8021724643185735,block1:zero_tool,gated_rule_c,mixed,1785184612.832648,1785184612.8334503,1785184612.9168782,1785184616.4606204,,,
block1-000836,81.89302054233849,3660.0657125236467,143,412.5,81.60130004398525,3659.7739920252934,0.2917204983532429,block1:zero_tool,gated_rule_c,mixed,1785184613.1706374,1785184613.17093,1785184613.25254,1785184616.8307128,,,
block1-000837,170.93195614870638,8502.735299174674,339,17.5,170.04289606120437,8501.846239087172,0.8890600875020027,block1:zero_tool,gated_rule_c,mixed,1785184613.1977224,1785184613.1986115,1785184613.3686616,1785184621.7004647,,,
block1-000838,474.6464741183445,1194.246664061211,39,15.0,474.3642939720303,1193.9644839148968,0.28218014631420374,block1:s1,gated_rule_c,mixed,1785184613.248789,1785184613.2490718,1785184613.7234452,1785184614.4430459,,,
block1-000839,565.4510486638173,1060.67985156551,31,17.5,564.8512750631198,1060.0800779648125,0.5997736006975174,block1:s1,gated_rule_c,mixed,1785184613.2692356,1785184613.2698364,1785184613.8346968,1785184614.3299258,,,
block1-000840,642.8856498096138,1212.4482988147065,38,17.5,642.1916480176151,1211.7542970227078,0.694001791998744,block1:s2,gated_rule_c,mixed,1785184613.3507254,1785184613.351421,1785184613.993629,1785184614.563192,,,
block1-000841,357.05902671907097,1904.5073996530846,67,320.0,355.94958008732647,1903.39795302134,1.109446631744504,block1:s2,gated_rule_c,mixed,1785184613.4773786,1785184613.4784896,1785184613.8344548,1785184615.381903,,,
block1-000842,1111.3991719903424,1640.0824970332906,36,412.5,1111.0674149822444,1639.7507400251925,0.33175700809806585,block1:s2,gated_rule_c,mixed,1785184613.52552,1785184613.525852,1785184614.6369264,1785184615.1656106,,,
block1-000843,1034.6018386771902,1771.047908696346,43,105.0,1033.5334440460429,1769.9795140651986,1.0683946311473846,block1:s2,gated_rule_c,mixed,1785184613.6619272,1785184613.6629965,1785184614.6965399,1785184615.4329858,,,
block1-000844,672.8743852581829,4296.26685124822,149,282.5,670.8709750091657,4294.263440999202,2.003410249017179,block1:zero_tool,gated_rule_c,mixed,1785184613.827393,1785184613.8293972,1785184614.5002804,1785184618.1236732,,,
block1-000845,645.3347319038585,4897.833727998659,178,22.5,644.4661499699578,4896.965146064758,0.8685819339007139,block1:zero_tool,gated_rule_c,mixed,1785184613.9912133,1785184613.9920826,1785184614.63656,1785184618.8890588,,,
block1-000846,478.9132294245064,1239.0842963941395,44,15.0,478.5762820392847,1238.7473490089178,0.33694738522171974,block1:s2,gated_rule_c,mixed,1785184614.457035,1785184614.4573724,1785184614.9359567,1785184615.6961272,,,
block1-000847,354.1746938135475,974.9600278446451,37,155.0,353.52311795577407,974.3084519868717,0.6515758577734232,block1:s2,gated_rule_c,mixed,1785184614.661733,1785184614.662385,1785184615.0159173,1785184615.6367025,,,
block1-000848,753.1181306112558,1458.9437666581944,35,20.0,752.7533039683476,1458.5789400152862,0.3648266429081559,block1:s3,gated_rule_c,mixed,1785184614.6797228,1785184614.680088,1785184615.4328487,1785184616.1386743,,,
block1-000849,477.2164656314999,3560.2032867027447,128,52.5,476.94438498001546,3559.9312060512602,0.27208065148442984,block1:zero_tool,gated_rule_c,mixed,1785184614.8228867,1785184614.823159,1785184615.300111,1785184618.3830981,,,
block1-000850,903.1321839429438,1663.6441379087046,48,70.0,902.2780189989135,1662.7899729646742,0.8541649440303445,block1:s3,gated_rule_c,mixed,1785184615.032277,1785184615.033132,1785184615.9354208,1785184616.6959329,,,
block1-000851,566.0258221905679,1334.1716472059488,41,412.5,565.2266130782664,1333.3724380936474,0.7992091123014688,block1:s3,gated_rule_c,mixed,1785184615.1257632,1785184615.126563,1785184615.6917984,1785184616.4599445,,,
block1-000852,413.10514183714986,3667.234150925651,136,135.0,412.19379589892924,3666.3228049874306,0.9113459382206202,block1:zero_tool,gated_rule_c,mixed,1785184615.2827723,1785184615.2836838,1785184615.6958866,1785184618.9500158,,,
block1-000853,325.05620224401355,3145.9164092084393,119,15.0,324.05000599101186,3144.9102129554376,1.00619625300169,block1:zero_tool,gated_rule_c,mixed,1785184615.4285612,1785184615.4295678,1785184615.7536268,1785184618.5744867,,,
block1-000854,821.4635074837133,1438.592069549486,43,107.5,821.3175139389932,1438.446076004766,0.14599354472011328,block1:s3,gated_rule_c,mixed,1785184615.5139592,1785184615.5141056,1785184616.335431,1785184616.9525595,,,
block1-000855,536.1646226374432,1349.9440957093611,43,15.0,535.69762094412,1349.4770940160379,0.4670016933232546,block1:s3,gated_rule_c,mixed,1785184615.6024075,1785184615.6028745,1785184616.1385794,1785184616.952359,,,
block1-000856,1165.0657217251137,1876.1425977572799,48,117.5,1163.883997942321,1874.9608739744872,1.1817237827926874,block1:s4,gated_rule_c,mixed,1785184615.7666829,1785184615.7678645,1785184616.9317572,1785184617.642834,,,
block1-000857,798.9859462250024,1531.3594081671908,48,17.5,797.9050650028512,1530.2785269450396,1.0808812221512198,block1:s4,gated_rule_c,mixed,1785184615.7970147,1785184615.7980962,1785184616.5960095,1785184617.328383,,,
block1-000858,1222.868172568269,1935.5090165045112,48,115.0,1221.5453330427408,1934.186176978983,1.3228395255282521,block1:s4,gated_rule_c,mixed,1785184615.904805,1785184615.9061284,1785184617.1276824,1785184617.840323,,,
block1-000859,767.4382937839255,1478.3002017065883,48,70.0,765.8159530255944,1476.6778609482571,1.62234075833112,block1:s4,gated_rule_c,mixed,1785184616.1642604,1785184616.1658828,1785184616.931707,1785184617.642569,,,
block1-000860,710.4978577699512,4829.25080077257,172,105.0,710.0618940312415,4828.81483703386,0.4359637387096882,block1:zero_tool,gated_rule_c,mixed,1785184616.1811225,1785184616.1815588,1785184616.8916266,1785184621.0103793,,,
block1-000861,1386.412707506679,2106.098967487924,48,15.0,1384.7190820379183,2104.405342019163,1.6936254687607288,block1:s4,gated_rule_c,mixed,1785184616.352913,1785184616.354607,1785184617.73934,1785184618.4590263,,,
block1-000862,850.3926448756829,1583.6008299374953,48,10.0,848.7965429667383,1582.0047280285507,1.5961019089445472,block1:s4,gated_rule_c,mixed,1785184616.4783864,1785184616.4799829,1785184617.3287888,1785184618.0619974,,,
block1-000863,543.0389054818079,3666.6591855464503,133,75.0,542.8255659062415,3666.445845970884,0.2133395755663514,block1:zero_tool,gated_rule_c,mixed,1785184616.4876132,1785184616.4878266,1785184617.0306597,1785184620.1542795,,,
block1-000864,1470.3168096020818,2161.674818606116,43,172.5,1470.1563619310036,2161.5143709350377,0.1604476710781455,block1:s1,gated_rule_c,mixed,1785184616.509782,1785184616.5099428,1785184617.9801075,1785184618.6714656,,,
block1-000865,1100.7925900630653,2743.4914800105616,71,107.5,1099.733264069073,2742.4321540165693,1.0593259939923882,block1:s1,gated_rule_c,mixed,1785184616.6189668,1785184616.6200266,1785184617.7197685,1785184619.3624675,,,
block1-000866,1334.4177966937423,1991.7279987130314,40,100.0,1333.2733189454302,1990.5835209647194,1.144477748312056,block1:s1,gated_rule_c,mixed,1785184616.7832415,1785184616.7843866,1785184618.1176689,1785184618.7749794,,,
block1-000867,1629.9255297053605,2352.827055612579,45,70.0,1629.0235850028694,2351.925110910088,0.9019447024911642,block1:s1,gated_rule_c,mixed,1785184616.8086112,1785184616.8095136,1785184618.438544,1785184619.161446,,,
block1-000868,1369.7147067869082,5352.616121759638,163,20.0,1368.6532969586551,5351.554711931385,1.0614098282530904,block1:zero_tool,gated_rule_c,mixed,1785184616.813232,1785184616.8142936,1785184618.1829555,1785184622.165857,,,
block1-000869,1577.6868149405345,9194.666008930653,299,297.5,1577.1799350623041,9194.159129052423,0.5068798782303929,block1:zero_tool,gated_rule_c,mixed,1785184616.8604476,1785184616.860956,1785184618.4381466,1785184626.0551262,,,
block1-000870,1401.8962961854413,5466.360643156804,167,95.0,1400.9032669709995,5465.367613942362,0.9930292144417763,block1:zero_tool,gated_rule_c,mixed,1785184617.1137853,1785184617.1147797,1785184618.5156941,1785184622.5801585,,,
block1-000871,1595.7680135034025,2206.2177074840292,35,70.0,1595.6050331005827,2206.0547270812094,0.1629804028198123,block1:s1,gated_rule_c,mixed,1785184617.2525158,1785184617.2526798,1785184618.8482962,1785184619.4587467,,,
block1-000872,1608.8330569909886,2209.804264944978,34,20.0,1608.4103740286082,2209.3815819825977,0.42268296238034964,block1:s2,gated_rule_c,mixed,1785184617.340659,1785184617.3410819,1785184618.9495013,1785184619.5504718,,,
block1-000873,803.1072529265657,5551.046471926384,193,115.0,802.2319519659504,5550.171170965768,0.8753009606152773,block1:zero_tool,gated_rule_c,mixed,1785184618.025585,1785184618.0264604,1785184618.8287,1785184623.57664,,,
block1-000874,1123.1856701197103,1671.370916068554,36,20.0,1122.5008990149945,1670.6861449638382,0.6847711047157645,block1:s2,gated_rule_c,mixed,1785184618.1353219,1785184618.136007,1785184619.2585182,1785184619.8067062,,,
block1-000875,843.7507074559107,2576.8781404476613,69,155.0,842.2478829743341,2575.3753159660846,1.5028244815766811,block1:s2,gated_rule_c,mixed,1785184618.1723034,1785184618.173807,1785184619.016064,1785184620.7491918,,,
block1-000876,1116.1371300695464,1658.907157019712,36,107.5,1115.156854968518,1657.9268819186836,0.9802751010283828,block1:s2,gated_rule_c,mixed,1785184618.3937802,1785184618.3947608,1785184619.509926,1785184620.0526965,,,
block1-000877,809.2816148418933,1598.719977773726,44,20.0,808.9977810159326,1598.4361439477652,0.28383382596075535,block1:s2,gated_rule_c,mixed,1785184618.9161768,1785184618.9164608,1785184619.7254667,1785184620.5149047,,,
block1-000878,890.1984271360561,1521.8972470611334,38,115.0,890.0770550826564,1521.7758750077337,0.12137205339968204,block1:s2,gated_rule_c,mixed,1785184618.9180489,1785184618.9181707,1785184619.8082547,1785184620.4399538,,,
block1-000879,518.9037672244012,3628.294022171758,127,105.0,518.2182870339602,3627.608541981317,0.6854801904410124,block1:zero_tool,gated_rule_c,mixed,1785184619.0864124,1785184619.0870984,1785184619.605325,1785184622.7147155,,,
block1-000880,912.4407068593428,1573.390451958403,32,10.0,911.9710959494114,1572.9208410484716,0.4696109099313617,block1:s3,gated_rule_c,mixed,1785184619.118696,1785184619.1191661,1785184620.0311472,1785184620.6920974,,,
block1-000881,1161.5327368490398,1912.869193824008,39,95.0,1161.0356520395726,1912.372109014541,0.49708480946719646,block1:s3,gated_rule_c,mixed,1785184619.194206,1785184619.1947033,1785184620.355748,1785184621.1070838,,,
block1-000882,1817.8668320178986,2508.866184973158,41,545.0,1817.62443005573,2508.6237830109894,0.24240196216851473,block1:s3,gated_rule_c,mixed,1785184619.2484705,1785184619.2487135,1785184621.0663486,1785184621.7573476,,,
block1-000883,1151.571693830192,5503.654493833892,175,25.0,1151.3454570667818,5503.428257070482,0.22623676341027021,block1:zero_tool,gated_rule_c,mixed,1785184619.6607902,1785184619.661017,1785184620.812371,1785184625.1644547,,,
block1-000884,1004.3812594376504,1700.549622415565,41,140.0,1003.3963200403377,1699.5646830182523,0.9849393973127007,block1:s3,gated_rule_c,mixed,1785184619.8073566,1785184619.8083417,1785184620.8117483,1785184621.5079172,,,
block1-000885,770.2139352913946,1502.5802493328229,46,70.0,769.5455559296533,1501.9118699710816,0.6683793617412448,block1:s3,gated_rule_c,mixed,1785184619.8187625,1785184619.8194313,1785184620.5889864,1785184621.321353,,,
block1-000886,823.6365063348785,1396.0448453435674,43,10.0,822.7516049519181,1395.159943960607,0.8849013829603791,block1:s3,gated_rule_c,mixed,1785184619.848741,1785184619.8496265,1785184620.6723888,1785184621.244797,,,
block1-000887,1034.9421707214788,5206.421575741842,165,22.5,1034.4750989461318,5205.954503966495,0.4670717753469944,block1:zero_tool,gated_rule_c,mixed,1785184620.0319042,1785184620.0323715,1785184621.0668564,1785184625.2383368,,,
block1-000888,1068.4128192951903,4998.838355299085,157,10.0,1067.212937050499,4997.638473054394,1.1998822446912527,block1:zero_tool,gated_rule_c,mixed,1785184620.0940666,1785184620.0952675,1785184621.1624906,1785184625.0929165,,,
block1-000889,1403.8045334164053,2145.7092333585024,48,115.0,1403.3921400550753,2145.2968399971724,0.41239336133003235,block1:s4,gated_rule_c,mixed,1785184620.2754862,1785184620.2758992,1785184621.6793003,1785184622.4212048,,,
block1-000890,570.855273399502,1378.6020644474775,48,160.0,570.3171850182116,1378.063976066187,0.5380883812904358,block1:s4,gated_rule_c,mixed,1785184620.3785217,1785184620.3790607,1785184620.9493883,1785184621.7571354,,,
block1-000891,823.0136362835765,4754.129058215767,155,155.0,822.7628150489181,4753.878236981109,0.2508212346583605,block1:zero_tool,gated_rule_c,mixed,1785184620.5599635,1785184620.5602155,1785184621.382991,1785184625.314107,,,
block1-000892,1388.7727648252621,2085.163236828521,48,17.5,1387.6729119801894,2084.063383983448,1.0998528450727463,block1:s4,gated_rule_c,mixed,1785184620.5753286,1785184620.576429,1785184621.9641113,1785184622.6605017,,,
block1-000893,1009.6885081147775,4214.678707183339,131,70.0,1008.1811629934236,4213.171362061985,1.5073451213538647,block1:zero_tool,gated_rule_c,mixed,1785184620.8009243,1785184620.802433,1785184621.8106272,1785184625.0156176,,,
block1-000894,999.6579481521621,1804.9554791068658,48,17.5,998.7547360360622,1804.052266990766,0.903212116099894,block1:s4,gated_rule_c,mixed,1785184621.1444662,1785184621.1453698,1785184622.1441348,1785184622.9494324,,,
block1-000895,690.3164107352495,1455.5888808099553,48,15.0,688.2196749793366,1453.4921450540423,2.0967357559129596,block1:s4,gated_rule_c,mixed,1785184621.434023,1785184621.4361203,1785184622.1243496,1785184622.889622,,,
block1-000896,81.09108975622803,2875.1440518535674,117,15.0,80.40031895507127,2874.4532810524106,0.6907708011567593,block1:zero_tool,gated_rule_c,mixed,1785184621.802051,1785184621.802742,1785184621.8831518,1785184624.6772044,,,
block1-000897,296.9136807369068,18170.68623972591,723,350.0,296.1053140461445,18169.877873035148,0.808366690762341,block1:zero_tool,gated_rule_c,mixed,1785184621.9258716,1785184621.92668,1785184622.2227938,1785184640.0965664,,,
block1-000898,527.6948476675898,1220.9676436614245,40,105.0,526.959310984239,1220.2321069780737,0.7355366833508015,block1:s1,gated_rule_c,mixed,1785184622.1866126,1785184622.1873481,1785184622.714317,1785184623.4075894,,,
block1-000899,428.13215497881174,6520.277134957723,242,60.0,426.96093302220106,6519.105913001113,1.1712219566106796,block1:zero_tool,gated_rule_c,mixed,1785184622.2119637,1785184622.2131352,1785184622.6401038,1785184628.7322485,,,
block1-000900,661.0603366279975,1302.2693546954542,39,17.5,660.8233269071206,1302.0323449745774,0.23700972087681293,block1:s1,gated_rule_c,mixed,1785184622.4028811,1785184622.4031188,1785184623.0639517,1785184623.7051609,,,
block1-000901,80.14138869475573,1520.3012666897848,61,280.0,79.79312399402261,1519.9530019890517,0.3482647007331252,block1:s1,gated_rule_c,mixed,1785184622.728669,1785184622.7290175,1785184622.8088217,1785184624.248982,,,
block1-000902,176.10685620456934,1766.9530612183735,69,145.0,175.68249301984906,1766.5286980336532,0.4243631847202778,block1:s1,gated_rule_c,mixed,1785184622.8245368,1785184622.8249614,1785184623.000656,1785184624.5915027,,,
block1-000903,283.52862887550145,843.9794299192727,31,20.0,281.44078701734543,841.8915880611166,2.0878418581560254,block1:s1,gated_rule_c,mixed,1785184622.8613317,1785184622.86342,1785184623.1448708,1785184623.705321,,,
block1-000904,575.4631474846974,3910.64323449973,124,177.5,575.0942780869082,3910.274365101941,0.3688693977892399,block1:zero_tool,gated_rule_c,mixed,1785184622.8883436,1785184622.8887126,1785184623.4638135,1785184626.7989945,,,
block1-000905,834.0041394112632,1550.8693744195625,42,17.5,832.9782170476392,1549.8434520559385,1.0259223636239767,block1:s2,gated_rule_c,mixed,1785184623.12682,1785184623.1278465,1785184623.960835,1785184624.6776993,,,
block1-000906,832.9940602416173,1352.7358372230083,37,105.0,831.9718049606308,1351.7135819420218,1.0222552809864283,block1:s2,gated_rule_c,mixed,1785184623.1459937,1785184623.1470163,1785184623.978995,1785184624.4987364,,,
block1-000907,596.9275257084519,1396.412261761725,43,85.0,595.7905090181157,1395.2752450713888,1.1370166903361678,block1:s2,gated_rule_c,mixed,1785184623.4610775,1785184623.462215,1785184624.058017,1785184624.857503,,,
block1-000908,479.7506555914879,1033.068693592213,36,145.0,479.5676759677008,1032.885713968426,0.18297962378710508,block1:s2,gated_rule_c,mixed,1785184623.558637,1785184623.558821,1785184624.0384014,1785184624.5917187,,,
block1-000909,976.1896220734343,1873.2697950908914,44,282.5,975.766715942882,1872.8468889603391,0.42290613055229187,block1:s2,gated_rule_c,mixed,1785184623.6686187,1785184623.6690433,1785184624.644827,1785184625.5419068,,,
block1-000910,1246.4106935076416,2106.4478125190362,44,15.0,1245.739571051672,2105.776690063067,0.6711224559694529,block1:s2,gated_rule_c,mixed,1785184623.7489278,1785184623.749599,1785184624.9953477,1785184625.8553855,,,
block1-000911,996.2580262217671,1630.6775582488626,37,395.0,994.4469210458919,1628.8664530729875,1.8111051758751273,block1:s2,gated_rule_c,mixed,1785184624.07062,1785184624.0724313,1785184625.0668883,1785184625.701308,,,
block1-000912,603.2672094879672,4219.806316541508,142,155.0,602.4382880423218,4218.977395095862,0.8289214456453919,block1:zero_tool,gated_rule_c,mixed,1785184624.0745177,1785184624.0753472,1785184624.6777942,1785184628.2943337,,,
block1-000913,890.710017294623,1751.716969301924,39,287.5,890.4139639344066,1751.4209159417078,0.29605336021631956,block1:s3,gated_rule_c,mixed,1785184624.1038907,1785184624.1041868,1785184624.9946096,1785184625.855616,,,
block1-000914,971.3548130821437,1608.210505102761,38,172.5,970.9641130175442,1607.8198050381616,0.390700064599514,block1:s3,gated_rule_c,mixed,1785184624.1932428,1785184624.1936343,1785184625.1646087,1785184625.8014653,,,
block1-000915,1336.2377879675478,2219.9759549694136,48,17.5,1335.3267289930955,2219.0648959949613,0.9110589744523168,block1:s3,gated_rule_c,mixed,1785184624.323561,1785184624.324473,1785184625.6598105,1785184626.5435488,,,
block1-000916,1039.0839689644054,1893.6641809996217,48,20.0,1038.8665579957888,1893.4467700310051,0.2174109686166048,block1:s3,gated_rule_c,mixed,1785184624.3542652,1785184624.354483,1785184625.3933573,1785184626.2479374,,,
block1-000917,783.3591399248689,3795.1713369693607,124,412.5,782.6073759933934,3794.419573037885,0.7517639314755797,block1:zero_tool,gated_rule_c,mixed,1785184624.592138,1785184624.5928898,1785184625.375506,1785184628.3873181,,,
block1-000918,818.9241926884279,1703.8040506886318,48,12.5,818.0411129724234,1702.9209709726274,0.8830797160044312,block1:s3,gated_rule_c,mixed,1785184624.7013664,1785184624.7022498,1785184625.5202994,1785184626.4051807,,,
block1-000919,832.3507851455361,4264.853145228699,144,280.0,831.9435250014067,4264.445885084569,0.4072601441293955,block1:zero_tool,gated_rule_c,mixed,1785184624.7634437,1785184624.7638526,1785184625.5958095,1785184629.0283117,,,
block1-000920,845.4022012883797,1731.7502573132515,48,47.5,844.8181269923225,1731.1661830171943,0.5840742960572243,block1:s4,gated_rule_c,mixed,1785184624.771208,1785184624.7717924,1785184625.6166182,1785184626.502967,,,
block1-000921,704.5539544196799,1573.9608415169641,48,307.5,704.261481994763,1573.6683690920472,0.29247242491692305,block1:s4,gated_rule_c,mixed,1785184624.8889422,1785184624.889235,1785184625.593506,1785184626.462913,,,
block1-000922,820.2646437566727,1605.6010007159784,48,10.0,819.4677419960499,1604.8040989553556,0.796901760622859,block1:s4,gated_rule_c,mixed,1785184625.4084868,1785184625.409284,1785184626.2287648,1785184627.0141006,,,
block1-000923,860.6497612781823,1612.3561173444614,48,187.5,860.0174599559978,1611.7238160222769,0.6323013221845031,block1:s4,gated_rule_c,mixed,1785184625.481616,1785184625.4822493,1785184626.3422775,1785184627.093984,,,
block1-000924,891.0738157574087,1619.7838697116822,48,17.5,890.2013570768759,1618.9114110311493,0.8724586805328727,block1:s4,gated_rule_c,mixed,1785184625.5913982,1785184625.5922713,1785184626.4824848,1785184627.2111943,,,
block1-000925,573.2867663027719,1324.6255452977493,48,132.5,572.3058620933443,1323.6446410883218,0.9809042094275355,block1:s4,gated_rule_c,mixed,1785184625.748785,1785184625.7497666,1785184626.3220859,1785184627.0734234,,,
block1-000926,541.2271685199812,1292.7932555321604,48,15.0,540.5960760544986,1292.1621630666777,0.6310924654826522,block1:s4,gated_rule_c,mixed,1785184625.8009536,1785184625.801585,1785184626.3421907,1785184627.093757,,,
block1-000927,476.4797360403463,1199.6112630004063,48,485.0,475.7923859870061,1198.9239129470661,0.6873500533401966,block1:s4,gated_rule_c,mixed,1785184626.1885192,1785184626.1892076,1785184626.665012,1785184627.388144,,,
block1-000928,176.4444629661739,3634.5755259972066,148,15.0,175.38555595092475,3633.5166189819574,1.058907015249133,block1:zero_tool,gated_rule_c,mixed,1785184626.2857912,1785184626.2868516,1785184626.4622526,1785184629.920383,,,
block1-000929,105.24248925503343,1693.8504741992801,69,282.5,104.04635698068887,1692.6543419249356,1.1961322743445635,block1:s1,gated_rule_c,mixed,1785184626.542452,1785184626.5436482,1785184626.6477048,1785184628.2363122,,,
block1-000930,338.47261185292155,1061.5955189568922,40,15.0,338.13503000419587,1061.2579371081665,0.33758184872567654,block1:s1,gated_rule_c,mixed,1785184626.713948,1785184626.7142863,1785184627.0524344,1785184627.775558,,,
block1-000931,346.89592791255563,1050.1255189301446,43,15.0,345.65842198207974,1048.8880129996687,1.2375059304758906,block1:s1,gated_rule_c,mixed,1785184626.785667,1785184626.786907,1785184627.132585,1785184627.8358147,,,
block1-000932,310.31559978146106,1014.4667028216645,42,100.0,309.9703169427812,1014.1214199829847,0.3452828386798501,block1:s1,gated_rule_c,mixed,1785184626.8028595,1785184626.8032048,1785184627.113184,1785184627.8173354,,,
block1-000933,79.72299202810973,1482.3486930690706,61,12.5,79.13032895885408,1481.756029999815,0.59266306925565,block1:s1,gated_rule_c,mixed,1785184627.191297,1785184627.1918902,1785184627.2710323,1785184628.6736577,,,
block1-000934,87.12980162817985,4551.755338674411,182,170.0,86.42935194075108,4551.054888986982,0.7004496874287724,block1:zero_tool,gated_rule_c,mixed,1785184627.5142543,1785184627.5149558,1785184627.601397,1785184632.0660226,,,
block1-000935,137.27287540677935,1431.9031614577398,59,350.0,136.39319699723274,1431.0234830481932,0.8796784095466137,block1:s1,gated_rule_c,mixed,1785184627.5962625,1785184627.5971441,1785184627.733556,1785184629.0281856,,,
block1-000936,469.355167937465,1108.5908829700202,44,60.0,468.2916639139876,1107.5273789465427,1.0635040234774351,block1:s2,gated_rule_c,mixed,1785184627.6432822,1785184627.6443467,1785184628.112651,1785184628.7518861,,,
block1-000937,331.26498374622315,1010.2576217614114,40,322.5,330.94179502222687,1009.9344330374151,0.3231887239962816,block1:s2,gated_rule_c,mixed,1785184627.863173,1785184627.8634968,1785184628.1944487,1785184628.8734405,,,
block1-000938,77.07681192550808,4142.136942944489,165,17.5,76.7516769701615,4141.811807989143,0.3251349553465843,block1:zero_tool,gated_rule_c,mixed,1785184628.038339,1785184628.038665,1785184628.115426,1785184632.1804874,,,
block1-000939,363.77165256999433,1026.1941786156967,43,107.5,362.3770729172975,1024.7995989629999,1.394579652696848,block1:s2,gated_rule_c,mixed,1785184628.291493,1785184628.292889,1785184628.6552787,1785184629.317701,,,
block1-000940,331.0039909556508,855.1582349464297,36,282.5,330.82565595395863,854.9798999447376,0.17833500169217587,block1:s2,gated_rule_c,mixed,1785184628.5219607,1785184628.5221398,1785184628.852974,1785184629.3771281,,,
block1-000941,484.63481245562434,1288.7029354460537,49,107.5,484.2636820394546,1288.331805029884,0.3711304161697626,block1:s2,gated_rule_c,mixed,1785184628.7361119,1785184628.736483,1785184629.2207546,1785184630.024823,,,
block1-000942,134.0628481702879,7902.722783153877,321,280.0,133.70201794896275,7902.3619529325515,0.3608302213251591,block1:zero_tool,gated_rule_c,mixed,1785184629.074725,1785184629.0750866,1785184629.2087982,1785184636.9774575,,,
block1-000943,338.0481784697622,1068.9189864788204,37,12.5,337.1182179544121,1067.9890259634703,0.9299605153501034,block1:s2,gated_rule_c,mixed,1785184629.116162,1785184629.1170921,1785184629.4542162,1785184630.1850874,,,
block1-000944,565.9238087246194,1339.741805801168,48,172.5,564.8359099868685,1338.6539070634171,1.0878987377509475,block1:s3,gated_rule_c,mixed,1785184629.4082983,1785184629.4093866,1785184629.9742334,1785184630.7480514,,,
block1-000945,582.9106783494353,1328.3153343945742,48,15.0,581.86597796157,1327.2706340067089,1.044700387865305,block1:s3,gated_rule_c,mixed,1785184629.4416761,1785184629.4427218,1785184630.024597,1785184630.7700012,,,
block1-000946,513.1845370633528,1165.3589530615136,41,15.0,512.7572420751676,1164.9316580733284,0.4272949881851673,block1:s3,gated_rule_c,mixed,1785184629.4609742,1785184629.461402,1785184629.9741685,1785184630.6263418,,,
block1-000947,120.42332778219134,3980.2343657938763,160,115.0,119.77575602941215,3979.586794041097,0.6475717527791858,block1:zero_tool,gated_rule_c,mixed,1785184629.489784,1785184629.4904323,1785184629.6102192,1785184633.4700308,,,
block1-000948,521.2906219530851,1277.4732948746532,48,217.5,520.1981550781056,1276.3808279996738,1.0924668749794364,block1:s3,gated_rule_c,mixed,1785184629.5159907,1785184629.5170836,1785184630.0372903,1785184630.7934735,,,
block1-000949,418.74841635581106,1227.5445932755247,43,17.5,418.30257105175406,1227.0987479714677,0.44584530405700207,block1:s3,gated_rule_c,mixed,1785184629.9031715,1785184629.903618,1785184630.3219297,1785184631.1307263,,,
block1-000950,117.88188247010112,4177.9273664578795,171,170.0,117.3556640278548,4177.401148015633,0.5262184422463179,block1:zero_tool,gated_rule_c,mixed,1785184629.9067943,1785184629.9073207,1785184630.024684,1785184634.08473,,,
block1-000951,438.4097254369408,1322.1090944716707,48,20.0,436.73257890623063,1320.4319479409605,1.6771465307101607,block1:s3,gated_rule_c,mixed,1785184629.9828608,1785184629.984538,1785184630.4212806,1785184631.30498,,,
block1-000952,116.04434659238905,4158.543256577104,171,412.5,115.66363705787808,4158.162547042593,0.3807095345109701,block1:zero_tool,gated_rule_c,mixed,1785184630.0280845,1785184630.0284655,1785184630.144141,1785184634.1866405,,,
block1-000953,75.05620329175144,3295.6172173144296,133,117.5,74.75786306895316,3295.3188770916313,0.29834022279828787,block1:zero_tool,gated_rule_c,mixed,1785184630.4468088,1785184630.4471073,1785184630.5218742,1785184633.7424357,,,
block1-000954,81.66603313293308,3179.681082139723,130,60.0,81.50886197108775,3179.5239109778777,0.15717116184532642,block1:zero_tool,gated_rule_c,mixed,1785184630.5053573,1785184630.5055156,1785184630.5870364,1785184633.685052,,,
block1-000955,76.12895965576172,3777.198684751056,155,95.0,75.56228700559586,3776.6320121008903,0.5666726501658559,block1:zero_tool,gated_rule_c,mixed,1785184630.6110091,1785184630.6115758,1785184630.6871464,1785184634.388217,,,
block1-000956,609.4463046174496,1320.028719608672,48,545.0,608.4398339735344,1319.0222489647567,1.006470643915236,block1:s4,gated_rule_c,mixed,1785184630.745676,1785184630.7466836,1785184631.3551362,1785184632.0657196,,,
block1-000957,594.4027885561809,1355.9479105751961,48,110.0,593.9108260208741,1355.4559480398893,0.49196253530681133,block1:s4,gated_rule_c,mixed,1785184630.7649195,1785184630.7654133,1785184631.3593373,1785184632.1208827,,,
block1-000958,534.6990508260205,1337.8014718182385,48,287.5,534.5425839768723,1337.6450049690902,0.15646684914827347,block1:s4,gated_rule_c,mixed,1785184630.843458,1785184630.843616,1785184631.3781714,1785184632.181274,,,
block1-000959,573.2664671959355,1391.9780981959775,48,85.0,572.4427819950506,1391.1544129950926,0.8236852008849382,block1:s4,gated_rule_c,mixed,1785184630.946235,1785184630.9470606,1785184631.5195203,1785184632.3382313,,,
block1-000960,394.7932404698804,981.3724525738508,43,357.5,392.9714869009331,979.5506990049034,1.8217535689473152,block1:s1,gated_rule_c,mixed,1785184630.9602275,1785184630.9620495,1785184631.355029,1785184631.9416084,,,
block1-000961,355.573394917883,1843.1820429395884,66,60.0,354.61447294801474,1842.2231209697202,0.9589219698682427,block1:s1,gated_rule_c,mixed,1785184631.0035174,1785184631.0044773,1785184631.3591032,1785184632.8467124,,,
block1-000962,1435.3936647530645,2073.345690732822,44,22.5,1435.170873068273,2073.1228990480304,0.22279168479144573,block1:s1,gated_rule_c,mixed,1785184631.0081606,1785184631.0083838,1785184632.4435606,1785184633.0815134,,,
block1-000963,1422.2375432727858,2079.3338823132217,46,152.5,1420.1596690109,2077.256008051336,2.0778742618858814,block1:s1,gated_rule_c,mixed,1785184631.0841517,1785184631.0862308,1785184632.5064027,1785184633.1634984,,,
block1-000964,962.9677211632952,1525.9417861234397,39,10.0,962.3444919707254,1525.3185569308698,0.6232291925698519,block1:s1,gated_rule_c,mixed,1785184631.460608,1785184631.4612322,1785184632.423588,1785184632.9865625,,,
block1-000965,766.8256814358756,5448.595832451247,202,17.5,766.1868869327009,5447.957037948072,0.6387945031747222,block1:zero_tool,gated_rule_c,mixed,1785184631.4675345,1785184631.4681735,1785184632.234367,1785184636.9161367,,,
block1-000966,564.3276184564456,11983.215669402853,466,15.0,564.0689060091972,11982.956956955604,0.25871244724839926,block1:zero_tool,gated_rule_c,mixed,1785184631.6769762,1785184631.6772363,1785184632.241317,1785184643.6602051,,,
block1-000967,493.7162012793124,3857.5453512603417,146,22.5,493.007795070298,3856.8369450513273,0.7084062090143561,block1:zero_tool,gated_rule_c,mixed,1785184631.747867,1785184631.748576,1785184632.241593,1785184635.605422,,,
block1-000968,769.5241729961708,1368.218763032928,37,145.0,768.6275870073587,1367.322177044116,0.8965859888121486,block1:s2,gated_rule_c,mixed,1785184631.794987,1785184631.7958848,1785184632.5645254,1785184633.1632206,,,
block1-000969,1007.6388801680878,3596.398982219398,112,287.5,1007.0314179174602,3595.7915199687704,0.6074622506275773,block1:zero_tool,gated_rule_c,mixed,1785184631.89753,1785184631.8981383,1785184632.9051838,1785184635.4939442,,,
block1-000970,811.6361073916778,10548.201217432506,391,12.5,811.2077990081161,10547.772909048945,0.4283083835616708,block1:zero_tool,gated_rule_c,mixed,1785184632.2290642,1785184632.2294927,1785184633.040711,1785184642.7772758,,,
block1-000971,867.8519137902185,3845.201838761568,126,17.5,867.6740529481322,3845.0239779194817,0.17786084208637476,block1:zero_tool,gated_rule_c,mixed,1785184632.2727463,1785184632.2729254,1785184633.1406121,1785184636.117964,,,
block1-000972,600.9601163677871,3314.882713370025,115,217.5,600.5234749754891,3314.446071977727,0.4366413922980428,block1:zero_tool,gated_rule_c,mixed,1785184632.6233997,1785184632.6238382,1785184633.224377,1785184635.938299,,,
block1-000973,588.1722087506205,3894.4496758049354,141,187.5,587.1470679994673,3893.424535053782,1.0251407511532307,block1:zero_tool,gated_rule_c,mixed,1785184632.6363692,1785184632.6373947,1785184633.224548,1785184636.5308256,,,
block1-000974,982.4778704205528,1573.4138204716146,38,140.0,981.8005720153451,1572.736522066407,0.6772984052076936,block1:s2,gated_rule_c,mixed,1785184632.8742845,1785184632.8749628,1785184633.8567765,1785184634.4477127,,,
block1-000975,946.4613540330902,1682.0812670048326,37,117.5,945.6492019817233,1681.2691149534658,0.8121520513668656,block1:s2,gated_rule_c,mixed,1785184632.9513867,1785184632.9522,1785184633.89786,1785184634.6334798,,,
block1-000976,605.7983117643744,3573.6960897920653,125,25.0,605.1459800219163,3573.0437580496073,0.6523317424580455,block1:zero_tool,gated_rule_c,mixed,1785184633.1880462,1785184633.1886985,1785184633.7938557,1785184636.7617533,,,
block1-000977,934.5977411139756,3989.7450170246884,126,60.0,934.4844780862331,3989.631753996946,0.11326302774250507,block1:zero_tool,gated_rule_c,mixed,1785184633.2118838,1785184633.2119973,1785184634.14649,1785184637.2016366,,,
block1-000978,2638.525872025639,3251.501261955127,41,217.5,2637.6341260038316,3250.60951593332,0.8917460218071938,block1:s3,gated_rule_c,mixed,1785184633.2791648,1785184633.2800574,1785184635.9177058,1785184636.5306804,,,
block1-000979,2237.017759354785,2980.9351693838835,41,287.5,2236.5308209555224,2980.4482309846207,0.4869383992627263,block1:s3,gated_rule_c,mixed,1785184633.6017675,1785184633.6022549,1785184635.8388085,1785184636.5827265,,,
block1-000980,1017.6007333211601,1771.786954253912,48,60.0,1017.1604600036517,1771.3466809364036,0.4402733175083995,block1:s3,gated_rule_c,mixed,1785184633.8334458,1785184633.8338873,1785184634.8510633,1785184635.6052496,,,
block1-000981,667.4197983229533,1326.783060329035,44,412.5,665.0099779944867,1324.3732400005683,2.409820328466594,block1:s3,gated_rule_c,mixed,1785184633.9059386,1785184633.908351,1785184634.5733895,1785184635.2327528,,,
block1-000982,1745.492239948362,5623.10045293998,157,20.0,1745.1540930196643,5622.762306011282,0.3381469286978245,block1:zero_tool,gated_rule_c,mixed,1785184633.9176607,1785184633.9179993,1785184635.663165,1785184639.540776,,,
block1-000983,770.202883053571,1485.9522599726915,48,170.0,769.3149030674249,1485.0642799865454,0.8879799861460924,block1:s3,gated_rule_c,mixed,1785184634.0620153,1785184634.0629063,1785184634.8324385,1785184635.5481877,,,
block1-000984,1500.4667037865147,4811.163669801317,136,160.0,1499.6203680057079,4810.31733402051,0.8463357808068395,block1:zero_tool,gated_rule_c,mixed,1785184634.1630514,1785184634.1638978,1785184635.6635292,1785184638.9742267,,,
block1-000985,736.7979540722445,1508.4845389937982,48,10.0,735.2885360596702,1506.9751209812239,1.509418012574315,block1:s4,gated_rule_c,mixed,1785184634.2756429,1785184634.2771533,1785184635.0124583,1785184635.7841444,,,
block1-000986,1847.5707742618397,2631.3082872657105,48,572.5,1846.5113319689408,2630.2488449728116,1.0594422928988934,block1:s4,gated_rule_c,mixed,1785184634.346015,1785184634.3470764,1785184636.1936026,1785184636.9773397,,,
block1-000987,1278.5813916707411,4929.465743713081,145,17.5,1277.7850299607962,4928.669382003136,0.7963617099449039,block1:zero_tool,gated_rule_c,mixed,1785184634.7172146,1785184634.718012,1785184635.995812,1785184639.6466963,,,
block1-000988,930.7200155453756,1642.1427666209638,48,95.0,930.4897899273783,1641.9125410029665,0.2302256179973483,block1:s4,gated_rule_c,mixed,1785184634.7724428,1785184634.772674,1785184635.7031772,1785184636.4145994,,,
block1-000989,1098.5556360101327,4703.147046035156,142,85.0,1097.9641280137002,4702.555538038723,0.5915079964324832,block1:zero_tool,gated_rule_c,mixed,1785184635.0755606,1785184635.0761552,1785184636.1741433,1785184639.778735,,,
block1-000990,1737.7147775841877,2509.5914725679904,48,172.5,1737.2036561137065,2509.0803510975093,0.5111214704811573,block1:s4,gated_rule_c,mixed,1785184635.2396743,1785184635.2401876,1785184636.977409,1785184637.7492862,,,
block1-000991,1611.389255616814,2388.8586276443675,48,322.5,1611.0389180248603,2388.508290052414,0.3503375919535756,block1:s4,gated_rule_c,mixed,1785184635.264862,1785184635.2652123,1785184636.8762589,1785184637.6537278,,,
block1-000992,1426.5320266131312,2132.0375226205215,43,322.5,1426.36144394055,2131.8669399479404,0.17058267258107662,block1:s1,gated_rule_c,mixed,1785184635.469117,1785184635.4692886,1785184636.895672,1785184637.6011782,,,
block1-000993,923.6721693305299,2442.6937793614343,65,12.5,922.8533990681171,2441.8750090990216,0.8187702624127269,block1:s1,gated_rule_c,mixed,1785184635.7386224,1785184635.7394416,1785184636.6623073,1785184638.181329,,,
block1-000994,1362.459810799919,1896.2961317738518,36,105.0,1361.4074350334704,1895.2437560074031,1.0523757664486766,block1:s1,gated_rule_c,mixed,1785184635.7576005,1785184635.758654,1785184637.1200743,1785184637.6539102,,,
block1-000995,1215.6907301396132,3025.074880104512,75,287.5,1215.516431024298,3024.900580989197,0.1742991153150797,block1:s1,gated_rule_c,mixed,1785184635.7615786,1785184635.761753,1785184636.9772766,1785184638.786661,,,
block1-000996,1571.790806017816,2152.0249290624633,36,17.5,1571.0696979658678,2151.303821010515,0.7211080519482493,block1:s1,gated_rule_c,mixed,1785184635.7660735,1785184635.766796,1785184637.3378792,1785184637.9181132,,,
block1-000997,1331.1917812097818,1877.6036051567644,34,170.0,1330.594883998856,1877.0067079458386,0.5968972109258175,block1:s1,gated_rule_c,mixed,1785184635.9459252,1785184635.9465227,1785184637.2771263,1785184637.8235378,,,
block1-000998,1085.1753507740796,1829.3725898256525,43,145.0,1084.9381079897285,1829.1353470413014,0.23724278435111046,block1:s1,gated_rule_c,mixed,1785184636.4126656,1785184636.4129038,1785184637.497853,1785184638.2420504,,,
block1-000999,1443.8486171420664,1986.2590131815523,33,22.5,1441.7481559794396,1984.1585520189255,2.1004611626267433,block1:s1,gated_rule_c,mixed,1785184636.4740028,1785184636.4761033,1785184637.9178588,1785184638.4602692,,,
block1-001000,1466.5828101569787,2040.2961141662672,34,550.0,1465.6513020163402,2039.3646060256287,0.9315081406384706,block1:s2,gated_rule_c,mixed,1785184636.5067034,1785184636.507636,1785184637.9732995,1785184638.5470128,,,
block1-001001,1181.6562240710482,2896.376795019023,70,545.0,1181.3894050428644,2896.1099759908393,0.26681902818381786,block1:zero_tool,gated_rule_c,mixed,1785184636.5284615,1785184636.5287287,1785184637.7101302,1785184639.4248512,,,
block1-001002,1065.8647504169494,4915.906279464252,148,545.0,1064.8040649248287,4914.845593972132,1.0606854921206832,block1:zero_tool,gated_rule_c,mixed,1785184636.7371373,1785184636.7381995,1785184637.8030245,1785184641.6530657,,,
block1-001003,1117.1174109913409,1877.8209829470143,43,92.5,1116.925442009233,1877.6290139649063,0.19196898210793734,block1:s2,gated_rule_c,mixed,1785184637.043942,1785184637.0441344,1785184638.1610699,1785184638.9217732,,,
block1-001004,909.3195520108566,4070.563114946708,120,15.0,907.4445280712098,4068.6880910070613,1.8750239396467805,block1:zero_tool,gated_rule_c,mixed,1785184637.0668128,1785184637.0686884,1785184637.9761453,1785184641.1373894,,,
block1-001005,1538.5913134086877,2311.858947388828,49,17.5,1537.8231049980968,2311.090738978237,0.7682084105908871,block1:s2,gated_rule_c,mixed,1785184637.1690068,1785184637.1697757,1785184638.7076092,1785184639.4808764,,,
block1-001006,951.414993382059,1542.2609454253688,38,17.5,950.8463339880109,1541.6922860313207,0.5686593940481544,block1:s2,gated_rule_c,mixed,1785184637.6865468,1785184637.6871157,1785184638.6379714,1785184639.228818,,,
block1-001007,770.8704200340435,1510.1806570310146,37,15.0,769.2593149840832,1508.5695519810542,1.6111050499603152,block1:s2,gated_rule_c,mixed,1785184637.9147823,1785184637.9163942,1785184638.6856902,1785184639.425,,,
block1-001008,1151.267681736499,2070.388921769336,48,47.5,1150.170456035994,2069.291696068831,1.0972257005050778,block1:s3,gated_rule_c,mixed,1785184638.0776439,1785184638.0787418,1785184639.2289214,1785184640.1480436,,,
block1-001009,497.3482938949019,3847.987746936269,126,155.0,496.40403990633786,3847.043492947705,0.9442539885640144,block1:zero_tool,gated_rule_c,mixed,1785184638.1004543,1785184638.1013992,1785184638.5978122,1785184641.948452,,,
block1-001010,1803.6653824383393,2720.2849914319813,48,307.5,1802.95090097934,2719.570509972982,0.7144814589992166,block1:s3,gated_rule_c,mixed,1785184638.203826,1785184638.2045407,1785184640.007502,1785184640.9241219,,,
block1-001011,1617.4846141366288,2344.929103157483,39,20.0,1616.4215999888256,2343.86608900968,1.0630141478031874,block1:s3,gated_rule_c,mixed,1785184638.22029,1785184638.2213533,1785184639.8377814,1785184640.5652263,,,
block1-001012,1533.2081401720643,2370.308213168755,48,177.5,1532.1965389885008,2369.2966119851917,1.0116011835634708,block1:s3,gated_rule_c,mixed,1785184638.2462525,1785184638.2472646,1785184639.779468,1785184640.616568,,,
block1-001013,886.0987483058125,1813.457764335908,48,12.5,885.3867999278009,1812.7458159578964,0.7119483780115843,block1:s3,gated_rule_c,mixed,1785184638.4769075,1785184638.47762,1785184639.363015,1785184640.2903736,,,
block1-001014,1556.0469633201137,2224.171149311587,43,170.0,1555.6100390385836,2223.734225030057,0.4369242815300822,block1:s3,gated_rule_c,mixed,1785184638.5008779,1785184638.501315,1785184640.0569322,1785184640.725056,,,
block1-001015,765.4382160399109,1726.127405068837,48,20.0,764.3418429652229,1725.031031994149,1.0963730746880174,block1:s3,gated_rule_c,mixed,1785184638.6185088,1785184638.6196053,1785184639.3839567,1785184640.3446462,,,
block1-001016,1327.5758605450392,2180.9976774966344,48,545.0,1326.475806068629,2179.8976230202243,1.1000544764101505,block1:s4,gated_rule_c,mixed,1785184638.6396592,1785184638.6407592,1785184639.967243,1785184640.8206646,,,
block1-001017,540.3150854399428,1401.4752324437723,48,152.5,539.7260169265792,1400.8861639304087,0.5890685133635998,block1:s4,gated_rule_c,mixed,1785184639.6840591,1785184639.684649,1785184640.2243881,1785184641.0855486,,,
block1-001018,142.9400877095759,4768.529319786467,191,115.0,142.06710399594158,4767.656336072832,0.8729837136343122,block1:zero_tool,gated_rule_c,mixed,1785184639.6951268,1785184639.696,1785184639.8380735,1785184644.463663,,,
block1-001019,801.4545728219673,1631.3852309249341,48,550.0,801.2161289807409,1631.1467870837077,0.23844384122639894,block1:s4,gated_rule_c,mixed,1785184639.814376,1785184639.8146148,1785184640.6158404,1785184641.4457705,,,
block1-001020,574.0291302790865,1404.0999272838235,48,282.5,573.849753011018,1403.920550015755,0.1793772680684924,block1:s4,gated_rule_c,mixed,1785184639.990461,1785184639.9906416,1785184640.5645053,1785184641.3945773,,,
block1-001021,765.0335683720186,1560.6806203722954,48,107.5,764.8182800039649,1560.4653320042416,0.2152883680537343,block1:s4,gated_rule_c,mixed,1785184640.0174358,1785184640.0176516,1785184640.782479,1785184641.5781264,,,
block1-001022,351.3213670812547,5124.848490115255,198,15.0,350.38499697111547,5123.912120005116,0.9363701101392508,block1:zero_tool,gated_rule_c,mixed,1785184640.0443623,1785184640.045299,1785184640.3956943,1785184645.1692219,,,
block1-001023,833.8325821096078,1646.0865571862087,48,12.5,833.6282789241523,1645.8822540007532,0.20430318545550108,block1:s4,gated_rule_c,mixed,1785184640.2518997,1785184640.2521045,1785184641.0857418,1785184641.8979962,,,
block1-001024,738.952508661896,1476.9937857054174,43,12.5,738.7589419959113,1476.8002190394327,0.1935666659846902,block1:s1,gated_rule_c,mixed,1785184640.2658677,1785184640.2660615,1785184641.0048294,1785184641.7428708,,,
block1-001025,498.60345921479166,4997.902877163142,186,85.0,498.10564797371626,4997.405065922067,0.49781124107539654,block1:zero_tool,gated_rule_c,mixed,1785184640.2832205,1785184640.28372,1785184640.7818403,1785184645.2811399,,,
block1-001026,924.4109393330291,1716.4077203487977,44,60.0,923.1486590579152,1715.1454400736839,1.2622802751138806,block1:s1,gated_rule_c,mixed,1785184640.327286,1785184640.3285496,1785184641.2517164,1785184642.0437136,,,
block1-001027,618.359409738332,4043.9335186965764,147,115.0,618.1194119853899,4043.693520943634,0.23999775294214487,block1:zero_tool,gated_rule_c,mixed,1785184640.366343,1785184640.3665838,1785184640.9847152,1785184644.410289,,,
block1-001028,693.4188272571191,1497.7029642323032,42,15.0,693.0355930235237,1497.3197299987078,0.38323423359543085,block1:s1,gated_rule_c,mixed,1785184640.6798663,1785184640.6802504,1785184641.373296,1785184642.1775806,,,
block1-001029,455.52385644987226,10190.786344464868,401,12.5,454.92605201434344,10190.18854002934,0.5978044355288148,block1:zero_tool,gated_rule_c,mixed,1785184640.7366645,1785184640.7372625,1785184641.1921968,1785184650.927459,,,
block1-001030,678.0285268323496,4654.097081860527,165,17.5,677.1573069272563,4653.225861955434,0.8712199050933123,block1:zero_tool,gated_rule_c,mixed,1785184640.8166306,1785184640.8175023,1785184641.4946702,1785184645.4707386,,,
block1-001031,224.94593157898635,3668.4762625955045,145,12.5,224.04474206268787,3667.575073079206,0.9011895162984729,block1:zero_tool,gated_rule_c,mixed,1785184641.273149,1785184641.2740505,1785184641.4981036,1785184644.9416344,,,
block1-001032,319.3534375168383,9671.494462527335,384,117.5,319.02331905439496,9671.164344064891,0.33011846244335175,block1:zero_tool,gated_rule_c,mixed,1785184641.313871,1785184641.314202,1785184641.633238,1785184650.9853787,,,
block1-001033,441.72447512391955,1940.3532961150631,67,70.0,441.00703799631447,1939.635858987458,0.7174371276050806,block1:s2,gated_rule_c,mixed,1785184641.3529215,1785184641.3536391,1785184641.794659,1785184643.2932885,,,
block1-001034,701.1271625524387,1222.5422004703432,37,12.5,700.4268170567229,1221.8418549746275,0.7003454957157373,block1:s2,gated_rule_c,mixed,1785184641.416266,1785184641.4169664,1785184642.117403,1785184642.6388183,,,
block1-001035,495.7902590977028,4187.361458083615,155,12.5,494.8627930134535,4186.433991999365,0.9274660842493176,block1:zero_tool,gated_rule_c,mixed,1785184641.5053234,1785184641.5062513,1785184642.0011315,1785184645.6927023,,,
block1-001036,407.7445889124647,4008.300560992211,151,20.0,405.99077800288796,4006.5467500826344,1.753810909576714,block1:zero_tool,gated_rule_c,mixed,1785184641.5957427,1785184641.5974965,1785184642.0034947,1785184645.6040509,,,
block1-001037,321.0109079955146,3619.9362649349496,140,357.5,320.09482104331255,3619.0201779827476,0.9160869522020221,block1:zero_tool,gated_rule_c,mixed,1785184641.7771995,1785184641.7781157,1785184642.0982196,1785184645.3971443,,,
block1-001038,109.16034714318812,1582.3918541427702,65,217.5,108.97895891685039,1582.2104659164324,0.18138822633773088,block1:s2,gated_rule_c,mixed,1785184642.253918,1785184642.2541,1785184642.3630896,1785184643.836321,,,
block1-001039,528.3458107151091,1046.6479327296838,31,140.0,527.7924400288612,1046.0945620434359,0.5533706862479448,block1:s2,gated_rule_c,mixed,1785184642.3415787,1785184642.3421328,1785184642.8699372,1785184643.3882391,,,
block1-001040,626.7222026363015,1183.8249166030437,32,92.5,625.9269219590351,1183.0296359257773,0.7952806772664189,block1:s3,gated_rule_c,mixed,1785184642.3636794,1785184642.3644767,1785184642.9904275,1785184643.5475307,,,
block1-001041,1391.8333812616765,2125.9608402615413,48,60.0,1390.1367380749434,2124.264197074808,1.6966431867331266,block1:s3,gated_rule_c,mixed,1785184642.4237542,1785184642.4254518,1785184643.815602,1785184644.5497284,,,
block1-001042,1210.8834460377693,1959.3959429766983,48,15.0,1209.9244880955666,1958.4369850344956,0.9589579422026873,block1:s3,gated_rule_c,mixed,1785184642.7437391,1785184642.7446992,1785184643.9546344,1785184644.7031467,,,
block1-001043,916.5688409702852,4788.966708933003,160,395.0,915.5605280539021,4787.95839601662,1.0083129163831472,block1:zero_tool,gated_rule_c,mixed,1785184642.797859,1785184642.7988675,1785184643.7144358,1785184647.5868335,,,
block1-001044,984.6339500509202,5343.480927986093,176,412.5,983.9347919914871,5342.78176992666,0.6991580594331026,block1:zero_tool,gated_rule_c,mixed,1785184642.903469,1785184642.9041684,1785184643.8881135,1785184648.246961,,,
block1-001045,660.6436477741227,1202.3345896741375,40,172.5,660.4285970097408,1202.1195389097556,0.21505076438188553,block1:s3,gated_rule_c,mixed,1785184643.0513644,1785184643.0515797,1785184643.712018,1785184644.2537088,,,
block1-001046,1015.1088080601767,5460.645179031417,180,280.0,1014.3230969551951,5459.859467926435,0.7857111049816012,block1:zero_tool,gated_rule_c,mixed,1785184643.2926338,1785184643.2934198,1785184644.3077517,1785184648.7532885,,,
block1-001047,1126.4346371171996,4527.74416806642,136,60.0,1126.168105052784,4527.477636002004,0.26653206441551447,block1:zero_tool,gated_rule_c,mixed,1785184643.3894134,1785184643.3896801,1785184644.5158637,1785184647.917173,,,
block1-001048,1556.6055626841262,2410.7023957185447,48,10.0,1555.659792968072,2409.7566260024905,0.9457697160542011,block1:s4,gated_rule_c,mixed,1785184643.4371576,1785184643.4381046,1785184644.9937782,1785184645.8478746,,,
block1-001049,993.9913756679744,1863.2672926178202,48,172.5,993.1112610502169,1862.3871780000627,0.8801146177574992,block1:s4,gated_rule_c,mixed,1785184644.1299086,1785184644.1307888,1785184645.1239085,1785184645.9931848,,,
block1-001050,534.7863577771932,1401.068436796777,48,17.5,534.7166759893298,1400.9987550089136,0.06968178786337376,block1:s4,gated_rule_c,mixed,1785184644.3664217,1785184644.3664913,1785184644.9012172,1785184645.7674987,,,
block1-001051,1286.9219582062215,2058.1637712894008,48,10.0,1286.5150379948318,2057.756851078011,0.40692021138966084,block1:s4,gated_rule_c,mixed,1785184644.4804385,1785184644.480846,1785184645.7673688,1785184646.53861,,,
block1-001052,707.130870083347,1554.8672331497073,48,322.5,706.581651000306,1554.3180140666664,0.5492190830409527,block1:s4,gated_rule_c,mixed,1785184644.6900976,1785184644.6906474,1785184645.3972383,1785184646.244975,,,
block1-001053,953.7561085307971,1705.3971624700353,48,820.0,952.3737650597468,1704.014818998985,1.3823434710502625,block1:s4,gated_rule_c,mixed,1785184644.9774973,1785184644.9788804,1785184645.9312656,1785184646.6829064,,,
block1-001054,592.6917439792305,1361.7468629963696,48,17.5,591.5676789591089,1360.622797976248,1.124065020121634,block1:s4,gated_rule_c,mixed,1785184645.0776494,1785184645.0787742,1785184645.6703513,1785184646.4394064,,,
block1-001055,821.0734721506014,1548.4217441407964,48,15.0,819.4825599202886,1546.8308319104835,1.5909122303128242,block1:s4,gated_rule_c,mixed,1785184645.0883832,1785184645.0899742,1785184645.9094641,1785184646.636812,,,
block1-001056,755.1848083967343,1467.0422284398228,43,135.0,754.7972199972719,1466.6546400403604,0.38758839946240187,block1:s1,gated_rule_c,mixed,1785184645.2155945,1785184645.2159824,1785184645.9707882,1785184646.6826458,,,
block1-001057,506.22384960297495,2188.964693574235,71,47.5,505.6527809938416,2188.3936249651015,0.5710686091333628,block1:s1,gated_rule_c,mixed,1785184645.2399538,1785184645.2405252,1785184645.7461858,1785184647.4289262,,,
block1-001058,183.8794625364244,8067.41590553429,326,357.5,183.4683249471709,8067.004767945036,0.4111375892534852,block1:zero_tool,gated_rule_c,mixed,1785184645.6449485,1785184645.6453598,1785184645.8288398,1785184653.7123768,,,
block1-001059,233.57695585582405,1926.9221388967708,73,135.0,232.6812359970063,1926.026419037953,0.8957198588177562,block1:s1,gated_rule_c,mixed,1785184645.6816363,1785184645.682532,1785184645.9152226,1785184647.6085675,,,
block1-001060,630.6652709608898,1272.9314980097115,39,357.5,630.4109289776534,1272.6771560264751,0.25434198323637247,block1:s1,gated_rule_c,mixed,1785184645.7078495,1785184645.7081041,1785184646.3385234,1785184646.9807897,,,
block1-001061,668.6323619214818,1264.1693499172106,36,115.0,667.7809100365266,1263.3178980322555,0.8514518849551678,block1:s1,gated_rule_c,mixed,1785184645.8702252,1785184645.8710766,1785184646.5388672,1785184647.1344047,,,
block1-001062,840.2374809375033,1531.7293589469045,40,115.0,839.2276780214161,1530.7195560308173,1.0098029160872102,block1:s1,gated_rule_c,mixed,1785184645.897001,1785184645.8980126,1785184646.7372553,1785184647.428748,,,
block1-001063,612.5933779403567,2053.1935199396685,60,17.5,612.2524490347132,2052.852591034025,0.34092890564352274,block1:s1,gated_rule_c,mixed,1785184645.9826949,1785184645.9830358,1785184646.5953045,1785184648.0359042,,,
block1-001064,397.6986799389124,967.104849871248,34,145.0,397.2134270006791,966.6195969330147,0.48525293823331594,block1:s2,gated_rule_c,mixed,1785184646.5216954,1785184646.522181,1785184646.9194047,1785184647.4888103,,,
block1-001065,162.8103842958808,2987.6418953062966,124,155.0,161.78038204088807,2986.611893051304,1.0300022549927235,block1:zero_tool,gated_rule_c,mixed,1785184646.6257505,1785184646.6267812,1785184646.7885706,1785184649.6134024,,,
block1-001066,389.5300504518673,925.1847304403782,37,820.0,388.55108397547156,924.2057639639825,0.9789664763957262,block1:s2,gated_rule_c,mixed,1785184646.6841145,1785184646.6850936,1785184647.073653,1785184647.6093073,,,
block1-001067,522.7820898871869,1249.1939788451418,43,15.0,521.9894350739196,1248.4013240318745,0.7926548132672906,block1:s2,gated_rule_c,mixed,1785184646.8063424,1785184646.8071358,1785184647.329135,1785184648.0555465,,,
block1-001068,333.4558599162847,989.1680149594322,36,60.0,333.09245097916573,988.8046060223132,0.3634089371189475,block1:s2,gated_rule_c,mixed,1785184647.2134142,1785184647.2137785,1785184647.5468814,1785184648.2025943,,,
block1-001069,459.568097256124,1213.171457289718,45,15.0,459.158998914063,1212.762358947657,0.4090983420610428,block1:s2,gated_rule_c,mixed,1785184647.3643594,1785184647.364769,1785184647.8239396,1785184648.577543,,,
block1-001070,148.29263661522418,1618.3268825989217,67,17.5,148.11237796675414,1618.1466239504516,0.18025864847004414,block1:s2,gated_rule_c,mixed,1785184647.5942092,1785184647.5943897,1785184647.7425094,1785184649.2125432,,,
block1-001071,296.0411427775398,1001.582762808539,37,105.0,294.94616598822176,1000.487786019221,1.0949767893180251,block1:s2,gated_rule_c,mixed,1785184647.5960221,1785184647.5971172,1785184647.8920686,1785184648.5976107,,,
block1-001072,501.515083364211,1165.3289853129536,48,12.5,500.88566809426993,1164.6995700430125,0.6294152699410915,block1:s3,gated_rule_c,mixed,1785184647.7848175,1785184647.785447,1785184648.2863536,1785184648.9501681,,,
block1-001073,494.68174448702484,1149.0230394992977,48,10.0,493.00871905870736,1147.3500140709803,1.6730254283174872,block1:s3,gated_rule_c,mixed,1785184648.0445251,1785184648.0461988,1785184648.539217,1785184649.1935582,,,
block1-001074,458.27469625510275,1018.8123643165454,41,12.5,457.30968401767313,1017.8473520791158,0.9650122374296188,block1:s3,gated_rule_c,mixed,1785184648.0608587,1785184648.061824,1785184648.5191412,1785184649.0796788,,,
block1-001075,280.5915438802913,932.5428268639371,41,10.0,278.8114509312436,930.7627339148894,1.7800929490476847,block1:s3,gated_rule_c,mixed,1785184648.336545,1785184648.3383265,1785184648.6171508,1785184649.2691023,,,
block1-001076,416.2525039864704,1373.0872169835493,48,10.0,415.776323992759,1372.6110369898379,0.47617999371141195,block1:s3,gated_rule_c,mixed,1785184648.9091194,1785184648.9095972,1785184649.3253899,1785184650.2822242,,,
block1-001077,563.7604495277628,1360.904194531031,46,117.5,563.0159290740266,1360.1596740772948,0.744520453736186,block1:s3,gated_rule_c,mixed,1785184649.3062239,1785184649.3069694,1785184649.869995,1785184650.6671393,,,
block1-001078,691.3553440244868,1243.4544271091,43,110.0,690.5443170107901,1242.6434000954032,0.8110270136967301,block1:s3,gated_rule_c,mixed,1785184649.3738236,1785184649.374635,1785184650.0651896,1785184650.6172893,,,
block1-001079,637.9577248590067,1362.4805888393894,48,110.0,637.3091670684516,1361.8320310488343,0.6485577905550599,block1:s3,gated_rule_c,mixed,1785184649.5648255,1785184649.5654745,1785184650.202794,1785184650.9273167,,,
block1-001080,97.7934532565996,4943.147784331813,193,17.5,97.15060098096728,4942.504932056181,0.6428522756323218,block1:zero_tool,gated_rule_c,mixed,1785184649.6054153,1785184649.606059,1785184649.703222,1785184654.5485766,,,
block1-001081,630.5930138332769,1359.9762307712808,48,50.0,629.509297083132,1358.8925140211359,1.0837167501449585,block1:s4,gated_rule_c,mixed,1785184649.7233872,1785184649.7244723,1785184650.3539937,1785184651.0833771,,,
block1-001082,615.8823884325102,1345.303215435706,48,572.5,615.6876039458439,1345.1084309490398,0.19478448666632175,block1:s4,gated_rule_c,mixed,1785184649.737235,1785184649.7374308,1785184650.35313,1785184651.0825505,,,
block1-001083,127.8089543338865,3772.5642384029925,151,572.5,126.91182200796902,3771.667106077075,0.8971323259174824,block1:zero_tool,gated_rule_c,mixed,1785184649.7420888,1785184649.7429864,1785184649.86991,1785184653.514665,,,
block1-001084,522.4886906798929,1279.1969167301431,48,132.5,522.3711939761415,1279.0794200263917,0.11749670375138521,block1:s4,gated_rule_c,mixed,1785184649.870101,1785184649.8702185,1785184650.392601,1785184651.1493084,,,
block1-001085,495.115440688096,1254.0970097761601,48,172.5,494.4907278986648,1253.472296986729,0.6247127894312143,block1:s4,gated_rule_c,mixed,1785184649.960286,1785184649.9609132,1785184650.4554288,1785184651.2144108,,,
block1-001086,90.72055132128298,3997.7892043534666,159,155.0,89.92986695375293,3996.9985199859366,0.7906843675300479,block1:zero_tool,gated_rule_c,mixed,1785184650.0005772,1785184650.0013685,1785184650.0913095,1785184653.9983783,,,
block1-001087,126.58485234715044,3688.5523253586143,148,92.5,126.42643600702286,3688.3939090184867,0.15841634012758732,block1:zero_tool,gated_rule_c,mixed,1785184650.128957,1785184650.1291168,1785184650.255555,1785184653.8175216,,,
block1-001088,82.67880091443658,4372.9856609134,176,17.5,82.28362596128136,4372.590485960245,0.39517495315521955,block1:zero_tool,gated_rule_c,mixed,1785184650.1753418,1785184650.175738,1785184650.258033,1785184654.5483406,,,
block1-001089,86.50239906273782,1380.0480370409787,58,107.5,85.63430001959205,1379.179937997833,0.8680990431457758,block1:s1,gated_rule_c,mixed,1785184650.2674065,1785184650.2682748,1785184650.3539248,1785184651.647471,,,
block1-001090,608.8218366494402,1301.2502196943387,44,10.0,608.562737936154,1300.9911209810525,0.259098713286221,block1:s1,gated_rule_c,mixed,1785184650.4313152,1785184650.431575,1785184651.040148,1785184651.732576,,,
block1-001091,282.3874007444829,9078.709588735364,367,17.5,281.48430003784597,9077.806488028727,0.9031007066369057,block1:zero_tool,gated_rule_c,mixed,1785184650.4454556,1785184650.4463587,1785184650.72785,1785184659.5241718,,,
block1-001092,512.7050048904493,3997.4724638741463,141,412.5,511.7661150870845,3996.5335740707815,0.9388898033648729,block1:zero_tool,gated_rule_c,mixed,1785184650.4727945,1785184650.4737341,1785184650.9855103,1785184654.4702778,,,
block1-001093,409.07055605202913,1809.0541450073943,62,92.5,408.80320803262293,1808.786796987988,0.26734801940619946,block1:s1,gated_rule_c,mixed,1785184650.5762148,1785184650.576483,1785184650.985297,1785184652.3852804,,,
block1-001094,369.8791164206341,4869.3329454399645,181,350.0,369.1665339283645,4868.620362947695,0.7125824922695756,block1:zero_tool,gated_rule_c,mixed,1785184650.6747804,1785184650.675493,1785184651.044669,1785184655.5441222,,,
block1-001095,467.18819229863584,1991.4644822711125,68,572.5,466.9999909820035,1991.2762809544802,0.18820131663233042,block1:s1,gated_rule_c,mixed,1785184650.6819406,1785184650.682129,1785184651.1491368,1785184652.6734126,,,
block1-001096,164.45816087070853,5966.8926688609645,237,22.5,164.1251149121672,5966.559622902423,0.3330459585413337,block1:zero_tool,gated_rule_c,mixed,1785184650.985263,1785184650.9855962,1785184651.1497285,1785184656.952163,,,
block1-001097,483.6615369422361,1035.6915609445423,38,545.0,482.6347400667146,1034.6647640690207,1.0267968755215406,block1:s2,gated_rule_c,mixed,1785184651.0013807,1785184651.0024087,1785184651.4850569,1785184652.0370865,,,
block1-001098,130.49637584481388,1570.2768077608198,64,172.5,129.55678103026003,1569.337212946266,0.9395948145538568,block1:s2,gated_rule_c,mixed,1785184651.1549854,1785184651.1559253,1785184651.2854931,1785184652.7252736,,,
block1-001099,814.2080114921555,1494.606156484224,43,117.5,813.7882970040664,1494.1864419961348,0.4197144880890846,block1:s2,gated_rule_c,mixed,1785184651.1777685,1785184651.1781886,1785184651.9919863,1785184652.672384,,,
block1-001100,606.2614084221423,4188.101211446337,142,132.5,606.1821769690141,4188.021979993209,0.07923145312815905,block1:zero_tool,gated_rule_c,mixed,1785184651.179033,1785184651.1791127,1785184651.785324,1785184655.3671644,,,
block1-001101,1175.0128985149786,1939.7622135002166,44,17.5,1174.8841740190983,1939.6334890043363,0.12872449588030577,block1:s2,gated_rule_c,mixed,1785184651.190115,1785184651.1902442,1785184652.3651376,1785184653.1298869,,,
block1-001102,1292.827676050365,1809.654212091118,38,70.0,1292.129009962082,1808.955546002835,0.698666088283062,block1:s2,gated_rule_c,mixed,1785184651.5533538,1785184651.5540526,1785184652.8461926,1785184653.36302,,,
block1-001103,1501.9756543915719,2089.6792743587866,37,132.5,1500.7544220425189,2088.4580420097336,1.2212323490530252,block1:s2,gated_rule_c,mixed,1785184651.5637002,1785184651.5649219,1785184653.065684,1785184653.653388,,,
block1-001104,1929.1599625721574,2774.207560578361,48,155.0,1928.605443914421,2773.6530419206247,0.5545186577364802,block1:s3,gated_rule_c,mixed,1785184651.6377587,1785184651.638314,1785184653.5669286,1785184654.4119763,,,
block1-001105,1340.0491803186014,2124.250266351737,39,17.5,1339.6372339921072,2123.838320025243,0.4119463264942169,block1:s3,gated_rule_c,mixed,1785184651.6448014,1785184651.645215,1785184652.984863,1785184653.7690642,,,
block1-001106,2353.7158960243687,3000.084355007857,38,485.0,2353.3534000162035,2999.721858999692,0.3624960081651807,block1:s3,gated_rule_c,mixed,1785184651.7952056,1785184651.7955682,1785184654.1489308,1785184654.7952993,,,
block1-001107,2559.829546837136,3440.5515887774527,48,95.0,2559.6859810175374,3440.408022957854,0.14356581959873438,block1:s3,gated_rule_c,mixed,1785184651.8109417,1785184651.8110852,1785184654.3707778,1785184655.2514994,,,
block1-001108,1988.3895099628717,5175.775056006387,130,60.0,1988.0675360327587,5175.453082076274,0.32197393011301756,block1:zero_tool,gated_rule_c,mixed,1785184651.8289683,1785184651.8292904,1785184653.817367,1785184657.0047526,,,
block1-001109,1912.9038059618324,2714.2154399771243,46,357.5,1912.1905009960756,2713.5021350113675,0.7133049657568336,block1:s3,gated_rule_c,mixed,1785184651.987759,1785184651.9884753,1785184653.9006927,1785184654.7020047,,,
block1-001110,2174.3842167779803,2980.9957398101687,46,320.0,2172.8852620581165,2979.496785090305,1.498954719863832,block1:s3,gated_rule_c,mixed,1785184652.0565195,1785184652.0580218,1785184654.2309425,1785184655.0375533,,,
block1-001111,961.100161424838,1835.7776094926521,43,105.0,960.1105790352449,1834.788027103059,0.9895823895931244,block1:s3,gated_rule_c,mixed,1785184652.0847898,1785184652.085781,1785184653.045905,1785184653.920582,,,
block1-001112,2385.892149875872,8411.014651879668,257,70.0,2385.7215410098433,8410.84404301364,0.17060886602848768,block1:zero_tool,gated_rule_c,mixed,1785184652.132865,1785184652.1330369,1785184654.5187802,1785184660.543902,,,
block1-001113,1806.4131705323234,2639.4432595698163,48,297.5,1806.1119089834392,2639.141998020932,0.30126154888421297,block1:s4,gated_rule_c,mixed,1785184652.2826986,1785184652.2830012,1785184654.089126,1785184654.9221563,,,
block1-001114,1939.8451843298972,2803.434878238477,48,110.0,1939.2148930346593,2802.804586943239,0.6302912952378392,block1:s4,gated_rule_c,mixed,1785184652.30922,1785184652.3098524,1785184654.2490792,1785184655.1126692,,,
block1-001115,2458.9747093850747,3192.005750373937,48,152.5,2458.006064989604,3191.0371059784666,0.9686443954706192,block1:s4,gated_rule_c,mixed,1785184652.5192664,1785184652.5202363,1785184654.9782555,1785184655.711286,,,
block1-001116,1799.8370778514072,2675.299830851145,48,12.5,1799.0536339348182,2674.516386934556,0.7834439165890217,block1:s4,gated_rule_c,mixed,1785184652.531431,1785184652.532216,1785184654.3312912,1785184655.2067537,,,
block1-001117,2414.5251450827345,3150.33898409456,48,297.5,2412.8772530239075,3148.691092035733,1.647892058826983,block1:s4,gated_rule_c,mixed,1785184652.6232808,1785184652.62493,1785184655.03782,1785184655.773634,,,
block1-001118,2510.9410968143493,3247.958446852863,48,395.0,2510.5914500309154,3247.608800069429,0.3496467834338546,block1:s4,gated_rule_c,mixed,1785184652.6544032,1785184652.6547542,1785184655.1653574,1785184655.9023747,,,
block1-001119,2351.9794235471636,3088.337479508482,48,320.0,2351.0435390053317,3087.40159496665,0.9358845418319106,block1:s4,gated_rule_c,mixed,1785184652.6848626,1785184652.6857986,1785184655.0368512,1785184655.7732086,,,
block1-001120,2374.7288041049615,3057.3592730797827,43,545.0,2373.699445044622,3056.329914019443,1.0293590603396297,block1:s1,gated_rule_c,mixed,1785184652.790742,1785184652.7917736,1785184655.1654902,1785184655.8481202,,,
block1-001121,2134.7388178110123,3754.251056816429,71,140.0,2133.9464620687068,3753.4587010741234,0.7923557423055172,block1:s1,gated_rule_c,mixed,1785184652.8435795,1785184652.8443732,1785184654.9783306,1785184656.5978432,,,
block1-001122,1980.9600934386253,2690.141308470629,40,132.5,1980.7708739535883,2689.952088985592,0.1892194850370288,block1:s1,gated_rule_c,mixed,1785184653.3303652,1785184653.330556,1785184655.3113394,1785184656.0205212,,,
block1-001123,1801.2952577555552,6839.527964708395,218,280.0,1800.1451060408726,6838.377812993713,1.150151714682579,block1:zero_tool,gated_rule_c,mixed,1785184653.3672888,1785184653.3684392,1785184655.1685936,1785184660.2070167,,,
block1-001124,2105.049131438136,2818.163585383445,42,15.0,2104.4801210518926,2817.5945749972016,0.5690103862434626,block1:s1,gated_rule_c,mixed,1785184653.3982127,1785184653.398782,1785184655.50327,1785184656.2163844,,,
block1-001125,1824.4300375226885,7724.276736495085,255,12.5,1822.7112629683688,7722.557961940765,1.7187745543196797,block1:zero_tool,gated_rule_c,mixed,1785184653.4868321,1785184653.4885516,1785184655.3112762,1785184661.2111232,,,
block1-001126,1881.3770844135433,3407.7521713916212,67,15.0,1880.2714589983225,3406.6465459764004,1.1056254152208567,block1:s1,gated_rule_c,mixed,1785184653.5437648,1785184653.5448706,1785184655.4251504,1785184656.9515257,,,
block1-001127,1890.0872839149088,9031.782416976057,301,10.0,1888.7368139112368,9030.431946972385,1.3504700036719441,block1:zero_tool,gated_rule_c,mixed,1785184653.711815,1785184653.7131655,1785184655.601912,1785184662.7436075,,,
block1-001128,1570.081910584122,2268.513278570026,40,110.0,1568.7932000728324,2267.2245680587366,1.288710511289537,block1:s2,gated_rule_c,mixed,1785184654.424905,1785184654.426194,1785184655.994995,1785184656.693427,,,
block1-001129,1420.0917349662632,4583.893475937657,139,12.5,1419.9255059938878,4583.727246965282,0.1662289723753929,block1:zero_tool,gated_rule_c,mixed,1785184654.427854,1785184654.4280202,1785184655.8479514,1785184659.0117536,,,
block1-001130,1357.070668367669,2863.784277345985,64,280.0,1356.4595460193232,2863.1731549976394,0.6111223483458161,block1:s2,gated_rule_c,mixed,1785184654.4909208,1785184654.4915323,1785184655.8479996,1785184657.3547144,,,
block1-001131,1287.124027381651,5155.874736374244,169,217.5,1286.5601839730516,5155.310892965645,0.5638434085994959,block1:zero_tool,gated_rule_c,mixed,1785184654.614814,1785184654.6153786,1785184655.9019487,1785184659.7706997,,,
block1-001132,1300.3386205527931,10230.428739567287,375,320.0,1299.7553630266339,10229.845482041128,0.5832575261592865,block1:zero_tool,gated_rule_c,mixed,1785184654.6548207,1785184654.6554055,1785184655.9551773,1785184664.8852665,,,
block1-001133,1693.513642414473,2420.205422444269,44,307.5,1692.6959339762107,2419.3877140060067,0.8177084382623434,block1:s2,gated_rule_c,mixed,1785184654.6799433,1785184654.6807616,1785184656.3734682,1785184657.1001604,,,
block1-001134,1562.9346226342022,3105.0577886635438,67,15.0,1562.1900709811598,3104.3132370105013,0.7445516530424356,block1:s2,gated_rule_c,mixed,1785184654.724972,1785184654.7257168,1785184656.287915,1785184657.8300383,,,
block1-001135,2042.4994339700788,2784.3760070391,37,20.0,2041.646105935797,2783.522679004818,0.8533280342817307,block1:s2,gated_rule_c,mixed,1785184654.76364,1785184654.7644935,1785184656.8061469,1785184657.5480232,,,
block1-001136,1817.7936028223485,5499.463284853846,161,217.5,1817.530252970755,5499.1999350022525,0.2633498515933752,block1:zero_tool,gated_rule_c,mixed,1785184654.929164,1785184654.9294279,1785184656.746971,1785184660.4286404,,,
block1-001137,1935.6521009467542,4938.933079945855,134,92.5,1934.885959024541,4938.166938023642,0.7661419222131371,block1:zero_tool,gated_rule_c,mixed,1785184655.120095,1785184655.1208615,1785184657.0557563,1785184660.0590382,,,
block1-001138,2332.070415955968,2912.23444591742,41,17.5,2331.9010890554637,2912.0651190169156,0.16932690050452948,block1:s3,gated_rule_c,mixed,1785184655.133842,1785184655.1340115,1785184657.4659195,1785184658.0460842,,,
block1-001139,2484.050267143175,3196.1976301390678,48,820.0,2483.182103955187,3195.3294669510797,0.8681631879881024,block1:s3,gated_rule_c,mixed,1785184655.2649288,1785184655.2657971,1785184657.7489867,1785184658.4611344,,,
block1-001140,2147.2683327738196,14616.820012801327,522,110.0,2147.130382945761,14616.682062973268,0.13794982805848122,block1:zero_tool,gated_rule_c,mixed,1785184655.4575975,1785184655.457736,1785184657.604875,1785184670.0744271,,,
block1-001141,2393.8452317379415,6335.971468826756,171,287.5,2393.1138979969546,6335.240135085769,0.7313337409868836,block1:zero_tool,gated_rule_c,mixed,1785184655.4898179,1785184655.4905498,1785184657.883671,1785184661.8257973,,,
block1-001142,1883.003196096979,2536.5629190346226,49,47.5,1881.9967369781807,2535.5564599158242,1.0064591187983751,block1:s3,gated_rule_c,mixed,1785184655.605027,1785184655.6060333,1785184657.488039,1785184658.1415987,,,
block1-001143,2478.1411344883963,5342.124668532051,127,17.5,2477.7831860119477,5341.7667200556025,0.35794847644865513,block1:zero_tool,gated_rule_c,mixed,1785184655.623031,1785184655.6233892,1785184658.1011856,1785184660.9651694,,,
block1-001144,3911.4985327469185,4648.0431677773595,48,287.5,3909.664793056436,4646.209428086877,1.8337396904826164,block1:s4,gated_rule_c,mixed,1785184655.7366974,1785184655.7385318,1785184659.6482081,1785184660.3847535,,,
block1-001145,2248.4272713772953,6545.810103416443,183,85.0,2247.569039929658,6544.951871968806,0.8582314476370811,block1:zero_tool,gated_rule_c,mixed,1785184655.968734,1785184655.9695926,1785184658.2171717,1785184662.5145543,,,
block1-001146,3953.260078560561,4696.538281510584,48,85.0,3952.605162980035,4695.883365930058,0.6549155805259943,block1:s4,gated_rule_c,mixed,1785184655.9846287,1785184655.9852839,1785184659.9378984,1785184660.681176,,,
block1-001147,3131.040969165042,3866.2446142407134,48,12.5,3130.016980925575,3865.2206260012463,1.023988239467144,block1:s4,gated_rule_c,mixed,1785184656.2882226,1785184656.2892468,1785184659.4192724,1785184660.1544766,,,
block1-001148,1042.1702730236575,1736.334334127605,48,100.0,1040.3543129796162,1734.5183740835637,1.815960044041276,block1:s4,gated_rule_c,mixed,1785184656.4055855,1785184656.4074018,1785184657.4477737,1785184658.1419373,,,
block1-001149,3039.22810300719,6247.574855922721,131,177.5,3036.9431891012937,6245.289942016825,2.2849139058962464,block1:zero_tool,gated_rule_c,mixed,1785184656.5892706,1785184656.5915568,1785184659.6285162,1785184662.8368628,,,
block1-001150,1678.246598225087,2350.778706255369,48,52.5,1677.4369849590585,2349.9690929893404,0.8096132660284638,block1:s4,gated_rule_c,mixed,1785184656.87574,1785184656.8765512,1785184658.5539997,1785184659.226532,,,
block1-001151,1222.0139233395457,1965.5380853218958,48,170.0,1221.2865590117872,1964.8107209941372,0.7273643277585506,block1:s4,gated_rule_c,mixed,1785184657.6083302,1785184657.609058,1785184658.8303525,1785184659.5738764,,,
block1-001152,2474.5601338800043,3159.343978855759,43,12.5,2474.361974047497,3159.1458190232515,0.1981598325073719,block1:s1,gated_rule_c,mixed,1785184657.63657,1785184657.6367686,1785184660.111137,1785184660.7959206,,,
block1-001153,2432.5197084108368,13455.84292744752,454,12.5,2430.4648929974064,13453.78811203409,2.054815413430333,block1:zero_tool,gated_rule_c,mixed,1785184657.6810274,1785184657.6830838,1785184660.1135604,1785184671.1368837,,,
block1-001154,2814.5670681260526,3522.581343073398,43,100.0,2813.4113929700106,3521.425667917356,1.1556751560419798,block1:s1,gated_rule_c,mixed,1785184657.6887362,1785184657.6898935,1785184660.5033197,1785184661.2113335,,,
block1-001155,2672.145175631158,3245.199391618371,37,187.5,2671.0659590316936,3244.1201750189066,1.0792165994644165,block1:s1,gated_rule_c,mixed,1785184657.8511848,1785184657.8522642,1785184660.5233393,1785184661.0963936,,,
block1-001156,2824.67882335186,3429.2065363842994,36,135.0,2824.257288943045,3428.785001975484,0.4215344088152051,block1:s1,gated_rule_c,mixed,1785184657.8567827,1785184657.8572044,1785184660.6814685,1785184661.285996,,,
block1-001157,2683.208278613165,3288.4916155599058,34,395.0,2682.455872069113,3287.7392090158537,0.7524065440520644,block1:s1,gated_rule_c,mixed,1785184657.997767,1785184657.99852,1785184660.6809843,1785184661.286267,,,
block1-001158,2766.2633472355083,3505.553482216783,40,280.0,2765.680531039834,3504.9706660211086,0.5828161956742406,block1:s1,gated_rule_c,mixed,1785184658.029828,1785184658.0304112,1785184660.7960982,1785184661.5353887,,,
block1-001159,2323.8867024192587,3785.333623411134,60,155.0,2322.973451926373,3784.420372918248,0.9132504928857088,block1:s1,gated_rule_c,mixed,1785184658.4118679,1785184658.4127822,1785184660.7357652,1785184662.197212,,,
block1-001160,2627.4786780122668,3327.146957977675,40,85.0,2626.769691007212,3326.43797097262,0.7089870050549507,block1:s2,gated_rule_c,mixed,1785184658.447921,1785184658.4486306,1785184661.0754092,1785184661.7750773,,,
block1-001161,2694.4289586972445,3363.5291646933183,40,95.0,2694.1679720766842,3363.268178072758,0.26098662056028843,block1:s2,gated_rule_c,mixed,1785184658.6449559,1785184658.645218,1785184661.3393955,1785184662.0084965,,,
block1-001162,2483.9226176263765,6167.373013566248,150,10.0,2483.5572550073266,6167.007650947198,0.3653626190498471,block1:zero_tool,gated_rule_c,mixed,1785184658.6651893,1785184658.6655557,1785184661.1491234,1785184664.8325741,,,
block1-001163,2197.5590543588623,10206.57268841751,327,170.0,2196.824564016424,10205.838198075071,0.734490342438221,block1:zero_tool,gated_rule_c,mixed,1785184659.0886173,1785184659.0893526,1785184661.2861872,1785184669.2952013,,,
block1-001164,2445.053829229437,3032.7157923020422,36,115.0,2444.2549279192463,3031.9168909918517,0.7989013101905584,block1:s2,gated_rule_c,mixed,1785184659.0902312,1785184659.0910304,1785184661.5352907,1785184662.1229534,,,
block1-001165,2101.374697405845,2853.5405923612416,41,105.0,2100.3529680892825,2852.518863044679,1.0217293165624142,block1:s2,gated_rule_c,mixed,1785184659.4855216,1785184659.4865437,1785184661.5869074,1785184662.339073,,,
block1-001166,1833.8149432092905,5647.9187331860885,154,20.0,1831.8715170025826,5645.975306979381,1.9434262067079544,block1:zero_tool,gated_rule_c,mixed,1785184659.509811,1785184659.5117555,1785184661.3436413,1785184665.1577454,,,
block1-001167,2025.968842441216,5788.853336474858,151,60.0,2025.3290369873866,5788.213531021029,0.6398054538294673,block1:zero_tool,gated_rule_c,mixed,1785184659.5643394,1785184659.5649796,1785184661.5903168,1785184665.3532014,,,
block1-001168,2180.641007144004,2840.18512617331,32,52.5,2180.0465940032154,2839.5907130325213,0.5944131407886744,block1:s3,gated_rule_c,mixed,1785184659.8284593,1785184659.829054,1785184662.0091097,1785184662.668655,,,
block1-001169,1715.3751531150192,4882.247199071571,126,10.0,1713.6226079892367,4880.494653945789,1.7525451257824898,block1:zero_tool,gated_rule_c,mixed,1785184660.1721838,1785184660.1739364,1785184661.8875687,1785184665.0544393,,,
block1-001170,2962.0295775821432,3765.140500618145,48,15.0,2961.750053917058,3764.8609769530594,0.2795236650854349,block1:s3,gated_rule_c,mixed,1785184660.1894999,1785184660.1897798,1785184663.151537,1785184663.9546475,,,
block1-001171,3508.731137844734,4242.956892820075,48,10.0,3508.118975092657,4242.344730067998,0.6121627520769835,block1:s3,gated_rule_c,mixed,1785184660.2075691,1785184660.2081816,1785184663.7163057,1785184664.4505315,,,
block1-001172,1759.571242844686,2539.735802798532,48,17.5,1758.9160300558433,2539.0805900096893,0.6552127888426185,block1:s3,gated_rule_c,mixed,1785184660.848232,1785184660.8488882,1785184662.6078146,1785184663.3879788,,,
block1-001173,2287.79762564227,5822.556050610729,143,140.0,2287.358509027399,5822.116933995858,0.43911661487072706,block1:zero_tool,gated_rule_c,mixed,1785184661.174888,1785184661.1753278,1785184663.462697,1785184666.9974554,,,
block1-001174,1304.3375028064474,2044.123744708486,46,132.5,1303.7716060644016,2043.55784796644,0.5658967420458794,block1:s3,gated_rule_c,mixed,1785184661.343275,1785184661.3438413,1785184662.6476207,1785184663.3874075,,,
block1-001175,1117.2374814050272,1896.922835498117,48,20.0,1115.9554029582068,1895.6407570512965,1.2820784468203783,block1:s3,gated_rule_c,mixed,1785184661.3760648,1785184661.377347,1785184662.493309,1785184663.2729945,,,
block1-001176,1604.082037229091,2350.1835202332586,48,25.0,1603.620185982436,2349.7216689866036,0.46185124665498734,block1:s4,gated_rule_c,mixed,1785184661.3871703,1785184661.3876324,1785184662.9912584,1785184663.7373595,,,
block1-001177,1176.553710596636,1923.0915195075795,48,60.0,1176.0392599971965,1922.57706890814,0.5144505994394422,block1:s4,gated_rule_c,mixed,1785184661.6407583,1785184661.641273,1785184662.8173223,1785184663.5638604,,,
block1-001178,1295.219199731946,2076.635999721475,48,282.5,1294.8712559882551,2076.288055977784,0.34794374369084835,block1:s4,gated_rule_c,mixed,1785184661.8162382,1785184661.8165865,1785184663.1114655,1785184663.892883,,,
block1-001179,2316.0955663770437,3087.933611474,48,20.0,2315.1496968930587,3086.987741990015,0.9458694839850068,block1:s4,gated_rule_c,mixed,1785184661.8528564,1785184661.8538027,1785184664.1689613,1785184664.9407985,,,
block1-001180,1953.7681427318603,2669.550369726494,48,17.5,1952.7596069965512,2668.541833991185,1.008535735309124,block1:s4,gated_rule_c,mixed,1785184661.877374,1785184661.8783839,1785184663.8311908,1785184664.546973,,,
block1-001181,989.7599096875638,1812.3399326577783,48,117.5,989.2948400229216,1811.874862993136,0.4650696646422148,block1:s4,gated_rule_c,mixed,1785184662.2222908,1785184662.2227578,1785184663.2120707,1785184664.0346506,,,
block1-001182,1687.2362400172278,6776.143786963075,211,15.0,1686.5871580084786,6775.494704954326,0.6490820087492466,block1:zero_tool,gated_rule_c,mixed,1785184662.2671902,1785184662.2678401,1785184663.9544384,1785184669.0433457,,,
block1-001183,1698.7400373909622,2386.873807408847,48,95.0,1698.597284965217,2386.731054983102,0.14275242574512959,block1:s4,gated_rule_c,mixed,1785184662.3152688,1785184662.315412,1785184664.0140166,1785184664.7021508,,,
block1-001184,1653.3846413949504,4522.920280345716,117,320.0,1652.7162290876731,4522.251868038438,0.6684123072773218,block1:zero_tool,gated_rule_c,mixed,1785184662.3604968,1785184662.3611653,1785184664.0138905,1785184666.8834267,,,
block1-001185,1469.8251414811239,2081.2386225443333,37,140.0,1469.3605219945312,2080.7740030577406,0.46461948659271,block1:s1,gated_rule_c,mixed,1785184662.859675,1785184662.8601398,1785184664.3295083,1785184664.9409215,,,
block1-001186,1617.9320387309417,5184.49223972857,143,17.5,1617.4363909522071,5183.996591949835,0.4956477787345648,block1:zero_tool,gated_rule_c,mixed,1785184662.8893375,1785184662.8898332,1785184664.5072765,1785184668.0738366,,,
block1-001187,1921.8224018113688,2510.1817997638136,37,297.5,1920.0381910195574,2508.3975889720023,1.784210791811347,block1:s1,gated_rule_c,mixed,1785184663.0192308,1785184663.0210156,1785184664.941062,1785184665.5294218,,,
block1-001188,2048.1268358416855,2720.976843847893,39,170.0,2047.2701910184696,2720.1201990246773,0.8566448232159019,block1:s1,gated_rule_c,mixed,1785184663.0424259,1785184663.0432832,1785184665.0905635,1785184665.7634146,,,
block1-001189,1829.2373808799312,3255.863473867066,61,12.5,1828.7324830889702,3255.3585760761052,0.5048977909609675,block1:s1,gated_rule_c,mixed,1785184663.1062403,1785184663.1067462,1785184664.935489,1785184666.362116,,,
block1-001190,1299.9779769452289,2957.885377923958,69,320.0,1299.6170300757512,2957.5244310544804,0.36094686947762966,block1:s1,gated_rule_c,mixed,1785184663.640642,1785184663.6410034,1785184664.9406316,1785184666.5985396,,,
block1-001191,1109.1856624698266,5181.7326984601095,170,152.5,1108.8122290093452,5181.359264999628,0.37343346048146486,block1:zero_tool,gated_rule_c,mixed,1785184663.920232,1785184663.920606,1785184665.0294292,1785184669.1019766,,,
block1-001192,1008.382186642848,1685.476491576992,40,172.5,1007.594448979944,1684.688753914088,0.7877376629039645,block1:s2,gated_rule_c,mixed,1785184664.2635467,1785184664.2643352,1785184665.2719398,1785184665.9490347,,,
block1-001193,759.1944070300087,1469.5375260198489,40,60.0,758.7375759612769,1469.080694951117,0.4568310687318444,block1:s2,gated_rule_c,mixed,1785184664.5527918,1785184664.553249,1785184665.3119934,1785184666.0223367,,,
block1-001194,563.6908798478544,2063.5010588448495,64,115.0,561.6191949229687,2061.429373919964,2.0716849248856306,block1:s2,gated_rule_c,mixed,1785184664.668688,1785184664.6707602,1785184665.232389,1785184666.732199,,,
block1-001195,165.1035175891593,12677.274964516982,513,52.5,164.33009400498122,12676.501540932804,0.7734235841780901,block1:zero_tool,gated_rule_c,mixed,1785184665.2428901,1785184665.2436635,1785184665.4080012,1785184677.9201727,,,
block1-001196,473.2124872971326,1072.8845383273438,36,107.5,472.37509198021144,1072.0471430104226,0.8373953169211745,block1:s2,gated_rule_c,mixed,1785184665.367586,1785184665.3684237,1785184665.8408065,1785184666.4404798,,,
block1-001197,802.6978014968336,1633.4950734162703,49,10.0,801.6876160399988,1632.4848879594356,1.0101854568347335,block1:s2,gated_rule_c,mixed,1785184665.4590034,1785184665.4600136,1785184666.2617154,1785184667.0925126,,,
block1-001198,551.8550999695435,2121.794809005223,64,412.5,550.7485580164939,2120.6882670521736,1.1065419530496001,block1:s2,gated_rule_c,mixed,1785184665.4706528,1785184665.4717596,1785184666.022515,1785184667.592455,,,
block1-001199,752.4134542327374,1358.2942781504244,31,17.5,751.7459800001234,1357.6268039178103,0.6674742326140404,block1:s2,gated_rule_c,mixed,1785184665.4717238,1785184665.4723914,1785184666.2241447,1785184666.8300254,,,
block1-001200,1068.1385959032923,1883.277797838673,48,15.0,1067.1134720323607,1882.2526739677414,1.0251238709315658,block1:s3,gated_rule_c,mixed,1785184665.7625558,1785184665.7635815,1785184666.830708,1785184667.6458473,,,
block1-001201,656.979784485884,3743.76865348313,129,572.5,656.7422719672322,3743.5311409644783,0.23751251865178347,block1:zero_tool,gated_rule_c,mixed,1785184665.838532,1785184665.838771,1785184666.4955277,1785184669.5823166,,,
block1-001202,1387.790452572517,1925.7129904581234,38,485.0,1387.7250320510939,1925.6475699367002,0.06542052142322063,block1:s3,gated_rule_c,mixed,1785184665.8792388,1785184665.8793046,1785184667.2670398,1785184667.8049622,,,
block1-001203,1183.593844762072,1914.7983636939898,41,155.0,1183.433736092411,1914.6382550243288,0.16010866966098547,block1:s3,gated_rule_c,mixed,1785184665.8899288,1785184665.890089,1785184667.07353,1785184667.8047345,,,
block1-001204,1148.706501466222,1893.7930334359407,48,117.5,1147.84274995327,1892.9292819229886,0.8637515129521489,block1:s3,gated_rule_c,mixed,1785184666.179806,1785184666.1806703,1785184667.3285224,1785184668.0736086,,,
block1-001205,740.4600639129058,1451.1957408394665,48,287.5,739.954360993579,1450.6900379201397,0.5057029193267226,block1:s3,gated_rule_c,mixed,1785184666.4085555,1785184666.4090617,1785184667.149028,1785184667.8597634,,,
block1-001206,1057.113667135127,1654.7150751575828,43,177.5,1056.0254169395193,1653.6268249619752,1.088250195607543,block1:s3,gated_rule_c,mixed,1785184666.4750676,1785184666.4761567,1785184667.5321922,1785184668.1297941,,,
block1-001207,950.1826976193115,4787.72781859152,163,60.0,949.4556679856032,4787.000788957812,0.7270296337082982,block1:zero_tool,gated_rule_c,mixed,1785184666.7478483,1785184666.7485754,1785184667.6980393,1785184671.535585,,,
block1-001208,645.0565387494862,1418.3482337975875,48,105.0,644.1097100032493,1417.4014050513506,0.9468287462368608,block1:s4,gated_rule_c,mixed,1785184666.7675338,1785184666.768481,1785184667.4126008,1785184668.185893,,,
block1-001209,787.9967156331986,3959.645243594423,137,105.0,787.0172790717334,3958.6658070329577,0.9794365614652634,block1:zero_tool,gated_rule_c,mixed,1785184666.913943,1785184666.9149225,1785184667.7019486,1785184670.8735976,,,
block1-001210,848.7567203119397,4657.6766012003645,160,107.5,847.9629800422117,4656.8828609306365,0.7937402697280049,block1:zero_tool,gated_rule_c,mixed,1785184667.0108683,1785184667.011662,1785184667.8596327,1785184671.668552,,,
block1-001211,956.6166026052088,1600.151876686141,48,545.0,956.0447880066931,1599.5800620876253,0.5718145985156298,block1:s4,gated_rule_c,mixed,1785184667.3680358,1785184667.368608,1785184668.3246627,1785184668.9681983,,,
block1-001212,475.52066890057176,4055.4275038884953,152,10.0,474.4689459912479,4054.3757809791714,1.0517229093238711,block1:zero_tool,gated_rule_c,mixed,1785184667.3843539,1785184667.3854063,1785184667.859886,1785184671.439793,,,
block1-001213,729.4316653860733,5235.450729378499,188,60.0,728.6928690737113,5234.711933066137,0.7387963123619556,block1:zero_tool,gated_rule_c,mixed,1785184667.400602,1785184667.4013417,1785184668.1300437,1785184672.6360636,,,
block1-001214,73.27898044604808,4071.8359934398904,167,12.5,72.79076904524118,4071.3477820390835,0.48821140080690384,block1:zero_tool,gated_rule_c,mixed,1785184668.1127403,1785184668.113229,1785184668.18603,1785184672.1845868,,,
block1-001215,456.63442951627076,1197.6241334341466,48,52.5,456.18959807325155,1197.1793019911274,0.4448314430192113,block1:s4,gated_rule_c,mixed,1785184668.148793,1785184668.149238,1785184668.6054366,1785184669.3464267,,,
block1-001216,338.2558912271634,990.2016011765227,43,10.0,337.81615796033293,989.7618679096922,0.43973326683044434,block1:s1,gated_rule_c,mixed,1785184668.226961,1785184668.227401,1785184668.565227,1785184669.217172,,,
block1-001217,619.3652489455417,2139.751471928321,66,155.0,619.0497729694471,2139.435995952226,0.31547597609460354,block1:s1,gated_rule_c,mixed,1785184668.4037476,1785184668.4040637,1785184669.0231245,1785184670.5435112,,,
block1-001218,1003.5474908072501,1637.7528777811676,44,152.5,1003.0005669686943,1637.2059539426118,0.5469238385558128,block1:s1,gated_rule_c,mixed,1785184668.4372683,1785184668.4378161,1785184669.440827,1785184670.075032,,,
block1-001219,670.8048331784084,5845.422083162703,213,395.0,669.9269410455599,5844.544191029854,0.8778921328485012,block1:zero_tool,gated_rule_c,mixed,1785184668.4866636,1785184668.4875424,1785184669.1574798,1785184674.3320975,,,
block1-001220,668.7048586318269,8095.626192633063,306,280.0,667.9928760277107,8094.914210028946,0.7119826041162014,block1:zero_tool,gated_rule_c,mixed,1785184668.6068966,1785184668.607609,1785184669.2756138,1785184676.7025344,,,
block1-001221,683.49079543259,2001.4693974517286,60,152.5,682.3938650777563,2000.372467096895,1.096930354833603,block1:s1,gated_rule_c,mixed,1785184668.715342,1785184668.7164397,1785184669.3988554,1785184670.7168336,,,
block1-001222,946.8547612195835,1615.1969751808792,47,820.0,945.4718900378793,1613.8141039991751,1.382871181704104,block1:s1,gated_rule_c,mixed,1785184668.7944863,1785184668.7958708,1785184669.7413554,1785184670.4096973,,,
block1-001223,784.4176942016929,6541.469902149402,240,135.0,784.2530510388315,6541.30525898654,0.1646431628614664,block1:zero_tool,gated_rule_c,mixed,1785184668.8550892,1785184668.8552551,1785184669.63952,1785184675.3965724,,,
block1-001224,1265.9644642844796,5420.434439205565,170,60.0,1265.6959739979357,5420.165948919021,0.26849028654396534,block1:zero_tool,gated_rule_c,mixed,1785184668.9122827,1785184668.9125519,1785184670.1782577,1785184674.3327272,,,
block1-001225,1318.6317929066718,2047.00984491501,42,395.0,1317.419764935039,2045.7978169433773,1.2120279716327786,block1:s2,gated_rule_c,mixed,1785184669.0905747,1785184669.091788,1785184670.4092226,1785184671.1376004,,,
block1-001226,1611.8052455130965,2199.5164904510602,37,15.0,1611.4686019718647,2199.1798469098285,0.33664354123175144,block1:s2,gated_rule_c,mixed,1785184669.18178,1785184669.1821172,1785184670.7935946,1785184671.3813062,,,
block1-001227,1373.517038533464,3122.056695516221,69,485.0,1372.3257340025157,3120.865390985273,1.1913045309484005,block1:s2,gated_rule_c,mixed,1785184669.2421496,1785184669.243343,1785184670.6156886,1785184672.3642282,,,
block1-001228,1721.9830377725884,2373.9581387490034,35,395.0,1720.9554790752009,2372.930580051616,1.027558697387576,block1:s2,gated_rule_c,mixed,1785184669.294279,1785184669.2953067,1785184671.0162704,1785184671.6682456,,,
block1-001229,1781.0459800530225,2554.775953060016,44,545.0,1779.9907149747014,2553.720687981695,1.0552650783210993,block1:s2,gated_rule_c,mixed,1785184669.4952729,1785184669.496329,1785184671.2763324,1785184672.0500624,,,
block1-001230,1732.6124323299155,3387.1280853636563,64,10.0,1732.2263920214027,3386.7420450551435,0.3860403085127473,block1:s2,gated_rule_c,mixed,1785184669.5240023,1785184669.524389,1785184671.2566574,1785184672.911173,,,
block1-001231,2018.5584948631003,2618.1269388180226,37,105.0,2018.0317810736597,2617.600225028582,0.5267137894406915,block1:s2,gated_rule_c,mixed,1785184669.5660849,1785184669.5666122,1785184671.584654,1785184672.1842222,,,
block1-001232,1837.0477416319773,6593.275166582316,194,287.5,1836.4280509995297,6592.655475949869,0.6196906324476004,block1:zero_tool,gated_rule_c,mixed,1785184669.6023808,1785184669.6030009,1785184671.4394388,1785184676.195666,,,
block1-001233,2132.141701877117,2898.9736889488995,48,320.0,2131.3394989119843,2898.1714859837666,0.8022029651328921,block1:s3,gated_rule_c,mixed,1785184669.7967517,1785184669.7975547,1785184671.9289124,1785184672.6957443,,,
block1-001234,2592.853251611814,3401.884703547694,48,280.0,2591.302679036744,3400.334130972624,1.550572575069964,block1:s3,gated_rule_c,mixed,1785184669.9021866,1785184669.9037378,1785184672.4950507,1785184673.3040814,,,
block1-001235,2627.8582625091076,3471.8658844940364,41,485.0,2626.367839053273,3470.375461038202,1.4904234558343887,block1:s3,gated_rule_c,mixed,1785184669.9669566,1785184669.9684484,1785184672.59483,1785184673.4388375,,,
block1-001236,2101.686339592561,5701.940655591898,153,105.0,2099.5333639439195,5699.787679943256,2.1529756486415863,block1:zero_tool,gated_rule_c,mixed,1785184670.1600277,1785184670.1621816,1785184672.2617264,1785184675.8619812,,,
block1-001237,2304.041901952587,5306.398369953968,128,95.0,2303.324586013332,5305.681054014713,0.7173159392550588,block1:zero_tool,gated_rule_c,mixed,1785184670.391951,1785184670.3926687,1785184672.6960015,1785184675.6983593,,,
block1-001238,1452.9913436854258,2045.5097316298634,43,217.5,1452.1669399691746,2044.6853279136121,0.8244037162512541,block1:s3,gated_rule_c,mixed,1785184670.7313657,1785184670.7321904,1785184672.184366,1785184672.7768853,,,
block1-001239,1038.756605470553,1826.2369224103168,48,550.0,1037.9876780789346,1825.4679950186983,0.7689273916184902,block1:s3,gated_rule_c,mixed,1785184670.9511979,1785184670.9519672,1785184671.9899642,1785184672.7774444,,,
block1-001240,2349.0794791141525,3061.7614320944995,48,117.5,2348.571148933843,3061.2531019141898,0.5083301803097129,block1:s4,gated_rule_c,mixed,1785184670.954892,1785184670.9554005,1785184673.3039775,1785184674.0166595,,,
block1-001241,1780.8218507561833,4609.593435772695,122,95.0,1779.7686769627035,4608.540261979215,1.0531737934798002,block1:zero_tool,gated_rule_c,mixed,1785184670.9756758,1785184670.9767294,1785184672.7565074,1785184675.585279,,,
block1-001242,956.0541782993823,1814.710168284364,48,15.0,955.7364420033991,1814.3924319883808,0.3177362959831953,block1:s4,gated_rule_c,mixed,1785184671.1716368,1785184671.1719553,1785184672.127705,1785184672.9863615,,,
block1-001243,1287.7136276802048,2131.312533747405,48,17.5,1286.8871319806203,2130.4860380478203,0.8264956995844841,block1:s4,gated_rule_c,mixed,1785184671.3072371,1785184671.3080645,1785184672.5949616,1785184673.4385614,,,
block1-001244,1891.9316728133708,2585.6141328113154,48,85.0,1891.7936560465023,2585.476116044447,0.1380167668685317,block1:s4,gated_rule_c,mixed,1785184671.3523767,1785184671.3525157,1785184673.2443185,1785184673.938001,,,
block1-001245,1641.9560149079189,5065.978307859041,147,485.0,1640.8346770331264,5064.856969984248,1.1213378747925162,block1:zero_tool,gated_rule_c,mixed,1785184671.4020224,1785184671.4031453,1785184673.043996,1785184676.4680183,,,
block1-001246,1562.9293684614822,2256.7667075200006,48,15.0,1561.018722015433,2254.8560610739514,1.9106464460492134,block1:s4,gated_rule_c,mixed,1785184671.6810763,1785184671.6829891,1785184673.2440274,1785184673.9378643,,,
block1-001247,1985.314586898312,2725.3873598529026,48,92.5,1984.9537590052933,2725.026531959884,0.36082789301872253,block1:s4,gated_rule_c,mixed,1785184671.711578,1785184671.711939,1785184673.6969008,1785184674.4369736,,,
block1-001248,1641.4555944502354,4239.9558913894,112,187.5,1639.945955015719,4238.446251954883,1.50963943451643,block1:zero_tool,gated_rule_c,mixed,1785184671.856836,1785184671.8583467,1785184673.4983046,1785184676.0968041,,,
block1-001249,1541.2708254298195,5334.799345466308,161,20.0,1539.9660050170496,5333.494525053538,1.3048204127699137,block1:zero_tool,gated_rule_c,mixed,1785184671.9573774,1785184671.9586828,1785184673.498663,1785184677.2921917,,,
block1-001250,1467.1217252034694,4843.0199201684445,140,287.5,1466.799118090421,4842.697313055396,0.32260711304843426,block1:zero_tool,gated_rule_c,mixed,1785184672.5291607,1785184672.5294838,1785184673.9962947,1785184677.3721926,,,
block1-001251,1430.672059650533,7008.7429956765845,225,177.5,1429.4250970706344,7007.496033096686,1.2469625798985362,block1:zero_tool,gated_rule_c,mixed,1785184672.565693,1785184672.566941,1785184673.996376,1785184679.5744479,,,
block1-001252,1682.8915942460299,2339.1624722862616,39,170.0,1681.1416479758918,2337.4125260161236,1.7499462701380253,block1:s1,gated_rule_c,mixed,1785184672.6034064,1785184672.6051579,1785184674.2864413,1785184674.9427118,,,
block1-001253,1726.2848215177655,3116.718348581344,61,280.0,1725.3391880076379,3115.772715071216,0.9456335101276636,block1:s1,gated_rule_c,mixed,1785184672.6693842,1785184672.6703308,1785184674.3956828,1785184675.786117,,,
block1-001254,1973.0571425752714,2503.7601075600833,37,320.0,1972.4752949550748,2503.1782599398866,0.5818476201966405,block1:s1,gated_rule_c,mixed,1785184672.6895077,1785184672.690091,1785184674.6625798,1785184675.1932833,,,
block1-001255,1413.556797313504,7895.024143275805,259,280.0,1413.3649700088426,7894.8323159711435,0.19182730466127396,block1:zero_tool,gated_rule_c,mixed,1785184673.0832455,1785184673.0834377,1785184674.4968135,1785184680.9782817,,,
block1-001256,2167.2621555626392,2909.8665995988995,40,160.0,2166.8815499870107,2909.485994023271,0.38060557562857866,block1:s2,gated_rule_c,mixed,1785184673.0867956,1785184673.0871766,1785184675.2540643,1785184675.9966695,,,
block1-001257,1937.245796318166,4800.347499316558,114,107.5,1935.3448209585622,4798.4465239569545,1.9009753596037626,block1:zero_tool,gated_rule_c,mixed,1785184673.3166301,1785184673.3185337,1785184675.2538972,1785184678.1169987,,,
block1-001258,1967.495563090779,5971.362908137962,160,287.5,1967.1374269528314,5971.004772000015,0.35813613794744015,block1:zero_tool,gated_rule_c,mixed,1785184673.4896965,1785184673.4900556,1785184675.4572055,1785184679.4610724,,,
block1-001259,1872.3899598699063,3585.733962827362,69,282.5,1871.4621730614454,3584.806176018901,0.9277868084609509,block1:s2,gated_rule_c,mixed,1785184673.7860153,1785184673.7869437,1785184675.658418,1785184677.3717616,,,
block1-001260,1740.4819659423083,8065.186732914299,246,75.0,1739.6998179610819,8064.404584933072,0.7821479812264442,block1:zero_tool,gated_rule_c,mixed,1785184674.021583,1785184674.0223675,1785184675.7620873,1785184682.0867925,,,
block1-001261,1763.4454608196393,5818.371832836419,160,95.0,1762.2994449920952,5817.225817008875,1.1460158275440335,block1:zero_tool,gated_rule_c,mixed,1785184674.0804307,1785184674.081578,1785184675.843891,1785184679.8988173,,,
block1-001262,1600.9120921371505,3212.921455153264,64,177.5,1600.1610930543393,3212.170456070453,0.7509990828111768,block1:s2,gated_rule_c,mixed,1785184674.334301,1785184674.3350523,1785184675.9352376,1785184677.547247,,,
block1-001263,1535.1307208184153,2072.1941478550434,34,572.5,1534.4523889943957,2071.515816031024,0.6783318240195513,block1:s2,gated_rule_c,mixed,1785184674.792119,1785184674.7928,1785184676.3272712,1785184676.8643343,,,
block1-001264,2024.690707330592,2883.485037367791,48,15.0,2023.917731945403,2882.712061982602,0.7729753851890564,block1:s3,gated_rule_c,mixed,1785184674.8397725,1785184674.840547,1785184676.8644788,1785184677.723274,,,
block1-001265,1771.6813642764464,5021.518123336136,126,20.0,1771.0159179987386,5020.8526770584285,0.6654462777078152,block1:zero_tool,gated_rule_c,mixed,1785184674.9863217,1785184674.9869874,1785184676.7580137,1785184680.0078506,,,
block1-001266,1820.1306824339554,6013.562040519901,161,297.5,1819.731883937493,6013.163242023438,0.39879849646240473,block1:zero_tool,gated_rule_c,mixed,1785184675.0968142,1785184675.0972137,1785184676.916958,1785184681.1103904,,,
block1-001267,2083.655820810236,2827.00911979191,39,15.0,2082.56381098181,2825.917109963484,1.0920098284259439,block1:s3,gated_rule_c,mixed,1785184675.4626853,1785184675.463779,1785184677.5463605,1785184678.2897146,,,
block1-001268,2184.0452142059803,2968.2681491831318,48,550.0,2183.3367550279945,2967.559690005146,0.7084591779857874,block1:s3,gated_rule_c,mixed,1785184675.477311,1785184675.4780195,1785184677.661362,1785184678.4455857,,,
block1-001269,694.0020208712667,1370.6132428487763,43,17.5,693.1503450032324,1369.761566980742,0.8516758680343628,block1:s3,gated_rule_c,mixed,1785184675.7532213,1785184675.7540731,1785184676.4472327,1785184677.1238437,,,
block1-001270,1551.7981231678277,5646.104845101945,157,572.5,1551.6312770778313,5645.937999011949,0.1668460899963975,block1:zero_tool,gated_rule_c,mixed,1785184675.7997925,1785184675.7999597,1785184677.3516033,1785184681.4459097,,,
block1-001271,667.5881926203147,1416.6055476525798,43,287.5,666.8781560147181,1415.8955110469833,0.7100366055965424,block1:s3,gated_rule_c,mixed,1785184675.7999825,1785184675.800693,1785184676.4675784,1785184677.2165956,,,
block1-001272,2128.628894686699,2901.617886731401,48,100.0,2127.5504739023745,2900.5394659470767,1.0784207843244076,block1:s4,gated_rule_c,mixed,1785184676.038255,1785184676.039337,1785184678.166916,1785184678.9399047,,,
block1-001273,1949.6631667716429,2732.8889288473874,48,10.0,1948.962889960967,2732.1886520367116,0.7002768106758595,block1:s4,gated_rule_c,mixed,1785184676.0458517,1785184676.0465524,1785184677.995522,1785184678.778747,,,
block1-001274,1787.307045655325,2569.627865566872,48,117.5,1786.796207074076,2569.117026985623,0.5108385812491179,block1:s4,gated_rule_c,mixed,1785184676.070075,1785184676.0705867,1785184677.8573952,1785184678.6397164,,,
block1-001275,1852.0529224770144,2621.0678544593975,48,15.0,1851.8493969459087,2620.864328928292,0.20352553110569715,block1:s4,gated_rule_c,mixed,1785184676.7066,1785184676.7068038,1785184678.5586615,1785184679.3276765,,,
block1-001276,968.4973716503009,1751.0727295884863,48,115.0,967.7797510521486,1750.355108990334,0.7176205981522799,block1:s4,gated_rule_c,mixed,1785184676.8890066,1785184676.8897245,1785184677.8575156,1785184678.6400912,,,
block1-001277,1793.9132605679333,2573.939897469245,48,20.0,1792.8623710758984,2572.88900797721,1.050889492034912,block1:s4,gated_rule_c,mixed,1785184676.9436767,1785184676.944728,1785184678.7375977,1785184679.517624,,,
block1-001278,1374.4850989896804,2192.1492270193994,48,105.0,1374.1518339375034,2191.8159619672224,0.33326505217701197,block1:s4,gated_rule_c,mixed,1785184677.505039,1785184677.5053728,1785184678.8795338,1785184679.6971977,,,
block1-001279,512.9911176627502,1286.0599886626005,49,282.5,511.9865289889276,1285.055399988778,1.0045886738225818,block1:s4,gated_rule_c,mixed,1785184677.851952,1785184677.8529575,1785184678.3649561,1785184679.1380255,,,
block1-001280,1111.8314943742007,1879.738335381262,43,15.0,1110.7300620060414,1878.6369030131027,1.1014323681592941,block1:s1,gated_rule_c,mixed,1785184677.8847268,1785184677.8858283,1785184678.9965663,1785184679.7644727,,,
block1-001281,1001.9302061991766,1769.4455492310226,43,10.0,1000.9656170150265,1768.4809600468725,0.9645891841500998,block1:s1,gated_rule_c,mixed,1785184677.9947383,1785184677.9957032,1785184678.9966815,1785184679.764197,,,
block1-001282,811.4898354979232,4059.0485255233943,126,15.0,810.0465559400618,4057.605245965533,1.4432795578613877,block1:zero_tool,gated_rule_c,mixed,1785184678.0283976,1785184678.0298414,1785184678.839898,1785184682.0874565,,,
block1-001283,1234.5572533085942,1898.0907272780314,37,395.0,1234.2640310525894,1897.7975050220266,0.29322225600481033,block1:s1,gated_rule_c,mixed,1785184678.0522077,1785184678.052501,1785184679.286771,1785184679.9503047,,,
block1-001284,1410.0726278265938,2087.696722825058,36,140.0,1409.298583981581,2086.922678980045,0.774043845012784,block1:s1,gated_rule_c,mixed,1785184678.1069558,1785184678.1077309,1785184679.5170407,1785184680.194665,,,
block1-001285,971.0801130859181,4309.179788106121,127,117.5,969.8727249633521,4307.972399983555,1.2073881225660443,block1:zero_tool,gated_rule_c,mixed,1785184678.4117737,1785184678.4129817,1785184679.3828678,1785184682.7209678,,,
block1-001286,1263.877116376534,1990.8771422924474,40,307.5,1263.3422180078924,1990.3422439238057,0.5348983686417341,block1:s1,gated_rule_c,mixed,1785184678.5543706,1785184678.5549073,1785184679.8182657,1785184680.5452662,,,
block1-001287,982.9388199141249,5480.057076900266,177,297.5,981.0999799519777,5478.218236938119,1.8388399621471763,block1:zero_tool,gated_rule_c,mixed,1785184678.6484323,1785184678.6502712,1785184679.63138,1785184684.1284976,,,
block1-001288,700.6738069467247,4250.9238289203495,139,95.0,700.5071190651506,4250.757141038775,0.1666878815740347,block1:zero_tool,gated_rule_c,mixed,1785184678.9353135,1785184678.9354808,1785184679.635999,1785184683.1862485,,,
block1-001289,1044.017530279234,1708.3002182189375,40,10.0,1043.3606209699064,1707.64330890961,0.6569093093276024,block1:s2,gated_rule_c,mixed,1785184679.0122073,1785184679.012865,1785184680.056246,1785184680.7205303,,,
block1-001290,804.2787705780938,4481.042819563299,142,10.0,803.8536339299753,4480.617682915181,0.42513664811849594,block1:zero_tool,gated_rule_c,mixed,1785184679.033056,1785184679.0334823,1785184679.8373492,1785184683.5141132,,,
block1-001291,801.9840887282044,1534.0941346948966,43,12.5,801.5699320239946,1533.679977990687,0.41415670420974493,block1:s2,gated_rule_c,mixed,1785184679.368495,1785184679.3689098,1785184680.170491,1785184680.9026005,,,
block1-001292,893.5036764014512,1465.2882964583114,36,287.5,893.0837670341134,1464.8683870909736,0.4199093673378229,block1:s2,gated_rule_c,mixed,1785184679.37529,1785184679.3757102,1785184680.2688017,1785184680.840587,,,
block1-001293,856.6663729725406,1709.7650290234014,44,282.5,856.3461499288678,1709.4448059797287,0.32022304367274046,block1:s2,gated_rule_c,mixed,1785184679.4761453,1785184679.4764657,1785184680.3328207,1785184681.1859179,,,
block1-001294,824.8343170853332,1448.552526999265,38,350.0,824.5507450774312,1448.268954991363,0.28357200790196657,block1:s2,gated_rule_c,mixed,1785184679.5298836,1785184679.5301673,1785184680.3547263,1785184680.9784436,,,
block1-001295,707.2825459763408,8737.359946942888,324,177.5,706.4269139664248,8736.504314932972,0.8556320099160075,block1:zero_tool,gated_rule_c,mixed,1785184679.5417702,1785184679.5426261,1785184680.2490604,1785184688.2791374,,,
block1-001296,1363.5008798446506,1992.937516886741,32,297.5,1363.1535100284964,1992.5901470705867,0.34736981615424156,block1:s3,gated_rule_c,mixed,1785184679.6705706,1785184679.670919,1785184681.0340853,1785184681.663522,,,
block1-001297,1039.419089909643,4358.726070844568,129,12.5,1038.9999949838966,4358.306975918822,0.4190949257463217,block1:zero_tool,gated_rule_c,mixed,1785184679.8630133,1785184679.8634324,1785184680.9024408,1785184684.221748,,,
block1-001298,1609.0849792817608,2176.1317963246256,38,15.0,1608.725021011196,2175.771838054061,0.35995827056467533,block1:s3,gated_rule_c,mixed,1785184679.9109309,1785184679.911291,1785184681.5200253,1785184682.0870724,,,
block1-001299,1967.5593704450876,2777.3230794118717,48,140.0,1967.232323018834,2776.996031985618,0.3270474262535572,block1:s3,gated_rule_c,mixed,1785184680.1199925,1785184680.1203203,1785184682.0875673,1785184682.8973317,,,
block1-001300,1187.2416948899627,1895.740163861774,42,152.5,1187.0182260172442,1895.5166949890554,0.223468872718513,block1:s3,gated_rule_c,mixed,1785184680.1347802,1785184680.1350052,1785184681.3220365,1785184682.0305345,,,
block1-001301,1234.2618759721518,1964.7855249932036,46,350.0,1233.8023759657517,1964.3260249868035,0.45950000640004873,block1:s3,gated_rule_c,mixed,1785184680.265745,1785184680.2662046,1785184681.5000184,1785184682.230543,,,
block1-001302,1154.4510259991512,1885.0560749415308,46,25.0,1152.963618049398,1883.5686669917777,1.4874079497531056,block1:s3,gated_rule_c,mixed,1785184680.3456273,1785184680.3471155,1785184681.5000908,1785184682.230696,,,
block1-001303,524.0840886253864,1403.7053495412692,43,117.5,523.8829290028661,1403.504189918749,0.20115962252020836,block1:s3,gated_rule_c,mixed,1785184680.3740702,1785184680.3742716,1785184680.8981674,1785184681.777789,,,
block1-001304,1115.9749035723507,1945.6354195717722,48,320.0,1115.0149710010737,1944.6754870004952,0.9599325712770224,block1:s4,gated_rule_c,mixed,1785184680.4859557,1785184680.486919,1785184681.6019576,1785184682.4316185,,,
block1-001305,1148.9113649586216,1949.9538809759542,48,357.5,1147.5006999680772,1948.54321598541,1.4106649905443192,block1:s4,gated_rule_c,mixed,1785184680.7192707,1785184680.7206814,1785184681.868192,1785184682.6692336,,,
block1-001306,1808.6582843679935,2601.789941312745,48,820.0,1807.501042028889,2600.632698973641,1.157242339104414,block1:s4,gated_rule_c,mixed,1785184680.7393806,1785184680.7405381,1785184682.5480561,1785184683.3411872,,,
block1-001307,1079.03900987003,5626.892090775073,184,75.0,1078.4138720482588,5626.266952953301,0.6251378217712045,block1:zero_tool,gated_rule_c,mixed,1785184680.7505057,1785184680.7511313,1785184681.829552,1785184686.3774054,,,
block1-001308,1179.1654294356704,5088.016357389279,158,572.5,1177.43734002579,5086.288267979398,1.72808940988034,block1:zero_tool,gated_rule_c,mixed,1785184680.9908953,1785184680.9926236,1785184682.1700695,1785184686.0789201,,,
block1-001309,957.5539742363617,5432.816685293801,181,115.0,956.9649359909818,5432.227647048421,0.5890382453799248,block1:zero_tool,gated_rule_c,mixed,1785184681.2125936,1785184681.213183,1785184682.1701586,1785184686.6454222,,,
block1-001310,1375.1909607090056,2186.8469147011638,48,350.0,1373.5370620852336,2185.193016077392,1.6538986237719655,block1:s4,gated_rule_c,mixed,1785184681.2731323,1785184681.2747867,1785184682.6483328,1785184683.4599886,,,
block1-001311,1155.0376816885546,1912.3716946924105,48,22.5,1154.0662599727511,1911.400272976607,0.9714217158034444,block1:s4,gated_rule_c,mixed,1785184681.372585,1785184681.373557,1785184682.5276308,1785184683.2849648,,,
block1-001312,900.8604277623817,1653.6958446959034,43,572.5,900.485672056675,1653.3210889901966,0.3747557057067752,block1:s1,gated_rule_c,mixed,1785184681.687354,1785184681.6877291,1785184682.5882227,1785184683.341058,,,
block1-001313,850.7295496528968,1643.752347677946,43,217.5,850.5882458994165,1643.6110439244658,0.1413037534803152,block1:s1,gated_rule_c,mixed,1785184681.9252715,1785184681.9254134,1785184682.7760098,1785184683.569033,,,
block1-001314,761.8910693563521,13406.77232539747,530,95.0,761.553019983694,13406.434276024811,0.3380493726581335,block1:zero_tool,gated_rule_c,mixed,1785184682.0095203,1785184682.0098593,1785184682.7714255,1785184695.4163072,,,
block1-001315,1060.1314197992906,1697.0649397699162,40,15.0,1059.6938061062247,1696.6273260768503,0.43761369306594133,block1:s1,gated_rule_c,mixed,1785184682.0653176,1785184682.0657558,1785184683.1254594,1785184683.762393,,,
block1-001316,1057.1137453662232,1814.6223262883723,39,105.0,1056.0724450042471,1813.5810259263963,1.0413003619760275,block1:s1,gated_rule_c,mixed,1785184682.108452,1785184682.1094937,1785184683.165575,1785184683.9230835,,,
block1-001317,1072.4616560619324,5195.832466008142,167,15.0,1071.6988140484318,5195.069623994641,0.7628420135006309,block1:zero_tool,gated_rule_c,mixed,1785184682.172687,1785184682.17345,1785184683.2451584,1785184687.368529,,,
block1-001318,1122.21146421507,5405.945070204325,176,280.0,1121.3094630511478,5405.043069040403,0.9020011639222503,block1:zero_tool,gated_rule_c,mixed,1785184682.2723022,1785184682.273205,1785184683.3945422,1785184687.6782756,,,
block1-001319,959.0632292674854,2396.3716712314636,60,10.0,957.4816529639065,2394.7900949278846,1.5815763035789132,block1:s1,gated_rule_c,mixed,1785184682.4407384,1785184682.4423203,1785184683.3998103,1785184684.8371193,,,
block1-001320,1175.9153774473816,1856.4597014337778,40,187.5,1175.4479460651055,1855.9922700515017,0.4674313822761178,block1:s2,gated_rule_c,mixed,1785184682.4854705,1785184682.4859388,1785184683.6613944,1785184684.3419392,,,
block1-001321,1048.0650422396138,4461.601062212139,141,282.5,1047.4490709602833,4460.985090932809,0.6159712793305516,block1:zero_tool,gated_rule_c,mixed,1785184682.5210595,1785184682.5216763,1785184683.569134,1785184686.9826703,,,
block1-001322,1291.733709978871,1884.497009916231,36,22.5,1291.5577130625024,1884.3210129998624,0.1759969163686037,block1:s2,gated_rule_c,mixed,1785184682.5312996,1785184682.5314758,1785184683.82304,1785184684.4158037,,,
block1-001323,776.0463471058756,16985.34011701122,679,485.0,775.3344550728798,16984.628224978223,0.71189203299582,block1:zero_tool,gated_rule_c,mixed,1785184682.8455489,1785184682.8462615,1785184683.6216054,1785184699.8309,,,
block1-001324,358.01137250382453,934.180099517107,36,160.0,357.3832609690726,933.5519879823551,0.6281115347519517,block1:s2,gated_rule_c,mixed,1785184683.903331,1785184683.9039593,1785184684.261351,1785184684.83752,,,
block1-001325,550.8068883791566,1230.8203164720908,49,485.0,549.9387799063697,1229.952207999304,0.8681084727868438,block1:s2,gated_rule_c,mixed,1785184683.923395,1785184683.9242635,1785184684.4742076,1785184685.1542218,,,
block1-001326,447.95546564273536,1006.4811087213457,36,282.5,447.38740799948573,1005.913051078096,0.5680576432496309,block1:s2,gated_rule_c,mixed,1785184684.026318,1785184684.026887,1785184684.4742846,1785184685.0328102,,,
block1-001327,393.377379165031,945.8066191291437,37,110.0,392.40033098030835,944.829570944421,0.977048184722662,block1:s2,gated_rule_c,mixed,1785184684.3421867,1785184684.343164,1785184684.7355716,1785184685.2880008,,,
block1-001328,77.53172959201038,2672.631915542297,106,15.0,77.21632602624595,2672.3165119765326,0.3154035657644272,block1:zero_tool,gated_rule_c,mixed,1785184684.3965392,1785184684.3968554,1785184684.4740825,1785184687.0691826,,,
block1-001329,464.4082261947915,1266.2781171966344,48,117.5,462.9433279624209,1264.8132189642638,1.464898232370615,block1:s3,gated_rule_c,mixed,1785184684.525477,1785184684.526942,1785184684.9898946,1785184685.7917645,,,
block1-001330,637.4220134457573,1368.7711274251342,41,145.0,637.0097789913416,1368.3588929707184,0.4122344544157386,block1:s3,gated_rule_c,mixed,1785184684.535691,1785184684.5361037,1785184685.173125,1785184685.9044735,,,
block1-001331,544.3512019701302,1363.3576108841226,48,12.5,544.0492450725287,1363.055653986521,0.30195689760148525,block1:s3,gated_rule_c,mixed,1785184685.1211436,1785184685.1214464,1785184685.6655083,1785184686.4845138,,,
block1-001332,413.53908041492105,1158.5776495048776,41,20.0,412.4342469731346,1157.4728160630912,1.104833441786468,block1:s3,gated_rule_c,mixed,1785184685.270922,1785184685.2720275,1785184685.6844711,1785184686.4295096,,,
block1-001333,416.93548834882677,1172.0042002853006,43,60.0,415.89474002830684,1170.9634519647807,1.0407483205199242,block1:s3,gated_rule_c,mixed,1785184685.3744767,1785184685.3755183,1785184685.7914236,1785184686.5464914,,,
block1-001334,509.6991433529183,1289.1967573668808,48,17.5,509.30438190698624,1288.8019959209487,0.3947614459320903,block1:s3,gated_rule_c,mixed,1785184685.3945856,1785184685.3949814,1785184685.904299,1785184686.6837964,,,
block1-001335,662.4747168971226,1472.6115149678662,44,107.5,661.3843919476494,1471.521190018393,1.0903249494731426,block1:s3,gated_rule_c,mixed,1785184685.4684842,1785184685.4695752,1785184686.1309693,1785184686.9411073,,,
block1-001336,1019.7548147989437,1786.259048851207,48,95.0,1019.5031379116699,1786.007371963933,0.25167688727378845,block1:s4,gated_rule_c,mixed,1785184685.4864714,1785184685.4867237,1785184686.5062337,1785184687.2727385,,,
block1-001337,579.1713566286489,1371.2209645891562,48,10.0,577.0563599653542,1369.1059679258615,2.1149966632947326,block1:s4,gated_rule_c,mixed,1785184685.7372801,1785184685.7393954,1785184686.3164618,1785184687.1085107,,,
block1-001338,657.3347366647795,1410.4829336283728,48,217.5,656.4111510524526,1409.559348016046,0.9235856123268604,block1:s4,gated_rule_c,mixed,1785184686.1881938,1785184686.1891184,1785184686.8455422,1785184687.59869,,,
block1-001339,94.96610786300153,4199.699906865135,170,485.0,94.09082704223692,4198.82462604437,0.8752808207646012,block1:zero_tool,gated_rule_c,mixed,1785184686.3929121,1785184686.3937876,1785184686.4878871,1785184690.592621,,,
block1-001340,84.9844339536503,3174.3795820511878,130,357.5,83.56375701259822,3172.9589051101357,1.4206769410520792,block1:zero_tool,gated_rule_c,mixed,1785184686.5392268,1785184686.5406487,1785184686.6242256,1785184689.7136202,,,
block1-001341,79.60679847747087,3319.6888375096023,135,320.0,79.2134499642998,3319.2954889964312,0.3933485131710768,block1:zero_tool,gated_rule_c,mixed,1785184686.6876113,1785184686.688005,1785184686.767228,1785184690.0073097,,,
block1-001342,93.89241016469896,4089.222671231255,167,10.0,93.25691196136177,4088.5871730279177,0.6354982033371925,block1:zero_tool,gated_rule_c,mixed,1785184686.755043,1785184686.7556806,1785184686.8489544,1785184690.844285,,,
block1-001343,75.09340392425656,3664.1549088526517,148,15.0,74.74559498950839,3663.8070999179035,0.34780893474817276,block1:zero_tool,gated_rule_c,mixed,1785184686.8694046,1785184686.8697526,1785184686.9445078,1785184690.5335686,,,
block1-001344,365.3381330659613,1073.3601880492643,43,152.5,364.33286708779633,1072.3549220710993,1.0052659781649709,block1:s1,gated_rule_c,mixed,1785184686.985902,1785184686.9869077,1785184687.3512564,1785184688.0592782,,,
block1-001345,93.25005079153925,1690.9051528200507,69,280.0,92.82902593258768,1690.4841279610991,0.4210248589515686,block1:s1,gated_rule_c,mixed,1785184687.077029,1785184687.0774503,1785184687.1702874,1785184688.767943,,,
block1-001346,332.28236937429756,990.5189264100045,40,350.0,332.07905595190823,990.3156129876152,0.20331342238932848,block1:s1,gated_rule_c,mixed,1785184687.247675,1785184687.247879,1785184687.579969,1785184688.2382052,,,
block1-001347,417.1321893809363,1076.126170461066,45,177.5,416.7523549403995,1075.7463360205293,0.37983444053679705,block1:s1,gated_rule_c,mixed,1785184687.2610788,1785184687.2614589,1785184687.6782188,1785184688.3372126,,,
block1-001348,422.7712301071733,900.3990661585703,36,550.0,420.8620829740539,898.489919025451,1.9091471331194043,block1:s1,gated_rule_c,mixed,1785184687.4366138,1785184687.4385235,1785184687.8593955,1785184688.3370233,,,
block1-001349,137.82324676867574,1541.8543188134208,62,20.0,137.64765101950616,1541.6787230642512,0.1755957491695881,block1:s1,gated_rule_c,mixed,1785184687.6603847,1785184687.6605608,1785184687.7982175,1785184689.202248,,,
block1-001350,104.08295539673418,9404.672276461497,394,15.0,103.70118194259703,9404.29050300736,0.3817734541371465,block1:zero_tool,gated_rule_c,mixed,1785184687.6970432,1785184687.6974251,1785184687.8011315,1785184697.101721,,,
block1-001351,133.0416570417583,1641.8247129768133,62,307.5,131.84677599929273,1640.6298319343477,1.1948810424655676,block1:s1,gated_rule_c,mixed,1785184688.3247647,1785184688.3259604,1785184688.4578173,1785184689.9666002,,,
block1-001352,448.2192995492369,1024.4634485570714,38,107.5,447.66702607739717,1023.9111750852317,0.552273471839726,block1:s2,gated_rule_c,mixed,1785184688.33782,1785184688.3383727,1785184688.7860456,1785184689.36229,,,
block1-001353,458.13162997365,1034.717094968073,38,110.0,457.95421802904457,1034.5396830234677,0.1774119446054101,block1:s2,gated_rule_c,mixed,1785184688.5721848,1785184688.5723627,1785184689.0303264,1785184689.6069124,,,
block1-001354,100.91282206121832,1697.0981460763142,64,22.5,99.24262599088252,1695.4279500059783,1.6701960703358054,block1:s2,gated_rule_c,mixed,1785184688.8371499,1785184688.8388207,1785184688.9380734,1785184690.5342581,,,
block1-001355,71.05771312490106,6677.3417121730745,279,60.0,70.55172801483423,6676.835727063008,0.5059851100668311,block1:zero_tool,gated_rule_c,mixed,1785184688.9627862,1785184688.9632924,1785184689.0338523,1785184695.6401365,,,
block1-001356,344.2686466732994,1142.0991006307304,42,15.0,343.29261002130806,1141.123063978739,0.9760366519913077,block1:s2,gated_rule_c,mixed,1785184689.0181127,1785184689.0190892,1785184689.362391,1785184690.1602218,,,
block1-001357,88.5558818699792,15719.328246777877,660,105.0,87.98577298875898,15718.758137896657,0.5701088812202215,block1:zero_tool,gated_rule_c,mixed,1785184689.0932775,1785184689.0938478,1785184689.181843,1785184704.8126152,,,
block1-001358,464.0378172043711,1038.3726401487365,38,60.0,463.6186750140041,1037.9534979583696,0.4191421903669834,block1:s2,gated_rule_c,mixed,1785184689.3791707,1785184689.3795912,1785184689.8432238,1785184690.4175582,,,
block1-001359,416.72351653687656,1024.6996015775949,37,10.0,415.35341495182365,1023.329499992542,1.3701015850529075,block1:s2,gated_rule_c,mixed,1785184689.5289965,1785184689.5303674,1785184689.945732,1785184690.5537078,,,
block1-001360,520.221546641551,1240.6192866619676,48,17.5,519.3474360276014,1239.745176048018,0.8741106139495969,block1:s3,gated_rule_c,mixed,1785184689.6814046,1785184689.6822786,1785184690.201644,1785184690.9220414,,,
block1-001361,309.23652090132236,1065.6875539571047,39,20.0,308.9378339936957,1065.388867049478,0.2986869076266885,block1:s3,gated_rule_c,mixed,1785184689.71764,1785184689.7179387,1785184690.0268848,1785184690.7833364,,,
block1-001362,513.4027515305206,1269.252648577094,48,280.0,512.3845200287178,1268.2344170752913,1.018231501802802,block1:s3,gated_rule_c,mixed,1785184690.0005963,1785184690.0016148,1785184690.5140083,1785184691.269859,,,
block1-001363,101.24083748087287,3248.456585453823,132,187.5,100.28284799773246,3247.498595970683,0.957989483140409,block1:zero_tool,gated_rule_c,mixed,1785184690.0587795,1785184690.0597382,1785184690.1600313,1785184693.307246,,,
block1-001364,454.945990932174,1210.0030948640779,48,100.0,453.99997802451253,1209.0570819564164,0.9460129076614976,block1:s3,gated_rule_c,mixed,1785184690.157022,1785184690.1579685,1785184690.6119785,1785184691.367036,,,
block1-001365,432.5310797430575,1211.1130327684805,48,115.0,431.456760969013,1210.038713994436,1.0743187740445137,block1:s3,gated_rule_c,mixed,1785184690.3912935,1785184690.3923686,1785184690.823835,1785184691.6024172,,,
block1-001366,77.26214069407433,3889.277467620559,165,485.0,76.63712103385478,3888.6524479603395,0.6250196602195501,block1:zero_tool,gated_rule_c,mixed,1785184690.7087815,1785184690.7094073,1785184690.7860556,1785184694.5980713,,,
block1-001367,389.72364203073084,1185.1109460694715,43,50.0,389.4960239995271,1184.8833280382678,0.2276180312037468,block1:s3,gated_rule_c,mixed,1785184690.9180744,1785184690.9183028,1785184691.3078077,1785184692.1031957,,,
block1-001368,457.8849780373275,1264.518846059218,48,50.0,456.94903505500406,1263.5829030768946,0.9359429823234677,block1:s4,gated_rule_c,mixed,1785184690.989941,1785184690.9908776,1785184691.4478364,1785184692.2544696,,,
block1-001369,452.34522013925016,1257.4495201697573,49,152.5,451.4239779673517,1256.5282779978588,0.9212421718984842,block1:s4,gated_rule_c,mixed,1785184691.150211,1785184691.1511338,1785184691.6025667,1785184692.4076724,,,
block1-001370,435.4250200558454,1210.7138080755249,48,110.0,434.24099090043455,1209.529778920114,1.1840291554108262,block1:s4,gated_rule_c,mixed,1785184691.4156103,1785184691.416796,1785184691.8510509,1785184692.6263402,,,
block1-001371,81.41783450264484,4204.272583476268,176,15.0,81.17168501485139,4204.026433988474,0.2461494877934456,block1:zero_tool,gated_rule_c,mixed,1785184691.6332245,1785184691.6334715,1785184691.7146556,1785184695.83751,,,
block1-001372,549.518738174811,1264.383101137355,48,10.0,548.8415400031954,1263.7059029657394,0.6771981716156006,block1:s4,gated_rule_c,mixed,1785184691.836636,1785184691.837314,1785184692.3861754,1785184693.1010387,,,
block1-001373,509.04453929979354,1241.617706255056,48,15.0,508.2713810261339,1240.8445479813963,0.7731582736596465,block1:s4,gated_rule_c,mixed,1785184691.8809464,1785184691.8817198,1785184692.389999,1785184693.1225727,,,
block1-001374,444.98027220834047,1233.1109911901876,48,545.0,444.3406530190259,1232.471372000873,0.6396191893145442,block1:s4,gated_rule_c,mixed,1785184692.0013447,1785184692.0019848,1785184692.4463358,1785184693.2344666,,,
block1-001375,91.11399098765105,3404.589003068395,148,322.5,90.64304293133318,3404.118055012077,0.47094805631786585,block1:zero_tool,gated_rule_c,mixed,1785184692.0664012,1785184692.066873,1785184692.1575272,1785184695.4710016,,,
block1-001376,82.797548500821,2573.0124404653907,112,320.0,82.4454560643062,2572.660348028876,0.3520924365147948,block1:zero_tool,gated_rule_c,mixed,1785184692.3071213,1785184692.3074741,1785184692.389932,1785184694.8801472,,,
block1-001377,142.42494304198772,1685.5044880649075,71,15.0,141.2929439684376,1684.3724889913574,1.131999073550105,block1:s1,gated_rule_c,mixed,1785184692.8062654,1785184692.8074005,1785184692.948722,1785184694.4918013,,,
block1-001378,524.1897226078436,1146.7391956830397,45,17.5,523.1456769397482,1145.6951500149444,1.0440456680953503,block1:s1,gated_rule_c,mixed,1785184692.842597,1785184692.8436415,1785184693.366797,1785184693.989347,,,
block1-001379,83.32909655291587,8479.163113515824,357,22.5,82.38947601057589,8478.223492973484,0.9396205423399806,block1:zero_tool,gated_rule_c,mixed,1785184692.9969323,1785184692.997872,1785184693.0802732,1785184701.4761066,,,
block1-001380,131.26994215417653,2798.8658611429855,117,20.0,130.8520040474832,2798.447923036292,0.4179381066933274,block1:zero_tool,gated_rule_c,mixed,1785184693.098995,1785184693.0994134,1785184693.2302766,1785184695.897872,,,
block1-001381,129.0558105101809,1430.736091453582,62,15.0,128.92600905615836,1430.6062899995595,0.12980145402252674,block1:s1,gated_rule_c,mixed,1785184693.1050978,1785184693.1052277,1785184693.2341597,1785184694.5358405,,,
block1-001382,111.06077791191638,8156.483338912949,344,17.5,110.46813009306788,8155.8906910941005,0.5926478188484907,block1:zero_tool,gated_rule_c,mixed,1785184693.1773865,1785184693.1779802,1785184693.2884586,1785184701.3338811,,,
block1-001383,165.1898513082415,3089.859124389477,129,170.0,164.35395693406463,3089.0232300153,0.8358943741768599,block1:zero_tool,gated_rule_c,mixed,1785184693.2015314,1785184693.2023678,1785184693.3667302,1785184696.2913997,,,
block1-001384,718.8256139634177,3571.8866089591756,120,357.5,717.6761609734967,3570.7371559692547,1.1494529899209738,block1:zero_tool,gated_rule_c,mixed,1785184693.3293877,1785184693.330539,1785184694.0482426,1785184696.9013038,,,
block1-001385,1034.6273860195652,1758.669808972627,44,12.5,1033.9105110615492,1757.952934014611,0.7168749580159783,block1:s2,gated_rule_c,mixed,1785184693.8259544,1785184693.826672,1785184694.8605943,1785184695.5846367,,,
block1-001386,806.7989917472005,1327.2194208111614,36,115.0,805.9619029518217,1326.3823320157826,0.8370887953788042,block1:s2,gated_rule_c,mixed,1785184694.0327442,1785184694.0335815,1785184694.8395524,1785184695.359973,,,
block1-001387,510.78270468860865,11339.117523632012,458,10.0,510.00815897714347,11338.342977920547,0.7745457114651799,block1:zero_tool,gated_rule_c,mixed,1785184694.1486979,1785184694.149473,1785184694.6594918,1785184705.487826,,,
block1-001388,988.0479526473209,1618.4311256511137,35,12.5,986.9441920891404,1617.3273650929332,1.103760558180511,block1:s2,gated_rule_c,mixed,1785184694.1662698,1785184694.167374,1785184695.1543262,1785184695.7847102,,,
block1-001389,1524.174305377528,2250.4622114356607,41,15.0,1523.1389889959246,2249.4268950540572,1.0353163816034794,block1:s2,gated_rule_c,mixed,1785184694.2245011,1785184694.2255373,1785184695.7486882,1785184696.4749756,,,
block1-001390,1409.0664462419227,1964.5479652099311,38,152.5,1407.9917350318283,1963.4732539998367,1.0747112100943923,block1:s2,gated_rule_c,mixed,1785184694.4890242,1785184694.4900997,1785184695.8981028,1785184696.4535847,,,
block1-001391,658.9224233757704,1214.0540053369477,37,15.0,658.5240970598534,1213.6556790210307,0.3983263159170747,block1:s2,gated_rule_c,mixed,1785184695.239111,1785184695.23951,1785184695.8980434,1785184696.4531758,,,
block1-001392,385.0364392856136,3355.7204722892493,125,152.5,384.2984950169921,3354.982528020628,0.7379442686215043,block1:zero_tool,gated_rule_c,mixed,1785184695.257982,1785184695.2587204,1785184695.6430283,1785184698.6137125,,,
block1-001393,473.2614092063159,1278.1187612563372,48,15.0,472.3771589342505,1277.2345109842718,0.8842502720654011,block1:s3,gated_rule_c,mixed,1785184695.623024,1785184695.6239083,1785184696.096295,1785184696.9011524,,,
block1-001394,200.63176087569445,4934.252432896756,203,10.0,199.81199293397367,4933.432664955035,0.8197679417207837,block1:zero_tool,gated_rule_c,mixed,1785184695.6924334,1785184695.693254,1785184695.8930776,1785184700.6266975,,,
block1-001395,493.6476447619498,1297.8183027589694,48,152.5,492.97293997369707,1297.1435979707167,0.6747047882527113,block1:s3,gated_rule_c,mixed,1785184695.7022455,1785184695.7029207,1785184696.1959014,1785184697.0000725,,,
block1-001396,465.1820638682693,1265.6859199050814,48,280.0,464.8393059615046,1265.3431619983166,0.3427579067647457,block1:s3,gated_rule_c,mixed,1785184696.1878061,1785184696.1881497,1785184696.6529984,1785184697.4535024,,,
block1-001397,362.7610915573314,1119.2637066124007,43,412.5,361.66375898756087,1118.1663740426302,1.097332569770515,block1:s3,gated_rule_c,mixed,1785184696.2710705,1785184696.2721682,1785184696.6338427,1785184697.3903456,,,
block1-001398,481.69041727669537,1201.9712602486834,46,12.5,481.29705898463726,1201.5779019566253,0.39335829205811024,block1:s3,gated_rule_c,mixed,1785184696.5968344,1785184696.5972288,1785184697.0785508,1785184697.7988317,,,
block1-001399,138.41161760501564,3595.7129215821624,150,395.0,137.603371986188,3594.9046759633347,0.808245618827641,block1:zero_tool,gated_rule_c,mixed,1785184696.6933959,1785184696.6942043,1785184696.8318174,1785184700.2891188,,,
block1-001400,427.40689450874925,1226.252593449317,48,280.0,426.91171797923744,1225.757416919805,0.49517652951180935,block1:s4,gated_rule_c,mixed,1785184696.709827,1785184696.7103229,1785184697.13726,1785184697.9361062,,,
block1-001401,496.61054159514606,1251.471248571761,48,152.5,494.90721605252475,1249.7679230291396,1.7033255426213145,block1:s4,gated_rule_c,mixed,1785184697.1882136,1785184697.189917,1785184697.6848333,1785184698.4396944,,,
block1-001402,481.1061779037118,1265.9499349538237,48,17.5,480.91642290819436,1265.7601799583063,0.1897549955174327,block1:s4,gated_rule_c,mixed,1785184697.2252831,1785184697.2254732,1785184697.7063987,1785184698.4912424,,,
block1-001403,443.4481200296432,1216.7068159906194,49,170.0,441.3431769935414,1214.6018729545176,2.1049430361017585,block1:s4,gated_rule_c,mixed,1785184697.4170196,1785184697.4191248,1785184697.8604825,1785184698.6337411,,,
block1-001404,83.26823613606393,4303.487448138185,176,50.0,82.55078503862023,4302.769997040741,0.7174510974436998,block1:zero_tool,gated_rule_c,mixed,1785184697.7158418,1785184697.7165594,1785184697.7991195,1785184702.019339,,,
block1-001405,494.56022202502936,1219.111962011084,48,322.5,494.1752019803971,1218.7269419664517,0.38502004463225603,block1:s4,gated_rule_c,mixed,1785184697.8038776,1785184697.8042626,1785184698.2984452,1785184699.0229971,,,
block1-001406,472.27069619111717,1211.3942141877487,48,177.5,470.78984091058373,1209.9133589072153,1.480855280533433,block1:s4,gated_rule_c,mixed,1785184698.0415459,1785184698.0430274,1785184698.5138261,1785184699.2529495,,,
block1-001407,99.90934852976352,3870.6977845868096,159,412.5,99.10752798896283,3869.895964046009,0.8018205408006907,block1:zero_tool,gated_rule_c,mixed,1785184698.074342,1785184698.0751452,1785184698.1742687,1785184701.945057,,,
block1-001408,351.76393925212324,1031.84935124591,43,322.5,351.0805410332978,1031.1659530270845,0.6833982188254595,block1:s1,gated_rule_c,mixed,1785184698.1625185,1785184698.1632025,1785184698.5142944,1785184699.1943798,,,
block1-001409,261.6498898714781,4670.892030932009,185,152.5,260.5680270353332,4669.810168095864,1.0818628361448646,block1:zero_tool,gated_rule_c,mixed,1785184698.2333858,1785184698.2344685,1785184698.4950483,1785184702.9042902,,,
block1-001410,430.1143652992323,1046.7204463202506,44,572.5,429.159510997124,1045.7655920181423,0.9548543021082878,block1:s1,gated_rule_c,mixed,1785184698.6411347,1785184698.6420898,1785184699.0712566,1785184699.6878629,,,
block1-001411,83.7758535053581,1797.447791439481,73,320.0,83.20135006215423,1796.8732879962772,0.5745034432038665,block1:s1,gated_rule_c,mixed,1785184698.6472688,1785184698.6478434,1785184698.7310507,1785184700.4447227,,,
block1-001412,379.492383566685,893.8541106181219,36,187.5,379.1150850011036,893.4768120525405,0.3772985655814409,block1:s1,gated_rule_c,mixed,1785184698.7942228,1785184698.7946007,1785184699.1737258,1785184699.6880875,,,
block1-001413,202.00741628650576,11166.949236299843,466,282.5,201.395321986638,11166.337141999975,0.6120942998677492,block1:zero_tool,gated_rule_c,mixed,1785184698.8717363,1785184698.8723495,1785184699.073755,1785184710.0386972,,,
block1-001414,361.27961648162454,1068.0781634291634,40,107.5,360.4087899439037,1067.2073368914425,0.870826537720859,block1:s1,gated_rule_c,mixed,1785184699.0843623,1785184699.0852334,1785184699.4456522,1785184700.1524515,,,
block1-001415,69.1057612420991,4067.7579982439056,165,217.5,68.68982198648155,4067.342058988288,0.41593925561755896,block1:zero_tool,gated_rule_c,mixed,1785184699.3163567,1785184699.3167732,1785184699.38548,1785184703.384132,,,
block1-001416,347.4895783001557,3866.851279279217,145,395.0,346.8927040230483,3866.2544050021097,0.5968742771074176,block1:zero_tool,gated_rule_c,mixed,1785184699.4451609,1785184699.4457576,1785184699.792659,1785184703.31202,,,
block1-001417,398.0607116827741,1147.3975126864389,42,25.0,397.8247919585556,1147.1615929622203,0.23591972421854734,block1:s2,gated_rule_c,mixed,1785184699.6940095,1785184699.6942456,1785184700.092077,1785184700.8414133,,,
block1-001418,415.5144760152325,1027.889580000192,36,350.0,414.87219103146344,1027.2472950164229,0.6422849837690592,block1:s2,gated_rule_c,mixed,1785184699.6963232,1785184699.696966,1785184700.1118445,1785184700.7242193,,,
block1-001419,183.60808421857655,2025.821635266766,74,10.0,183.08345298282802,2025.2970040310174,0.5246312357485294,block1:s2,gated_rule_c,mixed,1785184700.045494,1785184700.0460193,1785184700.229111,1785184702.0713246,,,
block1-001420,548.7645122921094,1123.754502274096,36,107.5,548.5240740235895,1123.514064005576,0.240438268519938,block1:s2,gated_rule_c,mixed,1785184700.056919,1785184700.0571613,1785184700.6056986,1785184701.1806893,,,
block1-001421,347.505516721867,4167.151401750743,161,485.0,347.1060920273885,4166.751977056265,0.3994246944785118,block1:zero_tool,gated_rule_c,mixed,1785184700.1544597,1785184700.1548593,1785184700.501974,1785184704.3216197,,,
block1-001422,828.367963898927,1406.1349239200354,38,17.5,827.2523910272866,1405.019351048395,1.1155728716403246,block1:s2,gated_rule_c,mixed,1785184700.187157,1785184700.1882737,1785184701.0155418,1785184701.5933092,,,
block1-001423,568.5795125318691,3546.327407588251,126,15.0,567.6124970195815,3545.3603920759633,0.9670155122876167,block1:zero_tool,gated_rule_c,mixed,1785184700.2171693,1785184700.2181365,1785184700.7857575,1785184703.7635055,,,
block1-001424,1159.1738084098324,1958.0539584858343,38,17.5,1157.049446948804,1955.9295970248058,2.1243614610284567,block1:s3,gated_rule_c,mixed,1785184700.2548342,1785184700.256959,1785184701.4140196,1785184702.2129004,,,
block1-001425,985.7774453703314,4009.8417054396123,128,15.0,985.4543659603223,4009.518626029603,0.32307941000908613,block1:zero_tool,gated_rule_c,mixed,1785184700.408459,1785184700.4087832,1785184701.3942485,1785184704.4183128,,,
block1-001426,1889.2680692952126,2512.9578963387758,41,550.0,1888.9043519739062,2512.5941790174693,0.36371732130646706,block1:s3,gated_rule_c,mixed,1785184700.444566,1785184700.4449298,1785184702.3338408,1785184702.9575303,,,
block1-001427,1840.0436736410484,2599.4786566589028,48,820.0,1838.4508800227195,2597.885863040574,1.5927936183288693,block1:s3,gated_rule_c,mixed,1785184700.5538502,1785184700.5554433,1785184702.3939042,1785184703.1533394,,,
block1-001428,1149.9447213718668,1897.6780243683606,41,287.5,1148.8348610000685,1896.5681639965624,1.109860371798277,block1:s3,gated_rule_c,mixed,1785184700.6368532,1785184700.6379633,1785184701.7868063,1785184702.5345397,,,
block1-001429,427.97147494275123,1160.3213159833103,43,217.5,427.60669405106455,1159.9565350916237,0.36478089168667793,block1:s3,gated_rule_c,mixed,1785184700.7313461,1785184700.7317111,1785184701.1593273,1785184701.8916762,,,
block1-001430,1363.705615978688,4876.3123319949955,156,115.0,1363.292041933164,4875.8987579494715,0.4135740455240011,block1:zero_tool,gated_rule_c,mixed,1785184700.7659378,1785184700.7663517,1785184702.1296518,1785184705.6422584,,,
block1-001431,1147.9572373209521,5038.848697324283,170,95.0,1147.5411299616098,5038.432589964941,0.41610735934227705,block1:zero_tool,gated_rule_c,mixed,1785184700.9846623,1785184700.9850793,1785184702.1326315,1785184706.0235226,,,
block1-001432,1079.3658142210916,1777.894715196453,48,70.0,1079.168515978381,1777.6974169537425,0.19729824271053076,block1:s4,gated_rule_c,mixed,1785184700.9925303,1785184700.9927278,1785184702.071903,1785184702.7704332,,,
block1-001433,1184.6195462858304,4605.535448295996,150,280.0,1183.0716870026663,4603.987589012831,1.5478592831641436,block1:zero_tool,gated_rule_c,mixed,1785184701.0903952,1785184701.0919442,1785184702.275031,1785184705.6959465,,,
block1-001434,2048.584055970423,2770.7422259263694,48,172.5,2048.1277600629255,2770.285930018872,0.456295907497406,block1:s4,gated_rule_c,mixed,1785184701.315494,1785184701.315951,1785184703.3640893,1785184704.0862477,,,
block1-001435,1254.3707966106012,4465.2512926841155,139,47.5,1253.928012913093,4464.808508986607,0.4427836975082755,block1:zero_tool,gated_rule_c,mixed,1785184701.3349488,1785184701.3353918,1785184702.5893264,1785184705.8002064,,,
block1-001436,1546.6220510425046,2237.8397199790925,48,20.0,1546.4352550916374,2237.6529240282252,0.18679595086723566,block1:s4,gated_rule_c,mixed,1785184701.6815295,1785184701.6817167,1785184703.228161,1785184703.9193785,,,
block1-001437,1551.0099997045472,2224.2855647346005,48,282.5,1550.2685559913516,2223.544121021405,0.741443713195622,block1:s4,gated_rule_c,mixed,1785184701.8102763,1785184701.8110178,1785184703.3612938,1785184704.0345693,,,
block1-001438,1142.192809842527,5154.499718919396,174,155.0,1141.3364990148693,5153.643408091739,0.8563108276575804,block1:zero_tool,gated_rule_c,mixed,1785184702.0647173,1785184702.065574,1785184703.206921,1785184707.2192273,,,
block1-001439,1284.238853259012,5139.379689237103,167,287.5,1284.0759720420465,5139.216808020137,0.16288121696561575,block1:zero_tool,gated_rule_c,mixed,1785184702.0792234,1785184702.0793867,1785184703.3634725,1785184707.2186139,,,
block1-001440,1360.1164945866913,6332.599066547118,216,15.0,1359.7774499794468,6332.260021939874,0.339044607244432,block1:zero_tool,gated_rule_c,mixed,1785184702.08153,1785184702.0818694,1785184703.441653,1785184708.4141355,,,
block1-001441,1917.3565005185083,2415.5273725045845,37,52.5,1917.0517870225012,2415.2226590085775,0.30471349600702524,block1:s1,gated_rule_c,mixed,1785184702.2208042,1785184702.2211092,1785184704.138169,1785184704.6363397,,,
block1-001442,1788.5671018157154,2459.824693854898,44,145.0,1788.251316989772,2459.508909028955,0.3157848259434104,block1:s1,gated_rule_c,mixed,1785184702.493386,1785184702.4937027,1785184704.2819653,1785184704.9532225,,,
block1-001443,1587.4815209535882,7585.512836929411,260,117.5,1586.4842480514199,7584.515564027242,0.9972729021683335,block1:zero_tool,gated_rule_c,mixed,1785184702.5508246,1785184702.551823,1785184704.13832,1785184710.1363516,,,
block1-001444,1169.2124529508874,4519.22785199713,143,140.0,1169.0600959118456,4519.075494958088,0.1523570390418172,block1:zero_tool,gated_rule_c,mixed,1785184702.971556,1785184702.9717083,1785184704.1407757,1785184707.4907918,,,
block1-001445,1170.4727286705747,3935.972778708674,119,12.5,1170.107168960385,3935.6072189984843,0.3655597101897001,block1:zero_tool,gated_rule_c,mixed,1785184703.208388,1785184703.2087536,1785184704.3788702,1785184707.14437,,,
block1-001446,1348.4903196804225,2004.7190967015922,39,10.0,1348.0590110411867,2004.2877880623564,0.43130863923579454,block1:s1,gated_rule_c,mixed,1785184703.2876098,1785184703.2880423,1785184704.6361134,1785184705.2923417,,,
block1-001447,1393.2455320609733,2994.5509979734197,68,12.5,1391.8901630677283,2993.1956289801747,1.3553689932450652,block1:s1,gated_rule_c,mixed,1785184703.2984943,1785184703.2998497,1785184704.6917446,1785184706.29305,,,
block1-001448,1464.9405623786151,5794.7517454158515,187,820.0,1464.3805370433256,5794.191720080562,0.5600253352895379,block1:zero_tool,gated_rule_c,mixed,1785184703.4059741,1785184703.4065347,1785184704.8709285,1785184709.20074,,,
block1-001449,1598.2378901680931,5550.464774132706,171,172.5,1597.2048960393295,5549.431780003943,1.0329941287636757,block1:zero_tool,gated_rule_c,mixed,1785184703.415113,1785184703.416147,1785184705.0133622,1785184708.9655893,,,
block1-001450,2102.2822788218036,2700.2886538393795,37,12.5,2101.3273029820994,2699.3336779996753,0.9549758397042751,block1:s2,gated_rule_c,mixed,1785184703.5398278,1785184703.5407832,1785184705.6421182,1785184706.2401242,,,
block1-001451,1424.3826034944504,2150.108707486652,43,15.0,1424.0281969541684,2149.7543009463698,0.35440654028207064,block1:s2,gated_rule_c,mixed,1785184704.4552507,1785184704.4556053,1785184705.8796415,1785184706.6053672,,,
block1-001452,1503.0314256437123,2075.140449567698,36,572.5,1502.4051050422713,2074.514128966257,0.6263206014409661,block1:s2,gated_rule_c,mixed,1785184704.479962,1785184704.4805894,1785184705.983006,1785184706.555115,,,
block1-001453,1549.485451891087,2133.494864916429,38,282.5,1548.9996069809422,2133.009020006284,0.4858449101448059,block1:s2,gated_rule_c,mixed,1785184704.5292237,1785184704.5297103,1785184706.078724,1785184706.662733,,,
block1-001454,1141.0082534421235,11933.61437949352,452,75.0,1138.9515579212457,11931.557683972642,2.056695520877838,block1:zero_tool,gated_rule_c,mixed,1785184704.7189195,1785184704.7209764,1785184705.859939,1785184716.652545,,,
block1-001455,1609.755429206416,2162.4084231443703,37,282.5,1609.3436740338802,2161.9966679718345,0.4117551725357771,block1:s2,gated_rule_c,mixed,1785184704.783217,1785184704.783631,1785184706.3929918,1785184706.9456449,,,
block1-001456,1479.616793221794,4968.861696310341,155,322.5,1478.6541078938171,4967.899010982364,0.9626853279769421,block1:zero_tool,gated_rule_c,mixed,1785184704.8659604,1785184704.866925,1785184706.345596,1785184709.834841,,,
block1-001457,1611.4302256610245,2317.810228676535,39,145.0,1610.2590570226312,2316.639060038142,1.171168638393283,block1:s3,gated_rule_c,mixed,1785184704.9016762,1785184704.9028478,1785184706.5131147,1785184707.2194946,,,
block1-001458,1651.333335437812,5950.162349501625,186,15.0,1650.0123619334772,5948.84137599729,1.3209735043346882,block1:zero_tool,gated_rule_c,mixed,1785184705.0074158,1785184705.0087388,1785184706.6587703,1785184710.957599,,,
block1-001459,1378.8912774762139,5267.554031452164,169,320.0,1377.9048529686406,5266.567606944591,0.986424507573247,block1:zero_tool,gated_rule_c,mixed,1785184705.2840874,1785184705.2850745,1785184706.6629887,1785184710.5516515,,,
block1-001460,1401.054626563564,4630.221427534707,142,287.5,1400.694346986711,4629.861147957854,0.36027957685291767,block1:zero_tool,gated_rule_c,mixed,1785184705.3166413,1785184705.3170018,1785184706.7177038,1785184709.9468713,,,
block1-001461,1448.7027503782883,4171.302213333547,121,85.0,1446.8394130235538,4169.438875978813,1.86333735473454,block1:zero_tool,gated_rule_c,mixed,1785184705.5502856,1785184705.552149,1785184706.9989967,1785184709.7215967,,,
block1-001462,1397.2149236360565,5443.9527846407145,172,20.0,1396.6323789209127,5443.370239925571,0.5825447151437402,block1:zero_tool,gated_rule_c,mixed,1785184705.7997491,1785184705.800332,1785184707.1969724,1785184711.2437093,,,
block1-001463,1700.1596287591383,2341.1461147479713,43,160.0,1699.7338799992576,2340.7203659880906,0.42574875988066196,block1:s3,gated_rule_c,mixed,1785184705.864771,1785184705.8651967,1785184707.5649416,1785184708.205928,,,
block1-001464,1632.15139368549,2375.4344426561147,49,95.0,1631.4665949903429,2374.7496439609677,0.6847986951470375,block1:s4,gated_rule_c,mixed,1785184706.2335384,1785184706.234224,1785184707.8657007,1785184708.608984,,,
block1-001465,709.680907195434,4334.575289161876,158,550.0,707.6766119571403,4332.570993923582,2.0042952382937074,block1:zero_tool,gated_rule_c,mixed,1785184706.6225798,1785184706.6245842,1785184707.332269,1785184710.957164,,,
block1-001466,1627.6947966543958,5475.9456746978685,158,140.0,1627.2151279263198,5475.466005969793,0.47966872807592154,block1:zero_tool,gated_rule_c,mixed,1785184706.634073,1785184706.6345527,1785184708.261774,1785184712.1100254,,,
block1-001467,867.2296064905822,1522.122175549157,48,117.5,866.6214509867132,1521.514020045288,0.6081555038690567,block1:s4,gated_rule_c,mixed,1785184706.7979338,1785184706.7985423,1785184707.6651719,1785184708.3200643,,,
block1-001468,1998.4604639466852,2720.5429769819602,48,15.0,1997.5095229456201,2719.592035980895,0.9509410010650754,block1:s4,gated_rule_c,mixed,1785184706.804308,1785184706.8052592,1785184708.8027759,1785184709.5248575,,,
block1-001469,1746.349883498624,4907.676568487659,131,15.0,1745.861746952869,4907.188431941904,0.4881365457549691,block1:zero_tool,gated_rule_c,mixed,1785184706.916965,1785184706.917454,1785184708.6633265,1785184711.8246534,,,
block1-001470,1796.343315858394,2500.385256833397,48,107.5,1795.6816339865327,2499.7235749615356,0.6616818718612194,block1:s4,gated_rule_c,mixed,1785184706.9461913,1785184706.9468534,1785184708.7425432,1785184709.446585,,,
block1-001471,2362.9153927322477,3136.1027027014643,48,17.5,2361.8137650191784,3135.001074988395,1.1016277130693197,block1:s4,gated_rule_c,mixed,1785184707.00041,1785184707.001512,1785184709.3633366,1785184710.136523,,,
block1-001472,2382.9459361732006,3165.6926731811836,43,100.0,2381.919138948433,3164.665875956416,1.0267972247675061,block1:s1,gated_rule_c,mixed,1785184707.1413085,1785184707.1423366,1785184709.5242808,1785184710.3070273,,,
block1-001473,2297.843510401435,6153.755591367371,157,10.0,2297.18402097933,6153.096101945266,0.6594894221052527,block1:zero_tool,gated_rule_c,mixed,1785184707.2025416,1785184707.2032013,1785184709.5003953,1785184713.356308,,,
block1-001474,2310.630354215391,5770.439097192138,140,297.5,2309.8777750274166,5769.686518004164,0.7525791879743338,block1:zero_tool,gated_rule_c,mixed,1785184707.270677,1785184707.2714305,1785184709.5813189,1785184713.0411277,,,
block1-001475,2464.239597436972,11735.966959386133,373,95.0,2463.3570549776778,11735.084416926838,0.8825424592941999,block1:zero_tool,gated_rule_c,mixed,1785184707.3093705,1785184707.3102539,1785184709.773622,1785184719.04535,,,
block1-001476,2574.5787627529353,3167.467748746276,33,322.5,2573.717096936889,3166.6060829302296,0.8616658160462976,block1:s1,gated_rule_c,mixed,1785184707.5620687,1785184707.5629306,1785184710.1366553,1785184710.7295449,,,
block1-001477,2201.2312904698774,3761.5896643837914,63,155.0,2199.6011009905487,3759.9594749044627,1.630189479328692,block1:s1,gated_rule_c,mixed,1785184707.7983015,1785184707.7999322,1785184709.9995425,1785184711.5599015,,,
block1-001478,2402.2655367152765,3154.2700907448307,47,17.5,2401.267262059264,3153.271816088818,0.9982746560126543,block1:s1,gated_rule_c,mixed,1785184708.089223,1785184708.0902216,1785184710.4914987,1785184711.2435026,,,
block1-001479,1976.8108737189323,2555.2370006917045,33,115.0,1976.4943760819733,2554.9205030547455,0.3164976369589567,block1:s1,gated_rule_c,mixed,1785184708.4531024,1785184708.4534194,1785184710.4299247,1785184711.0083513,,,
block1-001480,1638.289645081386,2376.1207370553166,40,297.5,1637.5231600832194,2375.35425205715,0.7664849981665611,block1:s2,gated_rule_c,mixed,1785184708.8121479,1785184708.8129144,1785184710.45045,1785184711.1882815,,,
block1-001481,1743.988307309337,2327.65345426742,36,117.5,1741.817009053193,2325.482156011276,2.1712982561439276,block1:s2,gated_rule_c,mixed,1785184708.8608494,1785184708.8630216,1785184710.6048512,1785184711.1885164,,,
block1-001482,1990.8498332370073,2770.3596962383017,43,297.5,1990.0769121013582,2769.5867751026526,0.772921135649085,block1:s2,gated_rule_c,mixed,1785184708.9212577,1785184708.9220316,1785184710.9121234,1785184711.6916327,,,
block1-001483,2174.856969853863,2947.9604408843443,43,10.0,2173.992789001204,2947.0962600316852,0.8641808526590466,block1:s2,gated_rule_c,mixed,1785184708.9316223,1785184708.9324877,1785184711.1064973,1785184711.8796005,,,
block1-001484,2018.513368908316,8891.846249927767,280,10.0,2017.5949909025803,8890.927871922031,0.9183780057355762,block1:zero_tool,gated_rule_c,mixed,1785184709.0389576,1785184709.0398774,1785184711.0574849,1785184717.930818,,,
block1-001485,2439.2837052000687,3205.528069171123,49,110.0,2438.0737009923905,3204.318064963445,1.2100042076781392,block1:s2,gated_rule_c,mixed,1785184709.0585623,1785184709.059774,1785184711.4978642,1785184712.2641082,,,
block1-001486,2259.5954447751865,2857.8585986979306,36,15.0,2258.5035209776834,2856.7666749004275,1.0919237975031137,block1:s2,gated_rule_c,mixed,1785184709.1158886,1785184709.1169815,1785184711.3754995,1785184711.9737623,,,
block1-001487,2115.0182054843754,4492.322445497848,97,17.5,2114.6171459695324,4491.921385983005,0.40105951484292746,block1:zero_tool,gated_rule_c,mixed,1785184709.1288671,1785184709.12927,1785184711.2439046,1785184713.6212096,,,
block1-001488,2013.7406878639013,5369.097305927426,142,115.0,2012.5972889363766,5367.953906999901,1.1433989275246859,block1:zero_tool,gated_rule_c,mixed,1785184709.2300477,1785184709.231194,1785184711.2438262,1785184714.5991828,,,
block1-001489,2197.0134172588587,3004.6398332342505,48,282.5,2196.4455279521644,3004.0719439275563,0.5678893066942692,block1:s3,gated_rule_c,mixed,1785184709.4944394,1785184709.4950078,1785184711.691465,1785184712.4990907,,,
block1-001490,2475.062477053143,3075.7679929956794,38,17.5,2474.5603310875595,3075.2658470300958,0.5021459655836225,block1:s3,gated_rule_c,mixed,1785184709.498563,1785184709.4990656,1785184711.9736347,1785184712.5743403,,,
block1-001491,2421.704565291293,3155.7090872665867,39,52.5,2420.475636026822,3154.480158002116,1.2289292644709349,block1:s3,gated_rule_c,mixed,1785184709.5517533,1785184709.5529876,1785184711.973493,1785184712.707498,,,
block1-001492,1946.1934827268124,5913.226954755373,171,20.0,1945.6050449516624,5912.638516980223,0.5884377751499414,block1:zero_tool,gated_rule_c,mixed,1785184709.933736,1785184709.9343252,1785184711.8799388,1785184715.8469725,,,
block1-001493,1582.7954474370927,2390.2048454619944,48,152.5,1582.2894049342722,2389.698802959174,0.5060425028204918,block1:s3,gated_rule_c,mixed,1785184710.1087344,1785184710.1092405,1785184711.6915383,1785184712.4989483,,,
block1-001494,2143.782399711199,2693.7485057860613,43,572.5,2142.659971024841,2692.6260770997033,1.1224286863580346,block1:s3,gated_rule_c,mixed,1785184710.253232,1785184710.2543547,1785184712.3970227,1785184712.946989,,,
block1-001495,1442.7111081313342,4570.3545161522925,139,10.0,1440.7478030771017,4568.39121109806,1.9633050542324781,block1:zero_tool,gated_rule_c,mixed,1785184710.586898,1785184710.5888617,1785184712.0296283,1785184715.157272,,,
block1-001496,2291.822455707006,3074.680793681182,48,350.0,2290.7791029429063,3073.637440917082,1.0433527640998363,block1:s4,gated_rule_c,mixed,1785184710.6139646,1785184710.6150084,1785184712.9057958,1785184713.6886544,,,
block1-001497,1796.8946528853849,2509.2559618642554,48,572.5,1796.6485189972445,2509.009827976115,0.24613388814032078,block1:s4,gated_rule_c,mixed,1785184710.753738,1785184710.7539842,1785184712.5506413,1785184713.2630029,,,
block1-001498,1911.9971470208839,2635.4922800092027,48,10.0,1911.0675010597333,2634.562634048052,0.929645961150527,block1:s4,gated_rule_c,mixed,1785184710.7757275,1785184710.7766573,1785184712.687735,1785184713.4112294,,,
block1-001499,1642.2663377597928,5248.67889971938,155,322.5,1641.8623080244288,5248.274869984016,0.40402973536401987,block1:zero_tool,gated_rule_c,mixed,1785184710.93155,1785184710.9319549,1785184712.5738294,1785184716.1802416,,,
block1-001500,1629.8006132710725,5261.769579257816,155,20.0,1629.1039669886231,5261.072932975367,0.6966462824493647,block1:zero_tool,gated_rule_c,mixed,1785184710.9971745,1785184710.9978714,1785184712.6269834,1785184716.2589526,,,
block1-001501,1509.3070584116504,4433.49279940594,130,282.5,1507.8615080565214,4432.047249050811,1.445550355128944,block1:zero_tool,gated_rule_c,mixed,1785184711.2567103,1785184711.258156,1785184712.7660277,1785184715.6902132,,,
block1-001502,1707.7980004251003,5740.659998380579,167,187.5,1707.1597570320591,5740.021754987538,0.6382433930411935,block1:zero_tool,gated_rule_c,mixed,1785184711.2933555,1785184711.2939944,1785184713.0011663,1785184717.034028,,,
block1-001503,1647.8758116718382,5804.058082634583,170,115.0,1647.0849689794704,5803.267239942215,0.7908426923677325,block1:zero_tool,gated_rule_c,mixed,1785184711.4541945,1785184711.454986,1785184713.1020823,1785184717.258265,,,
block1-001504,1710.2248170413077,4436.1284910701215,117,10.0,1709.6021979814395,4435.505872010253,0.6226190598681569,block1:zero_tool,gated_rule_c,mixed,1785184711.6058657,1785184711.6064892,1785184713.316101,1785184716.0420046,,,
block1-001505,1716.8726900126785,3021.4821900008246,59,15.0,1716.089317924343,3020.698817912489,0.7833720883354545,block1:s1,gated_rule_c,mixed,1785184711.6940928,1785184711.6948764,1785184713.4109755,1785184714.7155848,,,
block1-001506,1891.955176834017,2494.556538760662,40,187.5,1891.620850074105,2494.22221200075,0.3343267599120736,block1:s1,gated_rule_c,mixed,1785184711.8395388,1785184711.8398733,1785184713.7315023,1785184714.3341038,,,
block1-001507,2009.9669095361605,2524.7128165792674,40,177.5,2009.6292739035562,2524.375180946663,0.3376356326043606,block1:s1,gated_rule_c,mixed,1785184711.9806662,1785184711.981004,1785184713.9906414,1785184714.5053875,,,
block1-001508,1885.5223268037662,2384.1488467296585,36,217.5,1884.9747420754284,2383.6012620013207,0.5475847283378243,block1:s1,gated_rule_c,mixed,1785184712.06517,1785184712.065718,1785184713.9507015,1785184714.4493282,,,
block1-001509,1756.587243755348,3313.5252967476845,66,110.0,1756.4077090937644,3313.345762086101,0.17953466158360243,block1:s1,gated_rule_c,mixed,1785184712.632951,1785184712.6331308,1785184714.3895576,1785184715.9464958,,,
block1-001510,1584.377930732444,2290.4634376754984,47,20.0,1583.8693249970675,2289.954831940122,0.5086057353764772,block1:s1,gated_rule_c,mixed,1785184713.2837405,1785184713.2842493,1785184714.868128,1785184715.574213,,,
block1-001511,983.6694782134145,1473.159148124978,33,15.0,982.5790839968249,1472.0687539083883,1.0903942165896297,block1:s1,gated_rule_c,mixed,1785184713.7839777,1785184713.785069,1785184714.7676587,1785184715.2571478,,,
block1-001512,1102.3908330826089,1649.7930790064856,38,95.0,1101.3779310742393,1648.780176998116,1.012902008369565,block1:s2,gated_rule_c,mixed,1785184713.8264344,1785184713.8274486,1785184714.9288385,1785184715.4762414,,,
block1-001513,756.8669570609927,4315.561589086428,138,95.0,756.0638330178335,4314.758465043269,0.8031240431591868,block1:zero_tool,gated_rule_c,mixed,1785184714.011104,1785184714.0119073,1785184714.76798,1785184718.3266745,,,
block1-001514,998.8909643143415,7126.817610231228,240,92.5,997.7889771107584,7125.715623027645,1.1019872035831213,block1:zero_tool,gated_rule_c,mixed,1785184714.2118492,1785184714.212952,1785184715.2107494,1785184721.3386762,,,
block1-001515,1068.835235433653,3044.812241452746,72,177.5,1067.6309500122443,3043.6079560313374,1.2042854214087129,block1:s2,gated_rule_c,mixed,1785184714.265997,1785184714.2672021,1785184715.3348434,1785184717.3108199,,,
block1-001516,1478.8156592985615,2147.1756463870406,36,105.0,1476.9888169830665,2145.3488040715456,1.8268423154950142,block1:s2,gated_rule_c,mixed,1785184714.346501,1785184714.3483286,1785184715.825327,1785184716.4936867,,,
block1-001517,1466.5953903459013,2285.914658335969,44,12.5,1465.5921250814572,2284.911393071525,1.0032652644440532,block1:s2,gated_rule_c,mixed,1785184714.5321357,1785184714.5331395,1785184715.9987414,1785184716.8180609,,,
block1-001518,1267.9051448358223,1894.941669772379,38,10.0,1267.0939590316266,1894.1304839681834,0.8111858041957021,block1:s2,gated_rule_c,mixed,1785184714.8716762,1785184714.8724878,1785184716.1395922,1785184716.7666285,,,
block1-001519,1257.541719591245,1947.5765206152573,34,92.5,1257.016516989097,1947.0513180131093,0.525202602148056,block1:s2,gated_rule_c,mixed,1785184714.922893,1785184714.9234185,1785184716.1804442,1785184716.8704796,,,
block1-001520,1490.419022506103,2197.337483521551,32,307.5,1490.3014260344207,2197.2198870498687,0.1175964716821909,block1:s3,gated_rule_c,mixed,1785184714.9429007,1785184714.9430184,1785184716.4333282,1785184717.140247,,,
block1-001521,1197.118239942938,2025.3216199344024,39,485.0,1195.7596669672057,2023.96304695867,1.3585729757323861,block1:s3,gated_rule_c,mixed,1785184715.0616744,1785184715.0630336,1785184716.2588046,1785184717.087008,,,
block1-001522,2000.1291338121518,2809.96439489536,49,217.5,1999.7532439883798,2809.588505071588,0.3758898237720132,block1:s3,gated_rule_c,mixed,1785184715.1953802,1785184715.1957574,1785184717.195521,1785184718.0053566,,,
block1-001523,2100.919643882662,2869.882408878766,48,20.0,2100.754808052443,2869.717573048547,0.16483583021908998,block1:s3,gated_rule_c,mixed,1785184715.209475,1785184715.20964,1785184717.310401,1785184718.0793636,,,
block1-001524,1737.79128852766,2568.6533275293186,48,217.5,1737.0574809610844,2567.919519962743,0.733807566575706,block1:s3,gated_rule_c,mixed,1785184715.255228,1785184715.2559624,1785184716.9930289,1785184717.823891,,,
block1-001525,1179.7850598813966,2041.0591859836131,46,15.0,1179.2078339494765,2040.481960051693,0.5772259319201112,block1:s3,gated_rule_c,mixed,1785184715.5270638,1785184715.5276423,1785184716.7068653,1785184717.5681393,,,
block1-001526,1122.3263900028542,5310.920779011212,171,15.0,1120.7012839149684,5309.2956729233265,1.625106087885797,block1:zero_tool,gated_rule_c,mixed,1785184715.7969525,1785184715.7985783,1785184716.9192991,1785184721.107893,,,
block1-001527,578.3993472578004,1496.4106172556058,43,20.0,577.5928939692676,1495.604163967073,0.8064532885327935,block1:s3,gated_rule_c,mixed,1785184715.8142412,1785184715.8150485,1785184716.3926508,1785184717.3106616,,,
block1-001528,1651.8736792495474,2466.385774197988,48,47.5,1651.3583790510893,2465.87047399953,0.5153001984581351,block1:s4,gated_rule_c,mixed,1785184715.9163527,1785184715.9168692,1785184717.5682375,1785184718.3827505,,,
block1-001529,1375.9566521039233,2103.4112661145627,48,287.5,1375.030450988561,2102.4850649992004,0.9262011153623462,block1:s4,gated_rule_c,mixed,1785184716.032561,1785184716.0334873,1785184717.4085279,1785184718.1359816,,,
block1-001530,1355.6230475660414,2133.5312145529315,48,60.0,1355.126434005797,2133.034600992687,0.49661356024444103,block1:s4,gated_rule_c,mixed,1785184716.192357,1785184716.1928537,1785184717.5479965,1785184718.325904,,,
block1-001531,911.0115326475352,5209.572357591242,176,20.0,909.1682080179453,5207.729032961652,1.8433246295899153,block1:zero_tool,gated_rule_c,mixed,1785184716.2844205,1785184716.2862642,1785184717.1954398,1785184721.4940004,,,
block1-001532,980.8856815798208,5265.409035608172,176,12.5,980.3863019915298,5264.909656019881,0.499379588291049,block1:zero_tool,gated_rule_c,mixed,1785184716.378136,1785184716.378636,1785184717.3590302,1785184721.643553,,,
block1-001533,1110.3269145824015,1925.6062345812097,48,95.0,1110.0553349824622,1925.3346549812704,0.2715795999392867,block1:s4,gated_rule_c,mixed,1785184716.6126215,1785184716.612895,1785184717.7229629,1785184718.5382423,,,
block1-001534,832.3902873089537,1647.4693693453446,48,115.0,831.9674610393122,1647.046543075703,0.4228262696415186,block1:s4,gated_rule_c,mixed,1785184716.8903255,1785184716.8907487,1785184717.722726,1785184718.5378048,,,
block1-001535,662.0223034406081,4148.321034503169,145,100.0,661.3533219788224,4147.652053041384,0.6689814617857337,block1:zero_tool,gated_rule_c,mixed,1785184716.9589775,1785184716.959647,1785184717.6210093,1785184721.1073093,,,
block1-001536,1193.067196640186,1897.9719446506351,43,217.5,1192.5363120390102,1897.4410600494593,0.5308846011757851,block1:s1,gated_rule_c,mixed,1785184717.0323358,1785184717.0328677,1785184718.2254145,1785184718.930319,,,
block1-001537,764.7388380719349,2158.395567093976,58,152.5,763.7380050728098,2157.3947340948507,1.000832999125123,block1:s1,gated_rule_c,mixed,1785184717.2209282,1785184717.2219293,1785184717.9856892,1785184719.3793452,,,
block1-001538,817.9609096841887,7086.921920650639,260,95.0,817.0117069967091,7085.972717963159,0.9492026874795556,block1:zero_tool,gated_rule_c,mixed,1785184717.242311,1785184717.243261,1785184718.0602863,1785184724.3292472,,,
block1-001539,881.7129678791389,10145.402903901413,379,10.0,880.7018760126084,10144.391812034883,1.011091866530478,block1:zero_tool,gated_rule_c,mixed,1785184717.2539217,1785184717.2549329,1785184718.1356425,1785184727.3993328,,,
block1-001540,1244.7409381857142,1888.1125781917945,39,50.0,1244.1408759914339,1887.5125159975141,0.6000621942803264,block1:s1,gated_rule_c,mixed,1785184717.2723773,1785184717.2729776,1785184718.5171287,1785184719.1605003,,,
block1-001541,1138.9378015883267,3651.55041962862,108,15.0,1136.8377800099552,3649.4503980502486,2.100021578371525,block1:zero_tool,gated_rule_c,mixed,1785184717.2962763,1785184717.2983773,1785184718.4352252,1785184720.9478385,,,
block1-001542,855.9575583785772,1525.3505094442517,43,15.0,855.6361499940977,1525.029101059772,0.3214083844795823,block1:s1,gated_rule_c,mixed,1785184717.8537688,1785184717.8540905,1785184718.7097356,1785184719.379128,,,
block1-001543,528.9563307305798,6419.9320847401395,247,152.5,527.878395980224,6418.854149989784,1.0779347503557801,block1:zero_tool,gated_rule_c,mixed,1785184717.9097836,1785184717.910862,1785184718.4387488,1785184724.3297243,,,
block1-001544,752.2464884677902,1471.8925524502993,44,170.0,751.3510410208255,1470.9971050033346,0.8954474469646811,block1:s2,gated_rule_c,mixed,1785184718.1372654,1785184718.1381612,1785184718.8895192,1785184719.6091661,,,
block1-001545,521.7693286249414,1208.499615546316,42,12.5,520.6798920407891,1207.4101789621636,1.0894365841522813,block1:s2,gated_rule_c,mixed,1785184718.3478475,1785184718.348937,1785184718.8696244,1785184719.556355,,,
block1-001546,854.3649706989527,1547.5793187506497,43,20.0,854.0006019175053,1547.2149499692023,0.3643687814474106,block1:s2,gated_rule_c,mixed,1785184718.4237423,1785184718.4241068,1785184719.2781157,1785184719.9713302,,,
block1-001547,416.3801500108093,11755.967710050754,466,20.0,416.2020339863375,11755.789594026282,0.1781160244718194,block1:zero_tool,gated_rule_c,mixed,1785184718.684457,1785184718.6846359,1785184719.1008492,1785184730.4404368,,,
block1-001548,187.00232997070998,7290.617338032462,293,117.5,185.3110569063574,7288.926064968109,1.691273064352572,block1:zero_tool,gated_rule_c,mixed,1785184719.032001,1785184719.0336928,1785184719.2190125,1785184726.3226275,,,
block1-001549,364.46552153211087,12796.359661617316,506,107.5,364.2424929421395,12796.136633027345,0.22302858997136354,block1:zero_tool,gated_rule_c,mixed,1785184719.069395,1785184719.0696187,1785184719.4338715,1785184731.8657653,,,
block1-001550,211.10038389451802,7413.506003911607,293,12.5,210.08683694526553,7412.4924569623545,1.0135469492524862,block1:zero_tool,gated_rule_c,mixed,1785184719.2232332,1785184719.224247,1785184719.4343433,1785184726.6367497,,,
block1-001551,544.8897393653169,1117.1937744366005,34,10.0,543.835874996148,1116.1399100674316,1.0538643691688776,block1:s2,gated_rule_c,mixed,1785184719.301715,1785184719.3027694,1785184719.846615,1785184720.41892,,,
block1-001552,273.26495153829455,1002.4834636133164,38,177.5,272.54544699098915,1001.763959066011,0.7195045473054051,block1:s3,gated_rule_c,mixed,1785184719.554179,1785184719.5549,1785184719.8274605,1785184720.5566792,,,
block1-001553,359.8186781164259,1090.7665360718966,39,95.0,359.209171961993,1090.1570299174637,0.6095061544328928,block1:s3,gated_rule_c,mixed,1785184719.8572316,1785184719.8578415,1785184720.2170594,1785184720.9480066,,,
block1-001554,1634.7377495840192,2328.654232667759,41,545.0,1634.3188519822434,2328.2353350659832,0.418897601775825,block1:s3,gated_rule_c,mixed,1785184719.8591623,1785184719.8595815,1785184721.493908,1785184722.187824,,,
block1-001555,1428.7583602126688,2089.756256202236,36,17.5,1428.2938640099019,2089.291759999469,0.4644962027668953,block1:s3,gated_rule_c,mixed,1785184719.9647117,1785184719.9651766,1785184721.3934793,1785184722.0544767,,,
block1-001556,1039.7037961520255,4925.766694126651,164,10.0,1038.2113290252164,4924.274226999842,1.4924671268090606,block1:zero_tool,gated_rule_c,mixed,1785184719.9843946,1785184719.9858873,1785184721.0241058,1785184724.910169,,,
block1-001557,1245.4673651373014,5089.209629106335,163,152.5,1245.1820790302008,5088.924342999235,0.28528610710054636,block1:zero_tool,gated_rule_c,mixed,1785184720.1480887,1785184720.1483755,1785184721.3935733,1785184725.2373154,,,
block1-001558,864.6708910819143,1517.2976800240576,43,95.0,864.191806060262,1516.8185950024053,0.4790850216522813,block1:s3,gated_rule_c,mixed,1785184720.1814728,1785184720.1819525,1785184721.046153,1785184721.6987798,,,
block1-001559,494.661555509083,1300.1742505002767,43,107.5,453.9648450445384,1259.477540035732,40.696710464544594,block1:s3,gated_rule_c,mixed,1785184720.2439985,1785184720.284697,1785184720.738677,1785184721.544189,,,
block1-001560,960.9344911295921,1788.776726112701,48,485.0,959.8080409923568,1787.6502759754658,1.1264501372352242,block1:s4,gated_rule_c,mixed,1785184720.4521363,1785184720.4532633,1785184721.4130802,1785184722.2409222,,,
block1-001561,1130.7045427383855,4773.4378897584975,156,70.0,1130.3800320019946,4773.1133790221065,0.3245107363909483,block1:zero_tool,gated_rule_c,mixed,1785184720.4636943,1785184720.464019,1785184721.5944047,1785184725.2371383,,,
block1-001562,2026.2299742316827,2771.5986222028732,48,15.0,2024.787886068225,2770.1565340394154,1.4420881634578109,block1:s4,gated_rule_c,mixed,1785184720.5694454,1785184720.5708876,1785184722.5956829,1785184723.3410518,,,
block1-001563,1463.6207225266844,2232.5959685258567,48,287.5,1462.7589909359813,2231.7342369351536,0.8617315907031298,block1:s4,gated_rule_c,mixed,1785184720.5907586,1785184720.5916204,1785184722.0543854,1785184722.8233604,,,
block1-001564,1211.8977109203115,1956.7246738588437,48,572.5,1210.9182230196893,1955.7451859582216,0.979487900622189,block1:s4,gated_rule_c,mixed,1785184720.7605672,1785184720.761547,1785184721.972476,1785184722.7173026,,,
block1-001565,1727.7002268237993,2510.3139089187607,48,25.0,1726.8238329561427,2509.437515051104,0.8763938676565886,block1:s4,gated_rule_c,mixed,1785184720.8879972,1785184720.888874,1785184722.6157074,1785184723.3983212,,,
block1-001566,1493.377190665342,2216.60391963087,48,572.5,1492.5196720287204,2215.7464009942487,0.8575186366215348,block1:s4,gated_rule_c,mixed,1785184721.0028393,1785184721.0036979,1785184722.496229,1785184723.2194562,,,
block1-001567,773.5100478166714,1548.1932708062232,48,357.5,773.1520240195096,1547.8352470090613,0.35802379716187716,block1:s4,gated_rule_c,mixed,1785184721.331851,1785184721.3322096,1785184722.1053703,1785184722.8800533,,,
block1-001568,1688.0504628643394,2373.5620208317414,43,25.0,1687.7017640508711,2373.213322018273,0.34869881346821785,block1:s1,gated_rule_c,mixed,1785184721.3889966,1785184721.3893464,1785184723.077061,1785184723.7625725,,,
block1-001569,1501.8974406411871,2959.934538579546,66,15.0,1501.2324950657785,2959.2695930041373,0.6649455754086375,block1:s1,gated_rule_c,mixed,1785184721.433216,1785184721.4338818,1785184722.9351225,1785184724.3931596,,,
block1-001570,1237.4137559672818,1943.1537080090493,40,10.0,1236.115040956065,1941.8549929978326,1.2987150112167,block1:s1,gated_rule_c,mixed,1785184721.8810506,1785184721.8823495,1785184723.118473,1785184723.8242133,,,
block1-001571,1667.128229048103,2316.1672269925475,43,160.0,1666.1506100790575,2315.189608023502,0.9776189690455794,block1:s1,gated_rule_c,mixed,1785184721.9090586,1785184721.910037,1785184723.5761979,1785184724.2252367,,,
block1-001572,1331.4326819963753,3815.647913957946,107,100.0,1330.5208460660651,3814.736078027636,0.9118359303101897,block1:zero_tool,gated_rule_c,mixed,1785184722.1218023,1785184722.1227143,1785184723.4532437,1785184725.9374585,,,
block1-001573,963.962763780728,2469.2233197856694,67,52.5,962.5444810371846,2467.805037042126,1.4182827435433865,block1:s1,gated_rule_c,mixed,1785184722.4932864,1785184722.4947057,1785184723.457269,1785184724.96253,,,
block1-001574,1375.8099525002763,2053.265721537173,43,172.5,1374.0796929923818,2051.5354620292783,1.730259507894516,block1:s1,gated_rule_c,mixed,1785184722.7039497,1785184722.7056804,1785184724.0797687,1785184724.7572246,,,
block1-001575,1116.132635739632,4838.855192763731,151,22.5,1115.9400140168145,4838.6625710409135,0.19262172281742096,block1:zero_tool,gated_rule_c,mixed,1785184722.7635956,1785184722.7637894,1785184723.8797412,1785184727.6024635,,,
block1-001576,1487.7122973557562,10781.831803265959,374,357.5,1486.75338702742,10780.872892937623,0.95891032833606,block1:zero_tool,gated_rule_c,mixed,1785184722.802731,1785184722.8036902,1785184724.2904518,1785184733.584571,,,
block1-001577,1771.7526745982468,2544.9865595437586,42,12.5,1770.9562859963626,2544.1901709418744,0.7963886018842459,block1:s2,gated_rule_c,mixed,1785184722.8648844,1785184722.8656821,1785184724.6366527,1785184725.4098864,,,
block1-001578,1153.916499344632,5299.58215134684,169,60.0,1153.565444983542,5299.23109698575,0.35105436109006405,block1:zero_tool,gated_rule_c,mixed,1785184723.239348,1785184723.2396991,1785184724.3932734,1785184728.53894,,,
block1-001579,1158.7318695383146,13287.622408592142,499,282.5,1158.5312669631094,13287.421806016937,0.20060257520526648,block1:zero_tool,gated_rule_c,mixed,1785184723.2964542,1785184723.2966554,1785184724.4551969,1785184736.5840874,,,
block1-001580,1678.4370701061562,2297.1858012024313,35,280.0,1678.231737925671,2296.980469021946,0.20533218048512936,block1:s2,gated_rule_c,mixed,1785184723.4053006,1785184723.4055061,1785184725.0837457,1785184725.7024944,,,
block1-001581,1687.648828024976,2486.4634870318696,41,115.0,1687.4346579425037,2486.2493169493973,0.21417008247226477,block1:s2,gated_rule_c,mixed,1785184723.5266473,1785184723.5268621,1785184725.214314,1785184726.013128,,,
block1-001582,1731.2776035396382,2298.835137509741,38,115.0,1731.1152920592576,2298.6728260293603,0.16231148038059473,block1:s2,gated_rule_c,mixed,1785184723.6381514,1785184723.6383142,1785184725.3694391,1785184725.936996,,,
block1-001583,1886.7437781300396,2481.0543661005795,34,50.0,1885.0415209308267,2479.3521089013666,1.7022571992129087,block1:s2,gated_rule_c,mixed,1785184723.686002,1785184723.687705,1785184725.5727572,1785184726.167068,,,
block1-001584,2194.958080886863,2848.070287844166,32,412.5,2194.335447042249,2847.447653999552,0.6226338446140289,block1:s3,gated_rule_c,mixed,1785184723.7226138,1785184723.7232366,1785184725.9175816,1785184726.570694,,,
block1-001585,2233.158210525289,5357.751110452227,128,95.0,2232.469814014621,5357.062713941559,0.6883965106680989,block1:zero_tool,gated_rule_c,mixed,1785184723.7796092,1785184723.780298,1785184726.0127766,1785184729.1373696,,,
block1-001586,2599.9752945499495,3211.759278550744,38,15.0,2599.510997068137,3211.2949810689315,0.4642974818125367,block1:s3,gated_rule_c,mixed,1785184723.7815843,1785184723.7820487,1785184726.3815668,1785184726.9933512,,,
block1-001587,2775.1186162931845,3564.335279399529,41,25.0,2774.487614980899,3563.7042780872434,0.6310013122856617,block1:s3,gated_rule_c,mixed,1785184724.1772244,1785184724.1778555,1785184726.9523554,1785184727.7415721,,,
block1-001588,1588.3150573354214,2468.5905313817784,48,12.5,1587.682773009874,2467.958247056231,0.6322843255475163,block1:s3,gated_rule_c,mixed,1785184724.249861,1785184724.250494,1785184725.8381855,1785184726.7184606,,,
block1-001589,2061.263034818694,5639.633303740993,148,20.0,2060.425475006923,5638.795743929222,0.837559811770916,block1:zero_tool,gated_rule_c,mixed,1785184724.9919314,1785184724.9927692,1785184727.053204,1785184730.6315749,,,
block1-001590,2312.2759761754423,6076.105032116175,151,107.5,2311.336910002865,6075.165965943597,0.9390661725774407,block1:zero_tool,gated_rule_c,mixed,1785184725.0026996,1785184725.0036387,1785184727.3149824,1785184731.078811,,,
block1-001591,482.0843661436811,1305.8056641602889,43,10.0,481.6337830852717,1305.3550811018795,0.45058305840939283,block1:s3,gated_rule_c,mixed,1785184725.1095047,1785184725.1099558,1785184725.5916023,1785184726.415324,,,
block1-001592,1527.7608503820375,2240.4941003769636,48,152.5,1527.551444945857,2240.284694940783,0.20940543618053198,block1:s4,gated_rule_c,mixed,1785184725.1590083,1785184725.159218,1785184726.6867807,1785184727.3995125,,,
block1-001593,1643.4655175544322,2363.48944157362,48,12.5,1642.6091219764203,2362.633045995608,0.8563955780118704,block1:s4,gated_rule_c,mixed,1785184725.1881127,1785184725.1889694,1785184726.8315883,1785184727.5516121,,,
block1-001594,1453.0250307871029,2225.1968937925994,48,15.0,1451.8590570660308,2224.0309200715274,1.1659737210720778,block1:s4,gated_rule_c,mixed,1785184725.439027,1785184725.4401946,1785184726.8920693,1785184727.6642416,,,
block1-001595,1549.3469062494114,2320.8370251813903,48,282.5,1548.5986940329894,2320.0888129649684,0.7482122164219618,block1:s4,gated_rule_c,mixed,1785184725.5001822,1785184725.500931,1785184727.0495398,1785184727.82103,,,
block1-001596,1960.3007871191949,5803.558094077744,155,15.0,1960.1811650209129,5803.438471979462,0.11962209828197956,block1:zero_tool,gated_rule_c,mixed,1785184725.5104773,1785184725.5105975,1785184727.470786,1785184731.314043,,,
block1-001597,2356.1722657177597,3018.075196770951,48,135.0,2355.718898936175,3017.6218299893662,0.4533667815849185,block1:s4,gated_rule_c,mixed,1785184725.5766013,1785184725.5770552,1785184727.9327855,1785184728.5946882,,,
block1-001598,1406.44436981529,2230.6525837630033,48,105.0,1406.0964380623773,2230.3046520100906,0.3479317529127002,block1:s4,gated_rule_c,mixed,1785184725.6463485,1785184725.646697,1785184727.0528054,1785184727.877014,,,
block1-001599,837.9701576195657,1602.0299636293203,48,395.0,837.4975220067427,1601.5573280164972,0.4726356128230691,block1:s4,gated_rule_c,mixed,1785184725.6516743,1785184725.6521473,1785184726.4896526,1785184727.2537131,,,
block1-001600,2260.0540722487494,2932.7967492863536,43,50.0,2259.080462041311,2931.823139078915,0.9736102074384689,block1:s1,gated_rule_c,mixed,1785184725.714788,1785184725.7157624,1785184727.974853,1785184728.6475954,,,
block1-001601,1945.3639802522957,3593.23595429305,71,820.0,1945.1520410366356,3593.02401507739,0.21193921566009521,block1:s1,gated_rule_c,mixed,1785184725.719274,1785184725.7194862,1785184727.6646452,1785184729.3125172,,,
block1-001602,1821.9643679913133,5120.308047044091,135,110.0,1821.724507957697,5120.0681870104745,0.2398600336164236,block1:zero_tool,gated_rule_c,mixed,1785184725.8978257,1785184725.8980663,1785184727.7197995,1785184731.018143,,,
block1-001603,2041.7043910128996,2592.6876129815355,37,15.0,2041.5896310005337,2592.5728529691696,0.11476001236587763,block1:s1,gated_rule_c,mixed,1785184726.055197,1785184726.0553122,1785184728.0969093,1785184728.647892,,,
block1-001604,1334.453138639219,3920.553332543932,111,145.0,1333.999882102944,3920.1000760076568,0.4532565362751484,block1:zero_tool,gated_rule_c,mixed,1785184726.5985584,1785184726.5990121,1785184727.9330294,1785184730.5191307,,,
block1-001605,1241.5322099113837,2617.6438599359244,62,47.5,1241.2646539742127,2617.3763039987534,0.26755593717098236,block1:s1,gated_rule_c,mixed,1785184726.695092,1785184726.6953597,1785184727.9366372,1785184729.3127484,,,
block1-001606,1932.0093466667458,3485.9469917137176,67,187.5,1931.442857021466,3485.3805020684376,0.5664896452799439,block1:s1,gated_rule_c,mixed,1785184726.7153947,1785184726.715963,1785184728.6474192,1785184730.2013566,,,
block1-001607,1617.731014965102,2923.0707379756495,59,280.0,1615.6271409709007,2920.966863981448,2.1038739942014217,block1:s1,gated_rule_c,mixed,1785184727.0831695,1785184727.0852735,1785184728.700911,1785184730.006251,,,
block1-001608,1810.0312143797055,2526.8100342946127,40,155.0,1808.925657067448,2525.704476982355,1.105557312257588,block1:s2,gated_rule_c,mixed,1785184727.1188297,1785184727.119936,1785184728.9288716,1785184729.6456504,,,
block1-001609,1494.6275796974078,3768.6287397518754,94,105.0,1494.1530829528347,3768.1542430073023,0.4744967445731163,block1:zero_tool,gated_rule_c,mixed,1785184727.2489367,1785184727.2494123,1785184728.7435803,1785184731.0175812,,,
block1-001610,1851.5835073776543,3428.615235374309,64,155.0,1851.029414916411,3428.061142913066,0.5540924612432718,block1:s2,gated_rule_c,mixed,1785184727.3616886,1785184727.3622437,1785184729.2132828,1785184730.790314,,,
block1-001611,2217.031139181927,2877.337512210943,43,10.0,2216.090192901902,2876.396565930918,0.9409462800249457,block1:s2,gated_rule_c,mixed,1785184727.4851058,1785184727.4860468,1785184729.702144,1785184730.3624501,,,
block1-001612,2118.482685647905,2640.286851557903,35,10.0,2117.6361580146477,2639.440323924646,0.8465276332572103,block1:s2,gated_rule_c,mixed,1785184727.5061119,1785184727.5069592,1785184729.6246054,1785184730.1464093,,,
block1-001613,2112.4727313872427,2950.7879994343966,49,17.5,2110.625723027624,2948.940991074778,1.847008359618485,block1:s2,gated_rule_c,mixed,1785184727.9730477,1785184727.9748948,1785184730.085529,1785184730.923845,,,
block1-001614,1896.3999439729378,5804.841176024638,154,187.5,1894.5286609232426,5802.969892974943,1.8712830496951938,block1:zero_tool,gated_rule_c,mixed,1785184728.1689107,1785184728.1707826,1785184730.0653217,1785184733.9737625,,,
block1-001615,1932.889629038982,2805.3781050257385,37,15.0,1930.9430519351736,2803.43152792193,1.9465771038085222,block1:s2,gated_rule_c,mixed,1785184728.4293993,1785184728.431347,1785184730.3623009,1785184731.2347894,,,
block1-001616,1692.6343204686418,5320.45500446111,145,115.0,1691.69701798819,5319.517701980658,0.9373024804517627,block1:zero_tool,gated_rule_c,mixed,1785184728.5792723,1785184728.5802104,1785184730.2719183,1785184733.8997388,,,
block1-001617,1760.8654492069036,2427.7885222109035,33,12.5,1760.0977729307488,2427.0208459347486,0.7676762761548162,block1:s3,gated_rule_c,mixed,1785184728.9866464,1785184728.9874146,1785184730.7475297,1785184731.4144526,,,
block1-001618,2180.469512939453,2811.999466852285,41,10.0,2179.4430860318244,2810.973039944656,1.0264269076287746,block1:s3,gated_rule_c,mixed,1785184729.0344262,1785184729.0354528,1785184731.2149043,1785184731.8464344,,,
block1-001619,1855.5087961722165,2650.153899099678,48,282.5,1854.5541790081188,2649.19928193558,0.9546171640977263,block1:s3,gated_rule_c,mixed,1785184729.651957,1785184729.6529117,1785184731.5074723,1785184732.302117,,,
block1-001620,1279.3285123771057,4567.898071371019,135,70.0,1278.667378006503,4567.236937000416,0.6611343706026673,block1:zero_tool,gated_rule_c,mixed,1785184729.854468,1785184729.8551304,1785184731.1338084,1785184734.4223778,,,
block1-001621,567.4901644233614,1384.7285633673891,43,20.0,567.1562880743295,1384.3946870183572,0.3338763490319252,block1:s3,gated_rule_c,mixed,1785184730.222678,1785184730.2230122,1785184730.7901773,1785184731.6074154,,,
block1-001622,763.144361670129,1315.7374917063862,43,282.5,761.7614339105785,1314.3545639468357,1.3829277595505118,block1:s3,gated_rule_c,mixed,1785184730.3712986,1785184730.3726816,1785184731.1344504,1785184731.6870441,,,
block1-001623,498.2416802085936,1280.4903171490878,43,15.0,497.25361505988985,1279.502252000384,0.988065148703754,block1:s3,gated_rule_c,mixed,1785184730.4857776,1785184730.4867668,1785184730.9840338,1785184731.7662826,,,
block1-001624,462.15497341472656,4489.072337397374,169,172.5,461.4335889928043,4488.350952975452,0.7213844219222665,block1:zero_tool,gated_rule_c,mixed,1785184730.6751487,1785184730.6758714,1785184731.1373203,1785184735.1642387,,,
block1-001625,728.0981109943241,1536.465747980401,48,17.5,727.5206680642441,1535.888305050321,0.5774429300799966,block1:s4,gated_rule_c,mixed,1785184730.686609,1785184730.6871874,1785184731.414718,1785184732.223086,,,
block1-001626,501.3033945579082,4525.006953626871,170,307.5,500.9444860043004,4524.648045073263,0.35890855360776186,block1:zero_tool,gated_rule_c,mixed,1785184730.7922852,1785184730.792644,1785184731.2935967,1785184735.3173,,,
block1-001627,673.8277811091393,1524.3554651970044,48,100.0,673.4909319784492,1524.0186160663143,0.3368491306900978,block1:s4,gated_rule_c,mixed,1785184731.0522165,1785184731.0525537,1785184731.7260528,1785184732.5765805,,,
block1-001628,425.1759930048138,1258.2409010501578,48,60.0,424.4665129808709,1257.531421026215,0.7094800239428878,block1:s4,gated_rule_c,mixed,1785184731.36092,1785184731.3616297,1785184731.786105,1785184732.6191697,,,
block1-001629,569.6230847388506,1288.430919754319,48,550.0,569.3450419930741,1288.1528770085424,0.2780427457764745,block1:s4,gated_rule_c,mixed,1785184731.928533,1785184731.928812,1785184732.4981668,1785184733.2169747,,,
block1-001630,552.4057230213657,1304.978239000775,48,10.0,551.2941499473527,1303.866665926762,1.1115730740129948,block1:s4,gated_rule_c,mixed,1785184731.9655275,1785184731.9666395,1785184732.5179436,1785184733.2705166,,,
block1-001631,569.4485664134845,1323.4203124884516,49,60.0,569.1220730077475,1323.0938190827146,0.3264934057369828,block1:s4,gated_rule_c,mixed,1785184732.0064132,1785184732.0067406,1785184732.5758734,1785184733.3298445,,,
block1-001632,426.0971302865073,1087.9792022751644,43,115.0,425.53317500278354,1087.4152469914407,0.5639552837237716,block1:s1,gated_rule_c,mixed,1785184732.0517752,1785184732.05234,1785184732.477883,1785184733.1397648,,,
block1-001633,391.075364430435,877.6468813885003,37,17.5,390.7299110433087,877.301428001374,0.34545338712632656,block1:s1,gated_rule_c,mixed,1785184732.1858308,1785184732.1861773,1785184732.5769176,1785184733.0634894,,,
block1-001634,85.92091756872833,3659.884328604676,156,95.0,85.01853793859482,3658.9819489745423,0.9023796301335096,block1:zero_tool,gated_rule_c,mixed,1785184732.2929296,1785184732.2938325,1785184732.3788643,1785184735.9528277,,,
block1-001635,395.47835441771895,1152.7721744496375,45,357.5,394.7296419646591,1152.0234619965777,0.7487124530598521,block1:s1,gated_rule_c,mixed,1785184732.485823,1785184732.4865718,1785184732.8813105,1785184733.6386046,,,
block1-001636,305.99958321545273,986.668240162544,39,15.0,304.7274730633944,985.3961300104856,1.2721101520583034,block1:s1,gated_rule_c,mixed,1785184732.6755943,1785184732.6768668,1785184732.9816055,1785184733.6622746,,,
block1-001637,83.49523495417088,1626.4693969860673,62,60.0,82.43179693818092,1625.4059589700773,1.0634380159899592,block1:s1,gated_rule_c,mixed,1785184732.759236,1785184732.7603,1785184732.84274,1785184734.3857145,,,
block1-001638,667.015002691187,1429.0559156797826,43,170.0,666.0198600729927,1428.0607730615884,0.9951426181942225,block1:s1,gated_rule_c,mixed,1785184732.7973354,1785184732.7983308,1785184733.464358,1785184734.2263992,,,
block1-001639,587.0924670016393,1171.6918620513752,33,10.0,586.8764970218763,1171.4758920716122,0.215969979763031,block1:s1,gated_rule_c,mixed,1785184732.87705,1785184732.8772662,1785184733.464154,1785184734.0487533,,,
block1-001640,299.50283956713974,3579.3431375641376,145,105.0,299.07942505087703,3578.919723047875,0.4234145162627101,block1:zero_tool,gated_rule_c,mixed,1785184733.026484,1785184733.0269077,1785184733.3259952,1785184736.6058354,,,
block1-001641,106.39177460689098,4278.913345653564,179,110.0,106.17383499629796,4278.695406042971,0.21793961059302092,block1:zero_tool,gated_rule_c,mixed,1785184733.2241528,1785184733.224371,1785184733.3305523,1785184737.5030746,,,
block1-001642,358.7021376006305,1022.8919425280765,36,152.5,357.24014905281365,1021.4299539802596,1.4619885478168726,block1:s2,gated_rule_c,mixed,1785184733.283621,1785184733.2850833,1785184733.6423314,1785184734.306522,,,
block1-001643,264.917935593985,11167.736391536891,477,10.0,264.2715129768476,11167.089968919754,0.6464226171374321,block1:zero_tool,gated_rule_c,mixed,1785184733.377218,1785184733.3778644,1785184733.6421432,1785184744.5449617,,,
block1-001644,79.59128892980516,2756.2130158767104,119,15.0,79.20015207491815,2755.8218790218234,0.39113685488700867,block1:zero_tool,gated_rule_c,mixed,1785184733.6382933,1785184733.6386845,1785184733.717891,1785184736.3945124,,,
block1-001645,593.9876354532316,1204.0812744526193,49,70.0,593.5104769887403,1203.604115988128,0.47715846449136734,block1:s2,gated_rule_c,mixed,1785184733.7473478,1785184733.7478259,1785184734.3413453,1785184734.9514391,,,
block1-001646,536.1206950619817,1007.4675290379673,36,100.0,535.4987520258874,1006.845586001873,0.6219430360943079,block1:s2,gated_rule_c,mixed,1785184733.7705035,1785184733.771126,1785184734.3066363,1785184734.7779841,,,
block1-001647,257.9083243617788,925.065356423147,37,60.0,257.38031591754407,924.5373479789123,0.5280084442347288,block1:s2,gated_rule_c,mixed,1785184733.9464712,1785184733.947,1785184734.2043915,1785184734.8715484,,,
block1-001648,455.4296317510307,1137.1386018581688,48,350.0,455.23267798125744,1136.9416480883956,0.19695376977324486,block1:s3,gated_rule_c,mixed,1785184734.0471025,1785184734.0472996,1785184734.5025418,1785184735.1842515,,,
block1-001649,282.8823582967743,932.2247173404321,39,10.0,281.8433369975537,931.1856960412115,1.0390212992206216,block1:s3,gated_rule_c,mixed,1785184734.1980448,1785184734.1990857,1785184734.4809458,1785184735.1302893,,,
block1-001650,75.01681568101048,3965.6123915920034,173,15.0,74.04987199697644,3964.6454479079694,0.9669436840340495,block1:zero_tool,gated_rule_c,mixed,1785184734.7992764,1785184734.8002446,1785184734.8743067,1785184738.764903,,,
block1-001651,273.9915428683162,985.9888608334586,41,20.0,273.16297497600317,985.1602929411456,0.8285678923130035,block1:s3,gated_rule_c,mixed,1785184735.0236459,1785184735.0244749,1785184735.2976484,1785184736.0096447,,,
block1-001652,129.6048400690779,3200.682702008635,136,550.0,128.88395099435002,3199.961812933907,0.7208890747278929,block1:zero_tool,gated_rule_c,mixed,1785184735.347565,1785184735.3482873,1785184735.477187,1785184738.548265,,,
block1-001653,440.6345271272585,1152.011990081519,48,320.0,439.9563550250605,1151.3338179793209,0.6781721021980047,block1:s3,gated_rule_c,mixed,1785184735.3739686,1785184735.3746479,1785184735.8146157,1785184736.525993,,,
block1-001654,413.9889356447384,1163.5729357367381,48,170.0,413.09426096268,1162.6782610546798,0.894674682058394,block1:s3,gated_rule_c,mixed,1785184735.575791,1785184735.5766864,1785184735.9897907,1785184736.7393749,,,
block1-001655,347.2940558567643,1159.18652783148,43,52.5,346.57702094409615,1158.4694929188117,0.7170349126681685,block1:s3,gated_rule_c,mixed,1785184736.0661523,1785184736.0668721,1785184736.4134665,1785184737.225359,,,
block1-001656,77.96654547564685,3539.0825384529307,153,145.0,77.27957598399371,3538.3955689612776,0.6869694916531444,block1:zero_tool,gated_rule_c,mixed,1785184736.2156365,1785184736.2163246,1785184736.2936153,1785184739.7547321,,,
block1-001657,475.08863650728017,1286.4961525192484,48,10.0,474.23492197413,1285.6424379860982,0.8537145331501961,block1:s4,gated_rule_c,mixed,1785184736.3573594,1785184736.358214,1785184736.832459,1785184737.6438663,,,
block1-001658,515.8233324764296,1248.143345466815,48,297.5,514.7255819756538,1247.045594966039,1.0977505007758737,block1:s4,gated_rule_c,mixed,1785184736.5752609,1785184736.5763588,1785184737.0911043,1785184737.8234243,,,
block1-001659,99.02345575392246,3545.1286737807095,154,115.0,97.36903291195631,3543.4742509387434,1.6544228419661522,block1:zero_tool,gated_rule_c,mixed,1785184736.6017642,1785184736.6034188,1785184736.7007957,1785184740.1469007,,,
block1-001660,73.74515035189688,3465.0738682830706,152,105.0,73.20802798494697,3464.5367459161207,0.5371223669499159,block1:zero_tool,gated_rule_c,mixed,1785184736.7400708,1785184736.7406077,1785184736.8138218,1785184740.2051497,,,
block1-001661,563.5818887967616,1232.0714908419177,48,187.5,563.4393680375069,1231.928970082663,0.14252075925469398,block1:s4,gated_rule_c,mixed,1785184736.8374546,1785184736.8375974,1785184737.4010491,1785184738.0695384,,,
block1-001662,117.63970518950373,3812.2207082342356,167,187.5,117.10707098245621,3811.688074027188,0.5326342070475221,block1:zero_tool,gated_rule_c,mixed,1785184736.879405,1785184736.8799381,1785184736.997056,1785184740.6916366,,,
block1-001663,128.08538891840726,3346.580952871591,148,15.0,127.50517297536135,3346.000736928545,0.5802159430459142,block1:zero_tool,gated_rule_c,mixed,1785184736.9196763,1785184736.9202595,1785184737.0477867,1785184740.2662828,,,
block1-001664,401.16469003260136,1075.0529110664502,43,17.5,400.16427100636065,1074.0524920402095,1.0004190262407064,block1:s1,gated_rule_c,mixed,1785184736.9408307,1785184736.9418328,1785184737.3420095,1785184738.0158982,,,
block1-001665,74.14216373581439,9928.622752660885,430,140.0,73.48418503534049,9927.964773960412,0.6579787004739046,block1:zero_tool,gated_rule_c,mixed,1785184737.1308265,1785184737.1314847,1785184737.2049794,1785184747.0594592,,,
block1-001666,423.7865478498861,1094.0273468149826,44,117.5,423.4316919464618,1093.6724909115583,0.3548559034243226,block1:s1,gated_rule_c,mixed,1785184737.2591612,1785184737.2595189,1785184737.6829693,1785184738.3532114,,,
block1-001667,377.4827665183693,984.5904095564038,42,110.0,376.37257296591997,983.4802160039544,1.1101935524493456,block1:s1,gated_rule_c,mixed,1785184737.4657454,1785184737.466856,1785184737.843241,1785184738.4503484,,,
block1-001668,229.48204074054956,897.863864665851,39,110.0,229.03415304608643,897.4159769713879,0.4478876944631338,block1:s1,gated_rule_c,mixed,1785184737.5531645,1785184737.5536158,1785184737.7826724,1785184738.451054,,,
block1-001669,79.87847935874015,1500.7814704440534,65,15.0,79.59232991561294,1500.4953210009262,0.2861494431272149,block1:s1,gated_rule_c,mixed,1785184737.941586,1785184737.9418724,1785184738.0214744,1785184739.4423764,,,
block1-001670,134.21478122472763,8693.34900425747,375,282.5,133.58068594243377,8692.714908975177,0.6340952822938561,block1:zero_tool,gated_rule_c,mixed,1785184738.0294995,1785184738.0301337,1785184738.1637266,1785184746.7228606,,,
block1-001671,108.84449363220483,3341.2303025834262,152,15.0,107.69409406930208,3340.0799030205235,1.1503995629027486,block1:zero_tool,gated_rule_c,mixed,1785184738.0581777,1785184738.0593283,1785184738.167032,1785184741.3994188,,,
block1-001672,252.1891724318266,894.0988184185699,40,47.5,251.10277405474335,893.0124200414866,1.086398377083242,block1:s2,gated_rule_c,mixed,1785184738.2562654,1785184738.2573524,1785184738.508518,1785184739.1504276,,,
block1-001673,75.32684411853552,2234.9338300991803,100,25.0,74.87616606522352,2234.4831520458683,0.4506780533120036,block1:zero_tool,gated_rule_c,mixed,1785184738.8244834,1785184738.8249376,1785184738.8998346,1785184741.0594409,,,
block1-001674,318.70978767983615,863.8442266965285,36,152.5,318.1113399332389,863.2457789499313,0.5984477465972304,block1:s2,gated_rule_c,mixed,1785184738.910519,1785184738.9111176,1785184739.2292395,1785184739.774373,,,
block1-001675,135.68166561890393,10403.842421597801,438,60.0,135.24781295564026,10403.408568934537,0.43385266326367855,block1:zero_tool,gated_rule_c,mixed,1785184739.2221494,1785184739.2225854,1785184739.357852,1785184749.6260133,,,
block1-001676,80.89942461811006,4415.880209649913,190,100.0,80.48425195738673,4415.46503698919,0.4151726607233286,block1:zero_tool,gated_rule_c,mixed,1785184739.2803802,1785184739.280796,1785184739.361293,1785184743.6962729,,,
block1-001677,350.84914800245315,1018.5898669296876,44,17.5,349.60248798597604,1017.3432069132105,1.246660016477108,block1:s2,gated_rule_c,mixed,1785184739.4233673,1785184739.4246156,1785184739.774234,1785184740.4419754,,,
block1-001678,89.02995707467198,3587.1042400831357,154,47.5,87.90433499962091,3585.9786180080846,1.1256220750510693,block1:zero_tool,gated_rule_c,mixed,1785184739.4265957,1785184739.4277217,1785184739.515635,1785184743.01371,,,
block1-001679,271.2817507563159,819.1865187836811,34,117.5,270.323476055637,818.2282440830022,0.958274700678885,block1:s2,gated_rule_c,mixed,1785184739.814893,1785184739.815852,1785184740.0861852,1785184740.6340895,,,
block1-001680,301.3126407749951,765.719958813861,32,95.0,300.7388939149678,765.1462119538337,0.5737468600273132,block1:s3,gated_rule_c,mixed,1785184740.3125207,1785184740.3130949,1785184740.6138482,1785184741.078255,,,
block1-001681,283.9367800625041,746.6926811030135,33,140.0,283.3117269910872,746.0676280315965,0.6250530714169145,block1:s3,gated_rule_c,mixed,1785184740.4078417,1785184740.4084682,1785184740.6917925,1785184741.1545494,,,
block1-001682,412.1688357554376,1252.244212781079,48,60.0,411.9168119505048,1251.9921889761463,0.2520238049328327,block1:s3,gated_rule_c,mixed,1785184741.2550173,1785184741.25527,1785184741.667198,1785184742.5072737,,,
block1-001683,527.0759855629876,1343.7031524954364,48,15.0,526.6438419930637,1343.2710089255124,0.4321435699239373,block1:s3,gated_rule_c,mixed,1785184741.6165564,1785184741.6169891,1785184742.1436455,1785184742.9602714,,,
block1-001684,401.9913614029065,1080.361579428427,41,12.5,400.27207997627556,1078.642298001796,1.7192814266309142,block1:s3,gated_rule_c,mixed,1785184741.7027302,1785184741.7044508,1785184742.1047387,1785184742.7831082,,,
block1-001685,477.35633340198547,1329.0627123788,48,297.5,476.57078492920846,1328.277163906023,0.785548472777009,block1:s3,gated_rule_c,mixed,1785184741.7478116,1785184741.7485979,1785184742.2251785,1785184743.0768847,,,
block1-001686,576.42911397852,1198.9666000008583,43,172.5,575.9252139832824,1198.4627000056207,0.5038999952375889,block1:s3,gated_rule_c,mixed,1785184741.7608292,1785184741.7613335,1785184742.3372667,1785184742.9598038,,,
block1-001687,443.35428054910153,1328.6850026343018,48,145.0,443.0733119370416,1328.4040340222418,0.28096861205995083,block1:s3,gated_rule_c,mixed,1785184742.1646385,1785184742.1649213,1785184742.608018,1785184743.4933484,,,
block1-001688,85.4266188107431,3728.9707508170977,154,152.5,83.42206000816077,3726.9661920145154,2.0045588025823236,block1:zero_tool,gated_rule_c,mixed,1785184742.4248686,1785184742.4268742,1785184742.510307,1785184746.1538515,,,
block1-001689,85.32966230995953,3130.269923247397,130,545.0,84.9627690622583,3129.9030299996957,0.36689324770122766,block1:zero_tool,gated_rule_c,mixed,1785184742.5815532,1785184742.581923,1785184742.6669228,1785184745.7118633,,,
block1-001690,91.38256567530334,3121.426851605065,130,60.0,90.58860607910901,3120.632892008871,0.7939595961943269,block1:zero_tool,gated_rule_c,mixed,1785184742.649586,1785184742.6503804,1785184742.7409801,1785184745.771025,,,
block1-001691,144.04176163952798,4617.819959647022,184,287.5,142.74776494130492,4616.525962948799,1.2939966982230544,block1:zero_tool,gated_rule_c,mixed,1785184742.7551453,1785184742.756441,1785184742.8992076,1785184747.3729851,,,
block1-001692,566.8796960962936,1271.8270100886002,48,12.5,566.4600769523531,1271.4073909446597,0.41961914394050837,block1:s4,gated_rule_c,mixed,1785184742.7673318,1785184742.7677517,1785184743.334222,1785184744.0391695,,,
block1-001693,565.9526602830738,1299.2985373130068,48,395.0,564.9075079709291,1298.2533850008622,1.045152312144637,block1:s4,gated_rule_c,mixed,1785184742.7883031,1785184742.7893484,1785184743.3542638,1785184744.0876093,,,
block1-001694,587.9154405556619,1328.0056545045227,48,15.0,587.175588007085,1327.2658019559458,0.7398525485768914,block1:s4,gated_rule_c,mixed,1785184742.8236344,1785184742.8243763,1785184743.4115682,1785184744.1516585,,,
block1-001695,515.2743622893468,1212.43986627087,48,15.0,515.0344200665131,1212.1999240480363,0.23994222283363342,block1:s4,gated_rule_c,mixed,1785184743.0373223,1785184743.0375628,1785184743.5526085,1785184744.2497747,,,
block1-001696,385.0628595100716,1090.3326615225524,43,15.0,384.8616889445111,1090.131490956992,0.2011705655604601,block1:s1,gated_rule_c,mixed,1785184743.2318292,1785184743.2320316,1785184743.616906,1785184744.322176,,,
block1-001697,84.67705128714442,3732.4036322534084,158,15.0,83.59424909576774,3731.3208300620317,1.082802191376686,block1:zero_tool,gated_rule_c,mixed,1785184743.3265345,1785184743.3276188,1785184743.4112263,1785184747.0589535,,,
block1-001698,483.88629232067615,1149.8628853587434,44,282.5,482.8565079951659,1148.833101033233,1.0297843255102634,block1:s1,gated_rule_c,mixed,1785184743.3543882,1785184743.3554182,1785184743.8382862,1785184744.5042624,,,
block1-001699,598.6565364291891,1114.6656593773514,40,572.5,597.0495019573718,1113.058624905534,1.6070344718173146,block1:s1,gated_rule_c,mixed,1785184743.488831,1785184743.4904392,1785184744.0875008,1785184744.6035097,,,
block1-001700,413.7399683240801,986.7132853250951,39,152.5,412.39752795081586,985.3708449518308,1.3424403732642531,block1:s1,gated_rule_c,mixed,1785184743.908588,1785184743.909931,1785184744.32245,1785184744.8954234,,,
block1-001701,99.56147521734238,1459.0312711661682,61,20.0,97.96602907590568,1457.4358250247315,1.595446141436696,block1:s1,gated_rule_c,mixed,1785184744.0519462,1785184744.053542,1785184744.151517,1785184745.5109873,,,
block1-001702,242.54223483148962,843.2162898825482,39,60.0,242.25700192619115,842.9310569772497,0.28523290529847145,block1:s1,gated_rule_c,mixed,1785184744.2415202,1785184744.2418063,1785184744.484073,1785184745.0847473,,,
block1-001703,74.21978050842881,3343.9779524924234,128,17.5,73.49803601391613,3343.2562079979107,0.7217444945126772,block1:zero_tool,gated_rule_c,mixed,1785184744.931645,1785184744.9323668,1785184745.005875,1785184748.2756329,,,
block1-001704,409.7253553336486,1109.8997773369774,41,75.0,409.5054700737819,1109.6798920771107,0.21988525986671448,block1:s2,gated_rule_c,mixed,1785184745.1229618,1785184745.123182,1785184745.5326993,1785184746.232874,,,
block1-001705,408.51725987158716,1001.7063617706299,36,187.5,408.43542804941535,1001.6245299484581,0.08183182217180729,block1:s2,gated_rule_c,mixed,1785184745.142579,1785184745.1426613,1785184745.551107,1785184746.144296,,,
block1-001706,410.37223231978714,993.5287403641269,37,140.0,410.1950549520552,993.3515629963949,0.17717736773192883,block1:s2,gated_rule_c,mixed,1785184745.1604505,1785184745.1606295,1785184745.5708373,1785184746.1539938,,,
block1-001707,394.9044697219506,1096.460479660891,43,17.5,393.8006709795445,1095.356680918485,1.1037987424060702,block1:s2,gated_rule_c,mixed,1785184745.1960447,1785184745.1971495,1785184745.590961,1785184746.292518,,,
block1-001708,76.7177544767037,8662.00742253568,351,10.0,75.7524089422077,8661.042077001184,0.9653455344960093,block1:zero_tool,gated_rule_c,mixed,1785184745.436861,1785184745.4378273,1785184745.513594,1785184754.0988846,,,
block1-001709,125.24998607113957,8869.492858066224,357,15.0,124.85174194443971,8869.094613939524,0.39824412669986486,block1:zero_tool,gated_rule_c,mixed,1785184745.8674147,1785184745.8678153,1785184745.9926856,1785184754.7369275,,,
block1-001710,415.0875143241137,1061.8970362702385,38,60.0,414.7320999763906,1061.5416219225153,0.3554143477231264,block1:s2,gated_rule_c,mixed,1785184745.8955722,1785184745.8959289,1785184746.3106737,1785184746.9574826,,,
block1-001711,140.32455370761454,3733.4073478123173,145,110.0,139.02414392214268,3732.1069380268455,1.3004097854718566,block1:zero_tool,gated_rule_c,mixed,1785184746.0035663,1785184746.0048692,1785184746.143913,1785184749.7369957,,,
block1-001712,279.28493078798056,925.0145208789036,32,217.5,278.9187809685245,924.6483710594475,0.36614981945604086,block1:s3,gated_rule_c,mixed,1785184746.013381,1785184746.0137482,1785184746.2926743,1785184746.9384038,,,
block1-001713,388.4607566287741,1111.7790415883064,33,20.0,387.7713370602578,1111.08962201979,0.689419568516314,block1:s3,gated_rule_c,mixed,1785184746.3341017,1785184746.3347933,1785184746.7225957,1785184747.4459133,,,
block1-001714,556.4151494763792,1464.6622964646667,48,485.0,556.1403459869325,1464.38749297522,0.27480348944664,block1:s3,gated_rule_c,mixed,1785184746.36142,1785184746.3616958,1785184746.9178474,1785184747.8260946,,,
block1-001715,145.1878157677129,3318.441548733972,128,297.5,144.55857197754085,3317.8123049438,0.6292437901720405,block1:zero_tool,gated_rule_c,mixed,1785184746.5288658,1785184746.5294983,1785184746.6740851,1785184749.847338,,,
block1-001716,357.15109715238214,1202.925552148372,41,395.0,356.55795701313764,1202.3324120091274,0.5931401392444968,block1:s3,gated_rule_c,mixed,1785184746.5605228,1785184746.5611167,1785184746.917687,1785184747.7634614,,,
block1-001717,495.7991596311331,1320.9664626047015,46,60.0,495.1677239732817,1320.3350269468501,0.631435657851398,block1:s3,gated_rule_c,mixed,1785184746.6995718,1785184746.7002046,1785184747.1953843,1785184748.0205517,,,
block1-001718,695.2629941515625,1305.5682250997052,43,172.5,695.0446809642017,1305.3499119123444,0.21831318736076355,block1:s3,gated_rule_c,mixed,1785184747.0284255,1785184747.0286446,1785184747.7237003,1785184748.3340056,,,
block1-001719,514.540437492542,1304.7727684024721,43,280.0,513.7717809993774,1304.0041119093075,0.7686564931645989,block1:s3,gated_rule_c,mixed,1785184747.0338764,1785184747.0346475,1785184747.548439,1785184748.3386703,,,
block1-001720,140.99639910273254,4855.224791099317,193,15.0,140.1370760286227,4854.3654680252075,0.8593230741098523,block1:zero_tool,gated_rule_c,mixed,1785184747.182704,1785184747.1835642,1785184747.3237133,1785184752.037942,,,
block1-001721,528.0411033891141,1308.645429322496,48,550.0,527.6994840241969,1308.3038099575788,0.3416193649172783,block1:s4,gated_rule_c,mixed,1785184747.2150702,1785184747.2154124,1785184747.7431214,1785184748.5237257,,,
block1-001722,526.6686850227416,1306.6517950501293,48,115.0,525.9172089863569,1305.9003190137446,0.7514760363847017,block1:s4,gated_rule_c,mixed,1785184747.216409,1785184747.2171605,1785184747.7430828,1785184748.5230665,,,
block1-001723,559.7689767600968,1327.8321487596259,48,145.0,558.8043660391122,1326.8675380386412,0.9646107209846377,block1:s4,gated_rule_c,mixed,1785184747.2603135,1785184747.2612786,1785184747.8200948,1785184748.588158,,,
block1-001724,487.48561297543347,1259.045887971297,48,485.0,486.43829103093594,1257.9985660267994,1.0473219444975257,block1:s4,gated_rule_c,mixed,1785184747.491293,1785184747.4923406,1785184747.9787881,1785184748.750348,,,
block1-001725,226.57845413777977,4532.808784162626,177,105.0,226.34188493248075,4532.572214957327,0.2365692052990198,block1:zero_tool,gated_rule_c,mixed,1785184747.5992687,1785184747.599506,1785184747.825856,1785184752.1320856,,,
block1-001726,476.2032151920721,1277.8814492048696,49,60.0,475.4552150843665,1277.133449097164,0.7480001077055931,block1:s4,gated_rule_c,mixed,1785184747.758677,1785184747.759425,1785184748.2348979,1785184749.0365765,,,
block1-001727,633.1913046305999,1425.7569086039439,48,140.0,632.4217319488525,1424.9873359221965,0.7695726817473769,block1:s4,gated_rule_c,mixed,1785184747.7831435,1785184747.7839131,1785184748.4163423,1785184749.2089078,,,
block1-001728,335.6731318635866,3141.696721781045,117,152.5,335.02374205272645,3141.047331970185,0.649389810860157,block1:zero_tool,gated_rule_c,mixed,1785184748.0028853,1785184748.0035353,1785184748.3385696,1785184751.1445932,,,
block1-001729,102.05726942513138,1761.7588164284825,69,395.0,101.72906098887324,1761.4306079922244,0.3282084362581372,block1:s1,gated_rule_c,mixed,1785184748.3799233,1785184748.3802524,1785184748.4819915,1785184750.1416926,,,
block1-001730,83.50126119330525,10629.006049246527,444,60.0,82.64706691261381,10628.151854965836,0.8541942806914449,block1:zero_tool,gated_rule_c,mixed,1785184748.5045412,1785184748.5053954,1785184748.5880554,1785184759.1335595,,,
block1-001731,98.18805370014161,4696.320968796499,190,70.0,97.14377496857196,4695.276690064929,1.0442787315696478,block1:zero_tool,gated_rule_c,mixed,1785184748.6115413,1785184748.6125865,1785184748.7097442,1785184753.3078766,,,
block1-001732,331.5880517475307,1030.1706857280806,42,172.5,330.41782793588936,1029.0004619164392,1.1702238116413355,block1:s1,gated_rule_c,mixed,1785184748.7634065,1785184748.764577,1785184749.0950038,1785184749.7935858,,,
block1-001733,86.05290844570845,1565.167470369488,63,10.0,85.03479801584035,1564.14935993962,1.018110429868102,block1:s1,gated_rule_c,mixed,1785184748.8558247,1785184748.8568437,1785184748.9418907,1785184750.4210055,,,
block1-001734,89.27109255455434,1670.6033105729148,67,170.0,88.26007298193872,1669.5922910002992,1.0110195726156235,block1:s1,gated_rule_c,mixed,1785184748.926817,1785184748.9278297,1785184749.016106,1785184750.5974374,,,
block1-001735,350.26069276500493,947.7229727199301,37,117.5,350.1103459857404,947.5726259406656,0.15034677926450968,block1:s1,gated_rule_c,mixed,1785184749.1348073,1785184749.1349578,1785184749.4850786,1785184750.0825405,,,
block1-001736,67.63994914945215,11828.03305319976,503,280.0,67.4347230233252,11827.827827073634,0.20522612612694502,block1:zero_tool,gated_rule_c,mixed,1785184749.2977195,1785184749.297926,1785184749.3653736,1785184761.125766,,,
block1-001737,639.8523697862402,1362.1718627400696,40,217.5,639.255249989219,1361.5747429430485,0.5971197970211506,block1:s2,gated_rule_c,mixed,1785184749.3610005,1785184749.3615987,1785184750.0008638,1785184750.7231832,,,
block1-001738,353.5850790794939,4789.206411107443,183,10.0,352.60748700238764,4788.228819030337,0.9775920771062374,block1:zero_tool,gated_rule_c,mixed,1785184749.4399073,1785184749.4408858,1785184749.7935042,1785184754.2291257,,,
block1-001739,736.3252695649862,1440.4625014867634,43,47.5,735.3298040106893,1439.4670359324664,0.9954655542969704,block1:s2,gated_rule_c,mixed,1785184749.4604466,1785184749.4614437,1785184750.1967888,1785184750.9009264,,,
block1-001740,396.091534756124,925.5786647554487,35,92.5,395.72444709483534,925.21157709416,0.36708766128867865,block1:s2,gated_rule_c,mixed,1785184749.7974365,1785184749.797804,1785184750.193537,1785184750.7230244,,,
block1-001741,778.0256202677265,1559.69429819379,49,172.5,777.3970410926268,1559.0657190186903,0.6285791750997305,block1:s2,gated_rule_c,mixed,1785184749.7976918,1785184749.7983205,1785184750.5757232,1785184751.3573916,,,
block1-001742,381.20520988013595,4334.784436854534,166,322.5,380.8355610817671,4334.414788056165,0.3696487983688712,block1:zero_tool,gated_rule_c,mixed,1785184749.8155363,1785184749.8159063,1785184750.1967485,1785184754.1503274,,,
block1-001743,595.8673177519813,1175.0030887778848,31,15.0,594.795650918968,1173.9314219448715,1.0716668330132961,block1:s2,gated_rule_c,mixed,1785184750.0622432,1785184750.0633154,1785184750.658131,1785184751.2372658,,,
block1-001744,486.9455691659823,6456.512277247384,249,170.0,486.00290494505316,6455.569613026455,0.9426642209291458,block1:zero_tool,gated_rule_c,mixed,1785184750.1751409,1785184750.1760838,1785184750.6620975,1785184756.6316626,,,
block1-001745,775.2203226555139,1495.9829787258059,39,20.0,773.3007119968534,1494.0633680671453,1.919610658660531,block1:s3,gated_rule_c,mixed,1785184750.2234857,1785184750.2254057,1785184750.998715,1785184751.719477,,,
block1-001746,391.92066236864775,4250.124681391753,164,152.5,391.0542119992897,4249.258231022395,0.8664503693580627,block1:zero_tool,gated_rule_c,mixed,1785184750.4054136,1785184750.406281,1785184750.7973459,1785184754.6555498,,,
block1-001747,347.67963318154216,1139.2962351674214,41,70.0,347.0577490516007,1138.67435103748,0.6218841299414635,block1:s3,gated_rule_c,mixed,1785184750.7967799,1785184750.797402,1785184751.1444685,1785184751.9360847,,,
block1-001748,625.4921451909468,1393.5945671983063,41,172.5,624.499293975532,1392.6017159828916,0.9928512154147029,block1:s3,gated_rule_c,mixed,1785184750.925167,1785184750.92616,1785184751.5506685,1785184752.318771,,,
block1-001749,531.9974146550521,1267.861484666355,43,52.5,531.7328940145671,1267.59696402587,0.2645206404849887,block1:s3,gated_rule_c,mixed,1785184750.998497,1785184750.9987617,1785184751.5305083,1785184752.2663722,,,
block1-001750,961.2668281188235,1576.4554530614987,46,172.5,960.2437389548868,1575.432363897562,1.0230891639366746,block1:s3,gated_rule_c,mixed,1785184751.22273,1785184751.2237532,1785184752.184007,1785184752.7991958,,,
block1-001751,392.78016705065966,1180.3146210731938,43,412.5,391.83719700668007,1179.3716510292143,0.9429700439795852,block1:s3,gated_rule_c,mixed,1785184751.2425098,1785184751.243453,1785184751.6352985,1785184752.4228325,,,
block1-001752,433.6828232044354,3793.080667266622,143,287.5,432.5652739498764,3791.963118012063,1.1175492545589805,block1:zero_tool,gated_rule_c,mixed,1785184751.564227,1785184751.565345,1785184751.9979253,1785184755.3573232,,,
block1-001753,893.323817756027,1645.6687017343938,48,282.5,892.8629970178008,1645.2078809961677,0.4608207382261753,block1:s4,gated_rule_c,mixed,1785184751.5676942,1785184751.5681562,1785184752.4610336,1785184753.2133782,,,
block1-001754,827.2118298336864,1614.4201757851988,48,145.0,826.3521969784051,1613.5605429299176,0.8596328552812338,block1:s4,gated_rule_c,mixed,1785184751.6928406,1785184751.6937017,1785184752.5200834,1785184753.307292,,,
block1-001755,464.872072217986,3724.98865716625,139,140.0,463.8741940725595,3723.9907790208235,0.9978781454265118,block1:zero_tool,gated_rule_c,mixed,1785184751.8572152,1785184751.858217,1785184752.3221211,1785184755.5822384,,,
block1-001756,578.5705724265426,1222.620896412991,48,140.0,577.7306030504405,1221.780927036889,0.8399693761020899,block1:s4,gated_rule_c,mixed,1785184752.8252935,1785184752.8261359,1785184753.4038846,1785184754.0479357,,,
block1-001757,575.1529377885163,1250.7040097843856,48,545.0,574.7401349944994,1250.2912069903687,0.4128027940168977,block1:s4,gated_rule_c,mixed,1785184752.848652,1785184752.8490655,1785184753.4238183,1785184754.0993695,,,
block1-001758,542.6322269486263,1248.1528699863702,48,145.0,541.691028047353,1247.211671085097,0.9411989012733102,block1:s4,gated_rule_c,mixed,1785184752.901841,1785184752.9027846,1785184753.4444888,1785184754.15001,,,
block1-001759,645.8390256157145,1385.0587496999651,48,140.0,645.5103328917176,1384.7300569759682,0.3286927239969373,block1:s4,gated_rule_c,mixed,1785184752.979673,1785184752.9800029,1785184753.6255262,1785184754.364746,,,
block1-001760,514.18428926263,1213.7881873641163,43,20.0,513.1055569509044,1212.7094550523907,1.0787323117256165,block1:s1,gated_rule_c,mixed,1785184753.111289,1785184753.1123686,1785184753.6254845,1785184754.325088,,,
block1-001761,222.0261541660875,1651.4333101222292,65,50.0,221.56999097205698,1650.9771469281986,0.4561631940305233,block1:s1,gated_rule_c,mixed,1785184753.1634707,1785184753.1639276,1785184753.3855078,1785184754.8149152,,,
block1-001762,910.5486993212253,1465.034780325368,36,287.5,909.9403260042891,1464.4264070084319,0.6083733169361949,block1:s1,gated_rule_c,mixed,1785184753.500938,1785184753.5015473,1785184754.4115014,1785184754.9659867,,,
block1-001763,672.5561147322878,5728.055375744589,217,60.0,672.0082690007985,5727.507530013099,0.5478457314893603,block1:zero_tool,gated_rule_c,mixed,1785184753.5268853,1785184753.5274339,1785184754.1994536,1785184759.2549527,,,
block1-001764,766.4962885901332,1461.30648360122,42,117.5,764.5320610608906,1459.3422560719773,1.9642275292426348,block1:s1,gated_rule_c,mixed,1785184753.6829743,1785184753.684939,1785184754.4494836,1785184755.1442945,,,
block1-001765,355.5419377516955,1800.1758167520165,60,107.5,355.3494770312682,1799.9833560315892,0.1924607204273343,block1:s1,gated_rule_c,mixed,1785184753.8544276,1785184753.8546212,1785184754.2099822,1785184755.6546168,,,
block1-001766,320.1629703398794,8575.228257337585,362,357.5,319.2984029883519,8574.363689986058,0.8645673515275121,block1:zero_tool,gated_rule_c,mixed,1785184753.8891983,1785184753.8900638,1785184754.2093747,1785184762.4644408,,,
block1-001767,138.7544113676995,1566.8730164179578,59,12.5,137.9415630362928,1566.0601680865511,0.8128483314067125,block1:s1,gated_rule_c,mixed,1785184754.1467898,1785184754.1476028,1785184754.285563,1785184755.713679,,,
block1-001768,250.89743547141552,963.5363944107667,40,15.0,250.58360898401588,963.222567923367,0.3138264873996377,block1:s2,gated_rule_c,mixed,1785184754.3433912,1785184754.3437052,1785184754.5942974,1785184755.3069365,,,
block1-001769,362.64709662646055,972.3532046191394,38,322.5,361.99769494123757,971.7038029339164,0.6494016852229834,block1:s2,gated_rule_c,mixed,1785184754.469364,1785184754.4700148,1785184754.8320272,1785184755.4417334,,,
block1-001770,198.21427622810006,4451.625143177807,180,22.5,197.995712980628,4451.406579930335,0.2185632474720478,block1:zero_tool,gated_rule_c,mixed,1785184754.519041,1785184754.519261,1785184754.7172685,1785184758.9706788,,,
block1-001771,143.4587170369923,9612.545587006025,408,135.0,142.9547640727833,9612.041634041816,0.5039529642090201,block1:zero_tool,gated_rule_c,mixed,1785184754.6479805,1785184754.6484857,1785184754.7914524,1785184764.2605393,,,
block1-001772,316.2368146004155,963.1436276249588,35,15.0,315.0659749517217,961.972787976265,1.1708396486938,block1:s2,gated_rule_c,mixed,1785184754.8095624,1785184754.8107336,1785184755.1258383,1785184755.7727442,,,
block1-001773,102.68192028161138,3837.7664292929694,161,17.5,101.72327002510428,3836.8077790364623,0.9586502565070987,block1:zero_tool,gated_rule_c,mixed,1785184754.9190764,1785184754.920036,1785184755.021771,1785184758.7568562,,,
block1-001774,263.1520159775391,10294.119062949903,435,307.5,262.6944170333445,10293.661464005709,0.4575989441946149,block1:zero_tool,gated_rule_c,mixed,1785184754.936664,1785184754.937122,1785184755.1998248,1785184765.2307916,,,
block1-001775,304.2979915626347,2687.677387613803,103,485.0,303.437064983882,2686.8164610350505,0.8609265787526965,block1:zero_tool,gated_rule_c,mixed,1785184755.1123674,1785184755.1132293,1785184755.4166787,1785184757.800058,,,
block1-001776,251.7218809807673,3168.2241619564593,126,70.0,250.26500201784074,3166.7672829935327,1.4568789629265666,block1:zero_tool,gated_rule_c,mixed,1785184755.1703486,1785184755.1718059,1785184755.422081,1785184758.3385847,,,
block1-001777,623.179197194986,1383.7737292051315,48,17.5,622.8875560918823,1383.4820881020278,0.2916411031037569,block1:s3,gated_rule_c,mixed,1785184755.2472315,1785184755.2475238,1785184755.8704228,1785184756.6310172,,,
block1-001778,436.7347205989063,1060.9910875791684,41,160.0,436.1427170224488,1060.3990840027109,0.5920035764575005,block1:s3,gated_rule_c,mixed,1785184755.4947467,1785184755.4953392,1785184755.9314928,1785184756.5557492,,,
block1-001779,152.0919952308759,3887.86987029016,164,172.5,151.79625700693578,3887.57413206622,0.29573822394013405,block1:zero_tool,gated_rule_c,mixed,1785184755.5620575,1785184755.5623536,1785184755.7141593,1785184759.4499378,,,
block1-001780,480.3752237930894,1203.2621537800878,48,10.0,479.5622059609741,1202.4491359479725,0.8130178321152925,block1:s3,gated_rule_c,mixed,1785184755.9348547,1785184755.935668,1785184756.415241,1785184757.1381273,,,
block1-001781,450.711717014201,1129.121609032154,46,170.0,450.11005096603185,1128.519942983985,0.601666048169136,block1:s3,gated_rule_c,mixed,1785184756.008181,1785184756.008783,1785184756.4590335,1785184757.1374435,,,
block1-001782,996.3892888044938,1668.0328218499199,46,820.0,995.1899040024728,1666.8334370478988,1.1993848020210862,block1:s3,gated_rule_c,mixed,1785184756.018825,1785184756.0200245,1785184757.0152237,1785184757.686868,,,
block1-001783,791.0273231100291,1471.5462380554527,43,100.0,790.4040530556813,1470.922968001105,0.6232700543478131,block1:s3,gated_rule_c,mixed,1785184756.0799663,1785184756.0805914,1785184756.8710103,1785184757.5515292,,,
block1-001784,568.705229787156,3767.031713738106,143,20.0,568.4511540457606,3766.777637996711,0.25407574139535427,block1:zero_tool,gated_rule_c,mixed,1785184756.1376224,1785184756.1378775,1785184756.7063432,1785184759.9046695,,,
block1-001785,1289.9792614625767,2033.8809614768252,48,17.5,1289.2978399759158,2033.1995399901643,0.6814214866608381,block1:s4,gated_rule_c,mixed,1785184756.2216702,1785184756.222355,1785184757.5116792,1785184758.2555802,,,
block1-001786,765.7187742879614,5078.253123210743,195,20.0,764.444702072069,5076.979050994851,1.2740722158923745,block1:zero_tool,gated_rule_c,mixed,1785184756.446333,1785184756.4476075,1785184757.212065,1785184761.5245988,,,
block1-001787,1293.4413134353235,2014.114341349341,48,217.5,1292.1706690685824,2012.8436969825998,1.2706443667411804,block1:s4,gated_rule_c,mixed,1785184756.8006775,1785184756.8019502,1785184758.094139,1785184758.8148115,,,
block1-001788,1153.7375916959718,1837.2917836531997,48,85.0,1153.1214650021866,1836.6756569594145,0.6161266937851906,block1:s4,gated_rule_c,mixed,1785184756.8404503,1785184756.8410685,1785184757.994205,1785184758.6777594,,,
block1-001789,1311.4149670582265,2051.7176741268486,48,550.0,1309.9266520002857,2050.229359068908,1.4883150579407811,block1:s4,gated_rule_c,mixed,1785184756.8642588,1785184756.8657482,1785184758.1756866,1785184758.9159899,,,
block1-001790,1407.6868117554113,4694.651878788136,149,10.0,1406.717060948722,4693.682127981447,0.9697508066892624,block1:zero_tool,gated_rule_c,mixed,1785184756.91046,1785184756.9114313,1785184758.3181622,1785184761.605128,,,
block1-001791,1364.409203757532,5116.669055772945,170,412.5,1362.7386479638517,5114.998499979265,1.6705557936802506,block1:zero_tool,gated_rule_c,mixed,1785184757.032369,1785184757.0340397,1785184758.396789,1785184762.149049,,,
block1-001792,1663.3695490891114,6577.165294089355,216,70.0,1662.283793091774,6576.079538092017,1.085755997337401,block1:zero_tool,gated_rule_c,mixed,1785184757.0725498,1785184757.0736368,1785184758.7359369,1785184763.649732,,,
block1-001793,1709.3540970236063,6309.58110303618,203,572.5,1709.0664149727672,6309.293420985341,0.2876820508390665,block1:zero_tool,gated_rule_c,mixed,1785184757.1053379,1785184757.1056266,1785184758.8147087,1785184763.4149354,,,
block1-001794,1886.7510211421177,2462.9331161268055,41,12.5,1885.8230210607871,2462.005116045475,0.9280000813305378,block1:s1,gated_rule_c,mixed,1785184757.305573,1785184757.3065019,1785184759.1923327,1785184759.7685149,,,
block1-001795,1880.764582194388,2394.6597351459786,37,107.5,1880.3599920356646,2394.2551449872553,0.40459015872329473,block1:s1,gated_rule_c,mixed,1785184757.373464,1785184757.3738697,1785184759.2542415,1785184759.7681375,,,
block1-001796,1191.6378954192623,1843.667259439826,39,395.0,1191.0533149493858,1843.0826789699495,0.5845804698765278,block1:s1,gated_rule_c,mixed,1785184758.0008051,1785184758.00139,1785184759.192454,1785184759.8444853,,,
block1-001797,878.5982364788651,3129.678699420765,106,12.5,878.2751510152593,3129.355613957159,0.32308546360582113,block1:zero_tool,gated_rule_c,mixed,1785184758.3136587,1785184758.3139837,1785184759.1922772,1785184761.443358,,,
block1-001798,740.8332553459331,7211.868052254431,281,172.5,740.1479700347409,7211.182766943239,0.6852853111922741,block1:zero_tool,gated_rule_c,mixed,1785184758.567201,1785184758.567887,1785184759.3080466,1785184765.779081,,,
block1-001799,710.2378474082798,1236.6872234269977,35,47.5,708.7261400884017,1235.1755161071196,1.5117073198780417,block1:s1,gated_rule_c,mixed,1785184758.9968867,1785184758.9983993,1785184759.7071512,1785184760.2336006,,,
block1-001800,599.7543629491702,3693.5962409479544,140,320.0,598.9205109653994,3692.7623889641836,0.8338519837707281,block1:zero_tool,gated_rule_c,mixed,1785184759.223372,1785184759.224207,1785184759.8231428,1785184762.916984,,,
block1-001801,755.3315012482926,1403.8416822440922,40,12.5,754.698408069089,1403.2085890648887,0.6330931792035699,block1:s2,gated_rule_c,mixed,1785184759.245318,1785184759.245952,1785184760.0006635,1785184760.6491737,,,
block1-001802,88.79752864595503,10719.764129607938,462,12.5,88.32601294852793,10719.292613910511,0.471515697427094,block1:zero_tool,gated_rule_c,mixed,1785184759.9670646,1785184759.9675386,1785184760.0558856,1785184770.6868525,,,
block1-001803,83.59663432929665,10877.891295356676,470,60.0,83.11535394750535,10877.410014974885,0.4812803817912936,block1:zero_tool,gated_rule_c,mixed,1785184760.0494611,1785184760.049944,1785184760.133073,1785184770.9273672,,,
block1-001804,78.68357875850052,2746.6743388213217,119,95.0,77.95044302474707,2745.9412030875683,0.7331357337534428,block1:zero_tool,gated_rule_c,mixed,1785184760.3904274,1785184760.3911614,1785184760.4691248,1785184763.1371145,,,
block1-001805,226.26086964737624,3649.2502365726978,149,115.0,225.12449603527784,3648.1138629605994,1.1363736120983958,block1:zero_tool,gated_rule_c,mixed,1785184760.4782054,1785184760.479342,1785184760.7044804,1785184764.12747,,,
block1-001806,947.4913326557726,1470.2273876173422,38,187.5,946.7002069577575,1469.436261919327,0.7911256980150938,block1:s2,gated_rule_c,mixed,1785184760.552041,1785184760.5528338,1785184761.4995513,1785184762.0222871,,,
block1-001807,468.9735141582787,4647.413826081902,175,545.0,466.8926930753514,4645.3330049989745,2.0808210829272866,block1:zero_tool,gated_rule_c,mixed,1785184761.036256,1785184761.0383372,1785184761.5052402,1785184765.6836805,,,
block1-001808,539.6565375849605,4511.324122664519,167,485.0,539.3808479420841,4511.048433021642,0.27568964287638664,block1:zero_tool,gated_rule_c,mixed,1785184761.0466933,1785184761.0469694,1785184761.5863576,1785184765.558025,,,
block1-001809,820.3857314074412,1559.5442584017292,48,107.5,818.1645930744708,1557.3231200687587,2.2211383329704404,block1:s3,gated_rule_c,mixed,1785184761.1609151,1785184761.1631386,1785184761.9813218,1785184762.7204802,,,
block1-001810,831.2083282507956,4699.218018213287,161,282.5,830.5956469848752,4698.605336947367,0.6126812659204006,block1:zero_tool,gated_rule_c,mixed,1785184761.251238,1785184761.2518518,1785184762.0824583,1785184765.9504683,,,
block1-001811,1444.7833459125832,2220.3170149587095,41,15.0,1443.9595189178362,2219.4931879639626,0.8238269947469234,block1:s3,gated_rule_c,mixed,1785184761.546233,1785184761.547058,1785184762.991035,1785184763.7665682,,,
block1-001812,669.6463014231995,1436.1338494345546,48,17.5,668.2854500832036,1434.7729980945587,1.360851339995861,block1:s3,gated_rule_c,mixed,1785184761.8875186,1785184761.88888,1785184762.557176,1785184763.323664,,,
block1-001813,768.5355993453413,1546.5167203219607,47,412.5,767.9367669625208,1545.9178879391402,0.5988323828205466,block1:s3,gated_rule_c,mixed,1785184762.1033726,1785184762.1039715,1785184762.8719168,1785184763.649898,,,
block1-001814,1733.5886675864458,2498.5585575923324,48,17.5,1732.6008679810911,2497.5707579869777,0.9877996053546667,block1:s3,gated_rule_c,mixed,1785184762.1087666,1785184762.1097543,1785184763.8423624,1785184764.607332,,,
block1-001815,1329.21263796743,5168.711388949305,165,145.0,1329.0852790232748,5168.5840300051495,0.12735894415527582,block1:zero_tool,gated_rule_c,mixed,1785184762.3770382,1785184762.3771665,1785184763.7062626,1785184767.545761,,,
block1-001816,1329.025398939848,8874.461539904587,326,92.5,1328.4302840474993,8873.866425012238,0.5951148923486471,block1:zero_tool,gated_rule_c,mixed,1785184762.377155,1785184762.3777502,1785184763.7061863,1785184771.2516224,,,
block1-001817,512.4462266685441,1322.5615615956485,50,135.0,510.6820180080831,1320.7973529351875,1.7642086604610085,block1:s4,gated_rule_c,mixed,1785184762.8603373,1785184762.8621025,1785184763.3727953,1785184764.1829102,,,
block1-001818,618.4420987265185,1401.9530967343599,48,15.0,617.4275709781796,1400.938568986021,1.0145277483388782,block1:s4,gated_rule_c,mixed,1785184762.970683,1785184762.9716978,1785184763.5891356,1785184764.3726466,,,
block1-001819,643.8606341835111,1447.0300421817228,48,20.0,641.9600420631468,1445.1294500613585,1.9005921203643084,block1:s4,gated_rule_c,mixed,1785184763.102173,1785184763.1040742,1785184763.7460449,1785184764.5492141,,,
block1-001820,1439.1473117284477,2170.5937297083437,48,10.0,1438.4524710476398,2169.898889027536,0.6948406808078289,block1:s4,gated_rule_c,mixed,1785184763.1683125,1785184763.1690075,1785184764.607467,1785184765.3389137,,,
block1-001821,941.2359569687396,1691.2845119368285,48,15.0,941.0923609975725,1691.1409159656614,0.14359597116708755,block1:s4,gated_rule_c,mixed,1785184763.241488,1785184763.2416322,1785184764.1827352,1785184764.932784,,,
block1-001822,638.5965328663588,1338.7949898606166,48,52.5,638.0781619809568,1338.2766189752147,0.5183708854019642,block1:s4,gated_rule_c,mixed,1785184763.947959,1785184763.948478,1785184764.5865664,1785184765.2867646,,,
block1-001823,556.3132484676316,1280.8716794243082,48,545.0,556.1306499876082,1280.6890809442848,0.1825984800234437,block1:s4,gated_rule_c,mixed,1785184764.21691,1785184764.2170928,1785184764.773273,1785184765.4978316,,,
block1-001824,87.28748268913478,3807.378558674827,162,105.0,87.09279308095574,3807.183869066648,0.1946896081790328,block1:zero_tool,gated_rule_c,mixed,1785184764.2458518,1785184764.2460468,1785184764.3331478,1785184768.0532389,,,
block1-001825,352.14766080025584,946.2221608264372,37,172.5,351.23700997792184,945.3115100041032,0.9106508223339915,block1:s1,gated_rule_c,mixed,1785184764.6774743,1785184764.6783857,1785184765.0296326,1785184765.623708,,,
block1-001826,351.9493381027132,1101.2043381342664,43,60.0,350.4023569403216,1099.6573569718748,1.546981162391603,block1:s1,gated_rule_c,mixed,1785184764.6775723,1785184764.6791193,1785184765.0295281,1785184765.7787838,,,
block1-001827,243.422549800016,3684.657553792931,147,115.0,242.75513994507492,3683.99014393799,0.6674098549410701,block1:zero_tool,gated_rule_c,mixed,1785184764.7473242,1785184764.7479923,1785184764.9907565,1785184768.4319913,,,
block1-001828,460.61124408151954,3771.693714079447,140,70.0,460.15186491422355,3771.234334912151,0.4593791672959924,block1:zero_tool,gated_rule_c,mixed,1785184764.8260417,1785184764.8265016,1785184765.286685,1785184768.5977674,,,
block1-001829,445.4996340209618,1893.992910045199,65,60.0,444.6271349443123,1893.1204109685495,0.8724990766495466,block1:s1,gated_rule_c,mixed,1785184764.9495068,1785184764.9503796,1785184765.3950157,1785184766.8435085,,,
block1-001830,312.4641594476998,1010.3479435201734,40,12.5,311.87344202771783,1009.7572261001915,0.5907174199819565,block1:s1,gated_rule_c,mixed,1785184765.3113556,1785184765.3119464,1785184765.6238277,1785184766.3217125,,,
block1-001831,226.91491607110947,2820.8398991264403,114,100.0,225.81529093440622,2819.740273989737,1.0996251367032528,block1:zero_tool,gated_rule_c,mixed,1785184765.3720577,1785184765.3731573,1785184765.5989823,1785184768.1929073,,,
block1-001832,451.5181144233793,1116.381082450971,40,395.0,450.5466290283948,1115.4095970559865,0.9714853949844837,block1:s2,gated_rule_c,mixed,1785184765.3948152,1785184765.395787,1785184765.8463497,1785184766.5112126,,,
block1-001833,280.51144431810826,4707.924947259016,194,15.0,279.7846259782091,4707.198128919117,0.7268183398991823,block1:zero_tool,gated_rule_c,mixed,1785184765.402829,1785184765.4035563,1785184765.6833506,1785184770.110764,,,
block1-001834,71.31753757130355,3286.0689755761996,140,12.5,70.48372097779065,3285.2351589826867,0.8338165935128927,block1:zero_tool,gated_rule_c,mixed,1785184765.6651897,1785184765.666024,1785184765.7365184,1785184768.9512691,,,
block1-001835,92.09806309081614,1673.9524881122634,72,95.0,91.76435705740005,1673.6187820788473,0.3337060334160924,block1:s2,gated_rule_c,mixed,1785184765.7791789,1785184765.7795138,1785184765.871292,1785184767.453147,,,
block1-001836,314.44838060997427,860.8332755975425,35,545.0,313.46617895178497,859.8510739393532,0.9822016581892967,block1:s2,gated_rule_c,mixed,1785184766.220258,1785184766.2212417,1785184766.5347235,1785184767.0811074,,,
block1-001837,340.92853602487594,1072.8158400161192,44,20.0,339.7979480214417,1071.685252012685,1.1305880034342408,block1:s2,gated_rule_c,mixed,1785184766.4334753,1785184766.434607,1785184766.7745771,1785184767.5064652,,,
block1-001838,371.0111196851358,907.2416935814545,36,152.5,370.5851910635829,906.8157649599016,0.4259286215528846,block1:s2,gated_rule_c,mixed,1785184766.7629118,1785184766.7633386,1785184767.1339364,1785184767.670168,,,
block1-001839,289.9434107821435,826.4946318231523,34,395.0,289.72710098605603,826.2783220270649,0.21630979608744383,block1:s2,gated_rule_c,mixed,1785184766.8438704,1785184766.844087,1785184767.133823,1785184767.6703744,,,
block1-001840,83.13976414501667,3771.4496781118214,163,10.0,82.43817801121622,3770.748091978021,0.701586133800447,block1:zero_tool,gated_rule_c,mixed,1785184767.0511732,1785184767.0518758,1785184767.1343267,1785184770.822637,,,
block1-001841,278.63534179050475,841.971717774868,33,550.0,278.3255979884416,841.6619739728048,0.3097438020631671,block1:s3,gated_rule_c,mixed,1785184767.1322196,1785184767.1325307,1785184767.410872,1785184767.9742086,,,
block1-001842,167.13337530381978,3842.4851692980155,161,152.5,166.1601570667699,3841.5119510609657,0.9732182370498776,block1:zero_tool,gated_rule_c,mixed,1785184767.339732,1785184767.3407066,1785184767.5068793,1785184771.1822321,,,
block1-001843,460.5718767270446,1242.1342317247763,48,820.0,459.8618879681453,1241.424242965877,0.7099887588992715,block1:s3,gated_rule_c,mixed,1785184767.6148853,1785184767.615596,1785184768.0754707,1785184768.8570328,,,
block1-001844,75.16074948944151,3822.9182994691655,165,412.5,74.28553106728941,3822.0430810470134,0.875218422152102,block1:zero_tool,gated_rule_c,mixed,1785184767.7020843,1785184767.7029617,1785184767.7772624,1785184771.525021,,,
block1-001845,90.10103635955602,3818.3081573806703,165,287.5,88.545011007227,3816.7521320283413,1.5560253523290157,block1:zero_tool,gated_rule_c,mixed,1785184767.8850758,1785184767.8866327,1785184767.975191,1785184771.7033968,,,
block1-001846,602.7502567740157,1246.3590587722138,49,350.0,601.0426160646603,1244.6514180628583,1.7076407093554735,block1:s3,gated_rule_c,mixed,1785184768.0452275,1785184768.046936,1785184768.6479907,1785184769.2916002,,,
block1-001847,107.54319711122662,2992.0906170737,128,145.0,107.35463805031031,2991.9020580127835,0.1885590609163046,block1:zero_tool,gated_rule_c,mixed,1785184768.0646098,1785184768.0647984,1785184768.1721618,1785184771.0567088,,,
block1-001848,502.78847105801105,1217.3031989950687,48,95.0,502.12719407863915,1216.6419220156968,0.6612769793719053,block1:s4,gated_rule_c,mixed,1785184768.2318227,1785184768.2324846,1785184768.7346227,1785184769.449138,,,
block1-001849,119.42734406329691,2841.1503611132503,122,50.0,118.45590302255005,2840.1789200725034,0.9714410407468677,block1:zero_tool,gated_rule_c,mixed,1785184768.2917974,1785184768.2927701,1785184768.4112391,1785184771.1329618,,,
block1-001850,153.79164624027908,3027.9260472161695,130,412.5,152.99855801276863,3027.132958988659,0.7930882275104523,block1:zero_tool,gated_rule_c,mixed,1785184768.3433459,1785184768.3441405,1785184768.4971535,1785184771.3712902,,,
block1-001851,278.076272807084,3771.611330797896,159,282.5,276.28225402440876,3769.8173120152205,1.7940187826752663,block1:zero_tool,gated_rule_c,mixed,1785184768.3728983,1785184768.3746934,1785184768.6509857,1785184772.144521,,,
block1-001852,248.02083568647504,3989.2798566725105,171,60.0,246.33482401259243,3987.593844998628,1.6860116738826036,block1:zero_tool,gated_rule_c,mixed,1785184768.6638498,1785184768.665536,1785184768.9118805,1785184772.653139,,,
block1-001853,647.879772237502,1325.9079603012651,48,307.5,646.930584916845,1324.958772980608,0.9491873206570745,block1:s4,gated_rule_c,mixed,1785184768.6998038,1785184768.700754,1785184769.347696,1785184770.0257256,,,
block1-001854,548.7769420724362,4154.506301973015,168,550.0,548.5794290434569,4154.308788944036,0.19751302897930145,block1:zero_tool,gated_rule_c,mixed,1785184768.7988033,1785184768.7990022,1785184769.3475947,1785184772.953324,,,
block1-001855,633.4249789360911,1324.6141859563068,48,15.0,632.478607003577,1323.6678140237927,0.9463719325140119,block1:s4,gated_rule_c,mixed,1785184769.1890924,1785184769.19004,1785184769.8225353,1785184770.5137239,,,
block1-001856,995.7391318166628,1649.1022378904745,43,60.0,994.8226219275966,1648.1857280014083,0.9165098890662193,block1:s1,gated_rule_c,mixed,1785184769.354969,1785184769.3558857,1785184770.3507183,1785184771.0040812,,,
block1-001857,624.3599322624505,2137.4119563261047,69,70.0,624.1483599878848,2137.200384051539,0.21157227456569672,block1:s1,gated_rule_c,mixed,1785184769.546917,1785184769.5471296,1785184770.1712904,1785184771.6843429,,,
block1-001858,666.4247345179319,3944.8926214827225,141,95.0,666.0094399703667,3944.477326935157,0.4152945475652814,block1:zero_tool,gated_rule_c,mixed,1785184769.9001656,1785184769.9005818,1785184770.566607,1785184773.8450742,,,
block1-001859,1072.2725061932579,1654.7159251058474,37,140.0,1071.7307430459186,1654.1741619585082,0.5417631473392248,block1:s1,gated_rule_c,mixed,1785184769.9313416,1785184769.9318843,1785184771.0036259,1785184771.58607,,,
block1-001860,1172.3323720507324,1803.3941499888897,39,17.5,1172.0041050575674,1803.0658829957247,0.3282669931650162,block1:s1,gated_rule_c,mixed,1785184769.9385245,1785184769.9388528,1785184771.1108642,1785184771.7419262,,,
block1-001861,888.0487614078447,2274.9371723039076,65,75.0,887.4111440964043,2274.299554992467,0.6376173114404082,block1:s1,gated_rule_c,mixed,1785184770.096394,1785184770.0970325,1785184770.9844546,1785184772.3713424,,,
block1-001862,1062.5586658716202,1686.815615859814,43,572.5,1061.7767090443522,1686.033659032546,0.7819568272680044,block1:s1,gated_rule_c,mixed,1785184770.2872958,1785184770.2880783,1785184771.349864,1785184771.9741216,,,
block1-001863,704.6132949180901,2127.0442538661882,68,117.5,704.1226479923353,2126.5536069404334,0.49064692575484514,block1:s1,gated_rule_c,mixed,1785184770.4097395,1785184770.4102309,1785184771.1143634,1785184772.536795,,,
block1-001864,496.37172115035355,1003.1590211438015,34,12.5,495.4583460930735,1002.2456460865214,0.9133750572800636,block1:s2,gated_rule_c,mixed,1785184770.8745496,1785184770.8754632,1785184771.3709302,1785184771.8777175,,,
block1-001865,190.90090063400567,4366.245701559819,172,187.5,190.06554502993822,4365.410345955752,0.8353556040674448,block1:zero_tool,gated_rule_c,mixed,1785184771.0406988,1785184771.041537,1785184771.2316327,1785184775.406978,,,
block1-001866,335.11234063189477,945.3400186030194,43,115.0,334.4907390419394,944.718417013064,0.6216015899553895,block1:s2,gated_rule_c,mixed,1785184771.4255056,1785184771.4261281,1785184771.7606606,1785184772.3708878,,,
block1-001867,95.85904236882925,1777.3672883631662,69,100.0,94.78048398159444,1776.2887299759313,1.078558387234807,block1:s2,gated_rule_c,mixed,1785184772.0480373,1785184772.049117,1785184772.1439104,1785184773.8254182,,,
block1-001868,330.3519730689004,891.6649949969724,36,10.0,330.1942020189017,891.5072239469737,0.15777104999870062,block1:s2,gated_rule_c,mixed,1785184772.342957,1785184772.3431156,1785184772.6733212,1785184773.234634,,,
block1-001869,91.45497798454016,3695.348175941035,140,15.0,90.67820501513779,3694.571402971633,0.7767729694023728,block1:zero_tool,gated_rule_c,mixed,1785184772.526294,1785184772.5270715,1785184772.6177607,1785184776.221653,,,
block1-001870,373.7757730996236,1208.7374001275748,36,105.0,373.0292950058356,1207.9909220337868,0.7464780937880278,block1:s2,gated_rule_c,mixed,1785184772.932448,1785184772.9331956,1785184773.306383,1785184774.141344,,,
block1-001871,345.1399359619245,1302.329886937514,40,92.5,344.1785860341042,1301.3685370096937,0.9613499278202653,block1:s2,gated_rule_c,mixed,1785184772.9419336,1785184772.9428957,1785184773.2870886,1785184774.2442791,,,
block1-001872,590.084773954004,1481.5509889740497,48,320.0,589.5482560154051,1481.0144710354507,0.5365179385989904,block1:s3,gated_rule_c,mixed,1785184773.1199706,1785184773.1205077,1785184773.7100658,1785184774.601533,,,
block1-001873,704.0417306125164,1470.3881025779992,48,485.0,702.7834589825943,1469.1298309480771,1.258271629922092,block1:s3,gated_rule_c,mixed,1785184773.3031366,1785184773.3043983,1785184774.007234,1785184774.7735806,,,
block1-001874,95.50642245449126,4308.984785457142,163,107.5,94.42237694747746,4307.900739950128,1.0840455070137978,block1:zero_tool,gated_rule_c,mixed,1785184773.3656788,1785184773.366764,1785184773.4611993,1785184777.6746771,,,
block1-001875,700.2511175815016,1466.1790835671127,48,107.5,700.0306199770421,1465.9585859626532,0.22049760445952415,block1:s3,gated_rule_c,mixed,1785184773.4808939,1785184773.4811146,1785184774.181157,1785184774.9470851,,,
block1-001876,714.3082570983097,1513.6834071017802,48,110.0,713.4984669974074,1512.8736170008779,0.809790100902319,block1:s3,gated_rule_c,mixed,1785184773.4861379,1785184773.4869475,1785184774.2004523,1785184774.9998276,,,
block1-001877,133.84647120255977,3352.739888126962,128,287.5,132.89628201164305,3351.789698936045,0.950189190916717,block1:zero_tool,gated_rule_c,mixed,1785184773.6311295,1785184773.6320817,1785184773.7649982,1785184776.983891,,,
block1-001878,165.11478030588478,8979.31200126186,366,85.0,163.74619607813656,8977.943417034112,1.3685842277482152,block1:zero_tool,gated_rule_c,mixed,1785184773.6552737,1785184773.6566436,1785184773.8204858,1785184782.634683,,,
block1-001879,553.4868973772973,1364.7504963446409,48,52.5,553.0939960153773,1364.357594982721,0.3929013619199395,block1:s3,gated_rule_c,mixed,1785184773.7077289,1785184773.7081232,1785184774.2612293,1785184775.072493,,,
block1-001880,149.95915186591446,4880.17248082906,193,17.5,149.6685640886426,4879.881893051788,0.2905877772718668,block1:zero_tool,gated_rule_c,mixed,1785184773.8119633,1785184773.8122547,1785184773.9619386,1785184778.692151,,,
block1-001881,519.4273293018341,1408.6968513438478,49,107.5,518.3674410218373,1407.636963063851,1.0598882799968123,block1:s4,gated_rule_c,mixed,1785184773.8222106,1785184773.8232737,1785184774.3416708,1785184775.2309403,,,
block1-001882,482.6220292598009,1314.2047632718459,48,20.0,481.86396004166454,1313.4466940537095,0.7580692181363702,block1:s4,gated_rule_c,mixed,1785184773.8584852,1785184773.8592436,1785184774.3411162,1785184775.1726987,,,
block1-001883,436.4080886589363,1318.240747670643,48,307.5,434.5522129442543,1316.384871955961,1.8558757146820426,block1:s4,gated_rule_c,mixed,1785184773.9877572,1785184773.9896154,1785184774.4241874,1785184775.3060203,,,
block1-001884,523.9587648538873,1305.004955851473,48,135.0,523.0512550333515,1304.0974460309371,0.907509820535779,block1:s4,gated_rule_c,mixed,1785184774.3628314,1785184774.3637393,1785184774.8868015,1785184775.6678472,,,
block1-001885,783.499761368148,1475.2360953716561,48,280.0,782.7789669390768,1474.5153009425849,0.7207944290712476,block1:s4,gated_rule_c,mixed,1785184774.4518702,1785184774.4525914,1785184775.2353814,1785184775.927118,,,
block1-001886,88.35593017283827,3265.658507240005,128,17.5,86.66760590858757,3263.970182975754,1.6883242642506957,block1:zero_tool,gated_rule_c,mixed,1785184774.4708123,1785184774.4725013,1785184774.5591798,1785184777.7364821,,,
block1-001887,579.4973766896874,1312.7842027461156,48,280.0,578.7729090079665,1312.0597350643948,0.7244676817208529,block1:s4,gated_rule_c,mixed,1785184774.474021,1785184774.4747472,1785184775.0535326,1785184775.7868211,,,
block1-001888,749.0272198338062,1386.3392908824608,43,95.0,748.4624900389463,1385.774561087601,0.5647297948598862,block1:s1,gated_rule_c,mixed,1785184774.5798264,1785184774.5803943,1785184775.3289185,1785184775.9662309,,,
block1-001889,301.2654575286433,1975.0153945060447,69,100.0,301.06943391729146,1974.8193708946928,0.19602361135184765,block1:s1,gated_rule_c,mixed,1785184774.7526004,1785184774.7527974,1785184775.0538778,1785184776.7276282,,,
block1-001890,426.5152255538851,1145.9020075853914,43,320.0,424.77727902587503,1144.1640610573813,1.7379465280100703,block1:s1,gated_rule_c,mixed,1785184775.0355067,1785184775.037245,1785184775.4620328,1785184776.1814198,,,
block1-001891,117.2663908218965,1865.2063998160884,73,85.0,116.93280492909253,1864.8728139232844,0.333585892803967,block1:s1,gated_rule_c,mixed,1785184775.1183727,1785184775.1187067,1785184775.2357383,1785184776.9836786,,,
block1-001892,73.83057835977525,4250.044589396566,173,15.0,73.34845792502165,4249.562468961813,0.4821204347535968,block1:zero_tool,gated_rule_c,mixed,1785184775.2404482,1785184775.2409306,1785184775.3142881,1785184779.4905016,,,
block1-001893,290.6361680943519,919.1244770772755,34,70.0,290.23502802010626,918.7233370030299,0.4011400742456317,block1:s1,gated_rule_c,mixed,1785184775.2980113,1785184775.298414,1785184775.5886638,1785184776.217151,,,
block1-001894,110.90881924610585,4774.91275628563,195,20.0,109.29452395066619,4773.2984609901905,1.6142952954396605,block1:zero_tool,gated_rule_c,mixed,1785184775.3545089,1785184775.3561246,1785184775.4654348,1785184780.1294398,,,
block1-001895,151.8184239976108,4771.968889050186,193,20.0,151.12950303591788,4771.279968088493,0.6889209616929293,block1:zero_tool,gated_rule_c,mixed,1785184775.9276922,1785184775.9283814,1785184776.0795224,1785184780.6996732,,,
block1-001896,546.0683553246781,1259.671202278696,44,10.0,545.4698440153152,1259.072690969333,0.5985113093629479,block1:s2,gated_rule_c,mixed,1785184775.9511437,1785184775.951743,1785184776.4972227,1785184777.2108254,,,
block1-001897,408.470195136033,1121.8608641065657,42,15.0,407.3747710790485,1120.7654400495812,1.0954240569844842,block1:s2,gated_rule_c,mixed,1785184776.0885499,1785184776.0896454,1785184776.4970293,1785184777.2104197,,,
block1-001898,130.32852194737643,9144.9738079682,383,485.0,128.39525705203414,9143.040543072857,1.9332648953422904,block1:zero_tool,gated_rule_c,mixed,1785184776.2564178,1785184776.258351,1785184776.3867545,1785184785.4013994,,,
block1-001899,389.5150790922344,1112.4132950790226,43,350.0,389.25240002572536,1112.1506160125136,0.2626790665090084,block1:s2,gated_rule_c,mixed,1785184776.2740886,1785184776.2743516,1785184776.6636126,1785184777.3865101,,,
block1-001900,117.86924360785633,3525.217901566066,145,92.5,117.09823296405375,3524.4468909222633,0.7710106438025832,block1:zero_tool,gated_rule_c,mixed,1785184776.2790368,1785184776.2798078,1785184776.3969123,1785184779.8042624,,,
block1-001901,495.1548787066713,1306.0618806630373,49,15.0,494.86739200074226,1305.7743939571083,0.2874867059290409,block1:s2,gated_rule_c,mixed,1785184776.488074,1785184776.4883626,1785184776.9832418,1785184777.7941487,,,
block1-001902,527.7434792369604,1085.2880912134424,36,10.0,527.435551979579,1084.980163956061,0.3079272573813796,block1:s2,gated_rule_c,mixed,1785184776.539371,1785184776.5396798,1785184777.0671275,1785184777.6246722,,,
block1-001903,481.07370699290186,2791.5878409985453,98,75.0,480.5775199783966,2791.09165398404,0.49618701450526714,block1:zero_tool,gated_rule_c,mixed,1785184776.5858576,1785184776.5863545,1785184777.0669427,1785184779.3774564,,,
block1-001904,559.2329588253051,1232.8359627863392,32,92.5,558.808131958358,1232.411135919392,0.42482686694711447,block1:s3,gated_rule_c,mixed,1785184776.651011,1785184776.6514382,1785184777.2102692,1785184777.8838718,,,
block1-001905,484.5290480880067,3490.3699391288683,128,107.5,483.7046479806304,3489.545539021492,0.8244001073762774,block1:zero_tool,gated_rule_c,mixed,1785184776.8009489,1785184776.801774,1785184777.2854917,1785184780.2913322,,,
block1-001906,950.9482003049925,1635.8519573695958,48,17.5,949.8495389707386,1634.753296035342,1.0986613342538476,block1:s3,gated_rule_c,mixed,1785184776.9329982,1785184776.9340978,1785184777.8839586,1785184778.568863,,,
block1-001907,1058.1154960673302,1771.4151450200006,41,152.5,1056.7470509558916,1770.046699908562,1.368445111438632,block1:s3,gated_rule_c,mixed,1785184776.9839728,1785184776.985343,1785184778.0421114,1785184778.7554111,,,
block1-001908,734.9267938407138,4438.748233835213,163,282.5,734.0864510042593,4437.907890998758,0.8403428364545107,block1:zero_tool,gated_rule_c,mixed,1785184776.991596,1785184776.9924364,1785184777.7265294,1785184781.430351,,,
block1-001909,620.9388009738177,1410.9470839612186,48,132.5,620.4520909814164,1410.4603739688173,0.48670999240130186,block1:s3,gated_rule_c,mixed,1785184777.0035672,1785184777.0040543,1785184777.6245253,1785184778.4145334,,,
block1-001910,861.6929722484201,4561.824741191231,165,160.0,860.2064460283145,4560.338214971125,1.4865262201055884,block1:zero_tool,gated_rule_c,mixed,1785184777.0800369,1785184777.0815258,1785184777.9417572,1785184781.641889,,,
block1-001911,1338.506192783825,5108.908124733716,163,485.0,1337.9816880915314,5108.383620041423,0.5245046922937036,block1:zero_tool,gated_rule_c,mixed,1785184777.1297011,1785184777.1302266,1785184778.4682262,1785184782.2386277,,,
block1-001912,983.5620810044929,1725.9193590143695,48,15.0,982.669127988629,1725.0264059985057,0.8929530158638954,block1:s4,gated_rule_c,mixed,1785184777.1420686,1785184777.1429634,1785184778.1256452,1785184778.8680024,,,
block1-001913,1413.120511220768,4423.2675122329965,133,15.0,1412.8996840445325,4423.046685056761,0.2208271762356162,block1:zero_tool,gated_rule_c,mixed,1785184777.2187972,1785184777.2190182,1785184778.63193,1785184781.6420772,,,
block1-001914,628.6649152170867,1385.5067621916533,48,10.0,627.5456560542807,1384.3875030288473,1.1192591628059745,block1:s4,gated_rule_c,mixed,1785184777.5370393,1785184777.53816,1785184778.1657205,1785184778.922563,,,
block1-001915,1014.5209390902892,4954.023618018255,170,12.5,1014.149327063933,4953.6520059918985,0.37161202635616064,block1:zero_tool,gated_rule_c,mixed,1785184777.7406387,1785184777.7410107,1785184778.7551706,1785184782.6946723,,,
block1-001916,1132.5051232706755,1845.1413082657382,48,485.0,1131.2323200982064,1843.868505093269,1.272803172469139,block1:s4,gated_rule_c,mixed,1785184778.044193,1785184778.045472,1785184779.176764,1785184779.8894005,,,
block1-001917,653.9137120125815,5080.071356962435,193,20.0,652.8967319754884,5079.054376925342,1.0169800370931625,block1:zero_tool,gated_rule_c,mixed,1785184778.2687762,1785184778.2697937,1785184778.9227006,1785184783.348858,,,
block1-001918,1006.5628424054012,1738.323071389459,48,10.0,1006.063589011319,1737.8238179953769,0.4992533940821886,block1:s4,gated_rule_c,mixed,1785184778.2900093,1785184778.2905095,1785184779.296587,1785184780.0283473,,,
block1-001919,1423.649265547283,2173.9345535170287,48,187.5,1423.3675349969417,2173.6528229666874,0.2817305503413081,block1:s4,gated_rule_c,mixed,1785184778.3400075,1785184778.3402896,1785184779.7636664,1785184780.5139523,,,
block1-001920,777.3292979691178,3415.7344249542803,117,12.5,776.799184968695,3415.2043119538575,0.5301130004227161,block1:zero_tool,gated_rule_c,mixed,1785184778.7662327,1785184778.7667632,1785184779.5435731,1785184782.181979,,,
block1-001921,1040.531722130254,2336.035647196695,58,17.5,1039.444413036108,2334.9483381025493,1.087309094145894,block1:s1,gated_rule_c,mixed,1785184778.827703,1785184778.8287904,1785184779.8683786,1785184781.1638834,,,
block1-001922,906.9958004401997,4563.342358451337,158,115.0,905.66737705376,4562.013935064897,1.328423386439681,block1:zero_tool,gated_rule_c,mixed,1785184779.0420392,1785184779.0433683,1785184779.9491138,1785184783.605459,,,
block1-001923,1198.5674982424825,1725.4744252422825,36,152.5,1197.645933018066,1724.552860017866,0.921565224416554,block1:s1,gated_rule_c,mixed,1785184779.154538,1785184779.1554615,1785184780.3531263,1785184780.8800337,,,
block1-001924,816.7894434882328,4840.82727751229,173,485.0,816.2021830212325,4840.240017045289,0.5872604670003057,block1:zero_tool,gated_rule_c,mixed,1785184779.3738594,1785184779.3744473,1785184780.19066,1785184784.2146983,,,
block1-001925,520.1762603828683,3514.7984924260527,131,117.5,519.2046760348603,3513.8269080780447,0.9715843480080366,block1:zero_tool,gated_rule_c,mixed,1785184779.8328457,1785184779.8338182,1785184780.353037,1785184783.3476586,,,
block1-001926,540.2133851312101,1966.4884281810373,66,15.0,539.0619649551809,1965.337008005008,1.1514201760292053,block1:s1,gated_rule_c,mixed,1785184780.0348535,1785184780.0360062,1785184780.5750794,1785184782.001354,,,
block1-001927,561.9334238581359,2126.0030939010903,68,395.0,560.8865179819986,2124.956188024953,1.0469058761373162,block1:s1,gated_rule_c,mixed,1785184780.1970959,1785184780.1981432,1785184780.759039,1785184782.3231087,,,
block1-001928,478.02171541843563,4239.461119403131,161,12.5,476.8335099797696,4238.272913964465,1.1882054386660457,block1:zero_tool,gated_rule_c,mixed,1785184780.4646475,1785184780.4658387,1785184780.9427001,1785184784.7041395,,,
block1-001929,773.6823543673381,1464.9268944049254,42,135.0,773.2898909598589,1464.5344309974462,0.3924634074792266,block1:s2,gated_rule_c,mixed,1785184780.6568458,1785184780.6572387,1785184781.4305384,1785184782.121783,,,
block1-001930,1094.2319802707061,1833.7493012659252,43,17.5,1093.7357390066609,1833.25306000188,0.4962412640452385,block1:s2,gated_rule_c,mixed,1785184780.6855793,1785184780.6860766,1785184781.779824,1785184782.519341,,,
block1-001931,872.1274918643758,2641.822788864374,74,75.0,871.409440995194,2641.1047379951924,0.7180508691817522,block1:s2,gated_rule_c,mixed,1785184780.8436472,1785184780.8443658,1785184781.7157845,1785184783.4854796,,,
block1-001932,735.8649802627042,3549.760957248509,119,160.0,734.0876720845699,3547.9836490703747,1.7773081781342626,block1:zero_tool,gated_rule_c,mixed,1785184780.9796083,1785184780.9813867,1785184781.715486,1785184784.5293822,,,
block1-001933,1157.6125560095534,1832.7518490841612,44,412.5,1156.7208180204034,1831.8601110950112,0.8917379891499877,block1:s2,gated_rule_c,mixed,1785184781.2803211,1785184781.2812135,1785184782.4379644,1785184783.1131046,,,
block1-001934,771.394660230726,2237.3696812428534,64,15.0,770.6173629267141,2236.5923839388415,0.7772973040118814,block1:s2,gated_rule_c,mixed,1785184781.4669719,1785184781.4677494,1785184782.2383747,1785184783.7043502,,,
block1-001935,663.9386223396286,1202.906617312692,31,15.0,663.1790649844334,1202.1470599574968,0.7595573551952839,block1:s2,gated_rule_c,mixed,1785184781.7540855,1785184781.7548454,1785184782.418036,1785184782.9570048,,,
block1-001936,879.3316978262737,1651.7075569136068,48,350.0,878.4326779423282,1650.8085370296612,0.8990198839455843,block1:s3,gated_rule_c,mixed,1785184781.7554955,1785184781.756395,1785184782.634861,1785184783.4072373,,,
block1-001937,530.0635971361771,3552.416118211113,129,17.5,529.5478979824111,3551.900419057347,0.515699153766036,block1:zero_tool,gated_rule_c,mixed,1785184781.8486838,1785184781.8492,1785184782.3787563,1785184785.4011085,,,
block1-001938,676.5749730402604,4877.289318013936,185,22.5,675.4583710571751,4876.172716030851,1.1166019830852747,block1:zero_tool,gated_rule_c,mixed,1785184781.8976958,1785184781.8988132,1785184782.5742803,1785184786.7749946,,,
block1-001939,484.9257805617526,10852.079680538736,453,145.0,483.9590369956568,10851.11293697264,0.966743566095829,block1:zero_tool,gated_rule_c,mixed,1785184782.2092595,1785184782.2102265,1785184782.694194,1785184793.0613487,,,
block1-001940,86.02710347622633,3766.424721456133,161,287.5,85.82426304928958,3766.221881029196,0.20284042693674564,block1:zero_tool,gated_rule_c,mixed,1785184782.790048,1785184782.7902513,1785184782.876086,1785184786.5564835,,,
block1-001941,171.3233677437529,3383.4643377922475,139,60.0,170.86314200423658,3383.004112052731,0.46022573951631784,block1:zero_tool,gated_rule_c,mixed,1785184782.8404524,1785184782.8409147,1785184783.0117893,1785184786.2239294,,,
block1-001942,620.2671705977991,1208.891386515461,43,60.0,619.9628959875554,1208.5871119052172,0.3042746102437377,block1:s3,gated_rule_c,mixed,1785184782.9850144,1785184782.985319,1785184783.605292,1785184784.1939156,,,
block1-001943,404.44351953919977,3422.9756605345756,134,350.0,403.65788096096367,3422.1900219563395,0.7856385782361031,block1:zero_tool,gated_rule_c,mixed,1785184783.0530972,1785184783.0538843,1785184783.4575534,1785184786.4760854,,,
block1-001944,471.6754389228299,1219.2347588716075,48,25.0,470.9540050243959,1218.5133249731734,0.7214338984340429,block1:s4,gated_rule_c,mixed,1785184783.3306088,1785184783.3313313,1785184783.8023043,1785184784.549863,,,
block1-001945,500.20300096366554,1223.9026830065995,48,135.0,499.1761399433017,1222.8758219862357,1.0268610203638673,block1:s4,gated_rule_c,mixed,1785184783.6744921,1785184783.6755207,1785184784.1747124,1785184784.8984115,,,
block1-001946,506.6763765644282,1188.4269685251638,48,357.5,505.6088720448315,1187.3594640055671,1.067504519596696,block1:s4,gated_rule_c,mixed,1785184783.7878845,1785184783.788954,1785184784.2945838,1785184784.976334,,,
block1-001947,456.6889451816678,1203.5629791207612,48,25.0,456.33013907354325,1203.2041730126366,0.35880610812455416,block1:s4,gated_rule_c,mixed,1785184783.9747753,1785184783.975136,1785184784.4315162,1785184785.17839,,,
block1-001948,426.7981246812269,1237.7940396545455,49,10.0,424.93619793094695,1235.9321129042655,1.861926750279963,block1:s4,gated_rule_c,mixed,1785184784.1833627,1785184784.185228,1785184784.6101935,1785184785.4211898,,,
block1-001949,440.43716322630644,1206.1351143056527,48,95.0,439.3968479707837,1205.09479905013,1.040315255522728,block1:s4,gated_rule_c,mixed,1785184784.5549202,1785184784.555961,1785184784.9953697,1785184785.7610672,,,
block1-001950,81.90778421703726,2869.003718253225,128,47.5,80.94352995976806,2868.039463995956,0.9642542572692037,block1:zero_tool,gated_rule_c,mixed,1785184784.8162909,1785184784.8172562,1785184784.8982139,1785184787.6853092,,,
block1-001951,501.739211846143,1192.7075948333368,48,15.0,500.9178470354527,1191.8862300226465,0.8213648106902838,block1:s4,gated_rule_c,mixed,1785184785.0111775,1785184785.0119996,1785184785.5129292,1785184786.203898,,,
block1-001952,392.1807511942461,1062.2709832387045,43,20.0,391.71689306385815,1061.8071251083165,0.46385813038796186,block1:s1,gated_rule_c,mixed,1785184785.0667503,1785184785.067215,1785184785.458945,1785184786.1290352,,,
block1-001953,124.24795294646174,3098.232167889364,138,15.0,123.76227404456586,3097.746488987468,0.4856789018958807,block1:zero_tool,gated_rule_c,mixed,1785184785.2541559,1785184785.2546425,1785184785.3784142,1785184788.3523982,,,
block1-001954,317.0969726052135,852.756833541207,36,10.0,316.40539900399745,852.0652599399909,0.6915736012160778,block1:s1,gated_rule_c,mixed,1785184785.2934797,1785184785.2941735,1785184785.6105967,1785184786.1462562,,,
block1-001955,70.01425512135029,3083.2311691483483,140,17.5,69.65457694604993,3082.871490973048,0.3596781753003597,block1:zero_tool,gated_rule_c,mixed,1785184785.4428666,1785184785.4432266,1785184785.5128915,1785184788.5261087,,,
block1-001956,291.64224211126566,825.6168161751702,36,85.0,291.11469292547554,825.0892669893801,0.5275491857901216,block1:s1,gated_rule_c,mixed,1785184785.6661859,1785184785.6667147,1785184785.9578445,1785184786.491819,,,
block1-001957,135.1806498132646,6168.2066838257015,267,140.0,132.93946196790785,6165.965495980345,2.2411878453567624,block1:zero_tool,gated_rule_c,mixed,1785184785.9872475,1785184785.989489,1785184786.122439,1785184792.1554651,,,
block1-001958,262.25388201419264,888.5299500543624,39,297.5,260.72043599560857,886.9965040357783,1.5334460185840726,block1:s1,gated_rule_c,mixed,1785184786.034772,1785184786.036306,1785184786.2970352,1785184786.9233115,,,
block1-001959,78.39017896912992,3121.101098950021,145,15.0,78.19510204717517,3120.906022028066,0.19507692195475101,block1:zero_tool,gated_rule_c,mixed,1785184786.2188733,1785184786.2190688,1785184786.2972715,1785184789.3399827,,,
block1-001960,252.61258345562965,875.5867464933544,37,320.0,252.03640200197697,875.0105650397018,0.5761814536526799,block1:s2,gated_rule_c,mixed,1785184786.4625795,1785184786.463156,1785184786.7152026,1785184787.3381765,,,
block1-001961,282.22063556313515,930.8057936141267,40,572.5,281.44460602197796,930.0297640729696,0.776029541157186,block1:s2,gated_rule_c,mixed,1785184786.601747,1785184786.602523,1785184786.8839772,1785184787.5325618,,,
block1-001962,318.5589546337724,848.3725907281041,36,820.0,318.3514339616522,848.165070055984,0.2075206721201539,block1:s2,gated_rule_c,mixed,1785184786.7415354,1785184786.741743,1785184787.060107,1785184787.5899198,,,
block1-001963,95.29478405602276,1661.820518085733,74,282.5,94.49416701681912,1661.0199010465294,0.8006170392036438,block1:s2,gated_rule_c,mixed,1785184787.0544722,1785184787.055274,1785184787.1497798,1785184788.7163053,,,
block1-001964,313.41953889932483,796.3738337857649,36,95.0,312.4642090406269,795.4185039270669,0.9553298586979508,block1:s2,gated_rule_c,mixed,1785184787.1801152,1785184787.1810722,1785184787.493554,1785184787.976508,,,
block1-001965,446.32010359782726,1023.4841876663268,44,395.0,445.4527919879183,1022.6168760564178,0.8673116099089384,block1:s2,gated_rule_c,mixed,1785184787.82757,1785184787.8284378,1785184788.273924,1785184788.8510885,,,
block1-001966,374.3593068793416,834.7246347693726,36,132.5,373.9512790925801,834.3166069826111,0.4080277867615223,block1:s2,gated_rule_c,mixed,1785184787.9965057,1785184787.9969141,1785184788.370873,1785184788.831239,,,
block1-001967,249.8497007181868,822.2970517817885,37,10.0,249.6985390316695,822.1458900952712,0.15116168651729822,block1:s2,gated_rule_c,mixed,1785184788.0818365,1785184788.0819886,1785184788.3316984,1785184788.904146,,,
block1-001968,427.5491115404293,1067.0965685276315,48,12.5,427.12126194965094,1066.668718936853,0.42784959077835083,block1:s3,gated_rule_c,mixed,1785184788.0986886,1785184788.099117,1785184788.5262463,1785184789.1657944,,,
block1-001969,411.48939763661474,1194.2851677304134,48,85.0,410.9660158865154,1193.761785980314,0.5233817500993609,block1:s3,gated_rule_c,mixed,1785184788.9287891,1785184788.9293132,1785184789.340291,1785184790.1230876,,,
block1-001970,373.21290327236056,1097.5087922997773,41,287.5,372.48752103187144,1096.7834100592881,0.7253822404891253,block1:s3,gated_rule_c,mixed,1785184789.3010616,1785184789.3017879,1785184789.6742866,1785184790.398582,,,
block1-001971,389.15100635495037,1316.3232723018155,41,20.0,388.88848503120244,1316.0607509780675,0.2625213237479329,block1:s3,gated_rule_c,mixed,1785184789.7912202,1785184789.7914832,1785184790.1803799,1785184791.1075525,,,
block1-001972,443.95829911809415,1321.4830961078405,41,135.0,442.93725106399506,1320.4620480537415,1.021048054099083,block1:s3,gated_rule_c,mixed,1785184789.8390486,1785184789.8400702,1785184790.2830157,1785184791.16054,,,
block1-001973,511.2911097239703,1384.4536397373304,46,50.0,510.13388799037784,1383.296418003738,1.1572217335924506,block1:s3,gated_rule_c,mixed,1785184789.9300795,1785184789.9312372,1785184790.4413772,1785184791.3145397,,,
block1-001974,618.5364763950929,1477.6846943423152,49,160.0,617.5654049729928,1476.7136229202151,0.9710714221000671,block1:s3,gated_rule_c,mixed,1785184789.9338305,1785184789.9348016,1785184790.5523741,1785184791.4115229,,,
block1-001975,490.98972836509347,1431.0167173389345,49,350.0,489.4164960132912,1429.4434849871323,1.5732323518022895,block1:s3,gated_rule_c,mixed,1785184790.1582975,1785184790.1598709,1785184790.6493075,1785184791.589335,,,
block1-001976,86.5511808078736,5252.0466088317335,194,60.0,85.72677406482399,5251.222202088684,0.8244067430496216,block1:zero_tool,gated_rule_c,mixed,1785184790.2536564,1785184790.2544825,1785184790.340227,1785184795.5057228,,,
block1-001977,72.68280431162566,4254.274907289073,156,135.0,71.68791105505079,4253.280014032498,0.9948932565748692,block1:zero_tool,gated_rule_c,mixed,1785184790.267815,1785184790.268811,1785184790.3405101,1785184794.5221024,,,
block1-001978,622.76270322036,1360.7700382126495,48,60.0,622.072171070613,1360.0795060629025,0.690532149747014,block1:s4,gated_rule_c,mixed,1785184790.4041312,1785184790.404822,1785184791.0269034,1785184791.7649114,,,
block1-001979,136.07140630483627,3874.5714682154357,139,545.0,134.51274204999208,3873.0128039605916,1.5586642548441887,block1:zero_tool,gated_rule_c,mixed,1785184790.6274145,1785184790.628974,1785184790.7634966,1785184794.501996,,,
block1-001980,618.2698750635609,1340.3959010029212,48,10.0,617.5781249767169,1339.7041509160772,0.6917500868439674,block1:s4,gated_rule_c,mixed,1785184790.6352916,1785184790.6359837,1785184791.2535706,1785184791.9756963,,,
block1-001981,600.0976280774921,1322.034775163047,48,47.5,599.4105449644849,1321.3476920500398,0.6870831130072474,block1:s4,gated_rule_c,mixed,1785184790.6737998,1785184790.674487,1785184791.2739036,1785184791.9958408,,,
block1-001982,584.5830133184791,1306.805118219927,48,10.0,583.55369605124,1305.7758009526879,1.0293172672390938,block1:s4,gated_rule_c,mixed,1785184790.6894493,1785184790.6904788,1785184791.274039,1785184791.9962614,,,
block1-001983,584.4907474238425,1306.9075914099813,48,107.5,583.1133789615706,1305.5302229477093,1.3773684622719884,block1:s4,gated_rule_c,mixed,1785184790.6894581,1785184790.6908357,1785184791.2739544,1785184791.9963713,,,
block1-001984,427.118172403425,1092.3481134232134,43,17.5,426.23234901111573,1091.4622900309041,0.8858233923092484,block1:s1,gated_rule_c,mixed,1785184790.826626,1785184790.8275125,1785184791.253755,1785184791.9189858,,,
block1-001985,328.08770961128175,1765.2295865118504,65,115.0,327.0243080332875,1764.1661849338561,1.0634015779942274,block1:s1,gated_rule_c,mixed,1785184790.8832443,1785184790.8843095,1785184791.211349,1785184792.6484919,,,
block1-001986,391.69344562105834,1057.0992156863213,40,92.5,391.120197949931,1056.525968015194,0.5732476711273193,block1:s1,gated_rule_c,mixed,1785184791.0201845,1785184791.0207586,1785184791.4118893,1785184792.0772953,,,
block1-001987,583.7548314593732,1258.857516455464,46,307.5,583.0054610269144,1258.1081460230052,0.749370432458818,block1:s1,gated_rule_c,mixed,1785184791.1210105,1785184791.1217606,1785184791.7048059,1785184792.3799086,,,
block1-001988,336.5535060875118,4945.5635831691325,166,170.0,334.83096794225276,4943.841045023873,1.7225381452590227,block1:zero_tool,gated_rule_c,mixed,1785184791.1309628,1785184791.132686,1785184791.4675238,1785184796.076534,,,
block1-001989,260.80300647299737,3884.088352555409,135,107.5,259.1953269438818,3882.4806730262935,1.6076795291155577,block1:zero_tool,gated_rule_c,mixed,1785184791.3834734,1785184791.3850813,1785184791.6442866,1785184795.2675722,,,
block1-001990,214.3152531934902,5141.062280163169,176,412.5,213.4248170768842,5140.171844046563,0.8904361166059971,block1:zero_tool,gated_rule_c,mixed,1785184791.6036994,1785184791.6045904,1785184791.8180275,1785184796.7447746,,,
block1-001991,261.6057140985504,2299.8199531575665,68,15.0,260.4453880339861,2298.659627093002,1.1603260645642877,block1:s1,gated_rule_c,mixed,1785184791.7139864,1785184791.7151475,1785184791.9756064,1785184794.0138211,,,
block1-001992,247.81308567617089,877.4952087551355,37,155.0,245.80248002894223,875.4846031079069,2.010605647228658,block1:s2,gated_rule_c,mixed,1785184791.9879143,1785184791.9899251,1785184792.2357364,1785184792.865419,,,
block1-001993,83.75142409931868,12187.75202112738,480,357.5,82.43099902756512,12186.431596055627,1.3204250717535615,block1:zero_tool,gated_rule_c,mixed,1785184792.225443,1785184792.226764,1785184792.309205,1785184804.4132054,,,
block1-001994,136.89282909035683,2042.5170331727713,64,15.0,136.34323689620942,2041.967440978624,0.549592194147408,block1:s2,gated_rule_c,mixed,1785184792.297424,1785184792.2979746,1785184792.4343307,1785184794.3399546,,,
block1-001995,73.75183829572052,4139.458101242781,136,820.0,73.20153899490833,4138.9078019419685,0.5502993008121848,block1:zero_tool,gated_rule_c,mixed,1785184792.3645384,1785184792.36509,1785184792.4383035,1785184796.5040097,,,
block1-001996,287.8589228494093,900.8299638517201,35,17.5,286.94804396945983,899.9190849717706,0.9108788799494505,block1:s2,gated_rule_c,mixed,1785184792.497272,1785184792.4981837,1785184792.7851424,1785184793.3981137,,,
block1-001997,281.3428770750761,1503.1740011181682,41,172.5,280.2162169246003,1502.0473409676924,1.1266601504758,block1:s2,gated_rule_c,mixed,1785184792.8976326,1785184792.8987596,1785184793.178986,1785184794.4008176,,,
block1-001998,149.37641203869134,2191.156335058622,67,177.5,148.53740308899432,2190.317326108925,0.8390089496970177,block1:s2,gated_rule_c,mixed,1785184793.1755521,1785184793.1763916,1785184793.3249574,1785184795.3667367,,,
block1-001999,763.8220759108663,1279.2231338098645,31,47.5,762.7376849995926,1278.1387428985909,1.0843909112736583,block1:s2,gated_rule_c,mixed,1785184793.1821144,1785184793.1831992,1785184793.9459453,1785184794.4613469,,,
7eba32c5ed309a549e16cb8f1794ba3a,149.82411416713148,6227.326603140682,225,10.0,148.9441910525784,6226.446680026129,0.8799231145530939,block1:trace,gated_rule_c,mixed,1785184793.1920004,1785184793.192881,1785184793.3418345,1785184799.4193373,,,
5adf433bc2e4195bd7ef382c6c889b95,931.4605396939442,1339.3966696457937,28,60.0,930.8833100367337,1338.8194399885833,0.5772296572104096,block1:trace,gated_rule_c,mixed,1785184793.2022715,1785184793.2028494,1785184794.1337621,1785184794.5416977,,,
758ea06009c678a342085d29a206c7ce,306.74411880318075,883.0833608517423,28,10.0,305.5592420278117,881.8984840763733,1.1848767753690481,block1:trace,gated_rule_c,mixed,1785184793.639153,1785184793.6403394,1785184793.945914,1785184794.522253,,,
92b8951b88159b4f1b1e4116b3f8e80c,295.14229495543987,717.7674919366837,26,50.0,294.4459579885006,717.0711549697444,0.6963369669392705,block1:trace,gated_rule_c,mixed,1785184793.9205244,1785184793.9212232,1785184794.2156844,1785184794.63831,,,
46416569378bfce2f330ee1b996f15f6,201.40134601388127,1869.8504149215296,56,545.0,200.02326101530343,1868.4723299229518,1.3780849985778332,block1:trace,gated_rule_c,mixed,1785184794.498608,1785184794.4999864,1785184794.7000184,1785184796.3684678,,,
c000d3ac5878c891e5776a9ee748b819,130.41337754111737,5285.557173541747,206,10.0,129.31410095188767,5284.457896952517,1.099276589229703,block1:trace,gated_rule_c,mixed,1785184794.559857,1785184794.5609577,1785184794.6902883,1785184799.8454318,,,
836c44364150391728a9bb76d84b11f9,323.13962653279305,954.1015705326572,28,92.5,322.7989210281521,953.7608650280163,0.34070550464093685,block1:trace,gated_rule_c,mixed,1785184794.6900673,1785184794.6904082,1785184795.0132203,1785184795.6441817,,,
61ab27469179a8d20d10b4ab2963209b,139.71780345309526,5729.386207414791,217,17.5,138.46661103889346,5728.135015000589,1.251192414201796,block1:trace,gated_rule_c,mixed,1785184794.779941,1785184794.7811968,1785184794.9196982,1785184800.5093663,,,
913f72b4333690403d9a30abd93949d1,191.30592211149633,1841.7160391109064,56,105.0,190.69817196577787,1841.108288965188,0.6077501457184553,block1:trace,gated_rule_c,mixed,1785184794.8854506,1785184794.8860593,1785184795.076769,1785184796.7271802,,,
d8f93f06b93fdff3fff5e575a870b601,74.87224461510777,9764.310322585516,399,15.0,72.83212302718312,9762.270200997591,2.0401215879246593,block1:trace,gated_rule_c,mixed,1785184795.1289468,1785184795.130988,1785184795.2038298,1785184804.8932679,,,
1bd17147da3b449a267511e3a004382d,254.00826090481132,1389.135678880848,38,117.5,253.62838001456112,1388.7557979905978,0.379880890250206,block1:trace,gated_rule_c,mixed,1785184795.3373983,1785184795.337779,1785184795.5914183,1785184796.7265458,,,
13bb600e64d52b8b04f167d8df85507c,626.413497258909,1136.4627062575892,26,572.5,626.0029319673777,1136.0521409660578,0.410565291531384,block1:trace,gated_rule_c,mixed,1785184795.4049253,1785184795.4053361,1785184796.0313473,1785184796.5413964,,,
38ce90a921739308e8dcb305e874b076,307.44890205096453,2206.3727690838277,80,550.0,306.9383519468829,2205.862218979746,0.5105501040816307,block1:trace,gated_rule_c,mixed,1785184795.6050649,1785184795.6055756,1785184795.9125242,1785184797.8114486,,,
2e43416311c97a10ecafb221a80e4947,367.1106892870739,8643.833801383153,358,307.5,366.5737259434536,8643.296838039532,0.5369633436203003,block1:trace,gated_rule_c,mixed,1785184796.0016801,1785184796.0022178,1785184796.3688002,1785184804.6455238,,,
59457a3b339fbd612c7a15e28fddc630,226.91577463410795,2051.569670671597,80,320.0,226.06528096366674,2050.719177001156,0.8504936704412103,block1:trace,gated_rule_c,mixed,1785184796.0199258,1785184796.0207767,1785184796.2468483,1785184798.071502,,,
fdbb1fab71ec2f219480410082aaa700,225.35698756109923,1793.5696655185893,71,485.0,224.67643104027957,1792.8891089977697,0.680556520819664,block1:trace,gated_rule_c,mixed,1785184796.2783267,1785184796.2790086,1785184796.5036979,1785184798.0719097,,,
a84addf55839616eda694c16b68310a0,179.3925139354542,1575.2295888960361,62,95.0,177.88922996260226,1573.7263049231842,1.503283972851932,block1:trace,gated_rule_c,mixed,1785184796.3319921,1785184796.333496,1785184796.5113962,1785184797.9072332,,,
eb9453e7437651807ba8f12d7460448f,233.78427256830037,1196.0861625848338,44,135.0,232.63840097934008,1194.9402909958735,1.14587158896029,block1:trace,gated_rule_c,mixed,1785184796.7313023,1785184796.7324483,1785184796.9650972,1785184797.9273984,,,
4d602a5b8bd629a2c0cdcef59e069d2a,216.53086366131902,1495.8783485926688,58,350.0,215.05820599850267,1494.4056909298524,1.4726576628163457,block1:trace,gated_rule_c,mixed,1785184796.7536147,1785184796.7550874,1785184796.9701536,1785184798.2495012,,,
f7c225c0c39616faa35f312e2351832a,192.66894401516765,1928.0947719234973,80,297.5,192.18404009006917,1927.6098679983988,0.4849039250984788,block1:trace,gated_rule_c,mixed,1785184797.0338085,1785184797.0342946,1785184797.2264903,1785184798.961916,,,
0cca76cc3ca0d6e890c548195f267bcc,188.72892018407583,8458.110310253687,351,177.5,188.27203090768307,8457.653420977294,0.4568892763927579,block1:trace,gated_rule_c,mixed,1785184797.0483816,1785184797.0488403,1785184797.237131,1785184805.5065136,,,
399e9384a77d048276bcab8ed40d2a06,103.90910971909761,4344.962978619151,179,20.0,103.63457805942744,4344.688446959481,0.2745316596701741,block1:trace,gated_rule_c,mixed,1785184797.132783,1785184797.1330612,1785184797.236723,1785184801.4777763,,,
a1fc6050cd23d5b5a2aa0b1903664f7b,309.21364785172045,1945.4540548613295,81,105.0,308.8604580843821,1945.1008650939912,0.3531897673383355,block1:trace,gated_rule_c,mixed,1785184797.1862178,1785184797.1865723,1785184797.4954457,1785184799.1316857,,,
167904016dc8a8c52b5e5270d0c8c00e,208.11707503162324,2265.669520944357,90,17.5,206.6219000844285,2264.174345997162,1.495174947194755,block1:trace,gated_rule_c,mixed,1785184797.6559155,1785184797.6574116,1785184797.864046,1785184799.9215982,,,
4c2b04c011712e2cf8c052bce94537ec,180.6822852231562,1180.7814271887764,44,145.0,180.0949419848621,1180.1940839504823,0.5873432382941246,block1:trace,gated_rule_c,mixed,1785184798.0521045,1785184798.052693,1785184798.2328017,1785184799.2329006,,,
9610b9cdee775a760c04f530fce99362,164.41573749762028,1994.8674694169313,80,280.0,163.50058000534773,1993.9523119246587,0.9151574922725558,block1:trace,gated_rule_c,mixed,1785184798.1689851,1785184798.1699011,1785184798.3334138,1785184800.163865,,,
6cd994a1e2e3d5a2a017314cd0caf180,106.76223039627075,5594.681017333642,236,15.0,106.11197899561375,5594.030765932985,0.6502514006569982,block1:trace,gated_rule_c,mixed,1785184798.2273974,1785184798.2280478,1785184798.3341663,1785184803.8220856,,,
187b278d55de04dc8ca4117618cfbd56,193.74289305415004,1587.3590050032362,62,107.5,193.479931098409,1587.0960430474952,0.26296195574104786,block1:trace,gated_rule_c,mixed,1785184798.3339844,1785184798.3342474,1785184798.527738,1785184799.9213536,,,
edcec609ff7bf1e65630e415e82ff7fb,130.3183517884463,3867.5903347320855,159,15.0,129.95749595575035,3867.2294788993895,0.360855832695961,block1:trace,gated_rule_c,mixed,1785184798.3878317,1785184798.3881927,1785184798.5181575,1785184802.2554293,,,
28221743887b39264b796a9e076d48aa,638.7140384176746,1361.8712483439595,39,47.5,637.1779970359057,1360.3352069621906,1.5360413817688823,block1:trace,gated_rule_c,mixed,1785184798.559138,1785184798.560675,1785184799.197867,1785184799.9210243,,,
d88d4d2d221233bd5d36172b59bb4d48,1399.3201059056446,6986.244878964499,239,170.0,1399.0524320397526,6985.977205098607,0.26767386589199305,block1:trace,gated_rule_c,mixed,1785184798.6385906,1785184798.6388588,1785184800.0379233,1785184805.624848,,,
548464e367bcbb5191857c38592a6c15,1053.0185322277248,18613.951633218676,815,20.0,1052.0424749702215,18612.975575961173,0.9760572575032711,block1:trace,gated_rule_c,mixed,1785184798.9212174,1785184798.9221942,1785184799.9742727,1785184817.535206,,,
67328d8f9ba24c0eb27d51b97f7452b9,342.02881215605885,786.0284781781957,27,107.5,341.72009595204145,785.7197619741783,0.30871620401740074,block1:trace,gated_rule_c,mixed,1785184798.9938543,1785184798.9941633,1785184799.3358927,1785184799.7798924,,,
d0f26dc69ab8bfc523b09278a72dcbac,266.6728209005669,5533.8788978988305,224,282.5,265.6981379259378,5532.904214924201,0.9746829746291041,block1:trace,gated_rule_c,mixed,1785184799.0321226,1785184799.0330977,1785184799.298806,1785184804.5660129,,,
3d305e802ea24247695f7f1c683f4abc,835.8725162688643,17113.70455136057,748,15.0,834.8367759026587,17112.668810994364,1.035740366205573,block1:trace,gated_rule_c,mixed,1785184799.138927,1785184799.139963,1785184799.9748087,1785184816.2526407,,,
bfcd3e5a0bdf2e1076ff4a3c6058b785,390.6392820645124,12055.972223985009,515,75.0,390.37058397661895,12055.703525897115,0.2686980878934264,block1:trace,gated_rule_c,mixed,1785184799.240009,1785184799.2402778,1785184799.6306574,1785184811.2959907,,,
bbd0676a7661be624e24c0c0d2ae8afc,696.5462991502136,11937.256736098789,490,22.5,695.65001106821,11936.360448016785,0.8962880820035934,block1:trace,gated_rule_c,mixed,1785184799.2781599,1785184799.2790577,1785184799.9747229,1785184811.2154334,,,
e59c3398cf21d42898de7a6489e6462c,211.90099779050797,1662.6431248150766,56,117.5,210.95394797157496,1661.6960749961436,0.9470498189330101,block1:trace,gated_rule_c,mixed,1785184799.633885,1785184799.6348321,1785184799.8457954,1785184801.296538,,,
2edb508ced48c09379f12135683148a4,756.1608568066731,1204.6773777110502,28,152.5,755.8129800017923,1204.3295009061694,0.34787680488079786,block1:trace,gated_rule_c,mixed,1785184799.850641,1785184799.8509893,1785184800.6068141,1785184801.055331,,,
53825a835bbe66a5bc0f73f69a041c66,1144.1919865319505,5334.716847515665,181,357.5,1143.4444269398227,5333.969287923537,0.7475595921278,block1:trace,gated_rule_c,mixed,1785184799.9844947,1785184799.9852426,1785184801.1286983,1785184805.3192227,,,
d112becaac3b29d41a6e31fdc66cbd57,275.8737887488678,581.0677147237584,16,115.0,275.57363302912563,580.7675590040162,0.3001557197421789,block1:trace,gated_rule_c,mixed,1785184800.295952,1785184800.2962527,1785184800.5718358,1785184800.8770297,,,
6e8aa3f75688fcceeb652abf550a3788,1026.4260474359617,3275.4430124768987,105,12.5,1025.3892389591783,3274.4062040001154,1.0368084767833352,block1:trace,gated_rule_c,mixed,1785184800.3261738,1785184800.3272116,1785184801.352634,1785184803.6016512,,,
cabfb78966d427734223bf4115904520,443.4731096262112,3398.090358590707,134,282.5,443.0864410242066,3397.7036899887025,0.38666860200464725,block1:trace,gated_rule_c,mixed,1785184800.4919016,1785184800.4922895,1785184800.9353883,1785184803.8900058,,,
7ba7f36dc0ca614925a9ecc1351a39cf,1004.8855042550713,7266.47618424613,271,15.0,1003.7336639361456,7265.324343927205,1.1518403189256787,block1:trace,gated_rule_c,mixed,1785184800.531107,1785184800.53226,1785184801.536006,1785184807.7975965,,,
0f5f50b42d96f1fbe1ab84f38ef0df45,3250.570522621274,4652.0519176265225,54,85.0,3249.678674968891,4651.160069974139,0.8918476523831487,block1:trace,gated_rule_c,mixed,1785184801.091827,1785184801.092719,1785184804.3424187,1785184805.7439,,,
0830ab29a701c1fb09238ade2070111d,4707.726638880558,16732.266281847842,597,820.0,4705.942651024088,16730.482293991372,1.7839878564700484,block1:trace,gated_rule_c,mixed,1785184801.2669342,1785184801.268719,1785184805.9746718,1785184817.9992123,,,
4c3b78878d4758af14524c65505ce024,4407.629064517096,7593.938978505321,142,20.0,4406.850187922828,7593.160101911053,0.7788765942677855,block1:trace,gated_rule_c,mixed,1785184801.459272,1785184801.4600515,1785184805.866914,1785184809.0532236,,,
4a788fdebd738d606e4e26720ef0f792,3047.9720002040267,4496.155328233726,58,140.0,3047.2763519501314,4495.459679979831,0.6956482538953424,block1:trace,gated_rule_c,mixed,1785184801.4783497,1785184801.4790456,1785184804.5263515,1785184805.9745347,,,
9993958a01bab41edd38186aaf5b69d1,3150.9001503000036,3660.1636472623795,28,172.5,3148.90519506298,3658.168692025356,1.9949552370235324,block1:trace,gated_rule_c,mixed,1785184801.5484107,1785184801.550406,1785184804.699321,1785184805.2085843,,,
1f71126c5eac70999ec0c49c7d8f7a11,3213.912308914587,4798.828152939677,64,60.0,3212.115181959234,4797.0310259843245,1.7971269553527236,block1:trace,gated_rule_c,mixed,1785184801.7399454,1785184801.741743,1785184804.9538674,1785184806.5387838,,,
ca34e497adb7104ea4a17f38f8e725f7,4289.01605529245,6775.779036339372,113,17.5,4288.898119935766,6775.661100982688,0.1179353566840291,block1:trace,gated_rule_c,mixed,1785184801.7465906,1785184801.746709,1785184806.0356145,1785184808.5223796,,,
d5d88091912481a5370e8f515884581d,2923.044855822809,3406.6105488454923,26,100.0,2922.6481249788776,3406.213818001561,0.39673084393143654,block1:trace,gated_rule_c,mixed,1785184801.8643436,1785184801.864741,1785184804.7874022,1785184805.2709675,,,
fa46980d6c53fb042ffdc5dcda1f86fd,4497.707378817722,9060.389661812223,211,17.5,4497.289277962409,9059.97156095691,0.4181008553132415,block1:trace,gated_rule_c,mixed,1785184801.9335942,1785184801.9340138,1785184806.431318,1785184810.9940004,,,
d438a0f8ccd3f6aca6231d37cff76ede,2710.8982974896207,3864.8933165241033,52,95.0,2709.825322031975,3863.8203410664573,1.0729754576459527,block1:trace,gated_rule_c,mixed,1785184801.9343247,1785184801.9354,1785184804.6452394,1785184805.7992334,,,
5c337c4aa06bb71ecad6c1c1048d4584,4593.017401522957,17178.277902537957,626,10.0,4592.513919924386,17177.774420939386,0.5034815985709429,block1:trace,gated_rule_c,mixed,1785184801.9984958,1785184801.9990005,1785184806.5915267,1785184819.1767871,,,
c95c0451560500f3100c2e9974fcb221,224.90730427671224,1543.339673196897,62,52.5,223.0195450829342,1541.4519140031189,1.887759193778038,block1:trace,gated_rule_c,mixed,1785184802.0973728,1785184802.0992615,1785184802.3222914,1785184803.6407232,,,
00f0daca0a1cd93921335b9a0cbff421,3594.7907242225483,6074.451279244386,120,217.5,3594.130981946364,6073.791536968201,0.6597422761842608,block1:trace,gated_rule_c,mixed,1785184802.272258,1785184802.272921,1785184805.867079,1785184808.3467398,,,
d3056c212cb319b617cbdc60a60898e3,4339.153367211111,13412.052925210446,444,15.0,4337.713308050297,13410.612866049632,1.4400591608136892,block1:trace,gated_rule_c,mixed,1785184802.472997,1785184802.4744377,1785184806.8121607,1785184815.8850608,,,
4a1e22c4b6812b0590a448708ddabc59,1152.8666428057477,2419.954806799069,54,287.5,1152.4253379320726,2419.513501925394,0.44130487367510796,block1:trace,gated_rule_c,mixed,1785184802.560811,1785184802.5612528,1785184803.7136872,1785184804.980775,,,
77d1a8c34095b709ff61e623749bb9ac,1126.7995313974097,1594.1708583850414,22,110.0,1126.6475060256198,1594.0188330132514,0.15202537178993225,block1:trace,gated_rule_c,mixed,1785184802.763095,1785184802.7632477,1785184803.8899071,1785184804.3572772,,,
71c138f995102b398fda90ff13638aba,4005.936327157542,6239.680623053573,99,15.0,4004.33036708273,6238.074662978761,1.6059600748121738,block1:trace,gated_rule_c,mixed,1785184802.8637156,1785184802.8653235,1785184806.869668,1785184809.1034117,,,
780905b19621b7c64531696d5a2b20ba,894.3162336945534,1298.1657156487927,27,70.0,893.9476449741051,1297.7971269283444,0.36858872044831514,block1:trace,gated_rule_c,mixed,1785184802.9851024,1785184802.9854727,1785184803.8794348,1785184804.2832844,,,
f74afc3e00a6eb78b5475bc41d63f2da,2511.3235033350065,5710.006471257657,142,322.5,2510.651556076482,5709.334523999132,0.6719472585245967,block1:trace,gated_rule_c,mixed,1785184803.0538616,1785184803.054535,1785184805.5652008,1785184808.7638836,,,
a6ac39901dce0f5fbf9ba60876e3edb5,500.1250385539606,1029.0390856098384,22,187.5,499.92841796483845,1028.8424650207162,0.19662058912217617,block1:trace,gated_rule_c,mixed,1785184803.442334,1785184803.442531,1785184803.9424698,1785184804.471384,,,
f30c9585b8b3abd64fce572ec7cd21c6,4113.730567274615,30947.190881241113,1449,15.0,4112.747310078703,30946.2076240452,0.9832571959123015,block1:trace,gated_rule_c,mixed,1785184803.5200136,1785184803.5209975,1785184807.633756,1785184834.4672165,,,
27d0eddcf7b46d1e0685d30f356a4a13,1093.5318798292428,3196.543732774444,87,115.0,1092.6136060152203,3195.6254589604214,0.918273814022541,block1:trace,gated_rule_c,mixed,1785184803.615187,1785184803.6161053,1785184804.7087288,1785184806.81174,,,
31e92ac2ec9459262da7859903d4c53c,4216.776396613568,6846.891523571685,122,10.0,4216.265838011168,6846.380964969285,0.5105586024001241,block1:trace,gated_rule_c,mixed,1785184803.6382573,1785184803.638768,1785184807.8550403,1785184810.4851553,,,
1d5043aefb85496bbfe75c40500ed75e,1252.4544070474803,2550.578042981215,54,132.5,1251.6411310061812,2549.7647669399157,0.8132760412991047,block1:trace,gated_rule_c,mixed,1785184803.8264704,1785184803.8272836,1785184805.0789337,1785184806.3770573,,,
2a90888288ecc36c7a7e932ceddaad63,4468.666062457487,16075.019711512141,597,395.0,4467.949555022642,16074.303204077296,0.7165074348449707,block1:trace,gated_rule_c,mixed,1785184804.1110492,1785184804.111766,1785184808.5797248,1785184820.1860788,,,
5558b3142fffd0dc0d4b17751ebddcab,4318.39835154824,12644.181283540092,418,25.0,4317.440825980157,12643.22375797201,0.9575255680829287,block1:trace,gated_rule_c,mixed,1785184804.261189,1785184804.2621472,1785184808.5795982,1785184816.9053814,,,
3ac99427681a55795db7c2bac4e70ea5,486.6891464916989,1858.4749504225329,60,412.5,486.04128404986113,1857.827087980695,0.6478624418377876,block1:trace,gated_rule_c,mixed,1785184804.898142,1785184804.8987901,1785184805.3848405,1785184806.7566266,,,
fe0030d8f43ef28681407903b625070b,3874.0414602216333,7183.284096186981,161,12.5,3872.9947350220755,7182.237370987423,1.0467251995578408,block1:trace,gated_rule_c,mixed,1785184804.9489543,1785184804.9500017,1785184808.8230052,1785184812.1322482,,,
6e9a5ec465e4b1d2a6883ce717855bbc,274.51837505213916,2583.070736960508,100,155.0,274.0990450838581,2582.651406992227,0.41932996828109026,block1:trace,gated_rule_c,mixed,1785184804.996581,1785184804.9970007,1785184805.2711098,1785184807.579663,,,
38fb67b12f449385ad372aee944624fe,4028.3418600447476,6315.30965003185,113,12.5,4028.205116977915,6315.172906965017,0.1367430668324232,block1:trace,gated_rule_c,mixed,1785184805.08021,1785184805.0803466,1785184809.1085596,1785184811.3955278,,,
b47cf155edc621a66364c8e594e0c94c,217.24121388979256,4319.223556900397,182,160.0,216.94447204936296,4318.926815059967,0.29674184042960405,block1:trace,gated_rule_c,mixed,1785184805.1597035,1785184805.1600008,1785184805.3769538,1785184809.4789367,,,
