request_id,ttft_ms,ttlt_ms,output_tokens,baseline_service_ms,send_ttft_ms,send_ttlt_ms,dispatch_lag_ms,category,policy,profile,scheduled_at_unix_s,dispatched_at_unix_s,first_token_at_unix_s,completed_at_unix_s,error,http_status,decision_fail_open
block1-000000,618.3973494917154,1298.5271614743397,43,20.0,617.6854900550097,1297.815302037634,0.7118594367057085,block1:s1,policy_fcfs,mixed,1785176608.0512905,1785176608.0520046,1785176608.6697128,1785176609.3498418,,,
block1-000001,242.01703409198672,4095.586209092289,174,25.0,240.37642206531018,4093.9455970656127,1.6406120266765356,block1:zero_tool,policy_fcfs,mixed,1785176608.051631,1785176608.0532718,1785176608.2936525,1785176612.147222,,,
block1-000002,477.65612229704857,1157.5732172932476,42,572.5,476.74012009520084,1156.6572150913998,0.9160022018477321,block1:s1,policy_fcfs,mixed,1785176608.192074,1785176608.1929917,1785176608.669753,1785176609.3496714,,,
block1-000003,123.22544772177935,9490.248239715584,401,25.0,122.64010799117386,9489.662899984978,0.585339730605483,block1:zero_tool,policy_fcfs,mixed,1785176608.3988802,1785176608.3994663,1785176608.5221188,1785176617.889142,,,
block1-000004,124.66312840115279,3258.029139484279,147,177.5,124.47828194126487,3257.844293024391,0.1848464598879218,block1:zero_tool,policy_fcfs,mixed,1785176608.4406552,1785176608.4408414,1785176608.5653362,1785176611.698702,,,
block1-000005,124.82412077952176,1558.3607497392222,67,15.0,124.05276496428996,1557.5893939239904,0.7713558152318001,block1:s1,policy_fcfs,mixed,1785176608.4447026,1785176608.4454744,1785176608.569535,1785176610.0030723,,,
block1-000006,72.58144987281412,4533.774216892198,204,85.0,72.01229594647884,4533.205062965862,0.5691539263352752,block1:zero_tool,policy_fcfs,mixed,1785176608.5972102,1785176608.5977807,1785176608.6698062,1785176613.1309998,,,
block1-000007,67.93413800187409,4798.067362979054,218,287.5,67.44035799056292,4797.573582967743,0.49378001131117344,block1:zero_tool,policy_fcfs,mixed,1785176608.601967,1785176608.602461,1785176608.6699111,1785176613.4000454,,,
block1-000008,131.84386829379946,3839.8653372423723,170,412.5,130.82690199371427,3838.848370942287,1.016966300085187,block1:zero_tool,policy_fcfs,mixed,1785176608.997695,1785176608.998713,1785176609.1295521,1785176612.837573,,,
block1-000009,422.5491009419784,1091.474907938391,44,145.0,421.70098796486855,1090.6267949612811,0.8481129771098495,block1:s2,policy_fcfs,mixed,1785176609.0408707,1785176609.0417192,1785176609.4634292,1785176610.1323545,,,
block1-000010,113.22268540970981,3692.554111359641,164,117.5,112.22319409716874,3691.5546200471,0.9994913125410676,block1:zero_tool,policy_fcfs,mixed,1785176609.0655956,1785176609.0665965,1785176609.178832,1785176612.7581635,,,
block1-000011,325.01332298852503,994.4183949846774,43,287.5,324.43668600171804,993.8417579978704,0.5766369868069887,block1:s2,policy_fcfs,mixed,1785176609.2345216,1785176609.2350993,1785176609.5595472,1785176610.2289522,,,
block1-000012,72.16106727719307,3502.7091472875327,156,15.0,71.24496204778552,3501.793042058125,0.9161052294075489,block1:zero_tool,policy_fcfs,mixed,1785176609.7240803,1785176609.7249966,1785176609.7962523,1785176613.2268002,,,
block1-000013,415.16563354525715,1073.8927945494652,44,20.0,412.9761179210618,1071.7032789252698,2.1895156241953373,block1:s2,policy_fcfs,mixed,1785176609.872226,1785176609.8744164,1785176610.287404,1785176610.9461317,,,
block1-000014,92.67694503068924,1501.8098710570484,67,12.5,91.68793295975775,1500.820858986117,0.9890120709314942,block1:s2,policy_fcfs,mixed,1785176610.0198658,1785176610.0208547,1785176610.112551,1785176611.521684,,,
block1-000015,269.3483446491882,786.4073415985331,34,545.0,268.8350189710036,785.8940159203485,0.5133256781846285,block1:s2,policy_fcfs,mixed,1785176610.3648794,1785176610.3653934,1785176610.6342394,1785176611.1512983,,,
block1-000016,456.27787010744214,1108.8631870225072,48,155.0,455.49779606517404,1108.083112980239,0.7800740422680974,block1:s3,policy_fcfs,mixed,1785176610.610858,1785176610.611639,1785176611.067147,1785176611.7197323,,,
block1-000017,63.35641583427787,3910.881316754967,161,287.5,62.78804107569158,3910.3129419963807,0.5683747585862875,block1:zero_tool,policy_fcfs,mixed,1785176610.8625848,1785176610.8631544,1785176610.925953,1785176614.7734776,,,
block1-000018,75.20537299569696,2933.1582370214164,128,12.5,75.01745701301843,2932.970321038738,0.1879159826785326,block1:zero_tool,policy_fcfs,mixed,1785176610.9955912,1785176610.9957798,1785176611.0708075,1785176613.9287612,,,
block1-000019,423.57845639344305,1167.5486103631556,48,100.0,422.92720708064735,1166.89736105036,0.6512493127956986,block1:s3,policy_fcfs,mixed,1785176611.2749875,1785176611.2756398,1785176611.6985781,1785176612.442549,,,
block1-000020,62.91544670239091,3689.704084652476,147,572.5,62.519083032384515,3689.3077209824696,0.3963636700063944,block1:zero_tool,policy_fcfs,mixed,1785176611.4387913,1785176611.4391882,1785176611.501716,1785176615.1285043,,,
block1-000021,372.36586725339293,1080.0960552878678,43,10.0,371.4139430085197,1079.1441310429946,0.9519242448732257,block1:s3,policy_fcfs,mixed,1785176611.738285,1785176611.7392378,1785176612.1106603,1785176612.8183901,,,
block1-000022,562.4789795838296,1199.8365866020322,49,412.5,561.9910439709201,1199.3486509891227,0.48793561290949583,block1:s3,policy_fcfs,mixed,1785176612.0500474,1785176612.0505364,1785176612.6125386,1785176613.2498963,,,
block1-000023,359.9252760177478,1049.6223609661683,43,15.0,357.9998459899798,1047.6969309384003,1.9254300277680159,block1:s3,policy_fcfs,mixed,1785176612.1190796,1785176612.1210058,1785176612.479018,1785176613.168715,,,
block1-000024,58.968233526684344,4325.700496439822,173,10.0,58.44010005239397,4325.172362965532,0.5281334742903709,block1:zero_tool,policy_fcfs,mixed,1785176612.2402709,1785176612.2407997,1785176612.2992501,1785176616.5659828,,,
block1-000025,432.9847355838865,1090.049741556868,48,152.5,432.4051890289411,1089.4701950019225,0.5795465549454093,block1:s4,policy_fcfs,mixed,1785176612.3857155,1785176612.3862963,1785176612.8187141,1785176613.475779,,,
block1-000026,78.49328254815191,4828.617033548653,195,132.5,77.87370099686086,4827.997451997362,0.6195815512910485,block1:zero_tool,policy_fcfs,mixed,1785176612.620164,1785176612.620784,1785176612.698669,1785176617.4487922,,,
block1-000027,424.4908468099311,1263.9292198000476,48,320.0,423.6855899216607,1263.1239629117772,0.8052568882703781,block1:s4,policy_fcfs,mixed,1785176612.8589761,1785176612.859782,1785176613.2834785,1785176614.1229167,,,
block1-000028,681.4287685556337,1587.7852746052667,48,17.5,680.4486799519509,1586.805186001584,0.980088603682816,block1:s4,policy_fcfs,mixed,1785176613.5833397,1785176613.5843208,1785176614.2647827,1785176615.1711385,,,
block1-000029,714.3632940715179,1655.9327041031793,48,322.5,713.4197959676385,1654.9892059992999,0.9434981038793921,block1:s4,policy_fcfs,mixed,1785176613.6304083,1785176613.6313524,1785176614.3447819,1785176615.2863522,,,
block1-000030,676.4072150690481,1636.646453058347,48,95.0,675.3185880370438,1635.5578260263428,1.0886270320042968,block1:s4,policy_fcfs,mixed,1785176613.6895394,1785176613.6906295,1785176614.3659594,1785176615.3261979,,,
block1-000031,680.717121809721,1565.466026775539,48,132.5,680.0032750470564,1564.7521800128743,0.7138467626646161,block1:s4,policy_fcfs,mixed,1785176613.8062434,1785176613.8069584,1785176614.4869716,1785176615.3717208,,,
block1-000032,555.5357980774716,1404.6736520249397,43,280.0,554.64964103885,1403.787494986318,0.8861570386216044,block1:s1,policy_fcfs,mixed,1785176613.9461038,1785176613.9469912,1785176614.5016522,1785176615.3507903,,,
block1-000033,149.41424771677703,2020.9089256823063,71,10.0,148.77930702641606,2020.2739849919453,0.6349406903609633,block1:s1,policy_fcfs,mixed,1785176613.998354,1785176613.9989905,1785176614.1477857,1785176616.0192814,,,
block1-000034,119.82443847227842,5179.470553412102,204,15.0,119.0993010532111,5178.745415993035,0.7251374190673232,block1:zero_tool,policy_fcfs,mixed,1785176614.0278697,1785176614.028596,1785176614.1477063,1785176619.2073529,,,
block1-000035,197.2201851895079,2043.7607942149043,75,10.0,196.19762897491455,2042.738238000311,1.0225562145933509,block1:s1,policy_fcfs,mixed,1785176614.1159043,1785176614.1169286,1785176614.313142,1785176616.1596825,,,
block1-000036,521.9579801196232,1190.0292141363025,36,105.0,521.1100209271535,1189.1812549438328,0.8479591924697161,block1:s1,policy_fcfs,mixed,1785176614.161124,1785176614.1619723,1785176614.6830914,1785176615.351163,,,
block1-000037,407.9039304051548,1093.0502873379737,34,170.0,407.40690007805824,1092.5532570108771,0.49703032709658146,block1:s1,policy_fcfs,mixed,1785176614.2335374,1785176614.234039,1785176614.6414666,1785176615.3266125,,,
block1-000038,520.011366228573,1284.3792712083086,43,12.5,519.6664540562779,1284.0343590360135,0.34491217229515314,block1:s1,policy_fcfs,mixed,1785176614.3456614,1785176614.3460066,1785176614.8656836,1785176615.6300511,,,
block1-000039,157.3707472998649,1754.3231003219262,68,145.0,156.86726197600365,1753.819614998065,0.5034853238612413,block1:s1,policy_fcfs,mixed,1785176614.4841094,1785176614.4846146,1785176614.641519,1785176616.2384725,,,
block1-000040,74.32802626863122,9335.131270228885,386,10.0,73.7904489506036,9334.593692910857,0.5375773180276155,block1:zero_tool,policy_fcfs,mixed,1785176614.656116,1785176614.656654,1785176614.730454,1785176623.9912567,,,
block1-000041,417.3800494754687,1024.2262894753367,36,17.5,417.1924899565056,1024.0387299563736,0.18755951896309853,block1:s2,policy_fcfs,mixed,1785176614.7344005,1785176614.7345881,1785176615.1517894,1785176615.7586362,,,
block1-000042,102.71480306982994,1581.2722380505875,64,145.0,102.51837398391217,1581.0758089646697,0.19642908591777086,block1:s2,policy_fcfs,mixed,1785176614.9853678,1785176614.985565,1785176615.0880933,1785176616.5666502,,,
block1-000043,414.3203906714916,1098.8397237379104,45,17.5,413.33764500450343,1097.8569780709222,0.982745666988194,block1:s2,policy_fcfs,mixed,1785176615.1397762,1785176615.140759,1785176615.554106,1785176616.2386253,,,
block1-000044,350.6355615099892,873.9678715355694,35,412.5,349.52769498340786,872.8600050089881,1.107866526581347,block1:s2,policy_fcfs,mixed,1785176615.1454713,1785176615.1465795,1785176615.496113,1785176616.0194457,,,
block1-000045,98.45404129009694,3461.9801902445033,143,572.5,98.28834200743586,3461.8144909618422,0.16569928266108036,block1:zero_tool,policy_fcfs,mixed,1785176615.2314649,1785176615.231631,1785176615.3299284,1785176618.6934552,,,
block1-000046,68.5197819257155,9579.148040851578,398,107.5,66.4903570432216,9577.118615969084,2.029424882493913,block1:zero_tool,policy_fcfs,mixed,1785176615.4274561,1785176615.429486,1785176615.495987,1785176625.0066154,,,
block1-000047,288.50917681120336,807.7780539169908,34,10.0,287.40678797475994,806.6756650805473,1.1023888364434242,block1:s2,policy_fcfs,mixed,1785176615.4854047,1785176615.4865084,1785176615.773927,1785176616.2931962,,,
block1-000048,64.33379999361932,3372.733687981963,142,10.0,63.771951012313366,3372.171839000657,0.5618489813059568,block1:zero_tool,policy_fcfs,mixed,1785176615.62965,1785176615.630212,1785176615.693992,1785176619.0023923,,,
block1-000049,70.98549383226782,3093.4925997862592,128,17.5,70.64181903842837,3093.14892499242,0.34367479383945465,block1:zero_tool,policy_fcfs,mixed,1785176615.7462726,1785176615.7466164,1785176615.8172674,1785176618.8397741,,,
block1-000050,488.6304137762636,1199.206115794368,48,160.0,488.0106870550662,1198.5863890731707,0.6197267211973667,block1:s3,policy_fcfs,mixed,1785176616.1521053,1785176616.1527262,1785176616.6407485,1785176617.3513246,,,
block1-000051,317.0575258554891,987.0600717840716,39,17.5,315.0313630467281,985.0339089753106,2.0261628087610006,block1:s3,policy_fcfs,mixed,1785176616.3235033,1785176616.3255296,1785176616.6405709,1785176617.3105733,,,
block1-000052,430.2214903291315,1181.3205293146893,48,170.0,430.0830600550398,1181.1820990405977,0.13843027409166098,block1:s3,policy_fcfs,mixed,1785176616.470511,1785176616.4706507,1785176616.9007456,1785176617.651845,,,
block1-000053,60.09182927664369,3267.9793352726847,139,160.0,59.35544101521373,3267.2429470112547,0.7363882614299655,block1:zero_tool,policy_fcfs,mixed,1785176616.640041,1785176616.6407778,1785176616.7001457,1785176619.9080334,,,
block1-000054,534.9396490491927,1186.323277070187,43,282.5,534.1390010435134,1185.5226290645078,0.8006480056792498,block1:s3,policy_fcfs,mixed,1785176616.8536787,1785176616.8544803,1785176617.3886309,1785176618.0400155,,,
block1-000055,427.122054155916,1305.9834341984242,48,282.5,426.858099992387,1305.7194800348952,0.2639541635289788,block1:s3,policy_fcfs,mixed,1785176617.0010953,1785176617.0013602,1785176617.4282274,1785176618.307089,,,
block1-000056,94.52695120126009,3791.6222921339795,154,115.0,93.90678303316236,3791.0021239658818,0.6201681680977345,block1:zero_tool,policy_fcfs,mixed,1785176617.0560987,1785176617.05672,1785176617.1506388,1785176620.8477337,,,
block1-000057,66.85215781908482,4427.99720983021,185,15.0,66.00248091854155,4427.147532929666,0.8496769005432725,block1:zero_tool,policy_fcfs,mixed,1785176617.4295847,1785176617.4304345,1785176617.4964464,1785176621.857592,,,
block1-000058,559.9449431756511,1338.349389261566,48,105.0,559.3841379741207,1337.7885840600356,0.5608052015304565,block1:s4,policy_fcfs,mixed,1785176617.4805465,1785176617.4811084,1785176618.040507,1785176618.8189118,,,
block1-000059,575.9362612152472,1317.418108228594,49,25.0,575.3763599786907,1316.8582069920376,0.5599012365564704,block1:s4,policy_fcfs,mixed,1785176617.685239,1785176617.6857991,1785176618.2611837,1785176619.0026655,,,
block1-000060,572.2187208011746,1291.7162808589637,48,412.5,571.691464050673,1291.189024108462,0.5272567505016923,block1:s4,policy_fcfs,mixed,1785176617.7110617,1785176617.7115893,1785176618.283286,1785176619.0027833,,,
block1-000061,528.2958307070658,1292.3062797635794,49,282.5,527.8216289589182,1291.8320780154318,0.47420174814760685,block1:s4,policy_fcfs,mixed,1785176617.8390043,1785176617.83948,1785176618.367319,1785176619.1313298,,,
block1-000062,489.67188550159335,1244.8734655044973,48,15.0,489.2357849748805,1244.4373649777845,0.43610052671283484,block1:s4,policy_fcfs,mixed,1785176617.9431098,1785176617.9435465,1785176618.4327924,1785176619.1879938,,,
block1-000063,504.32002649176866,1207.3094395454973,48,282.5,504.1559370001778,1207.1453500539064,0.1640894915908575,block1:s4,policy_fcfs,mixed,1785176618.0594869,1785176618.0596514,1785176618.563818,1785176619.2668068,,,
block1-000064,108.13753900583833,2842.8848499897867,117,10.0,107.83883498515934,2842.5861459691077,0.29870402067899704,block1:zero_tool,policy_fcfs,mixed,1785176618.0665178,1785176618.0668168,1785176618.1746652,1785176620.9094121,,,
block1-000065,114.67698193155229,4046.2865179870278,173,282.5,114.54705300275236,4046.156589058228,0.12992892879992723,block1:zero_tool,policy_fcfs,mixed,1785176618.0872176,1785176618.0873485,1785176618.2019064,1785176622.1335156,,,
block1-000066,402.8482008725405,1044.3068008171394,43,12.5,402.23280794452876,1043.6914078891277,0.6153929280117154,block1:s1,policy_fcfs,mixed,1785176618.395499,1785176618.3961143,1785176618.798358,1785176619.439816,,,
block1-000067,73.22897773701698,3806.3604157650843,162,140.0,71.3879109825939,3804.5193490106612,1.8410667544230819,block1:zero_tool,policy_fcfs,mixed,1785176618.5763066,1785176618.578148,1785176618.6495483,1785176622.3826792,,,
block1-000068,349.7179374098778,910.7937593944371,39,10.0,347.7954299887642,908.8712519733235,1.9225074211135507,block1:s1,policy_fcfs,mixed,1785176619.0521786,1785176619.054102,1785176619.401911,1785176619.9629862,,,
block1-000069,101.74139367882162,1538.1944776745513,60,15.0,101.10872704535723,1537.561811041087,0.632666633464396,block1:s1,policy_fcfs,mixed,1785176619.4974406,1785176619.4980733,1785176619.5991976,1785176621.03565,,,
block1-000070,102.08499664440751,14458.48924969323,615,12.5,101.24561493285,14457.649867981672,0.8393817115575075,block1:zero_tool,policy_fcfs,mixed,1785176619.5085783,1785176619.5094178,1785176619.61067,1785176633.9670746,,,
block1-000071,97.15315082576126,1729.129969724454,69,177.5,96.2831910001114,1728.2600098988041,0.8699598256498575,block1:s1,policy_fcfs,mixed,1785176619.513404,1785176619.5142741,1785176619.6105633,1785176621.2425404,,,
block1-000072,425.6957395700738,1172.8854445973411,41,105.0,424.88870897796005,1172.0784140052274,0.8070305921137333,block1:s2,policy_fcfs,mixed,1785176620.0300443,1785176620.030852,1785176620.4557512,1785176621.2029412,,,
block1-000073,431.04052438866347,1111.0508083365858,40,20.0,430.1676300819963,1110.1779140299186,0.8728943066671491,block1:s2,policy_fcfs,mixed,1785176620.2310288,1785176620.2319033,1785176620.6620924,1785176621.3421028,,,
block1-000074,104.14354596287012,4572.653398034163,183,545.0,103.57771394774318,4572.087566019036,0.5658320151269436,block1:zero_tool,policy_fcfs,mixed,1785176620.3515155,1785176620.3520825,1785176620.455671,1785176624.9241805,,,
block1-000075,126.83590967208147,3566.0376206506044,143,357.5,126.4637530548498,3565.6654640333727,0.37215661723166704,block1:zero_tool,policy_fcfs,mixed,1785176620.373122,1785176620.3734949,1785176620.4999654,1785176623.9391673,,,
block1-000076,143.03229027427733,3785.512555274181,150,282.5,141.96039002854377,3784.4406550284475,1.0719002457335591,block1:zero_tool,policy_fcfs,mixed,1785176620.3996706,1785176620.4007432,1785176620.542712,1785176624.185192,,,
block1-000077,413.9541416661814,1029.1923336917534,41,115.0,412.9900090629235,1028.2282010884956,0.9641326032578945,block1:s2,policy_fcfs,mixed,1785176620.413711,1785176620.4146764,1785176620.8276808,1785176621.4429193,,,
block1-000078,82.56283530499786,1561.4246673649177,67,50.0,82.37872994504869,1561.2405620049685,0.18410535994917154,block1:s2,policy_fcfs,mixed,1785176620.4778864,1785176620.4780707,1785176620.5604606,1785176622.0393226,,,
block1-000079,343.6291010584682,836.3015650538728,34,160.0,342.4419000511989,835.1143640466034,1.1872010072693229,block1:s2,policy_fcfs,mixed,1785176620.5861712,1785176620.5873606,1785176620.9298224,1785176621.4224963,,,
block1-000080,108.13191346824169,3506.124975392595,142,115.0,107.8589140670374,3505.8519759913906,0.272999401204288,block1:zero_tool,policy_fcfs,mixed,1785176620.7011611,1785176620.7014346,1785176620.8093064,1785176624.2072985,,,
block1-000081,287.3340582009405,774.7072101337835,33,60.0,286.5349060157314,773.9080579485744,0.7991521852090955,block1:s3,policy_fcfs,mixed,1785176620.7053845,1785176620.706184,1785176620.9927256,1785176621.4800987,,,
block1-000082,103.56617684010416,3743.0087808752432,145,10.0,103.034119005315,3742.476723040454,0.5320578347891569,block1:zero_tool,policy_fcfs,mixed,1785176621.6937592,1785176621.6942923,1785176621.7973394,1785176625.4367812,,,
block1-000083,268.3116572443396,1136.3180263433605,41,115.0,267.43430190254,1135.440671001561,0.8773553417995572,block1:s3,policy_fcfs,mixed,1785176621.7071195,1785176621.707997,1785176621.9754395,1785176622.8434453,,,
block1-000084,534.9008304765448,1358.8661265093833,48,17.5,534.1894900193438,1358.1547860521823,0.711340457201004,block1:s3,policy_fcfs,mixed,1785176621.9407291,1785176621.9414415,1785176622.475642,1785176623.2996073,,,
block1-000085,556.1594318132848,1291.617784765549,46,145.0,555.236115003936,1290.6944679562002,0.923316809348762,block1:s3,policy_fcfs,mixed,1785176622.0888014,1785176622.0897248,1785176622.6449707,1785176623.3804286,,,
block1-000086,552.6539323618636,1288.280274369754,46,155.0,551.7984170001,1287.4247590079904,0.8555153617635369,block1:s3,policy_fcfs,mixed,1785176622.0926406,1785176622.0934963,1785176622.645301,1785176623.3809273,,,
block1-000087,401.9718231866136,1153.373678214848,43,22.5,401.6687029507011,1153.0705579789355,0.3031202359125018,block1:s3,policy_fcfs,mixed,1785176622.2888203,1785176622.289124,1785176622.690804,1785176623.442206,,,
block1-000088,493.3272304479033,1330.3411764791235,48,110.0,492.2826369293034,1329.2965829605237,1.0445935185998678,block1:s4,policy_fcfs,mixed,1785176622.4969952,1785176622.498041,1785176622.9903371,1785176623.8273504,,,
block1-000089,459.2150718672201,1302.8141868999228,48,20.0,458.7196869542822,1302.318801986985,0.49538491293787956,block1:s4,policy_fcfs,mixed,1785176622.5533717,1785176622.5538678,1785176623.0125985,1785176623.8561978,,,
block1-000090,71.84220291674137,3664.0136019559577,151,170.0,70.93633501790464,3663.107734057121,0.9058678988367319,block1:zero_tool,policy_fcfs,mixed,1785176622.6635818,1785176622.664488,1785176622.7354352,1785176626.3276072,,,
block1-000091,80.58885647915304,4186.3389674108475,172,50.0,80.30326897278428,4186.053379904479,0.2855875063687563,block1:zero_tool,policy_fcfs,mixed,1785176622.7625833,1785176622.7628694,1785176622.8431823,1785176626.9489324,,,
block1-000092,76.62869477644563,3352.790839737281,136,15.0,75.68087195977569,3351.8430169206113,0.947822816669941,block1:zero_tool,policy_fcfs,mixed,1785176622.8510542,1785176622.8520024,1785176622.9276936,1785176626.2038558,,,
block1-000093,530.5189348291606,1390.3571697883308,48,60.0,530.3985350765288,1390.236770035699,0.12039975263178349,block1:s4,policy_fcfs,mixed,1785176622.9902816,1785176622.990402,1785176623.5208101,1785176624.3806489,,,
block1-000094,480.27813306543976,1339.9019801290706,48,307.5,479.6358139719814,1339.2596610356122,0.6423190934583545,block1:s4,policy_fcfs,mixed,1785176623.169183,1785176623.1698258,1785176623.64947,1785176624.5090935,,,
block1-000095,105.8401003247127,3613.009374239482,149,92.5,104.97644101269543,3612.1457149274647,0.863659312017262,block1:zero_tool,policy_fcfs,mixed,1785176623.4145331,1785176623.4153976,1785176623.520387,1785176627.0275564,,,
block1-000096,406.0604373225942,1170.3985133208334,43,135.0,405.96396406181157,1170.3020400600508,0.09647326078265905,block1:s1,policy_fcfs,mixed,1785176623.4210768,1785176623.4211738,1785176623.8271456,1785176624.5914834,,,
block1-000097,91.5258175227791,1876.6056535532698,71,115.0,89.52470403164625,1874.604540062137,2.0011134911328554,block1:s1,policy_fcfs,mixed,1785176623.4941099,1785176623.496112,1785176623.5856473,1785176625.3707268,,,
block1-000098,497.5798351224512,1214.9893650785089,44,412.5,496.2940301047638,1213.7035600608215,1.2858050176873803,block1:s1,policy_fcfs,mixed,1785176623.709306,1785176623.7105927,1785176624.2068992,1785176624.924308,,,
block1-000099,402.76279172394425,999.3030368350446,36,282.5,402.22141798585653,998.7616630969569,0.5413737380877137,block1:s1,policy_fcfs,mixed,1785176623.7589545,1785176623.7594974,1785176624.1617298,1785176624.75827,,,
block1-000100,454.1209511226043,1152.3950170958415,42,170.0,452.5585740339011,1150.8326400071383,1.5623770887032151,block1:s1,policy_fcfs,mixed,1785176623.9038959,1785176623.9054585,1785176624.358026,1785176625.0563004,,,
block1-000101,378.1587837729603,925.8064397145063,34,15.0,377.3862870875746,925.0339430291206,0.772496685385704,block1:s1,policy_fcfs,mixed,1785176623.9385242,1785176623.939297,1785176624.3166928,1785176624.8643405,,,
block1-000102,104.81658368371427,3460.304207634181,146,135.0,104.59448501933366,3460.0821089698,0.22209866438061,block1:zero_tool,policy_fcfs,mixed,1785176624.0113292,1785176624.0115511,1785176624.1161542,1785176627.4716413,,,
block1-000103,73.94936855416745,6532.704694545828,279,105.0,73.66475008893758,6532.420076080598,0.2846184652298689,block1:zero_tool,policy_fcfs,mixed,1785176624.045766,1785176624.046051,1785176624.1197245,1785176630.5784805,,,
block1-000104,340.05509701091796,966.3988170213997,37,95.0,338.95797200966626,965.301692020148,1.0971250012516975,block1:s2,policy_fcfs,mixed,1785176624.1687727,1785176624.16987,1785176624.5088372,1785176625.1351814,,,
block1-000105,111.54323432128876,4411.157975322567,188,160.0,110.67690898198634,4410.2916499832645,0.8663253393024206,block1:zero_tool,policy_fcfs,mixed,1785176624.6049042,1785176624.6057708,1785176624.7164557,1785176629.0160701,,,
block1-000106,97.60039416141808,1525.4974071867764,64,70.0,96.85792599339038,1524.7549390187487,0.742468168027699,block1:s2,policy_fcfs,mixed,1785176624.6391819,1785176624.6399245,1785176624.7367914,1785176626.1646886,,,
block1-000107,107.9616678180173,1768.066307879053,74,95.0,107.50182799529284,1767.6064680563286,0.45983982272446156,block1:s2,policy_fcfs,mixed,1785176624.9290128,1785176624.9294727,1785176625.0369828,1785176626.6970873,,,
block1-000108,353.24330732692033,879.4414113508537,35,322.5,352.9781720135361,879.1762760374695,0.2651353133842349,block1:s2,policy_fcfs,mixed,1785176625.1432214,1785176625.1434865,1785176625.496474,1785176626.0226722,,,
block1-000109,373.36149881593883,1021.3284197961912,44,110.0,373.0444270186126,1021.011347998865,0.31707179732620716,block1:s2,policy_fcfs,mixed,1785176625.243733,1785176625.2440507,1785176625.6171057,1785176626.265072,,,
block1-000110,105.9670263202861,1495.7540712784976,64,17.5,105.22639798000455,1495.013442938216,0.7406283402815461,block1:s2,policy_fcfs,mixed,1785176625.2642455,1785176625.2649872,1785176625.3702261,1785176626.7600133,,,
block1-000111,104.19054829981178,3682.250558398664,158,110.0,103.16494794096798,3681.22495803982,1.0256003588438034,block1:zero_tool,policy_fcfs,mixed,1785176625.3330846,1785176625.3341115,1785176625.4372895,1785176629.0153499,,,
block1-000112,101.85376298613846,3319.6996570331976,142,107.5,100.73358996305615,3318.5794840101153,1.120173023082316,block1:zero_tool,policy_fcfs,mixed,1785176625.3347588,1785176625.335879,1785176625.4366207,1785176628.6544664,,,
block1-000113,101.26146674156189,3003.7011216627434,128,95.0,101.17353603709489,3003.6131909582764,0.08793070446699858,block1:zero_tool,policy_fcfs,mixed,1785176625.3361976,1785176625.3362856,1785176625.4374645,1785176628.339905,,,
block1-000114,392.77577691245824,948.7477659713477,38,25.0,392.5726469606161,948.5446360195056,0.20312995184212923,block1:s3,policy_fcfs,mixed,1785176625.6892974,1785176625.6895018,1785176626.082086,1785176626.6380582,,,
block1-000115,314.09074063412845,978.7190675269812,39,105.0,313.8391140382737,978.4674409311265,0.2516265958547592,block1:s3,policy_fcfs,mixed,1785176626.2813165,1785176626.2815685,1785176626.5954173,1785176627.2600458,,,
block1-000116,337.0098191080615,1004.9938741140068,41,10.0,336.6164540639147,1004.60050906986,0.3933650441467762,block1:s3,policy_fcfs,mixed,1785176626.3182719,1785176626.318666,1785176626.655296,1785176627.32328,,,
block1-000117,101.6294527798891,2787.3671877896413,119,320.0,101.19285597465932,2786.9305909844115,0.43659680522978306,block1:zero_tool,policy_fcfs,mixed,1785176626.3752902,1785176626.375728,1785176626.4769347,1785176629.1626718,,,
block1-000118,515.3640022035688,1160.1979112019762,43,20.0,513.5469810338691,1158.3808900322765,1.8170211696997285,block1:s3,policy_fcfs,mixed,1785176626.7240305,1785176626.725848,1785176627.2394052,1785176627.884239,,,
block1-000119,356.31029203068465,1162.6897000242025,44,307.5,355.48058000858873,1161.8599880021065,0.8297120220959187,block1:s3,policy_fcfs,mixed,1785176627.0782855,1785176627.0791156,1785176627.4346082,1785176628.2409868,,,
block1-000120,530.6561902398244,1210.5483552441,48,172.5,530.0934580154717,1209.9856230197474,0.5627322243526578,block1:s4,policy_fcfs,mixed,1785176627.2851303,1785176627.285694,1785176627.8158,1785176628.4956925,,,
block1-000121,552.4144226219505,1189.6280725486577,48,20.0,551.148864091374,1188.3625140180811,1.2655585305765271,block1:s4,policy_fcfs,mixed,1785176627.3708081,1785176627.3720758,1785176627.9232454,1785176628.5604587,,,
block1-000122,506.5244495635852,1157.2691245237365,48,155.0,505.88569103274494,1156.6303659928963,0.6387585308402777,block1:s4,policy_fcfs,mixed,1785176627.457146,1785176627.457785,1785176627.9636815,1785176628.614426,,,
block1-000123,512.7469518920407,1182.792357983999,48,140.0,512.2133529512212,1182.2587590431795,0.5335989408195019,block1:s4,policy_fcfs,mixed,1785176627.4712145,1785176627.4717484,1785176627.9839678,1785176628.6540127,,,
block1-000124,437.5501446193084,1155.1748316269368,48,95.0,437.41548294201493,1155.0401699496433,0.13466167729347944,block1:s4,policy_fcfs,mixed,1785176627.8035676,1785176627.8037033,1785176628.2411304,1785176628.9587553,,,
block1-000125,99.81594153214246,3170.043208519928,136,287.5,98.94888708367944,3169.176154071465,0.8670544484630227,block1:zero_tool,policy_fcfs,mixed,1785176627.8234973,1785176627.8243642,1785176627.9233198,1785176630.9935474,,,
block1-000126,479.10390910692513,1259.3577881343663,48,15.0,478.41923497617245,1258.6731140036136,0.6846741307526827,block1:s4,policy_fcfs,mixed,1785176628.5163991,1785176628.517084,1785176628.9955122,1785176629.7757661,,,
block1-000127,463.0176582140848,1231.1060891952366,48,20.0,462.01314707286656,1230.1015780540183,1.004511141218245,block1:s4,policy_fcfs,mixed,1785176628.667963,1785176628.6689682,1785176629.1309934,1785176629.8990817,,,
block1-000128,100.46659235376865,4414.686799398623,193,110.0,99.3907629745081,4413.610970019363,1.07582937926054,block1:zero_tool,policy_fcfs,mixed,1785176628.6847596,1785176628.6858358,1785176628.7852337,1785176633.0994537,,,
block1-000129,87.63424039352685,1706.9090774748474,71,17.5,87.29396399576217,1706.5688010770828,0.34027639776468277,block1:s1,policy_fcfs,mixed,1785176628.851344,1785176628.851685,1785176628.9389896,1785176630.5582643,,,
block1-000130,76.02885691449046,3716.475531924516,160,75.0,74.9176589306444,3715.36433394067,1.1111979838460684,block1:zero_tool,policy_fcfs,mixed,1785176628.8634295,1785176628.8645422,1785176628.9394712,1785176632.5799181,,,
block1-000131,381.768787978217,920.0688499258831,36,117.5,380.7781969662756,919.0782589139417,0.990591011941433,block1:s1,policy_fcfs,mixed,1785176629.0579581,1785176629.0589495,1785176629.4397373,1785176629.9780378,,,
block1-000132,388.5882075410336,1024.1391325835139,39,15.0,388.23740801308304,1023.7883330555633,0.3507995279505849,block1:s1,policy_fcfs,mixed,1785176629.1810334,1785176629.1813846,1785176629.5696306,1785176630.2051814,,,
block1-000133,71.29439350683242,1520.915556466207,62,117.5,70.33017103094608,1519.9513339903206,0.9642224758863449,block1:s1,policy_fcfs,mixed,1785176629.287389,1785176629.2883537,1785176629.358695,1785176630.8083162,,,
block1-000134,384.79472894687206,1035.8512999955565,43,160.0,382.94865598436445,1034.0052270330489,1.8460729625076056,block1:s1,policy_fcfs,mixed,1785176629.370992,1785176629.3728383,1785176629.7557983,1785176630.4068549,,,
block1-000135,275.2059201011434,799.3805330479518,31,10.0,274.5757760712877,798.750389018096,0.6301440298557281,block1:s1,policy_fcfs,mixed,1785176629.4001462,1785176629.4007769,1785176629.6753643,1785176630.1995392,,,
block1-000136,324.32807434815913,975.0179604161531,41,15.0,324.04601899906993,974.7359050670639,0.28205534908920527,block1:s2,policy_fcfs,mixed,1785176629.4507854,1785176629.4510677,1785176629.775121,1785176630.425811,,,
block1-000137,67.0295066665858,4435.614482616074,197,115.0,66.82589300908148,4435.41086895857,0.20361365750432014,block1:zero_tool,policy_fcfs,mixed,1785176629.8111696,1785176629.8113732,1785176629.8782103,1785176634.2467942,,,
block1-000138,357.0854535792023,922.569494578056,36,107.5,355.66642798949033,921.1504689883441,1.4190255897119641,block1:s2,policy_fcfs,mixed,1785176629.9462922,1785176629.9477127,1785176630.303395,1785176630.868879,,,
block1-000139,70.87203185074031,3189.8975488729775,143,550.0,70.50860894378275,3189.53412596602,0.36342290695756674,block1:zero_tool,policy_fcfs,mixed,1785176630.0029998,1785176630.0033634,1785176630.0738807,1785176633.192906,,,
block1-000140,76.62369578611106,4423.650129814632,196,152.5,76.14589692093432,4423.1723309494555,0.4777988651767373,block1:zero_tool,policy_fcfs,mixed,1785176630.12822,1785176630.1286986,1785176630.2048566,1785176634.5518827,,,
block1-000141,357.6705298619345,1071.1785649182275,44,10.0,357.1587949991226,1070.6668300554156,0.5117348628118634,block1:s2,policy_fcfs,mixed,1785176630.238394,1785176630.2389064,1785176630.596077,1785176631.3095853,,,
block1-000142,380.42292988393456,938.1927229696885,36,322.5,380.28872990980744,938.0585229955614,0.13419997412711382,block1:s2,policy_fcfs,mixed,1785176630.465344,1785176630.465479,1785176630.8457801,1785176631.4035497,,,
block1-000143,319.60693979635835,874.342669849284,34,15.0,318.80367803387344,873.5394080867991,0.8032617624849081,block1:s2,policy_fcfs,mixed,1785176630.5656743,1785176630.5664778,1785176630.8852904,1785176631.4400263,,,
block1-000144,463.7628167401999,1170.2424077084288,48,107.5,462.65825000591576,1169.1378409741446,1.1045667342841625,block1:s3,policy_fcfs,mixed,1785176630.6436915,1785176630.6447964,1785176631.107468,1785176631.813948,,,
block1-000145,65.7483832910657,2712.352959322743,126,322.5,65.46676601283252,2712.07134204451,0.2816172782331705,block1:zero_tool,policy_fcfs,mixed,1785176630.904775,1785176630.9050567,1785176630.9705343,1785176633.6171384,,,
block1-000146,455.6424976326525,1155.146112665534,48,297.5,455.27093892451376,1154.7745539573953,0.3715587081387639,block1:s3,policy_fcfs,mixed,1785176630.9476397,1785176630.9480126,1785176631.4032948,1785176632.102798,,,
block1-000147,74.29254706948996,4625.909734051675,211,12.5,73.78449907992035,4625.401686062105,0.5080479895696044,block1:zero_tool,policy_fcfs,mixed,1785176631.013347,1785176631.0138552,1785176631.0876496,1785176635.6392665,,,
block1-000148,428.6401035496965,1164.9586586281657,48,172.5,428.3009379869327,1164.619493065402,0.33916556276381016,block1:s3,policy_fcfs,mixed,1785176631.2496898,1785176631.2500298,1785176631.678343,1785176632.4146612,,,
block1-000149,393.6126260086894,1049.9226090032607,43,357.5,392.2405899502337,1048.550572944805,1.3720360584557056,block1:s3,policy_fcfs,mixed,1785176631.6283336,1785176631.6297069,1785176632.0219586,1785176632.6782687,,,
block1-000150,455.65296267159283,1096.4081096462905,48,107.5,454.54601501114666,1095.3011619858444,1.106947660446167,block1:s3,policy_fcfs,mixed,1785176631.7808707,1785176631.7819793,1785176632.2365365,1785176632.8772914,,,
block1-000151,328.7969179218635,992.4340929137543,44,105.0,328.647198039107,992.2843730309978,0.14971988275647163,block1:s3,policy_fcfs,mixed,1785176632.1071587,1785176632.1073086,1785176632.435964,1785176633.0996008,,,
block1-000152,66.8434260878712,2840.483671054244,131,15.0,66.42586702946573,2840.0661119958386,0.4175590584054589,block1:zero_tool,policy_fcfs,mixed,1785176632.327851,1785176632.3282692,1785176632.3947053,1785176635.1683457,,,
block1-000153,62.87272134795785,3559.0767873218283,159,22.5,61.8041199631989,3558.0081859370694,1.0686013847589493,block1:zero_tool,policy_fcfs,mixed,1785176632.5174055,1785176632.5184746,1785176632.5802896,1785176636.0764937,,,
block1-000154,67.06663162913173,2610.9490166418254,120,280.0,66.36526703368872,2610.2476520463824,0.7013645954430103,block1:zero_tool,policy_fcfs,mixed,1785176632.613927,1785176632.614629,1785176632.6810067,1785176635.224889,,,
block1-000155,64.73284040112048,2901.112545398064,132,297.5,63.16425697878003,2899.5439619757235,1.5685834223404527,block1:zero_tool,policy_fcfs,mixed,1785176632.8551025,1785176632.8566725,1785176632.9198494,1785176635.7562292,,,
block1-000156,529.2952758027241,1218.7419737456366,48,20.0,528.8376100361347,1218.2843079790473,0.45766576658934355,block1:s4,policy_fcfs,mixed,1785176633.608106,1785176633.6085644,1785176634.1374154,1785176634.8268619,,,
block1-000157,501.295605674386,1191.670634667389,48,217.5,500.46738202217966,1190.8424110151827,0.8282236522063613,block1:s4,policy_fcfs,mixed,1785176633.7453868,1785176633.7462163,1785176634.2466984,1785176634.9370737,,,
block1-000158,511.1642697593197,1201.2554617831483,48,15.0,510.7730769086629,1200.8642689324915,0.3911928506568074,block1:s4,policy_fcfs,mixed,1785176633.7540185,1785176633.754411,1785176634.2651944,1785176634.9552858,,,
block1-000159,447.65650923363864,1140.4812862165272,48,12.5,447.1999229863286,1140.0246999692172,0.4565862473100424,block1:s4,policy_fcfs,mixed,1785176633.8560684,1785176633.8565269,1785176634.3037405,1785176634.9965656,,,
block1-000160,59.27393340971321,3477.3581114131957,161,15.0,58.87586600147188,3476.9600440049544,0.3980674082413316,block1:zero_tool,policy_fcfs,mixed,1785176634.0196812,1785176634.0200796,1785176634.0789647,1785176637.4970489,,,
block1-000161,77.53877015784383,1467.1018371591344,65,10.0,76.31247607059777,1465.8755430718884,1.2262940872460604,block1:s1,policy_fcfs,mixed,1785176634.169442,1785176634.1706686,1785176634.2469919,1785176635.6365557,,,
block1-000162,397.1359811257571,934.1802051058039,41,160.0,397.0071659423411,934.0513899223879,0.12881518341600895,block1:s1,policy_fcfs,mixed,1785176634.2722359,1785176634.272365,1785176634.669381,1785176635.2064252,,,
block1-000163,89.7589682135731,1711.101916152984,75,15.0,89.13699700497091,1710.4799449443817,0.62197120860219,block1:s1,policy_fcfs,mixed,1785176634.847493,1785176634.8481157,1785176634.9372625,1785176636.5586061,,,
block1-000164,360.13793654274195,1067.0918535906821,42,307.5,359.15626503992826,1066.1101820878685,0.9816715028136969,block1:s1,policy_fcfs,mixed,1785176635.3958616,1785176635.3968441,1785176635.756011,1785176636.4629655,,,
block1-000165,106.30663461051881,6680.366679560393,305,100.0,105.50707601942122,6679.5671209692955,0.7995585910975933,block1:zero_tool,policy_fcfs,mixed,1785176635.5310366,1785176635.5318375,1785176635.6373577,1785176642.2114177,,,
block1-000166,83.23267241939902,7268.7447743956,333,107.5,82.43473002221435,7267.946831998415,0.79794239718467,block1:zero_tool,policy_fcfs,mixed,1785176635.5561693,1785176635.5569675,1785176635.6394064,1785176642.8249185,,,
block1-000167,69.43087745457888,6469.122091424651,295,25.0,68.38636903557926,6468.077583005652,1.0445084189996123,block1:zero_tool,policy_fcfs,mixed,1785176635.6865246,1785176635.6875694,1785176635.7559657,1785176642.1556568,,,
block1-000168,388.70630925521255,997.9468072997406,40,187.5,388.4664559736848,997.7069540182129,0.23985328152775764,block1:s2,policy_fcfs,mixed,1785176635.784489,1785176635.784729,1785176636.173204,1785176636.7824445,,,
block1-000169,407.8106223605573,1015.7881623599678,42,412.5,407.2533919243142,1015.2309319237247,0.5572304362431169,block1:s2,policy_fcfs,mixed,1785176635.8223534,1785176635.8229115,1785176636.2301767,1785176636.8381553,,,
block1-000170,368.6455253046006,973.4541733050719,43,485.0,367.5969479372725,972.4055959377438,1.0485773673281074,block1:s2,policy_fcfs,mixed,1785176635.9023106,1785176635.9033616,1785176636.2709782,1785176636.8757863,,,
block1-000171,88.21947174146771,1563.0349917337298,70,357.5,87.36990403849632,1562.1854240307584,0.8495677029713988,block1:s2,policy_fcfs,mixed,1785176636.5978272,1785176636.5986774,1785176636.6860604,1785176638.1608763,,,
block1-000172,325.9859833633527,761.3264464307576,36,320.0,325.58171497657895,760.9221780439839,0.4042683867737651,block1:s2,policy_fcfs,mixed,1785176636.9955838,1785176636.995989,1785176637.3215868,1785176637.7569268,,,
block1-000173,409.3857373809442,1116.5057723410428,49,117.5,408.3239020546898,1115.4439370147884,1.0618353262543678,block1:s2,policy_fcfs,mixed,1785176637.2539253,1785176637.2549884,1785176637.663325,1785176638.3704445,,,
block1-000174,446.753301541321,942.7933936240152,38,20.0,446.3096020044759,942.3496940871701,0.443699536845088,block1:s2,policy_fcfs,mixed,1785176637.8659916,1785176637.8664358,1785176638.3127575,1785176638.8087976,,,
block1-000175,389.3811907619238,885.1631856523454,37,115.0,389.1475390410051,884.9295339314267,0.233651720918715,block1:s2,policy_fcfs,mixed,1785176637.942321,1785176637.9425552,1785176638.3317115,1785176638.8274937,,,
block1-000176,456.21215587016195,1105.3752559237182,48,95.0,454.98405199032277,1104.147152043879,1.228103879839182,block1:s3,policy_fcfs,mixed,1785176637.9705513,1785176637.9717793,1785176638.4267693,1785176639.0759327,,,
block1-000177,449.01285611558706,1098.9591280231252,48,10.0,448.70267005171627,1098.6489419592544,0.3101860638707876,block1:s3,policy_fcfs,mixed,1785176637.9969344,1785176637.997245,1785176638.4459574,1785176639.0959044,,,
block1-000178,422.9133647168055,1059.3581217108294,48,297.5,422.32041305396706,1058.765170047991,0.592951662838459,block1:s3,policy_fcfs,mixed,1785176638.4424198,1785176638.443013,1785176638.8653426,1785176639.5017881,,,
block1-000179,410.2137217996642,1132.2963978163898,48,412.5,409.82055896893144,1131.903234985657,0.3931628307327628,block1:s3,policy_fcfs,mixed,1785176639.0354183,1785176639.0358124,1785176639.4456444,1785176640.1677265,,,
block1-000180,477.65135182999074,1253.8691088557243,48,170.0,477.4492939468473,1253.667050972581,0.202057883143425,block1:s3,policy_fcfs,mixed,1785176639.5912516,1785176639.5914545,1785176640.0689151,1785176640.8451328,,,
block1-000181,90.29327728785574,3713.661171263084,164,115.0,89.61249294225127,3712.9803869174793,0.6807843456044793,block1:zero_tool,policy_fcfs,mixed,1785176639.6003177,1785176639.600999,1785176639.690621,1785176643.313989,,,
block1-000182,458.0516545102,1237.7894495148212,48,297.5,457.74961600545794,1237.487411010079,0.30203850474208593,block1:s3,policy_fcfs,mixed,1785176639.6490145,1785176639.649317,1785176640.107077,1785176640.8868148,,,
block1-000183,343.9813453005627,1168.9543823013082,43,282.5,343.5236799996346,1168.4967170003802,0.45766530092805624,block1:s3,policy_fcfs,mixed,1785176639.865067,1785176639.865526,1785176640.2090616,1785176641.0340352,,,
block1-000184,533.8481920771301,1233.7571231182665,48,132.5,532.9015429597348,1232.8104740008712,0.9466491173952818,block1:s4,policy_fcfs,mixed,1785176640.1132731,1785176640.1142201,1785176640.6471329,1785176641.3470416,,,
block1-000185,74.55990638118237,2716.5414264891297,122,297.5,73.41295294463634,2715.3944730525836,1.1469534365460277,block1:zero_tool,policy_fcfs,mixed,1785176640.1871624,1785176640.1883109,1785176640.2617388,1785176642.9037204,,,
block1-000186,558.9111063163728,1215.5441673239693,48,17.5,558.3187079755589,1214.9517689831555,0.5923983408138156,block1:s4,policy_fcfs,mixed,1785176640.4033127,1785176640.4039054,1785176640.9622364,1785176641.6188695,,,
block1-000187,543.7602174934,1168.1877354858443,48,115.0,543.615972972475,1168.0434909649193,0.1442445209249854,block1:s4,policy_fcfs,mixed,1785176640.470427,1785176640.470572,1785176641.0141997,1785176641.6386273,,,
block1-000188,542.8656896110624,1167.0187396230176,48,170.0,542.5315030151978,1166.684553027153,0.334186595864594,block1:s4,policy_fcfs,mixed,1785176640.4714534,1785176640.471788,1785176641.0143247,1785176641.638478,,,
block1-000189,457.6823734678328,1112.084734486416,48,550.0,457.2133310139179,1111.615692032501,0.46904245391488075,block1:s4,policy_fcfs,mixed,1785176640.8310533,1785176640.8315234,1785176641.2887478,1785176641.94315,,,
block1-000190,456.3701036386192,1111.2391606438905,48,10.0,455.34128800500184,1110.2103450102732,1.0288156336173415,block1:s4,policy_fcfs,mixed,1785176640.8512836,1785176640.8523123,1785176641.3076608,1785176641.9625301,,,
block1-000191,418.0607533780858,1088.0980303045362,48,140.0,417.8704139776528,1087.9076909041032,0.1903394004330039,block1:s4,policy_fcfs,mixed,1785176641.6798136,1785176641.680005,1785176642.0978868,1785176642.7679243,,,
block1-000192,108.51379006635398,2592.945146141574,117,155.0,107.74491599295288,2592.1762720681727,0.7688740734010935,block1:zero_tool,policy_fcfs,mixed,1785176641.7011817,1785176641.7019515,1785176641.8097088,1785176644.29414,,,
block1-000193,56.21437088120729,11536.036100820638,493,170.0,55.307110073044896,11535.128840012476,0.9072608081623912,block1:zero_tool,policy_fcfs,mixed,1785176642.0415053,1785176642.0424137,1785176642.097734,1785176653.5775554,,,
block1-000194,249.24967589322478,960.2685149293393,40,110.0,248.0446519330144,959.0634909691289,1.205023960210383,block1:s1,policy_fcfs,mixed,1785176642.3733623,1785176642.3745685,1785176642.622627,1785176643.3336458,,,
block1-000195,361.2216078909114,908.4186078980565,37,22.5,360.8229210367426,908.0199210438877,0.3986868541687727,block1:s1,policy_fcfs,mixed,1785176642.5018644,1785176642.5022635,1785176642.8630972,1785176643.4102938,,,
block1-000196,372.81875021290034,1009.0963491238654,39,85.0,372.40797304548323,1008.6855719564483,0.410777167417109,block1:s1,policy_fcfs,mixed,1785176642.6045172,1785176642.6049287,1785176642.97735,1785176643.6136281,,,
block1-000197,68.81400686688721,1491.2812717957422,65,107.5,68.51413799449801,1490.981402923353,0.29986887238919735,block1:s1,policy_fcfs,mixed,1785176642.8427048,1785176642.843005,1785176642.911527,1785176644.333994,,,
block1-000198,122.94125196058303,1619.8673699982464,69,70.0,122.49039998278022,1619.4165180204436,0.45085197780281305,block1:s1,policy_fcfs,mixed,1785176642.9089422,1785176642.9093933,1785176643.0318942,1785176644.52882,,,
block1-000199,148.19019194692373,7948.337677051313,332,12.5,147.49202888924628,7947.639513993636,0.6981630576774478,block1:zero_tool,policy_fcfs,mixed,1785176642.9229672,1785176642.9236658,1785176643.0711646,1785176650.8713126,,,
block1-000200,317.4990121042356,942.8929911227897,38,17.5,316.6830369736999,942.077015992254,0.8159751305356622,block1:s2,policy_fcfs,mixed,1785176642.956677,1785176642.9574935,1785176643.2741861,1785176643.8995807,,,
block1-000201,67.90991825982928,3265.057217213325,137,22.5,66.97115197312087,3264.118450926617,0.9387662867084146,block1:zero_tool,policy_fcfs,mixed,1785176643.166753,1785176643.1676927,1785176643.2346754,1785176646.4318233,,,
block1-000202,364.6730921464041,853.736361139454,36,145.0,363.55003400240093,852.6133029954508,1.1230581440031528,block1:s2,policy_fcfs,mixed,1785176643.383868,1785176643.3849914,1785176643.7485514,1785176644.237615,,,
block1-000203,123.53171594440937,1928.4229319309816,78,10.0,122.98742600250989,1927.878641989082,0.5442899418994784,block1:s2,policy_fcfs,mixed,1785176643.4333384,1785176643.4338841,1785176643.5568886,1785176645.3617804,,,
block1-000204,293.77296671736985,800.6212507607415,35,95.0,292.7561489632353,799.604433006607,1.0168177541345358,block1:s2,policy_fcfs,mixed,1785176643.6877291,1785176643.6887467,1785176643.9815116,1785176644.4883602,,,
block1-000205,331.14480832591653,1099.0658833179623,44,95.0,329.33204190339893,1097.2531168954447,1.8127664225175977,block1:s2,policy_fcfs,mixed,1785176643.886086,1785176643.8878992,1785176644.2172415,1785176644.985162,,,
block1-000206,60.374317108653486,3620.823303121142,154,132.5,59.957578079774976,3620.4065640922636,0.41673902887851,block1:zero_tool,policy_fcfs,mixed,1785176643.90208,1785176643.9024973,1785176643.9624646,1785176647.5229132,,,
block1-000207,423.0451014591381,1029.433316551149,37,117.5,422.777937958017,1029.1661530500278,0.26716350112110376,block1:s2,policy_fcfs,mixed,1785176644.3325002,1785176644.3327677,1785176644.7555556,1785176645.3619435,,,
block1-000208,334.33117088861763,1058.9325638720766,38,15.0,333.4124640095979,1058.0138569930568,0.9187068790197372,block1:s3,policy_fcfs,mixed,1785176644.4211698,1785176644.422089,1785176644.755512,1785176645.4801137,,,
block1-000209,520.8291552262381,1232.805205276236,48,17.5,519.7465940145776,1231.7226440645754,1.0825612116605043,block1:s3,policy_fcfs,mixed,1785176644.4645011,1785176644.4655843,1785176644.9853408,1785176645.6973171,,,
block1-000210,72.55359669215977,3740.783617598936,161,282.5,71.34611206129193,3739.576132968068,1.2074846308678389,block1:zero_tool,policy_fcfs,mixed,1785176644.624096,1785176644.6253037,1785176644.696661,1785176648.3648913,,,
block1-000211,314.456750289537,1026.5883492538705,41,140.0,312.99067207146436,1025.122271035798,1.4660782180726528,block1:s3,policy_fcfs,mixed,1785176644.6705663,1785176644.672033,1785176644.9850352,1785176645.6971664,,,
block1-000212,497.2279950743541,1198.6276430543512,48,12.5,496.2911610491574,1197.6908090291545,0.9368340251967311,block1:s3,policy_fcfs,mixed,1785176644.8254752,1785176644.826413,1785176645.322717,1785176646.0241165,,,
block1-000213,458.65195768419653,1253.8366897497326,48,105.0,458.4896198939532,1253.6743519594893,0.16233779024332762,block1:s3,policy_fcfs,mixed,1785176645.0773053,1785176645.0774684,1785176645.5359693,1785176646.3311539,,,
block1-000214,514.8894782178104,1171.1808522231877,43,320.0,514.4872019300237,1170.778575935401,0.4022762877866626,block1:s3,policy_fcfs,mixed,1785176645.1195498,1785176645.119953,1785176645.6344512,1785176646.2907434,,,
block1-000215,110.08870613295585,3748.745539225638,163,187.5,109.89931598305702,3748.556149075739,0.18939014989882708,block1:zero_tool,policy_fcfs,mixed,1785176645.1896353,1785176645.189826,1785176645.2997413,1785176648.9383974,,,
block1-000216,79.90347291342914,3496.115469955839,154,60.0,79.23919800668955,3495.4511950490996,0.6642749067395926,block1:zero_tool,policy_fcfs,mixed,1785176645.2200792,1785176645.2207446,1785176645.2999961,1785176648.7162082,,,
block1-000217,531.0058296890929,1185.019964701496,48,297.5,530.4147250717506,1184.4288600841537,0.5911046173423529,block1:s4,policy_fcfs,mixed,1785176645.6827528,1785176645.6833441,1785176646.213771,1785176646.8677855,,,
block1-000218,516.8416890082881,1184.7053869860247,48,75.0,516.2806250154972,1184.1443229932338,0.5610639927908778,block1:s4,policy_fcfs,mixed,1785176645.81481,1785176645.815372,1785176646.331668,1785176646.9995315,,,
block1-000219,472.51831786707044,1226.9916258519515,48,217.5,471.96292399894446,1226.4362319838256,0.5553938681259751,block1:s4,policy_fcfs,mixed,1785176645.9961283,1785176645.9966848,1785176646.4686592,1785176647.2231333,,,
block1-000220,469.4645170820877,1222.2693500807509,48,25.0,468.77357398625463,1221.5784069849178,0.6909430958330631,block1:s4,policy_fcfs,mixed,1785176646.0189114,1785176646.0196025,1785176646.488382,1785176647.2411873,,,
block1-000221,106.40805040020496,5000.495259417221,211,485.0,105.98913196008652,5000.0763409771025,0.41891844011843204,block1:zero_tool,policy_fcfs,mixed,1785176646.184798,1785176646.1852179,1785176646.2912183,1785176651.1853056,,,
block1-000222,73.88535945210606,4108.2117723999545,172,92.5,72.99266604240984,4107.319078990258,0.8926934096962214,block1:zero_tool,policy_fcfs,mixed,1785176646.2200105,1785176646.2209034,1785176646.293907,1785176650.3282332,,,
block1-000223,62.27578327525407,4242.326611303724,174,15.0,61.685631051659584,4241.73645908013,0.5901522235944867,block1:zero_tool,policy_fcfs,mixed,1785176646.805757,1785176646.8063478,1785176646.868045,1785176651.048096,,,
block1-000224,413.8840993400663,1018.3057013200596,43,107.5,413.5233740089461,1017.9449759889394,0.360725331120193,block1:s1,policy_fcfs,mixed,1785176646.9051883,1785176646.90555,1785176647.31909,1785176647.9235115,,,
block1-000225,85.10753349401057,4627.3618794512,194,75.0,84.58585001062602,4626.840195967816,0.5216834833845496,block1:zero_tool,policy_fcfs,mixed,1785176646.914073,1785176646.9145951,1785176646.9991884,1785176651.5414424,,,
block1-000226,394.27239436190575,999.4816993130371,43,105.0,393.56698805931956,998.7762930104509,0.7054063025861979,block1:s1,policy_fcfs,mixed,1785176647.0050828,1785176647.0057883,1785176647.3993642,1785176648.0045726,,,
block1-000227,161.68177616782486,1681.460262159817,72,60.0,160.2960010059178,1680.0744869979098,1.3857751619070768,block1:s1,policy_fcfs,mixed,1785176647.015352,1785176647.016738,1785176647.177041,1785176648.6968195,,,
block1-000228,355.1808361662552,899.759151157923,39,10.0,354.55523803830147,899.1335530299693,0.6255981279537082,block1:s1,policy_fcfs,mixed,1785176647.0831044,1785176647.083731,1785176647.4382977,1785176647.9828763,,,
block1-000229,62.758539570495486,6325.891115586273,265,95.0,62.37837497610599,6325.510950991884,0.38016459438949823,block1:zero_tool,policy_fcfs,mixed,1785176647.4192019,1785176647.4195826,1785176647.481973,1785176653.7451057,,,
block1-000230,57.293700985610485,6821.363975992426,280,15.0,57.05652292817831,6821.126797934994,0.23717805743217468,block1:zero_tool,policy_fcfs,mixed,1785176647.6663883,1785176647.666626,1785176647.723694,1785176654.4877636,,,
block1-000231,85.73128131683916,1621.2439112132415,63,15.0,84.0645250864327,1619.577154982835,1.6667562304064631,block1:s1,policy_fcfs,mixed,1785176648.0303495,1785176648.0320163,1785176648.1160903,1785176649.651602,,,
block1-000232,341.9107715599239,1128.432244528085,41,10.0,341.7075570905581,1128.2290300587192,0.20321446936577559,block1:s2,policy_fcfs,mixed,1785176648.121084,1785176648.1212888,1785176648.4630117,1785176649.2495327,,,
block1-000233,299.1606362629682,925.9106533136219,36,70.0,299.00913999881595,925.7591570494696,0.15149626415222883,block1:s2,policy_fcfs,mixed,1785176648.1840682,1785176648.1842208,1785176648.4832416,1785176649.1099913,,,
block1-000234,96.99275251477957,1786.5915014408529,64,217.5,95.72410699911416,1785.3228559251875,1.268645515665412,block1:s2,policy_fcfs,mixed,1785176648.5796278,1785176648.5808973,1785176648.676634,1785176650.3662326,,,
block1-000235,120.30970223713666,1986.543971230276,74,350.0,119.3777680164203,1985.6120370095596,0.9319342207163572,block1:s2,policy_fcfs,mixed,1785176648.7387745,1785176648.739708,1785176648.8591044,1785176650.7253387,,,
block1-000236,108.3662686869502,3637.375963735394,149,172.5,107.67146700527519,3636.681162053719,0.6948016816750169,block1:zero_tool,policy_fcfs,mixed,1785176648.7662818,1785176648.7669775,1785176648.874661,1785176652.4036708,,,
block1-000237,464.26340006291866,1265.5926861334592,44,320.0,463.6273719370365,1264.956658007577,0.6360281258821487,block1:s2,policy_fcfs,mixed,1785176648.8494453,1785176648.8500826,1785176649.3137214,1785176650.1150498,,,
block1-000238,456.04944392107427,1149.6060548815876,38,15.0,455.73403500020504,1149.2906459607184,0.3154089208692312,block1:s2,policy_fcfs,mixed,1785176648.903585,1785176648.9039006,1785176649.3596458,1785176650.0532029,,,
block1-000239,341.5776585461572,1009.5373146468773,34,10.0,340.77143599279225,1008.7310920935124,0.8062225533649325,block1:s2,policy_fcfs,mixed,1785176648.976916,1785176648.977724,1785176649.3185093,1785176649.986469,,,
block1-000240,280.16926802229136,972.0083139836788,32,15.0,278.72464805841446,970.5636940198019,1.444619963876903,block1:s3,policy_fcfs,mixed,1785176649.1012757,1785176649.1027212,1785176649.3814595,1785176650.0732977,,,
block1-000241,71.13250554539263,3056.1678004451096,128,52.5,70.05476404447109,3055.090058944188,1.0777415009215474,block1:zero_tool,policy_fcfs,mixed,1785176649.2471647,1785176649.2482438,1785176649.3183138,1785176652.303349,,,
block1-000242,548.8697903929278,1094.622484408319,38,12.5,547.4904279690236,1093.2431219844148,1.3793624239042401,block1:s3,policy_fcfs,mixed,1785176649.5245721,1785176649.5259526,1785176650.0734546,1785176650.619208,,,
block1-000243,415.0375844910741,1157.3819944169372,41,282.5,414.42553605884314,1156.7699459847063,0.6120484322309494,block1:s3,policy_fcfs,mixed,1785176649.6583323,1785176649.6589448,1785176650.0733788,1785176650.8157237,,,
block1-000244,532.0670806104317,1292.729961569421,48,92.5,531.3759970013052,1292.0388779602945,0.6910836091265082,block1:s3,policy_fcfs,mixed,1785176649.7554824,1785176649.7561758,1785176650.2875736,1785176651.048236,,,
block1-000245,452.52088527195156,1171.2877623504028,43,12.5,451.62814296782017,1170.3950200462714,0.8927423041313887,block1:s3,policy_fcfs,mixed,1785176649.8180313,1785176649.8189244,1785176650.270561,1785176650.9893286,,,
block1-000246,119.78100845590234,3998.9140435354784,165,307.5,118.8653230201453,3997.9983580997214,0.915685435757041,block1:zero_tool,policy_fcfs,mixed,1785176649.823126,1785176649.824042,1785176649.9429142,1785176653.822047,,,
block1-000247,386.839697486721,1153.7668604869395,43,75.0,385.73765999171883,1152.6648229919374,1.1020374950021505,block1:s3,policy_fcfs,mixed,1785176649.8550358,1785176649.856139,1785176650.2418883,1785176651.0088162,,,
block1-000248,449.2557585472241,1152.0193845499307,48,12.5,449.01153596583754,1151.7751619685441,0.24422258138656616,block1:s4,policy_fcfs,mixed,1785176650.2259693,1785176650.226214,1785176650.6752748,1785176651.3780386,,,
block1-000249,465.97731194924563,1181.7492769332603,48,17.5,464.9369399994612,1180.7089049834758,1.0403719497844577,block1:s4,policy_fcfs,mixed,1785176650.678403,1785176650.6794434,1785176651.1443937,1785176651.8601656,,,
block1-000250,455.01833560410887,1170.1656265649945,48,85.0,454.77385399863124,1169.9211449595168,0.2444816054776311,block1:s4,policy_fcfs,mixed,1785176650.7092786,1785176650.7095237,1785176651.1643088,1785176651.8794553,,,
block1-000251,80.71148314047605,3089.2951920395717,122,105.0,80.12051007244736,3088.704218971543,0.5909730680286884,block1:zero_tool,policy_fcfs,mixed,1785176651.4609644,1785176651.4615557,1785176651.541686,1785176654.5502696,,,
block1-000252,499.11651120055467,1194.4145652232692,48,132.5,498.66188899613917,1193.9599430188537,0.45462220441550016,block1:s4,policy_fcfs,mixed,1785176651.5844028,1785176651.5848584,1785176652.0835338,1785176652.778831,,,
block1-000253,467.3110245494172,1169.3935465300456,48,177.5,466.17990802042186,1168.2624300010502,1.131116528995335,block1:s4,policy_fcfs,mixed,1785176651.6730027,1785176651.6741347,1785176652.1403327,1785176652.842415,,,
block1-000254,103.81388128735125,3511.1989902798086,136,117.5,103.4336059819907,3510.818714974448,0.38027530536055565,block1:zero_tool,policy_fcfs,mixed,1785176651.7177362,1785176651.7181175,1785176651.8215625,1785176655.2289474,,,
block1-000255,101.07031278312206,3789.3743187887594,148,15.0,100.7602900499478,3789.064296055585,0.31002273317426443,block1:zero_tool,policy_fcfs,mixed,1785176651.721031,1785176651.7213411,1785176651.8221068,1785176655.5104108,,,
block1-000256,325.6750653963536,982.4956554220989,43,95.0,324.736182927154,981.5567729528993,0.9388824691995978,block1:s1,policy_fcfs,mixed,1785176651.9580262,1785176651.9589672,1785176652.2837212,1785176652.9405427,,,
block1-000257,72.88165471982211,9584.81325476896,392,85.0,70.81400696188211,9582.74560701102,2.0676477579399943,block1:zero_tool,policy_fcfs,mixed,1785176652.190947,1785176652.1930153,1785176652.2638404,1785176661.7757723,,,
block1-000258,70.41481614578515,9020.546620129608,365,10.0,70.12945308815688,9020.26125707198,0.28536305762827396,block1:zero_tool,policy_fcfs,mixed,1785176652.193383,1785176652.1936684,1785176652.2638032,1785176661.213935,,,
block1-000259,128.89082706533372,1982.7561110723764,72,15.0,127.94300902169198,1981.8082930287346,0.947818043641746,block1:s1,policy_fcfs,mixed,1785176652.5051968,1785176652.5061452,1785176652.6340978,1785176654.4879627,,,
block1-000260,130.60761068481952,2024.628183688037,74,117.5,130.1147899357602,2024.1353629389778,0.4928207490593195,block1:s1,policy_fcfs,mixed,1785176652.549281,1785176652.5497746,1785176652.6798997,1785176654.5739195,,,
block1-000261,69.1860169172287,5034.785386873409,201,52.5,68.41241894289851,5034.011788899079,0.7735979743301868,block1:zero_tool,policy_fcfs,mixed,1785176652.7734983,1785176652.7742722,1785176652.842695,1785176657.808295,,,
block1-000262,108.15661901142448,4559.483704972081,179,15.0,107.25477000232786,4558.581855962984,0.9018490090966225,block1:zero_tool,policy_fcfs,mixed,1785176653.0147069,1785176653.0156102,1785176653.122881,1785176657.5742083,,,
block1-000263,104.86563690938056,1734.6541680162773,60,17.5,103.79172198008746,1733.5802530869842,1.073914929293096,block1:s1,policy_fcfs,mixed,1785176653.0212839,1785176653.0223577,1785176653.1261554,1785176654.7559438,,,
block1-000264,448.7920990213752,1101.9869410665706,34,287.5,448.1518949614838,1101.3467370066792,0.6402040598914027,block1:s2,policy_fcfs,mixed,1785176653.1289346,1785176653.1295753,1785176653.5777366,1785176654.230932,,,
block1-000265,428.58585831709206,1273.984488332644,42,12.5,428.0214700847864,1273.4201001003385,0.5643882323056459,block1:s2,policy_fcfs,mixed,1785176653.1932006,1785176653.1937659,1785176653.621798,1785176654.4671967,,,
block1-000266,425.4756197333336,1071.5345087228343,36,320.0,424.8949590837583,1070.953848073259,0.5806606495752931,block1:s2,policy_fcfs,mixed,1785176653.3963513,1785176653.3969333,1785176653.8218431,1785176654.4679017,,,
block1-000267,116.64922966156155,8073.361520655453,327,287.5,115.54731405340135,8072.259605047293,1.1019156081601977,block1:zero_tool,policy_fcfs,mixed,1785176653.460693,1785176653.4617956,1785176653.5773532,1785176661.5340652,,,
block1-000268,95.51533067133278,4008.45889467746,159,52.5,94.61248689331114,4007.5560508994386,0.9028437780216336,block1:zero_tool,policy_fcfs,mixed,1785176653.484806,1785176653.485709,1785176653.5803292,1785176657.4932728,,,
block1-000269,478.29345951322466,1221.281174570322,44,15.0,478.1261779135093,1221.1138929706067,0.16728159971535206,block1:s2,policy_fcfs,mixed,1785176653.6338758,1785176653.6340435,1785176654.112181,1785176654.8551683,,,
block1-000270,105.10867391712964,4079.7191188903525,165,115.0,103.21650700643659,4077.8269519796595,1.8921669106930494,block1:zero_tool,policy_fcfs,mixed,1785176653.6728423,1785176653.674735,1785176653.7779639,1785176657.752573,,,
block1-000271,443.91641044057906,1066.3527775323018,37,85.0,443.276230012998,1065.7125971047208,0.6401804275810719,block1:s2,policy_fcfs,mixed,1785176653.6904047,1785176653.6910448,1785176654.1343324,1785176654.7567682,,,
block1-000272,306.8068642169237,966.9072832912207,32,307.5,305.8500780025497,965.9504970768467,0.9567862143740058,block1:s3,policy_fcfs,mixed,1785176653.7061956,1785176653.7071533,1785176654.0130153,1785176654.6731162,,,
block1-000273,81.14553929772228,3239.81806228403,128,15.0,80.37400909233838,3239.046532078646,0.7715302053838968,block1:zero_tool,policy_fcfs,mixed,1785176653.8012547,1785176653.8020265,1785176653.8824103,1785176657.0410826,,,
block1-000274,522.3709889687598,1373.3603969449177,48,155.0,522.0532219391316,1373.0426299152896,0.3177670296281576,block1:s3,policy_fcfs,mixed,1785176653.964893,1785176653.9652116,1785176654.4872758,1785176655.3382652,,,
block1-000275,347.5842964835465,1196.7374705709517,41,115.0,346.7361609218642,1195.8893350092694,0.8481355616822839,block1:s3,policy_fcfs,mixed,1785176654.1197155,1785176654.1205637,1785176654.4673092,1785176655.3164628,,,
block1-000276,547.0186399761587,1383.7614189833403,48,152.5,546.3522489881143,1383.0950279952958,0.6663909880444407,block1:s3,policy_fcfs,mixed,1785176654.1262798,1785176654.1269462,1785176654.6733048,1785176655.510048,,,
block1-000277,437.3426615493372,1284.8231215029955,46,357.5,436.6499410243705,1284.1304009780288,0.6927205249667168,block1:s3,policy_fcfs,mixed,1785176654.541987,1785176654.5426798,1785176654.9793391,1785176655.8268197,,,
block1-000278,673.1853890232742,1270.44834906701,43,22.5,672.3320459714159,1269.5950060151517,0.8533430518582463,block1:s3,policy_fcfs,mixed,1785176654.9124122,1785176654.9132667,1785176655.5856082,1785176656.1828713,,,
block1-000279,480.8837752789259,1274.7173502575606,43,110.0,480.2172890631482,1274.050864041783,0.6664862157776952,block1:s3,policy_fcfs,mixed,1785176654.9260337,1785176654.9267006,1785176655.4069247,1785176656.2007582,,,
block1-000280,583.872695802711,1351.729700807482,48,145.0,583.6194349685684,1351.4764399733394,0.2532608341425657,block1:s4,policy_fcfs,mixed,1785176654.9639413,1785176654.9641955,1785176655.5478275,1785176656.3156843,,,
block1-000281,565.149727393873,1335.7694573933259,48,17.5,564.5488409791142,1335.168570978567,0.6008864147588611,block1:s4,policy_fcfs,mixed,1785176655.0005395,1785176655.0011413,1785176655.56571,1785176656.33633,,,
block1-000282,69.99543204437941,3005.65106398426,130,117.5,69.25778102595359,3004.913412965834,0.7376510184258223,block1:zero_tool,policy_fcfs,mixed,1785176655.2248101,1785176655.2255485,1785176655.2948189,1785176658.230475,,,
block1-000283,77.91286963038146,3732.8647245885804,158,132.5,75.86277008522302,3730.814625043422,2.050099545158446,block1:zero_tool,policy_fcfs,mixed,1785176655.3286772,1785176655.3307273,1785176655.4065993,1785176659.061551,,,
block1-000284,479.50065846089274,1211.6639334708452,48,17.5,479.253617930226,1211.4168929401785,0.24704053066670895,block1:s4,policy_fcfs,mixed,1785176655.4067638,1785176655.4070108,1785176655.886275,1785176656.6184385,,,
block1-000285,480.61453190166503,1216.9712579343468,48,105.0,478.58730400912464,1214.9440300418064,2.0272278925403953,block1:s4,policy_fcfs,mixed,1785176655.6605392,1785176655.6625679,1785176656.1411686,1785176656.8775256,,,
block1-000286,72.59253330994397,3856.4860082697123,164,107.5,71.69468805659562,3855.588163016364,0.8978452533483505,block1:zero_tool,policy_fcfs,mixed,1785176655.9669018,1785176655.9678001,1785176656.0395055,1785176659.8233988,,,
block1-000287,483.0367754912004,1227.4341264273971,48,85.0,482.51610808074474,1226.9134590169415,0.5206674104556441,block1:s4,policy_fcfs,mixed,1785176655.9931507,1785176655.9936721,1785176656.4761994,1785176657.2205973,,,
block1-000288,358.1380529794842,1049.9154299031943,43,117.5,357.68472007475793,1049.462096998468,0.45333290472626686,block1:s1,policy_fcfs,mixed,1785176656.0781703,1785176656.0786245,1785176656.4363217,1785176657.1280987,,,
block1-000289,79.78227396961302,1339.9275969713926,58,132.5,79.19047900941223,1339.3358020111918,0.5917949602007866,block1:s1,policy_fcfs,mixed,1785176656.214377,1785176656.2149692,1785176656.2941692,1785176657.5543141,,,
block1-000290,424.06933021266013,1048.4079492744058,43,20.0,422.393791959621,1046.7324110213667,1.6755382530391216,block1:s1,policy_fcfs,mixed,1785176656.704471,1785176656.7061474,1785176657.1285524,1785176657.7528908,,,
block1-000291,371.6827357420698,877.1328907459974,37,15.0,370.61523098964244,876.0653859935701,1.0675047524273396,block1:s1,policy_fcfs,mixed,1785176656.7566345,1785176656.7577028,1785176657.1283324,1785176657.6337824,,,
block1-000292,80.79471124801785,2668.5590642737225,114,15.0,79.42351698875427,2667.187870014459,1.371194259263575,block1:zero_tool,policy_fcfs,mixed,1785176656.8404307,1785176656.8418024,1785176656.9212368,1785176659.509001,,,
block1-000293,88.58170232269913,1430.5898994207382,63,15.0,88.38621492031962,1430.3944120183587,0.1954874023795128,block1:s1,policy_fcfs,mixed,1785176656.952684,1785176656.9528797,1785176657.0412762,1785176658.3832848,,,
block1-000294,72.53016787581146,4149.579407880083,170,177.5,71.5451700380072,4148.5944100422785,0.9849978378042579,block1:zero_tool,policy_fcfs,mixed,1785176656.9683704,1785176656.969356,1785176657.040922,1785176661.1179712,,,
block1-000295,357.6309598283842,865.5277228681371,37,217.5,357.2965729981661,865.1933360379189,0.3343868302181363,block1:s1,policy_fcfs,mixed,1785176657.113941,1785176657.114277,1785176657.4715855,1785176657.9794827,,,
block1-000296,309.2155506601557,1010.8916066819802,40,22.5,308.2085259957239,1009.8845820175484,1.0070246644318104,block1:s2,policy_fcfs,mixed,1785176657.7267766,1785176657.727784,1785176658.0360029,1785176658.7376785,,,
block1-000297,66.11900869756937,2497.7603716542944,95,15.0,65.55128504987806,2497.192648006603,0.5677236476913095,block1:zero_tool,policy_fcfs,mixed,1785176658.1669705,1785176658.1675391,1785176658.2331064,1785176660.6647472,,,
block1-000298,385.53738757036626,952.1140694851056,36,110.0,384.41491301637143,950.9915949311107,1.1224745539948344,block1:s2,policy_fcfs,mixed,1785176658.2492435,1785176658.2503662,1785176658.6347938,1785176659.20137,,,
block1-000299,105.51615210715681,2030.3130011307076,74,95.0,105.21501896437258,2030.0118679879233,0.30113314278423786,block1:s2,policy_fcfs,mixed,1785176658.4159849,1785176658.4162872,1785176658.5215154,1785176660.4463117,,,
block1-000300,372.0451380359009,1081.7850889870897,42,92.5,371.1461659986526,1080.8861169498414,0.8989720372483134,block1:s2,policy_fcfs,mixed,1785176658.445897,1785176658.4467962,1785176658.81795,1785176659.5276895,,,
block1-000301,410.72237596381456,943.4647999005392,38,10.0,410.14659497886896,942.8890189155936,0.5757809849455953,block1:s2,policy_fcfs,mixed,1785176658.5442648,1785176658.5448408,1785176658.9550006,1785176659.4877431,,,
block1-000302,59.01280778925866,4025.881733861752,168,15.0,58.33576200529933,4025.2046880777925,0.6770457839593291,block1:zero_tool,policy_fcfs,mixed,1785176658.6583793,1785176658.6590567,1785176658.7174034,1785176662.6842718,,,
block1-000303,320.42219198774546,872.80432600528,34,15.0,319.44394193124026,871.8260759487748,0.9782500565052032,block1:s2,policy_fcfs,mixed,1785176658.7601485,1785176658.7611272,1785176659.0805798,1785176659.6329625,,,
block1-000304,458.2048555603251,1282.8507166123018,48,17.5,457.7502659521997,1282.3961270041764,0.4545896081253886,block1:s3,policy_fcfs,mixed,1785176658.762411,1785176658.7628658,1785176659.2206213,1785176660.0452673,,,
block1-000305,114.37192070297897,3324.636738630943,137,15.0,113.66777098737657,3323.9325889153406,0.7041497156023979,block1:zero_tool,policy_fcfs,mixed,1785176658.7983654,1785176658.7990696,1785176658.9127443,1785176662.123009,,,
block1-000306,61.892827274277806,3596.967068267986,152,350.0,59.99312596395612,3595.0673669576645,1.8997013103216887,block1:zero_tool,policy_fcfs,mixed,1785176658.8930233,1785176658.894924,1785176658.9549294,1785176662.4900043,,,
block1-000307,114.4954189658165,3090.9857240039855,128,135.0,112.5323319574818,3089.022636995651,1.9630870083346963,block1:zero_tool,policy_fcfs,mixed,1785176659.2288191,1785176659.2307825,1785176659.3433242,1785176662.319814,,,
block1-000308,427.42336564697325,1378.3677705796435,48,10.0,426.4037950197235,1377.3481999523938,1.0195706272497773,block1:s3,policy_fcfs,mixed,1785176659.2456543,1785176659.2466745,1785176659.6730947,1785176660.6240392,,,
block1-000309,67.4106904771179,5049.033614457585,200,320.0,66.37861800845712,5048.001541988924,1.0320724686607718,block1:zero_tool,policy_fcfs,mixed,1785176659.5683203,1785176659.5693524,1785176659.6357405,1785176664.6173625,,,
block1-000310,81.46111771930009,4273.858513683081,171,170.0,80.61592606827617,4273.013322032057,0.8451916510239244,block1:zero_tool,policy_fcfs,mixed,1785176659.6410902,1785176659.6419358,1785176659.722563,1785176663.9149604,,,
block1-000311,622.6989175193012,1392.9114114725962,48,320.0,622.1674690023065,1392.3799629556015,0.5314485169947147,block1:s3,policy_fcfs,mixed,1785176659.7027743,1785176659.7033076,1785176660.3254914,1785176661.095704,,,
block1-000312,662.3942599399015,1401.0119038866833,48,115.0,661.9874520692974,1400.6050960160792,0.40680787060409784,block1:s4,policy_fcfs,mixed,1785176659.760263,1785176659.7606704,1785176660.4226704,1785176661.161287,,,
block1-000313,626.7738076858222,1373.6310556996614,48,10.0,626.1580920545384,1373.0153400683776,0.6157156312838197,block1:s4,policy_fcfs,mixed,1785176659.818957,1785176659.819574,1785176660.4457438,1785176661.1926012,,,
block1-000314,142.01504178345203,3077.3140077944845,130,117.5,141.45596500020474,3076.754931011237,0.559076783247292,block1:zero_tool,policy_fcfs,mixed,1785176659.8474312,1785176659.8479905,1785176659.989453,1785176662.9247518,,,
block1-000315,82.0436836220324,4178.186897654086,170,60.0,79.84359399415553,4175.9868080262095,2.200089627876878,block1:zero_tool,policy_fcfs,mixed,1785176659.9198089,1785176659.9220107,1785176660.0018709,1785176664.098014,,,
block1-000316,91.52610809542239,3933.616286027245,161,107.5,90.50022496376187,3932.5904028955847,1.025883131660521,block1:zero_tool,policy_fcfs,mixed,1785176660.0684206,1785176660.0694466,1785176660.1599538,1785176664.0020437,,,
block1-000317,555.2668436430395,1296.1187176406384,48,170.0,554.3456539744511,1295.19752797205,0.9211896685883403,block1:s4,policy_fcfs,mixed,1785176660.0688832,1785176660.0698044,1785176660.6241531,1785176661.3650053,,,
block1-000318,546.885063056834,1288.3928309893236,48,10.0,546.6470259707421,1288.1547939032316,0.23803708609193563,block1:s4,policy_fcfs,mixed,1785176660.0973465,1785176660.0975854,1785176660.6442435,1785176661.3857512,,,
block1-000319,493.3526396052912,1234.4869006192312,48,70.0,492.45802592486143,1233.5922869388014,0.8946136804297566,block1:s4,policy_fcfs,mixed,1785176660.214775,1785176660.21567,1785176660.708139,1785176661.449273,,,
block1-000320,391.8846333399415,1092.5040183356032,43,545.0,389.9008519947529,1090.5202369904146,1.9837813451886177,block1:s1,policy_fcfs,mixed,1785176660.2515419,1785176660.2535257,1785176660.6434364,1785176661.344056,,,
block1-000321,100.98330373875797,4409.640587749891,179,115.0,100.5822418956086,4409.239525906742,0.401061843149364,block1:zero_tool,policy_fcfs,mixed,1785176660.3252141,1785176660.3256156,1785176660.4262102,1785176664.7348676,,,
block1-000322,353.4309100359678,1036.7528450442478,43,107.5,352.9327339492738,1036.2546689575538,0.49817608669400215,block1:s1,policy_fcfs,mixed,1785176660.5183108,1785176660.5188103,1785176660.8717563,1785176661.5550785,,,
block1-000323,75.56185591965914,1570.860038860701,71,820.0,75.08121698629111,1570.379399927333,0.4806389333680272,block1:s1,policy_fcfs,mixed,1785176660.7099276,1785176660.7104082,1785176660.7855,1785176662.2807984,,,
block1-000324,362.8886896185577,988.7736046221107,42,485.0,362.06492804922163,987.9498430527747,0.8237615693360567,block1:s1,policy_fcfs,mixed,1785176660.8726058,1785176660.8734298,1785176661.2355034,1785176661.8613882,,,
block1-000325,305.9924900298938,810.1100790081546,34,60.0,305.30408304184675,809.4216720201075,0.6884069880470634,block1:s1,policy_fcfs,mixed,1785176660.8861744,1785176660.886863,1785176661.192178,1785176661.6962957,,,
block1-000326,359.97174435760826,980.697687366046,43,187.5,358.3148840116337,979.0408270200714,1.6568603459745646,block1:s1,policy_fcfs,mixed,1785176661.0043926,1785176661.0060503,1785176661.3643863,1785176661.9851127,,,
block1-000327,95.14090069569647,1226.4586417004466,56,117.5,94.36574892606586,1225.683489930816,0.7751517696306109,block1:s1,policy_fcfs,mixed,1785176661.075135,1785176661.0759108,1785176661.1702864,1785176662.3016043,,,
block1-000328,283.00457797013223,883.6840649601072,38,25.0,282.38945500925183,883.0689419992268,0.6151229608803988,block1:s2,policy_fcfs,mixed,1785176661.7804427,1785176661.781058,1785176662.0634558,1785176662.664136,,,
block1-000329,79.49748961254954,3366.8151675956324,128,117.5,78.91081203706563,3366.2284900201485,0.5866775754839182,block1:zero_tool,policy_fcfs,mixed,1785176661.9057367,1785176661.9063237,1785176661.9852443,1785176665.2725625,,,
block1-000330,346.7091516358778,982.6869426760823,36,217.5,345.227014971897,981.2048060121015,1.482136663980782,block1:s2,policy_fcfs,mixed,1785176662.39456,1785176662.3960433,1785176662.7412815,1785176663.3772595,,,
block1-000331,106.6799780819565,2081.7600841401145,74,75.0,105.67120392806828,2080.7513099862263,1.0087741538882256,block1:s2,policy_fcfs,mixed,1785176662.4942641,1785176662.495273,1785176662.6009536,1785176664.5760336,,,
block1-000332,61.13559450022876,4271.765663521364,167,115.0,59.862727066501975,4270.4927960876375,1.2728674337267876,block1:zero_tool,policy_fcfs,mixed,1785176662.5828474,1785176662.5841205,1785176662.643991,1785176666.8546214,,,
block1-000333,443.1921897921711,1248.0537828523666,44,545.0,441.5059658931568,1246.3675589533523,1.6862238990142941,block1:s2,policy_fcfs,mixed,1785176662.7537527,1785176662.7554393,1785176663.1969552,1785176664.0018163,,,
block1-000334,107.53961990121752,6676.66507686954,269,60.0,105.71205511223525,6674.837512080558,1.8275647889822721,block1:zero_tool,policy_fcfs,mixed,1785176662.8971617,1785176662.8989902,1785176663.0047143,1785176669.57384,,,
block1-000335,371.1617268854752,1016.2954238476232,34,140.0,371.0113869747147,1016.1450839368626,0.1503399107605219,block1:s2,policy_fcfs,mixed,1785176662.9418936,1785176662.9420443,1785176663.3130648,1785176663.9581988,,,
block1-000336,556.6513680387288,1495.1673080213368,48,132.5,555.9526600409299,1494.4686000235379,0.6987079977989197,block1:s3,policy_fcfs,mixed,1785176662.9581616,1785176662.958861,1785176663.5148377,1785176664.4533536,,,
block1-000337,332.6817530905828,994.9807521188632,33,320.0,331.87345799524337,994.1724570235237,0.8082950953394175,block1:s3,policy_fcfs,mixed,1785176663.044729,1785176663.0455382,1785176663.3774223,1785176664.0397217,,,
block1-000338,445.8794458769262,1261.8939068634063,41,60.0,445.1099819270894,1261.1244429135695,0.7694639498367906,block1:s3,policy_fcfs,mixed,1785176663.1916687,1785176663.1924393,1785176663.637561,1785176664.4535751,,,
block1-000339,82.18336291611195,3918.2642679661512,154,107.5,81.230349955149,3917.3112550051883,0.9530129609629512,block1:zero_tool,policy_fcfs,mixed,1785176663.253565,1785176663.2545195,1785176663.3357794,1785176667.1718602,,,
block1-000340,410.9606024576351,1253.125081420876,41,485.0,410.6359410798177,1252.8004200430587,0.32466137781739235,block1:s3,policy_fcfs,mixed,1785176663.3843637,1785176663.3846884,1785176663.7953324,1785176664.637496,,,
block1-000341,458.3781023975462,1312.7617693971843,43,217.5,456.99509303085506,1311.3787600304931,1.3830093666911125,block1:s3,policy_fcfs,mixed,1785176663.5430121,1785176663.5443964,1785176664.0014234,1785176664.8558075,,,
block1-000342,629.7052943846211,1459.1657004784793,49,85.0,629.4106428977102,1458.8710489915684,0.2946514869108796,block1:s3,policy_fcfs,mixed,1785176663.6068375,1785176663.6071336,1785176664.2365613,1785176665.0660217,,,
block1-000343,387.7784479409456,1314.4827268552035,43,177.5,386.71669200994074,1313.4209709241986,1.0617559310048819,block1:s3,policy_fcfs,mixed,1785176663.728351,1785176663.7294147,1785176664.1161444,1785176665.042849,,,
block1-000344,596.7535052914172,1400.9577243123204,48,485.0,595.6558940233663,1399.8601130442694,1.0976112680509686,block1:s4,policy_fcfs,mixed,1785176663.9363225,1785176663.9374201,1785176664.533085,1785176665.33729,,,
block1-000345,557.0975750451908,1361.7710100952536,48,50.0,556.8016530014575,1361.4750880515203,0.2959220437332988,block1:s4,policy_fcfs,mixed,1785176664.102994,1785176664.10329,1785176664.6601007,1785176665.4647737,,,
block1-000346,579.6339656226337,1350.8199097122997,48,412.5,578.7503399187699,1349.936284008436,0.8836257038637996,block1:s4,policy_fcfs,mixed,1785176664.154836,1785176664.1557205,1785176664.7344837,1785176665.5056689,,,
block1-000347,511.00781676359475,1283.3383607212454,48,357.5,509.1920809354633,1281.522624893114,1.8157358281314373,block1:s4,policy_fcfs,mixed,1785176664.2620203,1785176664.2638364,1785176664.773038,1785176665.5453687,,,
block1-000348,489.8397356737405,1244.4572626845911,48,17.5,488.8545200228691,1243.4720470337197,0.9852156508713961,block1:s4,policy_fcfs,mixed,1785176664.3660746,1785176664.3670602,1785176664.8559265,1785176665.6105447,,,
block1-000349,91.27743681892753,4307.213896769099,177,15.0,90.72932205162942,4306.665782001801,0.5481147672981024,block1:zero_tool,policy_fcfs,mixed,1785176664.4214177,1785176664.4219663,1785176664.5127044,1785176668.728641,,,
block1-000350,491.45017785485834,1243.1791707640514,48,95.0,490.4990050708875,1242.2279979800805,0.9511727839708328,block1:s4,policy_fcfs,mixed,1785176664.6138756,1785176664.614827,1785176665.1053333,1785176665.8570626,,,
block1-000351,511.9931058725342,1212.401912896894,48,15.0,511.8218670831993,1212.230674107559,0.17123878933489323,block1:s4,policy_fcfs,mixed,1785176664.7647202,1785176664.7648916,1785176665.2767227,1785176665.9771323,,,
block1-000352,414.7739220643416,1083.1015950534493,43,152.5,413.98454003501683,1082.3122130241245,0.78938202932477,block1:s1,policy_fcfs,mixed,1785176664.8133235,1785176664.8141143,1785176665.2281103,1785176665.8964374,,,
block1-000353,82.02817419078201,3424.54035312403,142,10.0,81.81072503793985,3424.3229039711878,0.21744915284216404,block1:zero_tool,policy_fcfs,mixed,1785176664.9642308,1785176664.9644492,1785176665.0462751,1785176668.3887875,,,
block1-000354,296.50411452166736,949.6503184782341,40,412.5,296.02213809266686,949.1683420492336,0.48197642900049686,block1:s1,policy_fcfs,mixed,1785176665.1258562,1785176665.1263385,1785176665.4223707,1785176666.0755165,,,
block1-000355,130.68040751386434,3505.2505005151033,145,15.0,129.7972520114854,3504.3673450127244,0.8831555023789406,block1:zero_tool,policy_fcfs,mixed,1785176665.141533,1785176665.1424177,1785176665.2722347,1785176668.6468043,,,
block1-000356,104.50227360706776,3941.5454596746713,166,20.0,103.97244000341743,3941.015626071021,0.5298336036503315,block1:zero_tool,policy_fcfs,mixed,1785176665.171964,1785176665.1724954,1785176665.2764795,1785176669.1135225,,,
block1-000357,97.1057143760845,1516.0109113203362,65,50.0,96.72360809054226,1515.628805034794,0.3821062855422497,block1:s1,policy_fcfs,mixed,1785176665.1797688,1785176665.1801512,1785176665.2768805,1785176666.6957858,,,
block1-000358,66.74440030474216,4378.676364198327,188,15.0,65.20319904666394,4377.135162940249,1.5412012580782175,block1:zero_tool,policy_fcfs,mixed,1785176665.3139954,1785176665.3155382,1785176665.3807573,1785176669.6926887,,,
block1-000359,83.02340272348374,1478.373858728446,59,25.0,82.25290104746819,1477.6033570524305,0.7705016760155559,block1:s1,policy_fcfs,mixed,1785176665.59496,1785176665.5957308,1785176665.677992,1785176667.0733418,,,
block1-000360,307.1124624693766,986.5789724281058,40,20.0,306.3183539779857,985.7848639367148,0.7941084913909435,block1:s2,policy_fcfs,mixed,1785176665.7085404,1785176665.709335,1785176666.0156643,1785176666.6951308,,,
block1-000361,126.2217020848766,2192.7078150911257,87,17.5,125.61497103888541,2192.1010840451345,0.6067310459911823,block1:zero_tool,policy_fcfs,mixed,1785176665.7094808,1785176665.7100878,1785176665.8357081,1785176667.9021945,,,
block1-000362,331.94310823455453,887.5414412468672,36,15.0,331.32684300653636,886.925176018849,0.6162652280181646,block1:s2,policy_fcfs,mixed,1785176665.7231426,1785176665.7237592,1785176666.055102,1785176666.6107006,,,
block1-000363,368.5273547889665,1092.32013579458,43,115.0,368.15510294400156,1091.947883949615,0.3722518449649215,block1:s2,policy_fcfs,mixed,1785176666.0793622,1785176666.0797346,1785176666.4478986,1785176667.171691,,,
block1-000364,304.8829163890332,908.2673194352537,35,115.0,304.4537699315697,907.8381729777902,0.4291464574635029,block1:s2,policy_fcfs,mixed,1785176666.203279,1785176666.2037084,1785176666.5081713,1785176667.111555,,,
block1-000365,80.72864299174398,4034.532321966253,172,15.0,80.16239898279309,4033.9660779573023,0.5662440089508891,block1:zero_tool,policy_fcfs,mixed,1785176666.268518,1785176666.269086,1785176666.3492603,1785176670.303064,,,
block1-000366,108.96484914701432,3916.86328407377,167,117.5,107.51820798031986,3915.4166429070756,1.4466411666944623,block1:zero_tool,policy_fcfs,mixed,1785176666.6671956,1785176666.6686435,1785176666.7761738,1785176670.5840719,,,
block1-000367,369.1078001866117,928.3290001330897,34,177.5,368.774106958881,927.995306905359,0.33369322773069143,block1:s2,policy_fcfs,mixed,1785176666.6841192,1785176666.6844542,1785176667.0532393,1785176667.6124604,,,
block1-000368,462.98811631277204,1277.1066153654829,48,177.5,461.6692300187424,1275.7877290714532,1.318886294029653,block1:s3,policy_fcfs,mixed,1785176666.7275476,1785176666.7288678,1785176667.190551,1785176668.0046697,,,
block1-000369,425.18624709919095,1222.7492871461436,48,357.5,423.0303569929674,1220.59339703992,2.1558901062235236,block1:s3,policy_fcfs,mixed,1785176666.845172,1785176666.8473284,1785176667.270373,1785176668.0679357,,,
block1-000370,74.59531596396118,3734.0309700230137,160,287.5,74.19380592182279,3733.6294599808753,0.4015100421383977,block1:zero_tool,policy_fcfs,mixed,1785176667.358034,1785176667.3584366,1785176667.432642,1785176671.092078,,,
block1-000371,59.796659857966006,3763.1394199561328,163,92.5,58.809416950680315,3762.152177048847,0.9872429072856903,block1:zero_tool,policy_fcfs,mixed,1785176667.3726618,1785176667.3736498,1785176667.4324715,1785176671.1358142,,,
block1-000372,444.1432749154046,1162.8277029376477,41,395.0,442.9853829788044,1161.6698110010475,1.1578919366002083,block1:s3,policy_fcfs,mixed,1785176667.3979213,1785176667.39908,1785176667.8420749,1785176668.5607586,,,
block1-000373,529.136368422769,1214.2165465047583,46,282.5,528.4493839135394,1213.5295619955286,0.68698450922966,block1:s3,policy_fcfs,mixed,1785176667.4751673,1785176667.4758546,1785176668.004313,1785176668.6893928,,,
block1-000374,547.1497145481408,1126.6209974419326,43,100.0,546.4183890726417,1125.8896719664335,0.7313254754990339,block1:s3,policy_fcfs,mixed,1785176667.5206313,1785176667.5213635,1785176668.067794,1785176668.6472652,,,
block1-000375,430.2227306179702,1172.0121266553178,48,412.5,429.7230140073225,1171.51241004467,0.499716610647738,block1:s3,policy_fcfs,mixed,1785176667.7172792,1785176667.7177794,1785176668.1475117,1785176668.889301,,,
block1-000376,75.67485875915736,3223.612533765845,143,412.5,75.43745404109359,3223.3751290477812,0.23740471806377172,block1:zero_tool,policy_fcfs,mixed,1785176667.932242,1785176667.9324794,1785176668.0079257,1785176671.1558635,,,
block1-000377,482.07654466386884,1183.9053586591035,48,550.0,481.66936496272683,1183.4981789579615,0.4071797011420131,block1:s4,policy_fcfs,mixed,1785176668.2075317,1785176668.2079399,1785176668.6896203,1785176669.3914497,,,
block1-000378,446.41172885894775,1147.9633658891544,48,20.0,445.6202279543504,1147.171864984557,0.791500904597342,block1:s4,policy_fcfs,mixed,1785176668.303685,1785176668.3044772,1785176668.750108,1785176669.4516592,,,
block1-000379,110.03329430241138,2804.7334712464362,126,15.0,109.79770706035197,2804.497884004377,0.23558724205940962,block1:zero_tool,policy_fcfs,mixed,1785176668.4501655,1785176668.450402,1785176668.560228,1785176671.254928,,,
block1-000380,85.17986070364714,3796.942813671194,171,15.0,84.92091600783169,3796.6838689753786,0.258944695815444,block1:zero_tool,policy_fcfs,mixed,1785176668.4783967,1785176668.478657,1785176668.5635922,1785176672.275358,,,
block1-000381,59.729215572588146,4857.160780578852,212,12.5,59.23440295737237,4856.665967963636,0.49481261521577835,block1:zero_tool,policy_fcfs,mixed,1785176668.6712964,1785176668.6717916,1785176668.731036,1785176673.528468,,,
block1-000382,110.61969224829227,3822.4213732173666,168,15.0,108.72594697866589,3820.5276279477403,1.893745269626379,block1:zero_tool,policy_fcfs,mixed,1785176669.0383937,1785176669.0402877,1785176669.149029,1785176672.8608313,,,
block1-000383,449.26138047594577,1179.2519545415416,48,10.0,449.1400459082797,1179.1306199738756,0.12133456766605377,block1:s4,policy_fcfs,mixed,1785176669.0408168,1785176669.0409381,1785176669.4900842,1785176670.2200742,,,
block1-000384,125.37329760380089,4307.73027765099,187,160.0,124.71543997526169,4307.07242002245,0.6578576285392046,block1:zero_tool,policy_fcfs,mixed,1785176669.1029415,1785176669.1035995,1785176669.228324,1785176673.410681,,,
block1-000385,77.19307439401746,1447.4456714233384,65,282.5,76.54611393809319,1446.798710967414,0.6469604559242725,block1:s1,policy_fcfs,mixed,1785176669.154571,1785176669.1552181,1785176669.2317724,1785176670.6020257,,,
block1-000386,396.9324972713366,973.1950802961364,41,92.5,396.6274500126019,972.8900330374017,0.30504725873470306,block1:s1,policy_fcfs,mixed,1785176669.5553057,1785176669.5556116,1785176669.9522479,1785176670.528511,,,
block1-000387,123.73516906518489,4924.387165112421,217,20.0,123.47377999685705,4924.125776044093,0.26138906832784414,block1:zero_tool,policy_fcfs,mixed,1785176669.6627688,1785176669.6630316,1785176669.7865186,1785176674.5871708,,,
block1-000388,302.9482710408047,939.078371040523,39,10.0,302.76810692157596,938.8982069212943,0.18016411922872066,block1:s1,policy_fcfs,mixed,1785176669.7046297,1785176669.70481,1785176670.0075881,1785176670.6437182,,,
block1-000389,113.21245913859457,4380.893293186091,192,15.0,112.92408790905029,4380.604921956547,0.28837122954428196,block1:zero_tool,policy_fcfs,mixed,1785176669.936772,1785176669.9370615,1785176670.0499985,1785176674.3176796,,,
block1-000390,270.1979000121355,916.9997019926086,39,17.5,269.69700201880187,916.498803999275,0.5008979933336377,block1:s1,policy_fcfs,mixed,1785176669.9497273,1785176669.9502292,1785176670.2199376,1785176670.8667397,,,
block1-000391,97.92513307183981,3730.6065360317007,161,12.5,97.74283808656037,3730.4242410464212,0.18229498527944088,block1:zero_tool,policy_fcfs,mixed,1785176669.9578197,1785176669.958002,1785176670.0557516,1785176673.6884334,,,
block1-000392,284.33575574308634,893.4784957673401,40,105.0,283.77196099609137,892.9147010203451,0.5637947469949722,block1:s2,policy_fcfs,mixed,1785176670.581206,1785176670.5817716,1785176670.8655694,1785176671.4747124,,,
block1-000393,287.3334684409201,922.1238414756954,40,820.0,287.05909103155136,921.8494640663266,0.27437740936875343,block1:s2,policy_fcfs,mixed,1785176670.6855078,1785176670.6857846,1785176670.9728637,1785176671.6076534,,,
block1-000394,334.068767959252,852.3877559928223,36,75.0,333.40965397655964,851.72864201013,0.6591139826923609,block1:s2,policy_fcfs,mixed,1785176670.6974428,1785176670.6981022,1785176671.0315206,1785176671.5498397,,,
block1-000395,77.87171320524067,11976.436820230447,526,15.0,77.14099797885865,11975.706105004065,0.7307152263820171,block1:zero_tool,policy_fcfs,mixed,1785176670.874296,1785176670.875027,1785176670.9521785,1785176682.8507433,,,
block1-000396,65.408322843723,4610.9159828629345,207,22.5,65.00394002068788,4610.511600039899,0.40438282303512096,block1:zero_tool,policy_fcfs,mixed,1785176671.031239,1785176671.0316436,1785176671.0966563,1785176675.6421642,,,
block1-000397,461.3988676574081,1135.0463626440614,49,17.5,460.2878229925409,1133.9353179791942,1.1110446648672223,block1:s2,policy_fcfs,mixed,1785176671.224193,1785176671.225305,1785176671.6856055,1785176672.3592522,,,
block1-000398,344.60274677257985,902.3844797629863,38,10.0,344.1085950471461,901.8903280375525,0.49415172543376684,block1:s2,policy_fcfs,mixed,1785176671.456451,1785176671.4569461,1785176671.8010678,1785176672.3588493,,,
block1-000399,376.7962490674108,937.938351999037,37,217.5,375.4210760816932,936.5631790133193,1.3751729857176542,block1:s2,policy_fcfs,mixed,1785176671.8377793,1785176671.8391552,1785176672.2145855,1785176672.775728,,,
block1-000400,74.4435879169032,2933.1425519194454,126,280.0,73.41176294721663,2932.110726949759,1.0318249696865678,block1:zero_tool,policy_fcfs,mixed,1785176671.9458113,1785176671.9468434,1785176672.0202658,1785176674.878964,,,
block1-000401,283.67734199855477,1040.017843944952,39,307.5,283.3981449948624,1039.7386469412595,0.27919700369238853,block1:s3,policy_fcfs,mixed,1785176672.0302446,1785176672.0305243,1785176672.3139348,1785176673.070276,,,
block1-000402,64.94189437944442,3561.439042445272,161,47.5,64.16107795666903,3560.658226022497,0.7808164227753878,block1:zero_tool,policy_fcfs,mixed,1785176672.2943883,1785176672.29517,1785176672.3593416,1785176675.8558388,,,
block1-000403,67.60794681031257,3693.1823258055374,165,550.0,66.87496206723154,3692.4493410624564,0.7329847430810332,block1:zero_tool,policy_fcfs,mixed,1785176672.4312935,1785176672.4320302,1785176672.4989336,1785176676.124508,,,
block1-000404,74.19981388375163,3672.960878815502,162,17.5,73.5081119928509,3672.269176924601,0.6917018909007311,block1:zero_tool,policy_fcfs,mixed,1785176672.5487292,1785176672.5494218,1785176672.6230626,1785176676.2218225,,,
block1-000405,535.4834730969742,1294.7061081649736,48,12.5,535.293600987643,1294.5162360556424,0.18987210933119059,block1:s3,policy_fcfs,mixed,1785176672.572439,1785176672.57263,1785176673.1079357,1785176673.867158,,,
block1-000406,592.3339255386963,1154.3231895193458,43,395.0,591.6091019753367,1153.598365955986,0.7248235633596778,block1:s3,policy_fcfs,mixed,1785176672.65449,1785176672.655215,1785176673.246835,1785176673.8088245,,,
block1-000407,371.5013094479218,1125.3389545017853,43,105.0,370.03024597652256,1123.867891030386,1.4710634713992476,block1:s3,policy_fcfs,mixed,1785176672.762353,1785176672.7638252,1785176673.1338665,1785176673.8877032,,,
block1-000408,547.6125437999144,1221.9998007640243,48,17.5,545.7348650088534,1220.1221219729632,1.8776787910610437,block1:s4,policy_fcfs,mixed,1785176672.9390824,1785176672.9409614,1785176673.486708,1785176674.161095,,,
block1-000409,512.5376584473997,1182.3762784479186,48,155.0,511.88289700075984,1181.7215170012787,0.6547614466398954,block1:s4,policy_fcfs,mixed,1785176673.095576,1785176673.096232,1785176673.6081247,1785176674.2779632,,,
block1-000410,483.0076948273927,1150.9930219035596,48,287.5,482.1770410053432,1150.16236808151,0.8306538220494986,block1:s4,policy_fcfs,mixed,1785176673.223907,1785176673.2247393,1785176673.7069304,1785176674.3749158,,,
block1-000411,443.5859483201057,1108.1877963151783,48,15.0,442.5133770564571,1107.1152250515297,1.0725712636485696,block1:s4,policy_fcfs,mixed,1785176673.3434372,1785176673.344511,1785176673.7870376,1785176674.451639,,,
block1-000412,420.88890133891255,1076.9691073801368,48,287.5,419.82084698975086,1075.9010530309752,1.0680543491616845,block1:s4,policy_fcfs,mixed,1785176673.9354548,1785176673.9365232,1785176674.356353,1785176675.0124338,,,
block1-000413,420.34562048502266,1053.3836394315585,48,117.5,419.92783499881625,1052.9658539453521,0.4177854862064123,block1:s4,policy_fcfs,mixed,1785176674.6287441,1785176674.629163,1785176675.0491018,1785176675.6821392,,,
block1-000414,70.12636447325349,4080.6553314905614,167,115.0,69.36843995936215,4079.89740697667,0.7579245138913393,block1:zero_tool,policy_fcfs,mixed,1785176674.769095,1785176674.7698557,1785176674.839256,1785176678.8497846,,,
block1-000415,61.95120594929904,3605.036546010524,147,135.0,61.75003002863377,3604.8353700898588,0.20117592066526413,block1:zero_tool,policy_fcfs,mixed,1785176675.0276372,1785176675.0278387,1785176675.089597,1785176678.632683,,,
block1-000416,102.47005650307983,4779.942989582196,193,282.5,101.29739495459944,4778.7703280337155,1.1726615484803915,block1:zero_tool,policy_fcfs,mixed,1785176675.5393052,1785176675.54048,1785176675.641796,1785176680.3192692,,,
block1-000417,96.83257492724806,3704.6387179289013,145,152.5,96.22812201268971,3704.034265014343,0.604452914558351,block1:zero_tool,policy_fcfs,mixed,1785176675.5451512,1785176675.5457566,1785176675.6419952,1785176679.2498019,,,
block1-000418,274.43150244653225,870.4379643313587,36,20.0,272.4987850524485,868.5052469372749,1.9327173940837383,block1:s1,policy_fcfs,mixed,1785176675.5812907,1785176675.5832243,1785176675.8557403,1785176676.4517467,,,
block1-000419,72.96243763994426,4135.6216836720705,161,357.5,72.55673094186932,4135.215976973996,0.40570669807493687,block1:zero_tool,policy_fcfs,mixed,1785176675.8240302,1785176675.8244364,1785176675.8970041,1785176679.9596636,,,
block1-000420,362.5302085420117,1131.6955015063286,36,357.5,361.79370200261474,1130.9589949669316,0.7365065393969417,block1:s1,policy_fcfs,mixed,1785176675.8984103,1785176675.899147,1785176676.2609499,1785176677.0301156,,,
block1-000421,114.49022777378559,1784.404059755616,61,15.0,113.53437195066363,1783.448203932494,0.9558558231219649,block1:s1,policy_fcfs,mixed,1785176676.1070857,1785176676.108043,1785176676.2215903,1785176677.8915033,,,
block1-000422,264.8644372820854,1090.4468892840669,36,287.5,264.36265103984624,1089.9451030418277,0.5017862422391772,block1:s1,policy_fcfs,mixed,1785176676.1306093,1785176676.1311116,1785176676.3954844,1785176677.2210665,,,
block1-000423,386.19499653577805,1113.374137552455,34,412.5,385.6093519134447,1112.7884929301217,0.5856446223333478,block1:s1,policy_fcfs,mixed,1785176676.3235111,1785176676.3240983,1785176676.7097235,1785176677.4369023,,,
block1-000424,362.6506822183728,1192.0319101773202,37,117.5,361.68002302292734,1191.0612509818748,0.970659195445478,block1:s2,policy_fcfs,mixed,1785176676.3678558,1785176676.3688276,1785176676.7305174,1785176677.559899,,,
block1-000425,580.0064966315404,1222.3004006082192,38,155.0,578.1291159801185,1220.4230199567974,1.877380651421845,block1:s2,policy_fcfs,mixed,1785176676.5068257,1785176676.5087032,1785176677.0868413,1785176677.729135,,,
block1-000426,83.74099514912814,4065.7520041568205,165,12.5,83.52523995563388,4065.536248963326,0.2157551934942603,block1:zero_tool,policy_fcfs,mixed,1785176676.5863316,1785176676.5865493,1785176676.6700883,1785176680.6520991,,,
block1-000427,116.1310930037871,3298.744029016234,129,320.0,115.48987403512001,3298.102810047567,0.6412189686670899,block1:zero_tool,policy_fcfs,mixed,1785176676.7109015,1785176676.711545,1785176676.8270545,1785176680.009667,,,
block1-000428,479.13787129800767,1148.325227200985,36,115.0,479.0025110123679,1148.1898669153452,0.13536028563976288,block1:s2,policy_fcfs,mixed,1785176676.7202513,1785176676.720387,1785176677.1993957,1785176677.868583,,,
block1-000429,450.07849065586925,1249.5648437179625,41,115.0,449.3420639773831,1248.8284170394763,0.7364266784861684,block1:s2,policy_fcfs,mixed,1785176676.7269006,1785176676.7276382,1785176677.1769905,1785176677.9764767,,,
block1-000430,507.55401293281466,1174.8189369682223,38,110.0,507.24673899821937,1174.511663033627,0.30727393459528685,block1:s2,policy_fcfs,mixed,1785176676.7378213,1785176676.738129,1785176677.2453861,1785176677.9126515,,,
block1-000431,477.528941933997,1147.3837608937174,37,10.0,476.5268440824002,1146.3816630421206,1.0020978515967727,block1:s2,policy_fcfs,mixed,1785176676.7434516,1785176676.744454,1785176677.2209885,1785176677.8908434,,,
block1-000432,119.60781970992684,3099.460985744372,125,10.0,119.16007089894265,3099.013236933388,0.4477488109841943,block1:zero_tool,policy_fcfs,mixed,1785176676.909894,1785176676.910342,1785176677.029516,1785176680.0093682,,,
block1-000433,514.9573584785685,1282.05524047371,48,105.0,514.2465149983764,1281.3443969935179,0.7108434801921248,block1:s3,policy_fcfs,mixed,1785176676.921462,1785176676.9221733,1785176677.436432,1785176678.2035286,,,
block1-000434,80.2966837072745,3944.881656789221,166,135.0,79.36535694170743,3943.950330023654,0.9313267655670643,block1:zero_tool,policy_fcfs,mixed,1785176677.0526145,1785176677.053548,1785176677.132932,1785176680.9975188,,,
block1-000435,537.9546924959868,1233.4660755004734,48,172.5,537.0556350098923,1232.5670180143788,0.8990574860945344,block1:s3,policy_fcfs,mixed,1785176677.1914313,1785176677.192331,1785176677.7294104,1785176678.4249218,,,
block1-000436,132.98296998254955,11548.085529939272,510,85.0,131.3960780389607,11546.498637995683,1.5868919435888529,block1:zero_tool,policy_fcfs,mixed,1785176677.233885,1785176677.2354732,1785176677.3668816,1785176688.7819839,,,
block1-000437,71.3475460652262,2938.129676040262,122,132.5,70.21660206373781,2936.9987320387736,1.1309440014883876,block1:zero_tool,policy_fcfs,mixed,1785176677.3016722,1785176677.3028042,1785176677.3730311,1785176680.2398133,,,
block1-000438,529.287806712091,1206.3025597017258,46,10.0,528.6914430325851,1205.70619602222,0.5963636795058846,block1:s3,policy_fcfs,mixed,1785176677.3394296,1785176677.340027,1785176677.8687267,1785176678.5457416,,,
block1-000439,492.139567155391,1284.232929116115,48,395.0,491.6121440473944,1283.7055060081184,0.527423107996583,block1:s3,policy_fcfs,mixed,1785176677.5852194,1785176677.5857472,1785176678.0773685,1785176678.8694615,,,
block1-000440,454.93018021807075,1245.1468892395496,48,85.0,454.7868629451841,1245.003571966663,0.14331727288663387,block1:s4,policy_fcfs,mixed,1785176677.6649973,1785176677.6651418,1785176678.11994,1785176678.9101567,,,
block1-000441,109.25444134045392,2990.239950362593,130,95.0,108.4607089869678,2989.446218009107,0.7937323534861207,block1:zero_tool,policy_fcfs,mixed,1785176678.3957171,1785176678.3965118,1785176678.504986,1785176681.3859718,,,
block1-000442,108.41231618542224,2814.2200912116095,122,545.0,106.51975695509464,2812.327531981282,1.8925592303276062,block1:zero_tool,policy_fcfs,mixed,1785176678.437472,1785176678.4393668,1785176678.5459058,1785176681.2517138,,,
block1-000443,507.81672552693635,1258.3618805510923,48,10.0,507.4304980225861,1257.975653046742,0.386227504350245,block1:s4,policy_fcfs,mixed,1785176678.4448514,1785176678.4452379,1785176678.9526746,1785176679.70322,,,
block1-000444,515.9513193648309,1242.6305153639987,48,17.5,515.5925219878554,1242.2717179870233,0.35879737697541714,block1:s4,policy_fcfs,mixed,1785176678.5752103,1785176678.5755696,1785176679.0911741,1785176679.8178532,,,
block1-000445,472.7418103720993,1206.1383343534544,48,12.5,471.39903996139765,1204.7955639427528,1.3427704107016325,block1:s4,policy_fcfs,mixed,1785176678.6743433,1785176678.6756887,1785176679.1471107,1785176679.880507,,,
block1-000446,472.53078885842115,1197.117512812838,49,152.5,471.9459960469976,1196.5327200014144,0.5847928114235401,block1:s4,policy_fcfs,mixed,1785176678.9627964,1785176678.963385,1785176679.43537,1785176680.1599562,,,
block1-000447,456.6129988525063,1140.1086827972904,48,17.5,454.6158449957147,1138.1115289404988,1.9971538567915559,block1:s4,policy_fcfs,mixed,1785176679.2214572,1785176679.2234566,1785176679.678092,1785176680.3615873,,,
block1-000448,63.18600976374,2521.331659751013,117,105.0,62.3454749584198,2520.4911249456927,0.8405348053202033,block1:zero_tool,policy_fcfs,mixed,1785176679.3500607,1785176679.350902,1785176679.4132593,1785176681.8714046,,,
block1-000449,75.73544303886592,1549.2436881177127,69,172.5,74.80444002430886,1548.3126851031557,0.9310030145570636,block1:s1,policy_fcfs,mixed,1785176679.4107091,1785176679.4116411,1785176679.4864602,1785176680.9599688,,,
block1-000450,67.02377169858664,4947.080955724232,224,297.5,66.20815896894783,4946.265342994593,0.8156127296388149,block1:zero_tool,policy_fcfs,mixed,1785176679.6111135,1785176679.6119306,1785176679.6781502,1785176684.558208,,,
block1-000451,328.4156284062192,951.0492935078219,42,170.0,328.1734719639644,950.8071370655671,0.24215644225478172,block1:s1,policy_fcfs,mixed,1785176679.6811616,1785176679.681404,1785176680.0095897,1785176680.632224,,,
block1-000452,58.39990312233567,5471.554089104757,243,17.5,57.92534502688795,5471.079531009309,0.4745580954477191,block1:zero_tool,policy_fcfs,mixed,1785176679.90778,1785176679.9082549,1785176679.9661903,1785176685.379345,,,
block1-000453,87.49118237756193,1408.7850212818012,65,135.0,86.70386008452624,1407.9976989887655,0.787322293035686,block1:s1,policy_fcfs,mixed,1785176680.0524201,1785176680.0532076,1785176680.1399229,1785176681.4612162,,,
block1-000454,64.42112429067492,16323.532154317945,720,117.5,64.2053879564628,16323.316417983733,0.21573633421212435,block1:zero_tool,policy_fcfs,mixed,1785176680.2969506,1785176680.2971673,1785176680.361385,1785176696.620497,,,
block1-000455,297.20461438409984,768.2811773847789,33,92.5,296.3233459740877,767.3999089747667,0.881268410012126,block1:s1,policy_fcfs,mixed,1785176680.4832072,1785176680.484092,1785176680.7804449,1785176681.2515223,,,
block1-000456,400.4982243059203,895.4254082636908,38,145.0,400.2092370064929,895.1364209642634,0.2889872994273901,block1:s2,policy_fcfs,mixed,1785176680.6940672,1785176680.6943564,1785176681.0945761,1785176681.5895035,,,
block1-000457,334.7239065915346,973.7272516358644,42,60.0,333.64776091184467,972.6511059561744,1.0761456796899438,block1:s2,policy_fcfs,mixed,1785176681.5171795,1785176681.518256,1785176681.8519137,1785176682.4909172,,,
block1-000458,361.88594170380384,1042.7442096406594,43,20.0,361.28675600048155,1042.145023937337,0.5991857033222914,block1:s2,policy_fcfs,mixed,1785176682.031096,1785176682.031697,1785176682.3930051,1785176683.0738633,,,
block1-000459,328.09765450656414,1010.2145104901865,43,22.5,326.8032349878922,1008.9200909715146,1.2944195186719298,block1:s2,policy_fcfs,mixed,1785176682.1413527,1785176682.1426492,1785176682.46948,1785176683.1515968,,,
block1-000460,303.76455443911254,1082.93693640735,42,282.5,303.07810299564153,1082.250484963879,0.6864514434710145,block1:s2,policy_fcfs,mixed,1785176682.6047742,1785176682.6054618,1785176682.908551,1785176683.687723,,,
block1-000461,299.1663223365322,1056.0639484319836,41,550.0,298.2797679724172,1055.1773940678686,0.8865543641149998,block1:s2,policy_fcfs,mixed,1785176682.6509826,1785176682.6518703,1785176682.95016,1785176683.7070575,,,
block1-000462,399.53115850221366,983.2450425019488,38,140.0,398.5574330436066,982.2713170433417,0.9737254586070776,block1:s2,policy_fcfs,mixed,1785176682.8806233,1785176682.8815978,1785176683.280165,1785176683.8638778,,,
block1-000463,244.9397575110197,820.0445105321705,31,350.0,244.6387029485777,819.7434559697285,0.3010545624420047,block1:s2,policy_fcfs,mixed,1785176682.9455266,1785176682.94583,1785176683.190488,1785176683.7655928,,,
block1-000464,59.703845414333045,3413.236164371483,147,117.5,58.609948959201574,3412.1422679163516,1.0938964551314712,block1:zero_tool,policy_fcfs,mixed,1785176683.134492,1785176683.1355867,1785176683.194208,1785176686.5477414,,,
block1-000465,65.96111261751503,2989.7159977117553,126,155.0,65.15399797353894,2988.9088830677792,0.8071146439760923,block1:zero_tool,policy_fcfs,mixed,1785176683.1920166,1785176683.1928241,1785176683.2579904,1785176686.1817453,,,
block1-000466,512.419191072695,1224.7515191556886,48,322.5,511.3301819656044,1223.662510048598,1.0890091070905328,block1:s3,policy_fcfs,mixed,1785176683.2331345,1785176683.2342238,1785176683.7455623,1785176684.4578946,,,
block1-000467,472.57543134037405,1187.6040743663907,48,135.0,472.2800829913467,1187.3087260173634,0.29534834902733564,block1:s3,policy_fcfs,mixed,1785176683.3510437,1785176683.3513408,1785176683.8236415,1785176684.5386703,,,
block1-000468,75.35005430690944,3744.0121363615617,163,17.5,74.41725302487612,3743.0793350795284,0.9328012820333242,block1:zero_tool,policy_fcfs,mixed,1785176683.4588375,1785176683.4597714,1785176683.534201,1785176687.202862,,,
block1-000469,373.4100165311247,1047.7147154742852,43,92.5,372.5603020284325,1046.865000971593,0.8497145026922226,block1:s3,policy_fcfs,mixed,1785176683.4903684,1785176683.491219,1785176683.8637922,1785176684.5380983,,,
block1-000470,618.738426011987,1169.5796630810946,43,297.5,618.0114180315286,1168.8526551006362,0.7270079804584384,block1:s3,policy_fcfs,mixed,1785176684.1126068,1785176684.113336,1785176684.7313647,1785176685.2822063,,,
block1-000471,83.93368765246123,2994.36990567483,128,17.5,82.79542601667345,2993.2316440390423,1.138261635787785,block1:zero_tool,policy_fcfs,mixed,1785176684.2086942,1785176684.2098346,1785176684.2926428,1785176687.203079,,,
block1-000472,522.9100630385801,1298.2097601052374,48,395.0,522.2976509248838,1297.597347991541,0.6124121136963367,block1:s4,policy_fcfs,mixed,1785176684.2850869,1785176684.2857003,1785176684.8081753,1785176685.583475,,,
block1-000473,96.91158821806312,2848.4388712095097,122,395.0,95.9909149678424,2847.518197959289,0.920673250220716,block1:zero_tool,policy_fcfs,mixed,1785176684.3175495,1785176684.3184705,1785176684.414471,1785176687.1659975,,,
block1-000474,89.4854967482388,3656.3778268173337,162,307.5,88.85808091145009,3655.750410980545,0.6274158367887139,block1:zero_tool,policy_fcfs,mixed,1785176684.348503,1785176684.349131,1785176684.437997,1785176688.0048895,,,
block1-000475,505.56169578339905,1266.1716087022796,48,132.5,504.02337999548763,1264.6332929143682,1.538315787911415,block1:s4,policy_fcfs,mixed,1785176684.537276,1785176684.5388148,1785176685.0428474,1785176685.803457,,,
block1-000476,499.24202158581465,1261.550038587302,48,117.5,498.7787079298869,1261.0867249313742,0.4633136559277773,block1:s4,policy_fcfs,mixed,1785176684.5630686,1785176684.5635326,1785176685.0623229,1785176685.8246315,,,
block1-000477,496.65097787510604,1215.9617008874193,48,15.0,495.3731399727985,1214.6838629851118,1.2778379023075104,block1:s4,policy_fcfs,mixed,1785176684.8466508,1785176684.8479307,1785176685.3433213,1785176686.062632,,,
block1-000478,487.67669149674475,1173.5059245256707,48,572.5,485.58208998292685,1171.4113230118528,2.0946015138179064,block1:s4,policy_fcfs,mixed,1785176685.1153452,1785176685.1174407,1785176685.6030352,1785176686.2888634,,,
block1-000479,471.89693863037974,1137.2008005855605,48,17.5,470.5595680279657,1135.8634299831465,1.337370602414012,block1:s4,policy_fcfs,mixed,1785176685.251329,1785176685.2526703,1785176685.7232642,1785176686.3885686,,,
block1-000480,350.30759987421334,976.2129249284044,43,52.5,349.05634890310466,974.9616739572957,1.251250971108675,block1:s1,policy_fcfs,mixed,1785176685.4312541,1785176685.4325078,1785176685.7815847,1785176686.4074898,,,
block1-000481,103.10604644473642,1549.1073854500428,69,47.5,102.41128504276276,1548.4126240480691,0.6947614019736648,block1:s1,policy_fcfs,mixed,1785176685.6166627,1785176685.6173577,1785176685.7197807,1785176687.1657815,,,
block1-000482,334.2527511995286,939.852083218284,43,15.0,334.0121479704976,939.611479989253,0.24060322903096676,block1:s1,policy_fcfs,mixed,1785176685.6448205,1785176685.6450617,1785176685.979085,1785176686.5846844,,,
block1-000483,79.51473037246615,1580.0453764386475,72,105.0,78.67018401157111,1579.2008300777525,0.8445463608950377,block1:s1,policy_fcfs,mixed,1785176685.7958834,1785176685.7967281,1785176685.8754091,1785176687.3759398,,,
block1-000484,69.77584830019623,5419.314493308775,238,350.0,69.27990994881839,5418.818554957397,0.4959383513778448,block1:zero_tool,policy_fcfs,mixed,1785176685.8484323,1785176685.8489285,1785176685.9182162,1785176691.2677553,,,
block1-000485,82.70917646586895,1401.2530804611742,62,155.0,81.52064809110016,1400.0645520864055,1.1885283747687936,block1:s1,policy_fcfs,mixed,1785176686.1473036,1785176686.1484926,1785176686.2300234,1785176687.5485673,,,
block1-000486,107.79426957014948,1521.3395776227117,67,60.0,107.27358004078269,1520.8188880933449,0.5206895293667912,block1:s1,policy_fcfs,mixed,1785176686.948971,1785176686.9494927,1785176687.0567772,1785176688.4703224,,,
block1-000487,128.84670833591372,5020.2997393207625,217,92.5,127.36045499332249,5018.813485978171,1.486253342591226,block1:zero_tool,policy_fcfs,mixed,1785176686.986495,1785176686.9879823,1785176687.1153543,1785176692.006808,,,
block1-000488,337.04434405080974,966.7079551145434,41,17.5,336.33676602039486,966.0003770841286,0.7075780304148793,block1:s2,policy_fcfs,mixed,1785176687.0190918,1785176687.0198004,1785176687.3561492,1785176687.9858131,,,
block1-000489,88.2457090774551,2154.995850054547,95,322.5,87.99270796589553,2154.7428489429876,0.25300111155956984,block1:zero_tool,policy_fcfs,mixed,1785176687.0777588,1785176687.0780134,1785176687.166141,1785176689.2328916,,,
block1-000490,315.1197973638773,824.2825594497845,36,17.5,313.6125470045954,822.7753090905026,1.5072503592818975,block1:s2,policy_fcfs,mixed,1785176687.4510422,1785176687.452551,1785176687.7661777,1785176688.27534,,,
block1-000491,66.40719063580036,2923.49452059716,126,15.0,65.81202300731093,2922.8993529686704,0.5951676284894347,block1:zero_tool,policy_fcfs,mixed,1785176687.5604575,1785176687.5610547,1785176687.6268864,1785176690.483973,,,
block1-000492,67.15042400173843,4050.434033968486,173,60.0,66.24355795793235,4049.52716792468,0.906866043806076,block1:zero_tool,policy_fcfs,mixed,1785176687.6412265,1785176687.6421351,1785176687.7084398,1785176691.6917236,,,
block1-000493,262.23051839042455,1001.7796864267439,41,357.5,262.0878010056913,1001.6369690420106,0.14271738473325968,block1:s2,policy_fcfs,mixed,1785176687.8984795,1785176687.898623,1785176688.160722,1785176688.9002712,,,
block1-000494,321.3719903724268,948.3328954083845,36,95.0,320.70629100780934,947.667196043767,0.6656993646174669,block1:s2,policy_fcfs,mixed,1785176688.1675024,1785176688.1681705,1785176688.4888973,1785176689.1158576,,,
block1-000495,75.08656126447022,2889.661133172922,118,12.5,74.03827703092247,2888.612848939374,1.0482842335477471,block1:zero_tool,policy_fcfs,mixed,1785176688.3950627,1785176688.3961143,1785176688.4701817,1785176691.284756,,,
block1-000496,364.45495614316314,923.2550311135128,32,820.0,363.56528603937477,922.3653610097244,0.8896701037883759,block1:s3,policy_fcfs,mixed,1785176688.5870917,1785176688.5879822,1785176688.9515593,1785176689.5103602,,,
block1-000497,507.22224125638604,1299.5081612607464,48,60.0,506.59590610302985,1298.8818261073902,0.6263351533561945,block1:s3,policy_fcfs,mixed,1785176688.6831183,1785176688.6837456,1785176689.1903532,1785176689.9826393,,,
block1-000498,429.23271225299686,1012.0294252410531,38,12.5,428.7727440241724,1011.5694570122287,0.45996822882443666,block1:s3,policy_fcfs,mixed,1785176688.761722,1785176688.7621832,1785176689.1909688,1785176689.7737668,,,
block1-000499,474.76562194060534,1247.7438299683854,48,15.0,474.2188850650564,1247.1970930928364,0.5467368755489588,block1:s3,policy_fcfs,mixed,1785176688.8564758,1785176688.8570266,1785176689.3312802,1785176690.1042583,,,
block1-000500,81.62962226197124,3497.9502332862467,154,20.0,81.33937895763665,3497.659989981912,0.2902433043345809,block1:zero_tool,policy_fcfs,mixed,1785176688.9523952,1785176688.9526858,1785176689.0340343,1785176692.4503543,,,
block1-000501,80.31114365439862,2993.500615702942,128,15.0,79.51552700251341,2992.704999051057,0.7956166518852115,block1:zero_tool,policy_fcfs,mixed,1785176688.9537613,1785176688.9545593,1785176689.0341043,1785176691.9472938,,,
block1-000502,92.54762181080878,5285.193863790482,225,187.5,91.62959503009915,5284.275837009773,0.9180267807096243,block1:zero_tool,policy_fcfs,mixed,1785176689.2138927,1785176689.2148125,1785176689.3064551,1785176694.4991016,,,
block1-000503,413.45887316856533,1204.3011372443289,48,10.0,412.81911090482026,1203.6613749805838,0.6397622637450695,block1:s3,policy_fcfs,mixed,1785176689.2202957,1785176689.2209358,1785176689.633763,1785176690.4246051,,,
block1-000504,64.91775985341519,2943.646179861389,129,217.5,64.29120700340718,2943.019627011381,0.6265528500080109,block1:zero_tool,policy_fcfs,mixed,1785176689.4486632,1785176689.4492912,1785176689.513596,1785176692.3923244,,,
block1-000505,505.42859290726483,1300.9858129080385,48,12.5,505.21696801297367,1300.7741880137473,0.2116248942911625,block1:s4,policy_fcfs,mixed,1785176689.6018376,1785176689.6020505,1785176690.1072805,1785176690.9028382,,,
block1-000506,477.68332238774747,1274.8045882908627,48,115.0,477.5411740411073,1274.6624399442226,0.14214834664016962,block1:s4,policy_fcfs,mixed,1785176689.6675196,1785176689.6676626,1785176690.1452138,1785176690.9423356,,,
block1-000507,434.86740614753217,1254.3235961347818,48,12.5,433.5848999908194,1253.041089978069,1.2825061567127705,block1:s4,policy_fcfs,mixed,1785176689.7503297,1785176689.7516155,1785176690.1852262,1785176691.0046825,,,
block1-000508,62.16729967854917,3919.529731734656,167,320.0,60.97065797075629,3918.333090026863,1.1966417077928782,block1:zero_tool,policy_fcfs,mixed,1785176690.044494,1785176690.0456939,1785176690.1066914,1785176693.9640546,,,
block1-000509,558.1305617233738,1251.5934437979013,48,412.5,557.73721402511,1251.2000960996374,0.393347698263824,block1:s4,policy_fcfs,mixed,1785176690.292884,1785176690.293278,1785176690.8512082,1785176691.544671,,,
block1-000510,529.2396151926368,1230.926961172372,48,217.5,528.4417549846694,1230.1291009644046,0.7978602079674602,block1:s4,policy_fcfs,mixed,1785176690.5199583,1785176690.520757,1785176691.0492094,1785176691.7508965,,,
block1-000511,484.1101560741663,1185.2174780797213,48,187.5,483.32910996396095,1184.436431969516,0.7810461102053523,block1:s4,policy_fcfs,mixed,1785176690.6458964,1785176690.6466799,1785176691.1300282,1785176691.8311372,,,
block1-000512,401.8465942936018,1065.1832042494789,43,297.5,400.7885220926255,1064.1251320485026,1.0580722009763122,block1:s1,policy_fcfs,mixed,1785176690.6664388,1785176690.6674984,1785176691.068299,1785176691.7316358,,,
block1-000513,81.33864297997206,1441.2077559391037,66,70.0,80.33339900430292,1440.2025119634345,1.0052439756691456,block1:s1,policy_fcfs,mixed,1785176690.776418,1785176690.777424,1785176690.8579516,1785176692.2178214,,,
block1-000514,325.0678837066516,966.6308437008411,43,95.0,324.3600680725649,965.9230280667543,0.7078156340867281,block1:s1,policy_fcfs,mixed,1785176690.9419544,1785176690.9426625,1785176691.2670305,1785176691.9085934,,,
block1-000515,395.5282288370654,992.3042628215626,45,395.0,394.16112401522696,990.9371579997241,1.3671048218384385,block1:s1,policy_fcfs,mixed,1785176691.1880734,1785176691.1894414,1785176691.583614,1785176692.1803901,,,
block1-000516,333.78934662323445,869.7692116256803,39,20.0,333.28580495435745,869.2656699568033,0.5035416688770056,block1:s1,policy_fcfs,mixed,1785176691.2715993,1785176691.272103,1785176691.6053972,1785176692.1413774,,,
block1-000517,67.16809270437807,9757.393621723168,435,100.0,66.81526300963014,9757.04079202842,0.3528296947479248,block1:zero_tool,policy_fcfs,mixed,1785176691.3199983,1785176691.3203511,1785176691.3871737,1785176701.0773993,,,
block1-000518,90.56369448080659,1462.026601540856,66,60.0,90.0729289278388,1461.5358359878883,0.4907655529677868,block1:s1,policy_fcfs,mixed,1785176691.3900473,1785176691.3905382,1785176691.480621,1785176692.8520837,,,
block1-000519,57.054221048019826,6847.447924083099,297,15.0,56.642147013917565,6847.0358500489965,0.41207403410226107,block1:zero_tool,policy_fcfs,mixed,1785176692.2587283,1785176692.2591405,1785176692.3158073,1785176699.1062007,,,
block1-000520,345.9281767718494,953.2011938281357,34,85.0,345.2057549729943,952.4787720292807,0.7224217988550663,block1:s2,policy_fcfs,mixed,1785176692.4484856,1785176692.4492087,1785176692.7944252,1785176693.4016984,,,
block1-000521,497.52215074840933,1086.0901006963104,38,117.5,497.0245349686593,1085.5924849165604,0.4976157797500491,block1:s2,policy_fcfs,mixed,1785176692.5942445,1785176692.5947442,1785176693.091788,1785176693.680356,,,
block1-000522,419.6764549706131,977.586388005875,36,357.5,418.68594696279615,976.5958799980581,0.9905080078169703,block1:s2,policy_fcfs,mixed,1785176692.823238,1785176692.824231,1785176693.2429357,1785176693.800846,,,
block1-000523,422.4167311331257,1143.7456860439852,43,70.0,422.04943706747144,1143.378391978331,0.3672940656542778,block1:s2,policy_fcfs,mixed,1785176692.860067,1785176692.8604345,1785176693.2824924,1785176694.0038216,,,
block1-000524,324.2184621049091,881.108294124715,35,115.0,323.1983780860901,880.088210105896,1.020084018819034,block1:s2,policy_fcfs,mixed,1785176692.9583535,1785176692.9593756,1785176693.2825933,1785176693.839483,,,
block1-000525,83.44858384225518,3821.4191078441218,165,15.0,83.09673296753317,3821.0672569693998,0.35185087472200394,block1:zero_tool,policy_fcfs,mixed,1785176693.008113,1785176693.0084658,1785176693.0915759,1785176696.8295462,,,
block1-000526,90.3651057742536,1597.6928097661585,67,20.0,89.46895401459187,1596.7966580064967,0.8961517596617341,block1:s2,policy_fcfs,mixed,1785176693.094069,1785176693.0949657,1785176693.184452,1785176694.6917791,,,
block1-000527,271.5870486572385,949.7249526903033,37,110.0,271.4226159732789,949.5605200063437,0.1644326839596033,block1:s2,policy_fcfs,mixed,1785176693.3878424,1785176693.3880076,1785176693.6594403,1785176694.3375776,,,
block1-000528,484.89121184684336,1192.2164458082989,48,52.5,484.65217906050384,1191.9774130219594,0.2390327863395214,block1:s3,policy_fcfs,mixed,1785176693.4993887,1785176693.499629,1785176693.9842927,1785176694.691619,,,
block1-000529,104.4440494151786,3940.7720854505897,172,10.0,103.29897690098733,3939.6270129363984,1.1450725141912699,block1:zero_tool,policy_fcfs,mixed,1785176693.5132463,1785176693.514392,1785176693.6176975,1785176697.454026,,,
block1-000530,84.32796073611826,3642.2580257058144,161,75.0,83.7189779849723,3641.6490429546684,0.6089827511459589,block1:zero_tool,policy_fcfs,mixed,1785176693.5752945,1785176693.5759048,1785176693.6596367,1785176697.2175677,,,
block1-000531,482.9700862755999,1225.3293573157862,48,20.0,481.2111100181937,1223.57038105838,1.7589762574061751,block1:s3,policy_fcfs,mixed,1785176693.8355415,1785176693.8373008,1785176694.318521,1785176695.0608804,,,
block1-000532,101.22700850479305,4002.897241502069,176,322.5,100.71078094188124,4002.381013939157,0.5162275629118085,block1:zero_tool,policy_fcfs,mixed,1785176693.8636672,1785176693.8641837,1785176693.9649003,1785176697.8665712,,,
block1-000533,415.2544632088393,1190.4569112230092,48,320.0,414.64310500305146,1189.8455530172214,0.6113582057878375,block1:s3,policy_fcfs,mixed,1785176694.0218384,1785176694.02245,1785176694.437101,1785176695.2123039,,,
block1-000534,521.7839889228344,1163.3036700077355,43,152.5,521.5298389084637,1163.0495199933648,0.25415001437067986,block1:s3,policy_fcfs,mixed,1785176694.4077916,1785176694.4080472,1785176694.9295876,1785176695.571108,,,
block1-000535,495.15492853242904,1215.6018915120512,48,170.0,494.76751498878,1215.2144779684022,0.3874135436490178,block1:s3,policy_fcfs,mixed,1785176694.7172887,1785176694.717677,1785176695.2124553,1785176695.9329026,,,
block1-000536,71.60531904082745,4267.200151109137,189,115.0,70.92149497475475,4266.516327043064,0.6838240660727024,block1:zero_tool,policy_fcfs,mixed,1785176694.857236,1785176694.8579211,1785176694.9288533,1785176699.1244476,,,
block1-000537,505.01933926716447,1184.7658082842827,48,10.0,504.2753469897434,1184.0218160068616,0.7439922774210572,block1:s4,policy_fcfs,mixed,1785176694.8862262,1785176694.8869703,1785176695.3912535,1785176696.0709999,,,
block1-000538,514.1604732489213,1185.3340811794624,48,12.5,513.1262950599194,1184.2999029904604,1.0341781890019774,block1:s4,policy_fcfs,mixed,1785176695.1003447,1785176695.10138,1785176695.6145186,1785176696.2856925,,,
block1-000539,512.9088975954801,1183.216332574375,48,115.0,512.222484103404,1182.5299190822989,0.6864134920760989,block1:s4,policy_fcfs,mixed,1785176695.1215112,1785176695.1221983,1785176695.6344295,1785176696.304737,,,
block1-000540,441.09312060754746,1106.9065376650542,48,322.5,440.2055889368057,1106.0190059943125,0.8875316707417369,block1:s4,policy_fcfs,mixed,1785176695.3927445,1785176695.3936322,1785176695.8338475,1785176696.4996603,,,
block1-000541,78.50262557622045,2869.8618225753307,128,17.5,78.32291803788394,2869.682115036994,0.17970753833651543,block1:zero_tool,policy_fcfs,mixed,1785176695.4963026,1785176695.4964833,1785176695.5748155,1785176698.366175,,,
block1-000542,417.7025011740625,1092.798202065751,48,20.0,416.7882850160822,1091.8839859077707,0.9142161579802632,block1:s4,policy_fcfs,mixed,1785176696.0823371,1785176696.0832517,1785176696.500051,1785176697.175145,,,
block1-000543,419.79410278145224,1146.8736347742379,48,545.0,419.44916010834277,1146.5286921011284,0.3449426731094718,block1:s4,policy_fcfs,mixed,1785176696.523954,1785176696.5242994,1785176696.94376,1785176697.6708393,,,
block1-000544,76.24139508698136,4620.4836800461635,205,287.5,76.11142797395587,4620.353712933138,0.12996711302548647,block1:zero_tool,policy_fcfs,mixed,1785176696.9703076,1785176696.970438,1785176697.0466704,1785176701.590913,,,
block1-000545,86.22348867356777,1599.4798366446048,66,15.0,85.34859295468777,1598.6049409257248,0.8748957188799977,block1:s1,policy_fcfs,mixed,1785176697.0321658,1785176697.0330417,1785176697.118403,1785176698.6316595,,,
block1-000546,391.26338122878224,1024.5207492262125,44,10.0,390.0267310673371,1023.2840990647674,1.2366501614451408,block1:s1,policy_fcfs,mixed,1785176697.0427957,1785176697.0440326,1785176697.4340675,1785176698.067325,,,
block1-000547,82.06948195584118,1725.0921840313822,72,20.0,81.51086792349815,1724.5335699990392,0.55861403234303,block1:s1,policy_fcfs,mixed,1785176697.2031753,1785176697.203735,1785176697.2852578,1785176698.92828,,,
block1-000548,372.6102099753916,1087.3107659863308,42,282.5,371.19246600195765,1085.8930220128968,1.4177439734339714,block1:s1,policy_fcfs,mixed,1785176697.298008,1785176697.299426,1785176697.670628,1785176698.3853285,,,
block1-000549,99.83484097756445,1439.5678410073742,61,485.0,99.40502292010933,1439.138022949919,0.42981805745512247,block1:s1,policy_fcfs,mixed,1785176697.5487828,1785176697.5492134,1785176697.6486278,1785176698.9883602,,,
block1-000550,64.9229132104665,7106.068243156187,305,20.0,64.05948905739933,7105.20481900312,0.8634241530671716,block1:zero_tool,policy_fcfs,mixed,1785176697.585278,1785176697.586142,1785176697.650211,1785176704.691357,,,
block1-000551,55.98625831771642,2674.733938300051,122,17.5,55.70565606467426,2674.4533360470086,0.28060225304216146,block1:zero_tool,policy_fcfs,mixed,1785176697.814982,1785176697.8152637,1785176697.8709834,1785176700.4897316,,,
block1-000552,376.7555651720613,958.6782362312078,38,12.5,376.6932350117713,958.6159060709178,0.06233016029000282,block1:s2,policy_fcfs,mixed,1785176698.008555,1785176698.0086179,1785176698.3854578,1785176698.9673805,,,
block1-000553,79.58772871643305,2093.9071647590026,92,550.0,78.69729399681091,2093.0167300393805,0.8904347196221352,block1:zero_tool,policy_fcfs,mixed,1785176698.0263505,1785176698.027242,1785176698.105951,1785176700.1202703,,,
block1-000554,421.6283020796254,937.9587180446833,37,75.0,420.53679993841797,936.8672159034759,1.0915021412074566,block1:s2,policy_fcfs,mixed,1785176698.1284432,1785176698.129537,1785176698.5500932,1785176699.066423,,,
block1-000555,393.3776740450412,1025.804559001699,43,350.0,393.1544130900875,1025.5812980467454,0.2232609549537301,block1:s2,policy_fcfs,mixed,1785176698.1756978,1785176698.1759224,1785176698.5691051,1785176699.2015326,,,
block1-000556,375.6953902775422,892.4766123527661,36,350.0,374.7062829788774,891.4875050541013,0.9891072986647487,block1:s2,policy_fcfs,mixed,1785176698.1934807,1785176698.194471,1785176698.5691853,1785176699.0859666,,,
block1-000557,359.07382401637733,833.0367819871753,38,15.0,358.87782892677933,832.8407868975773,0.19599508959800005,block1:s2,policy_fcfs,mixed,1785176698.46412,1785176698.464316,1785176698.8232028,1785176699.2971659,,,
block1-000558,361.2354467622936,824.5842517353594,38,287.5,360.7180119724944,824.0668169455603,0.5174347897991538,block1:s2,policy_fcfs,mixed,1785176698.5668697,1785176698.5673902,1785176698.928136,1785176699.3914855,,,
block1-000559,63.48004937171936,11244.187379372306,489,572.5,62.2708760201931,11242.97820602078,1.2091733515262604,block1:zero_tool,policy_fcfs,mixed,1785176698.8234143,1785176698.8246267,1785176698.8869298,1785176710.0676367,,,
block1-000560,442.8169102175161,1101.6524812439457,48,395.0,441.8347340542823,1100.6703050807118,0.9821761632338166,block1:s3,policy_fcfs,mixed,1785176699.406891,1785176699.407876,1785176699.849737,1785176700.5085723,,,
block1-000561,95.32776731066406,4187.54462338984,176,187.5,94.69211590476334,4186.908971983939,0.6356514059007168,block1:zero_tool,policy_fcfs,mixed,1785176699.7134924,1785176699.7141309,1785176699.8088534,1785176703.9010696,,,
block1-000562,92.25676208734512,5281.767755164765,220,412.5,91.53537591919303,5281.046368996613,0.7213861681520939,block1:zero_tool,policy_fcfs,mixed,1785176699.7193823,1785176699.720104,1785176699.8116457,1785176705.0011573,,,
block1-000563,272.2393710864708,966.2067490862682,41,92.5,271.94911090191454,965.916488901712,0.2902601845562458,block1:s3,policy_fcfs,mixed,1785176699.9994006,1785176699.9996917,1785176700.2716534,1785176700.9656205,,,
block1-000564,67.81757180579007,3180.617843871005,130,485.0,66.61504600197077,3179.4153180671856,1.2025258038192987,block1:zero_tool,policy_fcfs,mixed,1785176700.3241115,1785176700.3253145,1785176700.3919408,1785176703.5047414,,,
block1-000565,444.3298284895718,1172.8382175788283,43,280.0,443.5303279897198,1172.0387170789763,0.7995004998520017,block1:s3,policy_fcfs,mixed,1785176700.756273,1785176700.7570734,1785176701.2006166,1785176701.9291246,,,
block1-000566,644.9419218115509,1184.2904367949814,43,75.0,644.2569660721347,1183.6054810555652,0.684955739416182,block1:s3,policy_fcfs,mixed,1785176700.7642777,1785176700.7649632,1785176701.4092276,1785176701.948577,,,
block1-000567,360.0154344458133,1094.8262754827738,43,140.0,359.8550499882549,1094.6658910252154,0.16038445755839348,block1:s3,policy_fcfs,mixed,1785176700.9338844,1785176700.9340458,1785176701.2939222,1785176702.0287328,,,
block1-000568,61.59267411567271,3737.5877511221915,151,10.0,60.6457699323073,3736.640846938826,0.9469041833654046,block1:zero_tool,policy_fcfs,mixed,1785176701.139071,1785176701.1400194,1785176701.2006779,1785176704.8766732,,,
block1-000569,500.1782573526725,1210.2691263426095,48,70.0,499.89403795916587,1209.9849069491029,0.28421939350664616,block1:s4,policy_fcfs,mixed,1785176701.1524835,1785176701.1527703,1785176701.6526892,1785176702.3627806,,,
block1-000570,108.4871175698936,3335.6666745385155,133,217.5,108.0665229819715,3335.2460799505934,0.42059458792209625,block1:zero_tool,policy_fcfs,mixed,1785176701.300645,1785176701.301066,1785176701.4091446,1785176704.636324,,,
block1-000571,68.3435668470338,4586.63277188316,187,10.0,67.95472302474082,4586.243928060867,0.38884382229298353,block1:zero_tool,policy_fcfs,mixed,1785176701.3437388,1785176701.34413,1785176701.412109,1785176705.9303973,,,
block1-000572,463.7721504550427,1210.6547304429114,48,572.5,463.1703569320962,1210.0529369199648,0.6017935229465365,block1:s4,policy_fcfs,mixed,1785176701.4447205,1785176701.4453247,1785176701.908514,1785176702.6553967,,,
block1-000573,74.62746510282159,4223.4566390980035,170,135.0,74.4411830091849,4223.270357004367,0.18628209363669157,block1:zero_tool,policy_fcfs,mixed,1785176701.5779445,1785176701.5781317,1785176701.652585,1785176705.8014135,,,
block1-000574,423.99622476659715,1239.1977937659249,48,105.0,423.12939604744315,1238.3309650467709,0.8668287191540003,block1:s4,policy_fcfs,mixed,1785176701.6810899,1785176701.6819568,1785176702.1050978,1785176702.9202988,,,
block1-000575,523.6730620963499,1357.2723621036857,48,85.0,523.0700740357861,1356.669374043122,0.6029880605638027,block1:s4,policy_fcfs,mixed,1785176702.2084925,1785176702.2090967,1785176702.7321792,1785176703.565778,,,
block1-000576,448.97330505773425,1238.7077690800652,43,217.5,448.70120100677013,1238.435665029101,0.27210405096411705,block1:s1,policy_fcfs,mixed,1785176702.471052,1785176702.4713254,1785176702.9200387,1785176703.7097735,,,
block1-000577,92.64901257120073,3749.5667955372483,149,485.0,92.34852809458971,3749.2663110606372,0.3004844766110182,block1:zero_tool,policy_fcfs,mixed,1785176702.522567,1785176702.522869,1785176702.6152318,1785176706.2721484,,,
block1-000578,410.40816879831254,1036.573562771082,36,115.0,410.1199860451743,1036.2853800179437,0.28818275313824415,block1:s1,policy_fcfs,mixed,1785176702.529378,1785176702.529667,1785176702.9397979,1785176703.565963,,,
block1-000579,85.24099888745695,3698.9883698988706,147,412.5,83.99715495761484,3697.7445259690285,1.2438439298421144,block1:zero_tool,policy_fcfs,mixed,1785176702.5729122,1785176702.5741577,1785176702.658169,1785176706.2719169,,,
block1-000580,394.48976272251457,1186.8674727156758,42,50.0,394.22632299829274,1186.604032991454,0.2634397242218256,block1:s1,policy_fcfs,mixed,1785176702.6505373,1785176702.6508021,1785176703.0450437,1785176703.837422,,,
block1-000581,109.98991585802287,11364.005551906303,499,17.5,109.18154194951057,11363.19717799779,0.8083739085122943,block1:zero_tool,policy_fcfs,mixed,1785176702.7836285,1785176702.7844374,1785176702.893761,1785176714.147776,,,
block1-000582,70.21257269661874,1765.0517467409372,69,60.0,69.88682504743338,1764.7259990917519,0.3257476491853595,block1:s1,policy_fcfs,mixed,1785176702.8310194,1785176702.8313463,1785176702.901246,1785176704.5960858,,,
block1-000583,82.52031088341027,3920.438703848049,160,60.0,81.44146797712892,3919.3598609417677,1.078842906281352,block1:zero_tool,policy_fcfs,mixed,1785176703.028458,1785176703.0295372,1785176703.1109896,1785176706.9489086,,,
block1-000584,397.80610403977334,1124.4375801179558,40,155.0,397.523712948896,1124.1551890270784,0.28239109087735415,block1:s2,policy_fcfs,mixed,1785176703.2104535,1785176703.210738,1785176703.6082761,1785176704.334908,,,
block1-000585,472.2698702244088,1034.201676142402,38,15.0,471.71663807239383,1033.648443990387,0.5532321520149708,block1:s2,policy_fcfs,mixed,1785176703.3211727,1785176703.321727,1785176703.7934556,1785176704.3553874,,,
block1-000586,444.77566215209663,1173.661178094335,43,107.5,442.48200696893036,1171.3675229111686,2.2936551831662655,block1:s2,policy_fcfs,mixed,1785176703.3270547,1785176703.3293493,1785176703.7718444,1785176704.5007303,,,
block1-000587,441.7455088114366,1172.8423348395154,43,22.5,441.46557699423283,1172.5624030223116,0.27993181720376015,block1:s2,policy_fcfs,mixed,1785176703.3512633,1785176703.3515449,1785176703.7930224,1785176704.5241191,,,
block1-000588,313.050102093257,913.6493710102513,35,395.0,312.5414360547438,913.1407049717382,0.5086660385131836,block1:s2,policy_fcfs,mixed,1785176703.587655,1785176703.5881646,1785176703.9007158,1785176704.5013137,,,
block1-000589,103.79427787847817,3433.327940874733,142,115.0,102.88708098232746,3432.4207439785823,0.9071968961507082,block1:zero_tool,policy_fcfs,mixed,1785176703.6060834,1785176703.6069932,1785176703.7098966,1785176707.0394313,,,
block1-000590,96.57205722760409,1715.2923941612244,67,17.5,95.99207399878651,1714.7124109324068,0.5799832288175821,block1:s2,policy_fcfs,mixed,1785176704.0489807,1785176704.0495615,1785176704.1455657,1785176705.7642863,,,
block1-000591,110.65379483625293,3089.332474861294,126,17.5,110.37500097882003,3089.053681003861,0.27879385743290186,block1:zero_tool,policy_fcfs,mixed,1785176704.115247,1785176704.115527,1785176704.225913,1785176707.2045915,,,
block1-000592,71.90540118608624,5522.588615189306,240,287.5,69.94979490991682,5520.633008913137,1.9556062761694193,block1:zero_tool,policy_fcfs,mixed,1785176704.1578357,1785176704.1597915,1785176704.229752,1785176709.6804352,,,
block1-000593,117.11603205185384,3123.907472123392,128,60.0,115.35387602634728,3122.1453160978854,1.762156025506556,block1:zero_tool,policy_fcfs,mixed,1785176704.384282,1785176704.3860447,1785176704.5014067,1785176707.5081985,,,
block1-000594,485.09379068855196,1302.9579257126898,49,85.0,484.0016949456185,1301.8658299697563,1.0920957429334521,block1:s3,policy_fcfs,mixed,1785176704.390584,1785176704.3916762,1785176704.8756838,1785176705.693548,,,
block1-000595,87.69002626650035,12945.75152429752,569,15.0,86.80086000822484,12944.862358039245,0.8891662582755089,block1:zero_tool,policy_fcfs,mixed,1785176704.484171,1785176704.4850638,1785176704.571896,1785176717.429957,,,
block1-000596,458.23827967979014,1258.6614857427776,48,10.0,457.9509749310091,1258.3741809939966,0.2873047487810254,block1:s3,policy_fcfs,mixed,1785176704.5431077,1785176704.5433962,1785176705.0013597,1785176705.8017826,,,
block1-000597,469.3229866679758,1186.681488645263,46,187.5,468.26284006237984,1185.621342039667,1.0601466055959463,block1:s3,policy_fcfs,mixed,1785176704.9142816,1785176704.9153445,1785176705.3836296,1785176706.1009881,,,
block1-000598,554.0825957432389,1117.2549807233736,43,155.0,552.9242189368233,1116.096603916958,1.1583768064156175,block1:s3,policy_fcfs,mixed,1785176705.027408,1785176705.0285685,1785176705.5815113,1785176706.1446838,,,
block1-000599,398.87480658944696,1124.3890036130324,43,12.5,398.1697369599715,1123.683933983557,0.7050696294754744,block1:s3,policy_fcfs,mixed,1785176705.4025838,1785176705.4032893,1785176705.8015676,1785176706.5270817,,,
block1-000600,70.08313050027937,3974.953515571542,175,10.0,68.40732891578227,3973.277713987045,1.6758015844970942,block1:zero_tool,policy_fcfs,mixed,1785176705.5207691,1785176705.5224452,1785176705.5908623,1785176709.4957342,,,
block1-000601,79.4331447687,3775.6760347401723,165,60.0,78.95992207340896,3775.2028120448813,0.47322269529104233,block1:zero_tool,policy_fcfs,mixed,1785176705.6209111,1785176705.621386,1785176705.7003608,1785176709.3966043,,,
block1-000602,95.0011380482465,3604.285993031226,158,15.0,93.97204301785678,3603.2568980008364,1.0290950303897262,block1:zero_tool,policy_fcfs,mixed,1785176705.7051933,1785176705.706223,1785176705.8002052,1785176709.30949,,,
block1-000603,83.35070230532438,4038.042228319682,179,15.0,81.89253404270858,4036.5840600570664,1.4581682626158,block1:zero_tool,policy_fcfs,mixed,1785176705.721546,1785176705.7230053,1785176705.8049123,1785176709.7596045,,,
block1-000604,74.44103341549635,3514.482246362604,154,15.0,72.87638797424734,3512.917600921355,1.564645441249013,block1:zero_tool,policy_fcfs,mixed,1785176705.9206483,1785176705.9222138,1785176705.9951036,1785176709.4351447,,,
block1-000605,477.1471576532349,1239.6590126445517,48,22.5,476.0086090536788,1238.5204640449956,1.1385485995560884,block1:s4,policy_fcfs,mixed,1785176706.0299726,1785176706.0311112,1785176706.507131,1785176707.2696433,,,
block1-000606,102.71800425834954,3755.574354203418,167,60.0,101.85197100508958,3754.708320950158,0.8660332532599568,block1:zero_tool,policy_fcfs,mixed,1785176706.0420878,1785176706.042954,1785176706.144813,1785176709.7976696,,,
block1-000607,108.02627902012318,3820.725867059082,170,20.0,107.69650700967759,3820.396095048636,0.3297720104455948,block1:zero_tool,policy_fcfs,mixed,1785176706.0564728,1785176706.0568035,1785176706.1645124,1785176709.8772128,,,
block1-000608,350.08910624310374,1077.8673723107204,43,25.0,349.44275591988117,1077.2210219874978,0.6463503232225776,block1:s1,policy_fcfs,mixed,1785176706.2418683,1785176706.242517,1785176706.5919795,1785176707.319757,,,
block1-000609,77.71957851946354,4300.5436804378405,193,47.5,76.32381608709693,4299.147918005474,1.3957624323666096,block1:zero_tool,policy_fcfs,mixed,1785176706.4925435,1785176706.49394,1785176706.5702755,1785176710.7931004,,,
block1-000610,434.6721676411107,1081.009734654799,44,10.0,434.2510639689863,1080.5886309826747,0.42110367212444544,block1:s1,policy_fcfs,mixed,1785176706.9683304,1785176706.9687521,1785176707.4030147,1785176708.049352,,,
block1-000611,153.198151034303,1690.0365439942107,73,15.0,152.5584920309484,1689.396884990856,0.639659003354609,block1:s1,policy_fcfs,mixed,1785176706.9872897,1785176706.9879308,1785176707.1404998,1785176708.6773376,,,
block1-000612,385.7186831301078,906.7539661191404,36,17.5,384.31538501754403,905.3506680065766,1.403298112563789,block1:s1,policy_fcfs,mixed,1785176707.038507,1785176707.0399106,1785176707.424236,1785176707.9452717,,,
block1-000613,89.15194752626121,1407.1232784772292,63,47.5,87.81788998749107,1405.789220938459,1.3340575387701392,block1:s1,policy_fcfs,mixed,1785176707.2303882,1785176707.2317252,1785176707.3195684,1785176708.6375396,,,
block1-000614,340.7097461167723,971.2788590695709,43,117.5,339.89252406172454,970.4616370145231,0.8172220550477505,block1:s1,policy_fcfs,mixed,1785176707.4788108,1785176707.4796288,1785176707.8195326,1785176708.4501023,,,
block1-000615,69.39916405826807,3778.676974121481,175,15.0,67.63333594426513,3776.9111460074782,1.765828114002943,block1:zero_tool,policy_fcfs,mixed,1785176707.6409812,1785176707.6427476,1785176707.71039,1785176711.4196677,,,
block1-000616,290.37531348876655,856.0133654391393,38,170.0,289.51086895540357,855.1489209057763,0.8644445333629847,block1:s2,policy_fcfs,mixed,1785176707.8017645,1785176707.80263,1785176708.0921519,1785176708.6577892,,,
block1-000617,67.5442338688299,6662.408692878671,304,12.5,66.82232406456023,6661.686783074401,0.7219098042696714,block1:zero_tool,policy_fcfs,mixed,1785176708.1310656,1785176708.131789,1785176708.198624,1785176714.7934892,,,
block1-000618,370.71497982833534,861.8733688490465,37,280.0,370.15596497803926,861.3143539987504,0.5590148502960801,block1:s2,policy_fcfs,mixed,1785176708.7730682,1785176708.7736294,1785176709.1438053,1785176709.634963,,,
block1-000619,108.32342167850584,1543.1027656886727,69,297.5,108.15260303206742,1542.9319470422342,0.17081864643841982,block1:s2,policy_fcfs,mixed,1785176708.9559133,1785176708.9560847,1785176709.0642488,1785176710.499028,,,
block1-000620,66.01081194821745,3392.6598830148578,156,17.5,65.02235995139927,3391.6714310180396,0.9884519968181849,block1:zero_tool,policy_fcfs,mixed,1785176709.2016182,1785176709.2026086,1785176709.2676551,1785176712.594304,,,
block1-000621,277.86904003005475,950.7980920607224,41,357.5,277.21151197329164,950.1405640039593,0.6575280567631125,block1:s2,policy_fcfs,mixed,1785176709.3150434,1785176709.3157046,1785176709.5929463,1785176710.2658753,,,
block1-000622,64.32007031980902,3760.391512303613,167,177.5,63.919390086084604,3759.9908320698887,0.4006802337244153,block1:zero_tool,policy_fcfs,mixed,1785176709.6158154,1785176709.6162164,1785176709.6801465,1785176713.3762183,,,
block1-000623,254.04843618161976,765.5120771378279,31,12.5,253.58000106643885,765.043642022647,0.46843511518090963,block1:s2,policy_fcfs,mixed,1785176709.93293,1785176709.9333994,1785176710.1871567,1785176710.69862,,,
block1-000624,72.93753372505307,3500.643051811494,156,17.5,72.40075198933482,3500.1062700757757,0.5367817357182503,block1:zero_tool,policy_fcfs,mixed,1785176709.9992697,1785176709.9998078,1785176710.0722215,1785176713.499927,,,
block1-000625,422.45060263667256,1083.4140056977049,48,50.0,422.05788590945303,1083.0212889704853,0.392716727219522,block1:s3,policy_fcfs,mixed,1785176710.0580146,1785176710.058409,1785176710.4804816,1785176711.1414447,,,
block1-000626,380.83932211156934,947.0022091409191,41,412.5,380.48606005031615,946.648947079666,0.35326206125319004,block1:s3,policy_fcfs,mixed,1785176710.5092092,1785176710.5095646,1785176710.8900712,1785176711.456234,,,
block1-000627,82.44381053373218,4160.396369523369,188,485.0,81.25579101033509,4159.208349999972,1.188019523397088,block1:zero_tool,policy_fcfs,mixed,1785176710.573081,1785176710.5742698,1785176710.6555362,1785176714.733488,,,
block1-000628,56.80890753865242,3688.308995566331,165,280.0,56.494018994271755,3687.99410702195,0.3148885443806648,block1:zero_tool,policy_fcfs,mixed,1785176711.1649923,1785176711.1653078,1785176711.2218122,1785176714.8533125,,,
block1-000629,392.5926627125591,1024.858399759978,43,15.0,392.119262018241,1024.38499906566,0.4734006943181157,block1:s3,policy_fcfs,mixed,1785176711.3290653,1785176711.3295398,1785176711.7216713,1785176712.3539367,,,
block1-000630,473.6324060941115,1171.3602190138772,49,95.0,472.30415302328765,1170.0319659430534,1.3282530708238482,block1:s3,policy_fcfs,mixed,1785176711.480641,1785176711.4819722,1785176711.9543042,1785176712.6520317,,,
block1-000631,426.6577319940552,1147.4449029192328,48,10.0,426.4044259907678,1147.1915969159454,0.2533060032874346,block1:s3,policy_fcfs,mixed,1785176711.9682064,1785176711.96846,1785176712.394875,1785176713.1156616,,,
block1-000632,66.94684433750808,2949.2730944184586,131,17.5,66.62094499915838,2948.947195080109,0.3258993383497,block1:zero_tool,policy_fcfs,mixed,1785176712.1244392,1785176712.124766,1785176712.1914,1785176715.0737264,,,
block1-000633,69.82421362772584,4469.803032581694,195,820.0,68.83824500255287,4468.817063956521,0.9859686251729727,block1:zero_tool,policy_fcfs,mixed,1785176712.2839086,1785176712.284896,1785176712.3537488,1785176716.753729,,,
block1-000634,457.1484930347651,1209.9387079942971,48,15.0,455.92490409035236,1208.7151190498844,1.2235889444127679,block1:s4,policy_fcfs,mixed,1785176712.3683076,1785176712.3695319,1785176712.8254857,1785176713.578275,,,
block1-000635,60.74933963827789,3114.679185557179,139,117.5,59.4023420708254,3113.3321879897267,1.3469975674524903,block1:zero_tool,policy_fcfs,mixed,1785176712.490581,1785176712.4919312,1785176712.551358,1785176715.605288,,,
block1-000636,450.37841354496777,1184.7547786310315,48,17.5,449.8994699679315,1184.2758350539953,0.47894357703626156,block1:s4,policy_fcfs,mixed,1785176712.5551178,1785176712.555597,1785176713.005516,1785176713.7398925,,,
block1-000637,77.52316945698112,3407.036473392509,151,280.0,76.59940305165946,3406.1127069871873,0.9237664053216577,block1:zero_tool,policy_fcfs,mixed,1785176712.9311042,1785176712.9320302,1785176713.008654,1785176716.338168,,,
block1-000638,515.5169910285622,1196.4212791062891,48,172.5,514.981499989517,1195.885788067244,0.535491039045155,block1:s4,policy_fcfs,mixed,1785176713.0624802,1785176713.0630183,1785176713.5780187,1785176714.2589228,,,
block1-000639,515.2579686837271,1196.3302356889471,48,155.0,514.0631179092452,1195.1353849144652,1.1948507744818926,block1:s4,policy_fcfs,mixed,1785176713.0628223,1785176713.0640178,1785176713.5780866,1785176714.2591588,,,
block1-000640,364.5178795559332,999.2262335726991,43,115.0,363.92952303867787,998.6378770554438,0.5883565172553062,block1:s1,policy_fcfs,mixed,1785176713.1930754,1785176713.1936653,1785176713.5576103,1785176714.1923187,,,
block1-000641,72.50354276038706,4502.407385734841,192,15.0,72.0008360221982,4501.904678996652,0.5027067381888628,block1:zero_tool,policy_fcfs,mixed,1785176713.3068035,1785176713.3073075,1785176713.37932,1785176717.8092237,,,
block1-000642,326.2060945853591,991.7883445741609,43,177.5,325.83330490160733,991.4155548904091,0.3727896837517619,block1:s1,policy_fcfs,mixed,1785176713.7223222,1785176713.7226965,1785176714.048544,1785176714.7141266,,,
block1-000643,67.58522056043148,2659.6921576419845,120,395.0,66.78814394399524,2658.8950810255483,0.7970766164362431,block1:zero_tool,policy_fcfs,mixed,1785176713.8191679,1785176713.8199663,1785176713.8867674,1785176716.4788735,,,
block1-000644,60.357607319019735,3361.9816093705595,140,60.0,59.17888390831649,3360.802885959856,1.1787234107032418,block1:zero_tool,policy_fcfs,mixed,1785176713.9684873,1785176713.9696684,1785176714.0288672,1785176717.330491,,,
block1-000645,104.58972409833223,1434.4937851419672,63,170.0,103.57353498693556,1433.4775960305706,1.0161891113966703,block1:s1,policy_fcfs,mixed,1785176714.1298456,1785176714.130862,1785176714.2344444,1785176715.5643487,,,
block1-000646,64.10966068506241,3094.5765536744148,128,820.0,63.72166203800589,3094.1885550273582,0.38799864705652,block1:zero_tool,policy_fcfs,mixed,1785176714.172665,1785176714.1730533,1785176714.236783,1785176717.2672505,,,
block1-000647,230.44073150958866,703.5878464812413,31,187.5,229.59050093777478,702.7376159094274,0.8502305718138814,block1:s1,policy_fcfs,mixed,1785176714.272522,1785176714.2733727,1785176714.5029721,1785176714.976119,,,
block1-000648,86.68468217365444,2993.4028271818534,123,572.5,86.36662305798382,2993.0847680661827,0.3180591156706214,block1:zero_tool,policy_fcfs,mixed,1785176714.2981527,1785176714.2984717,1785176714.3848495,1785176717.2915668,,,
block1-000649,70.83588861860335,3170.9098696010187,129,132.5,70.62845793552697,3170.7024389179423,0.20743068307638168,block1:zero_tool,policy_fcfs,mixed,1785176714.5179248,1785176714.5181322,1785176714.5887709,1785176717.6888452,,,
block1-000650,77.20607798546553,8883.034911938012,386,15.0,76.06161898002028,8881.890452932566,1.144459005445242,block1:zero_tool,policy_fcfs,mixed,1785176714.8596551,1785176714.8608012,1785176714.9368796,1785176723.7427077,,,
block1-000651,91.59742505289614,1639.3020970281214,69,10.0,91.04139998089522,1638.7460719561204,0.5560250720009208,block1:s2,policy_fcfs,mixed,1785176715.01649,1785176715.0170467,1785176715.108099,1785176716.6558034,,,
block1-000652,324.5621499372646,841.4418018655851,36,132.5,324.1790090687573,841.0586609970778,0.38314086850732565,block1:s2,policy_fcfs,mixed,1785176715.358321,1785176715.358707,1785176715.6829028,1785176716.1997824,,,
block1-000653,435.44490553904325,1159.8062025150284,49,550.0,434.30545402225107,1158.6667509982362,1.1394515167921782,block1:s2,policy_fcfs,mixed,1785176715.4472897,1785176715.44843,1785176715.8827498,1785176716.6071105,,,
block1-000654,69.71184292342514,4386.968344915658,188,52.5,69.37247002497315,4386.628972017206,0.33937289845198393,block1:zero_tool,policy_fcfs,mixed,1785176715.455068,1785176715.4554076,1785176715.5247867,1785176719.842043,,,
block1-000655,382.9854424111545,1173.1491633690894,37,15.0,382.42827099747956,1172.5919919554144,0.5571714136749506,block1:s2,policy_fcfs,mixed,1785176716.0738404,1785176716.0743985,1785176716.4569504,1785176717.2471144,,,
block1-000656,506.874680519104,1419.3820625077933,48,357.5,506.39273796696216,1418.9001199556515,0.4819425521418452,block1:s3,policy_fcfs,mixed,1785176716.1487339,1785176716.149219,1785176716.6556394,1785176717.5681465,,,
block1-000657,79.16940713766962,3069.5854601217434,128,12.5,78.00476998090744,3068.420822964981,1.1646371567621827,block1:zero_tool,policy_fcfs,mixed,1785176716.259307,1785176716.2604725,1785176716.3384924,1785176719.3289087,,,
block1-000658,709.6448939992115,1435.053642024286,48,17.5,708.6545219644904,1434.063269989565,0.9903720347210765,block1:s3,policy_fcfs,mixed,1785176716.453313,1785176716.4543042,1785176717.1629715,1785176717.8883798,,,
block1-000659,443.8160528661683,1301.3833309523761,41,155.0,443.04190296679735,1300.6091810530052,0.7741498993709683,block1:s3,policy_fcfs,mixed,1785176716.4683776,1785176716.469152,1785176716.9122026,1785176717.7697697,,,
block1-000660,508.27115518040955,1230.6572512025014,41,15.0,507.5149580370635,1229.9010540591553,0.7561971433460712,block1:s3,policy_fcfs,mixed,1785176716.578394,1785176716.5791514,1785176717.0866797,1785176717.8090663,,,
block1-000661,602.1676284726709,1314.7898744791746,48,572.5,601.4678509673104,1314.090096973814,0.6997775053605437,block1:s3,policy_fcfs,mixed,1785176716.6894803,1785176716.6901803,1785176717.2916586,1785176718.0042813,,,
block1-000662,616.3570521166548,1169.973285170272,43,20.0,614.5933310035616,1168.2095640571788,1.7637211130931973,block1:s3,policy_fcfs,mixed,1785176716.8135145,1785176716.8152802,1785176717.4298894,1785176717.9835057,,,
block1-000663,445.3900618245825,1158.8522008387372,43,10.0,443.6914059333503,1157.153544947505,1.6986558912321925,block1:s3,policy_fcfs,mixed,1785176716.845662,1785176716.8473616,1785176717.2910647,1785176718.0045264,,,
block1-000664,475.256951758638,1183.2339208340272,48,17.5,474.6926809893921,1182.6696500647813,0.5642707692459226,block1:s4,policy_fcfs,mixed,1785176716.9548273,1785176716.955392,1785176717.4300954,1785176718.1380732,,,
block1-000665,457.15958753135055,1161.8369955103844,48,550.0,456.076962989755,1160.7543709687889,1.0826245415955782,block1:s4,policy_fcfs,mixed,1785176716.9939063,1785176716.9949906,1785176717.4510815,1785176718.155759,,,
block1-000666,471.3251795619726,1100.6194145884365,48,15.0,470.4583700513467,1099.7526050778106,0.8668095106258988,block1:s4,policy_fcfs,mixed,1785176717.4171765,1785176717.4180439,1785176717.8885124,1785176718.5178072,,,
block1-000667,429.35251246672124,1071.1192925227806,48,10.0,428.7484139204025,1070.515193976462,0.6040985463187099,block1:s4,policy_fcfs,mixed,1785176717.5342476,1785176717.534853,1785176717.9636114,1785176718.6053782,,,
block1-000668,111.528699984774,3538.6382240103558,164,15.0,110.83627806510776,3537.9458020906895,0.6924219196662307,block1:zero_tool,policy_fcfs,mixed,1785176717.535931,1785176717.5366237,1785176717.6474679,1785176721.074577,,,
block1-000669,449.33182338718325,1160.5089324293658,49,412.5,448.6627009464428,1159.8398099886253,0.6691224407404661,block1:s4,policy_fcfs,mixed,1785176718.4228063,1785176718.4234765,1785176718.8721497,1785176719.583326,,,
block1-000670,466.9858303386718,1147.109066369012,48,52.5,466.29589900840074,1146.419135038741,0.6899313302710652,block1:s4,policy_fcfs,mixed,1785176718.7135558,1785176718.7142467,1785176719.1805527,1785176719.8606753,,,
block1-000671,448.7172234803438,1124.6256184531376,48,92.5,448.29504401423037,1124.2034389870241,0.42217946611344814,block1:s4,policy_fcfs,mixed,1785176718.8364677,1785176718.8368912,1785176719.2851977,1785176719.9611058,,,
block1-000672,60.255643678829074,2510.1516926661134,117,412.5,59.54235000535846,2509.4383989926428,0.7132936734706163,block1:zero_tool,policy_fcfs,mixed,1785176718.9832013,1785176718.9839156,1785176719.0434687,1785176721.4933648,,,
block1-000673,75.23119519464672,1280.4786470951512,58,550.0,74.81446000747383,1280.0619119079784,0.4167351871728897,block1:s1,policy_fcfs,mixed,1785176719.1125448,1785176719.1129627,1785176719.1877878,1785176720.3930364,,,
block1-000674,307.9055000562221,972.9842339875177,43,297.5,307.61846201494336,972.6971959462389,0.2870380412787199,block1:s1,policy_fcfs,mixed,1785176719.2129962,1785176719.2132843,1785176719.5209138,1785176720.1859932,,,
block1-000675,372.45248805265874,862.801214097999,37,117.5,372.09052697289735,862.4392530182377,0.3619610797613859,block1:s1,policy_fcfs,mixed,1785176719.5074334,1785176719.5077965,1785176719.879899,1785176720.3702478,,,
block1-000676,352.2271433612332,864.7470053983852,36,550.0,351.4739270322025,863.9937890693545,0.7532163290306926,block1:s1,policy_fcfs,mixed,1785176719.6277788,1785176719.6285326,1785176719.9800172,1785176720.4925377,,,
block1-000677,64.46313369087875,7299.774197628722,326,15.0,63.49024409428239,7298.801308032125,0.9728895965963602,block1:zero_tool,policy_fcfs,mixed,1785176719.77739,1785176719.7783642,1785176719.8418658,1785176727.0771768,,,
block1-000678,56.19058397132903,6179.533386020921,277,322.5,55.31342898029834,6178.6562310298905,0.877154991030693,block1:zero_tool,policy_fcfs,mixed,1785176719.8841603,1785176719.885038,1785176719.940372,1785176726.0637143,,,
block1-000679,59.270332916639745,6785.192885901779,302,17.5,58.17370302975178,6784.096256014891,1.0966298868879676,block1:zero_tool,policy_fcfs,mixed,1785176719.9623013,1785176719.963398,1785176720.0215857,1785176726.747508,,,
block1-000680,255.7640124578029,786.7461345158517,34,15.0,255.40327397175133,786.3853960298002,0.36073848605155945,block1:s2,policy_fcfs,mixed,1785176720.0762625,1785176720.076624,1785176720.3320372,1785176720.8630188,,,
block1-000681,66.71015615575016,7024.971065227874,313,15.0,65.87560300249606,7024.1365120746195,0.8345531532540917,block1:zero_tool,policy_fcfs,mixed,1785176720.205225,1785176720.2060597,1785176720.2719433,1785176727.2302043,,,
block1-000682,338.9702079584822,834.5473969820887,36,117.5,338.549455977045,834.1266450006515,0.42075198143720627,block1:s2,policy_fcfs,mixed,1785176720.426708,1785176720.4271295,1785176720.7656894,1785176721.2612662,,,
block1-000683,99.88976456224918,1709.9281115224585,74,47.5,99.35724304523319,1709.3955900054425,0.5325215170159936,block1:s2,policy_fcfs,mixed,1785176720.5497305,1785176720.5502636,1785176720.6496303,1785176722.2596688,,,
block1-000684,308.28841403126717,900.1087540527806,36,395.0,308.03329905029386,899.8536390718073,0.2551149809733033,block1:s2,policy_fcfs,mixed,1785176721.0856853,1785176721.0859404,1785176721.3939817,1785176721.9858024,,,
block1-000685,371.9698106870055,1118.0717466631904,44,152.5,370.06892694626004,1116.170862922445,1.9008837407454848,block1:s2,policy_fcfs,mixed,1785176721.479994,1785176721.481897,1785176721.851986,1785176722.5980878,,,
block1-000686,389.1472344985232,994.0941744716838,38,485.0,388.3476370247081,993.2945769978687,0.7995974738150835,block1:s2,policy_fcfs,mixed,1785176721.5011032,1785176721.501903,1785176721.8902576,1785176722.495205,,,
block1-000687,93.56973913963884,2581.039732089266,106,145.0,93.30709895584732,2580.7770919054747,0.2626401837915182,block1:zero_tool,policy_fcfs,mixed,1785176721.5159845,1785176721.516248,1785176721.6095684,1785176724.0970378,,,
block1-000688,59.188873739913106,3466.3463027682155,147,280.0,58.79134696442634,3465.9487759927288,0.3975267754867673,block1:zero_tool,policy_fcfs,mixed,1785176721.650691,1785176721.6510887,1785176721.70989,1785176725.1170475,,,
block1-000689,362.1691195294261,1120.6240425817668,39,105.0,361.09200899954885,1119.5469320518896,1.0771105298772454,block1:s3,policy_fcfs,mixed,1785176721.7975774,1785176721.798656,1785176722.1597612,1785176722.9182155,,,
block1-000690,483.9913190808147,1291.819817153737,48,12.5,483.4045600146055,1291.2330580875278,0.586759066209197,block1:s3,policy_fcfs,mixed,1785176721.8339846,1785176721.8345723,1785176722.3179882,1785176723.1258163,,,
block1-000691,442.55963095929474,1249.373147962615,48,320.0,441.6585360886529,1248.472053091973,0.9010948706418276,block1:s3,policy_fcfs,mixed,1785176721.9177155,1785176721.9186194,1785176722.3603005,1785176723.1671135,,,
block1-000692,75.13697526883334,3110.7582312542945,134,307.5,74.28412500303239,3109.9053809884936,0.8528502658009529,block1:zero_tool,policy_fcfs,mixed,1785176722.0257728,1785176722.026628,1785176722.1009352,1785176725.1365569,,,
block1-000693,561.9681414682418,1280.203695409,48,17.5,561.0650749877095,1279.3006289284676,0.9030664805322886,block1:s3,policy_fcfs,mixed,1785176722.3438344,1785176722.344739,1785176722.905824,1785176723.6240597,,,
block1-000694,583.6927003692836,1261.0370514448732,49,545.0,581.8681819364429,1259.2125330120325,1.824518432840705,block1:s3,policy_fcfs,mixed,1785176722.5422256,1785176722.5440507,1785176723.12593,1785176723.8032744,,,
block1-000695,92.32645307201892,2702.3933350574225,116,545.0,92.13891008403152,2702.205792069435,0.1875429879873991,block1:zero_tool,policy_fcfs,mixed,1785176722.6263037,1785176722.6264918,1785176722.7186437,1785176725.3287103,,,
block1-000696,496.20744748972356,1214.1662045614794,48,92.5,495.3377099009231,1213.296466972679,0.8697375888004899,block1:s4,policy_fcfs,mixed,1785176722.671137,1785176722.6720078,1785176723.1673572,1785176723.8853161,,,
block1-000697,478.813782450743,1197.9485295014456,48,15.0,477.9679699568078,1197.1027170075104,0.8458124939352274,block1:s4,policy_fcfs,mixed,1785176722.7070084,1785176722.7078545,1785176723.185832,1785176723.9049673,,,
block1-000698,133.9146550744772,2930.7289351709187,130,47.5,133.28523992095143,2930.099520017393,0.6294151535257697,block1:zero_tool,policy_fcfs,mixed,1785176722.772367,1785176722.7729993,1785176722.906306,1785176725.7031207,,,
block1-000699,103.78833208233118,3108.3060251548886,140,15.0,103.13704889267683,3107.6547419652343,0.6512831896543503,block1:zero_tool,policy_fcfs,mixed,1785176722.814284,1785176722.8149364,1785176722.9180846,1785176725.9226027,,,
block1-000700,470.3189874999225,1181.093260529451,48,217.5,469.8945350246504,1180.668808054179,0.42445247527211905,block1:s4,policy_fcfs,mixed,1785176723.251513,1785176723.2519379,1785176723.7218423,1785176724.4326165,,,
block1-000701,444.6904163341969,1197.118415380828,48,322.5,444.40634991042316,1196.8343489570543,0.28406642377376556,block1:s4,policy_fcfs,mixed,1785176723.4991868,1785176723.499472,1785176723.9438925,1785176724.6963208,,,
block1-000702,462.5723810167983,1158.939307089895,48,105.0,460.67682991269976,1157.0437559857965,1.8955511040985584,block1:s4,policy_fcfs,mixed,1785176723.8498962,1785176723.851794,1785176724.3124912,1785176725.0088584,,,
block1-000703,435.5862393276766,1136.159036308527,48,132.5,433.9195580687374,1134.4923550495878,1.6666812589392066,block1:s4,policy_fcfs,mixed,1785176724.084846,1785176724.086514,1785176724.5204444,1785176725.2210171,,,
block1-000704,99.29424617439508,3000.724180135876,136,20.0,98.65337994415313,3000.083313905634,0.6408662302419543,block1:zero_tool,policy_fcfs,mixed,1785176724.1156652,1785176724.116306,1785176724.2149668,1785176727.1163964,,,
block1-000705,368.03106230217963,985.0875003030524,43,280.0,366.7850270867348,983.8414650876075,1.2460352154448628,block1:s1,policy_fcfs,mixed,1785176724.423929,1785176724.4251773,1785176724.791982,1785176725.409038,,,
block1-000706,368.6760450946167,985.461465199478,43,485.0,368.2808829471469,985.0663030520082,0.3951621474698186,block1:s1,policy_fcfs,mixed,1785176724.5811536,1785176724.5815494,1785176724.94984,1785176725.566625,,,
block1-000707,79.4612595345825,10363.537481520325,452,105.0,78.49267602432519,10362.568898010068,0.9685835102573037,block1:zero_tool,policy_fcfs,mixed,1785176724.9763298,1785176724.9772987,1785176725.0558019,1785176735.3398786,,,
block1-000708,306.1200474621728,920.2764314832166,42,177.5,305.8712090132758,920.0275930343196,0.24883844889700413,block1:s1,policy_fcfs,mixed,1785176725.101897,1785176725.102147,1785176725.408029,1785176726.0221853,,,
block1-000709,70.57336799334735,1449.5024479692802,65,50.0,70.0552030466497,1448.9842830225825,0.5181649466976523,block1:s1,policy_fcfs,mixed,1785176725.2582462,1785176725.2587652,1785176725.3288312,1785176726.707761,,,
block1-000710,71.54138630721718,7219.857384217903,306,15.0,70.8851950475946,7219.20119295828,0.6561912596225739,block1:zero_tool,policy_fcfs,mixed,1785176725.4351687,1785176725.4358253,1785176725.5067215,1785176732.6550376,,,
block1-000711,60.25416997727007,3463.965601986274,155,17.5,59.9235970294103,3463.6350290384144,0.3305729478597641,block1:zero_tool,policy_fcfs,mixed,1785176725.7263308,1785176725.7266622,1785176725.7865953,1785176729.190306,,,
block1-000712,64.93434682488441,3741.910366807133,161,95.0,64.50264598242939,3741.478665964678,0.4317008424550295,block1:zero_tool,policy_fcfs,mixed,1785176725.9600387,1785176725.9604707,1785176726.0249834,1785176729.7019584,,,
block1-000713,337.6238448545337,995.0729098636657,40,107.5,337.32229901943356,994.7713640285656,0.30154583510011435,block1:s2,policy_fcfs,mixed,1785176726.1198306,1785176726.1201336,1785176726.4574707,1785176727.1149194,,,
block1-000714,343.47166621591896,848.4323782613501,36,172.5,342.6255190279335,847.5862310733646,0.8461471879854798,block1:s2,policy_fcfs,mixed,1785176726.3049707,1785176726.3058178,1785176726.6484532,1785176727.1534135,,,
block1-000715,373.1240063207224,952.476681326516,43,152.5,371.9088400248438,951.2615150306374,1.2151662958785892,block1:s2,policy_fcfs,mixed,1785176726.5033185,1785176726.5045364,1785176726.8764675,1785176727.4558196,,,
block1-000716,321.8427267856896,814.4945717649534,36,140.0,320.76422101818025,813.4160659974441,1.0785057675093412,block1:s2,policy_fcfs,mixed,1785176726.7343168,1785176726.7353961,1785176727.0561714,1785176727.548824,,,
block1-000717,73.62338481470942,2089.7550757508725,93,105.0,72.04472506418824,2088.1764160003513,1.578659750521183,block1:zero_tool,policy_fcfs,mixed,1785176726.9824955,1785176726.984075,1785176727.0561326,1785176729.0722647,,,
block1-000718,352.4594269692898,882.1097209583968,38,282.5,351.26229899469763,880.9125929838046,1.1971279745921493,block1:s2,policy_fcfs,mixed,1785176727.4410033,1785176727.4422011,1785176727.7934735,1785176728.323124,,,
block1-000719,99.45453482214361,4062.7369238063693,167,17.5,97.6931790355593,4060.975568019785,1.7613557865843177,block1:zero_tool,policy_fcfs,mixed,1785176727.4683726,1785176727.4701343,1785176727.5678358,1785176731.5311182,,,
block1-000720,339.93678458500654,1056.3792055472732,38,135.0,338.73193501494825,1055.1743559772149,1.2048495700582862,block1:s3,policy_fcfs,mixed,1785176728.13375,1785176728.1349578,1785176728.4737153,1785176729.1901581,,,
block1-000721,502.0087002776563,1357.5475182151422,48,95.0,501.48904405068606,1357.027861988172,0.5196562269702554,block1:s3,policy_fcfs,mixed,1785176728.1811738,1785176728.1816947,1785176728.6831968,1785176729.5387352,,,
block1-000722,411.4759264048189,1169.5990423904732,41,15.0,410.35492497030646,1168.4780409559608,1.1210014345124364,block1:s3,policy_fcfs,mixed,1785176728.3298268,1785176728.330948,1785176728.7414267,1785176729.4995496,,,
block1-000723,451.07112103141844,1346.8729079468176,48,820.0,450.5598630057648,1346.361649921164,0.5112580256536603,block1:s3,policy_fcfs,mixed,1785176728.445761,1785176728.4462738,1785176728.8968499,1785176729.7926514,,,
block1-000724,358.5445242933929,1198.0822392506525,41,117.5,357.83802904188633,1197.375743999146,0.706495251506567,block1:s3,policy_fcfs,mixed,1785176728.751315,1785176728.752022,1785176729.1098723,1785176729.9494092,,,
block1-000725,522.4212290486321,1254.5771551085636,43,282.5,521.6117189265788,1253.7676449865103,0.8095101220533252,block1:s3,policy_fcfs,mixed,1785176728.9376862,1785176728.9384964,1785176729.4601195,1785176730.1922758,,,
block1-000726,106.60918103531003,5479.668576037511,229,357.5,105.37815804127604,5478.437553043477,1.2310229940339923,block1:zero_tool,policy_fcfs,mixed,1785176729.1210644,1785176729.122298,1785176729.2276983,1785176734.6007576,,,
block1-000727,534.5696391304955,1309.5646791625768,48,282.5,533.8721260195598,1308.867166051641,0.697513110935688,block1:s3,policy_fcfs,mixed,1785176729.127392,1785176729.12809,1785176729.6619704,1785176730.4369655,,,
block1-000728,542.8418366936967,1298.4201076906174,48,92.5,542.0308990869671,1297.6091700838879,0.810937606729567,block1:s4,policy_fcfs,mixed,1785176729.1587949,1785176729.1596067,1785176729.7016497,1785176730.4572277,,,
block1-000729,540.8370096702129,1296.0135036846623,48,172.5,540.129347005859,1295.3058410203084,0.7076626643538475,block1:s4,policy_fcfs,mixed,1785176729.161352,1785176729.1620603,1785176729.7021985,1785176730.4573739,,,
block1-000730,503.26274370308965,1241.0145576577634,48,280.0,502.92181002441794,1240.6736239790916,0.34093367867171764,block1:s4,policy_fcfs,mixed,1785176729.23399,1785176729.2343311,1785176729.7372642,1785176730.4750159,,,
block1-000731,498.4274908201769,1252.839430817403,48,350.0,496.2863130494952,1250.6982530467212,2.1411777706816792,block1:s4,policy_fcfs,mixed,1785176729.6058245,1785176729.6079664,1785176730.1042633,1785176730.8586752,,,
block1-000732,500.3556711599231,1239.6080311154947,48,322.5,500.11434697080404,1239.3667069263756,0.24132418911904097,block1:s4,policy_fcfs,mixed,1785176729.6241279,1785176729.6243694,1785176730.1245022,1785176730.863755,,,
block1-000733,463.53650465607643,1242.6638077013195,48,17.5,463.3857950102538,1242.5130980554968,0.15070964582264423,block1:s4,policy_fcfs,mixed,1785176729.854333,1785176729.8544836,1785176730.3178785,1785176731.0970058,,,
block1-000734,417.0040257740766,1234.0769578004256,49,12.5,416.17901192512363,1233.2519439514726,0.825013848952949,block1:s4,policy_fcfs,mixed,1785176730.0980816,1785176730.098912,1785176730.5151327,1785176731.3322058,,,
block1-000735,476.754691102542,1259.322922094725,48,52.5,475.89652007445693,1258.46475106664,0.858171028085053,block1:s4,policy_fcfs,mixed,1785176730.526763,1785176730.5276227,1785176731.00354,1785176731.7861083,,,
block1-000736,373.96357115358114,1104.9952181056142,43,10.0,373.38337500113994,1104.415021953173,0.5801961524412036,block1:s1,policy_fcfs,mixed,1785176730.5475554,1785176730.548136,1785176730.9215255,1785176731.652557,,,
block1-000737,86.13723807502538,1751.39510713052,66,12.5,85.86943801492453,1751.1273070704192,0.26780006010085344,block1:s1,policy_fcfs,mixed,1785176730.6773856,1785176730.677654,1785176730.7635353,1785176732.4287927,,,
block1-000738,58.40621481183916,7821.4693028712645,332,20.0,57.881405926309526,7820.944493985735,0.5248088855296373,block1:zero_tool,policy_fcfs,mixed,1785176730.8054771,1785176730.806003,1785176730.863897,1785176738.6269608,,,
block1-000739,129.94748330675066,1879.144027363509,71,95.0,128.9933999069035,1878.1899439636618,0.9540833998471498,block1:s1,policy_fcfs,mixed,1785176730.9277418,1785176730.9286962,1785176731.0577009,1785176732.8068974,,,
block1-000740,392.3432254232466,1024.0166084840894,36,105.0,390.52271703258157,1022.1961000934243,1.8205083906650543,block1:s1,policy_fcfs,mixed,1785176730.956415,1785176730.958237,1785176731.3487751,1785176731.9804487,,,
block1-000741,98.55656349100173,6928.587298491038,297,10.0,98.0608849786222,6928.091619978659,0.4956785123795271,block1:zero_tool,policy_fcfs,mixed,1785176731.010508,1785176731.0110064,1785176731.1090868,1785176737.9391172,,,
block1-000742,458.8442512322217,1278.7409771699458,47,15.0,457.8116270713508,1277.708353009075,1.0326241608709097,block1:s1,policy_fcfs,mixed,1785176731.0925562,1785176731.09359,1785176731.5514162,1785176732.3713124,,,
block1-000743,388.55311239603907,1026.3468084158376,37,100.0,387.5131959794089,1025.3068919992074,1.0399164166301489,block1:s1,policy_fcfs,mixed,1785176731.2633834,1785176731.2644246,1785176731.6519506,1785176732.289744,,,
block1-000744,67.93427746742964,3475.7491213968024,149,10.0,66.73805508762598,3474.5528990169987,1.1962223798036575,block1:zero_tool,policy_fcfs,mixed,1785176731.3423195,1785176731.3435159,1785176731.4102638,1785176734.8180785,,,
block1-000745,102.83912974409759,4432.249012752436,187,107.5,101.59497300628573,4431.004856014624,1.2441567378118634,block1:zero_tool,policy_fcfs,mixed,1785176731.4280741,1785176731.4293191,1785176731.5309267,1785176735.8603358,,,
block1-000746,414.80864968616515,1051.7238847678527,37,10.0,413.9965119538829,1050.9117470355704,0.8121377322822809,block1:s2,policy_fcfs,mixed,1785176731.4609416,1785176731.4617562,1785176731.8757799,1785176732.5126948,,,
block1-000747,102.90211194660515,1834.0117119951174,74,172.5,102.42861497681588,1833.538215025328,0.4734969697892666,block1:s2,policy_fcfs,mixed,1785176731.6833217,1785176731.6837957,1785176731.7862356,1785176733.5173464,,,
block1-000748,392.47821643948555,990.0794244604185,35,297.5,392.1758020296693,989.7770100506023,0.3024144098162651,block1:s2,policy_fcfs,mixed,1785176731.725896,1785176731.7261992,1785176732.118387,1785176732.7159882,,,
block1-000749,432.2734538000077,1025.3003338584676,38,95.0,431.6045579034835,1024.6314379619434,0.6688958965241909,block1:s2,policy_fcfs,mixed,1785176731.7979207,1785176731.798592,1785176732.2302184,1785176732.8232453,,,
block1-000750,416.9734854949638,1029.9565304303542,38,135.0,416.0411220509559,1029.0241669863462,0.9323634440079331,block1:s2,policy_fcfs,mixed,1785176731.832758,1785176731.8336918,1785176732.2497454,1785176732.8627286,,,
block1-000751,368.18463227245957,1054.5212012948468,40,485.0,367.98783601261675,1054.324405035004,0.19679625984281301,block1:s2,policy_fcfs,mixed,1785176732.0031934,1785176732.0033906,1785176732.3713882,1785176733.0577257,,,
block1-000752,108.06907736696303,2530.3153133718297,111,280.0,107.14416194241494,2529.3903979472816,0.9249154245480895,block1:zero_tool,policy_fcfs,mixed,1785176732.0329163,1785176732.0338428,1785176732.1410024,1785176734.5632496,,,
block1-000753,517.5853837281466,1202.7167937485501,48,820.0,516.9778709532693,1202.1092809736729,0.6075127748772502,block1:s3,policy_fcfs,mixed,1785176732.1769922,1785176732.1776028,1785176732.6946106,1785176733.3797421,,,
block1-000754,121.66829709894955,3519.7684501763433,154,187.5,121.01533391978592,3519.1154869971797,0.6529631791636348,block1:zero_tool,policy_fcfs,mixed,1785176732.2112002,1785176732.2118542,1785176732.3328822,1785176735.7309823,,,
block1-000755,316.61611003801227,1004.1391979902983,41,170.0,315.9909250680357,1003.5140130203217,0.6251849699765444,block1:s3,policy_fcfs,mixed,1785176732.276717,1785176732.2773426,1785176732.5933459,1785176733.2808688,,,
block1-000756,92.43348625022918,3713.940998306498,164,12.5,92.30319899506867,3713.8107110513374,0.13028725516051054,block1:zero_tool,policy_fcfs,mixed,1785176732.5370595,1785176732.5371902,1785176732.629502,1785176736.2510095,,,
block1-000757,75.41738916188478,3713.397969142534,164,550.0,75.30346605926752,3713.2840460399166,0.1139231026172638,block1:zero_tool,policy_fcfs,mixed,1785176732.5574305,1785176732.5575445,1785176732.6328545,1785176736.2708354,,,
block1-000758,433.317344635725,1139.5613997010514,48,282.5,433.14739398192614,1139.3914490472525,0.1699506537988782,block1:s3,policy_fcfs,mixed,1785176732.766433,1785176732.7666037,1785176733.199762,1785176733.906006,,,
block1-000759,61.38606590684503,3731.8090178305283,165,117.5,61.105286004021764,3731.528237927705,0.28077990282326937,block1:zero_tool,policy_fcfs,mixed,1785176733.0987997,1785176733.0990818,1785176733.1601982,1785176736.8306208,,,
block1-000760,452.35812617465854,1088.6007772060111,48,320.0,451.82959199883044,1088.072243030183,0.5285341758280993,block1:s4,policy_fcfs,mixed,1785176733.532118,1785176733.5326471,1785176733.9844868,1785176734.6207287,,,
block1-000761,412.9871203331277,1125.1207513269037,48,135.0,412.7371119102463,1124.8707429040223,0.2500084228813648,block1:s4,policy_fcfs,mixed,1785176733.768237,1785176733.768488,1785176734.1812353,1785176734.8933687,,,
block1-000762,68.64853203296661,3598.1712529901415,155,572.5,67.85056402441114,3597.373284981586,0.7979680085554719,block1:zero_tool,policy_fcfs,mixed,1785176734.1955748,1785176734.1963727,1785176734.2642329,1785176737.793756,,,
block1-000763,496.9487659400329,1298.5364109044895,48,100.0,496.12031399738044,1297.707958961837,0.8284519426524639,block1:s4,policy_fcfs,mixed,1785176734.6061223,1785176734.6069512,1785176735.1030855,1785176735.9046733,,,
block1-000764,462.3742598341778,1270.6583237741143,48,70.0,461.68551105074584,1269.9695749906823,0.6887487834319472,block1:s4,policy_fcfs,mixed,1785176734.7591126,1785176734.759804,1785176735.221509,1785176736.0297933,,,
block1-000765,418.6633419012651,1232.944240910001,48,95.0,418.37979992851615,1232.6606989372522,0.2835419727489352,block1:s4,policy_fcfs,mixed,1785176734.9591644,1785176734.959448,1785176735.3778374,1785176736.1921182,,,
block1-000766,570.0251157395542,1256.3984837615862,49,95.0,569.3585179978982,1255.7318860199302,0.6665977416560054,block1:s4,policy_fcfs,mixed,1785176735.4796085,1785176735.4802773,1785176736.0496533,1785176736.7360263,,,
block1-000767,574.5160046499223,1240.936406655237,48,172.5,573.4279609750956,1239.8483629804105,1.088043674826622,block1:s4,policy_fcfs,mixed,1785176735.4949615,1785176735.4960504,1785176736.069488,1785176736.7359085,,,
block1-000768,402.969982707873,1028.2011347590014,43,322.5,402.60178595781326,1027.8329380089417,0.36819675005972385,block1:s1,policy_fcfs,mixed,1785176735.707503,1785176735.7078729,1785176736.1104856,1785176736.7357173,,,
block1-000769,142.04849186353385,1645.8389788167551,69,105.0,140.7960009528324,1644.5864879060537,1.2524909107014537,block1:s1,policy_fcfs,mixed,1785176735.7180383,1785176735.719292,1785176735.8600996,1785176737.36389,,,
block1-000770,393.96754489280283,1051.9389458931983,43,15.0,393.4605900431052,1051.4319910435006,0.5069548496976495,block1:s1,policy_fcfs,mixed,1785176735.7372656,1785176735.7377727,1785176736.1312447,1785176736.7892153,,,
block1-000771,376.0202683042735,865.1898253010586,37,85.0,375.86708297021687,865.036639967002,0.15318533405661583,block1:s1,policy_fcfs,mixed,1785176735.7739382,1785176735.7740917,1785176736.1499674,1785176736.6391385,,,
block1-000772,325.12305409181863,814.1597121721134,36,12.5,324.36593796592206,813.4025960462168,0.7571161258965731,block1:s1,policy_fcfs,mixed,1785176735.8243964,1785176735.8251548,1785176736.1495333,1785176736.63857,,,
block1-000773,71.22288749087602,4413.875848404132,188,15.0,70.62445906922221,4413.277419982478,0.5984284216538072,block1:zero_tool,policy_fcfs,mixed,1785176735.8790257,1785176735.8796244,1785176735.9502592,1785176740.2929115,,,
block1-000774,253.29007906839252,962.8846230916679,40,12.5,252.60622997302562,962.200773996301,0.6838490953668952,block1:s1,policy_fcfs,mixed,1785176736.3617687,1785176736.3624558,1785176736.6151152,1785176737.3247094,,,
block1-000775,121.797374333255,2056.605957332067,82,15.0,121.57481804024428,2056.3834010390565,0.22255629301071167,block1:zero_tool,policy_fcfs,mixed,1785176736.6672328,1785176736.6674557,1785176736.789041,1785176738.72385,,,
block1-000776,305.4414390353486,1039.4327780231833,40,170.0,304.12610503844917,1038.117444026284,1.315333996899426,block1:s2,policy_fcfs,mixed,1785176736.7002957,1785176736.7016134,1785176737.0057566,1785176737.7397478,,,
block1-000777,325.4665811546147,1098.5771390842274,42,572.5,324.05601104255766,1097.1665689721704,1.4105701120570302,block1:s2,policy_fcfs,mixed,1785176736.926084,1785176736.9274964,1785176737.2515707,1785176738.0246813,,,
block1-000778,403.2875301782042,1120.4168051481247,43,10.0,402.87856303621083,1120.0078380061314,0.40896714199334383,block1:s2,policy_fcfs,mixed,1785176737.1544642,1785176737.1548746,1785176737.5577672,1785176738.274896,,,
block1-000779,389.95578268077224,1113.339999690652,43,572.5,389.19128000270575,1112.5754970125854,0.7645026780664921,block1:s2,policy_fcfs,mixed,1785176737.2073073,1785176737.208073,1785176737.597278,1785176738.320663,,,
block1-000780,342.0101790688932,917.949216091074,36,287.5,341.3998009636998,917.3388379858807,0.6103781051933765,block1:s2,policy_fcfs,mixed,1785176737.3572314,1785176737.357843,1785176737.6992555,1785176738.2751937,,,
block1-000781,462.29967719409615,1250.9629612322897,49,287.5,461.44578396342695,1250.1090680016205,0.8538932306692004,block1:s2,policy_fcfs,mixed,1785176737.435581,1785176737.4364357,1785176737.8978944,1785176738.6865568,,,
block1-000782,436.92753033246845,1032.3589573381469,38,20.0,435.9721289947629,1031.4035560004413,0.9554013377055526,block1:s2,policy_fcfs,mixed,1785176737.6341765,1785176737.6351328,1785176738.0711157,1785176738.6665478,,,
block1-000783,96.7134078964591,3204.907825915143,136,15.0,96.44652006682009,3204.640938085504,0.2668878296390176,block1:zero_tool,policy_fcfs,mixed,1785176737.6561272,1785176737.6563978,1785176737.7529058,1785176740.8611,,,
block1-000784,323.63811996765435,914.3868299433962,32,307.5,322.00996996834874,912.7586799440905,1.6281499993056059,block1:s3,policy_fcfs,mixed,1785176737.8293207,1785176737.8309507,1785176738.1529744,1785176738.7437232,,,
block1-000785,350.7026192964986,1119.7248253738508,39,17.5,349.620574968867,1118.6427810462192,1.0820443276315928,block1:s3,policy_fcfs,mixed,1785176737.8422503,1785176737.843333,1785176738.1929646,1785176738.9619877,,,
block1-000786,139.2251121578738,3406.872009159997,150,485.0,138.8632790185511,3406.5101760206744,0.3618331393226981,block1:zero_tool,policy_fcfs,mixed,1785176737.9275427,1785176737.9279048,1785176738.0668967,1785176741.3345442,,,
block1-000787,102.39665454719216,3025.250962586142,131,307.5,101.3348950073123,3024.1892030462623,1.0617595398798585,block1:zero_tool,policy_fcfs,mixed,1785176737.968657,1785176737.9697204,1785176738.071069,1785176740.9939234,,,
block1-000788,68.9462375594303,6165.179582661949,267,287.5,68.66734696086496,6164.900692063384,0.27889059856534004,block1:zero_tool,policy_fcfs,mixed,1785176738.0637617,1785176738.0640442,1785176738.1327374,1785176744.228971,,,
block1-000789,512.1010018046945,1250.5646098870784,48,92.5,511.07513590250164,1249.5387439848855,1.0258659021928906,block1:s3,policy_fcfs,mixed,1785176738.2517228,1785176738.25275,1785176738.763838,1785176739.5023017,,,
block1-000790,612.480285577476,1157.9141545807943,43,160.0,610.5288179824129,1155.9626869857311,1.95146759506315,block1:s3,policy_fcfs,mixed,1785176738.2663145,1785176738.2682662,1785176738.8788013,1785176739.4242356,,,
block1-000791,471.3373313425109,1210.856219404377,48,60.0,470.7506379345432,1210.2695259964094,0.5866934079676867,block1:s3,policy_fcfs,mixed,1785176738.3115435,1785176738.3121312,1785176738.7828918,1785176739.5224109,,,
block1-000792,486.62162630353123,1184.1578122694045,48,20.0,485.34584208391607,1182.8820280497894,1.2757842196151614,block1:s4,policy_fcfs,mixed,1785176738.7614954,1785176738.762772,1785176739.248127,1785176739.9456627,,,
block1-000793,461.1014797119424,1159.727425663732,48,15.0,460.29167401138693,1158.9176199631765,0.8098057005554438,block1:s4,policy_fcfs,mixed,1785176738.8643875,1785176738.865199,1785176739.3255053,1785176740.0241308,,,
block1-000794,100.7994090905413,3494.378645089455,162,412.5,99.52455200254917,3493.103788001463,1.2748570879921317,block1:zero_tool,policy_fcfs,mixed,1785176738.8968155,1785176738.898091,1785176738.9976246,1785176742.3912044,,,
block1-000795,419.07630825880915,1191.1971662193537,48,280.0,418.7797460472211,1190.9006040077657,0.2965622115880251,block1:s4,policy_fcfs,mixed,1785176739.0830286,1785176739.083326,1785176739.5021172,1785176740.2742383,,,
block1-000796,457.1589990518987,1156.8802839610726,48,95.0,456.78579702507704,1156.507081934251,0.3732020268216729,block1:s4,policy_fcfs,mixed,1785176739.5263543,1785176739.526728,1785176739.983522,1785176740.6832438,,,
block1-000797,494.84953470528126,1119.5887816138566,48,320.0,494.69353700987995,1119.4327839184552,0.15599769540131092,block1:s4,policy_fcfs,mixed,1785176739.7978332,1785176739.79799,1785176740.2926965,1785176740.9174361,,,
block1-000798,455.0316196400672,1074.8232415644452,48,395.0,454.29019001312554,1074.0818119375035,0.7414296269416809,block1:s4,policy_fcfs,mixed,1785176740.014659,1785176740.0154026,1785176740.469711,1785176741.089502,,,
block1-000799,467.74801914580166,1102.7578811626881,49,10.0,467.4286680528894,1102.4385300697759,0.3193510929122567,block1:s4,policy_fcfs,mixed,1785176740.0229723,1785176740.0232918,1785176740.4907267,1785176741.1257367,,,
block1-000800,76.25153660774231,2531.078401603736,117,17.5,75.52308298181742,2530.349947977811,0.7284536259248853,block1:zero_tool,policy_fcfs,mixed,1785176740.2581034,1785176740.2588334,1785176740.334379,1785176742.789206,,,
block1-000801,73.87728209141642,7442.358743050136,315,107.5,72.91694695595652,7441.398407914676,0.9603351354598999,block1:zero_tool,policy_fcfs,mixed,1785176740.7278056,1785176740.7287667,1785176740.8016934,1785176748.1701756,,,
block1-000802,298.3300285413861,925.2394355135038,43,25.0,298.138240003027,925.0476469751447,0.1917885383591056,block1:s1,policy_fcfs,mixed,1785176741.215011,1785176741.2152038,1785176741.5133545,1785176742.140263,,,
block1-000803,278.19784893654287,807.179719908163,36,12.5,277.94732607435435,806.9291970459744,0.25052286218851805,block1:s1,policy_fcfs,mixed,1785176741.3295221,1785176741.329774,1785176741.607732,1785176742.1367135,,,
block1-000804,306.8386111408472,895.8091991953552,39,170.0,306.4112529391423,895.3818409936503,0.42735820170491934,block1:s1,policy_fcfs,mixed,1785176741.5733962,1785176741.573825,1785176741.8802478,1785176742.4692178,,,
block1-000805,83.8601104915142,1652.5223404169083,65,60.0,83.69019802194089,1652.352427947335,0.16991246957331896,block1:s1,policy_fcfs,mixed,1785176741.5755386,1785176741.5757086,1785176741.6594055,1785176743.2280674,,,
block1-000806,73.22857179678977,1755.6766727939248,69,92.5,72.7390490937978,1755.1871500909328,0.48952270299196243,block1:s1,policy_fcfs,mixed,1785176741.6907244,1785176741.691214,1785176741.763965,1785176743.4464135,,,
block1-000807,232.31164133176208,814.0586353838444,31,15.0,232.02093900181353,813.7679330538958,0.2907023299485445,block1:s1,policy_fcfs,mixed,1785176741.862768,1785176741.8630595,1785176742.0950997,1785176742.6768465,,,
block1-000808,270.23755258414894,965.3366605052724,38,145.0,269.2301470087841,964.3292549299076,1.007405575364828,block1:s2,policy_fcfs,mixed,1785176741.9263766,1785176741.9273849,1785176742.1966248,1785176742.891724,,,
block1-000809,360.9324812423438,1021.0147722391412,38,105.0,359.97464891988784,1020.0569399166852,0.9578323224559426,block1:s2,policy_fcfs,mixed,1785176742.0686061,1785176742.0695646,1785176742.4295492,1785176743.0896323,,,
block1-000810,362.5731890788302,1044.0408140420914,36,12.5,362.27687704376876,1043.74450200703,0.296312035061419,block1:s2,policy_fcfs,mixed,1785176742.2025712,1785176742.202868,1785176742.5651538,1785176743.2466211,,,
block1-000811,62.37331707961857,12796.139157027937,528,10.0,61.98921799659729,12795.755057944916,0.38409908302128315,block1:zero_tool,policy_fcfs,mixed,1785176742.2890604,1785176742.2894452,1785176742.3514445,1785176755.0852098,,,
block1-000812,401.0110350791365,1040.8819121075794,36,297.5,400.01164993736893,1039.8825269658118,0.9993851417675614,block1:s2,policy_fcfs,mixed,1785176742.468329,1785176742.4693286,1785176742.8693483,1785176743.5092194,,,
block1-000813,613.9103906461969,1344.508781679906,49,12.5,613.494680961594,1344.093071995303,0.41570968460291624,block1:s2,policy_fcfs,mixed,1785176742.475876,1785176742.4762921,1785176743.089793,1785176743.8203924,,,
block1-000814,140.22549625951797,4277.774119284004,171,15.0,139.29112500045449,4276.8397480249405,0.9343712590634823,block1:zero_tool,policy_fcfs,mixed,1785176742.5148892,1785176742.5158243,1785176742.6551268,1785176746.792675,,,
block1-000815,442.63259461149573,1079.0499045979232,37,95.0,442.47132795862854,1078.888637945056,0.161266652867198,block1:s2,policy_fcfs,mixed,1785176742.523318,1785176742.5234797,1785176742.965958,1785176743.6023753,,,
block1-000816,282.9419126501307,938.6194546241313,32,15.0,282.62110298965126,938.2986449636519,0.3208096604794264,block1:s3,policy_fcfs,mixed,1785176742.646079,1785176742.646401,1785176742.9290369,1785176743.584715,,,
block1-000817,361.52037617284805,1036.004955181852,39,117.5,361.1744180088863,1035.6589970178902,0.34595816396176815,block1:s3,policy_fcfs,mixed,1785176742.8444374,1785176742.8447847,1785176743.205979,1785176743.8804634,,,
block1-000818,485.51209771540016,1173.8326186314225,41,12.5,484.927466022782,1173.2479869388044,0.5846316926181316,block1:s3,policy_fcfs,mixed,1785176742.9795194,1785176742.9801044,1785176743.4650412,1785176744.1533625,,,
block1-000819,108.2518813200295,11060.376646229997,453,170.0,107.33910009730607,11059.463865007274,0.9127812227234244,block1:zero_tool,policy_fcfs,mixed,1785176743.053887,1785176743.0548007,1785176743.162149,1785176754.1142735,,,
block1-000820,516.00763539318,1260.858754394576,48,320.0,514.9097599787638,1259.7608789801598,1.097875414416194,block1:s3,policy_fcfs,mixed,1785176743.068778,1785176743.069877,1785176743.5847945,1785176744.3296463,,,
block1-000821,105.03657045774162,3982.886300422251,164,10.0,104.56670506391674,3982.4164350284263,0.46986539382487535,block1:zero_tool,policy_fcfs,mixed,1785176743.1229177,1785176743.1233892,1785176743.2279708,1785176747.105821,,,
block1-000822,534.7922367509454,1121.6331328032538,43,322.5,534.6548079978675,1121.4957040501758,0.13742875307798386,block1:s3,policy_fcfs,mixed,1785176743.2661917,1785176743.2663293,1785176743.8009923,1785176744.3878326,,,
block1-000823,110.01318937633187,2645.6621093675494,109,115.0,109.00934401433915,2644.6582640055567,1.0038453619927168,block1:zero_tool,policy_fcfs,mixed,1785176743.2965388,1785176743.2975442,1785176743.4065683,1785176745.9422176,,,
block1-000824,432.7374919084832,1179.80843083933,48,395.0,431.7452369723469,1178.8161759031937,0.9922549361363053,block1:s4,policy_fcfs,mixed,1785176743.4478629,1785176743.4488554,1785176743.8806078,1785176744.6276793,,,
block1-000825,496.28865625709295,1283.5559443337843,48,107.5,494.53570891637355,1281.8029969930649,1.7529473407194018,block1:s4,policy_fcfs,mixed,1785176743.850986,1785176743.8527396,1785176744.347287,1785176745.1345546,,,
block1-000826,463.3562957169488,1233.4558217553422,48,52.5,462.2703460045159,1232.3698720429093,1.085949712432921,block1:s4,policy_fcfs,mixed,1785176743.9237502,1785176743.9248374,1785176744.3871214,1785176745.1572208,,,
block1-000827,452.77103187981993,1224.506362923421,48,287.5,452.38106697797775,1224.1163980215788,0.3899649018421769,block1:s4,policy_fcfs,mixed,1785176743.9531534,1785176743.953544,1785176744.4059422,1785176745.1776779,,,
block1-000828,130.22114674095064,3244.8971157427877,134,105.0,130.10655099060386,3244.782519992441,0.11459575034677982,block1:zero_tool,policy_fcfs,mixed,1785176743.9805017,1785176743.9806168,1785176744.1107337,1785176747.2254095,,,
block1-000829,551.4682948123664,1235.691542737186,48,282.5,550.5154520506039,1234.7386999754235,0.9528427617624402,block1:s4,policy_fcfs,mixed,1785176744.583696,1785176744.5846493,1785176745.1351757,1785176745.8193972,,,
block1-000830,480.5891284486279,1193.9473684178665,48,115.0,479.87694398034364,1193.2351839495823,0.7121844682842493,block1:s4,policy_fcfs,mixed,1785176744.696953,1785176744.6976674,1785176745.177562,1785176745.89092,,,
block1-000831,451.5617904253304,1352.6944384211674,49,105.0,450.5814240546897,1351.7140720505267,0.9803663706406951,block1:s4,policy_fcfs,mixed,1785176744.9095623,1785176744.910546,1785176745.3611565,1785176746.2622895,,,
block1-000832,354.4063757872209,1165.8705107402056,43,15.0,353.9068050449714,1165.3709399979562,0.49957074224948883,block1:s1,policy_fcfs,mixed,1785176744.9837596,1785176744.9842606,1785176745.3381789,1785176746.149643,,,
block1-000833,82.0072036003694,13428.221325622872,547,22.5,80.97182400524616,13427.185946027748,1.0353795951232314,block1:zero_tool,policy_fcfs,mixed,1785176745.055466,1785176745.0565023,1785176745.1374843,1785176758.4836988,,,
block1-000834,286.2122531514615,971.9606870785356,36,177.5,285.16246005892754,970.9108939860016,1.049793092533946,block1:s1,policy_fcfs,mixed,1785176745.1767619,1785176745.1778119,1785176745.4629846,1785176746.148733,,,
block1-000835,65.24983746930957,3783.000873401761,146,117.5,64.39877604134381,3782.1498119737953,0.8510614279657602,block1:zero_tool,policy_fcfs,mixed,1785176745.3363383,1785176745.3371904,1785176745.401599,1785176749.1193507,,,
block1-000836,103.58782252296805,4156.576166511513,158,412.5,103.30763703677803,4156.295981025323,0.28018548619002104,block1:zero_tool,policy_fcfs,mixed,1785176745.6743276,1785176745.6746092,1785176745.7779279,1785176749.830917,,,
block1-000837,117.83315415959805,4042.871119105257,154,17.5,116.97153106797487,4042.009496013634,0.8616230916231871,block1:zero_tool,policy_fcfs,mixed,1785176745.7014127,1785176745.7022765,1785176745.8192644,1785176749.7443018,,,
block1-000838,397.0634281868115,1062.7069381298497,39,15.0,396.4084640610963,1062.0519740041345,0.6549641257151961,block1:s1,policy_fcfs,mixed,1785176745.7524793,1785176745.753135,1785176746.149554,1785176746.8151975,,,
block1-000839,376.8332595936954,896.244257572107,31,17.5,375.9671919979155,895.3781899763271,0.8660675957798958,block1:s1,policy_fcfs,mixed,1785176745.7729259,1785176745.773794,1785176746.149773,1785176746.669185,,,
block1-000840,551.8451217794791,1039.4321348285303,38,17.5,551.4387630391866,1039.0257760882378,0.40635874029248953,block1:s2,policy_fcfs,mixed,1785176745.8544157,1785176745.854825,1785176746.4062984,1785176746.8938851,,,
block1-000841,168.64648659247905,1698.82924167905,67,320.0,167.50683495774865,1697.6895900443196,1.1396516347303987,block1:s2,policy_fcfs,mixed,1785176745.9810688,1785176745.9822106,1785176746.1497347,1785176747.679918,,,
block1-000842,382.2653879178688,884.9478008924052,36,412.5,380.89415698777884,883.5765699623153,1.3712309300899506,block1:s2,policy_fcfs,mixed,1785176746.0292103,1785176746.0305822,1785176746.4114883,1785176746.9141717,,,
block1-000843,353.82308869156986,998.4744016546756,43,105.0,353.01487403921783,997.6661870023236,0.808214652352035,block1:s2,policy_fcfs,mixed,1785176746.1656175,1785176746.1664264,1785176746.5194542,1785176747.164105,,,
block1-000844,80.19440725911409,3791.810011258349,151,282.5,79.26601800136268,3790.8816220005974,0.9283892577514052,block1:zero_tool,policy_fcfs,mixed,1785176746.3310833,1785176746.332013,1785176746.4112904,1785176750.122906,,,
block1-000845,67.27243482600898,3668.3273367816582,146,22.5,66.99427298735827,3668.0491749430075,0.27816183865070343,block1:zero_tool,policy_fcfs,mixed,1785176746.4949036,1785176746.4951828,1785176746.5621886,1785176750.1632433,,,
block1-000846,438.467335421592,1148.7772034015507,44,15.0,436.895539984107,1147.2054079640657,1.5717954374849796,block1:s2,policy_fcfs,mixed,1785176746.9607253,1785176746.9622977,1785176747.3992028,1785176748.1095135,,,
block1-000847,372.837524744682,985.9509298112243,37,155.0,371.70822091866285,984.8216259852052,1.129303826019168,block1:s2,policy_fcfs,mixed,1785176747.1654232,1785176747.1665556,1785176747.5382912,1785176748.1514046,,,
block1-000848,295.00319459475577,967.7716385340318,35,20.0,294.4224349921569,967.190878931433,0.580759602598846,block1:s3,policy_fcfs,mixed,1785176747.183413,1785176747.1839952,1785176747.4784288,1785176748.1511977,,,
block1-000849,72.56232458166778,3198.2949015218765,128,52.5,71.36384199839085,3197.0964189385995,1.1984825832769275,block1:zero_tool,policy_fcfs,mixed,1785176747.326577,1785176747.3277764,1785176747.3991573,1785176750.52489,,,
block1-000850,468.36758905556053,1364.1035370528698,48,70.0,468.10837206430733,1363.8443200616166,0.2592169912531972,block1:s3,policy_fcfs,mixed,1785176747.5359674,1785176747.536228,1785176748.0043488,1785176748.9000847,,,
block1-000851,289.71301205456257,1182.9748831223696,41,412.5,288.84183592163026,1182.1037069894373,0.8711761329323053,block1:s3,policy_fcfs,mixed,1785176747.6294534,1785176747.6303258,1785176747.9191797,1785176748.8124413,,,
block1-000852,73.22598085738719,3380.41270384565,136,135.0,72.72325898520648,3379.9099819734693,0.5027218721807003,block1:zero_tool,policy_fcfs,mixed,1785176747.7864625,1785176747.786966,1785176747.8597007,1785176751.1668873,,,
block1-000853,72.31523119844496,3295.5014501931146,132,15.0,71.03274401742965,3294.2189630120993,1.2824871810153127,block1:zero_tool,policy_fcfs,mixed,1785176747.9322515,1785176747.9335365,1785176748.004588,1785176751.2277746,,,
block1-000854,644.3623575614765,1335.8815785031766,43,107.5,643.1759271072224,1334.6951480489224,1.1864304542541504,block1:s3,policy_fcfs,mixed,1785176748.0176494,1785176748.0188363,1785176748.6621196,1785176749.3536386,,,
block1-000855,451.3329857727513,1336.677519720979,43,15.0,450.7853110553697,1336.1298450035974,0.5476747173815966,block1:s3,policy_fcfs,mixed,1785176748.1060977,1785176748.106647,1785176748.5574467,1785176749.4427907,,,
block1-000856,562.2676548082381,1426.3110047904775,48,117.5,562.0376160368323,1426.0809660190716,0.23003877140581608,block1:s4,policy_fcfs,mixed,1785176748.270373,1785176748.2706046,1785176748.8326552,1785176749.6966991,,,
block1-000857,551.2092171702534,1401.8563602585346,48,17.5,550.120664993301,1400.7678080815822,1.088552176952362,block1:s4,policy_fcfs,mixed,1785176748.300705,1785176748.3017962,1785176748.851938,1785176749.7025855,,,
block1-000858,491.67690658941865,1335.1975355762988,48,115.0,490.4169470537454,1333.9375760406256,1.2599595356732607,block1:s4,policy_fcfs,mixed,1785176748.4084952,1785176748.4097586,1785176748.9002059,1785176749.7437267,,,
block1-000859,579.1173537727445,1325.0164038036019,48,70.0,578.4506140043959,1324.3496640352532,0.6667397683486342,block1:s4,policy_fcfs,mixed,1785176748.6679506,1785176748.668618,1785176749.247087,1785176749.9929862,,,
block1-000860,99.78075476828963,4213.507097680122,172,105.0,98.72547001577914,4212.451812927611,1.055284752510488,block1:zero_tool,policy_fcfs,mixed,1785176748.6848128,1785176748.6858683,1785176748.7846005,1785176752.898327,,,
block1-000861,586.0409324523062,1285.7631584629416,48,15.0,585.4631490074098,1285.1853750180453,0.5777834448963404,block1:s4,policy_fcfs,mixed,1785176748.8566031,1785176748.857181,1785176749.4426556,1785176750.1423776,,,
block1-000862,541.5903409011662,1245.8227949682623,48,10.0,540.340055944398,1244.5725100114942,1.250284956768155,block1:s4,policy_fcfs,mixed,1785176748.9820766,1785176748.983329,1785176749.5236886,1785176750.227921,,,
block1-000863,128.25018563307822,3169.4124535424635,133,75.0,127.12512700818479,3168.28739491757,1.125058624893427,block1:zero_tool,policy_fcfs,mixed,1785176748.9913034,1785176748.992429,1785176749.1195621,1785176752.1607244,,,
block1-000864,444.21604566741735,1109.186082612723,43,172.5,443.4735890245065,1108.4436259698123,0.7424566429108381,block1:s1,policy_fcfs,mixed,1785176749.0134723,1785176749.0142164,1785176749.457703,1785176750.122673,,,
block1-000865,83.19158793892711,1676.4070219360292,71,107.5,82.91889494284987,1676.134328939952,0.2726929960772395,block1:s1,policy_fcfs,mixed,1785176749.122657,1785176749.1229298,1785176749.2058594,1785176750.7990746,,,
block1-000866,300.11442268732935,960.6778697343543,40,100.0,297.8411429794505,958.4045900264755,2.273279707878828,block1:s1,policy_fcfs,mixed,1785176749.2869318,1785176749.2892065,1785176749.5870612,1785176750.2476242,,,
block1-000867,408.007055753842,1055.302184773609,45,70.0,407.2574930032715,1054.5526220230386,0.749562750570476,block1:s1,policy_fcfs,mixed,1785176749.3123014,1785176749.3130531,1785176749.7203293,1785176750.3676243,,,
block1-000868,118.81950276438147,3924.2388408165425,163,20.0,118.39137796778232,3923.8107160199434,0.4281247965991497,block1:zero_tool,policy_fcfs,mixed,1785176749.3169222,1785176749.3173506,1785176749.4357505,1785176753.2411697,,,
block1-000869,77.9469448607415,7037.926445831545,299,297.5,76.84872101526707,7036.82822198607,1.098223845474422,block1:zero_tool,policy_fcfs,mixed,1785176749.364138,1785176749.3652372,1785176749.4421008,1785176756.4020803,,,
block1-000870,84.94872320443392,3984.5204821322113,167,95.0,84.74082802422345,3984.312586952001,0.20789518021047115,block1:zero_tool,policy_fcfs,mixed,1785176749.6174755,1785176749.6176844,1785176749.7024367,1785176753.6020086,,,
block1-000871,299.9066864140332,788.9136653393507,35,70.0,299.5471170870587,788.5540960123762,0.35956932697445154,block1:s1,policy_fcfs,mixed,1785176749.756206,1785176749.756566,1785176750.056241,1785176750.5452483,,,
block1-000872,278.13986991532147,765.804611844942,34,20.0,277.4615810485557,765.1263229781762,0.6782888667657971,block1:s2,policy_fcfs,mixed,1785176749.8443491,1785176749.845028,1785176750.1224988,1785176750.6101632,,,
block1-000873,60.86364889051765,8893.107769894414,365,115.0,59.8625170532614,8892.106638057157,1.0011318372562528,block1:zero_tool,policy_fcfs,mixed,1785176750.5292752,1785176750.5302792,1785176750.5901656,1785176759.4224093,,,
block1-000874,388.3097741054371,909.1605191351846,36,20.0,387.46589596848935,908.3166409982368,0.843878136947751,block1:s2,policy_fcfs,mixed,1785176750.639012,1785176750.6398563,1785176751.0273316,1785176751.5481822,,,
block1-000875,123.20478342007846,1676.6246143961325,69,155.0,122.81762796919793,1676.237458945252,0.3871554508805275,block1:s2,policy_fcfs,mixed,1785176750.6759937,1785176750.6763842,1785176750.7992644,1785176752.3526855,,,
block1-000876,307.8588140197098,893.3390030870214,36,107.5,307.4607439339161,892.9409330012277,0.3980700857937336,block1:s2,policy_fcfs,mixed,1785176750.8974705,1785176750.8978696,1785176751.2053437,1785176751.7908237,,,
block1-000877,482.02103772200644,1207.5302947778255,44,20.0,481.8157359259203,1207.3249929817393,0.20530179608613253,block1:s2,policy_fcfs,mixed,1785176751.419867,1785176751.4200742,1785176751.901904,1785176752.6274128,,,
block1-000878,496.22948199976236,1031.95149009116,38,115.0,495.90869597159326,1031.6307040629908,0.3207860281690955,block1:s2,policy_fcfs,mixed,1785176751.421739,1785176751.42206,1785176751.9179738,1785176752.4536965,,,
block1-000879,59.16167318355292,3044.4404161535203,127,105.0,58.756857994012535,3044.03560096398,0.4048151895403862,block1:zero_tool,policy_fcfs,mixed,1785176751.5901027,1785176751.5905082,1785176751.6492765,1785176754.6345553,,,
block1-000880,337.0884988689795,939.7475807927549,32,10.0,336.1469389637932,938.8060208875686,0.9415599051862955,block1:s3,policy_fcfs,mixed,1785176751.6223862,1785176751.6233287,1785176751.9594867,1785176752.562146,,,
block1-000881,321.20228675194085,1058.0708497436717,39,95.0,320.27677493169904,1057.14533792343,0.9255118202418089,block1:s3,policy_fcfs,mixed,1785176751.6978962,1785176751.6988237,1785176752.019118,1785176752.7559867,,,
block1-000882,408.4574559237808,1110.7021779753268,41,545.0,407.8103780047968,1110.0551000563428,0.6470779189839959,block1:s3,policy_fcfs,mixed,1785176751.7521608,1785176751.7528088,1785176752.1606305,1785176752.8628757,,,
block1-000883,61.994927818886936,4357.127499766648,182,25.0,61.194885056465864,4356.327457004227,0.8000427624210715,block1:zero_tool,policy_fcfs,mixed,1785176752.1644804,1785176752.165283,1785176752.226498,1785176756.52163,,,
block1-000884,424.30001532193273,1166.287881322205,41,140.0,423.64036303479224,1165.6282290350646,0.6596522871404886,block1:s3,policy_fcfs,mixed,1785176752.3110468,1785176752.31171,1785176752.7353773,1785176753.4773655,,,
block1-000885,576.1825634399429,1280.0361113622785,46,70.0,575.8397580357268,1279.6933059580624,0.3428054042160511,block1:s3,policy_fcfs,mixed,1785176752.3224528,1785176752.322796,1785176752.8986428,1785176753.6024961,,,
block1-000886,662.6057461835444,1206.6916172625497,43,10.0,662.1534219011664,1206.2392929801717,0.4523242823779583,block1:s3,policy_fcfs,mixed,1785176752.3524313,1785176752.352884,1785176753.015047,1785176753.5591328,,,
block1-000887,73.81568977143615,2772.6208267267793,121,22.5,72.83710804767907,2771.6422450030223,0.9785817237570882,block1:zero_tool,policy_fcfs,mixed,1785176752.5355945,1785176752.5365744,1785176752.609424,1785176755.308229,,,
block1-000888,74.14537924341857,3686.4523482508957,156,10.0,73.53828195482492,3685.845250962302,0.6070972885936499,block1:zero_tool,policy_fcfs,mixed,1785176752.5977569,1785176752.5983665,1785176752.6719291,1785176756.2842362,,,
block1-000889,504.8959283158183,1201.10286725685,48,115.0,504.68119501601905,1200.8881339570507,0.21473329979926348,block1:s4,policy_fcfs,mixed,1785176752.7791765,1785176752.7793915,1785176753.2840822,1785176753.980289,,,
block1-000890,487.6467293361202,1212.45978330262,48,160.0,487.33298503793776,1212.1460390044376,0.3137442981824279,block1:s4,policy_fcfs,mixed,1785176752.882212,1785176752.882529,1785176753.3698885,1785176754.0947042,,,
block1-000891,115.10136420838535,3036.8056742008775,130,155.0,113.81944001186639,3035.5237500043586,1.2819241965189576,block1:zero_tool,policy_fcfs,mixed,1785176753.0636537,1785176753.0649366,1785176753.1787708,1785176756.1004744,,,
block1-000892,438.4777357336134,1154.3422527611256,48,17.5,438.00717999693006,1153.8716970244423,0.4705557366833091,block1:s4,policy_fcfs,mixed,1785176753.0790188,1785176753.07949,1785176753.5176156,1785176754.23348,,,
block1-000893,65.52543316502124,3076.818667119369,131,70.0,64.67072304803878,3075.9639570023865,0.85471011698246,block1:zero_tool,policy_fcfs,mixed,1785176753.3046145,1785176753.3054712,1785176753.3701618,1785176756.381455,,,
block1-000894,465.923527139239,1141.7575331870466,48,17.5,465.0518799899146,1140.8858860377222,0.8716471493244171,block1:s4,policy_fcfs,mixed,1785176753.6481564,1785176753.6490295,1785176754.1140926,1785176754.7899268,,,
block1-000895,435.1239597890526,1147.0759727526456,48,15.0,434.6070110332221,1146.559023996815,0.5169487558305264,block1:s4,policy_fcfs,mixed,1785176753.9377131,1785176753.9382312,1785176754.372973,1785176755.084926,,,
block1-000896,67.28242477402091,2930.5843628244475,117,15.0,66.33269798476249,2929.634636035189,0.9497267892584205,block1:zero_tool,policy_fcfs,mixed,1785176754.3057413,1785176754.3066924,1785176754.3730352,1785176757.2363377,,,
block1-000897,67.06487864721566,17444.693770608865,723,350.0,65.37177797872573,17443.000669940375,1.693100668489933,block1:zero_tool,policy_fcfs,mixed,1785176754.4295619,1785176754.431255,1785176754.4966388,1785176771.8742673,,,
block1-000898,297.98085568472743,960.1167887449265,40,105.0,296.33803595788777,958.4739690180868,1.6428197268396616,block1:s1,policy_fcfs,mixed,1785176754.6903028,1785176754.6919467,1785176754.988298,1785176755.6504338,,,
block1-000899,77.3590529570356,9044.473360991105,370,60.0,76.37746597174555,9043.491774005815,0.9815869852900505,block1:zero_tool,policy_fcfs,mixed,1785176754.715654,1785176754.7166367,1785176754.7930279,1785176763.7601433,,,
block1-000900,350.9311517700553,1036.0025527188554,39,17.5,350.38025805260986,1035.45165900141,0.5508937174454331,block1:s1,policy_fcfs,mixed,1785176754.9065714,1785176754.9071238,1785176755.2575173,1785176755.9425893,,,
block1-000901,75.65392763353884,1664.2146946396679,61,280.0,74.55920195207,1663.119968958199,1.0947256814688444,block1:s1,policy_fcfs,mixed,1785176755.2323592,1785176755.2334561,1785176755.3080337,1785176756.8965957,,,
block1-000902,116.07946013100445,1908.6065160809085,69,145.0,115.5152739956975,1908.0423299456015,0.5641861353069544,block1:s1,policy_fcfs,mixed,1785176755.328227,1785176755.3287926,1785176755.4443214,1785176757.2368479,,,
block1-000903,242.54882987588644,878.5308838123456,31,20.0,241.95970804430544,877.9417619807646,0.5891218315809965,block1:s1,policy_fcfs,mixed,1785176755.365022,1785176755.365612,1785176755.6075828,1785176756.2435656,,,
block1-000904,96.27059230115265,3248.0233212700114,122,177.5,95.33043997362256,3247.0831689424813,0.940152327530086,block1:zero_tool,policy_fcfs,mixed,1785176755.3920338,1785176755.3929753,1785176755.4883206,1785176758.640073,,,
block1-000905,450.3620374016464,1267.167563433759,42,17.5,449.37284500338137,1266.178371035494,0.9891923982650042,block1:s2,policy_fcfs,mixed,1785176755.6305103,1785176755.6315007,1785176756.0809216,1785176756.8977275,,,
block1-000906,431.1857871944085,1056.1003532493487,37,105.0,430.2311309147626,1055.1456969697028,0.9546562796458602,block1:s2,policy_fcfs,mixed,1785176755.649684,1785176755.6506388,1785176756.0808783,1785176756.7057924,,,
block1-000907,416.5418316842988,1227.8066286817193,43,85.0,416.2356610177085,1227.500458015129,0.306170666590333,block1:s2,policy_fcfs,mixed,1785176755.9647677,1785176755.9650755,1785176756.3813264,1785176757.1925902,,,
block1-000908,379.19915560632944,1064.9975696578622,36,145.0,378.30659095197916,1064.105005003512,0.8925646543502808,block1:s2,policy_fcfs,mixed,1785176756.0623271,1785176756.0632217,1785176756.4415479,1785176757.1273463,,,
block1-000909,368.58013609889895,1266.753021045588,44,282.5,366.98395502753556,1265.1568399742246,1.5961810713633895,block1:s2,policy_fcfs,mixed,1785176756.172309,1785176756.173906,1785176756.5409029,1785176757.4390767,,,
block1-000910,409.79372430592775,1303.4535113256425,44,15.0,408.4349318873137,1302.0947189070284,1.3587924186140299,block1:s2,policy_fcfs,mixed,1785176756.252618,1785176756.2539773,1785176756.6624234,1785176757.556083,,,
block1-000911,510.2829361567274,1121.1966312257573,37,395.0,508.9593849843368,1119.8730800533667,1.3235511723905802,block1:s2,policy_fcfs,mixed,1785176756.5743103,1785176756.5756345,1785176757.0846052,1785176757.695519,,,
block1-000912,127.05137336160988,3502.3214804241434,142,155.0,126.80659000761807,3502.0766970701516,0.2447833539918065,block1:zero_tool,policy_fcfs,mixed,1785176756.578208,1785176756.578453,1785176756.705267,1785176760.0805361,,,
block1-000913,416.9958633137867,1147.0702602528036,39,287.5,416.78719501942396,1146.8615919584408,0.20866829436272383,block1:s3,policy_fcfs,mixed,1785176756.607581,1785176756.6077898,1785176757.024584,1785176757.7546577,,,
block1-000914,474.5529340580106,1077.3979340447113,38,172.5,473.44150207936764,1076.2865020660684,1.1114319786429405,block1:s3,policy_fcfs,mixed,1785176756.696933,1785176756.6980464,1785176757.1715076,1785176757.774352,,,
block1-000915,545.5310179386288,1324.433572939597,48,17.5,544.2477200413123,1323.1502750422806,1.2832978973165154,block1:s3,policy_fcfs,mixed,1785176756.8272512,1785176756.8285372,1785176757.3728106,1785176758.1517134,,,
block1-000916,554.9679599935189,1333.5005489643663,48,20.0,554.432325065136,1332.9649140359834,0.5356349283829331,block1:s3,policy_fcfs,mixed,1785176756.8579555,1785176756.8584921,1785176757.4129384,1785176758.1914716,,,
block1-000917,75.82122983876616,2710.8104749349877,112,412.5,74.80184000451118,2709.7910851007327,1.01938983425498,block1:zero_tool,policy_fcfs,mixed,1785176757.0958283,1785176757.0968478,1785176757.1716616,1785176759.806651,,,
block1-000918,508.99313762784004,1334.2534656403586,48,12.5,506.93931395653635,1332.199641969055,2.0538236713036895,block1:s3,policy_fcfs,mixed,1785176757.2050567,1785176757.2071128,1785176757.71407,1785176758.539331,,,
block1-000919,105.89793906547129,3643.7906951177865,154,280.0,104.89059297833592,3642.783349030651,1.0073460871353745,block1:zero_tool,policy_fcfs,mixed,1785176757.267134,1785176757.2681427,1785176757.3730443,1785176760.9109375,,,
block1-000920,479.6442062361166,1304.2488292558119,48,47.5,479.3241990264505,1303.9288220461458,0.3200072096660733,block1:s4,policy_fcfs,mixed,1785176757.2748983,1785176757.27522,1785176757.7545588,1785176758.5791633,,,
block1-000921,421.72198940534145,1247.0174264162779,48,307.5,421.0947359679267,1246.3901729788631,0.6272534374147654,block1:s4,policy_fcfs,mixed,1785176757.3926325,1785176757.3932598,1785176757.8143635,1785176758.6396594,,,
block1-000922,586.8349086958915,1269.2492937203497,48,10.0,585.6916679767892,1268.1060530012473,1.143240719102323,block1:s4,policy_fcfs,mixed,1785176757.912177,1785176757.9133215,1785176758.499026,1785176759.1814404,,,
block1-000923,554.1761983186007,1236.532144364901,48,187.5,553.4336649579927,1235.789611004293,0.7425333606079221,block1:s4,policy_fcfs,mixed,1785176757.9853063,1785176757.9860501,1785176758.539497,1785176759.2218533,,,
block1-000924,502.6694176485762,1235.4259196436033,48,17.5,501.66991201695055,1234.4264140119776,0.9995056316256523,block1:s4,policy_fcfs,mixed,1785176758.0950885,1785176758.0960903,1785176758.5977807,1785176759.330538,,,
block1-000925,464.56687804311514,1210.7842951081693,48,132.5,463.01151893567294,1209.2289360007271,1.5553591074422002,block1:s4,policy_fcfs,mixed,1785176758.2524753,1785176758.2540329,1785176758.7170703,1785176759.4632883,,,
block1-000926,475.82468239124864,1197.0466304337606,48,15.0,475.012247916311,1196.234195958823,0.8124344749376178,block1:s4,policy_fcfs,mixed,1785176758.3046439,1785176758.3054574,1785176758.78048,1785176759.5017014,,,
block1-000927,430.4226271342486,1135.3480841498822,48,485.0,429.82241604477167,1134.7478730604053,0.600211089476943,block1:s4,policy_fcfs,mixed,1785176758.6922095,1785176758.6928108,1785176759.1226447,1785176759.8275702,,,
block1-000928,64.3761670216918,3363.1973990704864,148,15.0,62.98241904005408,3361.8036510888487,1.3937479816377163,block1:zero_tool,policy_fcfs,mixed,1785176758.7894814,1785176758.7908754,1785176758.8538697,1785176762.1526902,,,
block1-000929,377.1046521142125,857.7308391686529,37,282.5,375.73673389852047,856.3629209529608,1.3679182156920433,block1:s1,policy_fcfs,mixed,1785176759.0461423,1785176759.0475113,1785176759.423259,1785176759.9038851,,,
block1-000930,322.91002885904163,942.3477448290214,40,15.0,320.91713103000075,940.3548469999805,1.992897829040885,block1:s1,policy_fcfs,mixed,1785176759.2176383,1785176759.2196333,1785176759.5405698,1785176760.1600082,,,
block1-000931,329.2963318526745,990.7932109199464,43,15.0,328.23864195961505,989.735521026887,1.0576898930594325,block1:s1,policy_fcfs,mixed,1785176759.2893572,1785176759.2904177,1785176759.6186779,1785176760.2801754,,,
block1-000932,293.08614088222384,954.1305028833449,42,100.0,292.2647250816226,953.3090870827436,0.821415800601244,block1:s1,policy_fcfs,mixed,1785176759.3065498,1785176759.3073728,1785176759.5996504,1785176760.260695,,,
block1-000933,72.13573704939336,1427.0068891346455,61,12.5,71.7678889632225,1426.6390410484746,0.3678480861708522,block1:s1,policy_fcfs,mixed,1785176759.6949873,1785176759.6953578,1785176759.7671454,1785176761.1220167,,,
block1-000934,62.47801659628749,4890.014348668046,204,170.0,61.57336093019694,4889.109693001956,0.904655666090548,block1:zero_tool,policy_fcfs,mixed,1785176760.0179446,1785176760.0188506,1785176760.0804367,1785176764.9079726,,,
block1-000935,70.82222739700228,1373.8817683188245,59,350.0,70.3026910778135,1373.3622319996357,0.5195363191887736,block1:s1,policy_fcfs,mixed,1785176760.0999527,1785176760.1004727,1785176760.170784,1785176761.4738438,,,
block1-000936,454.3196960585192,1090.0989320361987,44,60.0,453.5957560874522,1089.3749920651317,0.7239399710670114,block1:s2,policy_fcfs,mixed,1785176760.1469724,1785176760.1476977,1785176760.6013105,1785176761.2370894,,,
block1-000937,315.3652267064899,972.1059687435627,40,322.5,313.72436601668596,970.4651080537587,1.640860689803958,block1:s2,policy_fcfs,mixed,1785176760.3668633,1785176760.3685057,1785176760.6822443,1785176761.3389843,,,
block1-000938,62.56347103044391,3829.2014780454338,159,17.5,61.51724304072559,3828.1552500557154,1.046227989718318,block1:zero_tool,policy_fcfs,mixed,1785176760.5420291,1785176760.5430758,1785176760.6046028,1785176764.3712401,,,
block1-000939,364.3203196115792,991.3529865443707,43,107.5,363.02677099592984,990.0594379287213,1.2935486156493425,block1:s2,policy_fcfs,mixed,1785176760.7951832,1785176760.7964792,1785176761.1595294,1785176761.7865615,,,
block1-000940,313.03580198436975,818.2671519462019,36,282.5,312.14439996983856,817.3757499316707,0.8914020145311952,block1:s2,policy_fcfs,mixed,1785176761.025651,1785176761.0265446,1785176761.338708,1785176761.8439398,,,
block1-000941,468.4937944402918,1204.8681114101782,49,107.5,467.5940480083227,1203.9683649782091,0.8997464319691062,block1:s2,policy_fcfs,mixed,1785176761.2398021,1785176761.240702,1785176761.7083044,1785176762.4446778,,,
block1-000942,105.58312118519098,8455.26187622454,346,280.0,104.75309297908098,8454.43184801843,0.8300282061100006,block1:zero_tool,policy_fcfs,mixed,1785176761.5784152,1785176761.579246,1785176761.6840105,1785176770.0336885,,,
block1-000943,320.77730842866004,1021.4845055015758,37,12.5,320.51425299141556,1021.2214500643313,0.2630554372444749,block1:s2,policy_fcfs,mixed,1785176761.6198523,1785176761.620116,1785176761.9406402,1785176762.6413481,,,
block1-000944,532.2346875909716,1270.0350825907663,48,172.5,531.7559649702162,1269.5563599700108,0.47872262075543404,block1:s3,policy_fcfs,mixed,1785176761.9119885,1785176761.9124682,1785176762.444236,1785176763.1820357,,,
block1-000945,535.4748193640262,1242.6044763997197,48,15.0,534.6456289989874,1241.775286034681,0.8291903650388122,block1:s3,policy_fcfs,mixed,1785176761.9453664,1785176761.9461956,1785176762.480852,1785176763.1879818,,,
block1-000946,480.2500199293718,1114.7271879017353,41,15.0,479.93997298181057,1114.417140954174,0.31004694756120443,block1:s3,policy_fcfs,mixed,1785176761.9646645,1785176761.964975,1785176762.4449255,1785176763.0794036,,,
block1-000947,158.5079637588933,3252.9358107130975,131,115.0,156.0718910768628,3250.499738031067,2.436072682030499,block1:zero_tool,policy_fcfs,mixed,1785176761.9934742,1785176761.995913,1785176762.1520042,1785176765.2464316,,,
block1-000948,525.5548568675295,1209.0289018815383,48,217.5,524.696820997633,1208.170866011642,0.8580358698964119,block1:s3,policy_fcfs,mixed,1785176762.019681,1785176762.0205402,1785176762.5452592,1785176763.2287338,,,
block1-000949,412.49000933021307,1163.286944385618,43,17.5,411.84877103660256,1162.6457060920075,0.6412382936105132,block1:s3,policy_fcfs,mixed,1785176762.4068618,1785176762.407505,1785176762.8193722,1785176763.5701694,,,
block1-000950,108.26003446709365,4258.852920494974,172,170.0,107.3287200415507,4257.921606069431,0.9313144255429506,block1:zero_tool,policy_fcfs,mixed,1785176762.4104846,1785176762.411416,1785176762.5187504,1785176766.6693435,,,
block1-000951,431.7970125703141,1336.7006465559825,48,20.0,431.2749720411375,1336.178606026806,0.5220405291765928,block1:s3,policy_fcfs,mixed,1785176762.486551,1785176762.4870732,1785176762.9183564,1785176763.8232598,,,
block1-000952,88.80729146767408,3728.1314624706283,154,412.5,88.6896220035851,3728.0137930065393,0.11766946408897638,block1:zero_tool,policy_fcfs,mixed,1785176762.5317748,1785176762.5318925,1785176762.6205893,1785176766.2599142,,,
block1-000953,70.70373930037022,3289.9696852546185,133,117.5,70.20824309438467,3289.474189048633,0.4954962059855461,block1:zero_tool,policy_fcfs,mixed,1785176762.950499,1785176762.9509952,1785176763.0212154,1785176766.2404823,,,
block1-000954,75.18062915187329,3231.86548310332,130,60.0,74.28788498509675,3230.9727389365435,0.8927441667765379,block1:zero_tool,policy_fcfs,mixed,1785176763.0090475,1785176763.0099413,1785176763.0842402,1785176766.2409248,,,
block1-000955,73.40267079416662,3949.677346739918,155,95.0,72.68464006483555,3948.959316010587,0.7180307293310761,block1:zero_tool,policy_fcfs,mixed,1785176763.1146994,1785176763.1154177,1785176763.1881115,1785176767.0643868,,,
block1-000956,656.9826465565711,1361.358639667742,48,545.0,656.1015578918159,1360.4775510029867,0.8810886647552252,block1:s4,policy_fcfs,mixed,1785176763.2493663,1785176763.25025,1785176763.9063714,1785176764.6107466,,,
block1-000957,661.0512776533142,1364.413009607233,48,110.0,660.7295460999012,1364.0912780538201,0.3217315534129739,block1:s4,policy_fcfs,mixed,1785176763.2686098,1785176763.2689319,1785176763.929671,1785176764.6330333,,,
block1-000958,622.9549627751112,1328.337765764445,48,287.5,622.535677975975,1327.9184809653088,0.4192847991362214,block1:s4,policy_fcfs,mixed,1785176763.3471482,1785176763.347569,1785176763.9701176,1785176764.6755013,,,
block1-000959,579.8286701319739,1266.659555141814,48,85.0,579.1623779805377,1265.9932629903778,0.6662921514362097,block1:s4,policy_fcfs,mixed,1785176763.4499252,1785176763.4505925,1785176764.0297668,1785176764.7165976,,,
block1-000960,465.6374375335872,1125.359722529538,43,357.5,463.68462301325053,1123.4069080092013,1.9528145203366876,block1:s1,policy_fcfs,mixed,1785176763.4639177,1785176763.4658725,1785176763.929572,1785176764.5892947,,,
block1-000961,199.1508329520002,1620.375993894413,66,60.0,197.91917502880096,1619.1443359712139,1.2316579231992364,block1:s1,policy_fcfs,mixed,1785176763.5072076,1785176763.5084398,1785176763.7063673,1785176765.1275926,,,
block1-000962,518.1033976841718,1163.0599587224424,44,22.5,517.787404009141,1162.7439650474116,0.3159936750307679,block1:s1,policy_fcfs,mixed,1785176763.5118508,1785176763.5121672,1785176764.029967,1785176764.6749241,,,
block1-000963,472.67801919952035,1129.155204165727,46,152.5,470.9622060181573,1127.4393909843639,1.7158131813630462,block1:s1,policy_fcfs,mixed,1785176763.587842,1785176763.5895581,1785176764.0605295,1785176764.7170067,,,
block1-000964,314.99778130091727,922.7502353023738,39,10.0,314.3539010779932,922.1063550794497,0.6438802229240537,block1:s1,policy_fcfs,mixed,1785176763.9642982,1785176763.9649446,1785176764.279317,1785176764.88707,,,
block1-000965,72.74074945598841,4962.037432473153,203,17.5,71.61408895626664,4960.910771973431,1.1266604997217655,block1:zero_tool,policy_fcfs,mixed,1785176763.9712248,1785176763.9723518,1785176764.0439775,1785176768.9332733,,,
block1-000966,75.18370635807514,11384.417034452781,472,15.0,74.60616098251194,11383.839489077218,0.5775453755632043,block1:zero_tool,policy_fcfs,mixed,1785176764.1806664,1785176764.1812444,1785176764.2558613,1785176775.5650947,,,
block1-000967,72.96503812540323,5761.531248106621,239,22.5,71.89393695443869,5760.460146935657,1.071101170964539,block1:zero_tool,policy_fcfs,mixed,1785176764.2515574,1785176764.2526288,1785176764.3245316,1785176770.0130973,,,
block1-000968,270.9415819263086,928.3428089693189,40,145.0,269.91795003414154,927.3191770771518,1.0236318921670318,block1:s2,policy_fcfs,mixed,1785176764.2986772,1785176764.2997012,1785176764.5696278,1785176765.227028,,,
block1-000969,79.72125615924597,2810.4512991849333,113,287.5,78.80867295898497,2809.5387159846723,0.9125832002609968,block1:zero_tool,policy_fcfs,mixed,1785176764.4012203,1785176764.4021332,1785176764.480951,1785176767.2116816,,,
block1-000970,108.12525940127671,9506.474332418293,391,12.5,107.56800801027566,9505.917081027292,0.5572513910010457,block1:zero_tool,policy_fcfs,mixed,1785176764.7327545,1785176764.733312,1785176764.840889,1785176774.2392383,,,
block1-000971,69.11794375628233,3170.2976088272408,126,17.5,68.63164692185819,3169.8113119928166,0.48629683442413807,block1:zero_tool,policy_fcfs,mixed,1785176764.7764366,1785176764.7769241,1785176764.8455696,1785176767.9467492,,,
block1-000972,95.99047037772834,3614.445637445897,141,217.5,95.30360100325197,3613.7587680714205,0.6868693744763732,block1:zero_tool,policy_fcfs,mixed,1785176765.12709,1785176765.127777,1785176765.2230904,1785176768.7415454,,,
block1-000973,86.76437987014651,3644.4738048594445,142,187.5,86.48879209067672,3644.1982170799747,0.2755877794697881,block1:zero_tool,policy_fcfs,mixed,1785176765.1400595,1785176765.1403363,1785176765.226836,1785176768.7845461,,,
block1-000974,429.2946964269504,1011.2423293758184,38,140.0,428.532307036221,1010.479939985089,0.7623893907293677,block1:s2,policy_fcfs,mixed,1785176765.3779747,1785176765.3787382,1785176765.8072827,1785176766.3892312,,,
block1-000975,225.41993588674814,970.9319788962603,37,117.5,223.49552891682833,969.0075719263405,1.9244069699198008,block1:s2,policy_fcfs,mixed,1785176765.455077,1785176765.4570026,1785176765.6805112,1785176766.4260228,,,
block1-000976,111.8397667305544,3221.090697683394,125,25.0,110.67304003518075,3219.9239709880203,1.1667266953736544,block1:zero_tool,policy_fcfs,mixed,1785176765.6917365,1785176765.6929057,1785176765.8035986,1785176768.91285,,,
block1-000977,91.79472201503813,3238.6960360454395,126,60.0,90.99409996997565,3237.895414000377,0.8006220450624824,block1:zero_tool,policy_fcfs,mixed,1785176765.715574,1785176765.7163782,1785176765.8074236,1785176768.9543247,,,
block1-000978,416.4317150134593,1179.9409029772505,41,217.5,415.3408689890057,1178.8500569527969,1.09084602445364,block1:s3,policy_fcfs,mixed,1785176765.782855,1785176765.783947,1785176766.1992986,1785176766.9628077,,,
block1-000979,319.4937022635713,1186.7914822651073,41,287.5,318.8754889415577,1186.1732689430937,0.6182133220136166,block1:s3,policy_fcfs,mixed,1785176766.1054578,1785176766.106077,1785176766.4249642,1785176767.2922616,,,
block1-000980,551.4122982276604,1324.9411841388792,48,60.0,550.9855470154434,1324.5144329266623,0.4267512122169137,block1:s3,policy_fcfs,mixed,1785176766.337136,1785176766.337566,1785176766.8885915,1785176767.6621208,,,
block1-000981,431.8952253088355,1206.6962383687496,44,412.5,430.7819469831884,1205.5829600431025,1.1132783256471157,block1:s3,policy_fcfs,mixed,1785176766.4096289,1785176766.410743,1785176766.8415372,1785176767.6163383,,,
block1-000982,122.27984296623617,3771.9232199015096,155,20.0,121.92607508040965,3771.569452015683,0.3537678858265281,block1:zero_tool,policy_fcfs,mixed,1785176766.421351,1785176766.4217055,1785176766.5436406,1785176770.1932833,,,
block1-000983,540.4790450120345,1285.7079110108316,48,170.0,539.5405730232596,1284.7694390220568,0.9384719887748361,block1:s3,policy_fcfs,mixed,1785176766.5657055,1785176766.5666473,1785176767.1062188,1785176767.851447,,,
block1-000984,86.54210576787591,3849.4823577348143,160,160.0,85.65940905828029,3848.5996610252187,0.8826967095956206,block1:zero_tool,policy_fcfs,mixed,1785176766.6667416,1785176766.6676278,1785176766.753311,1785176770.516251,,,
block1-000985,514.0277608297765,1320.9328278899193,48,10.0,512.8949088975787,1319.7999759577215,1.1328519321978092,block1:s4,policy_fcfs,mixed,1785176766.779333,1785176766.780466,1785176767.2933722,1785176768.1002774,,,
block1-000986,475.494681391865,1292.211298365146,48,572.5,473.38647302240133,1290.1030899956822,2.108208369463682,block1:s4,policy_fcfs,mixed,1785176766.8497052,1785176766.8518136,1785176767.325211,1785176768.1419282,,,
block1-000987,78.88748764526099,3313.6375406756997,139,17.5,77.80565298162401,3312.5557060120627,1.0818346636369824,block1:zero_tool,policy_fcfs,mixed,1785176767.2209048,1785176767.2219868,1785176767.2998013,1785176770.5345514,,,
block1-000988,470.2590445522219,1335.8130005653948,48,95.0,469.2881819792092,1334.842137992382,0.9708625730127096,block1:s4,policy_fcfs,mixed,1785176767.276133,1785176767.2771049,1785176767.7464032,1785176768.6119578,,,
block1-000989,83.14740308560431,3428.0252520693466,140,85.0,82.23417203407735,3427.1120210178196,0.9132310515269637,block1:zero_tool,policy_fcfs,mixed,1785176767.5792508,1785176767.5801654,1785176767.662411,1785176771.0072887,,,
block1-000990,525.6807955447584,1344.7421315358952,48,172.5,525.0538260443136,1344.1151620354503,0.6269695004448295,block1:s4,policy_fcfs,mixed,1785176767.7433646,1785176767.7439938,1785176768.2690692,1785176769.0881312,,,
block1-000991,542.3579685157165,1324.3150966009125,48,322.5,541.638973983936,1323.596102069132,0.7189945317804813,block1:s4,policy_fcfs,mixed,1785176767.7685523,1785176767.769272,1785176768.310932,1785176769.092888,,,
block1-000992,433.71610762551427,1120.1953357085586,43,322.5,433.0959159415215,1119.5751440245658,0.6201916839927435,block1:s1,policy_fcfs,mixed,1785176767.9728072,1785176767.9734278,1785176768.406532,1785176769.0930114,,,
block1-000993,122.94534011743963,1571.3932401267812,65,12.5,121.18897191248834,1569.6368719218299,1.7563682049512863,block1:s1,policy_fcfs,mixed,1785176768.2423127,1785176768.244072,1785176768.3652837,1785176769.8137317,,,
block1-000994,393.37893470656127,934.4879237469286,36,105.0,392.7604769123718,933.8694659527391,0.6184577941894531,block1:s1,policy_fcfs,mixed,1785176768.2612908,1785176768.2619107,1785176768.6546824,1785176769.1957917,,,
block1-000995,141.21529110707343,1767.7993980469182,75,287.5,140.50782402046025,1767.091930960305,0.7074670866131783,block1:s1,policy_fcfs,mixed,1785176768.2652688,1785176768.265977,1785176768.4064913,1785176770.0330756,,,
block1-000996,406.98821609839797,947.2116831457242,36,17.5,406.3284120056778,946.5518790530041,0.659804092720151,block1:s1,policy_fcfs,mixed,1785176768.2697637,1785176768.270424,1785176768.6767633,1785176769.2169871,,,
block1-000997,292.1434032032266,845.0961621711031,34,170.0,291.0041470313445,843.9569059992209,1.1392561718821526,block1:s1,policy_fcfs,mixed,1785176768.4496155,1785176768.4507556,1785176768.7417722,1785176769.2947252,,,
block1-000998,378.21568676736206,1017.2710627084598,43,145.0,377.288279007189,1016.3436549482867,0.9274077601730824,block1:s1,policy_fcfs,mixed,1785176768.9163558,1785176768.9172833,1785176769.294581,1785176769.9336367,,,
block1-000999,278.5010781371966,792.9012831300497,33,22.5,277.67286903690547,792.0730740297586,0.8282091002911329,block1:s1,policy_fcfs,mixed,1785176768.977693,1785176768.9785216,1785176769.256204,1785176769.7706046,,,
block1-001000,283.9745351811871,802.9768981505185,34,550.0,283.5987739963457,802.6011369656771,0.3757611848413944,block1:s2,policy_fcfs,mixed,1785176769.0103936,1785176769.0107698,1785176769.294379,1785176769.8133814,,,
block1-001001,60.265832114964724,1561.398046091199,70,545.0,59.686069027520716,1560.818283003755,0.5797630874440074,block1:zero_tool,policy_fcfs,mixed,1785176769.0321517,1785176769.032733,1785176769.0924304,1785176770.5935636,,,
block1-001002,58.697444503195584,3745.0622224714607,152,545.0,58.348361984826624,3744.7131399530917,0.3490825183689594,block1:zero_tool,policy_fcfs,mixed,1785176769.2408276,1785176769.2411768,1785176769.2995348,1785176772.9859,,,
block1-001003,365.07077293936163,1026.7674499191344,43,92.5,364.22311002388597,1025.9197870036587,0.8476629154756665,block1:s2,policy_fcfs,mixed,1785176769.5476322,1785176769.548482,1785176769.9127262,1785176770.5744226,,,
block1-001004,110.22237793076783,3622.239663847722,145,15.0,109.14918407797813,3621.1664699949324,1.0731938527897,block1:zero_tool,policy_fcfs,mixed,1785176769.570503,1785176769.5715787,1785176769.6807458,1785176773.192763,,,
block1-001005,438.68163938168436,1204.797852318734,49,17.5,436.61338300444186,1202.7295959414914,2.0682563772425056,block1:s2,policy_fcfs,mixed,1785176769.672697,1785176769.674766,1785176770.1113882,1785176770.8775043,,,
block1-001006,383.5514774546027,1164.3872853601351,38,17.5,382.6799400849268,1163.5157479904592,0.8715373696759343,block1:s2,policy_fcfs,mixed,1785176770.190237,1785176770.1911128,1785176770.5738256,1785176771.3546624,,,
block1-001007,217.32567995786667,1116.5932049043477,37,15.0,216.32723498623818,1115.5947599327192,0.9984449716284871,block1:s2,policy_fcfs,mixed,1785176770.4184725,1785176770.419473,1785176770.6358154,1785176771.535083,,,
block1-001008,644.1221936838701,1330.8689796831459,48,47.5,643.8555310014635,1330.6023170007393,0.2666626824066043,block1:s3,policy_fcfs,mixed,1785176770.581334,1785176770.5816011,1785176771.2254639,1785176771.9122107,,,
block1-001009,107.63641493394971,3190.252591855824,128,155.0,106.98464303277433,3189.6008199546486,0.6517719011753798,block1:zero_tool,policy_fcfs,mixed,1785176770.6041446,1785176770.6047966,1785176770.7117906,1785176773.7944071,,,
block1-001010,667.589299264364,1302.2413363214582,48,307.5,666.8732889229432,1301.5253259800375,0.7160103414207697,block1:s3,policy_fcfs,mixed,1785176770.7075162,1785176770.7082334,1785176771.3751228,1785176772.0097744,,,
block1-001011,462.0804562000558,1130.8922672178596,39,20.0,460.1206360384822,1128.932447056286,1.9598201615735888,block1:s3,policy_fcfs,mixed,1785176770.7239802,1785176770.7259402,1785176771.186069,1785176771.8548808,,,
block1-001012,645.5602712230757,1278.9714481914416,48,177.5,644.7774630505592,1278.188640018925,0.7828081725165248,block1:s3,policy_fcfs,mixed,1785176770.7499428,1785176770.7507267,1785176771.395512,1785176772.0289228,,,
block1-001013,535.1706062210724,1163.3551522390917,48,12.5,534.9029758945107,1163.08752191253,0.26763032656162977,block1:s3,policy_fcfs,mixed,1785176770.9805977,1785176770.9808662,1785176771.5157797,1785176772.1439645,,,
block1-001014,589.9820072809234,1062.3758402653039,43,170.0,589.336832985282,1061.7306659696624,0.6451742956414819,block1:s3,policy_fcfs,mixed,1785176771.004568,1785176771.0052137,1785176771.5945592,1785176772.066953,,,
block1-001015,472.4566991208121,1102.8564851731062,48,20.0,472.0329060219228,1102.432692074217,0.4237930988892913,block1:s3,policy_fcfs,mixed,1785176771.122199,1785176771.1226258,1785176771.5946882,1785176772.225089,,,
block1-001016,470.35242745187134,1119.0312744583935,48,545.0,469.8182470165193,1118.4970940230414,0.5341804353520274,block1:s4,policy_fcfs,mixed,1785176771.1433494,1785176771.1438851,1785176771.6137311,1785176772.2624102,,,
block1-001017,536.5748814074323,1347.0567654585466,49,152.5,535.9294168883935,1346.4113009395078,0.6454645190387964,block1:s4,policy_fcfs,mixed,1785176772.1877494,1785176772.1883953,1785176772.7243726,1785176773.534854,,,
block1-001018,99.1209966596216,4164.610068663023,170,115.0,98.54879090562463,4164.037862909026,0.5722057539969683,block1:zero_tool,policy_fcfs,mixed,1785176772.198817,1785176772.1993897,1785176772.2979481,1785176776.3634386,,,
block1-001019,541.6516497498378,1297.0986027503386,48,550.0,540.6439229846001,1296.0908759851009,1.0077267652377486,block1:s4,policy_fcfs,mixed,1785176772.3180664,1785176772.3190742,1785176772.8599033,1785176773.6153493,,,
block1-001020,595.9744362626225,1260.628626216203,48,282.5,595.2225100481883,1259.8767000017688,0.7519262144342065,block1:s4,policy_fcfs,mixed,1785176772.4941514,1785176772.4949045,1785176773.0901392,1785176773.7547936,,,
block1-001021,588.6699532857165,1254.1425353847444,48,107.5,587.9013669909909,1253.3739490900189,0.7685862947255373,block1:s4,policy_fcfs,mixed,1785176772.521126,1785176772.5218973,1785176773.1098166,1785176773.7752893,,,
block1-001022,139.37424507457763,4213.592467014678,174,15.0,138.50794197060168,4212.726163910702,0.8663031039759517,block1:zero_tool,policy_fcfs,mixed,1785176772.5480525,1785176772.5489204,1785176772.6874413,1785176776.7616594,,,
block1-001023,517.6964410347864,1278.599612065591,48,12.5,516.0262109711766,1276.9293820019811,1.6702300636097789,block1:s4,policy_fcfs,mixed,1785176772.75559,1785176772.7572606,1785176773.273298,1785176774.034202,,,
block1-001024,441.5022765751928,1067.8771785460413,43,12.5,440.2974999975413,1066.6724019683897,1.2047765776515007,block1:s1,policy_fcfs,mixed,1785176772.769558,1785176772.7707644,1785176773.2110784,1785176773.837454,,,
block1-001025,137.34337128698826,14158.748827292584,571,85.0,136.57223002519459,14157.97768603079,0.771141261793673,block1:zero_tool,policy_fcfs,mixed,1785176772.7869108,1785176772.7876828,1785176772.9242654,1785176786.9456713,,,
block1-001026,442.1364482259378,1136.6026132600382,44,60.0,440.5779659282416,1135.044130962342,1.5584822976961732,block1:s1,policy_fcfs,mixed,1785176772.8309762,1785176772.8325372,1785176773.2731307,1785176773.9675965,,,
block1-001027,141.18517481256276,3553.5760008497164,149,115.0,140.58200304862112,3552.9728290857747,0.6031717639416456,block1:zero_tool,policy_fcfs,mixed,1785176772.8700333,1785176772.8706367,1785176773.01123,1785176776.423621,,,
block1-001028,308.41572512872517,1016.3410161621869,42,15.0,307.80065001454204,1015.7259410480037,0.6150751141831279,block1:s1,policy_fcfs,mixed,1785176773.1835566,1785176773.1841729,1785176773.4919908,1785176774.1999161,,,
block1-001029,81.66044345125556,4090.4899385059252,172,12.5,80.64013603143394,4089.4696310861036,1.02030741982162,block1:zero_tool,policy_fcfs,mixed,1785176773.2403548,1785176773.2413752,1785176773.322024,1785176777.3308542,,,
block1-001030,68.58824181836098,3893.6323317466304,165,17.5,68.14106099773198,3893.1851509260014,0.44718082062900066,block1:zero_tool,policy_fcfs,mixed,1785176773.3203208,1785176773.3207684,1785176773.3889213,1785176777.2139657,,,
block1-001031,60.72046444751322,3479.9393374705687,145,12.5,59.66113996692002,3478.8800129899755,1.0593244805932045,block1:zero_tool,policy_fcfs,mixed,1785176773.7768393,1785176773.7779012,1785176773.8375816,1785176777.2568011,,,
block1-001032,113.64490946289152,9202.25220255088,384,117.5,112.51945199910551,9201.126745087095,1.125457463786006,block1:zero_tool,policy_fcfs,mixed,1785176773.8175611,1785176773.8186867,1785176773.9312165,1785176783.019823,,,
block1-001033,149.7327390825376,1687.582005164586,67,70.0,149.51184089295566,1687.361106975004,0.22089818958193064,block1:s2,policy_fcfs,mixed,1785176773.8566117,1785176773.856833,1785176774.0063553,1785176775.5442042,,,
block1-001034,357.3069164995104,836.5292764501646,37,12.5,355.9972260845825,835.2195860352367,1.3096904149278998,block1:s2,policy_fcfs,mixed,1785176773.9199562,1785176773.9212682,1785176774.2772884,1785176774.7565107,,,
block1-001035,67.04502215143293,3230.3007561713457,137,12.5,66.12796999979764,3229.3837040197104,0.9170521516352892,block1:zero_tool,policy_fcfs,mixed,1785176774.0090137,1785176774.0099335,1785176774.0760837,1785176777.2393398,,,
block1-001036,59.84829389490187,3814.3815649673343,158,20.0,59.412481961771846,3813.9457530342042,0.43581193313002586,block1:zero_tool,policy_fcfs,mixed,1785176774.099433,1785176774.0998693,1785176774.1592925,1785176777.9138255,,,
block1-001037,59.83535887207836,3347.299606888555,140,357.5,59.656689991243184,3347.12093800772,0.17866888083517551,block1:zero_tool,policy_fcfs,mixed,1785176774.2808897,1785176774.2810688,1785176774.3407362,1785176777.6282005,,,
block1-001038,92.3986341804266,1666.2252282258123,65,217.5,91.62450500298291,1665.4510990483686,0.7741291774436831,block1:s2,policy_fcfs,mixed,1785176774.7576082,1785176774.758386,1785176774.8500376,1785176776.4238641,,,
block1-001039,297.2679886734113,882.171573699452,31,140.0,296.3086069794372,881.2121920054778,0.9593816939741373,block1:s2,policy_fcfs,mixed,1785176774.845269,1785176774.8462296,1785176775.1425502,1785176775.7274537,,,
block1-001040,338.6475547449663,922.1633627312258,32,92.5,338.31389900296926,921.8297069892287,0.33365574199706316,block1:s3,policy_fcfs,mixed,1785176774.8673697,1785176774.8677034,1785176775.2060254,1785176775.789542,,,
block1-001041,506.805882207118,1265.3421951690689,48,60.0,506.22129102703184,1264.7576039889827,0.5845911800861359,block1:s3,policy_fcfs,mixed,1785176774.9274445,1785176774.9280324,1785176775.4342818,1785176776.1928174,,,
block1-001042,499.5192749192938,1218.1667858967558,48,15.0,498.7664200598374,1217.4139310372993,0.75285485945642,block1:s3,policy_fcfs,mixed,1785176775.2474294,1785176775.2481825,1785176775.7469594,1785176776.4656074,,,
block1-001043,110.45632686000317,4423.182988888584,185,395.0,110.13924400322139,4422.865906031802,0.3170828567817807,block1:zero_tool,policy_fcfs,mixed,1785176775.3015492,1785176775.3018675,1785176775.41202,1785176779.7247467,,,
block1-001044,72.7323890896514,4317.379389074631,182,412.5,71.90193701535463,4316.548937000334,0.8304520742967725,block1:zero_tool,policy_fcfs,mixed,1785176775.4071593,1785176775.4079907,1785176775.479904,1785176779.724551,,,
block1-001045,402.3745727026835,1048.5110636800528,43,172.5,401.62860497366637,1047.7650959510356,0.7459677290171385,block1:s3,policy_fcfs,mixed,1785176775.5550547,1785176775.5558014,1785176775.9574568,1785176776.6035936,,,
block1-001046,80.01950802281499,4258.053152007051,180,280.0,79.546186956577,4257.579830940813,0.4733210662379861,block1:zero_tool,policy_fcfs,mixed,1785176775.796324,1785176775.7967978,1785176775.8763542,1785176780.0543878,,,
block1-001047,72.07231095526367,3790.9394700545818,159,60.0,71.37382193468511,3790.240981034003,0.6984890205785632,block1:zero_tool,policy_fcfs,mixed,1785176775.8931036,1785176775.8938048,1785176775.9652023,1785176779.68407,,,
block1-001048,441.32815673947334,1193.688437808305,48,10.0,440.9016229910776,1193.2619040599093,0.426533748395741,block1:s4,policy_fcfs,mixed,1785176775.9408479,1785176775.9412758,1785176776.382193,1785176777.1345522,,,
block1-001049,500.83830568473786,1320.2651476021856,48,172.5,500.3880549920723,1319.81489690952,0.45025069266557693,block1:s4,policy_fcfs,mixed,1785176776.6335988,1785176776.63405,1785176777.134447,1785176777.9538736,,,
block1-001050,498.4772497555241,1282.990263774991,48,17.5,496.1339340079576,1280.6469480274245,2.343315747566521,block1:s4,policy_fcfs,mixed,1785176776.870112,1785176776.8724575,1785176777.3686092,1785176778.1531217,,,
block1-001051,465.1028860826045,1333.1458201864734,48,10.0,464.20964889694005,1332.252583000809,0.893237185664475,block1:s4,policy_fcfs,mixed,1785176776.9841287,1785176776.985023,1785176777.449246,1785176778.3172882,,,
block1-001052,518.3695181040093,1332.8062361106277,48,322.5,518.0099720600992,1332.4466900667176,0.35954604391008615,block1:s4,policy_fcfs,mixed,1785176777.1937878,1785176777.1941497,1785176777.7121797,1785176778.5266159,,,
block1-001053,550.5699674831703,1328.8576893974096,48,820.0,549.7116000624374,1327.9993219766766,0.858367420732975,block1:s4,policy_fcfs,mixed,1785176777.4811876,1785176777.482048,1785176778.0317788,1785176778.810067,,,
block1-001054,490.83524791058153,1270.139648928307,48,17.5,489.9938809685409,1269.2982819862664,0.8413669420406222,block1:s4,policy_fcfs,mixed,1785176777.5813396,1785176777.5821824,1785176778.072189,1785176778.8514936,,,
block1-001055,502.3914552293718,1278.356458293274,48,15.0,501.8946509808302,1277.8596540447325,0.49680424854159355,block1:s4,policy_fcfs,mixed,1785176777.5920734,1785176777.5925715,1785176778.0944781,1785176778.8704433,,,
block1-001056,352.6451112702489,1091.7636032681912,43,135.0,352.1654719952494,1091.2839639931917,0.4796392749994993,block1:s1,policy_fcfs,mixed,1785176777.7192848,1785176777.7197647,1785176778.0719442,1785176778.8110626,,,
block1-001057,110.65693746786565,1721.5738794766366,71,47.5,109.55300997011364,1720.4699519788846,1.1039274977520108,block1:s1,policy_fcfs,mixed,1785176777.743644,1785176777.744749,1785176777.854314,1785176779.4652307,,,
block1-001058,109.85527059528977,3762.188523542136,163,357.5,107.54991800058633,3759.8831709474325,2.305352594703436,block1:zero_tool,policy_fcfs,mixed,1785176778.1486387,1785176778.1509478,1785176778.2585351,1785176781.9108677,,,
block1-001059,131.58968079369515,1746.0640397621319,73,135.0,131.257998989895,1745.7323579583317,0.33168180380016565,block1:s1,policy_fcfs,mixed,1785176778.1853266,1785176778.1856592,1785176778.3169308,1785176779.9314048,,,
block1-001060,411.4303579553962,980.7653368916363,39,357.5,411.06183908414096,980.396818020381,0.368518871255219,block1:s1,policy_fcfs,mixed,1785176778.2115397,1785176778.2119102,1785176778.6229885,1785176779.1923242,,,
block1-001061,108.59736893326044,1503.6840608809143,65,115.0,108.09369303751737,1503.1803849851713,0.503675895743072,block1:s1,policy_fcfs,mixed,1785176778.3739154,1785176778.3744202,1785176778.482524,1785176779.87761,,,
block1-001062,283.2975788041949,930.3161308635026,40,115.0,282.9402199713513,929.958772030659,0.3573588328436017,block1:s1,policy_fcfs,mixed,1785176778.4006913,1785176778.401052,1785176778.6840246,1785176779.331044,,,
block1-001063,94.43400288000703,1391.0099238855764,60,17.5,93.85566390119493,1390.4315849067643,0.5783389788120985,block1:s1,policy_fcfs,mixed,1785176778.486385,1785176778.4869637,1785176778.5808296,1785176779.8774064,,,
block1-001064,284.3299509258941,831.2545359367505,34,145.0,283.74157298821956,830.666157999076,0.5883779376745224,block1:s2,policy_fcfs,mixed,1785176779.0253856,1785176779.025975,1785176779.3097286,1785176779.8566527,,,
block1-001065,65.69767417386174,2644.0496331779286,115,155.0,64.1671079210937,2642.5190669251606,1.5305662527680397,block1:zero_tool,policy_fcfs,mixed,1785176779.1294408,1785176779.1309729,1785176779.195154,1785176781.7735078,,,
block1-001066,376.2774645583704,885.150630492717,37,820.0,374.7221240773797,883.5952900117263,1.5553404809907079,block1:s2,policy_fcfs,mixed,1785176779.1878047,1785176779.1893623,1785176779.5641012,1785176780.0729744,,,
block1-001067,333.80115882027894,1032.340255798772,43,15.0,332.60123210493475,1031.1403290834278,1.1999267153441906,block1:s2,policy_fcfs,mixed,1785176779.3100326,1785176779.3112338,1785176779.6438472,1785176780.3423865,,,
block1-001068,315.38836390245706,897.4027659278363,36,60.0,314.4932590657845,896.5076610911638,0.8951048366725445,block1:s2,policy_fcfs,mixed,1785176779.7171044,1785176779.7180016,1785176780.0325081,1785176780.6145227,,,
block1-001069,392.88847032003105,1143.5824963264167,45,15.0,391.98709500487894,1142.6811210112646,0.9013753151521087,block1:s2,policy_fcfs,mixed,1785176779.8680496,1785176779.8689513,1785176780.2609475,1785176781.0116415,,,
block1-001070,393.4052565600723,972.2835376160219,36,17.5,391.9392649549991,970.8175460109487,1.4659916050732136,block1:s2,policy_fcfs,mixed,1785176780.0978994,1785176780.099366,1785176780.4913151,1785176781.0701933,,,
block1-001071,281.4425816759467,989.3319726688787,37,105.0,281.0555479954928,988.9449389884248,0.3870336804538965,block1:s2,policy_fcfs,mixed,1785176780.0997124,1785176780.1000996,1785176780.3811667,1785176781.0890555,,,
block1-001072,489.81822934001684,1146.0614062380046,48,12.5,488.8790110126138,1145.1221879106015,0.9392183274030685,block1:s3,policy_fcfs,mixed,1785176780.2885077,1785176780.2894485,1785176780.7783387,1785176781.4345818,,,
block1-001073,503.3688694238663,1149.4412403553724,48,10.0,502.2125180112198,1148.284888942726,1.1563514126464725,block1:s3,policy_fcfs,mixed,1785176780.5482154,1785176780.5493736,1785176781.0516052,1785176781.6976788,,,
block1-001074,468.21886021643877,1018.7065032077953,41,12.5,467.55012799985707,1018.0377709912136,0.6687322165817022,block1:s3,policy_fcfs,mixed,1785176780.564549,1785176780.5652192,1785176781.0327797,1785176781.583268,,,
block1-001075,286.70920489821583,933.6367779178545,41,10.0,285.5119670275599,932.4395400471985,1.1972378706559539,block1:s3,policy_fcfs,mixed,1785176780.8402352,1785176780.841435,1785176781.126965,1785176781.7738926,,,
block1-001076,416.04100179392844,1338.3642258122563,48,10.0,415.42157891672105,1337.744802935049,0.6194228772073984,block1:s3,policy_fcfs,mixed,1785176781.4128096,1785176781.4134324,1785176781.8288805,1785176782.7512038,,,
block1-001077,554.4989854097366,1360.1060754153877,46,117.5,553.974449983798,1359.581539989449,0.5245354259386659,block1:s3,policy_fcfs,mixed,1785176781.809914,1785176781.8104403,1785176782.3644292,1785176783.1700373,,,
block1-001078,651.2558090034872,1285.715626901947,43,110.0,649.9828250380233,1284.442642936483,1.2729839654639363,block1:s3,policy_fcfs,mixed,1785176781.877514,1785176781.878787,1785176782.528779,1785176783.163239,,,
block1-001079,576.8174057593569,1354.4000037945807,48,110.0,576.4002640498802,1353.982862085104,0.41714170947670937,block1:s3,policy_fcfs,mixed,1785176782.0685158,1785176782.068934,1785176782.6453462,1785176783.4229286,,,
block1-001080,97.39101026207209,5409.03180022724,193,17.5,96.39914007857442,5408.039930043742,0.9918701834976673,block1:zero_tool,policy_fcfs,mixed,1785176782.1091056,1785176782.110098,1785176782.2065053,1785176787.5181453,,,
block1-001081,581.6012148279697,1361.707079806365,48,50.0,580.7475240435451,1360.8533890219405,0.8536907844245434,block1:s4,policy_fcfs,mixed,1785176782.2270775,1785176782.2279344,1785176782.8087118,1785176783.5888174,,,
block1-001082,568.4462154749781,1349.336902378127,48,572.5,566.1353090545163,1347.0259959576651,2.3109064204618335,block1:s4,policy_fcfs,mixed,1785176782.2409253,1785176782.2432377,1785176782.8093855,1785176783.5902762,,,
block1-001083,118.12337429728359,4346.743903239258,151,572.5,117.60347499512136,4346.224003937095,0.51989930216223,block1:zero_tool,policy_fcfs,mixed,1785176782.245779,1785176782.2463,1785176782.363915,1785176786.592535,,,
block1-001084,506.1398296384141,1276.5002936357632,48,132.5,505.27109997347,1275.6315639708191,0.8687296649441123,block1:s4,policy_fcfs,mixed,1785176782.3737912,1785176782.37466,1785176782.879942,1785176783.6503026,,,
block1-001085,475.2205688273534,1269.6102928603068,48,172.5,474.8488700715825,1269.2385941045359,0.3716987557709217,block1:s4,policy_fcfs,mixed,1785176782.4639761,1785176782.4643502,1785176782.9392173,1785176783.7336082,,,
block1-001086,100.52355541847646,4398.845512419939,159,155.0,99.99230701941997,4398.314264020883,0.5312483990564942,block1:zero_tool,policy_fcfs,mixed,1785176782.5042675,1785176782.5048008,1785176782.6048057,1785176786.903128,,,
block1-001087,114.10713428631425,4149.357277201489,148,92.5,112.55692201666534,4147.80706493184,1.5502122696489096,block1:zero_tool,policy_fcfs,mixed,1785176782.6326473,1785176782.6341977,1785176782.7467666,1785176786.7820158,,,
block1-001088,71.70561596285552,7249.50140400324,272,17.5,71.4738309616223,7249.269619002007,0.2317850012332201,block1:zero_tool,policy_fcfs,mixed,1785176782.679032,1785176782.6792648,1785176782.7507517,1785176789.9285474,,,
block1-001089,88.93580397125334,1630.394067033194,58,107.5,88.2769349263981,1629.7351979883388,0.658869044855237,block1:s1,policy_fcfs,mixed,1785176782.7710967,1785176782.7717557,1785176782.860042,1785176784.4015014,,,
block1-001090,445.26184466667473,1184.9919216474518,44,10.0,444.63415897917,1184.364235959947,0.6276856875047088,block1:s1,policy_fcfs,mixed,1785176782.9350054,1785176782.9356334,1785176783.3802798,1785176784.1200092,,,
block1-001091,127.52696068491787,9029.68770568259,346,17.5,126.98161893058568,9029.142363928258,0.5453417543321848,block1:zero_tool,policy_fcfs,mixed,1785176782.9491458,1785176782.9496913,1785176783.0766811,1785176791.978842,,,
block1-001092,99.99902278650552,3510.048230760731,120,412.5,98.80245896056294,3508.851666934788,1.196563825942576,block1:zero_tool,policy_fcfs,mixed,1785176782.9764848,1785176782.977682,1785176783.0765035,1785176786.4865515,,,
block1-001093,90.25592904072255,1917.7219939883798,62,92.5,89.95526004582644,1917.4213249934837,0.3006689948961139,block1:s1,policy_fcfs,mixed,1785176783.079905,1785176783.080206,1785176783.170173,1785176784.9976401,,,
block1-001094,99.78563047479838,4758.0796665279195,170,350.0,97.92509698309004,4756.219133036211,1.8605334917083383,block1:zero_tool,policy_fcfs,mixed,1785176783.1784706,1785176783.1803312,1785176783.278265,1785176787.936558,,,
block1-001095,398.23694131337106,980.4785012966022,37,572.5,397.87713100668043,980.1186909899116,0.3598103066906333,block1:s1,policy_fcfs,mixed,1785176783.1856308,1785176783.1859906,1785176783.5838745,1785176784.1661158,,,
block1-001096,94.79685686528683,11284.35265389271,441,22.5,94.3206399679184,11283.876436995342,0.4762168973684311,block1:zero_tool,policy_fcfs,mixed,1785176783.4889534,1785176783.4894297,1785176783.583762,1785176794.7733173,,,
block1-001097,423.61178586725146,1280.7324808090925,38,545.0,423.1635769829154,1280.2842719247565,0.4482088843360543,block1:s2,policy_fcfs,mixed,1785176783.505071,1785176783.50552,1785176783.9286935,1785176784.785814,,,
block1-001098,110.9809639165178,2169.8982348898426,64,172.5,108.97657508030534,2167.89384605363,2.0043888362124562,block1:s2,policy_fcfs,mixed,1785176783.6586757,1785176783.660681,1785176783.7699454,1785176785.828862,,,
block1-001099,396.67862036731094,1560.5608352925628,43,117.5,396.0229579824954,1559.9051729077473,0.6556623848155141,block1:s2,policy_fcfs,mixed,1785176783.6814587,1785176783.6821148,1785176784.078146,1785176785.2420287,,,
block1-001100,144.17942136060447,4274.05496139545,149,132.5,143.1323200231418,4273.007860057987,1.0471013374626637,block1:zero_tool,policy_fcfs,mixed,1785176783.6827233,1785176783.6837707,1785176783.8269088,1785176787.9567835,,,
block1-001101,426.0584873845801,1594.6427293820307,44,17.5,425.0774799147621,1593.6617219122127,0.981007469817996,block1:s2,policy_fcfs,mixed,1785176783.6938052,1785176783.6947865,1785176784.119871,1785176785.2884557,,,
block1-001102,641.0576112102717,1527.0033502019942,38,70.0,639.9270980618894,1525.8728370536119,1.130513148382306,block1:s2,policy_fcfs,mixed,1785176784.057044,1785176784.0581775,1785176784.698132,1785176785.5840774,,,
block1-001103,630.8110393583775,1515.866797300987,37,132.5,628.8034400204197,1513.8591979630291,2.0075993379577994,block1:s2,policy_fcfs,mixed,1785176784.0673904,1785176784.069399,1785176784.6982124,1785176785.5832684,,,
block1-001104,716.5357775520533,1733.1237215548754,48,155.0,716.1989249289036,1732.7868689317256,0.3368526231497526,block1:s3,policy_fcfs,mixed,1785176784.141449,1785176784.1417873,1785176784.8580022,1785176785.8745892,,,
block1-001105,499.7631941223517,1546.6060691978782,39,17.5,499.5283829048276,1546.3712579803541,0.23481121752411127,block1:s3,policy_fcfs,mixed,1785176784.1484916,1785176784.1487267,1785176784.648263,1785176785.6951056,,,
block1-001106,599.7259239666164,1419.7105208877474,38,485.0,598.7604080000892,1418.7450049212202,0.965515966527164,block1:s3,policy_fcfs,mixed,1785176784.2988958,1785176784.2998624,1785176784.8986337,1785176785.7186177,,,
block1-001107,702.5658288039267,1692.7562057971954,48,95.0,702.0975250052288,1692.2879019984975,0.46830379869788885,block1:s3,policy_fcfs,mixed,1785176784.314632,1785176784.3151004,1785176785.0172057,1785176786.007395,,,
block1-001108,159.0249438304454,3603.800022858195,127,60.0,158.4700079401955,3603.245086967945,0.554935890249908,block1:zero_tool,policy_fcfs,mixed,1785176784.3326585,1785176784.3332138,1785176784.4916902,1785176787.9364648,,,
block1-001109,682.8890470787883,1581.363630015403,46,357.5,682.2415681090206,1580.7161510456353,0.6474789697676897,block1:s3,policy_fcfs,mixed,1785176784.4914494,1785176784.4920998,1785176785.1743727,1785176786.0728467,,,
block1-001110,728.9033227134496,1573.3602546388283,46,320.0,728.4773900173604,1572.9343219427392,0.4259326960891485,block1:s3,policy_fcfs,mixed,1785176784.5602098,1785176784.5606365,1785176785.289124,1785176786.1335814,,,
block1-001111,476.66605026461184,1478.7088483572006,43,105.0,476.038908935152,1478.0817070277408,0.627141329459846,block1:s3,policy_fcfs,mixed,1785176784.58848,1785176784.5891075,1785176785.065161,1785176786.0672038,,,
block1-001112,149.3734858231619,7590.814442723058,297,70.0,148.73536804225296,7590.176324942149,0.6381177809089422,block1:zero_tool,policy_fcfs,mixed,1785176784.6365552,1785176784.6371958,1785176784.785951,1785176792.227392,,,
block1-001113,751.4155114768073,1524.2458034772426,48,297.5,750.6864969618618,1523.5167889622971,0.7290145149454474,block1:s4,policy_fcfs,mixed,1785176784.7863889,1785176784.7871182,1785176785.537814,1785176786.3106444,,,
block1-001114,747.6942362263799,1519.4697083206847,48,110.0,746.5510139008984,1518.3264859952033,1.1432223254814744,block1:s4,policy_fcfs,mixed,1785176784.8129103,1785176784.814055,1785176785.560619,1785176786.3323946,,,
block1-001115,672.676405403763,1442.9891103645787,48,152.5,672.2127200337127,1442.5254249945283,0.4636853700503707,block1:s4,policy_fcfs,mixed,1785176785.0229566,1785176785.0234206,1785176785.695647,1785176786.4659598,,,
block1-001116,683.7259338935837,1451.3048538938165,48,12.5,683.361186995171,1450.9401069954038,0.36474689841270447,block1:s4,policy_fcfs,mixed,1785176785.0351212,1785176785.0354867,1785176785.718857,1785176786.4864361,,,
block1-001117,633.8571001542732,1403.6964301485568,48,297.5,632.9765820410103,1402.8159120352939,0.8805181132629514,block1:s4,policy_fcfs,mixed,1785176785.126971,1785176785.1278522,1785176785.7608426,1785176786.5306818,,,
block1-001118,603.3305696910247,1372.9073517024517,48,395.0,602.4076150497422,1371.9843970611691,0.9229546412825584,block1:s4,policy_fcfs,mixed,1785176785.1580935,1785176785.1590166,1785176785.7614305,1785176786.5310073,,,
block1-001119,594.4567464757711,1361.8937084684148,48,320.0,594.2853390006348,1361.7223009932786,0.17140747513622046,block1:s4,policy_fcfs,mixed,1785176785.1885529,1785176785.1887245,1785176785.78302,1785176786.5504568,,,
block1-001120,444.48047503829,1170.6789169693366,43,545.0,443.46119998954237,1169.659641920589,1.0192750487476587,block1:s1,policy_fcfs,mixed,1785176785.2944322,1785176785.2954516,1785176785.7389216,1785176786.4651206,,,
block1-001121,146.45520772319287,1757.0073936367407,71,140.0,146.1890310747549,1756.7412169883028,0.26617664843797684,block1:s1,policy_fcfs,mixed,1785176785.3472698,1785176785.3475382,1785176785.493741,1785176787.1042922,,,
block1-001122,339.283901383169,989.2514763632789,40,132.5,339.0113429632038,988.9789179433137,0.2725584199652076,block1:s1,policy_fcfs,mixed,1785176785.8340554,1785176785.8343284,1785176786.1733484,1785176786.8233166,,,
block1-001123,127.46235763188452,4668.273677700199,187,280.0,125.96542795654386,4666.7767480248585,1.4969296753406525,block1:zero_tool,policy_fcfs,mixed,1785176785.870979,1785176785.872479,1785176785.9984741,1785176790.539285,,,
block1-001124,377.19236442353576,880.303364363499,36,15.0,376.54998805373907,879.6609879937023,0.6423763697966933,block1:s1,policy_fcfs,mixed,1785176785.901903,1785176785.9025466,1785176786.279122,1785176786.7822323,,,
block1-001125,83.13620544504374,9298.591010505334,382,12.5,81.89287595450878,9297.347681014799,1.2433294905349612,block1:zero_tool,policy_fcfs,mixed,1785176785.9905224,1785176785.9917688,1785176786.073691,1785176795.2891457,,,
block1-001126,105.1848903298378,1685.1463383063674,67,15.0,104.6656749676913,1684.627122944221,0.5192153621464968,block1:s1,policy_fcfs,mixed,1785176786.047455,1785176786.0479765,1785176786.152659,1785176787.7326193,,,
block1-001127,73.04909883532673,8755.397580796853,358,10.0,71.6938489349559,8754.042330896482,1.3552499003708363,block1:zero_tool,policy_fcfs,mixed,1785176786.2155054,1785176786.2168612,1785176786.2885678,1785176794.9709163,,,
block1-001128,385.7835024828091,1153.5625414690003,40,110.0,385.6573029188439,1153.436341905035,0.12619956396520138,block1:s2,policy_fcfs,mixed,1785176786.9285953,1785176786.928722,1785176787.3143902,1785176788.0821686,,,
block1-001129,79.32826387695968,3646.5047139208764,141,12.5,78.82890198379755,3646.0053520277143,0.4993618931621313,block1:zero_tool,policy_fcfs,mixed,1785176786.9315443,1785176786.9320455,1785176787.0108862,1785176790.5780628,,,
block1-001130,109.44201936945319,1791.1798683926463,64,280.0,108.99135505314916,1790.7292040763423,0.45066431630402803,block1:s2,policy_fcfs,mixed,1785176786.994611,1785176786.9950635,1785176787.104071,1785176788.7858083,,,
block1-001131,108.115712297149,4047.127453261055,160,217.5,107.93830396141857,4046.9500449253246,0.17740833573043346,block1:zero_tool,policy_fcfs,mixed,1785176787.1185043,1785176787.118682,1785176787.2266304,1785176791.1656423,,,
block1-001132,111.24226846732199,3835.4769594734535,151,320.0,109.88794697914273,3834.122637985274,1.3543214881792665,block1:zero_tool,policy_fcfs,mixed,1785176787.158511,1785176787.1598654,1785176787.269761,1785176790.9939954,,,
block1-001133,439.6029943600297,1259.771119337529,44,307.5,438.90623201150447,1259.0743569890037,0.6967623485252261,block1:s2,policy_fcfs,mixed,1785176787.1836336,1785176787.184331,1785176787.6232479,1785176788.4434142,,,
block1-001134,124.28114679642022,1850.5577858304605,67,15.0,123.74385807197541,1850.0204971060157,0.5372887244448066,block1:s2,policy_fcfs,mixed,1785176787.2286623,1785176787.2292001,1785176787.35296,1785176789.0792365,,,
block1-001135,250.5679710302502,1034.0496751014143,37,20.0,250.1032929867506,1033.5849970579147,0.46467804349958897,block1:s2,policy_fcfs,mixed,1785176787.2673302,1785176787.2677963,1785176787.517917,1785176788.3013992,,,
block1-001136,63.01642779726535,3978.4641147125512,160,217.5,62.7462420379743,3978.19392895326,0.2701857592910528,block1:zero_tool,policy_fcfs,mixed,1785176787.4328542,1785176787.4331253,1785176787.4958847,1785176791.4113321,,,
block1-001137,70.05330792162567,3369.9152638437226,134,92.5,69.18432202655822,3369.046277948655,0.8689858950674534,block1:zero_tool,policy_fcfs,mixed,1785176787.6237853,1785176787.6246545,1785176787.6938527,1785176790.9937146,,,
block1-001138,464.0670738881454,1169.3025588756427,41,17.5,462.96647004783154,1168.2019550353289,1.1006038403138518,block1:s3,policy_fcfs,mixed,1785176787.6375322,1785176787.638633,1785176788.101606,1785176788.8068416,,,
block1-001139,533.3767971023917,1393.2822070783004,48,820.0,531.9386629853398,1391.8440729612485,1.438134117051959,block1:s3,policy_fcfs,mixed,1785176787.768619,1785176787.7700574,1785176788.3020065,1785176789.1619127,,,
block1-001140,95.03204887732863,11395.34353686031,480,110.0,94.14499101694673,11394.456478999928,0.8870578603819013,block1:zero_tool,policy_fcfs,mixed,1785176787.9612877,1785176787.962175,1785176788.0563278,1785176799.356639,,,
block1-001141,66.99093768838793,4008.534084772691,165,287.5,66.25910894945264,4007.802256033756,0.7318287389352918,block1:zero_tool,policy_fcfs,mixed,1785176787.993508,1785176787.9942405,1785176788.06051,1785176792.002052,,,
block1-001142,612.3058111406863,1356.2313191359863,49,47.5,612.0851549785584,1356.0106629738584,0.22065616212785244,block1:s3,policy_fcfs,mixed,1785176788.1087172,1785176788.108938,1785176788.7211392,1785176789.465064,,,
block1-001143,104.71979947760701,3791.4086874807253,155,17.5,104.36756699346006,3791.0564549965784,0.35223248414695263,block1:zero_tool,policy_fcfs,mixed,1785176788.1267211,1785176788.1270738,1785176788.2314491,1785176791.9181376,,,
block1-001144,502.0400646608323,1306.1281186528504,48,287.5,500.75550097972155,1304.8435549717396,1.2845636811107397,block1:s4,policy_fcfs,mixed,1785176788.2403877,1785176788.241673,1785176788.7424388,1785176789.5465271,,,
block1-001145,116.34166550356895,4205.366542446427,176,85.0,114.27182611078024,4203.296703053638,2.069839392788708,block1:zero_tool,policy_fcfs,mixed,1785176788.4724243,1785176788.4744964,1785176788.5887887,1785176792.6778128,,,
block1-001146,490.85155967622995,1249.8468885896727,48,85.0,490.4430970782414,1249.4384259916842,0.4084625979885459,block1:s4,policy_fcfs,mixed,1785176788.488319,1785176788.488728,1785176788.9791818,1785176789.7381766,,,
block1-001147,501.62771402392536,1221.4324950473383,48,12.5,501.33464590180665,1221.1394269252196,0.29306812211871147,block1:s4,policy_fcfs,mixed,1785176788.7919128,1785176788.792206,1785176789.2936656,1785176790.0134697,,,
block1-001148,470.06862598937005,1190.5049009947106,48,100.0,469.7078879689798,1190.1441629743204,0.36073802039027214,block1:s4,policy_fcfs,mixed,1785176788.9092758,1785176788.9096386,1785176789.3793662,1785176790.0998034,,,
block1-001149,73.41628393623978,3113.142678863369,131,177.5,72.89551803842187,3112.621912965551,0.5207658978179097,block1:zero_tool,policy_fcfs,mixed,1785176789.0929608,1785176789.0934823,1785176789.166389,1785176792.2061152,,,
block1-001150,442.7650202997029,1241.4214153541252,48,52.5,442.5716770347208,1241.228072089143,0.1933432649821043,block1:s4,policy_fcfs,mixed,1785176789.3794303,1785176789.379624,1785176789.8222077,1785176790.6208642,,,
block1-001151,535.5159431928769,1299.63460622821,48,170.0,533.408849965781,1297.5275130011141,2.107093227095902,block1:s4,policy_fcfs,mixed,1785176790.1120205,1785176790.1141288,1785176790.6475537,1785176791.4116719,,,
block1-001152,399.4784258538857,1147.761334781535,43,12.5,398.5431040637195,1146.8260129913688,0.9353217901661992,block1:s1,policy_fcfs,mixed,1785176790.1402602,1785176790.1411963,1785176790.5397496,1785176791.2880332,,,
block1-001153,104.53238838817924,10657.64973941259,458,12.5,103.56529394630343,10656.682644970715,0.9670944418758154,block1:zero_tool,policy_fcfs,mixed,1785176790.1847177,1785176790.1856863,1785176790.2892747,1785176800.8423917,,,
block1-001154,427.93916806112975,1132.421680027619,43,100.0,426.81392398662865,1131.296435953118,1.1252440745010972,block1:s1,policy_fcfs,mixed,1785176790.1924264,1785176790.1935527,1785176790.6203806,1785176791.3248634,,,
block1-001155,376.26115849707276,970.7786154467613,37,187.5,375.47110696323216,969.9885639129207,0.7900515338405967,block1:s1,policy_fcfs,mixed,1785176790.354875,1785176790.3556674,1785176790.7311554,1785176791.3256717,,,
block1-001156,352.16100537218153,945.0628072954714,36,135.0,351.42205900046974,944.3238609237596,0.7389463717117906,block1:s1,policy_fcfs,mixed,1785176790.360473,1785176790.3612125,1785176790.712643,1785176791.3055449,,,
block1-001157,296.0030345711857,885.9562925063074,34,395.0,295.4439150635153,885.397172998637,0.5591195076704025,block1:s1,policy_fcfs,mixed,1785176790.5014572,1785176790.5020173,1785176790.7974744,1785176791.3874273,,,
block1-001158,285.0392152322456,998.9090012386441,40,280.0,284.67437403742224,998.5441600438207,0.3648411948233843,block1:s1,policy_fcfs,mixed,1785176790.5335183,1785176790.5338845,1785176790.8185723,1785176791.5324423,,,
block1-001159,114.08605857286602,1452.5337734958157,60,155.0,112.1924250619486,1450.6401399848983,1.8936335109174252,block1:s1,policy_fcfs,mixed,1785176790.915558,1785176790.9174528,1785176791.0296564,1785176792.3681047,,,
block1-001160,336.93309291265905,987.4305138364434,40,85.0,336.3919770345092,986.8893979582936,0.5411158781498671,block1:s2,policy_fcfs,mixed,1785176790.9516113,1785176790.952154,1785176791.2885606,1785176791.9390574,,,
block1-001161,340.7859654398635,1038.2050424814224,40,95.0,339.38332996331155,1036.8024070048705,1.40263547655195,block1:s2,policy_fcfs,mixed,1785176791.148646,1785176791.1500497,1785176791.4894452,1785176792.1868641,,,
block1-001162,119.74393972195685,3655.589869711548,151,10.0,119.39390806946903,3655.2398380590603,0.3500316524878144,block1:zero_tool,policy_fcfs,mixed,1785176791.1688795,1785176791.1692297,1785176791.2886326,1785176794.8244789,,,
block1-001163,115.73011532891542,11786.330788396299,496,170.0,115.26911798864603,11785.86979105603,0.46099734026938677,block1:zero_tool,policy_fcfs,mixed,1785176791.5923076,1785176791.592769,1785176791.7080488,1785176803.3786514,,,
block1-001164,345.4721642192453,907.906717271544,36,115.0,344.77515995968133,907.20971301198,0.6970042595639825,block1:s2,policy_fcfs,mixed,1785176791.5939214,1785176791.594622,1785176791.9394257,1785176792.501861,,,
block1-001165,315.92941633425653,1025.021716253832,41,105.0,315.0480840122327,1024.1403839318082,0.881332322023809,block1:s2,policy_fcfs,mixed,1785176791.9892118,1785176791.9900937,1785176792.305158,1785176793.01425,,,
block1-001166,129.93286014534533,3784.963599173352,154,20.0,128.7496929289773,3783.780431956984,1.1831672163680196,block1:zero_tool,policy_fcfs,mixed,1785176792.0135012,1785176792.0146873,1785176792.1434708,1785176795.7985008,,,
block1-001167,78.60931940376759,3093.5030933469534,126,60.0,78.20798899047077,3093.1017629336566,0.40133041329681873,block1:zero_tool,policy_fcfs,mixed,1785176792.0680296,1785176792.0684319,1785176792.1466506,1785176795.1615453,,,
block1-001168,268.3139560976997,818.5564500745386,32,52.5,268.19163700565696,818.4341309824958,0.12231909204274416,block1:s3,policy_fcfs,mixed,1785176792.3321495,1785176792.3322725,1785176792.6004763,1785176793.1507185,,,
block1-001169,67.908373195678,3142.0170621713623,126,10.0,67.67311505973339,3141.7818040354177,0.23525813594460487,block1:zero_tool,policy_fcfs,mixed,1785176792.675874,1785176792.6761105,1785176792.743796,1785176795.8179045,,,
block1-001170,476.2808985542506,1151.1757435509935,48,15.0,474.9374398961663,1149.8322848929092,1.3434586580842733,block1:s3,policy_fcfs,mixed,1785176792.69319,1785176792.6945338,1785176793.169478,1785176793.844373,,,
block1-001171,479.84722873661667,1152.82832167577,48,10.0,479.07446196768433,1152.0555549068376,0.7727667689323425,block1:s3,policy_fcfs,mixed,1785176792.7112594,1785176792.7120323,1785176793.1911132,1785176793.8640943,,,
block1-001172,431.1741857090965,1349.6989847626537,48,17.5,430.87258597370237,1349.3973850272596,0.3015997353941202,block1:s3,policy_fcfs,mixed,1785176793.3519223,1785176793.352227,1785176793.7831278,1785176794.7016528,,,
block1-001173,66.01500953547657,3383.345544571057,141,140.0,64.78026299737394,3382.1107980329543,1.2347465381026268,block1:zero_tool,policy_fcfs,mixed,1785176793.6785781,1785176793.6798162,1785176793.744629,1785176797.0619595,,,
block1-001174,575.387776712887,1378.3813706832007,46,132.5,574.3578120600432,1377.3514060303569,1.0299646528437734,block1:s3,policy_fcfs,mixed,1785176793.8469653,1785176793.8479967,1785176794.4223764,1785176795.2253697,,,
block1-001175,582.7534364070743,1409.1868444811553,48,20.0,582.1691809687763,1408.6025890428573,0.584255438297987,block1:s3,policy_fcfs,mixed,1785176793.879755,1785176793.8803396,1785176794.462519,1785176795.2889528,,,
block1-001176,571.7352973297238,1398.3917033765465,48,25.0,571.6297880280763,1398.286194074899,0.10550930164754391,block1:s4,policy_fcfs,mixed,1785176793.8908606,1785176793.8909662,1785176794.4626017,1785176795.289258,,,
block1-001177,557.0010875817388,1322.1185714937747,48,60.0,556.1328410403803,1321.2503249524161,0.8682465413585305,block1:s4,policy_fcfs,mixed,1785176794.1444485,1785176794.1453195,1785176794.7014737,1785176795.4665902,,,
block1-001178,590.3230868279934,1355.541948811151,48,282.5,589.7785810520872,1354.997443035245,0.5445057759061456,block1:s4,policy_fcfs,mixed,1785176794.3199284,1785176794.3204741,1785176794.9102654,1785176795.6754847,,,
block1-001179,597.7739224908873,1342.8306215209886,48,20.0,597.2265920136124,1342.2832910437137,0.5473304772749543,block1:s4,policy_fcfs,mixed,1785176794.3565466,1785176794.357094,1785176794.9543374,1785176795.6993937,,,
block1-001180,589.5724176662043,1339.1473937081173,48,17.5,588.8493089005351,1338.4242849424481,0.723108765669167,block1:s4,policy_fcfs,mixed,1785176794.3810642,1785176794.3817887,1785176794.9706507,1785176795.7202263,,,
block1-001181,498.7265206873417,1252.6042886311188,49,117.5,497.8045580210164,1251.6823259647936,0.9219626663252711,block1:s4,policy_fcfs,mixed,1785176794.725981,1785176794.7269042,1785176795.2247207,1785176795.9785979,,,
block1-001182,99.17306189890951,3907.0000728825107,170,15.0,98.60659099649638,3906.4336019800976,0.5664709024131298,block1:zero_tool,policy_fcfs,mixed,1785176794.7708805,1785176794.7714481,1785176794.8700716,1785176798.6778982,,,
block1-001183,447.02843530103564,1177.7153763687238,48,95.0,445.9565159631893,1176.6434570308775,1.0719193378463387,block1:s4,policy_fcfs,mixed,1785176794.818959,1785176794.820032,1785176795.266002,1785176795.9966888,,,
block1-001184,106.53912217821926,2603.8057702826336,117,320.0,106.2010609311983,2603.4677090356126,0.33806124702095985,block1:zero_tool,policy_fcfs,mixed,1785176794.864187,1785176794.864526,1785176794.970739,1785176797.4680061,,,
block1-001185,394.60809249430895,877.9764045029879,37,140.0,393.9510970376432,877.3194090463221,0.6569954566657543,block1:s1,policy_fcfs,mixed,1785176795.3633652,1785176795.3640244,1785176795.7579935,1785176796.2413611,,,
block1-001186,73.24584876187146,3265.4926577815786,143,17.5,72.76681903749704,3265.013628057204,0.4790297243744135,block1:zero_tool,policy_fcfs,mixed,1785176795.3930278,1785176795.3935082,1785176795.4662879,1785176798.6585348,,,
block1-001187,374.1033998085186,855.0603047478944,37,297.5,372.9693900095299,853.9262949489057,1.1340097989887,block1:s1,policy_fcfs,mixed,1785176795.522921,1785176795.5240586,1785176795.8970551,1785176796.3780117,,,
block1-001188,311.7590678157285,919.7222997900099,39,170.0,310.8218340203166,918.785065994598,0.9372337954118848,block1:s1,policy_fcfs,mixed,1785176795.546116,1785176795.547054,1785176795.8578863,1785176796.4658499,,,
block1-001189,89.07163375988603,1334.5891267526895,61,12.5,88.9157799538225,1334.433272946626,0.15585380606353283,block1:s1,policy_fcfs,mixed,1785176795.6099305,1785176795.610087,1785176795.699123,1785176796.9446418,,,
block1-001190,77.0161208929494,1498.4500408172607,69,320.0,75.01905807293952,1496.4529779972509,1.9970628200098872,block1:s1,policy_fcfs,mixed,1785176796.1443322,1785176796.1463325,1785176796.2213802,1785176797.6428156,,,
block1-001191,81.15463447757065,3825.1997634069994,165,152.5,79.2184000601992,3823.263528989628,1.9362344173714519,block1:zero_tool,policy_fcfs,mixed,1785176796.4239223,1785176796.42586,1785176796.505092,1785176800.249137,,,
block1-001192,311.7738626897335,932.965453597717,40,172.5,310.7303240103647,931.9219149183482,1.043538679368794,block1:s2,policy_fcfs,mixed,1785176796.767237,1785176796.7682827,1785176797.0790331,1785176797.7002244,,,
block1-001193,276.2546910671517,876.3725060271099,40,60.0,275.23277106229216,875.3505860222504,1.0219200048595667,block1:s2,policy_fcfs,mixed,1785176797.056482,1785176797.0575054,1785176797.3327498,1785176797.9328678,,,
block1-001194,102.20245691016316,1568.5889429878443,64,115.0,101.38694499619305,1567.7734310738742,0.8155119139701128,block1:s2,policy_fcfs,mixed,1785176797.1723783,1785176797.1731951,1785176797.2745945,1785176798.7409806,,,
block1-001195,70.71757258381695,11150.926693575457,455,52.5,69.94389498140663,11150.153015973046,0.7736776024103165,block1:zero_tool,policy_fcfs,mixed,1785176797.7465804,1785176797.7473552,1785176797.8173118,1785176808.8975205,,,
block1-001196,392.15379138477147,1023.4018493210897,36,107.5,391.45731006283313,1022.7053679991513,0.6964813219383359,block1:s2,policy_fcfs,mixed,1785176797.8712761,1785176797.871974,1785176798.2636113,1785176798.8948596,,,
block1-001197,616.0298704635352,1348.134407424368,49,10.0,614.9928789818659,1347.0974159426987,1.0369914816692472,block1:s2,policy_fcfs,mixed,1785176797.9626937,1785176797.9637327,1785176798.5787442,1785176799.3108482,,,
block1-001198,155.2121079294011,1679.4822899391875,64,412.5,154.2615870712325,1678.5317690810189,0.950520858168602,block1:s2,policy_fcfs,mixed,1785176797.974343,1785176797.9752948,1785176798.1295686,1785176799.6538386,,,
block1-001199,270.19253524485976,899.4251522235572,31,17.5,269.54947400372475,898.7820909824222,0.6430612411350012,block1:s2,policy_fcfs,mixed,1785176797.975414,1785176797.9760573,1785176798.245613,1785176798.8748448,,,
block1-001200,548.8726248731837,1308.9844149071723,48,15.0,548.2606929726899,1308.3724830066785,0.6119319004938006,block1:s3,policy_fcfs,mixed,1785176798.266246,1785176798.2668586,1785176798.8151305,1785176799.5752423,,,
block1-001201,86.77674434147775,3033.726566354744,129,572.5,86.40595292672515,3033.3557749399915,0.3707914147526026,block1:zero_tool,policy_fcfs,mixed,1785176798.3422222,1785176798.3425941,1785176798.429011,1785176801.3759618,,,
block1-001202,471.37949150055647,1065.1761854533106,38,485.0,470.4648710321635,1064.2615649849176,0.9146204683929682,block1:s3,policy_fcfs,mixed,1785176798.382929,1785176798.383845,1785176798.8543205,1785176799.4481173,,,
block1-001203,347.7362346602604,1137.8737767226994,41,155.0,346.68929292820394,1136.826834990643,1.046941732056439,block1:s3,policy_fcfs,mixed,1785176798.393619,1785176798.3946662,1785176798.7413645,1785176799.531502,,,
block1-001204,504.62711532600224,1185.3277483023703,48,117.5,503.9949419442564,1184.6955749206245,0.6321733817458153,block1:s3,policy_fcfs,mixed,1785176798.6834962,1785176798.6841288,1785176799.188134,1785176799.868835,,,
block1-001205,517.7222648635507,1199.725394952111,48,287.5,516.6279749246314,1198.6311050131917,1.0942899389192462,block1:s3,policy_fcfs,mixed,1785176798.9122458,1785176798.9133403,1785176799.4299765,1785176800.1119802,,,
block1-001206,552.8443701332435,1074.2682020645589,43,177.5,552.454854012467,1073.8786859437823,0.3895161207765341,block1:s3,policy_fcfs,mixed,1785176798.9787579,1785176798.9791481,1785176799.5316114,1785176800.0530353,,,
block1-001207,63.97801253478974,3099.262229516171,128,60.0,63.12293792143464,3098.407154902816,0.8550746133551002,block1:zero_tool,policy_fcfs,mixed,1785176799.2515385,1785176799.2523937,1785176799.3155446,1785176802.3508296,,,
block1-001208,420.9139907034114,1094.7505356743932,48,105.0,420.57544097770005,1094.4119859486818,0.3385497257113457,block1:s4,policy_fcfs,mixed,1785176799.271224,1785176799.271563,1785176799.6921477,1785176800.365984,,,
block1-001209,73.60356952995062,3456.0964734992012,140,105.0,73.17388500086963,3455.6667889701203,0.429684529080987,block1:zero_tool,policy_fcfs,mixed,1785176799.4176333,1785176799.4180634,1785176799.491247,1785176802.8737395,,,
block1-001210,59.75447339005768,3768.6861463589594,155,107.5,58.9529670542106,3767.8846400231123,0.8015063358470798,block1:zero_tool,policy_fcfs,mixed,1785176799.5145586,1785176799.5153606,1785176799.574324,1785176803.2832553,,,
block1-001211,434.61966468021274,1194.4568665931001,48,545.0,434.3030950985849,1194.1402970114723,0.31656958162784576,block1:s4,policy_fcfs,mixed,1785176799.871726,1785176799.872043,1785176800.306355,1785176801.0661926,,,
block1-001212,98.62874983809888,3372.2683378728107,135,10.0,97.50905097462237,3371.148639009334,1.1196988634765148,block1:zero_tool,policy_fcfs,mixed,1785176799.888044,1785176799.8891642,1785176799.986681,1785176803.2603207,,,
block1-001213,107.91440040338784,4802.6205523638055,188,60.0,107.04357305075973,4801.749725011177,0.8708273526281118,block1:zero_tool,policy_fcfs,mixed,1785176799.9042923,1785176799.9051635,1785176800.012214,1785176804.706921,,,
block1-001214,63.35315038450062,4362.359572318383,167,12.5,62.321664998307824,4361.32808693219,1.0314853861927986,block1:zero_tool,policy_fcfs,mixed,1785176800.6164305,1785176800.617463,1785176800.679796,1785176804.9788024,,,
block1-001215,510.35256346222013,1351.6422745306045,48,52.5,509.94871696457267,1351.238428032957,0.4038464976474643,block1:s4,policy_fcfs,mixed,1785176800.6524832,1785176800.6528883,1785176801.1628475,1785176802.0041378,,,
block1-001216,395.8308312576264,1209.374378202483,43,10.0,395.39439301006496,1208.9379399549216,0.4364382475614548,block1:s1,policy_fcfs,mixed,1785176800.7306511,1785176800.7310913,1785176801.1265156,1785176801.9400597,,,
block1-001217,113.43791894614697,1882.078317925334,66,155.0,111.53474100865424,1880.1751399878412,1.9031779374927282,block1:s1,policy_fcfs,mixed,1785176800.9074378,1785176800.909342,1785176801.0208893,1785176802.7895296,,,
block1-001218,379.777941852808,1278.66937185172,44,152.5,379.22009301837534,1278.1115230172873,0.5578488344326615,block1:s1,policy_fcfs,mixed,1785176800.9409585,1785176800.9415174,1785176801.3207502,1785176802.219642,,,
block1-001219,80.23508812766522,8458.852146170102,343,395.0,79.94478195905685,8458.561840001494,0.29030616860836744,block1:zero_tool,policy_fcfs,mixed,1785176800.9903538,1785176800.9906464,1785176801.0706265,1785176809.4492433,,,
block1-001220,57.52304464112967,4077.9330757213756,155,280.0,57.07963299937546,4077.4896640796214,0.44341164175421,block1:zero_tool,policy_fcfs,mixed,1785176801.110587,1785176801.1110318,1785176801.1681366,1785176805.188547,,,
block1-001221,82.31009228620678,1737.638815306127,60,152.5,81.60029700957239,1736.9290200294927,0.7097952766343951,block1:s1,policy_fcfs,mixed,1785176801.2190323,1785176801.2197423,1785176801.3013523,1785176802.9566803,,,
block1-001222,530.070195090957,1443.8590970821679,47,820.0,528.9616009686142,1442.750502959825,1.1085941223427653,block1:s1,policy_fcfs,mixed,1785176801.2981765,1785176801.2992861,1785176801.82826,1785176802.7420487,,,
block1-001223,109.70882314722985,3909.553188132122,145,135.0,109.12098397966474,3908.965348964557,0.5878391675651073,block1:zero_tool,policy_fcfs,mixed,1785176801.3587794,1785176801.3593678,1785176801.4685056,1785176805.2683496,,,
block1-001224,56.18326726835221,4795.004112296738,187,60.0,55.57893798686564,4794.399783015251,0.6043292814865708,block1:zero_tool,policy_fcfs,mixed,1785176801.415973,1785176801.4165785,1785176801.4721708,1785176806.2109916,,,
block1-001225,519.1708798520267,1323.857448878698,42,395.0,518.7399559654295,1323.426524992101,0.4309238865971565,block1:s2,policy_fcfs,mixed,1785176801.594265,1785176801.5946994,1785176802.113467,1785176802.918154,,,
block1-001226,509.9616255611181,1145.4066946171224,37,15.0,509.1613039840013,1144.6063730400056,0.800321577116847,block1:s2,policy_fcfs,mixed,1785176801.6854703,1785176801.6862717,1785176802.1954458,1785176802.830891,,,
block1-001227,124.11658838391304,1925.2811874030158,69,485.0,123.71482793241739,1924.8794269515201,0.40176045149564743,block1:s2,policy_fcfs,mixed,1785176801.7458398,1785176801.7462428,1785176801.8699713,1785176803.671135,,,
block1-001228,421.8703475780785,1054.1531556518748,35,395.0,420.0497759738937,1052.33258404769,1.8205716041848063,block1:s2,policy_fcfs,mixed,1785176801.7979693,1785176801.7997906,1785176802.219849,1785176802.8521323,,,
block1-001229,474.6293199714273,1196.6026820009574,44,545.0,473.67953101638705,1195.6528930459172,0.949788955040276,block1:s2,policy_fcfs,mixed,1785176801.998963,1785176801.9999142,1785176802.4736059,1785176803.1955793,,,
block1-001230,124.95774135459214,1785.3957373881713,65,10.0,123.8512770505622,1784.2892730841413,1.1064643040299416,block1:s2,policy_fcfs,mixed,1785176802.0276926,1785176802.0288,1785176802.1526635,1785176803.8131015,,,
block1-001231,449.1659417981282,1019.4044327363372,37,105.0,448.4886130085215,1018.7271039467305,0.6773287896066904,block1:s2,policy_fcfs,mixed,1785176802.069775,1785176802.0704534,1785176802.5189512,1785176803.089189,,,
block1-001232,113.70918853208423,4770.1584046008065,194,287.5,113.24560490902513,4769.694820977747,0.46358362305909395,block1:zero_tool,policy_fcfs,mixed,1785176802.106071,1785176802.1065366,1785176802.2198021,1785176806.8762517,,,
block1-001233,530.289513990283,1304.096288047731,48,320.0,529.3630870291963,1303.1698610866442,0.9264269610866904,block1:s3,policy_fcfs,mixed,1785176802.300442,1785176802.3013697,1785176802.8307445,1785176803.604551,,,
block1-001234,512.4280945165083,1313.1354595534503,48,280.0,510.814668959938,1311.52203399688,1.6134255565702915,block1:s3,policy_fcfs,mixed,1785176802.4058769,1785176802.407491,1785176802.9183204,1785176803.7190287,,,
block1-001235,337.60277938563377,1077.6576343923807,41,485.0,337.1698709670454,1077.2247259737924,0.4329084185883403,block1:s3,policy_fcfs,mixed,1785176802.4706469,1785176802.4710827,1785176802.8082817,1785176803.5483375,,,
block1-001236,82.15336664579809,3506.81475258898,142,105.0,80.34228906035423,3505.003675003536,1.8110775854438543,block1:zero_tool,policy_fcfs,mixed,1785176802.663718,1785176802.6655314,1785176802.7458909,1785176806.1705518,,,
block1-001237,66.07800081837922,3415.7494388055056,139,95.0,65.52898499649018,3415.2004229836166,0.5490158218890429,block1:zero_tool,policy_fcfs,mixed,1785176802.8956413,1785176802.8961918,1785176802.9617343,1785176806.3114064,,,
block1-001238,617.3058986896649,1291.6820596437901,43,217.5,616.8773400131613,1291.2535009672865,0.4285586765035987,block1:s3,policy_fcfs,mixed,1785176803.235056,1785176803.2354863,1785176803.8523834,1785176804.5267594,,,
block1-001239,617.241938249208,1378.9154941914603,48,550.0,616.2739159772173,1377.9474719194695,0.9680222719907761,block1:s3,policy_fcfs,mixed,1785176803.454888,1785176803.4558585,1785176804.072153,1785176804.833827,,,
block1-001240,613.1341411964968,1375.4722801968455,48,117.5,612.4315609922633,1374.769699992612,0.7025802042335272,block1:s4,policy_fcfs,mixed,1785176803.4585822,1785176803.4592862,1785176804.071733,1785176804.83407,,,
block1-001241,124.49648382607847,3046.723953797482,122,95.0,124.24132402520627,3046.4687939966097,0.2551598008722067,block1:zero_tool,policy_fcfs,mixed,1785176803.479366,1785176803.479622,1785176803.6038725,1785176806.5261,,,
block1-001242,521.1955442791805,1283.0811783205718,48,15.0,520.058993017301,1281.9446270586923,1.1365512618795037,block1:s4,policy_fcfs,mixed,1785176803.675327,1785176803.6764638,1785176804.1965334,1785176804.95842,,,
block1-001243,568.1191476760432,1249.0037976531312,48,17.5,567.591755068861,1248.476405045949,0.5273926071822643,block1:s4,policy_fcfs,mixed,1785176803.8109274,1785176803.811456,1785176804.3790612,1785176805.0599456,,,
block1-001244,561.6207947023213,1243.7630547210574,48,85.0,561.0830049263313,1243.2252649450675,0.5377897759899497,block1:s4,policy_fcfs,mixed,1785176803.856067,1785176803.8566062,1785176804.4177039,1785176805.0998468,,,
block1-001245,123.80213581491262,3461.1518658930436,147,485.0,122.7134489454329,3460.063179023564,1.0886868694797158,block1:zero_tool,policy_fcfs,mixed,1785176803.9057126,1785176803.9068036,1785176804.0295362,1785176807.366886,,,
block1-001246,499.7621284564957,1264.2933774041012,48,15.0,498.65447101183236,1263.1857199594378,1.1076574446633458,block1:s4,policy_fcfs,mixed,1785176804.1847665,1785176804.1858747,1785176804.6845407,1785176805.4490728,,,
block1-001247,491.8136448832229,1254.3518919264898,48,92.5,491.3244389463216,1253.8626859895885,0.48920593690127134,block1:s4,policy_fcfs,mixed,1785176804.2152681,1785176804.2157576,1785176804.7070894,1785176805.469628,,,
block1-001248,63.60122247133404,2587.334207491949,112,187.5,63.20790702011436,2586.9408920407295,0.3933154512196779,block1:zero_tool,policy_fcfs,mixed,1785176804.3605263,1785176804.360921,1785176804.4241416,1785176806.9478743,,,
block1-001249,74.56458848901093,4665.22050043568,198,20.0,73.95696802996099,4664.61287997663,0.6076204590499401,block1:zero_tool,policy_fcfs,mixed,1785176804.4610677,1785176804.4616766,1785176804.5356467,1785176809.126302,,,
block1-001250,104.06214406248182,3267.785656033084,140,287.5,103.61118498258293,3267.334696953185,0.45095907989889383,block1:zero_tool,policy_fcfs,mixed,1785176805.032851,1785176805.0333023,1785176805.1369245,1785176808.3006473,,,
block1-001251,118.43992862850428,5743.3880916796625,240,177.5,117.49590700492263,5742.444070056081,0.9440216235816479,block1:zero_tool,policy_fcfs,mixed,1785176805.0693831,1785176805.0703304,1785176805.187865,1785176810.8128128,,,
block1-001252,320.4924233723432,999.3132033850998,39,170.0,320.33140503335744,999.152185046114,0.16101833898574114,block1:s1,policy_fcfs,mixed,1785176805.1070967,1785176805.1072578,1785176805.4276,1785176806.1064198,,,
block1-001253,109.79579854756594,1416.7717156233266,60,280.0,108.689378015697,1415.6652950914577,1.1064205318689346,block1:s1,policy_fcfs,mixed,1785176805.1730745,1785176805.1741824,1785176805.2828898,1785176806.5898645,,,
block1-001254,334.23289854545146,892.9975155042484,37,320.0,333.8850609725341,892.6496779313311,0.3478375729173422,block1:s1,policy_fcfs,mixed,1785176805.193198,1785176805.193546,1785176805.5274398,1785176806.0862038,,,
block1-001255,122.21608124673367,6049.874213291332,259,280.0,121.55835900921375,6049.216491053812,0.6577222375199199,block1:zero_tool,policy_fcfs,mixed,1785176805.5869358,1785176805.5875943,1785176805.709163,1785176811.6368215,,,
block1-001256,323.70551757048815,996.1928256088868,40,160.0,322.92187202256173,995.4091800609604,0.7836455479264259,block1:s2,policy_fcfs,mixed,1785176805.5904858,1785176805.5912697,1785176805.914198,1785176806.5866852,,,
block1-001257,72.65537325292826,2579.2239262955263,112,107.5,70.74637792538851,2577.3149309679866,1.908995327539742,block1:zero_tool,policy_fcfs,mixed,1785176805.8203204,1785176805.8222315,1785176805.8929963,1785176808.399564,,,
block1-001258,70.79547620378435,3803.7882092176005,160,287.5,70.45399001799524,3803.4467230318114,0.3414861857891083,block1:zero_tool,policy_fcfs,mixed,1785176805.9933867,1785176805.9937294,1785176806.0641956,1785176809.7971883,,,
block1-001259,93.27444084919989,1570.1507107587531,69,282.5,92.19836909323931,1569.0746390027925,1.0760717559605837,block1:s2,policy_fcfs,mixed,1785176806.2897055,1785176806.2907825,1785176806.382996,1785176807.859872,,,
block1-001260,64.23071096651256,3758.9133569272235,159,75.0,63.19448701106012,3757.877132971771,1.0362239554524422,block1:zero_tool,policy_fcfs,mixed,1785176806.5252733,1785176806.52631,1785176806.5895138,1785176810.284197,,,
block1-001261,73.18163977470249,3775.6695528514683,160,95.0,72.26425397675484,3774.7521670535207,0.9173857979476452,block1:zero_tool,policy_fcfs,mixed,1785176806.584121,1785176806.5850399,1785176806.657318,1785176810.3598056,,,
block1-001262,109.53979706391692,1561.2191089894623,64,177.5,108.94068505149335,1560.6199969770387,0.5991120124235749,block1:s2,policy_fcfs,mixed,1785176806.8379912,1785176806.8385925,1785176806.947553,1785176808.399232,,,
block1-001263,319.7284028865397,879.0024548070505,34,572.5,319.1911460598931,878.4651979804039,0.537256826646626,block1:s2,policy_fcfs,mixed,1785176807.2958093,1785176807.2963479,1785176807.6155534,1785176808.1748273,,,
block1-001264,435.1618994260207,1232.7072034822777,48,15.0,434.3337540049106,1231.8790580611676,0.8281454211100936,block1:s3,policy_fcfs,mixed,1785176807.3434627,1785176807.3442922,1785176807.7786417,1785176808.5761862,,,
block1-001265,65.41894527617842,3304.2441762518138,134,20.0,64.63341403286904,3303.4586450085044,0.7855312433093786,block1:zero_tool,policy_fcfs,mixed,1785176807.490012,1785176807.490799,1785176807.555446,1785176810.7942705,,,
block1-001266,77.63737544883043,3856.2431674217805,161,297.5,77.19042804092169,3855.796220013872,0.44694740790873766,block1:zero_tool,policy_fcfs,mixed,1785176807.6005044,1785176807.6009538,1785176807.6781647,1785176811.4567697,,,
block1-001267,333.198957843706,1138.8561668572947,39,15.0,332.67147303558886,1138.3286820491776,0.5274848081171513,block1:s3,policy_fcfs,mixed,1785176807.9663756,1785176807.9669042,1785176808.299589,1785176809.1052454,,,
block1-001268,553.0321132391691,1364.7722972091287,48,550.0,552.0990180084482,1363.8392019784078,0.9330952307209373,block1:s3,policy_fcfs,mixed,1785176807.9810011,1785176807.9819348,1785176808.5340447,1785176809.3457837,,,
block1-001269,532.5410198420286,1192.0661968179047,43,17.5,531.5830580657348,1191.108235041611,0.9579617762938142,block1:s3,policy_fcfs,mixed,1785176808.2569115,1785176808.257873,1785176808.7894878,1785176809.4490132,,,
block1-001270,150.64358490053564,3751.252487883903,155,572.5,149.73221893887967,3750.341121922247,0.9113659616559744,block1:zero_tool,policy_fcfs,mixed,1785176808.3034828,1785176808.3043947,1785176808.4541733,1785176812.0547826,,,
block1-001271,467.30417863000184,1191.0547335864976,43,287.5,466.1187110468745,1189.8692660033703,1.1854675831273198,block1:s3,policy_fcfs,mixed,1785176808.3036728,1785176808.3048587,1785176808.7709835,1785176809.4947333,,,
block1-001272,521.0438867798075,1274.346628692001,48,100.0,520.5236499896273,1273.826391901821,0.5202367901802063,block1:s4,policy_fcfs,mixed,1785176808.5419452,1785176808.5424693,1785176809.063026,1785176809.8163283,,,
block1-001273,534.8873009206727,1286.5619189105928,48,10.0,534.6641590585932,1286.3387770485133,0.22314186207950115,block1:s4,policy_fcfs,mixed,1785176808.549542,1785176808.5497675,1785176809.0844471,1785176809.836122,,,
block1-001274,510.27494145091623,1262.5905334716663,48,117.5,509.9047078983858,1262.2202999191359,0.3702335525304079,block1:s4,policy_fcfs,mixed,1785176808.5737653,1785176808.5741363,1785176809.0840526,1785176809.8363678,,,
block1-001275,505.43788948561996,1169.9131014756858,48,15.0,504.6574160223827,1169.1326280124485,0.7804734632372856,block1:s4,policy_fcfs,mixed,1785176809.2102902,1785176809.211072,1785176809.7158854,1785176810.38036,,,
block1-001276,461.6029845783487,1247.312828549184,48,115.0,459.73487000446767,1245.4447139753029,1.86811457388103,block1:s4,policy_fcfs,mixed,1785176809.3926969,1785176809.3945658,1785176809.854311,1785176810.6400216,,,
block1-001277,445.91469841543585,1278.4982993034646,48,20.0,445.5103320069611,1278.0939328949898,0.40436640847474337,block1:s4,policy_fcfs,mixed,1785176809.447367,1785176809.4477727,1785176809.8932943,1785176810.725878,,,
block1-001278,493.7979889800772,1233.4543679608032,48,105.0,492.8318050224334,1232.4881840031594,0.9661839576438069,block1:s4,policy_fcfs,mixed,1785176810.0087292,1785176810.0096967,1785176810.5025415,1785176811.2421982,,,
block1-001279,536.0805987147614,1221.3069287827238,49,282.5,535.6369710061699,1220.8633010741323,0.4436277085915208,block1:s4,policy_fcfs,mixed,1785176810.3556423,1785176810.356087,1785176810.8917353,1785176811.5769618,,,
block1-001280,443.4639774262905,1050.1611423678696,43,15.0,443.15008306875825,1049.8472480103374,0.3138943575322628,block1:s1,policy_fcfs,mixed,1785176810.388417,1785176810.3887312,1785176810.8318892,1785176811.4385872,,,
block1-001281,393.41385813895613,1001.3282011495903,43,10.0,392.7367490250617,1000.6510920356959,0.677109113894403,block1:s1,policy_fcfs,mixed,1785176810.4984286,1785176810.4991066,1785176810.8918538,1785176811.4997683,,,
block1-001282,108.08318154886365,3822.6380145642906,153,15.0,106.24565999023616,3820.800493005663,1.8375215586274862,block1:zero_tool,policy_fcfs,mixed,1785176810.5320878,1785176810.5339277,1785176810.6401944,1785176814.35475,,,
block1-001283,374.8028991976753,863.2143352879211,37,395.0,374.24317898694426,862.6546150771901,0.5597202107310295,block1:s1,policy_fcfs,mixed,1785176810.555898,1785176810.5564582,1785176810.9307106,1785176811.419123,,,
block1-001284,356.90479481127113,828.1747187720612,36,140.0,356.07510595582426,827.3450299166143,0.8296888554468751,block1:s1,policy_fcfs,mixed,1785176810.610646,1785176810.6114764,1785176810.9675632,1785176811.4388323,,,
block1-001285,56.919684167951345,4187.738648150116,167,117.5,56.01208400912583,4186.831047991291,0.9076001588255167,block1:zero_tool,policy_fcfs,mixed,1785176810.915464,1785176810.916372,1785176810.9723947,1785176815.1032145,,,
block1-001286,261.8996413657442,903.7679213797674,40,307.5,259.66496497858316,901.5332449926063,2.2346763871610165,block1:s1,policy_fcfs,mixed,1785176811.058061,1785176811.060298,1785176811.3199825,1785176811.9618511,,,
block1-001287,71.85291184578091,3018.0303108645603,118,297.5,71.45991094876081,3017.63730996754,0.39300089702010155,block1:zero_tool,policy_fcfs,mixed,1785176811.1521225,1785176811.1525168,1785176811.22399,1785176814.1701672,,,
block1-001288,60.62958296388388,3621.481062960811,140,95.0,59.622560045681894,3620.474040042609,1.007022918201983,block1:zero_tool,policy_fcfs,mixed,1785176811.4390037,1785176811.440011,1785176811.4996526,1785176815.0605044,,,
block1-001289,252.40655115339905,1036.2556321779266,40,10.0,252.04168492928147,1035.890765953809,0.3648662241175771,block1:s2,policy_fcfs,mixed,1785176811.5158975,1785176811.5162644,1785176811.7683253,1785176812.5521743,,,
block1-001290,78.91125569585711,3649.7091837227345,140,10.0,77.74058298673481,3648.538511013612,1.1706727091223001,block1:zero_tool,policy_fcfs,mixed,1785176811.5367463,1785176811.537918,1785176811.6156712,1785176815.186469,,,
block1-001291,457.2573737241328,1327.905964688398,43,12.5,455.9965740190819,1326.645164983347,1.2607997050508857,block1:s2,policy_fcfs,mixed,1785176811.8721852,1785176811.8734467,1785176812.3294551,1785176813.2001038,,,
block1-001292,432.9086614307016,1103.5683463560417,36,287.5,432.11927509400994,1102.77896001935,0.7893863366916776,block1:s2,policy_fcfs,mixed,1785176811.8789802,1785176811.8797715,1785176812.311907,1785176812.982566,,,
block1-001293,409.6944439224899,1284.6300449455157,44,282.5,408.1838959828019,1283.1194970058277,1.5105479396879673,block1:s2,policy_fcfs,mixed,1785176811.9798355,1785176811.9813492,1785176812.3895621,1785176813.264497,,,
block1-001294,394.4039010675624,1124.4345291052014,38,350.0,393.8820470357314,1123.9126750733703,0.5218540318310261,block1:s2,policy_fcfs,mixed,1785176812.0335739,1785176812.0340967,1785176812.42799,1785176813.1580198,,,
block1-001295,91.86183917336166,3565.736971097067,140,177.5,91.2728391122073,3565.1479710359126,0.5890000611543655,block1:zero_tool,policy_fcfs,mixed,1785176812.0454605,1785176812.0460527,1785176812.1373563,1785176815.6112306,,,
block1-001296,284.46309885475785,1026.5633448725566,32,297.5,284.03648105449975,1026.1367270722985,0.42661780025810003,block1:s3,policy_fcfs,mixed,1785176812.1742609,1785176812.1746883,1785176812.458737,1785176813.2008367,,,
block1-001297,64.4280188716948,3284.1310658259317,129,12.5,63.38750501163304,3283.09055196587,1.0405138600617647,block1:zero_tool,policy_fcfs,mixed,1785176812.3667035,1785176812.3677444,1785176812.4311452,1785176815.6508489,,,
block1-001298,528.6769493250176,1195.552489371039,38,15.0,526.1552380397916,1193.030778085813,2.521711285226047,block1:s3,policy_fcfs,mixed,1785176812.414621,1785176812.417146,1785176812.9433315,1785176813.610207,,,
block1-001299,616.5404384955764,1441.8547064997256,48,140.0,616.1935681011528,1441.507836105302,0.346870394423604,block1:s3,policy_fcfs,mixed,1785176812.6236827,1785176812.62403,1785176813.2402349,1785176814.0655506,,,
block1-001300,518.8585568685085,1289.7195278201252,42,152.5,518.1529310066253,1289.013901958242,0.7056258618831635,block1:s3,policy_fcfs,mixed,1785176812.6384704,1785176812.6391764,1785176813.1573398,1785176813.9282012,,,
block1-001301,595.3006640775129,1381.1345070134848,48,350.0,595.0331720523536,1380.8670149883255,0.2674920251592994,block1:s3,policy_fcfs,mixed,1785176812.7694352,1785176812.769705,1785176813.3647542,1785176814.1505878,,,
block1-001302,586.8610559264198,1301.0978999082,46,25.0,586.2864729715511,1300.5233169533312,0.5745829548686743,block1:s3,policy_fcfs,mixed,1785176812.8493176,1785176812.8498929,1785176813.4361901,1785176814.1504276,,,
block1-001303,411.12903563771397,1229.4745185645297,43,117.5,410.7429119758308,1229.0883949026465,0.3861236618831754,block1:s3,policy_fcfs,mixed,1785176812.8777604,1785176812.878147,1785176813.2888973,1785176814.1072426,,,
block1-001304,509.7874434432015,1285.8971864916384,48,320.0,509.48776095174253,1285.5975040001795,0.2996824914589524,block1:s4,policy_fcfs,mixed,1785176812.989646,1785176812.989946,1785176813.4994419,1785176814.2755523,,,
block1-001305,488.4495788719505,1272.2262208117172,48,357.5,487.88502998650074,1271.6616719262674,0.5645488854497671,block1:s4,policy_fcfs,mixed,1785176813.222961,1785176813.223528,1785176813.7114382,1785176814.4952154,,,
block1-001306,490.88035128079355,1262.8235822776332,48,820.0,490.16778892837465,1262.1110199252144,0.7125623524188995,block1:s4,policy_fcfs,mixed,1785176813.2430708,1785176813.243784,1785176813.7339725,1785176814.5059164,,,
block1-001307,110.4948737192899,4258.718186756596,184,75.0,109.94944593403488,4258.172758971341,0.5454277852550149,block1:zero_tool,policy_fcfs,mixed,1785176813.254196,1785176813.2547417,1785176813.3647006,1785176817.5129235,,,
block1-001308,70.92035340610892,3593.2847583899274,158,572.5,70.0350150000304,3592.399419983849,0.8853384060785174,block1:zero_tool,policy_fcfs,mixed,1785176813.4945855,1785176813.4954734,1785176813.5655284,1785176817.0878932,,,
block1-001309,63.30335314851254,3599.8315481701866,156,115.0,62.51364294439554,3599.0418379660696,0.7897102041170001,block1:zero_tool,policy_fcfs,mixed,1785176813.7162838,1785176813.7170744,1785176813.7796016,1785176817.3161297,,,
block1-001310,517.1452236827463,1326.7353976843879,48,350.0,516.543606063351,1326.1337800649926,0.601617619395256,block1:s4,policy_fcfs,mixed,1785176813.7768226,1785176813.7774246,1785176814.293979,1785176815.1035693,,,
block1-001311,478.5827466985211,1289.124951697886,48,22.5,478.0268520116806,1288.5690570110455,0.5558946868404746,block1:s4,policy_fcfs,mixed,1785176813.8762753,1785176813.8768325,1785176814.354873,1785176815.1654158,,,
block1-001312,332.0906156441197,1095.5490946071222,43,572.5,331.62333199288696,1095.0818109558895,0.4672836512327194,block1:s1,policy_fcfs,mixed,1785176814.1910443,1785176814.191512,1785176814.523147,1785176815.2866054,,,
block1-001313,407.2757748654112,1083.4415488643572,43,217.5,406.3491120468825,1082.5148860458285,0.9266628185287118,block1:s1,policy_fcfs,mixed,1785176814.4289618,1785176814.429892,1785176814.836271,1785176815.512437,,,
block1-001314,73.16345442086458,7637.321125366725,332,95.0,72.9100180324167,7637.067688978277,0.25343638844788074,block1:zero_tool,policy_fcfs,mixed,1785176814.5132105,1785176814.5134642,1785176814.586384,1785176822.1505418,,,
block1-001315,138.95060773938894,1647.055569686927,72,15.0,137.7803690265864,1645.8853309741244,1.1702387128025293,block1:s1,policy_fcfs,mixed,1785176814.5690079,1785176814.5701818,1785176814.7079954,1785176816.2161,,,
block1-001316,313.3217863505706,998.7867843592539,39,105.0,313.1498229922727,998.614821000956,0.17196335829794407,block1:s1,policy_fcfs,mixed,1785176814.6121423,1785176814.6123147,1785176814.9254777,1785176815.6109421,,,
block1-001317,76.61648991052061,3883.639400009997,167,15.0,76.27487694844604,3883.2977870479226,0.3416129620745778,block1:zero_tool,policy_fcfs,mixed,1785176814.6763773,1785176814.6767216,1785176814.7531688,1785176818.5601923,,,
block1-001318,65.91455603484064,4495.520764961839,197,280.0,65.77274296432734,4495.378951891325,0.14181307051330805,block1:zero_tool,policy_fcfs,mixed,1785176814.7759924,1785176814.7761347,1785176814.8419187,1785176819.271525,,,
block1-001319,116.29189422819763,1307.7463161898777,60,10.0,115.61484297271818,1307.0692649343982,0.677051255479455,block1:s1,policy_fcfs,mixed,1785176814.9444287,1785176814.9451063,1785176815.0607316,1785176816.2521875,,,
block1-001320,297.75920836254954,895.5626353854313,40,187.5,297.0009009586647,894.8043279815465,0.7583074038848281,block1:s2,policy_fcfs,mixed,1785176814.9891608,1785176814.9899201,1785176815.286934,1785176815.884738,,,
block1-001321,97.54878131207079,3398.0483332416043,146,282.5,95.60966806020588,3396.1092199897394,1.9391132518649101,block1:zero_tool,policy_fcfs,mixed,1785176815.0247498,1785176815.0266922,1785176815.1223304,1785176818.4228296,,,
block1-001322,310.2379469200969,792.1275428961962,36,22.5,309.74756297655404,791.6371589526534,0.4903839435428381,block1:s2,policy_fcfs,mixed,1785176815.0349898,1785176815.0354817,1785176815.3452418,1785176815.827132,,,
block1-001323,60.07292296271771,11131.808868027292,490,485.0,59.85714797861874,11131.593093043193,0.2157749840989709,block1:zero_tool,policy_fcfs,mixed,1785176815.349239,1785176815.349455,1785176815.4093223,1785176826.481058,,,
block1-001324,339.8139765486121,930.0428035203367,36,160.0,338.77735608257353,929.0061830542982,1.0366204660385847,block1:s2,policy_fcfs,mixed,1785176816.4070213,1785176816.408059,1785176816.7468486,1785176817.3370771,,,
block1-001325,516.1655773408711,1182.6578003820032,49,485.0,515.5911849578843,1182.0834079990163,0.5743923829868436,block1:s2,policy_fcfs,mixed,1785176816.4270852,1785176816.42766,1785176816.9432602,1785176817.609753,,,
block1-001326,317.82383553218096,903.1252575805411,36,282.5,317.2650639899075,902.5664860382676,0.5587715422734618,block1:s2,policy_fcfs,mixed,1785176816.5300083,1785176816.5305684,1785176816.8478456,1785176817.4331477,,,
block1-001327,410.27919412590563,915.7828721217811,37,110.0,409.6636719768867,915.1673499727622,0.6155221490189433,block1:s2,policy_fcfs,mixed,1785176816.845877,1785176816.8464937,1785176817.25617,1785176817.761673,,,
block1-001328,82.2928756242618,2977.3000566056,126,15.0,81.66561706457287,2976.672798045911,0.6272585596889257,block1:zero_tool,policy_fcfs,mixed,1785176816.9002295,1785176816.9008582,1785176816.9825387,1785176819.8775458,,,
block1-001329,460.77980124391615,1352.902613230981,48,117.5,460.3971040342003,1352.519916021265,0.3826972097158432,block1:s3,policy_fcfs,mixed,1785176817.0291672,1785176817.0295503,1785176817.4901106,1785176818.3822343,,,
block1-001330,431.7112114513293,1186.6980784107,41,145.0,430.1289130235091,1185.1157799828798,1.5822984278202057,block1:s3,policy_fcfs,mixed,1785176817.0393813,1785176817.0409653,1785176817.4711065,1785176818.226093,,,
block1-001331,601.1435157852247,1324.0589398192242,48,12.5,600.711949984543,1323.6273740185425,0.43156580068171024,block1:s3,policy_fcfs,mixed,1785176817.6248338,1785176817.6252656,1785176818.2259893,1785176818.948905,,,
block1-001332,469.9249794939533,1137.7241014270112,41,20.0,468.42982002999634,1136.2289419630542,1.495159463956952,block1:s3,policy_fcfs,mixed,1785176817.7746122,1785176817.7761075,1785176818.244548,1785176818.9123483,,,
block1-001333,523.3577734325081,1153.1760453945026,43,60.0,522.3116130800918,1152.1298850420862,1.0461603524163365,block1:s3,policy_fcfs,mixed,1785176817.878167,1785176817.8792148,1785176818.4015408,1785176819.0313592,,,
block1-001334,582.2012174176052,1252.6266244240105,48,17.5,580.9303720016032,1251.3557790080085,1.2708454160019755,block1:s3,policy_fcfs,mixed,1785176817.8982759,1785176817.8995492,1785176818.4804993,1785176819.150924,,,
block1-001335,450.3995790146291,1139.111537951976,44,107.5,448.7760110059753,1137.4879699433222,1.6235680086538196,block1:s3,policy_fcfs,mixed,1785176817.9721744,1785176817.9737997,1785176818.4225903,1785176819.1113024,,,
block1-001336,529.3180688749999,1199.3691299576312,48,95.0,527.5961540173739,1197.6472151000053,1.7219148576259613,block1:s4,policy_fcfs,mixed,1785176817.9901617,1785176817.991887,1785176818.5195105,1785176819.1895616,,,
block1-001337,415.72756657842547,1091.7652125936002,48,10.0,415.2828399091959,1091.3204859243706,0.44472666922956705,block1:s4,policy_fcfs,mixed,1785176818.2409704,1785176818.2414155,1785176818.656707,1785176819.3327441,,,
block1-001338,439.6544665796682,1124.1834035608917,48,217.5,439.1660300316289,1123.6949670128524,0.48843654803931713,block1:s4,policy_fcfs,mixed,1785176818.691884,1785176818.6923738,1785176819.1315522,1785176819.816081,,,
block1-001339,55.96825678367168,4255.973523831926,184,485.0,55.583187029697,4255.588454077952,0.38506975397467613,block1:zero_tool,policy_fcfs,mixed,1785176818.8966024,1785176818.8969908,1785176818.9526007,1785176823.1526062,,,
block1-001340,68.73900501523167,3598.5551819903776,154,357.5,67.73011502809823,3597.546292003244,1.0088899871334434,block1:zero_tool,policy_fcfs,mixed,1785176819.042917,1785176819.0439281,1785176819.1116776,1785176822.641493,,,
block1-001341,60.2314694551751,3212.0660634245723,137,320.0,59.73162897862494,3211.566222948022,0.49984047655016184,block1:zero_tool,policy_fcfs,mixed,1785176819.1913016,1785176819.191802,1785176819.2515435,1785176822.4033787,,,
block1-001342,73.56950629036874,3972.3668702645227,169,10.0,72.29602406732738,3971.0933880414814,1.2734822230413556,block1:zero_tool,policy_fcfs,mixed,1785176819.2587333,1785176819.2600098,1785176819.3323264,1785176823.2311246,,,
block1-001343,57.35452892258763,3525.7793428609148,149,15.0,56.343920063227415,3524.7687340015545,1.010608859360218,block1:zero_tool,policy_fcfs,mixed,1785176819.3730948,1785176819.3741057,1785176819.4305844,1785176822.8990085,,,
block1-001344,365.6273699598387,1015.9455019747838,43,152.5,364.5708679687232,1014.8889999836683,1.0565019911155105,block1:s1,policy_fcfs,mixed,1785176819.4895923,1785176819.4906504,1785176819.8552344,1785176820.505553,,,
block1-001345,80.4588939063251,1632.5986898737028,69,280.0,79.7207640716806,1631.8605600390583,0.7381298346444964,block1:s1,policy_fcfs,mixed,1785176819.5807192,1785176819.5814602,1785176819.661206,1785176821.2133455,,,
block1-001346,314.6473615197465,930.9850775171071,40,350.0,313.74634604435414,930.0840620417148,0.9010154753923416,block1:s1,policy_fcfs,mixed,1785176819.7513652,1785176819.7522676,1785176820.0660307,1785176820.6823683,,,
block1-001347,419.7565634967759,1035.6639234814793,45,177.5,418.8888770295307,1034.796237014234,0.8676864672452211,block1:s1,policy_fcfs,mixed,1785176819.764769,1785176819.7656372,1785176820.1845338,1785176820.800441,,,
block1-001348,385.14219713397324,860.5948920594528,36,550.0,384.0178380487487,859.4705329742283,1.1243590852245688,block1:s1,policy_fcfs,mixed,1785176819.940304,1785176819.9414315,1785176820.3254833,1785176820.8009355,,,
block1-001349,100.40703671984375,1493.910175631754,62,20.0,99.79798004496843,1493.3011189568788,0.609056674875319,block1:s1,policy_fcfs,mixed,1785176820.164075,1785176820.1646848,1785176820.2644942,1785176821.6579971,,,
block1-001350,66.67884241323918,3864.559847395867,163,15.0,65.88556303177029,3863.766568014398,0.7932793814688921,block1:zero_tool,policy_fcfs,mixed,1785176820.2007334,1785176820.2015283,1785176820.2674327,1785176824.0653145,,,
block1-001351,384.4393849140033,934.3061429681256,35,307.5,384.0605589793995,933.9273170335218,0.3788259346038103,block1:s1,policy_fcfs,mixed,1785176820.828455,1785176820.828834,1785176821.2129023,1785176821.7627692,,,
block1-001352,448.5467004124075,1000.5879193777218,38,107.5,447.60213198605925,999.6433509513736,0.944568426348269,block1:s2,policy_fcfs,mixed,1785176820.8415103,1785176820.8424551,1785176821.2900636,1785176821.8421047,,,
block1-001353,428.20049496367574,980.2447539987043,38,110.0,427.7758450480178,979.8201040830463,0.4246499156579375,block1:s2,policy_fcfs,mixed,1785176821.075875,1785176821.0763004,1785176821.504087,1785176822.056131,,,
block1-001354,102.66237612813711,1621.4010710828006,64,22.5,101.86662001069635,1620.6053149653599,0.7957561174407601,block1:s2,policy_fcfs,mixed,1785176821.34084,1785176821.3416367,1785176821.4435134,1785176822.9622526,,,
block1-001355,78.1514811096713,6415.300379157998,279,60.0,77.53277500160038,6414.681673049927,0.61870610807091,block1:zero_tool,policy_fcfs,mixed,1785176821.4664764,1785176821.4670959,1785176821.5446374,1785176827.881786,,,
block1-001356,320.3696276759729,942.0184446498752,36,15.0,318.8779290067032,940.5267459806055,1.491698669269681,block1:s2,policy_fcfs,mixed,1785176821.521803,1785176821.523295,1785176821.8421838,1785176822.463833,,,
block1-001357,65.28561387676746,14808.216604869813,632,105.0,64.33576601557434,14807.26675700862,0.9498478611931205,block1:zero_tool,policy_fcfs,mixed,1785176821.5969677,1785176821.5979187,1785176821.6622646,1785176836.4051955,,,
block1-001358,411.02543915621936,1015.9069411456585,38,60.0,410.02210800070316,1014.9036099901423,1.0033311555162072,block1:s2,policy_fcfs,mixed,1785176821.882861,1785176821.8838649,1785176822.293896,1785176822.8987768,,,
block1-001359,409.3723724363372,1003.4868933726102,37,10.0,408.646231982857,1002.76075291913,0.7261404534801841,block1:s2,policy_fcfs,mixed,1785176822.0326867,1785176822.0334134,1785176822.4420714,1785176823.0361862,,,
block1-001360,521.727878600359,1224.70270562917,48,17.5,521.2793529499322,1224.2541799787432,0.4485256504267454,block1:s3,policy_fcfs,mixed,1785176822.1850948,1785176822.1855438,1785176822.7068427,1785176823.4098175,,,
block1-001361,322.68629991449416,1047.5826848996803,39,20.0,321.7863420723006,1046.6827270574868,0.8999578421935439,block1:s3,policy_fcfs,mixed,1785176822.2213302,1785176822.2222307,1785176822.5440264,1785176823.2689228,,,
block1-001362,500.65627647563815,1233.301229425706,48,280.0,499.6344220126048,1232.2793749626726,1.0218544630333781,block1:s3,policy_fcfs,mixed,1785176822.5042865,1785176822.5053086,1785176823.0049531,1785176823.7375977,,,
block1-001363,99.56267231609672,3012.1704624034464,128,187.5,99.00568693410605,3011.6134770214558,0.5569853819906712,block1:zero_tool,policy_fcfs,mixed,1785176822.5624697,1785176822.563027,1785176822.6620398,1785176825.574648,,,
block1-001364,471.71656391583383,1213.235144969076,48,100.0,471.52356104925275,1213.0421421024948,0.19300286658108234,block1:s3,policy_fcfs,mixed,1785176822.6607122,1785176822.6609054,1785176823.1324368,1785176823.8739557,,,
block1-001365,437.2682888060808,1209.1139607364312,48,115.0,435.2294660639018,1207.0751379942521,2.038822742179036,block1:s3,policy_fcfs,mixed,1785176822.8949838,1785176822.8970232,1785176823.332262,1785176824.1041074,,,
block1-001366,60.21200877148658,3765.910453745164,165,485.0,59.85646811313927,3765.5549130868167,0.35554065834730864,block1:zero_tool,policy_fcfs,mixed,1785176823.2124717,1785176823.2128282,1785176823.272694,1785176826.9783924,,,
block1-001367,390.56757593061775,1134.8920309683308,43,50.0,389.7352459607646,1134.0597009984776,0.8323299698531628,block1:s3,policy_fcfs,mixed,1785176823.4217646,1785176823.4225974,1785176823.8123412,1785176824.5566666,,,
block1-001368,458.3432109793648,1234.8653100198135,48,50.0,457.9063670244068,1234.4284660648555,0.43684395495802164,block1:s4,policy_fcfs,mixed,1785176823.4936311,1785176823.4940693,1785176823.951987,1785176824.7285087,,,
block1-001369,450.05144097376615,1211.2089620204642,48,152.5,449.3810049025342,1210.5385259492323,0.6704360712319613,block1:s4,policy_fcfs,mixed,1785176823.6539013,1785176823.6545732,1785176824.10397,1785176824.865127,,,
block1-001370,419.7984531056136,1165.8467630622908,48,110.0,419.5838610175997,1165.632170974277,0.2145920880138874,block1:s4,policy_fcfs,mixed,1785176823.9193006,1785176823.9195163,1785176824.3391123,1785176825.0851603,,,
block1-001371,65.71065750904381,3900.0144784804434,175,15.0,64.77974203880876,3899.0835630102083,0.9309154702350497,block1:zero_tool,policy_fcfs,mixed,1785176824.1369147,1785176824.1378472,1785176824.20285,1785176828.037154,,,
block1-001372,525.3175201360136,1195.0975330546498,48,10.0,524.3019650224596,1194.0819779410958,1.0155551135540009,block1:s4,policy_fcfs,mixed,1785176824.3403263,1785176824.3413422,1785176824.865656,1785176825.535436,,,
block1-001373,484.001764212735,1190.193451126106,48,15.0,483.63884002901614,1189.8305269423872,0.36292418371886015,block1:s4,policy_fcfs,mixed,1785176824.3846366,1785176824.3850002,1785176824.8686466,1785176825.5748386,,,
block1-001374,422.41346719674766,1113.0040581338108,48,545.0,421.15480604115874,1111.7453969782218,1.2586611555889249,block1:s4,policy_fcfs,mixed,1785176824.505035,1785176824.5062969,1785176824.9274793,1785176825.6180704,,,
block1-001375,78.78766406793147,3274.652522057295,148,322.5,77.74251303635538,3273.6073710257187,1.045151031576097,block1:zero_tool,policy_fcfs,mixed,1785176824.5700915,1785176824.5711389,1785176824.6488993,1785176827.8447642,,,
block1-001376,57.73383332416415,2502.3086393484846,112,320.0,57.131982990540564,2501.706789014861,0.6018503336235881,block1:zero_tool,policy_fcfs,mixed,1785176824.8108115,1785176824.8114138,1785176824.868555,1785176827.3131301,,,
block1-001377,122.48167407233268,1668.2530990801752,71,15.0,121.47800996899605,1667.2494349768385,1.0036641033366323,block1:s1,policy_fcfs,mixed,1785176825.3099556,1785176825.3109624,1785176825.4324684,1785176826.9782395,,,
block1-001378,429.2504646582529,1055.8371366932988,45,17.5,428.97774395532906,1055.564415990375,0.2727207029238343,block1:s1,policy_fcfs,mixed,1785176825.3462873,1785176825.346561,1785176825.7755501,1785176826.4021375,,,
block1-001379,78.03541142493486,4821.809994522482,213,22.5,77.84937298856676,4821.623956086114,0.1860384363681078,block1:zero_tool,policy_fcfs,mixed,1785176825.5006225,1785176825.5008097,1785176825.5786707,1785176830.3224466,,,
block1-001380,92.54900412634015,16126.035366090946,681,20.0,92.35050808638334,16125.83687005099,0.1984960399568081,block1:zero_tool,policy_fcfs,mixed,1785176825.6026852,1785176825.602885,1785176825.6952507,1785176841.7287369,,,
block1-001381,89.60163244046271,1452.3541853995994,62,15.0,88.72960100416094,1451.4821539632976,0.8720314363017678,block1:s1,policy_fcfs,mixed,1785176825.608788,1785176825.6096601,1785176825.6983964,1785176827.0611494,,,
block1-001382,91.38832683674991,11911.681850790046,506,17.5,90.32605704851449,11910.61958100181,1.062269788235426,block1:zero_tool,policy_fcfs,mixed,1785176825.6810768,1785176825.6821396,1785176825.7724771,1785176837.5927706,,,
block1-001383,69.67556825838983,2856.232770252973,129,170.0,69.26688097883016,2855.824082973413,0.4086872795596719,block1:zero_tool,policy_fcfs,mixed,1785176825.7052217,1785176825.7056305,1785176825.7749128,1785176828.5614705,,,
block1-001384,65.31216308940202,2670.209350064397,120,357.5,64.53309510834515,2669.43028208334,0.779067981056869,block1:zero_tool,policy_fcfs,mixed,1785176825.833078,1785176825.8338587,1785176825.8984067,1785176828.5033035,,,
block1-001385,386.98061381001025,1062.3758448055014,44,12.5,385.22478693630546,1060.6200179317966,1.755826873704791,block1:s2,policy_fcfs,mixed,1785176826.3296447,1785176826.3314018,1785176826.7166398,1785176827.3920345,,,
block1-001386,378.49373975768685,899.7695327270776,36,115.0,378.0321730300784,899.3079659994692,0.4615667276084423,block1:s2,policy_fcfs,mixed,1785176826.5364344,1785176826.5368962,1785176826.914937,1785176827.436213,,,
block1-001387,109.02757372241467,8824.227292789146,370,10.0,108.86320599820465,8824.062925064936,0.16436772421002388,block1:zero_tool,policy_fcfs,mixed,1785176826.652388,1785176826.6525536,1785176826.7614272,1785176835.4766283,,,
block1-001388,327.6065506506711,841.3290026364848,35,12.5,326.6922381008044,840.4146900866181,0.9143125498667359,block1:s2,policy_fcfs,mixed,1785176826.66996,1785176826.6708748,1785176826.997574,1785176827.511297,,,
block1-001389,289.0468912664801,919.6472762851045,41,15.0,288.36983093060553,918.9702159492299,0.6770603358745575,block1:s2,policy_fcfs,mixed,1785176826.7281914,1785176826.7288687,1785176827.01725,1785176827.647851,,,
block1-001390,358.9945840649307,869.4206970976666,38,152.5,358.0001179361716,868.4262309689075,0.9944661287590861,block1:s2,policy_fcfs,mixed,1785176826.9927144,1785176826.9937127,1785176827.3517404,1785176827.862167,,,
block1-001391,331.2606404069811,877.129016444087,37,15.0,330.31295402906835,876.1813300661743,0.9476863779127598,block1:s2,policy_fcfs,mixed,1785176827.7428012,1785176827.7437496,1785176828.0740733,1785176828.6199415,,,
block1-001392,100.58650921564549,2970.947739202529,125,152.5,99.99989799689502,2970.3611279837787,0.5866112187504768,block1:zero_tool,policy_fcfs,mixed,1785176827.7616723,1785176827.7622592,1785176827.862266,1785176830.7326279,,,
block1-001393,453.78502830863,1232.7537152450532,48,15.0,452.6988350553438,1231.667521991767,1.0861932532861829,block1:s3,policy_fcfs,mixed,1785176828.1267142,1785176828.127803,1785176828.5805268,1785176829.3594954,,,
block1-001394,90.79536679200828,4387.140845879912,189,10.0,90.08602891117334,4386.431507999077,0.7093378808349371,block1:zero_tool,policy_fcfs,mixed,1785176828.1961236,1785176828.1968338,1785176828.286932,1785176832.5832767,,,
block1-001395,414.11953675560653,1192.2184207942337,48,152.5,412.9669120302424,1191.0657960688695,1.1526247253641486,block1:s3,policy_fcfs,mixed,1785176828.2059357,1785176828.2070897,1785176828.620068,1785176829.3981674,,,
block1-001396,452.27971975691617,1234.3508477788419,48,280.0,451.15476893261075,1233.2258969545364,1.1249508243054152,block1:s3,policy_fcfs,mixed,1785176828.6914964,1785176828.6926224,1785176829.1437886,1785176829.9258585,,,
block1-001397,369.4292465224862,1110.4616324882954,43,412.5,369.1778549691662,1110.2102409349754,0.25139155331999063,block1:s3,policy_fcfs,mixed,1785176828.7747607,1785176828.775014,1785176829.1443257,1785176829.8853586,,,
block1-001398,454.9630881519988,1178.59614524059,46,12.5,454.47370898909867,1178.1067660776898,0.4893791629001498,block1:s3,policy_fcfs,mixed,1785176829.1005247,1785176829.101016,1785176829.5555067,1785176830.2791395,,,
block1-001399,67.04921857453883,3613.6242125649005,151,395.0,65.83834299817681,3612.4133369885385,1.2108755763620138,block1:zero_tool,policy_fcfs,mixed,1785176829.197086,1785176829.198299,1785176829.264154,1785176832.8107285,,,
block1-001400,419.08519552089274,1188.8891065027565,48,280.0,418.949646060355,1188.7535570422187,0.13554946053773165,block1:s4,policy_fcfs,mixed,1785176829.2135172,1785176829.2136543,1785176829.6326153,1785176830.4024196,,,
block1-001401,487.83911543432623,1231.5384974936023,48,152.5,487.0688879163936,1230.7682699756697,0.7702275179326534,block1:s4,policy_fcfs,mixed,1785176829.6919038,1785176829.6926756,1785176830.179757,1785176830.9234564,,,
block1-001402,469.97331199236214,1213.9632609905675,48,17.5,469.77655799128115,1213.7665069894865,0.19675400108098984,block1:s4,policy_fcfs,mixed,1785176829.7289734,1785176829.7291718,1785176830.1989684,1785176830.9429584,,,
block1-001403,424.84394600614905,1180.5034570861608,49,170.0,423.8679310074076,1179.5274420874193,0.9760149987414479,block1:s4,policy_fcfs,mixed,1785176829.9207098,1785176829.9216893,1785176830.3455822,1785176831.101241,,,
block1-001404,62.70483403932303,3874.6883500134572,154,50.0,62.3370649991557,3874.32058097329,0.3677690401673317,block1:zero_tool,policy_fcfs,mixed,1785176830.219532,1785176830.2199,1785176830.2822485,1785176834.0942323,,,
block1-001405,495.8294309908524,1205.928153009154,48,322.5,494.7280279593542,1204.8267499776557,1.1014030314981937,block1:s4,policy_fcfs,mixed,1785176830.3075678,1785176830.308669,1785176830.8034055,1785176831.5135045,,,
block1-001406,457.76460121851414,1180.3488682489842,48,177.5,456.14323299378157,1178.7275000242516,1.6213682247325778,block1:s4,policy_fcfs,mixed,1785176830.545236,1785176830.5468585,1785176831.0030112,1785176831.725596,,,
block1-001407,99.46061542723328,4487.811587518081,178,412.5,98.5964109422639,4486.947383033112,0.8642044849693775,block1:zero_tool,policy_fcfs,mixed,1785176830.5780323,1785176830.5788965,1785176830.677501,1785176835.0658524,,,
block1-001408,336.88161824829876,1017.7699292544276,43,322.5,336.29321900662035,1017.1815300127491,0.5883992416784167,block1:s1,policy_fcfs,mixed,1785176830.6662087,1785176830.6668005,1785176831.0031235,1785176831.6840115,,,
block1-001409,66.25363184139132,5382.454926846549,219,152.5,65.23167807608843,5381.432973081246,1.0219537653028965,block1:zero_tool,policy_fcfs,mixed,1785176830.737076,1785176830.7381012,1785176830.8033621,1785176836.1195633,,,
block1-001410,407.5823283055797,1032.2457283036783,44,572.5,406.5759900258854,1031.239390023984,1.0063382796943188,block1:s1,policy_fcfs,mixed,1785176831.144825,1785176831.1458342,1785176831.5524411,1785176832.1771045,,,
block1-001411,82.473203423433,1866.6449204320088,73,320.0,81.34886901825666,1865.5205860268325,1.1243344051763415,block1:s1,policy_fcfs,mixed,1785176831.150959,1785176831.1520836,1785176831.233441,1785176833.017612,,,
block1-001412,385.9009735751897,878.8506775163114,36,187.5,384.97775001451373,877.9274539556354,0.9232235606759787,block1:s1,policy_fcfs,mixed,1785176831.297913,1785176831.2988374,1785176831.6838279,1785176832.1767774,,,
block1-001413,99.06679729465395,3865.0854172883555,151,282.5,98.23191398754716,3864.2505339812487,0.8348833071067929,block1:zero_tool,policy_fcfs,mixed,1785176831.3754265,1785176831.3762634,1785176831.4745095,1785176835.2405286,,,
block1-001414,255.22733549587429,956.629537511617,40,107.5,254.9475389532745,956.3497409690171,0.27979654259979725,block1:s1,policy_fcfs,mixed,1785176831.5880525,1785176831.588333,1785176831.8434167,1785176832.5448189,,,
block1-001415,66.36719917878509,4353.270806139335,171,217.5,64.25125699024647,4351.154863950796,2.115942188538611,block1:zero_tool,policy_fcfs,mixed,1785176831.820047,1785176831.8221653,1785176831.8864367,1785176836.1733396,,,
block1-001416,65.3155572945252,3722.3348333500326,145,395.0,64.88246098160744,3721.901737037115,0.43309631291776896,block1:zero_tool,policy_fcfs,mixed,1785176831.948851,1785176831.9492848,1785176832.0141807,1785176835.671202,,,
block1-001417,444.6920406771824,1359.830500674434,42,25.0,443.7109379796311,1358.8493979768828,0.9811026975512505,block1:s2,policy_fcfs,mixed,1785176832.1976998,1785176832.198681,1785176832.6424024,1785176833.5575402,,,
block1-001418,383.7813679128885,1199.3934168713167,36,350.0,383.0891869729385,1198.7012359313667,0.6921809399500489,block1:s2,policy_fcfs,mixed,1785176832.2000134,1785176832.2007089,1785176832.5838275,1785176833.3994403,,,
block1-001419,149.6932952431962,2137.468324159272,74,10.0,148.8407769938931,2136.615805909969,0.8525182493031025,block1:s2,policy_fcfs,mixed,1785176832.5491843,1785176832.550037,1785176832.6988864,1785176834.6866615,,,
block1-001420,456.3475442118943,1166.4055961882696,36,107.5,455.8559360448271,1165.9139880212024,0.49160816706717014,block1:s2,policy_fcfs,mixed,1785176832.5606093,1785176832.5611033,1785176833.0169766,1785176833.7270348,,,
block1-001421,124.33361378498375,4019.4818538147956,161,485.0,123.25403303839266,4018.4022730682045,1.0795807465910912,block1:zero_tool,policy_fcfs,mixed,1785176832.65815,1785176832.6592314,1785176832.7825027,1785176836.6776514,,,
block1-001422,507.81921087764204,1145.5982099287212,38,17.5,507.5271090026945,1145.3061080537736,0.2921018749475479,block1:s2,policy_fcfs,mixed,1785176832.6908472,1785176832.691141,1785176833.1986809,1785176833.8364592,,,
block1-001423,90.81430244259536,3580.61193942558,142,15.0,90.20803798921406,3580.005674972199,0.6062644533813,block1:zero_tool,policy_fcfs,mixed,1785176832.7208595,1785176832.721467,1785176832.811689,1785176836.3014867,,,
block1-001424,302.20782943069935,1145.3195344656706,38,17.5,300.1600520219654,1143.2717570569366,2.047777408733964,block1:s3,policy_fcfs,mixed,1785176832.7585244,1785176832.7605736,1785176833.0607488,1785176833.9038606,,,
block1-001425,82.78086129575968,3241.3903933484107,128,15.0,81.44500898197293,3240.054541034624,1.335852313786745,block1:zero_tool,policy_fcfs,mixed,1785176832.9121492,1785176832.913487,1785176832.995144,1785176836.153753,,,
block1-001426,536.0025452682748,1210.615253308788,41,550.0,535.7601799769327,1210.3728880174458,0.24236529134213924,block1:s3,policy_fcfs,mixed,1785176832.9482563,1785176832.9484994,1785176833.4842713,1785176834.1588836,,,
block1-001427,579.7514085425064,1393.611143459566,48,820.0,578.783011995256,1392.6427469123155,0.9683965472504497,block1:s3,policy_fcfs,mixed,1785176833.0575404,1785176833.0585103,1785176833.6373081,1785176834.451168,,,
block1-001428,406.03637730237097,1148.5863793641329,41,287.5,405.53268091753125,1148.0826829792932,0.5036963848397136,block1:s3,policy_fcfs,mixed,1785176833.1405435,1785176833.1410477,1785176833.546593,1785176834.2891428,,,
block1-001429,447.43347470648587,1216.7940787039697,43,217.5,446.47264294326305,1215.833246940747,0.9608317632228136,block1:s3,policy_fcfs,mixed,1785176833.2350364,1785176833.2359974,1785176833.6824794,1785176834.45184,,,
block1-001430,107.21936204936355,3856.2180689768866,161,115.0,106.81672499049455,3855.8154319180176,0.40263705886900425,block1:zero_tool,policy_fcfs,mixed,1785176833.269628,1785176833.2700312,1785176833.3768559,1785176837.125855,,,
block1-001431,68.99407133460045,3062.960322247818,128,95.0,67.88775301538408,3061.8540039286017,1.1063183192163706,block1:zero_tool,policy_fcfs,mixed,1785176833.4883525,1785176833.4894593,1785176833.5573583,1785176836.5513244,,,
block1-001432,512.0694432407618,1317.5724252359942,48,70.0,511.1212569754571,1316.6242389706895,0.9481862653046846,block1:s4,policy_fcfs,mixed,1785176833.4962206,1785176833.4971688,1785176834.0082965,1785176834.8137991,,,
block1-001433,88.23702321387827,3919.2607442382723,165,280.0,87.71890099160373,3918.7426220159978,0.5181222222745419,block1:zero_tool,policy_fcfs,mixed,1785176833.5940855,1785176833.5946038,1785176833.6823325,1785176837.5133555,,,
block1-001434,506.23297097627074,1265.4234999790788,48,172.5,505.45587902888656,1264.6464080316946,0.7770919473841786,block1:s4,policy_fcfs,mixed,1785176833.8191843,1785176833.8199627,1785176834.325429,1785176835.0846193,,,
block1-001435,101.97711654473096,2997.417295584455,128,47.5,100.9543789550662,2996.3945579947904,1.0227375896647573,block1:zero_tool,policy_fcfs,mixed,1785176833.838639,1785176833.839662,1785176833.9406235,1785176836.8360634,,,
block1-001436,518.0270880227908,1226.5811739489436,48,20.0,517.6103970734403,1226.164482999593,0.4166909493505955,block1:s4,policy_fcfs,mixed,1785176834.1852198,1785176834.185639,1785176834.7032697,1785176835.4118252,,,
block1-001437,499.0576257696375,1183.6456838063896,48,282.5,498.1613450217992,1182.7494030585513,0.8962807478383183,block1:s4,policy_fcfs,mixed,1785176834.3139665,1785176834.314865,1785176834.8130453,1785176835.4976332,,,
block1-001438,111.40639870427549,3942.5846587400883,170,155.0,110.02860497683287,3941.2068650126457,1.3777937274426222,block1:zero_tool,policy_fcfs,mixed,1785176834.5684075,1785176834.5697892,1785176834.6801176,1785176838.5112941,,,
block1-001439,103.3548372797668,3949.5161182712764,170,287.5,102.58094500750303,3948.7422259990126,0.7738922722637653,block1:zero_tool,policy_fcfs,mixed,1785176834.5829136,1785176834.5836887,1785176834.6862817,1785176838.532443,,,
block1-001440,101.64475266356021,3579.6727596316487,154,15.0,101.45119403023273,3579.479200998321,0.19355863332748413,block1:zero_tool,policy_fcfs,mixed,1785176834.5852203,1785176834.5854142,1785176834.6868725,1785176838.1649008,,,
block1-001441,360.28359248302877,884.1669805115089,37,52.5,359.72966300323606,883.6130510317162,0.5539294797927141,block1:s1,policy_fcfs,mixed,1785176834.7244945,1785176834.72505,1785176835.0847945,1785176835.608679,,,
block1-001442,349.7788717504591,1036.6203277371824,44,145.0,348.97768194787204,1035.8191379345953,0.8011898025870323,block1:s1,policy_fcfs,mixed,1785176834.9970763,1785176834.9978786,1785176835.346878,1785176836.033719,,,
block1-001443,76.32030989043415,5435.0781629327685,229,117.5,75.85769100114703,5434.615544043481,0.46261888928711414,block1:zero_tool,policy_fcfs,mixed,1785176835.054515,1785176835.0549786,1785176835.130848,1785176840.4896064,,,
block1-001444,71.41938502900302,3297.2487279912457,143,140.0,69.38737002201378,3295.2167129842564,2.0320150069892406,block1:zero_tool,policy_fcfs,mixed,1785176835.4752462,1785176835.4772785,1785176835.546675,1785176838.7725036,,,
block1-001445,67.81961861997843,2799.797894549556,119,12.5,66.9487320119515,2798.927007941529,0.8708866080269217,block1:zero_tool,policy_fcfs,mixed,1785176835.7120783,1785176835.7129502,1785176835.7799118,1785176838.5118895,,,
block1-001446,283.79795455839485,946.5503125684336,39,10.0,283.044968964532,945.7973269745708,0.7529855938628316,block1:s1,policy_fcfs,mixed,1785176835.7913,1785176835.7920532,1785176836.07511,1785176836.7378619,,,
block1-001447,433.8418609695509,915.0083538843319,37,12.5,432.9007080523297,914.0672009671107,0.9411529172211885,block1:s1,policy_fcfs,mixed,1785176835.8021846,1785176835.8031259,1785176836.2360353,1785176836.717202,,,
block1-001448,97.19483030494303,4514.765343279578,188,820.0,96.71580803114921,4514.286321005784,0.47902227379381657,block1:zero_tool,policy_fcfs,mixed,1785176835.9096644,1785176835.9101446,1785176836.0068715,1785176840.4244416,,,
block1-001449,92.0828360831365,4326.547577045858,179,172.5,89.75725201889873,4324.22199298162,2.3255840642377734,block1:zero_tool,policy_fcfs,mixed,1785176835.9188032,1785176835.9211302,1785176836.0109005,1785176840.245366,,,
block1-001450,361.11089575570077,851.3541447464377,37,12.5,360.48613593447953,850.7293849252164,0.6247598212212324,block1:s2,policy_fcfs,mixed,1785176836.043518,1785176836.0441449,1785176836.4046495,1785176836.8948932,,,
block1-001451,114.46863855235279,1909.0484395856038,78,15.0,113.86843002401292,1908.448231057264,0.6002085283398628,block1:s2,policy_fcfs,mixed,1785176836.958941,1785176836.9595423,1785176837.0734208,1785176838.8680005,,,
block1-001452,403.7247884552926,971.362094511278,36,572.5,403.30238989554346,970.9396959515288,0.42239855974912643,block1:s2,policy_fcfs,mixed,1785176836.9836524,1785176836.9840758,1785176837.3873878,1785176837.9550252,,,
block1-001453,422.7363308891654,983.534048893489,38,282.5,422.03890800010413,982.8366260044277,0.6974228890612721,block1:s2,policy_fcfs,mixed,1785176837.032914,1785176837.0336127,1785176837.4556656,1785176838.0164638,,,
block1-001454,66.94238248746842,7831.592980423011,325,75.0,66.24597904738039,7830.896576982923,0.6964034400880337,block1:zero_tool,policy_fcfs,mixed,1785176837.2226098,1785176837.2233083,1785176837.2895677,1785176845.0542185,,,
block1-001455,391.29666122607887,919.1990231629461,37,282.5,390.6267679994926,918.5291299363598,0.6698932265862823,block1:s2,policy_fcfs,mixed,1785176837.2869072,1785176837.2875783,1785176837.6782167,1785176838.2061186,,,
block1-001456,85.71658539585769,3556.8059764336795,147,322.5,84.92512605153024,3556.014517089352,0.7914593443274498,block1:zero_tool,policy_fcfs,mixed,1785176837.3696506,1785176837.3704433,1785176837.4553814,1785176840.9264717,,,
block1-001457,313.45541565679014,966.7301616864279,39,145.0,312.5905570341274,965.8653030637652,0.8648586226627231,block1:s3,policy_fcfs,mixed,1785176837.4053664,1785176837.4062319,1785176837.7188346,1785176838.3721087,,,
block1-001458,84.65015946421772,5605.637046508491,229,15.0,83.25008198153228,5604.236969025806,1.4000774826854467,block1:zero_tool,policy_fcfs,mixed,1785176837.511106,1785176837.512508,1785176837.595771,1785176843.1167579,,,
block1-001459,120.30319345649332,4181.805699481629,170,320.0,119.17550093494356,4180.678006960079,1.1276925215497613,block1:zero_tool,policy_fcfs,mixed,1785176837.7877777,1785176837.788906,1785176837.9080937,1785176841.9695961,,,
block1-001460,91.47622948512435,3401.4021954499185,142,287.5,90.01229098066688,3399.938256945461,1.4639385044574738,block1:zero_tool,policy_fcfs,mixed,1785176837.8203316,1785176837.8217974,1785176837.9118254,1785176841.2217512,,,
block1-001461,68.36549320723861,3338.9289032202214,139,85.0,67.66466691624373,3338.2280769292265,0.7008262909948826,block1:zero_tool,policy_fcfs,mixed,1785176838.0539758,1785176838.0546806,1785176838.1223788,1785176841.3929424,,,
block1-001462,68.8729016110301,4289.529879577458,171,20.0,66.76480395253748,4287.421781918965,2.1080976584926248,block1:zero_tool,policy_fcfs,mixed,1785176838.3034394,1785176838.30555,1785176838.3723345,1785176842.5929918,,,
block1-001463,320.82960184197873,1060.6869988841936,43,160.0,320.25543705094606,1060.112834093161,0.5741647910326719,block1:s3,policy_fcfs,mixed,1785176838.3684611,1785176838.3690364,1785176838.689305,1785176839.429163,,,
block1-001464,442.9712196579203,1349.3433716939762,49,95.0,442.8259360138327,1349.1980880498886,0.14528364408761263,block1:s4,policy_fcfs,mixed,1785176838.7372286,1785176838.7373745,1785176839.180212,1785176840.086584,,,
block1-001465,95.99671815522015,4695.95738814678,184,550.0,95.82993702497333,4695.790607016534,0.16678113024681807,block1:zero_tool,policy_fcfs,mixed,1785176839.12627,1785176839.1264384,1785176839.2222836,1785176843.8222446,,,
block1-001466,87.66672865021974,4063.5565236443654,158,140.0,87.46126398909837,4063.351058983244,0.2054646611213684,block1:zero_tool,policy_fcfs,mixed,1785176839.1377633,1785176839.1379702,1785176839.2254393,1785176843.20133,,,
block1-001467,612.2939453925937,1371.5056444052607,48,117.5,611.6031289566308,1370.8148279692978,0.6908164359629154,block1:s4,policy_fcfs,mixed,1785176839.301624,1785176839.3023164,1785176839.9139373,1785176840.67315,,,
block1-001468,625.3042648313567,1389.1949108801782,48,15.0,624.787968932651,1388.6786149814725,0.5162958987057209,block1:s4,policy_fcfs,mixed,1785176839.3079982,1785176839.3085158,1785176839.9333153,1785176840.697206,,,
block1-001469,141.49086643010378,3399.701819405891,131,15.0,141.31124794948846,3399.5222009252757,0.17961848061531782,block1:zero_tool,policy_fcfs,mixed,1785176839.4206553,1785176839.4208362,1785176839.56216,1785176842.8203704,,,
block1-001470,547.8068797383457,1307.8485206933692,48,107.5,547.3858719924465,1307.42751294747,0.42100774589926004,block1:s4,policy_fcfs,mixed,1785176839.4498816,1785176839.4503026,1785176839.9976976,1785176840.7577393,,,
block1-001471,515.9128096420318,1273.8461006665602,48,17.5,515.4177469667047,1273.3510379912332,0.4950626753270626,block1:s4,policy_fcfs,mixed,1785176839.5041003,1785176839.5045962,1785176840.0200264,1785176840.7779596,,,
block1-001472,395.4528212780133,1112.9467053106055,43,100.0,394.74897901527584,1112.242863047868,0.703842262737453,block1:s1,policy_fcfs,mixed,1785176839.6449988,1785176839.6457033,1785176840.0404632,1785176840.757957,,,
block1-001473,74.36753844376653,4053.6431533982977,163,10.0,73.97073809988797,4053.246353054419,0.3968003438785672,block1:zero_tool,policy_fcfs,mixed,1785176839.7062318,1785176839.7066302,1785176839.7806163,1785176843.7598908,,,
block1-001474,113.47033421043307,3502.5386912748218,140,297.5,112.83329001162201,3501.9016470760107,0.6370441988110542,block1:zero_tool,policy_fcfs,mixed,1785176839.7743673,1785176839.775006,1785176839.8878531,1785176843.276921,,,
block1-001475,78.15621444024146,7950.121192377992,343,95.0,77.60531501844525,7949.570292956196,0.5508994217962027,block1:zero_tool,policy_fcfs,mixed,1785176839.8130608,1785176839.8136122,1785176839.8912306,1785176847.763195,,,
block1-001476,336.8777227587998,861.3173367921263,33,322.5,335.95214202068746,860.391756054014,0.9255807381123304,block1:s1,policy_fcfs,mixed,1785176840.065759,1785176840.066685,1785176840.4026477,1785176840.9270873,,,
block1-001477,79.51649138703942,1581.072005443275,63,155.0,78.90319195576012,1580.4587060119957,0.6132994312793016,block1:s1,policy_fcfs,mixed,1785176840.3019917,1785176840.3026054,1785176840.3815207,1785176841.883076,,,
block1-001478,434.4698117347434,1229.342780658044,47,17.5,434.02148806490004,1228.8944569882005,0.4483236698433757,block1:s1,policy_fcfs,mixed,1785176840.5929132,1785176840.5933635,1785176841.027408,1785176841.8222802,,,
block1-001479,264.65590577572584,926.5148617560044,33,115.0,262.58777908515185,924.4467350654304,2.0681266905739903,block1:s1,policy_fcfs,mixed,1785176840.9567926,1785176840.9588618,1785176841.2214646,1785176841.883323,,,
block1-001480,471.8214919557795,1215.7657119678333,40,297.5,471.3087530108169,1215.2529730228707,0.5127389449626207,block1:s2,policy_fcfs,mixed,1785176841.315838,1785176841.316352,1785176841.787674,1785176842.5316172,,,
block1-001481,456.69173111673445,1075.5984542192891,36,117.5,455.95363492611796,1074.8603580286726,0.7380961906164885,block1:s2,policy_fcfs,mixed,1785176841.3645396,1785176841.3652797,1785176841.8214016,1785176842.4403076,,,
block1-001482,458.43457512091845,1210.6396281160414,43,297.5,458.180014975369,1210.385067970492,0.25456014554947615,block1:s2,policy_fcfs,mixed,1785176841.424948,1785176841.4252038,1785176841.8833935,1785176842.635599,,,
block1-001483,468.06384972296655,1226.0417307261378,43,10.0,467.74898597504944,1225.7268669782206,0.3148637479171157,block1:s2,policy_fcfs,mixed,1785176841.4353125,1785176841.4356282,1785176841.903385,1785176842.6613631,,,
block1-001484,120.4101990442723,4481.602231040597,193,10.0,119.4672390120104,4480.659271008335,0.942960032261908,block1:zero_tool,policy_fcfs,mixed,1785176841.5426478,1785176841.543592,1785176841.6630714,1785176846.0242634,,,
block1-001485,614.2741522053257,1357.137112179771,49,110.0,613.5102920234203,1356.3732519978657,0.7638601819053292,block1:s2,policy_fcfs,mixed,1785176841.5622525,1785176841.5630188,1785176842.1765487,1785176842.9194117,,,
block1-001486,350.41185771115124,973.5717417206615,36,15.0,349.4360479526222,972.5959319621325,0.975809758529067,block1:s2,policy_fcfs,mixed,1785176841.6195788,1785176841.6205559,1785176841.9700022,1785176842.593162,,,
block1-001487,96.44171956460923,2437.1230645338073,98,17.5,95.80342704430223,2436.4847720135003,0.6382925203070045,block1:zero_tool,policy_fcfs,mixed,1785176841.6325574,1785176841.633196,1785176841.72901,1785176844.0696921,,,
block1-001488,61.87913799658418,3159.485532902181,132,115.0,61.4122140686959,3159.018608974293,0.4669239278882742,block1:zero_tool,policy_fcfs,mixed,1785176841.733738,1785176841.7342055,1785176841.7956276,1785176844.893234,,,
block1-001489,533.2933482713997,1301.5302842250094,48,282.5,532.3026910191402,1300.5396269727498,0.9906572522595525,block1:s3,policy_fcfs,mixed,1785176841.9981296,1785176841.9991214,1785176842.5314353,1785176843.2996716,,,
block1-001490,496.36318895500153,1054.8376679653302,38,17.5,495.7179790362716,1054.1924580466002,0.6452099187299609,block1:s3,policy_fcfs,mixed,1785176842.0022533,1785176842.0028987,1785176842.498623,1785176843.0570977,,,
block1-001491,345.22759018000215,1041.5480681695044,39,52.5,344.9275599559769,1041.2480379454792,0.3000302240252495,block1:s3,policy_fcfs,mixed,1785176842.0554435,1785176842.0557454,1785176842.4006908,1785176843.0970104,,,
block1-001492,69.88861470017582,3800.387083669193,171,20.0,68.53268796112388,3799.031156930141,1.355926739051938,block1:zero_tool,policy_fcfs,mixed,1785176842.4374263,1785176842.438783,1785176842.507331,1785176846.23783,,,
block1-001493,485.12516950722784,1274.804177461192,48,152.5,483.8764980668202,1273.5555060207844,1.2486714404076338,block1:s3,policy_fcfs,mixed,1785176842.6124246,1785176842.613675,1785176843.0975642,1785176843.8872433,,,
block1-001494,542.5181206082925,1129.487696569413,43,572.5,541.9821330578998,1128.9517090190202,0.5359875503927469,block1:s3,policy_fcfs,mixed,1785176842.7569222,1785176842.7574587,1785176843.299574,1785176843.8865433,,,
block1-001495,71.33598404470831,2915.1199790649116,131,10.0,69.75880695972592,2913.542801979929,1.5771770849823952,block1:zero_tool,policy_fcfs,mixed,1785176843.0905883,1785176843.0921662,1785176843.161938,1785176846.0057228,,,
block1-001496,500.585553701967,1187.253040727228,48,350.0,500.3062270116061,1186.973714036867,0.27932669036090374,block1:s4,policy_fcfs,mixed,1785176843.1176548,1785176843.1179342,1785176843.6182477,1785176844.304915,,,
block1-001497,481.05796286836267,1219.4196048658341,48,572.5,480.15350103378296,1218.5151430312544,0.9044618345797062,block1:s4,policy_fcfs,mixed,1785176843.2574282,1785176843.258334,1785176843.7385013,1785176844.4768634,,,
block1-001498,480.85998895112425,1218.0306809023023,48,10.0,480.13141308911145,1217.3021050402895,0.7285758620128036,block1:s4,policy_fcfs,mixed,1785176843.2794178,1785176843.2801466,1785176843.7602878,1785176844.49746,,,
block1-001499,57.44640261400491,3270.7365116802976,155,322.5,56.92941497545689,3270.2195240417495,0.5169876385480165,block1:zero_tool,policy_fcfs,mixed,1785176843.4352403,1785176843.43576,1785176843.492722,1785176846.7060115,,,
block1-001500,77.79924431815743,2971.8165373196825,139,20.0,75.49430406652391,2969.511597068049,2.304940251633525,block1:zero_tool,policy_fcfs,mixed,1785176843.5008647,1785176843.5031726,1785176843.5786917,1785176846.472709,,,
block1-001501,102.3139173630625,2770.918478257954,130,282.5,101.25175607390702,2769.8563169687986,1.0621612891554832,block1:zero_tool,policy_fcfs,mixed,1785176843.7604005,1785176843.761463,1785176843.8627226,1785176846.5313282,,,
block1-001502,69.43305139429867,3543.6424133367836,167,187.5,68.86891508474946,3543.0782770272344,0.5641363095492125,block1:zero_tool,policy_fcfs,mixed,1785176843.7970457,1785176843.7976103,1785176843.8664856,1785176847.3406956,,,
block1-001503,71.25705666840076,3740.3829416725785,170,115.0,70.6603480502963,3739.786233054474,0.5967086181044579,block1:zero_tool,policy_fcfs,mixed,1785176843.9578848,1785176843.958485,1785176844.029172,1785176847.698299,,,
block1-001504,65.16085402108729,2482.1075160289183,117,10.0,64.30561700835824,2481.2522790161893,0.8552370127290487,block1:zero_tool,policy_fcfs,mixed,1785176844.109556,1785176844.1104126,1785176844.174731,1785176846.591677,,,
block1-001505,87.21918007358909,1322.0762320561334,59,15.0,86.03302703704685,1320.8900790195912,1.1861530365422368,block1:s1,policy_fcfs,mixed,1785176844.197783,1785176844.1989727,1785176844.285037,1785176845.5198941,,,
block1-001506,330.2841646363959,940.3012596303597,40,187.5,329.58514092024416,939.602235914208,0.6990237161517143,block1:s1,policy_fcfs,mixed,1785176844.343229,1785176844.343931,1785176844.6735396,1785176845.2835565,,,
block1-001507,83.49746244493872,1522.2177454270422,72,177.5,82.6835879124701,1521.4038708945736,0.813874532468617,block1:s1,policy_fcfs,mixed,1785176844.4843564,1785176844.4851704,1785176844.5678642,1785176846.0065835,,,
block1-001508,283.5548685397953,773.015794577077,36,217.5,283.3743669325486,772.8352929698303,0.18050160724669695,block1:s1,policy_fcfs,mixed,1785176844.5688603,1785176844.569041,1785176844.852618,1785176845.3420784,,,
block1-001509,86.45756763871759,1395.4423666000366,66,110.0,86.31734398659319,1395.3021429479122,0.1402236521244049,block1:s1,policy_fcfs,mixed,1785176845.1366413,1785176845.136782,1785176845.2231097,1785176846.5320938,,,
block1-001510,390.5234046978876,998.587436741218,47,20.0,388.6563159758225,996.7203480191529,1.8670887220650911,block1:s1,policy_fcfs,mixed,1785176845.7874308,1785176845.789299,1785176846.177967,1785176846.7860308,,,
block1-001511,104.95770012494177,1475.1375851919875,61,15.0,104.54550595022738,1474.725391017273,0.41219417471438646,block1:s1,policy_fcfs,mixed,1785176846.287668,1785176846.2880816,1785176846.3926396,1785176847.7628188,,,
block1-001512,318.0264870170504,855.7101580081508,38,95.0,317.39172304514796,855.0753940362483,0.6347639719024301,block1:s2,policy_fcfs,mixed,1785176846.3301246,1785176846.3307602,1785176846.648163,1785176847.1858463,,,
block1-001513,56.99420999735594,3087.338675977662,124,95.0,56.36336002498865,3086.707826005295,0.6308499723672867,block1:zero_tool,policy_fcfs,mixed,1785176846.5147943,1785176846.5154262,1785176846.571802,1785176849.6021461,,,
block1-001514,70.33769320696592,4304.2635502060875,176,92.5,68.90942505560815,4302.83528205473,1.42826815135777,block1:zero_tool,policy_fcfs,mixed,1785176846.7155395,1785176846.7169704,1785176846.7858968,1785176851.0198228,,,
block1-001515,92.40463539026678,1920.1989803696051,72,177.5,92.03643095679581,1919.8307759361342,0.36820443347096443,block1:s2,policy_fcfs,mixed,1785176846.7696872,1785176846.7700565,1785176846.8621054,1785176848.6899004,,,
block1-001516,315.7117832452059,951.5192703111097,36,105.0,314.9848149623722,950.792302028276,0.7269682828336954,block1:s2,policy_fcfs,mixed,1785176846.8501914,1785176846.85092,1785176847.1659222,1785176847.8017294,,,
block1-001517,323.094115126878,1205.5032781790942,44,12.5,322.19680794514716,1204.6059709973633,0.8973071817308664,block1:s2,policy_fcfs,mixed,1785176847.035826,1785176847.0367243,1785176847.3589327,1785176848.241342,,,
block1-001518,572.889918810688,1146.9286758219823,38,10.0,572.182463016361,1146.2212200276554,0.707455794326961,block1:s2,policy_fcfs,mixed,1785176847.3753664,1785176847.3760743,1785176847.9482667,1785176848.5223057,,,
block1-001519,413.21234649512917,1035.1457215147093,34,92.5,412.8039929782972,1034.7373679978773,0.40835351683199406,block1:s2,policy_fcfs,mixed,1785176847.4265833,1785176847.4269936,1785176847.8398173,1785176848.461751,,,
block1-001520,354.7650263644755,992.9951403755695,32,307.5,354.1073149535805,992.3374289646745,0.65771141089499,block1:s3,policy_fcfs,mixed,1785176847.446591,1785176847.44725,1785176847.80137,1785176848.4396,,,
block1-001521,400.6975358352065,1143.8409928232431,39,485.0,399.803873966448,1142.9473309544846,0.8936618687584996,block1:s3,policy_fcfs,mixed,1785176847.5653646,1785176847.5662615,1785176847.9660864,1785176848.7092295,,,
block1-001522,542.1481548110023,1356.350495829247,49,217.5,542.0390920480713,1356.241433066316,0.10906276293098927,block1:s3,policy_fcfs,mixed,1785176847.6990705,1785176847.6991804,1785176848.2412279,1785176849.0554304,,,
block1-001523,546.0461797192693,1342.5096957944334,48,20.0,545.1192118925974,1341.5827279677615,0.9269678266718984,block1:s3,policy_fcfs,mixed,1785176847.7131653,1785176847.7140925,1785176848.2592187,1785176849.0556824,,,
block1-001524,520.3072734875605,1315.2071435470134,48,217.5,519.8720559710637,1314.7719260305166,0.43521751649677753,block1:s3,policy_fcfs,mixed,1785176847.7589183,1785176847.7593544,1785176848.279238,1785176849.0741377,,,
block1-001525,491.58977600745857,1218.1424560258165,46,15.0,490.4820070369169,1217.0346870552748,1.107768970541656,block1:s3,policy_fcfs,mixed,1785176848.030754,1785176848.031863,1785176848.5224664,1785176849.2490199,,,
block1-001526,63.93764214590192,3944.233120069839,171,15.0,63.584994059056044,3943.880471982993,0.3526480868458748,block1:zero_tool,policy_fcfs,mixed,1785176848.3006427,1785176848.300996,1785176848.3645916,1785176852.2448869,,,
block1-001527,391.3674163632095,1106.302083353512,43,20.0,390.49464906565845,1105.429316055961,0.8727672975510359,block1:s3,policy_fcfs,mixed,1785176848.3179314,1785176848.3188083,1785176848.7093349,1785176849.4242704,,,
block1-001528,530.6071002269164,1244.7804542025551,48,47.5,529.8856440931559,1244.0589980687946,0.7214561337605119,block1:s4,policy_fcfs,mixed,1785176848.420043,1785176848.4207654,1785176848.9506633,1785176849.6648374,,,
block1-001529,479.04473007656634,1207.7773300698027,48,287.5,478.461908060126,1207.1945080533624,0.5828220164403319,block1:s4,policy_fcfs,mixed,1785176848.5362513,1785176848.5368366,1785176849.0153298,1785176849.7440627,,,
block1-001530,436.798972543329,1233.499406487681,48,60.0,436.5514140808955,1233.2518480252475,0.24755846243351698,block1:s4,policy_fcfs,mixed,1785176848.6960473,1785176848.6962953,1785176849.1328561,1785176849.929556,,,
block1-001531,78.95864162128419,4109.108737669885,176,20.0,78.02814000751823,4108.178236056119,0.930501613765955,block1:zero_tool,policy_fcfs,mixed,1785176848.7881107,1785176848.7890437,1785176848.8670912,1785176852.8972414,,,
block1-001532,73.76255060080439,3734.391014557332,162,12.5,73.32920399494469,3733.957667951472,0.43334660585969687,block1:zero_tool,policy_fcfs,mixed,1785176848.8818262,1785176848.88226,1785176848.9556015,1785176852.616231,,,
block1-001533,485.43943953700364,1188.8140034861863,48,95.0,484.4414320541546,1187.8159960033372,0.9980074828490615,block1:s4,policy_fcfs,mixed,1785176849.1163118,1785176849.1173108,1785176849.6017663,1785176850.3051407,,,
block1-001534,516.7685402557254,1162.9317122278735,48,115.0,516.2275689654052,1162.3907409375533,0.540971290320158,block1:s4,policy_fcfs,mixed,1785176849.3940158,1785176849.3945606,1785176849.9108183,1785176850.5569816,,,
block1-001535,77.55916146561503,3472.3602174781263,148,100.0,77.07070803735405,3471.8717640498653,0.48845342826098204,block1:zero_tool,policy_fcfs,mixed,1785176849.4626677,1785176849.463157,1785176849.5402389,1785176852.93504,,,
block1-001536,393.8459244091064,1001.6073094448075,43,217.5,392.75155891664326,1000.5129439523444,1.0943654924631119,block1:s1,policy_fcfs,mixed,1785176849.536026,1785176849.5371215,1785176849.9299865,1785176850.5377483,,,
block1-001537,130.7556820102036,1372.3539819475263,58,152.5,130.52343705203384,1372.1217369893566,0.23224495816975832,block1:s1,policy_fcfs,mixed,1785176849.7246184,1785176849.7248516,1785176849.855387,1785176851.0969844,,,
block1-001538,109.4342446886003,5337.491384707391,223,95.0,109.1698530362919,5337.226993055083,0.26439165230840445,block1:zero_tool,policy_fcfs,mixed,1785176849.7460012,1785176849.746266,1785176849.8554432,1785176855.083504,,,
block1-001539,133.09308781754225,5136.73163682688,213,10.0,132.01754295732826,5135.656091966666,1.075544860213995,block1:zero_tool,policy_fcfs,mixed,1785176849.757612,1785176849.758688,1785176849.8907158,1785176854.8943543,,,
block1-001540,350.6537202047184,898.4519093064591,39,50.0,350.2402399899438,898.0384290916845,0.4134802147746086,block1:s1,policy_fcfs,mixed,1785176849.7760675,1785176849.7764816,1785176850.1267312,1785176850.6745288,,,
block1-001541,110.78128649387509,2386.6488795029,106,15.0,110.29924300964922,2386.166836018674,0.4820434842258692,block1:zero_tool,policy_fcfs,mixed,1785176849.7999666,1785176849.8004496,1785176849.9107587,1785176852.1866274,,,
block1-001542,316.79288030136377,1001.6442342894152,43,15.0,316.3156940136105,1001.1670480016619,0.477186287753284,block1:s1,policy_fcfs,mixed,1785176850.357459,1785176850.357937,1785176850.6742656,1785176851.3591168,,,
block1-001543,65.44430367648602,5837.008571717888,246,152.5,64.48305596131831,5836.04732400272,0.9612477151677012,block1:zero_tool,policy_fcfs,mixed,1785176850.4134738,1785176850.4144366,1785176850.4789312,1785176856.2504952,,,
block1-001544,416.17960948497057,1033.453407464549,44,170.0,415.6569360056892,1032.9307339852676,0.5226734792813659,block1:s2,policy_fcfs,mixed,1785176850.6409557,1785176850.6414795,1785176851.0571456,1785176851.6744192,,,
block1-001545,404.3949336046353,1025.3568575717509,42,12.5,402.59812702424824,1023.5600509913638,1.7968065803870559,block1:s2,policy_fcfs,mixed,1785176850.8515377,1785176850.853336,1785176851.2559476,1785176851.8769085,,,
block1-001546,350.73795763310045,1003.6395866191015,43,20.0,349.556925939396,1002.458554925397,1.1810316937044263,block1:s2,policy_fcfs,mixed,1785176850.9274325,1785176850.9286149,1785176851.2781825,1785176851.931084,,,
block1-001547,70.63255505636334,10065.236132009886,419,20.0,69.91465506143868,10064.518232014962,0.7178999949246645,block1:zero_tool,policy_fcfs,mixed,1785176851.1881473,1785176851.1888669,1785176851.2587926,1785176861.2533963,,,
block1-001548,97.16812195256352,3937.6753179822117,159,117.5,96.36504098307341,3936.8722370127216,0.8030809694901109,block1:zero_tool,policy_fcfs,mixed,1785176851.5356913,1785176851.5364954,1785176851.6328714,1785176855.4733777,,,
block1-001549,62.44539946783334,5555.707644554786,227,107.5,62.260715989395976,5555.522961076349,0.1846834784373641,block1:zero_tool,policy_fcfs,mixed,1785176851.5730853,1785176851.573271,1785176851.635546,1785176857.128808,,,
block1-001550,68.44116095453501,4247.807041974738,174,12.5,67.56690703332424,4246.9327880535275,0.8742539212107658,block1:zero_tool,policy_fcfs,mixed,1785176851.7269235,1785176851.7278013,1785176851.7953997,1785176855.9747658,,,
block1-001551,286.8232442997396,923.3629243681207,34,10.0,286.3462599925697,922.8859400609508,0.47698430716991425,block1:s2,policy_fcfs,mixed,1785176851.8054051,1785176851.8058825,1785176852.0922396,1785176852.7287796,,,
block1-001552,265.41792950592935,1128.2705124467611,38,177.5,264.9764260277152,1127.829008968547,0.4415034782141447,block1:s3,policy_fcfs,mixed,1785176852.0578692,1785176852.0583115,1785176852.3233,1785176853.1861517,,,
block1-001553,381.18881511036307,1303.0527541413903,39,95.0,380.2363040158525,1302.1002430468798,0.9525110945105553,block1:s3,policy_fcfs,mixed,1785176852.3609219,1785176852.3618746,1785176852.742122,1785176853.663986,,,
block1-001554,552.8874675510451,1344.909874489531,41,545.0,552.6437329826877,1344.6661399211735,0.24373456835746765,block1:s3,policy_fcfs,mixed,1785176852.3628526,1785176852.3630984,1785176852.9157565,1785176853.7077785,,,
block1-001555,353.0668872408569,1238.6203212663531,39,17.5,352.16991195920855,1237.7233459847048,0.8969752816483378,block1:s3,policy_fcfs,mixed,1785176852.468402,1785176852.4693012,1785176852.8214886,1785176853.7070415,,,
block1-001556,128.35964909754694,4101.071995100938,164,10.0,128.16035898867995,4100.872704992071,0.1992901088669896,block1:zero_tool,policy_fcfs,mixed,1785176852.4880848,1785176852.4882848,1785176852.6164558,1785176856.5891678,,,
block1-001557,77.11876719258726,4085.0177392130718,166,152.5,75.2583360299468,4083.1573080504313,1.8604311626404524,block1:zero_tool,policy_fcfs,mixed,1785176852.651779,1785176852.6536398,1785176852.7289069,1785176856.7368066,,,
block1-001558,673.6936050001532,1340.035800007172,43,95.0,672.436928958632,1338.7791239656508,1.256676041521132,block1:s3,policy_fcfs,mixed,1785176852.685163,1785176852.6864233,1785176853.3588872,1785176854.0252295,,,
block1-001559,397.562958416529,1326.9276283681393,43,107.5,396.9299599993974,1326.2946299510077,0.6329984171316028,block1:s3,policy_fcfs,mixed,1785176852.7476888,1785176852.748322,1785176853.1452622,1785176854.0746262,,,
block1-001560,591.3741361582652,1373.9303201436996,48,485.0,590.9494709922001,1373.5056549776345,0.42466516606509686,block1:s4,policy_fcfs,mixed,1785176852.9558265,1785176852.9562511,1785176853.547211,1785176854.329766,,,
block1-001561,108.25819778256118,3847.52800676506,156,70.0,107.56079806014895,3846.830607042648,0.6973997224122286,block1:zero_tool,policy_fcfs,mixed,1785176852.9673846,1785176852.9680822,1785176853.0756514,1785176856.81492,,,
block1-001562,611.5269790170714,1382.2018629871309,48,15.0,611.268772976473,1381.9436569465324,0.2582060405984521,block1:s4,policy_fcfs,mixed,1785176853.0731356,1785176853.0733953,1785176853.684674,1785176854.4553494,,,
block1-001563,613.4196084458381,1401.2794034788385,48,287.5,612.9943969426677,1400.854191975668,0.42521150317043066,block1:s4,policy_fcfs,mixed,1785176853.0944488,1785176853.0948746,1785176853.7078838,1785176854.4957438,,,
block1-001564,525.6253328407183,1296.5907838661224,48,572.5,525.0881779938936,1296.0536290192977,0.5371548468247056,block1:s4,policy_fcfs,mixed,1785176853.2642574,1785176853.2647953,1785176853.789895,1785176854.5608604,,,
block1-001565,488.5427338303998,1254.239622852765,48,25.0,488.10157901607454,1253.7984680384398,0.44115481432527304,block1:s4,policy_fcfs,mixed,1785176853.3916874,1785176853.3921287,1785176853.880239,1785176854.6459367,,,
block1-001566,517.1220266493037,1225.411525578238,48,572.5,516.575746005401,1224.8652449343354,0.546280643902719,block1:s4,policy_fcfs,mixed,1785176853.5065296,1785176853.5070794,1785176854.0236888,1785176854.7319784,,,
block1-001567,493.9526637317613,1177.3827717406675,48,357.5,493.6779079725966,1177.1080159815028,0.27475575916469097,block1:s4,policy_fcfs,mixed,1785176853.8355412,1785176853.8358166,1785176854.3295062,1785176855.0129364,,,
block1-001568,392.8886028006673,1040.7438087277114,43,25.0,391.03848405648023,1038.8936899835244,1.850118744187057,block1:s1,policy_fcfs,mixed,1785176853.8926868,1785176853.8945374,1785176854.2855895,1785176854.9334443,,,
block1-001569,116.74185062292963,1518.0236286250874,66,15.0,116.373136988841,1517.6549149909988,0.36871363408863544,block1:s1,policy_fcfs,mixed,1785176853.9369063,1785176853.9372761,1785176854.0536616,1785176855.4549437,,,
block1-001570,296.60930403042585,906.5274499589577,40,10.0,295.8105819998309,905.7287279283628,0.798722030594945,block1:s1,policy_fcfs,mixed,1785176854.3847408,1785176854.3855398,1785176854.6813624,1785176855.2912798,,,
block1-001571,339.0681018354371,827.4254988646135,37,160.0,338.1411919835955,826.4985890127718,0.9269098518416286,block1:s1,policy_fcfs,mixed,1785176854.4127488,1785176854.4136765,1785176854.7518272,1785176855.2401853,,,
block1-001572,63.015393912792206,2503.8140668766573,107,100.0,62.17199598904699,2502.970668952912,0.8433979237452149,block1:zero_tool,policy_fcfs,mixed,1785176854.6254926,1785176854.6263366,1785176854.6886332,1785176857.1294315,,,
block1-001573,85.79976169858128,1633.7530076270923,67,52.5,84.9698269739747,1632.9230729024857,0.8299347246065736,block1:s1,policy_fcfs,mixed,1785176854.9969766,1785176854.9978073,1785176855.0827875,1785176856.6307404,,,
block1-001574,345.6081594340503,1005.4362753871828,43,172.5,344.6513609960675,1004.4794769492,0.9567984379827976,block1:s1,policy_fcfs,mixed,1785176855.20764,1785176855.2085986,1785176855.5532649,1785176856.213092,,,
block1-001575,99.87157268915325,4064.242046675645,165,22.5,99.62488105520606,4063.9953550416976,0.24669163394719362,block1:zero_tool,policy_fcfs,mixed,1785176855.2672858,1785176855.2675328,1785176855.3671691,1785176859.3315387,,,
block1-001576,64.53926337417215,8759.35939734336,377,357.5,63.47063404973596,8758.290768018924,1.0686293244361877,block1:zero_tool,policy_fcfs,mixed,1785176855.3064213,1785176855.3074903,1785176855.3709698,1785176864.0657897,,,
block1-001577,282.06886863335967,1076.9693586044014,42,12.5,281.30358608905226,1076.204076060094,0.7652825443074107,block1:s2,policy_fcfs,mixed,1785176855.3685746,1785176855.3693404,1785176855.6506593,1785176856.4455597,,,
block1-001578,70.19204634707421,4136.080973315984,166,60.0,69.590118015185,4135.479044984095,0.6019283318892121,block1:zero_tool,policy_fcfs,mixed,1785176855.7430382,1785176855.743641,1785176855.8132436,1785176859.8791327,,,
block1-001579,75.59901557397097,10092.209860566072,433,282.5,75.0464079901576,10091.657252982259,0.5526075838133693,block1:zero_tool,policy_fcfs,mixed,1785176855.8001444,1785176855.8007,1785176855.8757732,1785176865.892384,,,
block1-001580,341.7550021549687,1019.9562591733411,35,280.0,340.32286098226905,1018.5241180006415,1.4321411726996303,block1:s2,policy_fcfs,mixed,1785176855.9089909,1785176855.9104254,1785176856.25077,1785176856.9289727,,,
block1-001581,432.5024870922789,1115.5260381055996,41,115.0,431.82562896981835,1114.849179983139,0.6768581224605441,block1:s2,policy_fcfs,mixed,1785176856.0303376,1785176856.0310159,1785176856.4628544,1785176857.145878,,,
block1-001582,489.44196046795696,1043.9874364528805,38,115.0,488.60579496249557,1043.151270947419,0.8361655054613948,block1:s2,policy_fcfs,mixed,1785176856.1418417,1785176856.1426797,1785176856.6312985,1785176857.185844,,,
block1-001583,382.1206531720236,939.2964250873774,34,50.0,380.0773849943653,937.2531569097191,2.0432681776583195,block1:s2,policy_fcfs,mixed,1785176856.1896923,1785176856.1917372,1785176856.571826,1785176857.129002,,,
block1-001584,345.21606483031064,902.2148087387905,32,412.5,344.1087059909478,901.1074498994276,1.1073588393628597,block1:s3,policy_fcfs,mixed,1785176856.226304,1785176856.2274117,1785176856.5715284,1785176857.128527,,,
block1-001585,106.63935053162277,3189.338143565692,128,95.0,105.6932850042358,3188.392078038305,0.9460655273869634,block1:zero_tool,policy_fcfs,mixed,1785176856.2832994,1785176856.2842479,1785176856.389962,1785176859.4726605,,,
block1-001586,428.7183064734563,975.8244515396655,38,15.0,427.62382701039314,974.7299720766023,1.0944794630631804,block1:s3,policy_fcfs,mixed,1785176856.2852745,1785176856.2863696,1785176856.714002,1785176857.2611086,,,
block1-001587,326.21505635324866,949.5467683300376,41,25.0,325.4174600588158,948.7491720356047,0.7975962944328785,block1:s3,policy_fcfs,mixed,1785176856.6809146,1785176856.6817124,1785176857.0071394,1785176857.6304705,,,
block1-001588,432.42442642804235,1169.9195563560352,48,12.5,431.91205710172653,1169.4071870297194,0.5123693263158202,block1:s3,policy_fcfs,mixed,1785176856.7535512,1785176856.7540638,1785176857.185986,1785176857.923482,,,
block1-001589,78.42389086727053,3678.771130857058,148,20.0,78.23137904051691,3678.5786190303043,0.19251182675361633,block1:zero_tool,policy_fcfs,mixed,1785176857.4956217,1785176857.4958155,1785176857.574062,1785176861.1744084,,,
block1-001590,67.87122914101928,4327.576279058121,178,107.5,67.78036500327289,4327.485414920375,0.09086413774639368,block1:zero_tool,policy_fcfs,mixed,1785176857.5063899,1785176857.5064812,1785176857.5742702,1785176861.8339753,,,
block1-001591,412.38734999205917,1313.0841250531375,43,10.0,411.1846479354426,1311.881422996521,1.2027020566165447,block1:s3,policy_fcfs,mixed,1785176857.613195,1785176857.6143985,1785176858.0255973,1785176858.9262938,,,
block1-001592,649.00309254881,1412.943227449432,48,152.5,648.4941201051697,1412.4342550057918,0.5089724436402321,block1:s4,policy_fcfs,mixed,1785176857.6626985,1785176857.6632085,1785176858.3117151,1785176859.0756552,,,
block1-001593,620.5890035489574,1384.5041695749387,48,12.5,620.2016109600663,1384.1167769860476,0.38739258889108896,block1:s4,policy_fcfs,mixed,1785176857.691803,1785176857.6921937,1785176858.3124251,1785176859.0763402,,,
block1-001594,632.785064750351,1362.5443757046014,48,15.0,632.3294989997521,1362.0888099540025,0.45556575059890747,block1:s4,policy_fcfs,mixed,1785176857.9427173,1785176857.9431765,1785176858.5755343,1785176859.3052938,,,
block1-001595,631.0898112133145,1327.5225191609934,48,282.5,630.9502519434318,1327.3829598911107,0.1395592698827386,block1:s4,policy_fcfs,mixed,1785176858.0038724,1785176858.004013,1785176858.6349745,1785176859.3314066,,,
block1-001596,124.54409198835492,3744.5391210494563,155,15.0,123.68044990580529,3743.6754789669067,0.8636420825496316,block1:zero_tool,policy_fcfs,mixed,1785176858.0141675,1785176858.0150342,1785176858.1387343,1785176861.7587295,,,
block1-001597,588.3813587715849,1292.8069027839229,48,135.0,587.6589010003954,1292.0844450127333,0.7224577711895108,block1:s4,policy_fcfs,mixed,1785176858.0802915,1785176858.081017,1785176858.668701,1785176859.3731265,,,
block1-001598,561.2232957500964,1264.6117496769875,48,105.0,561.0440160380676,1264.4324699649587,0.17927971202880144,block1:s4,policy_fcfs,mixed,1785176858.1500387,1785176858.1502182,1785176858.711273,1785176859.4146616,,,
block1-001599,578.9867194835097,1279.1077625006437,48,395.0,578.3485069405288,1278.4695499576628,0.6382125429809093,block1:s4,policy_fcfs,mixed,1785176858.1553645,1785176858.156003,1785176858.734359,1785176859.4344795,,,
block1-001600,450.42917621321976,1113.1600851658732,43,50.0,450.20121906418353,1112.932128016837,0.22795714903622866,block1:s1,policy_fcfs,mixed,1785176858.2184782,1785176858.2187078,1785176858.6689217,1785176859.3316524,,,
block1-001601,177.0008442690596,1769.3717703223228,71,820.0,176.72468104865402,1769.0956071019173,0.2761632204055786,block1:s1,policy_fcfs,mixed,1785176858.2229643,1785176858.2232435,1785176858.3999965,1785176859.9923673,,,
block1-001602,66.16316095460206,4192.039674962871,189,110.0,65.35271799657494,4191.229232004844,0.8104429580271244,block1:zero_tool,policy_fcfs,mixed,1785176858.401516,1785176858.4023266,1785176858.4676917,1785176862.5935674,,,
block1-001603,344.2130610346794,875.2815739717335,37,15.0,343.85240904521197,874.920921982266,0.36065198946744204,block1:s1,policy_fcfs,mixed,1785176858.5588872,1785176858.5592492,1785176858.9032302,1785176859.4342978,,,
block1-001604,80.49778256099671,2596.7307694954798,111,145.0,79.84494406264275,2596.077930997126,0.6528384983539581,block1:zero_tool,policy_fcfs,mixed,1785176859.1022487,1785176859.102902,1785176859.182758,1785176861.698991,,,
block1-001605,106.70334985479712,1493.263333919458,62,47.5,105.57083692401648,1492.1308209886774,1.1325129307806492,block1:s1,policy_fcfs,mixed,1785176859.1987822,1785176859.1999152,1785176859.3054988,1785176860.6920588,,,
block1-001606,91.1489186109975,1597.450238536112,67,187.5,90.66817408893257,1596.969494014047,0.48074452206492424,block1:s1,policy_fcfs,mixed,1785176859.219085,1785176859.2195675,1785176859.3102496,1785176860.8165514,,,
block1-001607,115.80735689494759,1444.4543259451166,59,280.0,114.85244997311383,1443.4994190232828,0.9549069218337536,block1:s1,policy_fcfs,mixed,1785176859.5868597,1785176859.587816,1785176859.7026803,1785176861.0313265,,,
block1-001608,349.3292653001845,1028.546571265906,40,155.0,347.3156880354509,1026.5329940011725,2.0135772647336125,block1:s2,policy_fcfs,mixed,1785176859.62252,1785176859.6245348,1785176859.9718623,1785176860.6510801,,,
block1-001609,64.79863170534372,2139.710488729179,94,105.0,64.29895700421184,2139.210814028047,0.4996747011318803,block1:zero_tool,policy_fcfs,mixed,1785176859.752627,1785176859.753127,1785176859.817437,1785176861.8923492,,,
block1-001610,106.42522142734379,1486.2695874180645,64,155.0,104.2765190359205,1484.1208850266412,2.148702391423285,block1:s2,policy_fcfs,mixed,1785176859.8653789,1785176859.867529,1785176859.9718206,1785176861.3516645,,,
block1-001611,371.3749722810462,1008.1732913386077,43,10.0,371.1302570300177,1007.9285760875791,0.24471525102853775,block1:s2,policy_fcfs,mixed,1785176859.988796,1785176859.989041,1785176860.360186,1785176860.9969838,,,
block1-001612,330.2378496155143,826.8784596584737,35,10.0,329.8334489809349,826.4740590238944,0.4044006345793605,block1:s2,policy_fcfs,mixed,1785176860.009802,1785176860.010208,1785176860.340055,1785176860.836695,,,
block1-001613,438.30723117571324,1073.5065932385623,49,17.5,437.7334339078516,1072.9327959707007,0.5737972678616643,block1:s2,policy_fcfs,mixed,1785176860.476738,1785176860.4773154,1785176860.9150803,1785176861.5502787,,,
block1-001614,62.01519200112671,3410.537673975341,154,187.5,61.05752696748823,3409.5800089417025,0.9576650336384773,block1:zero_tool,policy_fcfs,mixed,1785176860.672601,1785176860.6735592,1785176860.7346263,1785176864.0831485,,,
block1-001615,221.81101015303284,882.3182201012969,37,15.0,220.66414507571608,881.1713550239801,1.146865077316761,block1:s2,policy_fcfs,mixed,1785176860.9330895,1785176860.9342368,1785176861.1549144,1785176861.815422,,,
block1-001616,71.7863084282726,3229.752959450707,147,115.0,71.26758201047778,3229.234233032912,0.5187264177948236,block1:zero_tool,policy_fcfs,mixed,1785176861.0829625,1785176861.0834813,1785176861.1548772,1785176864.3128445,,,
block1-001617,325.2105942228809,815.5211132252589,33,12.5,324.3320189649239,814.6425379673019,0.8785752579569817,block1:s3,policy_fcfs,mixed,1785176861.4903367,1785176861.4912162,1785176861.8155603,1785176862.3058712,,,
block1-001618,389.84234689269215,942.7686688723043,41,10.0,389.34678898658603,942.2731109661981,0.4955579061061144,block1:s3,policy_fcfs,mixed,1785176861.5381165,1785176861.5386136,1785176861.9279718,1785176862.4808986,,,
block1-001619,419.580027111806,1203.898435109295,48,282.5,418.28187298960984,1202.6002809870988,1.298154122196138,block1:s3,policy_fcfs,mixed,1785176862.1556473,1785176862.1569488,1785176862.5752616,1785176863.3595796,,,
block1-001620,65.12592732906342,3377.2487363312393,149,70.0,64.02651907410473,3376.1493280762807,1.0994082549586892,block1:zero_tool,policy_fcfs,mixed,1785176862.3581583,1785176862.3592587,1785176862.4232957,1785176865.735418,,,
block1-001621,433.6537884082645,1106.1088183196262,43,20.0,432.97330709174275,1105.4283370031044,0.6804813165217638,block1:s3,policy_fcfs,mixed,1785176862.7263682,1785176862.7270489,1785176863.160033,1785176863.8324883,,,
block1-001622,565.752379829064,1113.8211358338594,43,282.5,564.9678600020707,1113.036616006866,0.7845198269933462,block1:s3,policy_fcfs,mixed,1785176862.8749888,1785176862.8757744,1785176863.440752,1785176863.9888213,,,
block1-001623,373.8006770145148,1076.1291510425508,43,15.0,372.5932239321992,1074.9216979602352,1.2074530823156238,block1:s3,policy_fcfs,mixed,1785176862.9894679,1785176862.9906762,1785176863.3632793,1785176864.0656085,,,
block1-001624,99.37355248257518,4375.9028484346345,195,172.5,99.26580509636551,4375.795101048425,0.10774738620966673,block1:zero_tool,policy_fcfs,mixed,1785176863.178839,1785176863.178947,1785176863.2782242,1785176867.5547526,,,
block1-001625,413.07274892460555,1104.2661059182137,48,17.5,412.61234506964684,1103.805702063255,0.46040385495871305,block1:s4,policy_fcfs,mixed,1785176863.1902993,1785176863.1907623,1785176863.603395,1785176864.2945879,,,
block1-001626,67.20250844955444,3751.487635425292,165,307.5,65.71581400930882,3750.0009409850463,1.4866944402456284,block1:zero_tool,policy_fcfs,mixed,1785176863.2959754,1785176863.2974622,1785176863.3631902,1785176867.047475,,,
block1-001627,468.85117306374013,1227.8393940068781,48,100.0,467.28119102772325,1226.2694119708613,1.5699820360168815,block1:s4,policy_fcfs,mixed,1785176863.5559068,1785176863.5574782,1785176864.024774,1785176864.783763,,,
block1-001628,408.40571594890207,1195.5962679348886,48,60.0,407.11360494606197,1194.3041569320485,1.2921110028401017,block1:s4,policy_fcfs,mixed,1785176863.8646102,1785176863.865906,1785176864.273051,1785176865.060241,,,
block1-001629,529.3835317716002,1223.9530767546967,48,550.0,529.0358719648793,1223.6054169479758,0.34765980672091246,block1:s4,policy_fcfs,mixed,1785176864.4322233,1785176864.4325743,1785176864.961641,1785176865.656211,,,
block1-001630,511.6012750659138,1207.0038220845163,48,10.0,511.20280602481216,1206.6053530434147,0.3984690411016345,block1:s4,policy_fcfs,mixed,1785176864.4692178,1785176864.4696171,1785176864.9808302,1785176865.676232,,,
block1-001631,490.53890036884695,1205.277019413188,49,60.0,490.40155799593776,1205.139677040279,0.13734237290918827,block1:s4,policy_fcfs,mixed,1785176864.5101035,1785176864.5102415,1785176865.0006516,1785176865.7153897,,,
block1-001632,406.1115712393075,1061.1259111901745,43,115.0,405.41902102995664,1060.4333609808236,0.692550209350884,block1:s1,policy_fcfs,mixed,1785176864.5554655,1785176864.5561585,1785176864.9615858,1785176865.616599,,,
block1-001633,311.13418738823384,843.8924542861059,37,17.5,309.86618308816105,842.6244499860331,1.2680043000727892,block1:s1,policy_fcfs,mixed,1785176864.689521,1785176864.6907926,1785176865.0006936,1785176865.5334523,,,
block1-001634,66.4577386341989,2964.3435765756294,134,95.0,64.77831304073334,2962.664150982164,1.6794255934655666,block1:zero_tool,policy_fcfs,mixed,1785176864.79662,1785176864.7982996,1785176864.863089,1785176867.7609754,,,
block1-001635,393.0627584923059,1044.7939295554534,45,357.5,391.51201001368463,1043.2431810768321,1.5507484786212444,block1:s1,policy_fcfs,mixed,1785176864.9895132,1785176864.9910643,1785176865.3825881,1785176866.0343204,,,
block1-001636,332.4139261385426,912.7835351973772,39,15.0,332.0661879843101,912.4357970431447,0.347738154232502,block1:s1,policy_fcfs,mixed,1785176865.1792846,1785176865.1796365,1785176865.5117407,1785176866.09211,,,
block1-001637,114.42511307541281,1477.0240080542862,62,60.0,113.84911101777107,1476.4480059966445,0.5760020576417446,block1:s1,policy_fcfs,mixed,1785176865.2629263,1785176865.2635036,1785176865.3773663,1785176866.7399645,,,
block1-001638,334.5861075213179,970.3851145459339,43,170.0,333.7013729615137,969.5003799861297,0.8847345598042011,block1:s1,policy_fcfs,mixed,1785176865.3010256,1785176865.3019114,1785176865.6356244,1785176866.2714233,,,
block1-001639,255.19543793052435,751.3315929099917,33,10.0,254.79929998982698,750.9354549692944,0.39613794069737196,block1:s1,policy_fcfs,mixed,1785176865.3807402,1785176865.3811367,1785176865.635949,1785176866.132084,,,
block1-001640,65.7143295975402,3207.1572025306523,145,105.0,64.80984203517437,3206.2527149682865,0.90448756236583,block1:zero_tool,policy_fcfs,mixed,1785176865.5301743,1785176865.5310795,1785176865.5959067,1785176868.73735,,,
block1-001641,72.10073759779334,4024.80535057839,179,110.0,70.07486303336918,4022.779476013966,2.025874564424157,block1:zero_tool,policy_fcfs,mixed,1785176865.727843,1785176865.7298696,1785176865.7999554,1785176869.7526608,,,
block1-001642,324.3290586397052,908.1743756541982,36,152.5,323.9825820783153,907.8278990928084,0.3464765613898635,block1:s2,policy_fcfs,mixed,1785176865.7873113,1785176865.7876587,1785176866.1116529,1785176866.695499,,,
block1-001643,74.35657666064799,8161.31026763469,376,10.0,73.93749803304672,8160.8911890070885,0.4190786276012659,block1:zero_tool,policy_fcfs,mixed,1785176865.8809083,1785176865.881328,1785176865.9552767,1785176874.0422304,,,
block1-001644,69.37030085828155,3548.373920843005,156,15.0,69.06689296010882,3548.0705129448324,0.30340789817273617,block1:zero_tool,policy_fcfs,mixed,1785176866.1419835,1785176866.142287,1785176866.2113633,1785176869.6903665,,,
block1-001645,543.0796853033826,1148.3636543853208,49,70.0,542.680905899033,1147.9648749809712,0.3987794043496251,block1:s2,policy_fcfs,mixed,1785176866.251038,1785176866.2514405,1785176866.7941601,1785176867.3994439,,,
block1-001646,364.92573900613934,889.3092030193657,36,100.0,364.33510098140687,888.7185649946332,0.5906380247324705,block1:s2,policy_fcfs,mixed,1785176866.2741938,1785176866.2747853,1785176866.63913,1785176867.163513,,,
block1-001647,264.457656419836,906.9863113109022,37,60.0,263.9329860685393,906.4616409596056,0.5246703512966633,block1:s2,policy_fcfs,mixed,1785176866.4501615,1785176866.4506874,1785176866.714634,1785176867.3571632,,,
block1-001648,456.2026357743889,1116.0909307654947,48,350.0,455.1775420550257,1115.0658370461315,1.0250937193632126,block1:s3,policy_fcfs,mixed,1785176866.5507927,1785176866.5518203,1785176867.007018,1785176867.6669064,,,
block1-001649,288.4503621608019,874.1583821829408,39,10.0,287.4383789021522,873.1463989242911,1.0119832586497068,block1:s3,policy_fcfs,mixed,1785176866.701735,1785176866.702747,1785176866.9901948,1785176867.575902,,,
block1-001650,57.33063374646008,4091.683143749833,186,15.0,56.73126608598977,4091.083776089363,0.5993676604703069,block1:zero_tool,policy_fcfs,mixed,1785176867.3029666,1785176867.3035672,1785176867.360311,1785176871.3946633,,,
block1-001651,270.4598648706451,962.3767548473552,41,20.0,270.22539800964296,962.142287986353,0.2344668610021472,block1:s3,policy_fcfs,mixed,1785176867.5273361,1785176867.5275717,1785176867.7978096,1785176868.4897275,,,
block1-001652,66.17369607556611,3500.719487085007,157,550.0,66.00744102615863,3500.5532320355996,0.16625504940748215,block1:zero_tool,policy_fcfs,mixed,1785176867.8512552,1785176867.8514223,1785176867.9174404,1785176871.3519864,,,
block1-001653,455.498278955929,1151.8425479298458,48,320.0,454.42194992210716,1150.766218896024,1.0763290338218212,block1:s3,policy_fcfs,mixed,1785176867.8776588,1785176867.8787377,1785176868.3331814,1785176869.0295255,,,
block1-001654,427.4308286840096,1163.6431207880378,48,170.0,426.24968895688653,1162.4619810609147,1.1811397271230817,block1:s3,policy_fcfs,mixed,1785176868.0794811,1785176868.0806658,1785176868.5069437,1785176869.2431562,,,
block1-001655,329.1619938099757,1120.7310447935015,43,52.5,328.3881819806993,1119.957232964225,0.7738118292763829,block1:s3,policy_fcfs,mixed,1785176868.5698426,1785176868.5706196,1785176868.8990352,1785176869.6906035,,,
block1-001656,59.68198145274073,3372.637502499856,153,145.0,59.192604036070406,3372.1481250831857,0.4893774166703224,block1:zero_tool,policy_fcfs,mixed,1785176868.7193267,1785176868.7198172,1785176868.779021,1785176872.0919764,,,
block1-001657,463.81818247027695,1233.556614490226,48,10.0,463.40649703051895,1233.144929050468,0.41168543975800276,block1:s4,policy_fcfs,mixed,1785176868.8610497,1785176868.8614614,1785176869.325008,1785176870.094747,,,
block1-001658,491.1182695068419,1197.2514184890315,48,297.5,490.36612804047763,1196.4992770226672,0.7521414663642645,block1:s4,policy_fcfs,mixed,1785176869.0789511,1785176869.0797064,1785176869.5700984,1785176870.276231,,,
block1-001659,101.38567979447544,3812.3441208153963,174,115.0,100.17896594945341,3811.1374069703743,1.2067138450220227,block1:zero_tool,policy_fcfs,mixed,1785176869.1054544,1785176869.1066616,1785176869.2068512,1785176872.917809,,,
block1-001660,60.77224144246429,2949.8023614287376,135,105.0,59.92573802359402,2948.9558580098674,0.8465034188702703,block1:zero_tool,policy_fcfs,mixed,1785176869.243761,1785176869.2446105,1785176869.3045716,1785176872.1936018,,,
block1-001661,503.895818721503,1184.6712806727737,48,187.5,502.9646420152858,1183.7401039665565,0.9311767062172294,block1:s4,policy_fcfs,mixed,1785176869.3411448,1785176869.3420763,1785176869.845054,1785176870.5258286,,,
block1-001662,101.98693629354239,3782.431049272418,172,187.5,101.26286605373025,3781.706979032606,0.7240702398121357,block1:zero_tool,policy_fcfs,mixed,1785176869.3830953,1785176869.38382,1785176869.4850917,1785176873.1655352,,,
block1-001663,97.60148695204407,4013.3301509777084,185,15.0,97.11809502914548,4012.84675905481,0.48339192289859056,block1:zero_tool,policy_fcfs,mixed,1785176869.4233665,1785176869.4238505,1785176869.5209785,1785176873.4367073,,,
block1-001664,347.6096149533987,1015.3592769056559,43,17.5,347.2767879720777,1015.0264499243349,0.3328269813209772,block1:s1,policy_fcfs,mixed,1785176869.444521,1785176869.4448552,1785176869.7921422,1785176870.4598916,,,
block1-001665,59.17694652453065,8018.1462075561285,368,140.0,58.49411094095558,8017.463371972553,0.6828355835750699,block1:zero_tool,policy_fcfs,mixed,1785176869.6345167,1785176869.6352003,1785176869.6937032,1785176877.652673,,,
block1-001666,413.87486294843256,1071.3003099663183,44,117.5,413.55138702783734,1070.976834045723,0.32347592059522867,block1:s1,policy_fcfs,mixed,1785176869.7628515,1785176869.7631752,1785176870.1767356,1785176870.8341606,,,
block1-001667,365.65872945357114,947.2603565081954,42,110.0,364.25349093042314,945.8551179850474,1.4052385231480002,block1:s1,policy_fcfs,mixed,1785176869.9694357,1785176869.9708421,1785176870.3351061,1785176870.9167087,,,
block1-001668,238.56854473706335,879.7496827319264,39,110.0,237.80475708190352,878.9858950767666,0.763787655159831,block1:s1,policy_fcfs,mixed,1785176870.0568547,1785176870.0576198,1785176870.2954373,1785176870.9366183,,,
block1-001669,80.30731347389519,1423.3051894698292,65,15.0,80.09675203356892,1423.094628029503,0.21056144032627344,block1:s1,policy_fcfs,mixed,1785176870.4452763,1785176870.4454882,1785176870.5255978,1785176871.8685956,,,
block1-001670,116.34669231716543,8454.81309434399,381,282.5,115.25837704539299,8453.724779072218,1.0883152717724442,block1:zero_tool,policy_fcfs,mixed,1785176870.5331898,1785176870.5342805,1785176870.6495593,1785176878.9880257,,,
block1-001671,90.74806259013712,2097.551927668974,98,15.0,90.16031899955124,2096.964184078388,0.5877435905858874,block1:zero_tool,policy_fcfs,mixed,1785176870.561868,1785176870.5624568,1785176870.6526327,1785176872.659437,,,
block1-001672,254.27415524609387,885.3063172427937,40,47.5,253.58011096250266,884.6122729592025,0.6940442835912108,block1:s2,policy_fcfs,mixed,1785176870.7599556,1785176870.760651,1785176871.0142443,1785176871.6452768,,,
block1-001673,66.32947304751724,2166.0015820525587,100,25.0,65.11683005373925,2164.7889390587807,1.2126429937779903,block1:zero_tool,policy_fcfs,mixed,1785176871.3281736,1785176871.329387,1785176871.3945158,1785176873.4941885,,,
block1-001674,308.6321767186746,797.7500767447054,36,152.5,308.0795200075954,797.1974200336263,0.5526567110791802,block1:s2,policy_fcfs,mixed,1785176871.4142091,1785176871.4147625,1785176871.7228549,1785176872.2119727,,,
block1-001675,59.810379636473954,10000.80169562716,438,60.0,59.27539290860295,10000.26670889929,0.5349867278710008,block1:zero_tool,policy_fcfs,mixed,1785176871.7258396,1785176871.7263746,1785176871.7856612,1785176881.7266552,,,
block1-001676,63.505305675789714,4477.159778703935,198,100.0,63.130688038654625,4476.7851610668,0.37461763713508844,block1:zero_tool,policy_fcfs,mixed,1785176871.7840705,1785176871.7844462,1785176871.847588,1785176876.261243,,,
block1-001677,341.832060017623,990.541998995468,44,17.5,341.44588105846196,990.155820036307,0.38617895916104317,block1:s2,policy_fcfs,mixed,1785176871.9270575,1785176871.927444,1785176872.2688985,1785176872.9176083,,,
block1-001678,82.5355181004852,3440.458005061373,154,47.5,81.50485903024673,3439.4273459911346,1.030659070238471,block1:zero_tool,policy_fcfs,mixed,1785176871.930286,1785176871.931317,1785176872.012829,1785176875.370751,,,
block1-001679,280.765249626711,827.6912356959656,34,117.5,279.66321201529354,826.5891980845481,1.1020376114174724,block1:s2,policy_fcfs,mixed,1785176872.3185833,1785176872.319686,1785176872.5993621,1785176873.1462877,,,
block1-001680,309.6794708399102,773.2713557779789,32,95.0,309.3647880014032,772.9566729394719,0.31468283850699663,block1:s3,policy_fcfs,mixed,1785176872.816211,1785176872.8165286,1785176873.1259177,1785176873.5895104,,,
block1-001681,292.2874881187454,753.0875301454216,33,140.0,291.73538903705776,752.535431063734,0.5520990816876292,block1:s3,policy_fcfs,mixed,1785176872.911532,1785176872.9120858,1785176873.2038333,1785176873.6646345,,,
block1-001682,417.5804367987439,1240.6690277857706,48,60.0,417.03800403047353,1240.1265950175002,0.5424327682703733,block1:s3,policy_fcfs,mixed,1785176873.7587075,1785176873.7592506,1785176874.1762998,1785176874.9993885,,,
block1-001683,528.886811574921,1250.2614295808598,48,15.0,527.9509120155126,1249.3255300214514,0.9358995594084263,block1:s3,policy_fcfs,mixed,1785176874.1202466,1785176874.1211834,1785176874.6491444,1785176875.3705196,,,
block1-001684,404.35821237042546,1044.6981083368883,41,12.5,403.3198510296643,1043.659746996127,1.0383613407611847,block1:s3,policy_fcfs,mixed,1785176874.2064204,1785176874.207459,1785176874.6107914,1785176875.2511308,,,
block1-001685,480.10475444607437,1275.8553373860195,48,297.5,479.7572660027072,1275.5078489426523,0.3474884433671832,block1:s3,policy_fcfs,mixed,1785176874.2515018,1785176874.2518501,1785176874.7316196,1785176875.5273695,,,
block1-001686,578.1744898995385,1106.6083669429645,43,172.5,577.8523919871077,1106.2862690305337,0.32209791243076324,block1:s3,policy_fcfs,mixed,1785176874.2645195,1785176874.2648425,1785176874.8427072,1785176875.3711402,,,
block1-001687,432.1146666770801,1280.3788046585396,48,145.0,431.7972380667925,1280.061376048252,0.3174286102876067,block1:s3,policy_fcfs,mixed,1785176874.6683288,1785176874.6686463,1785176875.1004553,1785176875.9487185,,,
block1-001688,73.74963082838804,3472.2202038392425,154,152.5,73.55117204133421,3472.0217450521886,0.19845878705382347,block1:zero_tool,policy_fcfs,mixed,1785176874.9285588,1785176874.928759,1785176875.0024257,1785176878.4008958,,,
block1-001689,58.77525720279664,3946.089953184128,171,545.0,58.480630978010595,3945.7953269593418,0.29462622478604317,block1:zero_tool,policy_fcfs,mixed,1785176875.0852435,1785176875.0855417,1785176875.14405,1785176879.0313656,,,
block1-001690,79.48336156550795,2992.6969496300444,130,60.0,78.36345804389566,2991.577046108432,1.1199035216122866,block1:zero_tool,policy_fcfs,mixed,1785176875.1532762,1785176875.1543982,1785176875.2327814,1785176878.1459942,,,
block1-001691,112.07460565492511,4282.734659616835,184,287.5,111.53544101398438,4282.195494975895,0.5391646409407258,block1:zero_tool,policy_fcfs,mixed,1785176875.2588356,1785176875.2593749,1785176875.370917,1785176879.541578,,,
block1-001692,553.3286950085312,1237.1384100988507,48,12.5,552.9797109775245,1236.789426067844,0.34898403100669384,block1:s4,policy_fcfs,mixed,1785176875.271022,1785176875.2713714,1785176875.8243594,1785176876.5081685,,,
block1-001693,555.3536312654614,1236.0082052182406,48,395.0,555.122931022197,1235.7775049749762,0.23070024326443672,block1:s4,policy_fcfs,mixed,1785176875.2919934,1785176875.2922244,1785176875.8473556,1785176876.5280094,,,
block1-001694,536.7696965113282,1220.7166795851663,48,15.0,536.5208829753101,1220.4678660491481,0.24881353601813316,block1:s4,policy_fcfs,mixed,1785176875.3273246,1785176875.327575,1785176875.8641088,1785176876.5480554,,,
block1-001695,466.2075001979247,1137.8172672120854,48,15.0,465.51453799474984,1137.1243050089106,0.6929622031748295,block1:s4,policy_fcfs,mixed,1785176875.5410125,1785176875.5417063,1785176876.0072334,1785176876.6788437,,,
block1-001696,363.0719785578549,983.7105956394225,43,15.0,361.9906719541177,982.6292890356854,1.0813066037371755,block1:s1,policy_fcfs,mixed,1785176875.7355194,1785176875.7366018,1785176876.098664,1785176876.7193031,,,
block1-001697,113.87765721883625,4186.150477267802,178,15.0,113.57298295479268,4185.845803003758,0.30467426404356956,block1:zero_tool,policy_fcfs,mixed,1785176875.8302248,1785176875.8305302,1785176875.9441183,1785176880.0163908,,,
block1-001698,362.4931634403765,987.8673563944176,44,282.5,362.0144120650366,987.3886050190777,0.4787513753399253,block1:s1,policy_fcfs,mixed,1785176875.8580785,1785176875.8585575,1785176876.2205832,1785176876.8459573,,,
block1-001699,86.77520148921758,1523.0946174124256,72,572.5,85.81093908287585,1522.1303550060838,0.9642624063417315,block1:s1,policy_fcfs,mixed,1785176875.9925213,1785176875.9934864,1785176876.0795228,1785176877.5158417,,,
block1-001700,245.03322434611619,847.7213772712275,39,152.5,244.44832606241107,847.1364789875224,0.5848982837051153,block1:s1,policy_fcfs,mixed,1785176876.4122782,1785176876.4128644,1785176876.6573243,1785176877.2600129,,,
block1-001701,81.8492752732709,1350.0011311843991,59,20.0,81.23567211441696,1349.3875280255452,0.6136031588539481,block1:s1,policy_fcfs,mixed,1785176876.5556364,1785176876.55625,1785176876.637494,1785176877.9056466,,,
block1-001702,236.86826683115214,829.226974863559,39,60.0,235.66807701718062,828.0267850495875,1.2001898139715195,block1:s1,policy_fcfs,mixed,1785176876.7452104,1785176876.746411,1785176876.9820879,1785176877.574447,,,
block1-001703,59.90958248730749,3298.4864404425025,130,17.5,59.55448094755411,3298.131338902749,0.35510153975337744,block1:zero_tool,policy_fcfs,mixed,1785176877.4353352,1785176877.435691,1785176877.4952576,1785176880.7338336,,,
block1-001704,400.37062217015773,1075.2257091226056,41,75.0,399.3610480101779,1074.2161349626258,1.0095741599798203,block1:s2,policy_fcfs,mixed,1785176877.626652,1785176877.627664,1785176878.027049,1785176878.7019045,,,
block1-001705,399.9816997675225,934.7638187464327,36,187.5,399.0261299768463,933.8082489557564,0.9555697906762362,block1:s2,policy_fcfs,mixed,1785176877.6462693,1785176877.6472259,1785176878.046263,1785176878.581046,,,
block1-001706,401.84100228361785,959.4797503668815,37,140.0,401.50942793115973,959.1481760144234,0.3315743524581194,block1:s2,policy_fcfs,mixed,1785176877.6641407,1785176877.6644726,1785176878.0659897,1785176878.6236286,,,
block1-001707,389.2000417690724,1059.1917438432574,43,17.5,388.58942699152976,1058.5811290657148,0.6106147775426507,block1:s2,policy_fcfs,mixed,1785176877.699735,1785176877.7003458,1785176878.0889418,1785176878.7589338,,,
block1-001708,67.10606254637241,13219.356011599302,550,10.0,66.35993800591677,13218.609887058847,0.7461245404556394,block1:zero_tool,policy_fcfs,mixed,1785176877.9405513,1785176877.941298,1785176878.007668,1785176891.1599174,,,
block1-001709,107.33421705663204,8241.49363511242,337,15.0,106.56168696004897,8240.721105015837,0.7725300965830684,block1:zero_tool,policy_fcfs,mixed,1785176878.371105,1785176878.3718803,1785176878.4784615,1785176886.612621,,,
block1-001710,398.9565052324906,1024.2117493180558,38,60.0,398.6171749420464,1023.8724190276116,0.33933029044419527,block1:s2,policy_fcfs,mixed,1785176878.3992624,1785176878.3996024,1785176878.798231,1785176879.4234858,,,
block1-001711,115.48031365964562,3862.674201722257,156,110.0,114.50274393428117,3861.6966319968924,0.9775697253644466,block1:zero_tool,policy_fcfs,mixed,1785176878.5072565,1785176878.5082345,1785176878.6227489,1785176882.3699427,,,
block1-001712,260.05695876665413,888.1414578063414,32,217.5,257.923532044515,886.0080310842022,2.13342672213912,block1:s3,policy_fcfs,mixed,1785176878.5170712,1785176878.5192072,1785176878.7771633,1785176879.4052484,,,
block1-001713,369.23323560040444,1005.64448768273,33,20.0,369.095075991936,1005.5063280742615,0.13815960846841335,block1:s3,policy_fcfs,mixed,1785176878.837792,1785176878.8379302,1785176879.2070367,1785176879.8434486,,,
block1-001714,540.8023424679413,1417.67452750355,48,485.0,539.2259180080146,1416.0981030436233,1.576424459926784,block1:s3,policy_fcfs,mixed,1785176878.8651102,1785176878.8666873,1785176879.405922,1785176880.2827942,,,
block1-001715,60.90811861213297,3149.6290086070076,128,297.5,60.66045991610736,3149.381349910982,0.24765869602560997,block1:zero_tool,policy_fcfs,mixed,1785176879.032556,1785176879.0328038,1785176879.0934725,1785176882.1821935,,,
block1-001716,359.5427431864664,1196.5714452089742,41,395.0,358.77901199273765,1195.8077140152454,0.763731193728745,block1:s3,policy_fcfs,mixed,1785176879.064213,1785176879.0649776,1785176879.4237685,1785176880.2607977,,,
block1-001717,498.34268260747194,1338.8247726252303,46,60.0,497.64611199498177,1338.12820201274,0.6965706124901772,block1:s3,policy_fcfs,mixed,1785176879.203262,1785176879.2039602,1785176879.7016213,1785176880.542103,,,
block1-001718,687.4394422629848,1263.9713962562382,43,172.5,686.4811200648546,1263.013074058108,0.9583221981301904,block1:s3,policy_fcfs,mixed,1785176879.5321157,1785176879.5330772,1785176880.2195873,1785176880.7961185,,,
block1-001719,479.1482713771984,1258.0720194382593,43,280.0,478.4600379643962,1257.383786025457,0.6882334128022194,block1:s3,policy_fcfs,mixed,1785176879.5375667,1785176879.5382555,1785176880.0167227,1785176880.7956474,,,
block1-001720,77.6544000254944,5082.514522015117,209,15.0,76.15644799079746,5081.01656998042,1.4979520346969366,block1:zero_tool,policy_fcfs,mixed,1785176879.6863942,1785176879.6878939,1785176879.7640676,1785176884.7689269,,,
block1-001721,563.0331763532013,1305.3708113729954,48,550.0,562.4465229921043,1304.7841580118984,0.5866533610969782,block1:s4,policy_fcfs,mixed,1785176879.7187605,1785176879.7193475,1785176880.2818055,1785176881.0241435,,,
block1-001722,562.3652811627835,1304.960323148407,48,115.0,561.4450430730358,1304.0400850586593,0.9202380897477269,block1:s4,policy_fcfs,mixed,1785176879.7200992,1785176879.7210197,1785176880.2824712,1785176881.0250661,,,
block1-001723,540.982065605931,1304.259787662886,48,145.0,540.1595789007843,1303.4373009577394,0.82248670514673,block1:s4,policy_fcfs,mixed,1785176879.7640038,1785176879.7648294,1785176880.305018,1785176881.0682964,,,
block1-001724,528.1397768994793,1196.7689818702638,48,485.0,527.0553700393066,1195.684575010091,1.0844068601727486,block1:s4,policy_fcfs,mixed,1785176879.9949832,1785176879.9960713,1785176880.5231586,1785176881.1917877,,,
block1-001725,73.13632615841925,3858.0811362480745,161,105.0,72.76627898681909,3857.7110890764743,0.370047171600163,block1:zero_tool,policy_fcfs,mixed,1785176880.102959,1785176880.1033304,1785176880.1762447,1785176883.9611888,,,
block1-001726,492.000101134181,1183.205797104165,49,60.0,491.3566500181332,1182.5623459881172,0.6434511160477996,block1:s4,policy_fcfs,mixed,1785176880.2623672,1785176880.2630107,1785176880.7543755,1785176881.4455812,,,
block1-001727,487.621734617278,1158.5888876579702,48,140.0,487.4899649294093,1158.4571179701015,0.13176968786865473,block1:s4,policy_fcfs,mixed,1785176880.2868338,1785176880.2869658,1785176880.7744617,1785176881.4454288,,,
block1-001728,81.46740472875535,2713.4697458241135,117,152.5,79.28695890586823,2711.2893000012264,2.1804458228871226,block1:zero_tool,policy_fcfs,mixed,1785176880.5065756,1785176880.5087585,1785176880.588065,1785176883.2200675,,,
block1-001729,81.82276145089418,1632.1656263899058,69,395.0,81.29271003417671,1631.6355749731883,0.5300514167174697,block1:s1,policy_fcfs,mixed,1785176880.8836136,1785176880.8841453,1785176880.9654512,1785176882.515794,,,
block1-001730,62.43195722345263,11068.177458248101,468,60.0,61.669880989938974,11067.415382014588,0.7620762335136533,block1:zero_tool,policy_fcfs,mixed,1785176881.0082314,1785176881.0089936,1785176881.0706754,1785176892.0764203,,,
block1-001731,77.56294670980424,4616.361486609094,190,70.0,76.77938207052648,4615.577921969816,0.7835646392777562,block1:zero_tool,policy_fcfs,mixed,1785176881.1152315,1785176881.1160154,1785176881.1928077,1785176885.731605,,,
block1-001732,305.5184758268297,1019.405682804063,42,172.5,303.944178042002,1017.8313850192353,1.5742977848276496,block1:s1,policy_fcfs,mixed,1785176881.2670968,1785176881.2686722,1785176881.5726302,1785176882.286517,,,
block1-001733,85.43966733850539,1604.5918392483145,63,10.0,84.74725903943181,1603.899430949241,0.6924082990735769,block1:s1,policy_fcfs,mixed,1785176881.359515,1785176881.3602097,1785176881.4449775,1785176882.9641294,,,
block1-001734,82.84032868687063,1667.275718646124,67,170.0,82.40306004881859,1666.838450008072,0.4372686380520463,block1:s1,policy_fcfs,mixed,1785176881.4305072,1785176881.4309466,1785176881.5133665,1785176883.0978014,,,
block1-001735,438.11030976939946,964.3670178484172,37,117.5,437.5631649745628,963.8198730535805,0.5471447948366404,block1:s1,policy_fcfs,mixed,1785176881.6384976,1785176881.6390448,1785176882.0766175,1785176882.6028752,,,
block1-001736,67.65108206309378,11799.384519108571,502,280.0,66.68601499404758,11798.419452039525,0.9650670690461993,block1:zero_tool,policy_fcfs,mixed,1785176881.8014097,1785176881.802376,1785176881.8690774,1785176893.6008112,,,
block1-001737,358.6707776412368,1110.9486316563562,40,217.5,357.6936519239098,1109.9715059390292,0.9771257173269987,block1:s2,policy_fcfs,mixed,1785176881.8646908,1785176881.8656688,1785176882.2233748,1785176882.9756532,,,
block1-001738,113.4877111762762,3901.4991731382906,159,10.0,112.3314150609076,3900.342877022922,1.1562961153686047,block1:zero_tool,policy_fcfs,mixed,1785176881.9435976,1785176881.9447544,1785176882.057095,1785176885.8451064,,,
block1-001739,343.8131205039099,1092.7689945092425,43,47.5,343.647081987001,1092.6029559923336,0.16603851690888405,block1:s2,policy_fcfs,mixed,1785176881.9641368,1785176881.9643028,1785176882.3079562,1785176883.0569117,,,
block1-001740,336.45461965352297,897.069830680266,35,92.5,336.123680928722,896.7388919554651,0.33093872480094433,block1:s2,policy_fcfs,mixed,1785176882.3011267,1785176882.3014607,1785176882.6376123,1785176883.1982265,,,
block1-001741,563.4012802038342,1253.9104232564569,49,172.5,562.3291350202635,1252.8382780728862,1.072145183570683,block1:s2,policy_fcfs,mixed,1785176882.301382,1785176882.3024542,1785176882.8647907,1785176883.555299,,,
block1-001742,109.58994482643902,4059.8865307401866,165,322.5,109.39229105133563,4059.688876965083,0.19765377510339022,block1:zero_tool,policy_fcfs,mixed,1785176882.3192265,1785176882.3194256,1785176882.4288387,1785176886.3791351,,,
block1-001743,257.2657926939428,775.2029377734289,31,15.0,256.44326489418745,774.3804099736735,0.8225277997553349,block1:s2,policy_fcfs,mixed,1785176882.5659335,1785176882.5667572,1785176882.8232198,1785176883.3411567,,,
block1-001744,62.0616942178458,5902.135894284584,248,170.0,60.99559797439724,5901.069798041135,1.0660962434485555,block1:zero_tool,policy_fcfs,mixed,1785176882.678831,1785176882.679898,1785176882.7409058,1785176888.5809793,,,
block1-001745,307.6425676699728,1021.6615746030584,39,20.0,307.34453606419265,1021.3635429972783,0.29803160578012466,block1:s3,policy_fcfs,mixed,1785176882.727176,1785176882.7274766,1785176883.034841,1785176883.7488596,,,
block1-001746,66.31292146630585,4132.811386487447,172,152.5,66.09860004391521,4132.597065065056,0.21432142239063978,block1:zero_tool,policy_fcfs,mixed,1785176882.9091039,1785176882.9093194,1785176882.9754314,1785176887.0419292,,,
block1-001747,365.97734107635915,1180.6404390372336,41,70.0,364.9827040499076,1179.645802010782,0.9946370264515281,block1:s3,policy_fcfs,mixed,1785176883.30047,1785176883.3014684,1785176883.6664815,1785176884.4811447,,,
block1-001748,366.776185343042,1135.206040344201,41,172.5,366.3407120620832,1134.7705670632422,0.4354732809588313,block1:s3,policy_fcfs,mixed,1785176883.4288573,1785176883.4292946,1785176883.795651,1785176884.5640805,,,
block1-001749,438.35373560432345,1145.6293436931446,43,52.5,438.1893699755892,1145.4649780644104,0.164365628734231,block1:s3,policy_fcfs,mixed,1785176883.5021873,1785176883.5023532,1785176883.9405632,1785176884.647838,,,
block1-001750,526.0040221037343,1181.4860380254686,46,172.5,524.8140509938821,1180.2960669156164,1.1899711098521948,block1:s3,policy_fcfs,mixed,1785176883.7264202,1785176883.7276137,1785176884.252457,1785176884.9079394,,,
block1-001751,402.05206512473524,1121.8715670984238,43,412.5,400.89977404568344,1120.719276019372,1.1522910790517926,block1:s3,policy_fcfs,mixed,1785176883.7462,1785176883.747354,1785176884.1482677,1785176884.8680868,,,
block1-001752,116.09370121732354,3456.4863012637943,143,287.5,114.96014997828752,3455.3527500247583,1.1335512390360236,block1:zero_tool,policy_fcfs,mixed,1785176884.0679173,1785176884.0690532,1785176884.1840339,1785176887.524427,,,
block1-001753,493.0061976192519,1131.578619708307,48,282.5,492.4780789297074,1131.0505010187626,0.5281186895444989,block1:s4,policy_fcfs,mixed,1785176884.0713844,1785176884.071913,1785176884.5643973,1785176885.2029703,,,
block1-001754,451.46256079897285,1085.900770733133,48,145.0,449.7429330367595,1084.1811429709196,1.7196277622133493,block1:s4,policy_fcfs,mixed,1785176884.1965308,1785176884.1982515,1785176884.6480181,1785176885.2824588,,,
block1-001755,76.30850013811141,3268.2949780719355,139,140.0,75.75138099491596,3267.73785892874,0.5571191431954503,block1:zero_tool,policy_fcfs,mixed,1785176884.3609054,1785176884.3614655,1785176884.4372416,1785176887.6292276,,,
block1-001756,574.0656343987212,1345.30509239994,48,140.0,573.2726050773636,1344.5120630785823,0.7930293213576078,block1:s4,policy_fcfs,mixed,1785176885.3289838,1785176885.329778,1785176885.9030623,1785176886.6743016,,,
block1-001757,570.8877766737714,1363.320320728235,48,545.0,570.1208229875192,1362.5533670419827,0.7669536862522364,block1:s4,policy_fcfs,mixed,1785176885.3523421,1785176885.3531094,1785176885.9232373,1785176886.7156699,,,
block1-001758,537.0780567172915,1323.2448877533898,48,145.0,536.1895759124309,1322.3564069485292,0.8884808048605919,block1:s4,policy_fcfs,mixed,1785176885.4055312,1785176885.4064202,1785176885.9426196,1785176886.7287862,,,
block1-001759,499.36008267104626,1284.8135497188196,48,140.0,499.0741879446432,1284.5276549924165,0.2858947264030576,block1:s4,policy_fcfs,mixed,1785176885.4833632,1785176885.48365,1785176885.9827385,1785176886.768192,,,
block1-001760,347.3579342244193,1100.3943802788854,43,20.0,347.1461789449677,1100.1826249994338,0.21175527945160866,block1:s1,policy_fcfs,mixed,1785176885.6149793,1785176885.6151922,1785176885.9623513,1785176886.7153883,,,
block1-001761,75.99054125603288,1552.6360762305558,65,50.0,74.92465910036117,1551.570194074884,1.0658821556717157,block1:s1,policy_fcfs,mixed,1785176885.667161,1785176885.668228,1785176885.7431657,1785176887.2198122,,,
block1-001762,375.4435763694346,914.0823893249035,36,287.5,375.13135105837137,913.7701640138403,0.31222531106323004,block1:s1,policy_fcfs,mixed,1785176886.0046282,1785176886.0049405,1785176886.3800828,1785176886.9187222,,,
block1-001763,86.62995067425072,5417.60628670454,226,60.0,86.34438400622457,5417.320720036514,0.2855666680261493,block1:zero_tool,policy_fcfs,mixed,1785176886.0305755,1785176886.0308623,1785176886.117218,1785176891.4481947,,,
block1-001764,401.8065334530547,1059.3894004123285,42,117.5,400.7243140367791,1058.307180996053,1.0822194162756205,block1:s1,policy_fcfs,mixed,1785176886.1866646,1785176886.1877475,1785176886.5884833,1785176887.2460656,,,
block1-001765,122.83830065280199,1420.031089684926,60,107.5,122.18314397614449,1419.3759330082685,0.6551566766574979,block1:s1,policy_fcfs,mixed,1785176886.3581178,1785176886.3587742,1785176886.4809704,1785176887.778163,,,
block1-001766,90.72166436817497,7271.205747383647,316,357.5,89.80987197719514,7270.293954992667,0.9117923909798265,block1:zero_tool,policy_fcfs,mixed,1785176886.3928885,1785176886.3938017,1785176886.4836266,1785176893.6641111,,,
block1-001767,78.15706834662706,1391.4405793184415,59,12.5,77.52586505375803,1390.8093760255724,0.6312032928690314,block1:s1,policy_fcfs,mixed,1785176886.65048,1785176886.651112,1785176886.7286506,1785176888.041934,,,
block1-001768,274.8236134648323,954.4382464373484,40,15.0,274.4310999987647,954.0457329712808,0.39251346606761217,block1:s2,policy_fcfs,mixed,1785176886.8470814,1785176886.847474,1785176887.121915,1785176887.8015296,,,
block1-001769,353.44363166950643,942.39697069861,38,322.5,352.9820960247889,941.9354350538924,0.4615356447175145,block1:s2,policy_fcfs,mixed,1785176886.9730542,1785176886.9735165,1785176887.3265133,1785176887.915467,,,
block1-001770,59.26100315991789,3817.700698156841,156,22.5,57.95252602547407,3816.3922210223973,1.3084771344438195,block1:zero_tool,policy_fcfs,mixed,1785176887.0227313,1785176887.0240405,1785176887.0820048,1785176890.840444,,,
block1-001771,73.84250103496015,8848.60484302044,380,135.0,73.28286406118423,8848.045206046663,0.5596369737759233,block1:zero_tool,policy_fcfs,mixed,1785176887.1516707,1785176887.1522307,1785176887.2255242,1785176896.000289,,,
block1-001772,333.7786636548117,906.1277656583115,35,15.0,333.05836899671704,905.4074710002169,0.7202946580946445,block1:s2,policy_fcfs,mixed,1785176887.3132527,1785176887.313975,1785176887.6470523,1785176888.2194014,,,
block1-001773,101.99780925177038,3903.8155352463946,161,17.5,100.94874899368733,3902.7664749883115,1.0490602580830455,block1:zero_tool,policy_fcfs,mixed,1785176887.4227667,1785176887.4238162,1785176887.5247757,1785176891.326594,,,
block1-001774,87.7453099237755,8307.63459787704,359,307.5,87.32064603827894,8307.209933991544,0.42466388549655676,block1:zero_tool,policy_fcfs,mixed,1785176887.4403543,1785176887.4407797,1785176887.5281105,1785176895.7479994,,,
block1-001775,74.20012960210443,2626.53307558503,101,485.0,72.8211080422625,2625.154054025188,1.3790215598419309,block1:zero_tool,policy_fcfs,mixed,1785176887.6160576,1785176887.6174376,1785176887.69027,1785176890.242603,,,
block1-001776,81.32270083297044,3166.211196919903,126,70.0,80.88414394296706,3165.7726400299,0.43855689000338316,block1:zero_tool,policy_fcfs,mixed,1785176887.674039,1785176887.6744797,1785176887.755383,1785176890.8402717,,,
block1-001777,468.5635541100055,1321.2837020400912,48,17.5,468.3845699764788,1321.1047179065645,0.17898413352668285,block1:s3,policy_fcfs,mixed,1785176887.7509217,1785176887.7511015,1785176888.2195005,1785176889.072221,,,
block1-001778,397.32075051870197,1159.7905005328357,41,160.0,396.5829029912129,1159.0526530053467,0.7378475274890661,block1:s3,policy_fcfs,mixed,1785176887.998437,1785176887.9991748,1785176888.3957691,1785176889.1582386,,,
block1-001779,90.27719020377845,5294.943860149942,229,172.5,89.39915604423732,5294.065825990401,0.8780341595411301,block1:zero_tool,policy_fcfs,mixed,1785176888.0657477,1785176888.066626,1785176888.1560328,1785176893.3606987,,,
block1-001780,611.8090137606487,1465.2991348411888,48,10.0,611.6089998977259,1465.099120978266,0.20001386292278767,block1:s3,policy_fcfs,mixed,1785176888.438545,1785176888.4387457,1785176889.0505016,1785176889.9039912,,,
block1-001781,581.670304061845,1391.7717350414023,46,170.0,580.3455190034583,1390.4469499830157,1.3247850583866239,block1:s3,policy_fcfs,mixed,1785176888.5118713,1785176888.5131974,1785176889.0935566,1785176889.9036582,,,
block1-001782,592.2784928698093,1418.5544148785993,46,820.0,590.6010740436614,1416.8769960524514,1.677418826147914,block1:s3,policy_fcfs,mixed,1785176888.5225153,1785176888.5241938,1785176889.1148024,1785176889.9410782,,,
block1-001783,442.45020987000316,1295.0387789169326,43,100.0,441.74282695166767,1294.3313959985971,0.7073829183354974,block1:s3,policy_fcfs,mixed,1785176888.5836565,1785176888.5843642,1785176889.026116,1785176889.8787043,,,
block1-001784,138.76427372451872,3395.151427714154,143,20.0,138.47964303568006,3394.8667970253155,0.2846306888386607,block1:zero_tool,policy_fcfs,mixed,1785176888.6413126,1785176888.6415997,1785176888.7801006,1785176892.0364869,,,
block1-001785,454.8606175230816,1320.391796529293,48,17.5,454.1323829907924,1319.6635619970039,0.728234532289207,block1:s4,policy_fcfs,mixed,1785176888.7253604,1785176888.7260919,1785176889.1802514,1785176890.0457826,,,
block1-001786,79.67030222062021,4391.124118235894,195,20.0,79.40858800429851,4390.862404019572,0.26171421632170677,block1:zero_tool,policy_fcfs,mixed,1785176888.9500232,1785176888.950286,1785176889.0297072,1785176893.341161,,,
block1-001787,599.4930983288214,1302.8833123389632,48,217.5,598.4725119778886,1301.8627259880304,1.0205863509327173,block1:s4,policy_fcfs,mixed,1785176889.3043678,1785176889.3053896,1785176889.9038756,1785176890.6072662,,,
block1-001788,597.5982416421175,1285.2974906563759,48,85.0,595.8182959584519,1283.5175449727103,1.7799456836655736,block1:s4,policy_fcfs,mixed,1785176889.3441405,1785176889.3459208,1785176889.941746,1785176890.629445,,,
block1-001789,590.4849339276552,1282.8776598908007,48,550.0,589.8450609529391,1282.2377869160846,0.6398729747161269,block1:s4,policy_fcfs,mixed,1785176889.367949,1785176889.3685899,1785176889.958448,1785176890.6508405,,,
block1-001790,156.95616276934743,4149.057843722403,186,10.0,155.47424601390958,4147.575926966965,1.481916755437851,block1:zero_tool,policy_fcfs,mixed,1785176889.4141502,1785176889.415635,1785176889.5711305,1785176893.5632331,,,
block1-001791,120.42446981649846,3745.0272587593645,170,412.5,119.78583608288318,3744.388625025749,0.6386337336152792,block1:zero_tool,policy_fcfs,mixed,1785176889.5360591,1785176889.5367,1785176889.6565042,1785176893.2811065,,,
block1-001792,121.33531493600458,4129.977362928912,189,70.0,120.2707210322842,4128.912769025192,1.0645939037203789,block1:zero_tool,policy_fcfs,mixed,1785176889.57624,1785176889.5773048,1785176889.6975849,1785176893.7062273,,,
block1-001793,93.10172405093908,4435.304156970233,203,572.5,92.19106007367373,4434.393492992967,0.910663977265358,block1:zero_tool,policy_fcfs,mixed,1785176889.609028,1785176889.60994,1785176889.7021441,1785176894.044347,,,
block1-001794,364.8515901295468,946.6415460919961,41,12.5,364.42634009290487,946.2162960553542,0.4252500366419554,block1:s1,policy_fcfs,mixed,1785176889.8092632,1785176889.8096895,1785176890.174129,1785176890.755918,,,
block1-001795,344.18077021837234,857.6799351722002,37,107.5,342.49478206038475,855.9939470142126,1.6859881579875946,block1:s1,policy_fcfs,mixed,1785176889.8771544,1785176889.8788407,1785176890.2213452,1785176890.734844,,,
block1-001796,251.61210738588125,882.3855804512277,39,395.0,250.52131991833448,881.294792983681,1.090787467546761,block1:s1,policy_fcfs,mixed,1785176890.5044954,1785176890.5055873,1785176890.7561226,1785176891.3868968,,,
block1-001797,66.64482841733843,2262.827819446102,106,12.5,65.39172702468932,2261.5747180534527,1.2531013926491141,block1:zero_tool,policy_fcfs,mixed,1785176890.817349,1785176890.8186035,1785176890.88401,1785176893.0801935,,,
block1-001798,66.27055024728179,6264.028474222869,281,172.5,65.31842797994614,6263.076351955533,0.9521222673356533,block1:zero_tool,policy_fcfs,mixed,1785176891.0708911,1785176891.0718467,1785176891.1372015,1785176897.3349588,,,
block1-001799,78.35885824169964,1346.7982421861961,62,47.5,78.15269997809082,1346.5920839225873,0.20615826360881329,block1:s1,policy_fcfs,mixed,1785176891.500577,1785176891.5007844,1785176891.57895,1785176892.847389,,,
block1-001800,115.05201493855566,2649.292027927004,120,320.0,114.66503201518208,2648.90504500363,0.38698292337358,block1:zero_tool,policy_fcfs,mixed,1785176891.7270622,1785176891.7274501,1785176891.8421276,1785176894.3763678,,,
block1-001801,287.3530910583213,898.4265170292929,40,12.5,286.413079011254,897.4865049822256,0.9400120470672846,block1:s2,policy_fcfs,mixed,1785176891.7490082,1785176891.7499485,1785176892.0363696,1785176892.647443,,,
block1-001802,69.9880626052618,11133.575552608818,496,12.5,69.54020902048796,11133.127699024044,0.4478535847738385,block1:zero_tool,policy_fcfs,mixed,1785176892.4707549,1785176892.4712038,1785176892.5407562,1785176903.604344,,,
block1-001803,71.09557837247849,9957.717900397256,442,60.0,69.199922028929,9955.822244053707,1.89565634354949,block1:zero_tool,policy_fcfs,mixed,1785176892.5531514,1785176892.5550473,1785176892.6242602,1785176902.5108824,,,
block1-001804,79.16553074028343,2780.8986387681216,119,95.0,77.05349999014288,2778.786608017981,2.1120307501405478,block1:zero_tool,policy_fcfs,mixed,1785176892.8941176,1785176892.8962302,1785176892.9732916,1785176895.675024,,,
block1-001805,77.26052065845579,3474.7604746371508,149,115.0,75.68229211028665,3473.1822460889816,1.578228548169136,block1:zero_tool,policy_fcfs,mixed,1785176892.9818957,1785176892.9834743,1785176893.059166,1785176896.4566655,,,
block1-001806,364.8357547353953,908.9727777754888,38,187.5,363.7470459798351,907.8840690199286,1.0887087555602193,block1:s2,policy_fcfs,mixed,1785176893.0557313,1785176893.0568213,1785176893.420579,1785176893.964716,,,
block1-001807,100.08751507848501,3857.6718689873815,167,545.0,99.08497601281852,3856.669329921715,1.0025390656664968,block1:zero_tool,policy_fcfs,mixed,1785176893.5399463,1785176893.5409513,1785176893.6400735,1785176897.3976576,,,
block1-001808,92.83311059698462,3977.6005215244368,172,485.0,91.56478603836149,3976.3321969658136,1.268324558623135,block1:zero_tool,policy_fcfs,mixed,1785176893.5503836,1785176893.5516527,1785176893.6432273,1785176897.527994,,,
block1-001809,422.64349525794387,1199.4588032830507,48,107.5,422.32016602065414,1199.135474045761,0.32332923728972673,block1:s3,policy_fcfs,mixed,1785176893.6646054,1785176893.664929,1785176894.0872586,1785176894.8640738,,,
block1-001810,70.44304325245321,3682.9893742688,161,282.5,69.50371898710728,3682.050050003454,0.939324265345931,block1:zero_tool,policy_fcfs,mixed,1785176893.7549284,1785176893.7558687,1785176893.8253832,1785176897.437929,,,
block1-001811,285.6459670001641,1040.4732360038906,41,15.0,284.8780140047893,1039.7052830085158,0.7679529953747988,block1:s3,policy_fcfs,mixed,1785176894.0499232,1785176894.0506914,1785176894.3355792,1785176895.0904057,,,
block1-001812,512.9397573182359,1235.5462843552232,48,17.5,511.9618399767205,1234.5683670137078,0.9779173415154219,block1:s3,policy_fcfs,mixed,1785176894.391209,1785176894.392187,1785176894.9041717,1785176895.626778,,,
block1-001813,483.215409447439,1293.3396104490384,47,412.5,481.92721605300903,1292.0514170546085,1.2881933944299817,block1:s3,policy_fcfs,mixed,1785176894.6070628,1785176894.6083536,1785176895.0903025,1785176895.900427,,,
block1-001814,496.28073268104345,1327.8478746069595,48,17.5,495.9299280308187,1327.4970699567348,0.3508046502247453,block1:s3,policy_fcfs,mixed,1785176894.6124568,1785176894.6128087,1785176895.1087513,1785176895.940319,,,
block1-001815,69.16723388712853,3678.3070568926632,165,145.0,68.36882000789046,3677.508643013425,0.7984138792380691,block1:zero_tool,policy_fcfs,mixed,1785176894.8807285,1785176894.8815272,1785176894.9499054,1785176898.5590456,,,
block1-001816,68.32854996901006,3067.948912968859,136,92.5,67.16691108886153,3066.7872740887105,1.16163888014853,block1:zero_tool,policy_fcfs,mixed,1785176894.8808453,1785176894.8820071,1785176894.9491806,1785176897.9488003,,,
block1-001817,576.715751667507,1289.0093646710739,50,135.0,575.7851810194552,1288.078794023022,0.9305706480517983,block1:s4,policy_fcfs,mixed,1785176895.3640275,1785176895.3649592,1785176895.9407566,1785176896.6530504,,,
block1-001818,545.3985707135871,1217.64273266308,48,15.0,544.9921840336174,1217.2363459831104,0.406386679969728,block1:s4,policy_fcfs,mixed,1785176895.4743733,1785176895.474782,1785176896.0197952,1785176896.6920395,,,
block1-001819,512.1836740290746,1205.4681211011484,48,20.0,511.9337299838662,1205.21817705594,0.24994404520839453,block1:s4,policy_fcfs,mixed,1785176895.6058633,1785176895.6061144,1785176896.1180592,1785176896.8113441,,,
block1-001820,486.04799166787416,1197.7185496361926,48,10.0,484.65551203116775,1196.3260699994862,1.3924796367064118,block1:s4,policy_fcfs,mixed,1785176895.6720028,1785176895.6733968,1785176896.1580648,1785176896.8697364,,,
block1-001821,452.6880650082603,1162.4652809696272,48,15.0,452.01635209377855,1161.7935680551454,0.6717129144817591,block1:s4,policy_fcfs,mixed,1785176895.7451782,1785176895.7458522,1785176896.1978893,1785176896.9076664,,,
block1-001822,456.2618487980217,1116.3690018001944,48,52.5,455.2229429828003,1115.330095984973,1.0389058152213693,block1:s4,policy_fcfs,mixed,1785176896.4516492,1785176896.4526904,1785176896.907939,1785176897.5680463,,,
block1-001823,420.6581524340436,1080.4476394550875,48,545.0,420.34373397473246,1080.1332209957764,0.31441845931112766,block1:s4,policy_fcfs,mixed,1785176896.7206001,1785176896.720916,1785176897.1412735,1785176897.8010635,,,
block1-001824,99.79289560578763,3885.630249627866,177,105.0,98.38102199137211,3884.2183760134503,1.4118736144155264,block1:zero_tool,policy_fcfs,mixed,1785176896.749542,1785176896.750956,1785176896.8493536,1785176900.6351907,,,
block1-001825,346.7113228980452,848.367337952368,37,172.5,345.64690303523093,847.3029180895537,1.0644198628142476,block1:s1,policy_fcfs,mixed,1785176897.1811645,1785176897.182232,1785176897.5278995,1785176898.0295558,,,
block1-001826,346.51316015515476,966.5029441239312,43,60.0,344.6330119622871,964.6227959310636,1.8801481928676367,block1:s1,policy_fcfs,mixed,1785176897.1812625,1785176897.183143,1785176897.5277824,1785176898.147773,,,
block1-001827,63.392952899448574,3464.298195904121,157,115.0,62.43187398649752,3463.3371169911698,0.9610789129510522,block1:zero_tool,policy_fcfs,mixed,1785176897.2510145,1785176897.251977,1785176897.3145313,1785176900.7154362,,,
block1-001828,67.69965821877122,2781.992871197872,127,70.0,66.69630506075919,2780.98951803986,1.0033531580120325,block1:zero_tool,policy_fcfs,mixed,1785176897.329732,1785176897.330736,1785176897.3974447,1785176900.111738,,,
block1-001829,74.65683505870402,1433.250528993085,65,60.0,73.95442703273147,1432.5481209671125,0.7024080259725451,block1:s1,policy_fcfs,mixed,1785176897.453197,1785176897.4538999,1785176897.5278628,1785176898.8864565,,,
block1-001830,272.4385834299028,899.5769004104659,40,12.5,271.8652840703726,899.0036010509357,0.5732993595302105,block1:s1,policy_fcfs,mixed,1785176897.8150458,1785176897.8156207,1785176898.0875006,1785176898.714639,,,
block1-001831,110.28228513896465,2574.548034113832,114,100.0,109.66346901841462,2573.929217993282,0.6188161205500364,block1:zero_tool,policy_fcfs,mixed,1785176897.875748,1785176897.876368,1785176897.986048,1785176900.4503145,,,
block1-001832,268.27310235239565,930.171248386614,40,395.0,267.39740499760956,929.2955510318279,0.875697354786098,block1:s2,policy_fcfs,mixed,1785176897.8985054,1785176897.899382,1785176898.166788,1785176898.828687,,,
block1-001833,83.78427126444876,7722.773667192087,350,15.0,82.69401802681386,7721.683413954452,1.0902532376348972,block1:zero_tool,policy_fcfs,mixed,1785176897.9065192,1785176897.9076111,1785176897.9903224,1785176905.6293118,,,
block1-001834,59.66389458626509,3204.096922534518,140,12.5,59.04608604032546,3203.4791139885783,0.6178085459396243,block1:zero_tool,policy_fcfs,mixed,1785176898.16888,1785176898.1694984,1785176898.228556,1785176901.372988,,,
block1-001835,97.42212295532227,1649.857948999852,72,95.0,96.98653593659401,1649.4223619811237,0.4355870187282562,block1:s2,policy_fcfs,mixed,1785176898.282869,1785176898.2833054,1785176898.3803027,1785176899.9327385,,,
block1-001836,306.60747666843235,849.0567646222189,35,545.0,305.574513040483,848.0238009942695,1.032963627949357,block1:s2,policy_fcfs,mixed,1785176898.7239482,1785176898.7249815,1785176899.030762,1785176899.5732117,,,
block1-001837,327.2511700633913,1036.7146281059831,44,20.0,326.92713604774326,1036.390594090335,0.324034015648067,block1:s2,policy_fcfs,mixed,1785176898.9371655,1785176898.9374902,1785176899.2644281,1785176899.9738908,,,
block1-001838,347.87863050587475,864.2462996067479,36,152.5,347.3951469641179,863.7628160649911,0.48348354175686836,block1:s2,policy_fcfs,mixed,1785176899.266602,1785176899.2670858,1785176899.6144934,1785176900.1308606,,,
block1-001839,287.2315637068823,806.4575657481328,34,395.0,285.1312409620732,804.3572430033237,2.100322744809091,block1:s2,policy_fcfs,mixed,1785176899.3475606,1785176899.3496616,1785176899.634804,1785176900.1540298,,,
block1-001840,59.697837103158236,3711.5642961580306,162,10.0,58.93208598718047,3710.798545042053,0.7657511159777641,block1:zero_tool,policy_fcfs,mixed,1785176899.5548635,1785176899.5556314,1785176899.6145828,1785176903.2664497,,,
block1-001841,297.4223737837747,817.972864722833,33,550.0,296.4001870714128,816.9506780104712,1.0221867123618722,block1:s3,policy_fcfs,mixed,1785176899.6359098,1785176899.6369321,1785176899.933343,1785176900.4538934,,,
block1-001842,69.5261312648654,3676.3580453116447,161,152.5,69.2072520032525,3676.039166050032,0.31887926161289215,block1:zero_tool,policy_fcfs,mixed,1785176899.8434222,1785176899.8437421,1785176899.912962,1785176903.519794,,,
block1-001843,430.9910866431892,1247.2815706860274,48,820.0,430.5734499357641,1246.8639339786023,0.4176367074251175,block1:s3,policy_fcfs,mixed,1785176900.1185756,1785176900.1189935,1785176900.5495763,1785176901.3658667,,,
block1-001844,85.17762029077858,3717.123383306898,164,412.5,84.62802995927632,3716.573792975396,0.5495903315022588,block1:zero_tool,policy_fcfs,mixed,1785176900.2057745,1785176900.2063265,1785176900.2909737,1785176903.9229193,,,
block1-001845,64.94400219526142,3723.059224197641,164,287.5,64.57756389863789,3722.6927859010175,0.366438296623528,block1:zero_tool,policy_fcfs,mixed,1785176900.388766,1785176900.3891332,1785176900.4537225,1785176904.1118379,,,
block1-001846,576.3337246607989,1106.634795665741,43,350.0,575.3847049782053,1105.6857759831473,0.9490196825936437,block1:s3,policy_fcfs,mixed,1785176900.5489178,1785176900.549867,1785176901.125264,1785176901.6555645,,,
block1-001847,107.90713003370911,2971.8681529629976,128,145.0,106.32877005264163,2970.28979298193,1.5783599810674787,block1:zero_tool,policy_fcfs,mixed,1785176900.5683,1785176900.5698788,1785176900.676219,1785176903.5401793,,,
block1-001848,489.44382183253765,1242.848795838654,49,95.0,489.02160092256963,1242.426574928686,0.42222090996801853,block1:s4,policy_fcfs,mixed,1785176900.735513,1785176900.7359354,1785176901.2249658,1785176901.9783711,,,
block1-001849,128.1291269697249,2815.0790829677135,122,50.0,127.57203401997685,2814.5219900179654,0.5570929497480392,block1:zero_tool,policy_fcfs,mixed,1785176900.7954876,1785176900.796046,1785176900.9236338,1785176903.6105812,,,
block1-001850,117.59253917261958,2939.995785127394,130,412.5,116.43897695466876,2938.842222909443,1.153562217950821,block1:zero_tool,policy_fcfs,mixed,1785176900.8470361,1785176900.8481917,1785176900.964649,1785176903.7870514,,,
block1-001851,90.45352065004408,2831.859194673598,125,282.5,90.13352892361581,2831.5392029471695,0.31999172642827034,block1:zero_tool,policy_fcfs,mixed,1785176900.8765886,1785176900.87691,1785176900.9670527,1785176903.7084587,,,
block1-001852,61.6297556553036,3769.306639675051,171,60.0,61.20093597564846,3768.877819995396,0.4288196796551347,block1:zero_tool,policy_fcfs,mixed,1785176901.16754,1785176901.1679697,1785176901.2291825,1785176904.9368598,,,
block1-001853,429.7305542277172,1158.192887203768,48,307.5,428.97590494249016,1157.4382379185408,0.7546492852270603,block1:s4,policy_fcfs,mixed,1785176901.203494,1785176901.2042496,1785176901.6332364,1785176902.3616989,,,
block1-001854,70.39714290294796,3597.4390328628942,165,550.0,70.0703039765358,3597.112193936482,0.32683892641216516,block1:zero_tool,policy_fcfs,mixed,1785176901.3024936,1785176901.3028216,1785176901.3729038,1785176904.8999457,,,
block1-001855,458.1686620367691,1179.8509679501876,48,15.0,457.4964210623875,1179.178726975806,0.672240974381566,block1:s4,policy_fcfs,mixed,1785176901.6927826,1785176901.6934552,1785176902.1509638,1785176902.8726466,,,
block1-001856,355.6307558901608,1034.1960198711604,43,60.0,355.07888603024185,1033.6441500112414,0.551869859918952,block1:s1,policy_fcfs,mixed,1785176901.8586593,1785176901.8592124,1785176902.2143047,1785176902.8928702,,,
block1-001857,79.99290525913239,1579.1665422730148,69,70.0,79.62279603816569,1578.796433052048,0.37010922096669674,block1:s1,policy_fcfs,mixed,1785176902.0506072,1785176902.0509777,1785176902.130611,1785176903.629784,,,
block1-001858,105.8247295441106,2852.3293054895476,133,95.0,105.0269320840016,2851.5315080294386,0.7977974601089954,block1:zero_tool,policy_fcfs,mixed,1785176902.4038558,1785176902.404654,1785176902.5096924,1785176905.2561963,,,
block1-001859,339.53709504567087,872.6328890770674,37,140.0,339.3232219386846,872.4190159700811,0.21387310698628426,block1:s1,policy_fcfs,mixed,1785176902.435032,1785176902.4352472,1785176902.7745843,1785176903.3076794,,,
block1-001860,248.37190809193999,907.9409770201892,39,17.5,247.8813750203699,907.4504439486191,0.4905330715700984,block1:s1,policy_fcfs,mixed,1785176902.4422147,1785176902.442707,1785176902.6906016,1785176903.3501706,,,
block1-001861,90.43455822393298,1475.53257830441,65,75.0,89.29039596114308,1474.38841604162,1.144162262789905,block1:s1,policy_fcfs,mixed,1785176902.6000843,1785176902.6012294,1785176902.6905322,1785176904.075631,,,
block1-001862,348.4096328029409,976.7903987085447,43,572.5,348.1017410522327,976.4825069578364,0.3078917507082224,block1:s1,policy_fcfs,mixed,1785176902.790986,1785176902.7912948,1785176903.139415,1785176903.7677948,,,
block1-001863,75.75847383122891,1462.864463799633,68,117.5,75.37505496293306,1462.4810449313372,0.38341886829584837,block1:s1,policy_fcfs,mixed,1785176902.9134297,1785176902.9138136,1785176902.9891987,1785176904.376306,,,
block1-001864,270.8433900261298,772.2905271220952,34,12.5,270.32869798131287,771.7758350772783,0.5146920448169112,block1:s2,policy_fcfs,mixed,1785176903.3782399,1785176903.3787582,1785176903.649126,1785176904.150574,,,
block1-001865,66.01931957993656,3905.8542356360704,166,187.5,64.94249193929136,3904.777407995425,1.076827640645206,block1:zero_tool,policy_fcfs,mixed,1785176903.544389,1785176903.5454662,1785176903.6104176,1785176907.4502532,,,
block1-001866,332.62690366245806,933.6268616607413,43,115.0,331.62271208129823,932.6226700795814,1.00419158115983,block1:s2,policy_fcfs,mixed,1785176903.929196,1785176903.9302003,1785176904.261832,1785176904.8628316,,,
block1-001867,102.30157431215048,1685.5588562320918,69,100.0,102.07580903079361,1685.333090950735,0.22576528135687113,block1:s2,policy_fcfs,mixed,1785176904.5517275,1785176904.5519545,1785176904.6540413,1785176906.2372985,,,
block1-001868,296.7352451523766,825.8759371237829,36,10.0,296.50106607005,825.6417580414563,0.23417908232659101,block1:s2,policy_fcfs,mixed,1785176904.8466473,1785176904.8468826,1785176905.1433957,1785176905.672537,,,
block1-001869,57.79999797232449,3370.7844319287688,140,15.0,57.04666406381875,3370.031098020263,0.7533339085057378,block1:zero_tool,policy_fcfs,mixed,1785176905.0299842,1785176905.0307388,1785176905.0879145,1785176908.4008992,,,
block1-001870,381.8303709849715,1100.0765389762819,36,105.0,380.7074798969552,1098.9536478882656,1.1228910880163312,block1:s2,policy_fcfs,mixed,1785176905.4361382,1785176905.4372618,1785176905.8179798,1785176906.5362258,,,
block1-001871,335.3316189022735,1204.1403888724744,40,92.5,334.81309306807816,1203.6218630382791,0.5185258341953158,block1:s2,policy_fcfs,mixed,1785176905.4456239,1785176905.446143,1785176905.7809641,1785176906.649773,,,
block1-001872,539.319954928942,1388.799832900986,48,320.0,538.5445849969983,1388.0244629690424,0.7753699319437146,block1:s3,policy_fcfs,mixed,1785176905.6236608,1785176905.624437,1785176906.1629918,1785176907.0124714,,,
block1-001873,562.8335196524858,1446.0076066898182,48,485.0,561.7189110489562,1444.8929980862886,1.114608603529632,block1:s3,policy_fcfs,mixed,1785176905.8068268,1785176905.807945,1785176906.3696916,1785176907.2528665,,,
block1-001874,84.8613923881203,4198.202466475777,163,107.5,84.2521139420569,4197.593188029714,0.6092784460633993,block1:zero_tool,policy_fcfs,mixed,1785176905.869369,1785176905.869979,1785176905.9542425,1785176910.0675833,,,
block1-001875,625.6353204371408,1426.3138785026968,48,107.5,625.4739928990602,1426.1525509646162,0.16132753808051348,block1:s3,policy_fcfs,mixed,1785176905.984584,1785176905.984746,1785176906.6102304,1785176907.4109092,,,
block1-001876,639.8691181093454,1440.3571781003848,48,110.0,639.2053860472515,1439.6934460382909,0.6637320620939136,block1:s3,policy_fcfs,mixed,1785176905.989828,1785176905.9904919,1785176906.6297038,1785176907.4301906,,,
block1-001877,102.16582007706165,3203.1876291148365,128,287.5,101.18466697167605,3202.206476009451,0.9811531053856015,block1:zero_tool,policy_fcfs,mixed,1785176906.1348197,1785176906.1358018,1785176906.237122,1785176909.338144,,,
block1-001878,80.62765828799456,7215.74817225337,299,85.0,79.89175303373486,7215.012266999111,0.7359052542597055,block1:zero_tool,policy_fcfs,mixed,1785176906.158964,1785176906.1597016,1785176906.239607,1785176913.3747277,,,
block1-001879,537.4106853269041,1342.881219345145,48,52.5,535.5296119814739,1341.0001459997147,1.8810733454301953,block1:s3,policy_fcfs,mixed,1785176906.211419,1785176906.2133026,1785176906.748851,1785176907.5543213,,,
block1-001880,64.19102079235017,4860.873254714534,193,17.5,63.12348798383027,4859.805721906014,1.0675328085198998,block1:zero_tool,policy_fcfs,mixed,1785176906.3156536,1785176906.3167222,1785176906.3798583,1785176911.1765418,,,
block1-001881,501.40157027635723,1330.7768333470449,49,107.5,499.6899130055681,1329.0651760762557,1.7116572707891464,block1:s4,policy_fcfs,mixed,1785176906.3259008,1785176906.3276148,1785176906.8273234,1785176907.6566987,,,
block1-001882,484.7583142109215,1295.2487921575084,48,20.0,483.9341470506042,1294.4246249971911,0.8241671603173018,block1:s4,policy_fcfs,mixed,1785176906.3621755,1785176906.3630009,1785176906.8469467,1785176907.657437,,,
block1-001883,421.2322535458952,1241.006045602262,48,307.5,420.4635629430413,1240.2373549994081,0.7686906028538942,block1:s4,policy_fcfs,mixed,1785176906.4914474,1785176906.4922178,1785176906.9126945,1785176907.7324684,,,
block1-001884,563.3381436346099,1242.0832857023925,48,135.0,562.983198906295,1241.7283409740776,0.35494472831487656,block1:s4,policy_fcfs,mixed,1785176906.8665216,1785176906.8668768,1785176907.42987,1785176908.1086147,,,
block1-001885,513.9855924062431,1190.5888543697074,48,280.0,512.3936759773642,1188.9969379408285,1.5919164288789034,block1:s4,policy_fcfs,mixed,1785176906.9555604,1785176906.957154,1785176907.4695616,1785176908.146165,,,
block1-001886,115.67767313681543,3256.348686176352,128,17.5,114.92176994215697,3255.5927829816937,0.7559031946584582,block1:zero_tool,policy_fcfs,mixed,1785176906.9745026,1785176906.975259,1785176907.090189,1785176910.2308598,,,
block1-001887,512.5412656925619,1188.1666756235063,48,280.0,512.2974669793621,1187.9228769103065,0.2437987131997943,block1:s4,policy_fcfs,mixed,1785176906.9777112,1785176906.977955,1785176907.490259,1785176908.165885,,,
block1-001888,385.8814788982272,1025.4468128550798,43,95.0,384.9135710624978,1024.4789050193503,0.9679078357294202,block1:s1,policy_fcfs,mixed,1785176907.0835166,1785176907.0844872,1785176907.4694252,1785176908.10899,,,
block1-001889,89.11161462310702,1638.6629976332188,69,100.0,88.32839608658105,1637.8797790966928,0.7832185365259647,block1:s1,policy_fcfs,mixed,1785176907.2562907,1785176907.257074,1785176907.3454115,1785176908.8949625,,,
block1-001890,343.3700434397906,963.1624094909057,43,320.0,342.7725499495864,962.5649160007015,0.597493490204215,block1:s1,policy_fcfs,mixed,1785176907.539197,1785176907.5397947,1785176907.882578,1785176908.5023706,,,
block1-001891,87.73929870221764,1782.1620356990024,73,85.0,87.57004293147475,1781.9927799282596,0.16925577074289322,block1:s1,policy_fcfs,mixed,1785176907.622063,1785176907.6222332,1785176907.7099118,1785176909.4043336,,,
block1-001892,70.19862439483404,8219.517078367062,355,15.0,69.50374902226031,8218.822202994488,0.6948753725737333,block1:zero_tool,policy_fcfs,mixed,1785176907.7441385,1785176907.7448347,1785176907.8143523,1785176915.9636707,,,
block1-001893,263.7734099989757,799.6470989892259,34,70.0,262.6460889587179,798.5197779489681,1.1273210402578115,block1:s1,policy_fcfs,mixed,1785176907.8017015,1785176907.80283,1785176908.065491,1785176908.601364,,,
block1-001894,66.78116228431463,4593.890112242661,190,20.0,65.66799501888454,4592.776944977231,1.1131672654300928,block1:zero_tool,policy_fcfs,mixed,1785176907.8581991,1785176907.8593142,1785176907.9249995,1785176912.4521074,,,
block1-001895,121.92577589303255,9816.54169189278,423,20.0,120.83050596993417,9815.446421969682,1.0952699230983853,block1:zero_tool,policy_fcfs,mixed,1785176908.4313824,1785176908.432479,1785176908.5533202,1785176918.2479365,,,
block1-001896,498.28146724030375,1372.3253782372922,44,10.0,497.1502859843895,1371.194196981378,1.1311812559142709,block1:s2,policy_fcfs,mixed,1785176908.454834,1785176908.455967,1785176908.953131,1785176909.8271747,,,
block1-001897,399.4489109609276,1278.6042649531737,42,15.0,399.05704092234373,1278.2123949145898,0.3918700385838747,block1:s2,policy_fcfs,mixed,1785176908.59224,1785176908.5926342,1785176908.9917092,1785176909.8708646,,,
block1-001898,111.39063094742596,4572.170551982708,190,485.0,110.35690200515091,4571.136823040433,1.0337289422750473,block1:zero_tool,policy_fcfs,mixed,1785176908.760108,1785176908.7611427,1785176908.871513,1785176913.3322923,,,
block1-001899,397.67499500885606,1245.4591389978305,43,350.0,396.8072410207242,1244.5913850096986,0.8677539881318808,block1:s2,policy_fcfs,mixed,1785176908.7777789,1785176908.7786484,1785176909.1754682,1785176910.0232532,,,
block1-001900,111.96597770322114,3583.7170886807144,145,92.5,111.13847501110286,3582.889585988596,0.8275026921182871,block1:zero_tool,policy_fcfs,mixed,1785176908.782727,1785176908.7835548,1785176908.8947005,1785176912.3664522,,,
block1-001901,540.1086546480656,1371.9394756481051,49,15.0,539.0289300121367,1370.8597510121763,1.0797246359288692,block1:s2,policy_fcfs,mixed,1785176908.9917643,1785176908.9928443,1785176909.5318844,1785176910.3637156,,,
block1-001902,119.47718425653875,1809.5045612426475,67,10.0,118.40326897799969,1808.4306459641084,1.0739152785390615,block1:s2,policy_fcfs,mixed,1785176909.0430613,1785176909.044137,1785176909.162555,1785176910.8525822,,,
block1-001903,86.15785907022655,2524.743195041083,98,75.0,85.88058804161847,2524.4659240124747,0.2772710286080837,block1:zero_tool,policy_fcfs,mixed,1785176909.0895479,1785176909.0898266,1785176909.1757205,1785176911.6143057,,,
block1-001904,292.19574795570225,1001.3088888954371,32,92.5,290.2743440354243,999.3874849751592,1.9214039202779531,block1:s3,policy_fcfs,mixed,1785176909.1547012,1785176909.156624,1785176909.4469113,1785176910.1560247,,,
block1-001905,77.82163599040359,3127.1981300087646,128,107.5,76.3211059384048,3125.6975999567658,1.500530051998794,block1:zero_tool,policy_fcfs,mixed,1785176909.304639,1785176909.3061416,1785176909.3824801,1785176912.4318566,,,
block1-001906,586.7942692711949,1344.0197573509067,48,17.5,585.2774339728057,1342.5029220525175,1.5168352983891964,block1:s3,policy_fcfs,mixed,1785176909.4366884,1785176909.438206,1785176910.023497,1785176910.7807229,,,
block1-001907,427.94705007690936,1190.5398491071537,41,152.5,427.41476895753294,1190.0075679877773,0.532281119376421,block1:s3,policy_fcfs,mixed,1785176909.487663,1785176909.4881966,1785176909.9156232,1785176910.678216,,,
block1-001908,140.34912479110062,3916.611216729507,164,282.5,139.43255506455898,3915.694647002965,0.9165697265416384,block1:zero_tool,policy_fcfs,mixed,1785176909.4952862,1785176909.496203,1785176909.6356447,1785176913.4119065,,,
block1-001909,560.1427790243179,1332.392669050023,48,132.5,559.676370001398,1331.9262600271031,0.46640902291983366,block1:s3,policy_fcfs,mixed,1785176909.5072575,1785176909.5077248,1785176910.0674112,1785176910.8396611,,,
block1-001910,154.71679205074906,3909.4185431022197,165,160.0,154.00122094433755,3908.702971995808,0.7155711064115167,block1:zero_tool,policy_fcfs,mixed,1785176909.5837271,1785176909.584446,1785176909.7384696,1785176913.4931705,,,
block1-001911,147.26712368428707,4003.5807876847684,171,485.0,146.62296802271158,4002.936632023193,0.6441556615754962,block1:zero_tool,policy_fcfs,mixed,1785176909.6333914,1785176909.6340365,1785176909.7806737,1785176913.6369867,,,
block1-001912,466.5599318686873,1244.342709891498,48,15.0,466.0301939584315,1243.8129719812423,0.5297379102557898,block1:s4,policy_fcfs,mixed,1785176909.6457589,1785176909.6462889,1785176910.1123302,1785176910.8901124,,,
block1-001913,105.64147913828492,3749.786820146255,161,15.0,105.29414005577564,3749.439481063746,0.34733908250927925,block1:zero_tool,policy_fcfs,mixed,1785176909.7224874,1785176909.7228358,1785176909.8281412,1785176913.472287,,,
block1-001914,470.23415693547577,1261.6584899369627,48,10.0,468.0764639051631,1259.50079690665,2.1576930303126574,block1:s4,policy_fcfs,mixed,1785176910.0407295,1785176910.042888,1785176910.51098,1785176911.302403,,,
block1-001915,74.93642088957131,3930.1520149456337,173,12.5,73.69062094949186,3928.9062150055543,1.2457999400794506,block1:zero_tool,policy_fcfs,mixed,1785176910.244329,1785176910.245575,1785176910.3192756,1785176914.1744907,,,
block1-001916,521.7089131474495,1225.829731207341,48,485.0,521.2728929473087,1225.3937110072002,0.43602020014077425,block1:s4,policy_fcfs,mixed,1785176910.5478833,1785176910.5483227,1785176911.0696185,1785176911.7737396,,,
block1-001917,80.63440292607993,4699.875063961372,211,20.0,78.89777200762182,4698.138433042914,1.7366309184581041,block1:zero_tool,policy_fcfs,mixed,1785176910.7724664,1785176910.774204,1785176910.8531113,1785176915.4723525,,,
block1-001918,489.2934624804184,1194.8835664661601,48,10.0,487.268737051636,1192.8588410373777,2.0247254287824035,block1:s4,policy_fcfs,mixed,1785176910.7936995,1785176910.7957244,1785176911.2830021,1785176911.9885917,,,
block1-001919,502.33713956549764,1187.006286578253,48,187.5,501.7592840595171,1186.4284310722724,0.5778555059805512,block1:s4,policy_fcfs,mixed,1785176910.8436978,1785176910.8442762,1785176911.346051,1785176912.03072,,,
block1-001920,79.8988010501489,2611.7621769662946,117,12.5,79.64260608423501,2611.5059820003808,0.2561949659138918,block1:zero_tool,policy_fcfs,mixed,1785176911.269923,1785176911.2701805,1785176911.3498344,1785176913.8816981,,,
block1-001921,88.8851520139724,1316.2214161129668,58,17.5,88.53379392530769,1315.8700580243021,0.3513580886647105,block1:s1,policy_fcfs,mixed,1785176911.3313932,1785176911.3317466,1785176911.4202993,1785176912.6476352,,,
block1-001922,67.95208540279418,4591.8988743796945,209,115.0,67.7563650533557,4591.703154030256,0.19572034943848848,block1:zero_tool,policy_fcfs,mixed,1785176911.5457294,1785176911.5459259,1785176911.6136925,1785176916.1376383,,,
block1-001923,329.5389171689749,835.2275142678991,36,152.5,328.9159879786894,834.6045850776136,0.6229291902855039,block1:s1,policy_fcfs,mixed,1785176911.6582282,1785176911.6588516,1785176911.987779,1785176912.4934673,,,
block1-001924,67.49578344170004,3658.4568445105106,167,485.0,67.11483199615031,3658.075893064961,0.3809514455497265,block1:zero_tool,policy_fcfs,mixed,1785176911.8775496,1785176911.8779318,1785176911.9450595,1785176915.5360208,,,
block1-001925,74.33684729039669,2914.998266263865,131,117.5,73.21653503458947,2913.8779540080577,1.120312255807221,block1:zero_tool,policy_fcfs,mixed,1785176912.336536,1785176912.3376586,1785176912.4108953,1785176915.2515569,,,
block1-001926,87.18789007980376,1536.375318071805,66,15.0,86.94036898668855,1536.1277969786897,0.24752109311521053,block1:s1,policy_fcfs,mixed,1785176912.5385437,1785176912.5387914,1785176912.6257434,1785176914.0749304,,,
block1-001927,342.7076649386436,896.3438798673451,37,395.0,342.5355920335278,896.1718069622293,0.17207290511578321,block1:s1,policy_fcfs,mixed,1785176912.700786,1785176912.7009597,1785176913.043508,1785176913.5971446,,,
block1-001928,75.07109350990504,4085.33247851301,181,12.5,73.76754004508257,4084.0289250481874,1.3035534648224711,block1:zero_tool,policy_fcfs,mixed,1785176912.9683378,1785176912.9696426,1785176913.0434244,1785176917.0536854,,,
block1-001929,387.3570653377101,1013.6517503997311,42,135.0,386.96691300719976,1013.2615980692208,0.3901523305103183,block1:s2,policy_fcfs,mixed,1785176913.160536,1785176913.1609275,1785176913.5479057,1785176914.1742005,,,
block1-001930,386.10919017810374,1025.1975281862542,43,17.5,385.0166699849069,1024.1050079930574,1.0925201931968331,block1:s2,policy_fcfs,mixed,1785176913.1892695,1785176913.1903636,1785176913.5753944,1785176914.2144835,,,
block1-001931,106.1616858933121,1686.2338779028505,74,75.0,105.65881605725735,1685.7310080667958,0.5028698360547423,block1:s2,policy_fcfs,mixed,1785176913.3473375,1785176913.347842,1785176913.4535196,1785176915.0335913,,,
block1-001932,70.95009204931557,2615.8141980413347,119,160.0,70.54210000205785,2615.406205994077,0.4079920472577214,block1:zero_tool,policy_fcfs,mixed,1785176913.4832985,1785176913.4837067,1785176913.554263,1785176916.0991278,,,
block1-001933,370.11824583169073,1050.619471934624,44,412.5,369.9840889312327,1050.485315034166,0.13415690045803785,block1:s2,policy_fcfs,mixed,1785176913.7840114,1785176913.7841458,1785176914.1541383,1785176914.83464,,,
block1-001934,104.49867125134915,1444.067121250555,64,15.0,103.91772200819105,1443.4861720073968,0.580949243158102,block1:s2,policy_fcfs,mixed,1785176913.970662,1785176913.9712434,1785176914.0751688,1785176915.4147375,,,
block1-001935,272.3142943577841,757.2603933513165,31,15.0,271.7710549477488,756.7171539412811,0.5432394100353122,block1:s2,policy_fcfs,mixed,1785176914.2577758,1785176914.2583196,1785176914.5301018,1785176915.0150478,,,
block1-001936,471.6355778509751,1111.688866862096,48,350.0,470.5899009713903,1110.643189982511,1.0456768795847893,block1:s3,policy_fcfs,mixed,1785176914.2591858,1785176914.2602317,1785176914.7308276,1785176915.3708808,,,
block1-001937,108.5802351590246,2994.748275144957,134,17.5,108.00533404108137,2994.173374027014,0.5749011179432273,block1:zero_tool,policy_fcfs,mixed,1785176914.352374,1785176914.35295,1785176914.4609683,1785176917.3471363,,,
block1-001938,67.73310294374824,4060.5869388673455,185,22.5,67.46676797047257,4060.32060389407,0.26633497327566147,block1:zero_tool,policy_fcfs,mixed,1785176914.401386,1785176914.401653,1785176914.4691331,1785176918.4619868,,,
block1-001939,81.83250552974641,10047.22978558857,453,145.0,81.58444799482822,10046.981728053652,0.24805753491818905,block1:zero_tool,policy_fcfs,mixed,1785176914.7129498,1785176914.7131991,1785176914.7947962,1785176924.7601943,,,
block1-001940,57.530020363628864,3650.9665404446423,165,287.5,56.931804982014,3650.3683250630274,0.5982153816148639,block1:zero_tool,policy_fcfs,mixed,1785176915.2937381,1785176915.2943368,1785176915.3512793,1785176918.9447165,,,
block1-001941,70.39287872612476,3138.979096664116,139,60.0,68.47066804766655,3137.0568859856576,1.9222106784582138,block1:zero_tool,policy_fcfs,mixed,1785176915.3441427,1785176915.3460667,1785176915.4145527,1785176918.483138,,,
block1-001942,531.0652536572888,1116.1264695692807,43,60.0,530.1357820862904,1115.1969979982823,0.9294715709984303,block1:s3,policy_fcfs,mixed,1785176915.4887047,1785176915.4896345,1785176916.0197794,1785176916.6048408,,,
block1-001943,92.23210951313376,3427.014813525602,154,350.0,91.04319999460131,3425.8259040070698,1.188909518532455,block1:zero_tool,policy_fcfs,mixed,1785176915.5567875,1785176915.5579798,1785176915.649049,1785176918.9838316,,,
block1-001944,439.588826848194,1199.6323998318985,48,25.0,438.2595589850098,1198.3031319687143,1.3292678631842136,block1:s4,policy_fcfs,mixed,1785176915.834299,1785176915.83563,1785176916.2739022,1785176917.0339458,,,
block1-001945,502.03783193137497,1213.0935559980571,48,135.0,501.3974269386381,1212.4531510053203,0.640404992736876,block1:s4,policy_fcfs,mixed,1785176916.1781824,1785176916.178823,1785176916.6802309,1785176917.3912864,,,
block1-001946,488.9068295015022,1177.9744455125183,48,357.5,486.8681520456448,1175.935768056661,2.038677455857396,block1:s4,policy_fcfs,mixed,1785176916.2915747,1785176916.2936153,1785176916.7805033,1785176917.469571,,,
block1-001947,457.1265160338953,1166.4518560282886,48,25.0,455.3152819862589,1164.6406219806522,1.8112340476363897,block1:s4,policy_fcfs,mixed,1785176916.4784656,1785176916.4802778,1785176916.9357324,1785176917.6450574,,,
block1-001948,428.40170580893755,1181.6302008228377,48,10.0,427.96474404167384,1181.193239055574,0.4369617672637105,block1:s4,policy_fcfs,mixed,1785176916.687053,1785176916.6874907,1785176917.1154718,1785176917.8686998,,,
block1-001949,429.6308441553265,1147.694994113408,48,95.0,429.30948198772967,1147.3736319458112,0.321362167596817,block1:s4,policy_fcfs,mixed,1785176917.0586104,1785176917.058932,1785176917.4882517,1785176918.2063158,,,
block1-001950,70.42984431609511,2756.1253922758624,128,47.5,69.64322808198631,2755.3387760417536,0.7866162341088057,block1:zero_tool,policy_fcfs,mixed,1785176917.319981,1785176917.3207705,1785176917.3904338,1785176920.0761292,,,
block1-001951,487.5710227061063,1117.5329447723925,48,15.0,485.6214029714465,1115.5833250377327,1.949619734659791,block1:s4,policy_fcfs,mixed,1785176917.5148678,1785176917.5168207,1785176918.002471,1785176918.6324327,,,
block1-001952,373.38947819080204,989.8726341780275,43,20.0,372.399716055952,988.8828720431775,0.9897621348500252,block1:s1,policy_fcfs,mixed,1785176917.5704405,1785176917.5714307,1785176917.9438415,1785176918.5603247,,,
block1-001953,107.21060982905328,3113.510391791351,145,15.0,106.49930802173913,3112.799089984037,0.7113018073141575,block1:zero_tool,policy_fcfs,mixed,1785176917.757846,1785176917.7585585,1785176917.8650677,1785176920.8713675,,,
block1-001954,288.2216746220365,766.5791446343064,36,10.0,287.9916940582916,766.3491640705615,0.2299805637449026,block1:s1,policy_fcfs,mixed,1785176917.79717,1785176917.7974005,1785176918.085403,1785176918.56376,,,
block1-001955,59.55926107708365,3039.745065034367,143,17.5,58.898356975987554,3039.084160933271,0.6609041010960937,block1:zero_tool,policy_fcfs,mixed,1785176917.9465568,1785176917.9472177,1785176918.0061295,1785176920.986316,,,
block1-001956,292.0025611529127,775.1212171278894,36,85.0,291.18824505712837,774.3069010321051,0.8143160957843065,block1:s1,policy_fcfs,mixed,1785176918.169876,1785176918.170691,1785176918.4618907,1785176918.9450088,,,
block1-001957,72.96392775606364,6026.782224769704,268,140.0,72.52335094381124,6026.341647957452,0.4405768122524023,block1:zero_tool,policy_fcfs,mixed,1785176918.4909377,1785176918.4913785,1785176918.5639105,1785176924.5177293,,,
block1-001958,247.3021800396964,849.7622250579298,39,297.5,245.47153699677438,847.9315820150077,1.83064304292202,block1:s1,policy_fcfs,mixed,1785176918.5384622,1785176918.540294,1785176918.7857785,1785176919.3882382,,,
block1-001959,65.56742696557194,3074.0828089183196,145,15.0,64.571354072541,3073.0867360252887,0.9960728930309415,block1:zero_tool,policy_fcfs,mixed,1785176918.7225635,1785176918.7235608,1785176918.788145,1785176921.7966607,,,
block1-001960,251.2224204838276,876.2971675023437,37,320.0,250.52478001452982,875.5995270330459,0.6976404692977667,block1:s2,policy_fcfs,mixed,1785176918.9662697,1785176918.9669685,1785176919.2175047,1785176919.8425794,,,
block1-001961,282.64412248972803,931.6556585254148,40,572.5,281.6978628979996,930.7093989336863,0.9462595917284489,block1:s2,policy_fcfs,mixed,1785176919.1054373,1785176919.106385,1785176919.3880985,1785176920.03711,,,
block1-001962,315.3215176425874,848.4801226295531,36,820.0,313.90458496753126,847.0631899544969,1.4169326750561595,block1:s2,policy_fcfs,mixed,1785176919.2452257,1785176919.2466428,1785176919.5605586,1785176920.0937173,,,
block1-001963,95.87375191040337,1637.8987738862634,74,282.5,95.2629119856283,1637.2879339614883,0.610839924775064,block1:s2,policy_fcfs,mixed,1785176919.5581625,1785176919.5587742,1785176919.6540513,1785176921.1960766,,,
block1-001964,313.3254748536274,773.5945818712935,36,95.0,312.5015989644453,772.7707059821114,0.8238758891820908,block1:s2,policy_fcfs,mixed,1785176919.6838055,1785176919.6846316,1785176919.9971657,1785176920.457435,,,
block1-001965,422.66615154221654,997.3399526206776,44,395.0,422.51310497522354,997.1869060536847,0.15304656699299812,block1:s2,policy_fcfs,mixed,1785176920.3312602,1785176920.3314145,1785176920.7539432,1785176921.3286169,,,
block1-001966,103.81854884326458,1503.1880468595773,67,132.5,103.21001801639795,1502.5795160327107,0.6085308268666267,block1:s2,policy_fcfs,mixed,1785176920.500196,1785176920.5008054,1785176920.604026,1785176922.003396,,,
block1-001967,245.8007384557277,818.1330414954573,37,10.0,244.96953189373016,817.3018349334598,0.8312065619975328,block1:s2,policy_fcfs,mixed,1785176920.5855267,1785176920.5863602,1785176920.831351,1785176921.4036841,,,
block1-001968,441.4595274720341,1082.3100995039567,48,12.5,440.7178770052269,1081.5684490371495,0.7416504668071866,block1:s3,policy_fcfs,mixed,1785176920.6023788,1785176920.6031218,1785176921.0438514,1785176921.6847022,,,
block1-001969,403.86286366265267,1197.1247696783394,48,85.0,403.6154879722744,1196.877393987961,0.2473756903782487,block1:s3,policy_fcfs,mixed,1785176921.4324794,1785176921.432727,1785176921.8363516,1785176922.6296144,,,
block1-001970,367.2370902495459,1078.2505641691387,41,287.5,367.1139160869643,1078.127390006557,0.123174162581563,block1:s3,policy_fcfs,mixed,1785176921.8047519,1785176921.8048754,1785176922.1719978,1785176922.8830113,,,
block1-001971,389.3371823942289,1300.8601483888924,41,20.0,388.65367707330734,1300.1766430679709,0.6835053209215403,block1:s3,policy_fcfs,mixed,1785176922.2949104,1785176922.2955952,1785176922.6842594,1785176923.5957825,,,
block1-001972,455.6780180428177,1296.0624101106077,41,135.0,454.6236980240792,1295.0080900918692,1.0543200187385082,block1:s3,policy_fcfs,mixed,1785176922.3427389,1785176922.3437946,1785176922.7984297,1785176923.6388142,,,
block1-001973,510.40333579294384,1362.503889715299,46,50.0,509.64094104710966,1361.7414949694648,0.7623947458341718,block1:s3,policy_fcfs,mixed,1785176922.4337697,1785176922.4345345,1785176922.944198,1785176923.7962976,,,
block1-001974,597.73283242248,1421.6847264906392,49,160.0,596.7022980330512,1420.6541921012104,1.0305343894287944,block1:s3,policy_fcfs,mixed,1785176922.4375207,1785176922.4385517,1785176923.0352647,1785176923.859217,,,
block1-001975,470.13097326271236,1367.6737672649324,49,350.0,469.9283780064434,1367.4711720086634,0.20259525626897812,block1:s3,policy_fcfs,mixed,1785176922.6619878,1785176922.662192,1785176923.1321356,1785176924.029679,,,
block1-001976,84.25029960926622,4964.713462628424,194,60.0,83.07683398015797,4963.539996999316,1.1734656291082501,block1:zero_tool,policy_fcfs,mixed,1785176922.7573466,1785176922.7585213,1785176922.8416138,1785176927.722077,,,
block1-001977,69.81037824880332,4136.525744223036,156,135.0,68.83999600540847,4135.555361979641,0.9703822433948517,block1:zero_tool,policy_fcfs,mixed,1785176922.7715054,1785176922.772477,1785176922.8413265,1785176926.9080424,,,
block1-001978,619.3031241418794,1308.890876127407,48,60.0,618.2675589807332,1307.8553109662607,1.0355651611462235,block1:s4,policy_fcfs,mixed,1785176922.9078214,1785176922.90886,1785176923.5271547,1785176924.2167425,,,
block1-001979,100.11331923305988,3754.7120252856985,139,545.0,99.90100900176913,3754.4997150544077,0.21231023129075766,block1:zero_tool,policy_fcfs,mixed,1785176923.1311047,1785176923.1313176,1785176923.2312303,1785176926.8858292,,,
block1-001980,593.010122072883,1277.8869670582935,48,10.0,592.6669159671292,1277.5437609525397,0.3432061057537794,block1:s4,policy_fcfs,mixed,1785176923.1389818,1785176923.1393251,1785176923.7320015,1785176924.4168777,,,
block1-001981,574.7084731701761,1259.9166161380708,48,47.5,573.7058700760826,1258.9140130439773,1.0026030940935016,block1:s4,policy_fcfs,mixed,1785176923.17749,1785176923.178493,1785176923.7522092,1785176924.4374175,,,
block1-001982,580.8170101372525,1263.6675441171974,48,10.0,580.0175629556179,1262.8680969355628,0.7994471816346049,block1:s4,policy_fcfs,mixed,1785176923.1931396,1785176923.19394,1785176923.7739692,1785176924.45682,,,
block1-001983,580.446156556718,1263.95420555491,48,107.5,579.0532610844821,1262.561310082674,1.3928954722359776,block1:s4,policy_fcfs,mixed,1785176923.1931484,1785176923.1945415,1785176923.7736006,1785176924.4571085,,,
block1-001984,422.39815928041935,1067.1575443120673,43,17.5,421.38668498955667,1066.1460700212047,1.0114742908626795,block1:s1,policy_fcfs,mixed,1785176923.3303163,1785176923.3313296,1785176923.7527323,1785176924.3974922,,,
block1-001985,100.52006761543453,1470.1463505625725,65,115.0,100.00665707048029,1469.6329400176182,0.5134105449542403,block1:s1,policy_fcfs,mixed,1785176923.3869345,1785176923.3874488,1785176923.4874654,1785176924.8570924,,,
block1-001986,272.282971534878,913.3490015519783,40,92.5,270.8225429523736,911.8885729694739,1.4604285825043917,block1:s1,policy_fcfs,mixed,1785176923.5238748,1785176923.5253363,1785176923.796175,1785176924.4372413,,,
block1-001987,86.94295643363148,1600.8354594232515,71,307.5,85.36599308717996,1599.2584960768,1.576963346451521,block1:s1,policy_fcfs,mixed,1785176923.6247008,1785176923.6262784,1785176923.711654,1785176925.225547,,,
block1-001988,77.04675698187202,4145.975762978196,166,170.0,76.6017239075154,4145.5307299038395,0.44503307435661554,block1:zero_tool,policy_fcfs,mixed,1785176923.634653,1785176923.6350985,1785176923.7117054,1785176927.7806346,,,
block1-001989,59.33577450923622,3662.7006825292483,143,107.5,58.57921997085214,3661.944127990864,0.7565545383840799,block1:zero_tool,policy_fcfs,mixed,1785176923.8871636,1785176923.8879216,1785176923.9465134,1785176927.5498784,,,
block1-001990,66.41947501339018,5186.285290983506,197,412.5,64.97245200444013,5184.8382679745555,1.4470230089500546,block1:zero_tool,policy_fcfs,mixed,1785176924.1073897,1785176924.1088376,1785176924.1738212,1785176929.2936866,,,
block1-001991,74.2984910029918,1484.1043730266392,68,15.0,74.02875798288733,1483.8346400065348,0.26973302010446787,block1:s1,policy_fcfs,mixed,1785176924.2176766,1785176924.2179465,1785176924.2919836,1785176925.7017894,,,
block1-001992,248.47211060114205,851.3447826262563,37,155.0,247.8788939770311,850.7515660021454,0.5932166241109371,block1:s2,policy_fcfs,mixed,1785176924.4916046,1785176924.4921987,1785176924.7400894,1785176925.3429623,,,
block1-001993,70.18131506629288,4342.18978905119,156,357.5,69.91324503906071,4341.921719023958,0.2680700272321701,block1:zero_tool,policy_fcfs,mixed,1785176924.7291331,1785176924.729402,1785176924.7993255,1785176929.0713344,,,
block1-001994,93.07464212179184,1984.2121371766552,64,15.0,92.74012397509068,1983.877619029954,0.3345181467011571,block1:s2,policy_fcfs,mixed,1785176924.8011143,1785176924.8014493,1785176924.8942006,1785176926.7853382,,,
block1-001995,68.19265324156731,3871.0753922350705,136,820.0,67.83351395279169,3870.716252946295,0.35913928877562284,block1:zero_tool,policy_fcfs,mixed,1785176924.8682287,1785176924.86859,1785176924.9364493,1785176928.739331,,,
block1-001996,301.9620318664238,855.7101768674329,35,17.5,301.6539290547371,855.4020740557462,0.3081028116866946,block1:s2,policy_fcfs,mixed,1785176925.0009623,1785176925.0012717,1785176925.3029428,1785176925.8566911,,,
block1-001997,259.9228450562805,1465.1942821219563,41,172.5,259.2904199846089,1464.5618570502847,0.6324250716716051,block1:s2,policy_fcfs,mixed,1785176925.4013228,1785176925.4019558,1785176925.6612573,1785176926.8665283,,,
block1-001998,102.35118691343814,2042.66735794954,67,177.5,101.90973000135273,2042.2259010374546,0.44145691208541393,block1:s2,policy_fcfs,mixed,1785176925.6792424,1785176925.6796842,1785176925.781605,1785176927.7219207,,,
block1-001999,772.6319708162919,1280.861074803397,31,47.5,772.3987689241767,1280.6278729112819,0.23320189211517572,block1:s2,policy_fcfs,mixed,1785176925.6858046,1785176925.686038,1785176926.4584434,1785176926.966673,,,
7eba32c5ed309a549e16cb8f1794ba3a,146.76107617560774,5522.499989136122,207,10.0,145.99426405038685,5521.733177010901,0.7668121252208948,block1:trace,policy_fcfs,mixed,1785176925.6956906,1785176925.6964576,1785176925.8426178,1785176931.2183561,,,
5adf433bc2e4195bd7ef382c6c889b95,933.1993935629725,1341.0324936266989,28,60.0,932.40055302158,1340.2336530853063,0.7988405413925648,block1:trace,policy_fcfs,mixed,1785176925.7059617,1785176925.706761,1785176926.639171,1785176927.0470035,,,
758ea06009c678a342085d29a206c7ce,315.4970637988299,947.4237977992743,31,10.0,314.200722030364,946.1274560308084,1.2963417684659362,block1:trace,policy_fcfs,mixed,1785176926.1428432,1785176926.144143,1785176926.4583635,1785176927.09029,,,
92b8951b88159b4f1b1e4116b3f8e80c,297.2551368875429,702.7980278944597,26,50.0,296.6968839755282,702.2397749824449,0.5582529120147228,block1:trace,policy_fcfs,mixed,1785176926.4242146,1785176926.4247754,1785176926.7214956,1785176927.1270382,,,
46416569378bfce2f330ee1b996f15f6,173.4393738443032,1685.5930328601971,56,545.0,172.8526959195733,1685.0063549354672,0.5866779247298837,block1:trace,policy_fcfs,mixed,1785176927.0022984,1785176927.002887,1785176927.1757522,1785176928.687906,,,
c000d3ac5878c891e5776a9ee748b819,104.94404856581241,5003.298917552456,206,10.0,104.27470796275884,5002.629576949403,0.6693406030535698,block1:trace,policy_fcfs,mixed,1785176927.0635471,1785176927.0642166,1785176927.1685002,1785176932.0668547,,,
836c44364150391728a9bb76d84b11f9,294.15803344454616,729.8864754848182,28,92.5,293.6400539474562,729.3684959877282,0.517979497089982,block1:trace,policy_fcfs,mixed,1785176927.1937575,1785176927.1942756,1785176927.4879267,1785176927.9236543,,,
61ab27469179a8d20d10b4ab2963209b,86.65163838304579,6796.635849401355,271,17.5,85.74429003056139,6795.72850104887,0.907348352484405,block1:trace,policy_fcfs,mixed,1785176927.2836313,1785176927.28454,1785176927.3702981,1785176934.0802827,,,
913f72b4333690403d9a30abd93949d1,170.52704212255776,1722.0716070150957,56,105.0,169.87306403461844,1721.4176289271563,0.653978087939322,block1:trace,policy_fcfs,mixed,1785176927.3891408,1785176927.3897965,1785176927.5596857,1785176929.11123,,,
d8f93f06b93fdff3fff5e575a870b601,67.28603458032012,10061.87385157682,399,15.0,66.35379802901298,10060.941615025513,0.9322365513071418,block1:trace,policy_fcfs,mixed,1785176927.632637,1785176927.6335702,1785176927.699934,1785176937.694522,,,
1bd17147da3b449a267511e3a004382d,202.74523389525712,1330.4104468552396,38,117.5,201.99633797165006,1329.6615509316325,0.7488959236070514,block1:trace,policy_fcfs,mixed,1785176927.8410885,1785176927.8418381,1785176928.0438454,1785176929.17151,,,
13bb600e64d52b8b04f167d8df85507c,596.8218692578375,1089.491727296263,26,572.5,595.8169569494203,1088.4868149878457,1.0049123084172606,block1:trace,policy_fcfs,mixed,1785176927.9086156,1785176927.9096208,1785176928.505445,1785176928.9981186,,,
38ce90a921739308e8dcb305e874b076,277.9380901483819,2117.3082611057907,80,550.0,277.32816303614527,2116.698333993554,0.609927112236619,block1:trace,policy_fcfs,mixed,1785176928.108755,1785176928.1093655,1785176928.3867078,1785176930.2260776,,,
2e43416311c97a10ecafb221a80e4947,353.3405363559723,8927.980225300416,358,307.5,353.00696606282145,8927.646655007266,0.3335702931508422,block1:trace,policy_fcfs,mixed,1785176928.5053704,1785176928.5057042,1785176928.8587217,1785176937.4333625,,,
59457a3b339fbd612c7a15e28fddc630,215.3632416157052,1930.7269266573712,78,320.0,215.1176769984886,1930.4813620401546,0.24556461721658707,block1:trace,policy_fcfs,mixed,1785176928.523616,1785176928.5238621,1785176928.7389858,1785176930.4543495,,,
fdbb1fab71ec2f219480410082aaa700,183.47071146126837,1730.560187366791,71,485.0,182.46114801149815,1729.5506239170209,1.0095634497702122,block1:trace,policy_fcfs,mixed,1785176928.782017,1785176928.783027,1785176928.965499,1785176930.5125883,,,
a84addf55839616eda694c16b68310a0,178.13659983221442,1535.7622829033062,62,95.0,177.72886191960424,1535.354544990696,0.4077379126101732,block1:trace,policy_fcfs,mixed,1785176928.8356824,1785176928.8360913,1785176929.013831,1785176930.371456,,,
eb9453e7437651807ba8f12d7460448f,189.64145157951862,1136.2668336369097,44,135.0,188.55933204758912,1135.1847141049802,1.082119531929493,block1:trace,policy_fcfs,mixed,1785176929.2349925,1785176929.236076,1785176929.4246483,1785176930.3712733,,,
4d602a5b8bd629a2c0cdcef59e069d2a,178.72876464389265,1438.3079626131803,58,350.0,177.5951120071113,1437.174309976399,1.1336526367813349,block1:trace,policy_fcfs,mixed,1785176929.257305,1785176929.2584388,1785176929.4360461,1785176930.695626,,,
f7c225c0c39616faa35f312e2351832a,156.31801984272897,1901.7013888806105,80,297.5,155.2642589667812,1900.6476280046627,1.0537608759477735,block1:trace,policy_fcfs,mixed,1785176929.5374987,1785176929.538553,1785176929.6939192,1785176931.4393032,,,
0cca76cc3ca0d6e890c548195f267bcc,205.46512922737747,8748.779155313969,351,177.5,203.75282096210867,8747.0668470487,1.7123082652688026,block1:trace,policy_fcfs,mixed,1785176929.5520718,1785176929.5537844,1785176929.7575445,1785176938.300859,,,
399e9384a77d048276bcab8ed40d2a06,121.54368171468377,3707.5663757277653,150,20.0,120.19728205632418,3706.2199760694057,1.3463996583595872,block1:trace,policy_fcfs,mixed,1785176929.6364732,1785176929.637821,1785176929.7580302,1785176933.3440535,,,
a1fc6050cd23d5b5a2aa0b1903664f7b,297.880521742627,1901.3536548009142,81,105.0,297.39402898121625,1900.8671620395035,0.4864927614107728,block1:trace,policy_fcfs,mixed,1785176929.689908,1785176929.6903956,1785176929.9878018,1785176931.591275,,,
167904016dc8a8c52b5e5270d0c8c00e,66.04857300408185,2067.2022809740156,90,17.5,64.99682005960494,2066.1505280295387,1.0517529444769025,block1:trace,policy_fcfs,mixed,1785176930.1596057,1785176930.1606584,1785176930.2256653,1785176932.226819,,,
4c2b04c011712e2cf8c052bce94537ec,152.7337912702933,1165.675099240616,44,145.0,151.7285710433498,1164.6698790136725,1.005220226943493,block1:trace,policy_fcfs,mixed,1785176930.5557947,1785176930.5568008,1785176930.7085407,1785176931.7214823,,,
9610b9cdee775a760c04f530fce99362,161.44025546964258,2226.95101541467,81,280.0,160.08296504151076,2225.5937249865383,1.3572904281318188,block1:trace,policy_fcfs,mixed,1785176930.6726754,1785176930.6740336,1785176930.8341277,1785176932.8996382,,,
6cd994a1e2e3d5a2a017314cd0caf180,94.92126945406199,3207.321705413051,126,15.0,93.38488907087594,3205.785325029865,1.5363803831860423,block1:trace,policy_fcfs,mixed,1785176930.7310877,1785176930.7326243,1785176930.8260198,1785176933.9384203,,,
187b278d55de04dc8ca4117618cfbd56,159.9116699071601,1546.1911128368229,62,107.5,158.9851250173524,1545.2645679470152,0.9265448898077011,block1:trace,policy_fcfs,mixed,1785176930.8376746,1785176930.8386016,1785176930.9975975,1785176932.383877,,,
edcec609ff7bf1e65630e415e82ff7fb,97.48820471577346,3668.6606886796653,142,15.0,96.39878093730658,3667.5712649011984,1.0894237784668803,block1:trace,policy_fcfs,mixed,1785176930.891522,1785176930.8926115,1785176930.9890196,1785176934.5601912,,,
28221743887b39264b796a9e076d48aa,332.1238493081182,1048.8452924182639,39,47.5,331.18802995886654,1047.9094730690122,0.9358193492516875,block1:trace,policy_fcfs,mixed,1785176931.0628283,1785176931.0637653,1785176931.3949652,1785176932.1116865,,,
d88d4d2d221233bd5d36172b59bb4d48,315.6477498123422,6225.972130894661,239,170.0,314.45622397586703,6224.780605058186,1.1915258364751935,block1:trace,policy_fcfs,mixed,1785176931.1422808,1785176931.1434753,1785176931.4579628,1785176937.3682873,,,
548464e367bcbb5191857c38592a6c15,78.57837318442762,15962.840144173242,724,20.0,77.01342890504748,15961.275199893862,1.5649442793801427,block1:trace,policy_fcfs,mixed,1785176931.4249077,1785176931.4264734,1785176931.5034971,1785176947.3877606,,,
67328d8f9ba24c0eb27d51b97f7452b9,350.30594817362726,805.457292124629,27,107.5,349.6088139945641,804.7601579455659,0.6971341790631413,block1:trace,policy_fcfs,mixed,1785176931.4975445,1785176931.4982426,1785176931.8478653,1785176932.3030164,,,
d0f26dc69ab8bfc523b09278a72dcbac,196.32557092700154,5852.02324797865,223,282.5,194.4812019355595,5850.178878987208,1.8443689914420247,block1:trace,policy_fcfs,mixed,1785176931.5358129,1785176931.537659,1785176931.7321541,1785176937.3878524,,,
3d305e802ea24247695f7f1c683f4abc,89.30482645519078,15439.49995143339,699,15.0,88.62626808695495,15438.821393065155,0.6785583682358265,block1:trace,policy_fcfs,mixed,1785176931.6426172,1785176931.6432972,1785176931.7319353,1785176947.0821311,,,
bfcd3e5a0bdf2e1076ff4a3c6058b785,301.6548639861867,14918.91675000079,670,75.0,300.5481680156663,14917.81005403027,1.1066959705203772,block1:trace,policy_fcfs,mixed,1785176931.7436993,1785176931.744806,1785176932.045363,1785176946.6626256,,,
bbd0676a7661be624e24c0c0d2ae8afc,106.7208849126473,11248.160035000183,486,22.5,106.05884389951825,11247.497993987054,0.6620410131290555,block1:trace,policy_fcfs,mixed,1785176931.78185,1785176931.7825127,1785176931.888583,1785176943.030022,,,
e59c3398cf21d42898de7a6489e6462c,165.61251075472683,1658.0478717805818,56,117.5,165.1511270320043,1657.5864880578592,0.46138372272253036,block1:trace,policy_fcfs,mixed,1785176932.1375751,1785176932.13804,1785176932.303222,1785176933.7956579,,,
2edb508ced48c09379f12135683148a4,433.04706178605556,1847.5961068179458,58,152.5,432.3637179331854,1846.9127629650757,0.6833438528701663,block1:trace,policy_fcfs,mixed,1785176932.3543313,1785176932.3550153,1785176932.7873898,1785176934.201939,,,
53825a835bbe66a5bc0f73f69a041c66,298.80522354505956,4764.604703523219,181,357.5,298.36432402953506,4764.163804007694,0.44089951552450657,block1:trace,policy_fcfs,mixed,1785176932.488185,1785176932.4886293,1785176932.787022,1785176937.2528214,,,
d112becaac3b29d41a6e31fdc66cbd57,154.99659860506654,499.87728567793965,16,115.0,153.43473991379142,498.31542698666453,1.5618586912751198,block1:trace,policy_fcfs,mixed,1785176932.7996423,1785176932.8012052,1785176932.9547935,1785176933.2996745,,,
6e8aa3f75688fcceeb652abf550a3788,69.4323064526543,2639.9974025553092,105,12.5,69.10467299167067,2639.6697690943256,0.327633460983634,block1:trace,policy_fcfs,mixed,1785176932.829864,1785176932.8301928,1785176932.89931,1785176935.469876,,,
cabfb78966d427734223bf4115904520,174.11016148980707,3485.3466955246404,134,282.5,173.21555595844984,3484.452089993283,0.8946055313572288,block1:trace,policy_fcfs,mixed,1785176932.9955919,1785176932.9964879,1785176933.1697178,1785176936.480955,,,
7ba7f36dc0ca614925a9ecc1351a39cf,78.42309423722327,7862.684820313007,336,15.0,77.76178896892816,7862.0235150447115,0.6613052682951093,block1:trace,policy_fcfs,mixed,1785176933.0347972,1785176933.0354593,1785176933.1132333,1785176940.8974953,,,
0f5f50b42d96f1fbe1ab84f38ef0df45,180.03542767837644,1568.3578096795827,54,85.0,178.89902903698385,1567.2214110381901,1.1363986413925886,block1:trace,policy_fcfs,mixed,1785176933.5955172,1785176933.596655,1785176933.7755668,1785176935.16389,,,
0830ab29a701c1fb09238ade2070111d,377.23058089613914,13007.364516844973,597,820.0,377.0062500843778,13007.140186033212,0.22433081176131964,block1:trace,policy_fcfs,mixed,1785176933.7706244,1785176933.7708495,1785176934.1478655,1785176946.7780004,,,
4c3b78878d4758af14524c65505ce024,69.93394659366459,3605.8871775167063,142,20.0,69.05572710093111,3605.008958023973,0.8782194927334785,block1:trace,policy_fcfs,mixed,1785176933.9629622,1785176933.9638405,1785176934.0329058,1785176937.5688589,,,
4a788fdebd738d606e4e26720ef0f792,218.61878922209144,1605.029717204161,58,140.0,218.095415038988,1604.5063430210575,0.5233741831034422,block1:trace,policy_fcfs,mixed,1785176933.98204,1785176933.9825637,1785176934.2006674,1785176935.5870783,,,
9993958a01bab41edd38186aaf5b69d1,283.8353192200884,817.2609561588615,28,172.5,282.65393001493067,816.0795669537038,1.1813892051577568,block1:trace,policy_fcfs,mixed,1785176934.052101,1785176934.0532844,1785176934.335961,1785176934.8693867,,,
1f71126c5eac70999ec0c49c7d8f7a11,183.25042887590826,1626.2032348895445,59,60.0,182.24753299728036,1625.2003390109167,1.0028958786278963,block1:trace,policy_fcfs,mixed,1785176934.2436357,1785176934.2446387,1785176934.4268966,1785176935.8698497,,,
ca34e497adb7104ea4a17f38f8e725f7,86.01847931277007,2909.308599308133,113,17.5,84.93143098894507,2908.221550984308,1.0870483238250017,block1:trace,policy_fcfs,mixed,1785176934.2502809,1785176934.2513683,1785176934.3363051,1785176937.159596,,,
d5d88091912481a5370e8f515884581d,349.90768576972187,801.9468197599053,26,100.0,349.71318196039647,801.7523159505799,0.19450380932539701,block1:trace,policy_fcfs,mixed,1785176934.368034,1785176934.368229,1785176934.717952,1785176935.1699913,,,
fa46980d6c53fb042ffdc5dcda1f86fd,122.63907177839428,4632.851630798541,189,17.5,122.19968298450112,4632.412242004648,0.43938879389315844,block1:trace,policy_fcfs,mixed,1785176934.4372845,1785176934.437724,1785176934.5599356,1785176939.0701485,,,
d438a0f8ccd3f6aca6231d37cff76ede,211.8358165025711,1904.857142479159,69,95.0,211.0908010508865,1904.1121270274743,0.7450154516845942,block1:trace,policy_fcfs,mixed,1785176934.438015,1785176934.4387605,1785176934.6498587,1785176936.3428805,,,
5c337c4aa06bb71ecad6c1c1048d4584,147.77046267408878,13303.803348680958,625,10.0,147.01938501093537,13303.052271017805,0.75107766315341,block1:trace,policy_fcfs,mixed,1785176934.502186,1785176934.5029392,1785176934.6499774,1785176947.80601,,,
c95c0451560500f3100c2e9974fcb221,202.6277561672032,1721.9976192573085,62,52.5,201.97284198366106,1721.3427050737664,0.6549141835421324,block1:trace,policy_fcfs,mixed,1785176934.601063,1785176934.601718,1785176934.8036993,1785176936.3230689,,,
00f0daca0a1cd93921335b9a0cbff421,320.36721031181514,3123.165925266221,120,217.5,319.5117290597409,3122.310444014147,0.8554812520742416,block1:trace,policy_fcfs,mixed,1785176934.7759483,1785176934.7768066,1785176935.0963433,1785176937.8991416,,,
d3056c212cb319b617cbdc60a60898e3,72.19077623449266,9649.320266209543,444,15.0,70.8847320638597,9648.01422203891,1.3060441706329584,block1:trace,policy_fcfs,mixed,1785176934.9766872,1785176934.977995,1785176935.0489109,1785176944.6260397,,,
4a1e22c4b6812b0590a448708ddabc59,211.532705812715,1522.6551258238032,54,287.5,210.75581398326904,1521.8782339943573,0.7768918294459581,block1:trace,policy_fcfs,mixed,1785176935.0645013,1785176935.0652785,1785176935.2760468,1785176936.5871692,,,
77d1a8c34095b709ff61e623749bb9ac,204.72023030743003,720.4120643436909,22,110.0,204.19077994301915,719.88261397928,0.5294503644108772,block1:trace,policy_fcfs,mixed,1785176935.2667851,1785176935.2673156,1785176935.4715173,1785176935.9872103,,,
71c138f995102b398fda90ff13638aba,104.5906861545518,2327.9172021429986,90,15.0,104.1232030838728,2327.4497190723196,0.46748307067900896,block1:trace,policy_fcfs,mixed,1785176935.367406,1785176935.3678746,1785176935.4720106,1785176937.6953373,,,
780905b19621b7c64531696d5a2b20ba,357.36120969522744,832.3834537295625,27,70.0,356.88433004543185,831.9065740797669,0.47687964979559183,block1:trace,policy_fcfs,mixed,1785176935.4887927,1785176935.4892719,1785176935.8461738,1785176936.3211958,,,
f74afc3e00a6eb78b5475bc41d63f2da,179.3667412130162,3493.5328031424433,141,322.5,178.80531796254218,3492.9713798919693,0.5614232504740357,block1:trace,policy_fcfs,mixed,1785176935.5575519,1785176935.5581143,1785176935.7369297,1785176939.0510955,,,
a6ac39901dce0f5fbf9ba60876e3edb5,170.8296665456146,686.3393505336717,22,187.5,169.3847170099616,684.8944009980187,1.444949535652995,block1:trace,policy_fcfs,mixed,1785176935.9460242,1785176935.9474695,1785176936.116864,1785176936.632373,,,
f30c9585b8b3abd64fce572ec7cd21c6,93.37975818198174,26507.23944325,1404,15.0,92.83693297766149,26506.69661804568,0.5428252043202519,block1:trace,policy_fcfs,mixed,1785176936.0237038,1785176936.024249,1785176936.117104,1785176962.5309644,,,
27d0eddcf7b46d1e0685d30f356a4a13,184.44244284182787,2249.2065377300605,87,115.0,183.66332503501326,2248.427419923246,0.779117806814611,block1:trace,policy_fcfs,mixed,1785176936.1188772,1785176936.1196566,1785176936.3033311,1785176938.368095,,,
31e92ac2ec9459262da7859903d4c53c,98.07621757499874,3569.7672634851187,152,10.0,97.63242804910988,3569.32347395923,0.4437895258888602,block1:trace,policy_fcfs,mixed,1785176936.1419475,1785176936.1423912,1785176936.24003,1785176939.7117214,,,
1d5043aefb85496bbfe75c40500ed75e,167.77563095092773,1488.7891989201307,54,132.5,166.99693200644106,1488.010499975644,0.7786989444866776,block1:trace,policy_fcfs,mixed,1785176936.3301606,1785176936.3309395,1785176936.497946,1785176937.8189597,,,
2a90888288ecc36c7a7e932ceddaad63,379.4917433988303,12295.142288319767,597,395.0,379.0178820490837,12294.66842697002,0.4738613497465849,block1:trace,policy_fcfs,mixed,1785176936.6147394,1785176936.6152134,1785176936.994241,1785176948.9098911,,,
5558b3142fffd0dc0d4b17751ebddcab,112.75704356376082,8758.719485602342,418,25.0,112.51073097810149,8758.473173016682,0.24631258565932512,block1:trace,policy_fcfs,mixed,1785176936.7648792,1785176936.7651265,1785176936.8776479,1785176945.5236106,,,
3ac99427681a55795db7c2bac4e70ea5,194.21726244036108,1516.90007338766,60,412.5,193.85000504553318,1516.5328159928322,0.3672573948279023,block1:trace,policy_fcfs,mixed,1785176937.4018323,1785176937.4021995,1785176937.5960574,1785176938.9187405,,,
fe0030d8f43ef28681407903b625070b,75.62074007000774,3240.126614109613,148,12.5,75.08783496450633,3239.5937090041116,0.5329051055014133,block1:trace,policy_fcfs,mixed,1785176937.4526446,1785176937.4531791,1785176937.528281,1785176940.6927874,,,
6e9a5ec465e4b1d2a6883ce717855bbc,213.01035792566836,2354.773935978301,100,155.0,212.26689394097775,2354.0304719936103,0.7434639846906066,block1:trace,policy_fcfs,mixed,1785176937.5002713,1785176937.5010166,1785176937.7133012,1785176939.855068,,,
38fb67b12f449385ad372aee944624fe,128.96616896614432,2538.826707052067,113,12.5,128.80417692940682,2538.6647150153294,0.16199203673750162,block1:trace,policy_fcfs,mixed,1785176937.5839002,1785176937.584062,1785176937.7128727,1785176940.1227338,,,
b47cf155edc621a66364c8e594e0c94c,173.36333787534386,3958.7252269266173,182,160.0,172.83331998623908,3958.1952090375125,0.5300178891047835,block1:trace,policy_fcfs,mixed,1785176937.6633937,1785176937.6639245,1785176937.836768,1785176941.6221306,,,
