request_id,ttft_ms,ttlt_ms,output_tokens,baseline_service_ms,send_ttft_ms,send_ttlt_ms,dispatch_lag_ms,category,policy,profile,scheduled_at_unix_s,dispatched_at_unix_s,first_token_at_unix_s,completed_at_unix_s,error,http_status,decision_fail_open
block1-000000,344.6125932969153,1026.0134362615645,43,20.0,343.6872190795839,1025.088062044233,0.9253742173314095,block1:s1,fcfs,mixed,1785143680.0824175,1785143680.0833435,1785143680.4270387,1785143681.10844,,,
block1-000001,50.16685859300196,5544.495864538476,176,25.0,49.32783800177276,5543.656843947247,0.8390205912292004,block1:zero_tool,fcfs,mixed,1785143680.206711,1785143680.2075508,1785143680.2568872,1785143685.7512164,,,
block1-000002,318.2175492402166,1004.4599613174796,42,572.5,317.17422895599157,1003.4166410332546,1.0433202842250466,block1:s1,fcfs,mixed,1785143680.6807213,1785143680.6817648,1785143680.9989457,1785143681.685188,,,
block1-000003,67.25912925321609,9013.903885264881,242,25.0,66.33465900085866,9012.979415012524,0.9244702523574233,block1:zero_tool,fcfs,mixed,1785143680.866301,1785143680.8672256,1785143680.9335682,1785143689.880213,,,
block1-000004,49.91240054368973,5313.949125586078,147,177.5,49.26192795392126,5313.298652996309,0.6504725897684693,block1:zero_tool,fcfs,mixed,1785143681.3773644,1785143681.3780153,1785143681.4272842,1785143686.6913211,,,
block1-000005,56.23058439232409,2221.898203366436,67,15.0,55.269525037147105,2220.937144011259,0.9610593551769853,block1:s1,fcfs,mixed,1785143681.4775362,1785143681.4784975,1785143681.5337744,1785143683.6994421,,,
block1-000006,50.16133701428771,8434.414599090815,209,85.0,49.381777993403375,8433.63504006993,0.779559020884335,block1:zero_tool,fcfs,mixed,1785143681.8725317,1785143681.8733115,1785143681.922701,1785143690.3069541,,,
block1-000007,62.845308566465974,6159.327365574427,155,287.5,62.24012898746878,6158.72218599543,0.6051795789971948,block1:zero_tool,fcfs,mixed,1785143682.3535025,1785143682.3541079,1785143682.4163558,1785143688.512838,,,
block1-000008,69.53762576449662,5787.9045337904245,145,412.5,68.9026229083538,5787.269530934282,0.6350028561428189,block1:zero_tool,fcfs,mixed,1785143682.4583266,1785143682.458962,1785143682.5278723,1785143688.2462392,,,
block1-000009,531.04654524941,1686.5147781791165,44,145.0,530.1129859872162,1685.5812189169228,0.9335592621937394,block1:s2,fcfs,mixed,1785143682.9045439,1785143682.9054775,1785143683.4355967,1785143684.5910652,,,
block1-000010,51.35393759701401,6796.594443614595,164,117.5,51.165073993615806,6796.405580011196,0.18886360339820385,block1:zero_tool,fcfs,mixed,1785143683.4406228,1785143683.4408119,1785143683.4919856,1785143690.2372265,,,
block1-000011,551.1282902443781,1711.6914412472397,43,287.5,550.8020180277526,1711.3651690306142,0.32627221662551165,block1:s2,fcfs,mixed,1785143684.284246,1785143684.2845724,1785143684.8353827,1785143685.995946,,,
block1-000012,50.94986304175109,10931.942808092572,265,15.0,50.77638500370085,10931.769330054522,0.17347803805023432,block1:zero_tool,fcfs,mixed,1785143684.6349032,1785143684.6350768,1785143684.6858613,1785143695.5668545,,,
block1-000013,582.6671493705362,1788.6133163701743,44,20.0,582.1431870572269,1788.089354056865,0.5239623133093119,block1:s2,fcfs,mixed,1785143685.112139,1785143685.112663,1785143685.694815,1785143686.9007611,,,
block1-000014,89.62146169506013,2847.471958724782,67,12.5,88.73156795743853,2846.5820649871603,0.8898937376216054,block1:s2,fcfs,mixed,1785143685.3807526,1785143685.3816428,1785143685.470383,1785143688.2282336,,,
block1-000015,484.48043083772063,1551.1377828661352,34,545.0,484.1273089405149,1550.7846609689295,0.3531218972057104,block1:s2,fcfs,mixed,1785143686.4530265,1785143686.4533799,1785143686.9375153,1785143688.0041728,,,
block1-000016,748.2045704964548,2118.1152635253966,48,155.0,747.2988599911332,2117.209553020075,0.9057105053216219,block1:s3,fcfs,mixed,1785143686.4916713,1785143686.4925773,1785143687.2398844,1785143688.609795,,,
block1-000017,87.83481398131698,6731.357777956873,160,287.5,87.63388101942837,6731.156844994985,0.20093296188861132,block1:zero_tool,fcfs,mixed,1785143686.5079908,1785143686.508192,1785143686.595833,1785143693.239356,,,
block1-000018,58.76441451255232,5373.695024405606,128,12.5,58.53977706283331,5373.470386955887,0.22463744971901178,block1:zero_tool,fcfs,mixed,1785143686.6730082,1785143686.6732333,1785143686.7317822,1785143692.0467129,,,
block1-000019,806.3542782329023,2261.4306572359055,48,100.0,805.4709470598027,2260.547326062806,0.8833311730995774,block1:s3,fcfs,mixed,1785143687.0366826,1785143687.0375662,1785143687.8430445,1785143689.2981212,,,
block1-000020,80.39696933701634,6190.528437262401,147,572.5,79.8587379977107,6189.990205923095,0.5382313393056393,block1:zero_tool,fcfs,mixed,1785143687.122189,1785143687.1227274,1785143687.2025948,1785143693.3127265,,,
block1-000021,668.9917254261672,2027.4224334862083,43,10.0,667.9861600277945,2026.4168680878356,1.0055653983727098,block1:s3,fcfs,mixed,1785143687.325264,1785143687.3262696,1785143687.9942646,1785143689.352695,,,
block1-000022,903.5014370456338,2267.0565330190584,49,412.5,903.2438449794427,2266.7989409528673,0.25759206619113684,block1:s3,fcfs,mixed,1785143687.364243,1785143687.364501,1785143688.2677531,1785143689.6313086,,,
block1-000023,551.3377884635702,1992.5552975619212,43,15.0,550.6472069537267,1991.8647160520777,0.6905815098434687,block1:s3,fcfs,mixed,1785143687.5621514,1785143687.5628424,1785143688.1134994,1785143689.5547168,,,
block1-000024,76.1796769220382,7146.066062967293,172,10.0,74.92673897650093,7144.813125021756,1.2529379455372691,block1:zero_tool,fcfs,mixed,1785143687.928144,1785143687.9293973,1785143688.0043323,1785143695.0742188,,,
block1-000025,689.176456653513,2147.8722755564377,48,152.5,688.1118740420789,2146.8076929450035,1.0645826114341617,block1:s4,fcfs,mixed,1785143687.9578147,1785143687.9588795,1785143688.6470013,1785143690.1056976,,,
block1-000026,53.829781827516854,8011.821968830191,190,132.5,53.26794902794063,8011.260136030614,0.5618327995762229,block1:zero_tool,fcfs,mixed,1785143688.7286963,1785143688.7292583,1785143688.7825365,1785143696.7405288,,,
block1-000027,873.8639323273674,2166.4796792902052,48,320.0,873.2799319550395,2165.8956789178774,0.5840003723278642,block1:s4,fcfs,mixed,1785143688.796152,1785143688.7967362,1785143689.670026,1785143690.962642,,,
block1-000028,871.1508548585698,2164.3719598650932,48,17.5,870.5202280543745,2163.741333060898,0.6306268041953444,block1:s4,fcfs,mixed,1785143688.7988229,1785143688.7994537,1785143689.6699812,1785143690.9632022,,,
block1-000029,843.0894648190588,2134.541024803184,48,322.5,842.6224610302597,2134.074021014385,0.46700378879904747,block1:s4,fcfs,mixed,1785143688.8649604,1785143688.865428,1785143689.708059,1785143690.999511,,,
block1-000030,768.8108913134784,2058.750933269039,48,95.0,768.5580010293052,2058.4980429848656,0.2528902841731906,block1:s4,fcfs,mixed,1785143689.0554576,1785143689.055711,1785143689.8242788,1785143691.114219,,,
block1-000031,756.2562156235799,2045.1491705607623,48,132.5,755.7575890095904,2044.6505439467728,0.4986266139894724,block1:s4,fcfs,mixed,1785143689.106524,1785143689.107023,1785143689.8627899,1785143691.1516829,,,
block1-000032,554.2840189300478,1753.1679589301348,43,280.0,553.4555800259113,1752.3395200259984,0.8284389041364193,block1:s1,fcfs,mixed,1785143689.4744127,1785143689.4752412,1785143690.0287051,1785143691.227589,,,
block1-000033,80.7474828325212,2898.9249238511547,71,10.0,79.7598889330402,2897.9373299516737,0.9875938994809985,block1:s1,fcfs,mixed,1785143689.8511088,1785143689.8520966,1785143689.9318657,1785143692.7500434,,,
block1-000034,77.28977070655674,7970.2032807981595,192,15.0,76.95438398513943,7969.867894076742,0.33538672141730785,block1:zero_tool,fcfs,mixed,1785143689.85465,1785143689.8549857,1785143689.9319487,1785143697.8248625,,,
block1-000035,74.83916578348726,3028.359687770717,75,10.0,73.92108091153204,3027.4416028987616,0.9180848719552159,block1:s1,fcfs,mixed,1785143690.1734126,1785143690.1743312,1785143690.248261,1785143693.2017813,,,
block1-000036,512.2500030556694,1453.6740181501955,36,105.0,511.63872494362295,1453.062740038149,0.6112781120464206,block1:s1,fcfs,mixed,1785143690.3480217,1785143690.3486333,1785143690.860283,1785143691.801706,,,
block1-000037,416.8677916750312,1359.6485645975918,34,170.0,416.52454202994704,1359.3053149525076,0.3432496450841427,block1:s1,fcfs,mixed,1785143690.3852963,1785143690.3856401,1785143690.8021739,1785143691.7449546,,,
block1-000038,538.6418699054047,1748.8354329252616,43,12.5,537.9901340929791,1748.183697112836,0.6517358124256134,block1:s1,fcfs,mixed,1785143690.8394313,1785143690.8400831,1785143691.378082,1785143692.5882757,,,
block1-000039,80.23457101080567,2717.73630194366,68,145.0,79.96407803148031,2717.4658089643344,0.2704929793253541,block1:s1,fcfs,mixed,1785143690.8825212,1785143690.8827918,1785143690.962765,1785143693.6002672,,,
block1-000040,53.5059564281255,16165.499725495465,387,10.0,53.0474690021947,16165.041238069534,0.45848742593079805,block1:zero_tool,fcfs,mixed,1785143691.3658783,1785143691.3663373,1785143691.4193935,1785143707.5313878,,,
block1-000041,472.9672829853371,1478.4499319503084,36,17.5,471.9627749873325,1477.4454239523038,1.0045079980045557,block1:s2,fcfs,mixed,1785143691.5356305,1785143691.5366352,1785143692.0086088,1785143693.0140915,,,
block1-000042,93.75002479646355,2650.0961588462815,64,145.0,93.38501701131463,2649.7311510611326,0.36500778514891863,block1:s2,fcfs,mixed,1785143692.0475678,1785143692.0479329,1785143692.1413276,1785143694.6976728,,,
block1-000043,101.94683470763266,3268.625296652317,78,17.5,101.55966901220381,3268.238130956888,0.38716569542884827,block1:s2,fcfs,mixed,1785143692.486492,1785143692.4868798,1785143692.5884507,1785143695.755129,,,
block1-000044,505.217996891588,1453.0786869581789,35,412.5,504.3714309576899,1452.2321210242808,0.8465659338980913,block1:s2,fcfs,mixed,1785143692.5085738,1785143692.5094213,1785143693.0138035,1785143693.9616637,,,
block1-000045,52.23772407043725,6002.374503063038,143,572.5,51.23242293484509,6001.369201927446,1.0053011355921626,block1:zero_tool,fcfs,mixed,1785143693.265495,1785143693.2665007,1785143693.3177426,1785143699.2678792,,,
block1-000046,69.81529807671905,14154.730484005995,336,107.5,68.84652201551944,14153.761707944795,0.9687760611996055,block1:zero_tool,fcfs,mixed,1785143693.6460679,1785143693.6470368,1785143693.7158923,1785143707.8008087,,,
block1-000047,440.9306694287807,1460.207345429808,34,10.0,440.4401960782707,1459.716872079298,0.4904733505100012,block1:s2,fcfs,mixed,1785143693.7679906,1785143693.7684813,1785143694.2089298,1785143695.2282066,,,
block1-000048,60.34989934414625,5328.753422363661,126,10.0,59.276813990436494,5327.6803370099515,1.0730853537097573,block1:zero_tool,fcfs,mixed,1785143693.8632123,1785143693.8642857,1785143693.9235737,1785143699.1919773,,,
block1-000049,67.49198888428509,5432.811919832602,128,17.5,66.95034704171121,5432.270277990028,0.5416418425738811,block1:zero_tool,fcfs,mixed,1785143694.0475597,1785143694.0481014,1785143694.1150594,1785143699.4803793,,,
block1-000050,766.2198968464509,2151.666286867112,48,160.0,765.5055649811402,2150.9519550018013,0.714331865310669,block1:s3,fcfs,mixed,1785143694.2879236,1785143694.2886379,1785143695.0541534,1785143696.4396,,,
block1-000051,415.4746615095064,1717.7078725071624,39,17.5,415.26941303163767,1717.5026240292937,0.2052484778687358,block1:s3,fcfs,mixed,1785143694.5086763,1785143694.5088818,1785143694.9241593,1785143696.2263925,,,
block1-000052,772.4045676877722,2156.33382066153,48,170.0,772.1536490134895,2156.082901987247,0.2509186742827296,block1:s3,fcfs,mixed,1785143694.906736,1785143694.906987,1785143695.6791499,1785143697.0630789,,,
block1-000053,55.60439813416451,5850.576974102296,140,160.0,55.007894057780504,5849.980470025912,0.5965040763840079,block1:zero_tool,fcfs,mixed,1785143695.0778513,1785143695.0784478,1785143695.1334646,1785143700.928437,,,
block1-000054,861.1701966729015,1927.1356246899813,43,282.5,860.2745479438454,1926.2399759609252,0.8956487290561199,block1:s3,fcfs,mixed,1785143695.2346115,1785143695.2355072,1785143696.0957906,1785143697.1617558,,,
block1-000055,768.3929008198902,2174.7820627642795,48,282.5,767.7245490485802,2174.1137109929696,0.6683517713099718,block1:s3,fcfs,mixed,1785143695.5538523,1785143695.5545213,1785143696.3222551,1785143697.7286444,,,
block1-000056,94.92561861407012,6553.24000667315,154,115.0,94.2511250032112,6552.565513062291,0.6744936108589172,block1:zero_tool,fcfs,mixed,1785143695.750454,1785143695.7511287,1785143695.8453877,1785143702.303702,,,
block1-000057,56.22905702330172,8157.56349102594,193,15.0,54.465476074256,8155.799910076894,1.7635809490457177,block1:zero_tool,fcfs,mixed,1785143695.7911763,1785143695.7929404,1785143695.847413,1785143703.948748,,,
block1-000058,811.7683795280755,2139.3284904770553,48,105.0,811.0927600646392,2138.652871013619,0.6756194634363055,block1:s4,fcfs,mixed,1785143696.080369,1785143696.0810447,1785143696.8921483,1785143698.2197084,,,
block1-000059,762.4228227650747,2128.259536693804,49,25.0,760.9748840332031,2126.8115979619324,1.4479387318715453,block1:s4,fcfs,mixed,1785143696.2441928,1785143696.2456415,1785143697.0066266,1785143698.3724627,,,
block1-000060,738.6339638615027,2066.5644828695804,48,412.5,737.9785369848832,2065.909055992961,0.6554268766194582,block1:s4,fcfs,mixed,1785143696.382562,1785143696.3832176,1785143697.121206,1785143698.449137,,,
block1-000061,741.1306507419795,2045.2895547496155,48,282.5,740.3044210514054,2044.4633250590414,0.8262296905741096,block1:s4,fcfs,mixed,1785143696.5115633,1785143696.5123897,1785143697.2546968,1785143698.558857,,,
block1-000062,764.9575595278293,2033.7997445603833,48,15.0,763.3546279976144,2032.1968130301684,1.6029315302148461,block1:s4,fcfs,mixed,1785143697.1338336,1785143697.1354368,1785143697.8988104,1785143699.1676528,,,
block1-000063,713.6779160937294,2012.6524220686406,48,282.5,713.2914020912722,2012.2659080661833,0.3865140024572611,block1:s4,fcfs,mixed,1785143697.229762,1785143697.2301488,1785143697.9434528,1785143699.2424276,,,
block1-000064,101.36386379599571,6184.0505038853735,148,10.0,99.50319293420762,6182.189833023585,1.860670861788094,block1:zero_tool,fcfs,mixed,1785143697.3571718,1785143697.359033,1785143697.458547,1785143703.5412333,,,
block1-000065,82.81785331200808,7708.003537263721,184,282.5,82.39404205232859,7707.579726004042,0.4238112596794963,block1:zero_tool,fcfs,mixed,1785143697.3775125,1785143697.3779373,1785143697.4603546,1785143705.0855403,,,
block1-000066,541.0943431779742,1752.7757571078837,43,12.5,540.1021880097687,1751.7836019396782,0.9921551682054996,block1:s1,fcfs,mixed,1785143697.8312206,1785143697.832213,1785143698.372324,1785143699.5840054,,,
block1-000067,70.7964530447498,5743.03154007066,137,140.0,69.16466203983873,5741.399749065749,1.631791004911065,block1:zero_tool,fcfs,mixed,1785143697.91407,1785143697.915702,1785143697.9848824,1785143703.6571171,,,
block1-000068,486.2107092048973,1582.1254582842812,39,10.0,485.7242709258571,1581.639020005241,0.4864382790401578,block1:s1,fcfs,mixed,1785143697.963138,1785143697.9636247,1785143698.4493594,1785143699.5452738,,,
block1-000069,87.12705259677023,2476.3540275162086,60,15.0,86.339793051593,2475.5667679710314,0.7872595451772213,block1:s1,fcfs,mixed,1785143698.471905,1785143698.4726927,1785143698.5590425,1785143700.9482698,,,
block1-000070,75.5642190342769,33646.57417405397,809,12.5,74.640589999035,33645.650545018725,0.9236290352419019,block1:zero_tool,fcfs,mixed,1785143698.4828918,1785143698.4838157,1785143698.5584645,1785143732.1294737,,,
block1-000071,82.18674664385617,2880.080468719825,69,177.5,80.57773602195084,2878.47145809792,1.6090106219053268,block1:s1,fcfs,mixed,1785143698.6615922,1785143698.6632016,1785143698.7437916,1785143701.541685,,,
block1-000072,481.6293603507802,1719.556313357316,41,105.0,480.84614297840744,1718.7730959849432,0.7832173723727465,block1:s2,fcfs,mixed,1785143698.7863514,1785143698.787135,1785143699.2679927,1785143700.50592,,,
block1-000073,435.6245214585215,1668.7745364615694,40,20.0,435.0575569551438,1668.2075719581917,0.566964503377676,block1:s2,fcfs,mixed,1785143698.9911528,1785143698.9917202,1785143699.4267907,1785143700.6599407,,,
block1-000074,64.84170688781887,21461.088185897097,512,545.0,64.68162196688354,21460.92810097616,0.16008492093533278,block1:zero_tool,fcfs,mixed,1785143699.0258143,1785143699.0259748,1785143699.090666,1785143720.486912,,,
block1-000075,55.717074777930975,6056.824904750101,143,357.5,54.942804970778525,6056.050634942949,0.7742698071524501,block1:zero_tool,fcfs,mixed,1785143699.192453,1785143699.1932273,1785143699.2481773,1785143705.2492855,,,
block1-000076,66.94795447401702,6342.50345651526,150,282.5,66.6578869568184,6342.213388998061,0.2900675171986222,block1:zero_tool,fcfs,mixed,1785143699.3199635,1785143699.3202536,1785143699.3869197,1785143705.6624756,,,
block1-000077,492.0924815814942,1691.2806335603818,41,115.0,491.60408799070865,1690.7922399695963,0.488393590785563,block1:s2,fcfs,mixed,1785143699.4130747,1785143699.4135637,1785143699.9051797,1785143701.1043684,,,
block1-000078,92.42500981781632,2896.457924740389,67,50.0,91.64657106157392,2895.6794859841466,0.7784387562423944,block1:s2,fcfs,mixed,1785143699.6972795,1785143699.698058,1785143699.7897134,1785143702.5937462,,,
block1-000079,454.9968361388892,1414.132306119427,34,160.0,454.556692042388,1413.692162022926,0.4401440965011716,block1:s2,fcfs,mixed,1785143699.8947308,1785143699.8951712,1785143700.3497357,1785143701.3088717,,,
block1-000080,76.66597014758736,5347.508966224268,126,115.0,76.24401699285954,5347.08701306954,0.4219531547278166,block1:zero_tool,fcfs,mixed,1785143700.0021715,1785143700.0025938,1785143700.0788512,1785143705.3496943,,,
block1-000081,469.4219253724441,1540.9893174655735,33,60.0,468.52744999341667,1540.0948420865461,0.8944753790274262,block1:s3,fcfs,mixed,1785143701.0530193,1785143701.053914,1785143701.522451,1785143702.594018,,,
block1-000082,64.82718884944916,6912.287653889507,161,10.0,63.83553403429687,6911.295999074355,0.9916548151522875,block1:zero_tool,fcfs,mixed,1785143701.328286,1785143701.3292778,1785143701.393122,1785143708.240583,,,
block1-000083,425.6324506131932,1896.4382306439802,41,115.0,425.05668895319104,1895.862468983978,0.575761660002172,block1:s3,fcfs,mixed,1785143701.3487766,1785143701.349353,1785143701.7744176,1785143703.2452233,,,
block1-000084,805.5889827664942,2127.458731760271,48,17.5,804.5516719575971,2126.421420951374,1.0373108088970184,block1:s3,fcfs,mixed,1785143701.7293143,1785143701.730352,1785143702.5349138,1785143703.8567832,,,
block1-000085,795.8311500260606,2037.2289139777422,46,145.0,794.7869040071964,2036.184667958878,1.0442460188642144,block1:s3,fcfs,mixed,1785143701.7589483,1785143701.7599928,1785143702.5547864,1785143703.7961845,,,
block1-000086,728.8120430894196,2007.0380821125582,46,155.0,728.6125459941104,2006.838585017249,0.1994970953091979,block1:s3,fcfs,mixed,1785143701.9789329,1785143701.979133,1785143702.707757,1785143703.9859831,,,
block1-000087,529.9059987301007,1851.880586706102,43,22.5,529.1098220041022,1851.0844099801034,0.7961767259985209,block1:s3,fcfs,mixed,1785143702.00504,1785143702.0058362,1785143702.5349526,1785143703.8569272,,,
block1-000088,745.5471580615267,2110.2941191056743,48,110.0,744.6270079817623,2109.37396902591,0.9201500797644258,block1:s4,fcfs,mixed,1785143702.7570705,1785143702.7579908,1785143703.5026288,1785143704.8673756,,,
block1-000089,708.0066696507856,2078.044827678241,48,20.0,706.6372360568494,2076.6753940843046,1.3694335939362645,block1:s4,fcfs,mixed,1785143703.0072207,1785143703.0085907,1785143703.7152374,1785143705.0852757,,,
block1-000090,107.49836126342416,6438.123382278718,151,170.0,106.3818969996646,6437.0069180149585,1.1164642637595534,block1:zero_tool,fcfs,mixed,1785143703.0438697,1785143703.0449867,1785143703.1513782,1785143709.4820035,,,
block1-000091,68.34616011474282,7398.37959210854,172,50.0,67.28475703857839,7397.318189032376,1.0614030761644244,block1:zero_tool,fcfs,mixed,1785143703.1838784,1785143703.18494,1785143703.252233,1785143710.5822666,,,
block1-000092,64.7564735263586,5812.953305547126,136,15.0,63.761183992028236,5811.958016012795,0.995289534330368,block1:zero_tool,fcfs,mixed,1785143703.7108,1785143703.7117956,1785143703.7755644,1785143709.5237615,,,
block1-000093,788.8263850472867,2058.6064220406115,48,60.0,788.0643679527566,2057.8444049460813,0.7620170945301652,block1:s4,fcfs,mixed,1785143703.8172848,1785143703.818047,1785143704.6061196,1785143705.8758996,,,
block1-000094,745.5223670694977,2020.395022118464,48,307.5,743.9369489438832,2018.8096039928496,1.5854181256145239,block1:s4,fcfs,mixed,1785143703.9740002,1785143703.9755857,1785143704.7195354,1785143705.994408,,,
block1-000095,77.71137298550457,7691.876712022349,179,92.5,77.20822305418551,7691.37356209103,0.5031499313190579,block1:zero_tool,fcfs,mixed,1785143704.043057,1785143704.0435605,1785143704.1207814,1785143711.734946,,,
block1-000096,572.3832412622869,1757.2571412893012,43,135.0,571.7040540184826,1756.5779540454969,0.6791872438043356,block1:s1,fcfs,mixed,1785143704.2558591,1785143704.2565384,1785143704.8282516,1785143706.0131257,,,
block1-000097,83.1338478019461,2970.8552038064227,71,115.0,82.85529096610844,2970.576646970585,0.2785568358376622,block1:s1,fcfs,mixed,1785143704.3048532,1785143704.3051324,1785143704.3879972,1785143707.2757185,,,
block1-000098,597.5949114654213,1778.4884814172983,44,412.5,596.9390949467197,1777.8326648985967,0.655816518701613,block1:s1,fcfs,mixed,1785143704.5257924,1785143704.5264485,1785143705.1233962,1785143706.3042896,,,
block1-000099,522.4629612639546,1456.2128853285685,36,282.5,521.3970579206944,1455.1469819853082,1.0659033432602882,block1:s1,fcfs,mixed,1785143704.6953907,1785143704.6964574,1785143705.2178679,1785143706.1516178,,,
block1-000100,505.31096081249416,1737.1306827990338,42,170.0,505.06455602589995,1736.8842780124396,0.24640478659421206,block1:s1,fcfs,mixed,1785143704.9211886,1785143704.921435,1785143705.426509,1785143706.6583285,,,
block1-000101,424.15344796609133,1421.5236469171941,34,15.0,423.3854120830074,1420.7556110341102,0.7680358830839396,block1:s1,fcfs,mixed,1785143705.1607773,1785143705.1615458,1785143705.5849385,1785143706.5823085,,,
block1-000102,57.515304535627365,6333.300012513064,146,135.0,56.73783097881824,6332.522538956255,0.7774735568091273,block1:zero_tool,fcfs,mixed,1785143705.2920547,1785143705.2928324,1785143705.3495793,1785143711.6253643,,,
block1-000103,70.06552710663527,11762.460898142308,279,105.0,69.07049205619842,11761.465863091871,0.9950350504368544,block1:zero_tool,fcfs,mixed,1785143705.4956381,1785143705.4966335,1785143705.5657165,1785143717.2581115,,,
block1-000104,412.319355760701,1601.0487367166206,37,95.0,411.5024390630424,1600.231820018962,0.8169166976585984,block1:s2,fcfs,mixed,1785143705.8914614,1785143705.8922784,1785143706.3037903,1785143707.4925194,,,
block1-000105,75.51290176343173,8302.379055763595,194,160.0,74.30821005254984,8301.174364052713,1.2046917108818889,block1:zero_tool,fcfs,mixed,1785143706.0373878,1785143706.0385935,1785143706.112916,1785143714.3397825,,,
block1-000106,101.40338295605034,2877.8561509680003,64,70.0,100.67241895012558,2877.1251869620755,0.7309640059247613,block1:s2,fcfs,mixed,1785143706.3321974,1785143706.3329284,1785143706.43361,1785143709.2100625,,,
block1-000107,118.27445623930544,3325.593707151711,74,95.0,116.67700298130512,3323.9962538937107,1.5974532580003142,block1:s2,fcfs,mixed,1785143706.3863258,1785143706.3879237,1785143706.5046089,1785143709.7119281,,,
block1-000108,531.8302231607959,1575.5162151763216,35,322.5,530.5625170003623,1574.248509015888,1.2677061604335904,block1:s2,fcfs,mixed,1785143706.665446,1785143706.6667142,1785143707.1972878,1785143708.2409737,,,
block1-000109,639.8149918531999,1991.9132079230621,44,110.0,639.2351979156956,1991.3334139855579,0.5797939375042915,block1:s2,fcfs,mixed,1785143706.674899,1785143706.6754794,1785143707.3147218,1785143708.66682,,,
block1-000110,146.74589259084314,2829.9545724876225,64,17.5,145.6495471065864,2828.8582270033658,1.0963454842567444,block1:s2,fcfs,mixed,1785143706.6760461,1785143706.6771426,1785143706.822798,1785143709.5060067,,,
block1-000111,55.7252160506323,7563.751784036867,179,110.0,55.32885296270251,7563.3554209489375,0.39636308792978525,block1:zero_tool,fcfs,mixed,1785143706.9829905,1785143706.9833875,1785143707.0387354,1785143714.5467615,,,
block1-000112,67.095055594109,6088.719919556752,142,107.5,66.31157803349197,6087.936441996135,0.7834775606170297,block1:zero_tool,fcfs,mixed,1785143707.1106865,1785143707.111471,1785143707.1777937,1785143713.1994185,,,
block1-000113,63.91450797673315,5537.568456958979,128,95.0,62.40167701616883,5536.055625998415,1.5128309605643153,block1:zero_tool,fcfs,mixed,1785143707.3121767,1785143707.3136904,1785143707.3761063,1785143712.8497603,,,
block1-000114,780.4437613813207,1822.642846382223,38,25.0,780.1386950304732,1822.3377800313756,0.3050663508474827,block1:s3,fcfs,mixed,1785143707.9502163,1785143707.9505222,1785143708.730671,1785143709.7728703,,,
block1-000115,550.3425470087677,1869.6028570411727,39,105.0,548.4785550506786,1867.7388650830835,1.8639919580891728,block1:s3,fcfs,mixed,1785143708.057567,1785143708.0594313,1785143708.6079216,1785143709.9271817,,,
block1-000116,629.5662688789889,1981.2425748677924,41,10.0,629.2332200100645,1980.909525998868,0.33304886892437935,block1:s3,fcfs,mixed,1785143708.0755517,1785143708.0758853,1785143708.7051294,1785143710.0568056,,,
block1-000117,79.3485080357641,4667.120723053813,108,320.0,78.24208098463714,4666.014296002686,1.106427051126957,block1:zero_tool,fcfs,mixed,1785143708.2015977,1785143708.202705,1785143708.2809565,1785143712.8687284,,,
block1-000118,896.1714359465986,1976.7900420119986,43,20.0,895.8005899330601,1976.41919599846,0.3708460135385394,block1:s3,fcfs,mixed,1785143708.3145592,1785143708.3149304,1785143709.2107418,1785143710.29136,,,
block1-000119,545.2555809170008,1975.603176979348,44,307.5,544.3097839597613,1974.6573800221086,0.9457969572395086,block1:s3,fcfs,mixed,1785143708.488918,1785143708.489864,1785143709.0341854,1785143710.4645324,,,
block1-000120,710.0550846662372,2174.7808617074043,48,172.5,708.1478979671374,2172.8736750083044,1.9071866990998387,block1:s4,fcfs,mixed,1785143708.6940072,1785143708.6959147,1785143709.404074,1785143710.8688,,,
block1-000121,823.9477570168674,2189.82357904315,48,20.0,822.8169869398698,2188.6928089661524,1.1307700769975781,block1:s4,fcfs,mixed,1785143709.467199,1785143709.4683309,1785143710.2911654,1785143711.657041,,,
block1-000122,786.8114686571062,2154.397066682577,48,155.0,786.6527499863878,2154.2383480118588,0.15871867071837187,block1:s4,fcfs,mixed,1785143709.5620883,1785143709.5622473,1785143710.348908,1785143711.7164936,,,
block1-000123,741.13848968409,2105.0968867493793,48,140.0,740.4557939153165,2104.414190980606,0.6826957687735558,block1:s4,fcfs,mixed,1785143709.745871,1785143709.7465541,1785143710.4870222,1785143711.8509808,,,
block1-000124,783.4485413040966,2091.4833262795582,48,95.0,782.8016970306635,2090.836482006125,0.6468442734330893,block1:s4,fcfs,mixed,1785143709.8703775,1785143709.871025,1785143710.6538396,1785143711.961874,,,
block1-000125,68.09389835689217,5527.61007938534,136,287.5,67.20025604590774,5526.716437074356,0.8936423109844327,block1:zero_tool,fcfs,mixed,1785143710.2234073,1785143710.2243023,1785143710.2915177,1785143715.7510338,,,
block1-000126,785.6591171585023,2072.265070164576,48,15.0,784.9200229393318,2071.5259759454057,0.7390942191705108,block1:s4,fcfs,mixed,1785143710.4505785,1785143710.4513178,1785143711.2362506,1785143712.5228567,,,
block1-000127,762.684429413639,2035.3993743192405,48,20.0,762.3832640238106,2035.098208929412,0.3011653898283839,block1:s4,fcfs,mixed,1785143710.4925075,1785143710.492809,1785143711.2552018,1785143712.5279171,,,
block1-000128,71.53969397768378,8388.49521894008,204,110.0,70.39962895214558,8387.355153914541,1.140065025538206,block1:zero_tool,fcfs,mixed,1785143710.6431024,1785143710.644243,1785143710.7146535,1785143719.031609,,,
block1-000129,73.87845031917095,2945.8149002166465,71,17.5,72.88598304148763,2944.822432938963,0.9924672776833177,block1:s1,fcfs,mixed,1785143710.9404626,1785143710.9414563,1785143711.0143716,1785143713.8863082,,,
block1-000130,97.98147424589843,6538.675751187839,160,75.0,97.41107700392604,6538.105353945866,0.5703972419723868,block1:zero_tool,fcfs,mixed,1785143711.0290287,1785143711.0295994,1785143711.1270201,1785143717.567714,,,
block1-000131,518.8600505935028,1492.1498515177518,36,117.5,518.6198910232633,1491.9096919475123,0.2401595702394843,block1:s1,fcfs,mixed,1785143711.0300264,1785143711.0302668,1785143711.548895,1785143712.5221844,,,
block1-000132,409.1999630909413,1601.1198320193216,39,15.0,408.2330360542983,1600.1529049826786,0.9669270366430283,block1:s1,fcfs,mixed,1785143711.041511,1785143711.0424788,1785143711.4507236,1785143712.6426432,,,
block1-000133,70.71626326069236,2530.7744971942157,62,117.5,70.16610004939139,2530.2243339829147,0.5501632113009691,block1:s1,fcfs,mixed,1785143711.146363,1785143711.1469142,1785143711.2170954,1785143713.6771533,,,
block1-000134,561.261749593541,1761.786778573878,43,160.0,560.1233571069315,1760.6483860872686,1.1383924866095185,block1:s1,fcfs,mixed,1785143711.5541968,1785143711.5553355,1785143712.115598,1785143713.3161232,,,
block1-000135,344.74061778746545,1274.2908077780157,31,10.0,344.08775193151087,1273.6379419220611,0.6528658559545875,block1:s1,fcfs,mixed,1785143711.827491,1785143711.8281446,1785143712.1722436,1785143713.101794,,,
block1-000136,498.13890119548887,1725.3669392084703,41,15.0,497.71471903659403,1724.9427570495754,0.4241821588948369,block1:s2,fcfs,mixed,1785143712.38979,1785143712.3902144,1785143712.8879378,1785143714.115166,,,
block1-000137,64.85333014279604,8082.881361129694,197,115.0,63.97914304398,8082.007174030878,0.8741870988160372,block1:zero_tool,fcfs,mixed,1785143712.4632137,1785143712.464088,1785143712.5280743,1785143720.5461025,,,
block1-000138,515.8323653740808,1507.6831124024466,36,107.5,515.5129589838907,1507.3637060122564,0.3194063901901245,block1:s2,fcfs,mixed,1785143712.643626,1785143712.6439457,1785143713.1594658,1785143714.1513162,,,
block1-000139,67.43241776712239,5922.335842740722,143,550.0,66.33775704540312,5921.241182019003,1.094660721719265,block1:zero_tool,fcfs,mixed,1785143713.034764,1785143713.035859,1785143713.102212,1785143718.9571154,,,
block1-000140,72.78774201404303,9498.196938075125,231,152.5,72.05941493157297,9497.468610992655,0.7283270824700594,block1:zero_tool,fcfs,mixed,1785143713.184446,1785143713.1851747,1785143713.2572448,1785143722.6826541,,,
block1-000141,639.6842614049092,1808.9809413067997,44,10.0,639.3187950598076,1808.615474961698,0.3654663451015949,block1:s2,fcfs,mixed,1785143713.3772707,1785143713.3776364,1785143714.016963,1785143715.18626,,,
block1-000142,547.7624939521775,1491.2280219141394,36,322.5,546.594446990639,1490.059974952601,1.1680469615384936,block1:s2,fcfs,mixed,1785143713.4508686,1785143713.452037,1785143713.9986398,1785143714.9421055,,,
block1-000143,444.8771404568106,1385.86768344976,34,15.0,444.12549200933427,1385.1160350022838,0.7516484474763274,block1:s2,fcfs,mixed,1785143713.7814515,1785143713.7822034,1785143714.226338,1785143715.1673284,,,
block1-000144,691.6686238255352,2091.8040728429332,48,107.5,691.0079959779978,2091.143444995396,0.6606278475373983,block1:s3,fcfs,mixed,1785143714.6070895,1785143714.6077504,1785143715.2987669,1785143716.6989026,,,
block1-000145,62.88671330548823,5257.888043299317,126,322.5,61.77929800469428,5256.780627998523,1.1074153007939458,block1:zero_tool,fcfs,mixed,1785143715.8797822,1785143715.88089,1785143715.9426765,1785143721.137678,,,
block1-000146,832.1501793107018,2068.699083290994,48,297.5,831.7015919601545,2068.250495940447,0.4485873505473137,block1:s3,fcfs,mixed,1785143715.9233131,1785143715.923762,1785143716.755474,1785143717.992023,,,
block1-000147,89.23401136416942,9488.79752040375,229,12.5,89.02623597532511,9488.589745014906,0.20777538884431124,block1:zero_tool,fcfs,mixed,1785143716.016266,1785143716.016474,1785143716.1055095,1785143725.5050733,,,
block1-000148,790.1994494022802,2046.0541184293106,48,172.5,789.9157389765605,2045.770408003591,0.2837104257196188,block1:s3,fcfs,mixed,1785143716.0218203,1785143716.0221043,1785143716.8120306,1785143718.0678852,,,
block1-000149,665.7871843781322,1809.7635693848133,43,357.5,664.0742169693112,1808.0506019759923,1.7129674088209867,block1:s3,fcfs,mixed,1785143716.182025,1785143716.1837387,1785143716.8478217,1785143717.9917989,,,
block1-000150,750.7814920973033,2040.3657030547038,48,107.5,749.7608810663223,2039.3450920237228,1.0206110309809446,block1:s3,fcfs,mixed,1785143716.3670118,1785143716.368033,1785143717.1178045,1785143718.4073887,,,
block1-000151,536.0943655250594,1881.9407285191119,44,105.0,534.5083839492872,1880.3547469433397,1.5859815757721663,block1:s3,fcfs,mixed,1785143716.3938825,1785143716.3954685,1785143716.9299839,1785143718.2758303,,,
block1-000152,68.50189040414989,5860.601775464602,143,15.0,67.45281594339758,5859.5527010038495,1.0490744607523084,block1:zero_tool,fcfs,mixed,1785143716.7853475,1785143716.7863984,1785143716.8538687,1785143722.645969,,,
block1-000153,55.54156145080924,5577.97230547294,136,22.5,54.808243992738426,5577.238988014869,0.7333174580708146,block1:zero_tool,fcfs,mixed,1785143717.068154,1785143717.0688875,1785143717.123708,1785143722.6461387,,,
block1-000154,54.3554910691455,5002.316153026186,122,280.0,53.602588013745844,5001.563249970786,0.7529030553996563,block1:zero_tool,fcfs,mixed,1785143717.283457,1785143717.2842102,1785143717.337821,1785143722.2857819,,,
block1-000155,74.43342823535204,5842.655144282617,139,297.5,73.63253098446876,5841.854247031733,0.8008972508832812,block1:zero_tool,fcfs,mixed,1785143717.9174886,1785143717.9182897,1785143717.9919312,1785143723.760153,,,
block1-000156,731.8910791072994,2085.604122141376,48,20.0,730.6219330057502,2084.334976039827,1.2691461015492678,block1:s4,fcfs,mixed,1785143717.9782143,1785143717.9794855,1785143718.710128,1785143720.0638413,,,
block1-000157,736.5844183368608,2052.9074473306537,48,217.5,735.5690120020881,2051.892040995881,1.015406334772706,block1:s4,fcfs,mixed,1785143718.1479602,1785143718.148976,1785143718.8845572,1785143720.2008803,,,
block1-000158,764.7258315701038,2033.411429496482,48,15.0,763.8106970116496,2032.4962949380279,0.9151345584541559,block1:s4,fcfs,mixed,1785143718.7610774,1785143718.7619936,1785143719.5258179,1785143720.7945035,,,
block1-000159,729.1410557227209,1998.1318827485666,48,12.5,728.5247980616987,1997.5156250875443,0.6162576610222459,block1:s4,fcfs,mixed,1785143718.8351905,1785143718.8358073,1785143719.5643425,1785143720.8333335,,,
block1-000160,70.13608585111797,6060.103337862529,147,15.0,68.88607202563435,6058.853324037045,1.2500138254836202,block1:zero_tool,fcfs,mixed,1785143719.0033844,1785143719.0046365,1785143719.0735364,1785143725.0635035,,,
block1-000161,75.55893587414175,2585.416473913938,65,10.0,74.85611899755895,2584.713657037355,0.7028168765828013,block1:s1,fcfs,mixed,1785143719.0850043,1785143719.0857072,1785143719.1605732,1785143721.6704304,,,
block1-000162,585.8666956191882,1660.4157786350697,41,160.0,585.5721159605309,1660.1211989764124,0.2945796586573124,block1:s1,fcfs,mixed,1785143719.28766,1785143719.2879546,1785143719.8735368,1785143720.9480858,,,
block1-000163,98.06893114000559,2938.471229164861,72,15.0,97.90746599901468,2938.3097640238702,0.16146514099091291,block1:s1,fcfs,mixed,1785143719.3474693,1785143719.3476312,1785143719.4455483,1785143722.28595,,,
block1-000164,509.76603850722313,1698.566179489717,42,307.5,507.83550506457686,1696.6356460470706,1.930533442646265,block1:s1,fcfs,mixed,1785143719.3634574,1785143719.3653889,1785143719.8732333,1785143721.0620337,,,
block1-000165,103.75253111124039,14349.739888100885,346,100.0,103.34264300763607,14349.32999999728,0.4098881036043167,block1:zero_tool,fcfs,mixed,1785143719.9194446,1785143719.919856,1785143720.023226,1785143734.2692127,,,
block1-000166,69.42545715719461,6448.762381216511,154,107.5,68.94468190148473,6448.281605960801,0.48077525570988655,block1:zero_tool,fcfs,mixed,1785143719.9554746,1785143719.9559555,1785143720.0249114,1785143726.4042478,,,
block1-000167,102.00702829752117,12183.693647268228,295,25.0,100.12360999826342,12181.81022896897,1.8834182992577553,block1:zero_tool,fcfs,mixed,1785143720.5546236,1785143720.5565073,1785143720.6566436,1785143732.73833,,,
block1-000168,416.925608064048,1626.3031710404903,40,187.5,416.11205402296036,1625.4896169994026,0.8135540410876274,block1:s2,fcfs,mixed,1785143720.5865245,1785143720.5873387,1785143721.003462,1785143722.2128398,,,
block1-000169,519.5924033178017,1838.241784251295,42,412.5,518.4116690652445,1837.0610499987379,1.1807342525571585,block1:s2,fcfs,mixed,1785143721.468083,1785143721.4692657,1785143721.9876943,1785143723.3063443,,,
block1-000170,624.0713365841657,1943.1909365812317,43,485.0,623.8224369008094,1942.9420368978754,0.2488996833562851,block1:s2,fcfs,mixed,1785143721.7597408,1785143721.7599897,1785143722.3838208,1785143723.702941,,,
block1-000171,95.72085039690137,3005.9353234246373,70,357.5,95.25181096978486,3005.466283997521,0.46903942711651325,block1:s2,fcfs,mixed,1785143722.040315,1785143722.0407841,1785143722.136176,1785143725.046392,,,
block1-000172,560.8335048891604,1619.4347229320556,36,320.0,560.2770729456097,1618.878290988505,0.5564319435507059,block1:s2,fcfs,mixed,1785143722.178973,1785143722.1795309,1785143722.7398238,1785143723.7984252,,,
block1-000173,842.8741001989692,2166.655639302917,49,117.5,842.3993448959664,2166.180883999914,0.4747553030028939,block1:s2,fcfs,mixed,1785143722.2155952,1785143722.2160704,1785143723.0584786,1785143724.3822603,,,
block1-000174,621.88604043331,1680.8906074147671,38,20.0,619.9698360869661,1678.9744030684233,1.916204346343875,block1:s2,fcfs,mixed,1785143722.3808892,1785143722.3828058,1785143723.0027847,1785143724.0617893,,,
block1-000175,593.489374150522,1652.6762001449242,37,115.0,592.6821279572323,1651.8689539516345,0.8072461932897568,block1:s2,fcfs,mixed,1785143722.7493846,1785143722.7501929,1785143723.3428898,1785143724.4020765,,,
block1-000176,797.9474124731496,2045.9867744939402,48,95.0,796.954208984971,2044.9935710057616,0.9932034881785512,block1:s3,fcfs,mixed,1785143723.1679013,1785143723.1688948,1785143723.9659898,1785143725.2140293,,,
block1-000177,761.2239168956876,2007.952711894177,48,10.0,760.2883930085227,2007.017188007012,0.9355238871648908,block1:s3,fcfs,mixed,1785143723.3382857,1785143723.3392217,1785143724.0995224,1785143725.346251,,,
block1-000178,763.4820064995438,1979.3163124704733,48,297.5,762.6082979841158,1978.4426039550453,0.8737085154280066,block1:s3,fcfs,mixed,1785143723.52513,1785143723.5260043,1785143724.2886236,1785143725.5044582,,,
block1-000179,728.4087784355506,2070.3744733473286,48,412.5,727.0802890416235,2069.0459839534014,1.328489393927157,block1:s3,fcfs,mixed,1785143723.8248234,1785143723.8261533,1785143724.553249,1785143725.8952143,,,
block1-000180,692.7456430858001,2089.6317621227354,48,170.0,691.0608320031315,2087.946951040067,1.6848110826686025,block1:s3,fcfs,mixed,1785143724.1635911,1785143724.165276,1785143724.8563461,1785143726.2532327,,,
block1-000181,62.52247036900371,6714.551746379584,164,115.0,62.35626700799912,6714.3855430185795,0.166203361004591,block1:zero_tool,fcfs,mixed,1785143725.3415415,1785143725.341708,1785143725.404073,1785143732.0561025,,,
block1-000182,841.1066299304366,2090.873355977237,48,297.5,840.5354679562151,2090.3021940030158,0.571161974221468,block1:s3,fcfs,mixed,1785143725.468356,1785143725.4689271,1785143726.3094697,1785143727.5592365,,,
block1-000183,611.7992325453088,1856.9132395787165,43,282.5,609.591678949073,1854.7056859824806,2.2075535962358117,block1:s3,fcfs,mixed,1785143725.6415126,1785143725.6437216,1785143726.2533295,1785143727.4984436,,,
block1-000184,773.6194374738261,2147.2851384896785,48,132.5,773.2054119696841,2146.8711129855365,0.414025504142046,block1:s4,fcfs,mixed,1785143725.724756,1785143725.7251709,1785143726.4983892,1785143727.8720553,,,
block1-000185,93.95934897474945,4922.592030954547,122,297.5,93.28331600409001,4921.915997983888,0.6760329706594348,block1:zero_tool,fcfs,mixed,1785143725.8010454,1785143725.8017225,1785143725.8950186,1785143730.7236505,,,
block1-000186,731.7654403159395,2092.3057512845844,48,17.5,730.8296300470829,2091.369941015728,0.935810268856585,block1:s4,fcfs,mixed,1785143725.8044953,1785143725.8054318,1785143726.5362716,1785143727.8968117,,,
block1-000187,687.3158328235149,2045.526289846748,48,115.0,686.9248199509457,2045.1352769741789,0.391012872569263,block1:s4,fcfs,mixed,1785143725.9623435,1785143725.9627347,1785143726.6496687,1785143728.007879,,,
block1-000188,688.0803916137666,2025.6348645780236,48,170.0,687.2309000464156,2024.7853730106726,0.849491567350924,block1:s4,fcfs,mixed,1785143726.734144,1785143726.734995,1785143727.422247,1785143728.7598014,,,
block1-000189,762.6935431035236,2023.79418106284,48,550.0,762.0281470008194,2023.1287849601358,0.6653961027041078,block1:s4,fcfs,mixed,1785143727.5081046,1785143727.50877,1785143728.2708073,1785143729.5319083,,,
block1-000190,746.222450514324,2007.8119185054675,48,10.0,745.9877530345693,2007.5772210257128,0.23469747975468636,block1:s4,fcfs,mixed,1785143727.543885,1785143727.54412,1785143728.2901163,1785143729.5517058,,,
block1-000191,703.4961852477863,1948.650760226883,48,140.0,702.7466329745948,1947.9012079536915,0.7495522731915116,block1:s4,fcfs,mixed,1785143727.6784465,1785143727.6791961,1785143728.3819602,1785143729.6271148,,,
block1-000192,65.93738007359207,4713.948521995917,117,155.0,64.64528210926801,4712.656424031593,1.292097964324057,block1:zero_tool,fcfs,mixed,1785143727.8115346,1785143727.8128273,1785143727.8774834,1785143732.5254948,,,
block1-000193,60.911004547961056,29499.152318574488,712,170.0,59.65522292535752,29497.896536951885,1.2557816226035357,block1:zero_tool,fcfs,mixed,1785143728.3263342,1785143728.3275907,1785143728.3872561,1785143757.8254976,,,
block1-000194,411.74814745318145,1586.9273535208777,40,110.0,410.66444595344365,1585.8436520211399,1.0837014997377992,block1:s1,fcfs,mixed,1785143728.385085,1785143728.3861692,1785143728.7968438,1785143729.9720232,,,
block1-000195,548.1678039068356,1477.588444831781,37,22.5,547.3100410308689,1476.7306819558144,0.8577628759667277,block1:s1,fcfs,mixed,1785143728.4938545,1785143728.4947126,1785143729.042031,1785143729.9714522,,,
block1-000196,507.08198663778603,1529.614222701639,39,85.0,506.93529401905835,1529.4675300829113,0.14669261872768402,block1:s1,fcfs,mixed,1785143728.9095092,1785143728.9096563,1785143729.416601,1785143730.4391332,,,
block1-000197,91.22360160108656,2633.240950643085,65,107.5,90.94175091013312,2632.9590999521315,0.2818506909534335,block1:s1,fcfs,mixed,1785143728.9133909,1785143728.9136734,1785143729.0046241,1785143731.5466413,,,
block1-000198,80.31425776425749,2759.410301805474,69,70.0,79.13765695411712,2758.2337009953335,1.1766008101403713,block1:s1,fcfs,mixed,1785143729.0899382,1785143729.091116,1785143729.1702669,1785143731.8493624,,,
block1-000199,69.6935037849471,11987.767738755792,285,12.5,69.39930003136396,11987.47353500221,0.2942037535831332,block1:zero_tool,fcfs,mixed,1785143729.100611,1785143729.1009054,1785143729.170315,1785143741.0883896,,,
block1-000200,447.9933361290023,1573.9597951760516,38,17.5,447.16738001443446,1573.1338390614837,0.8259561145678163,block1:s2,fcfs,mixed,1785143729.8972023,1785143729.898029,1785143730.3452146,1785143731.4711812,,,
block1-000201,54.967915755696595,5293.933127773926,124,22.5,53.814676008187234,5292.779888026416,1.1532397475093603,block1:zero_tool,fcfs,mixed,1785143730.7466724,1785143730.7478259,1785143730.8016727,1785143736.0406377,,,
block1-000202,570.718398084864,1604.6813370194286,36,145.0,569.5539490552619,1603.5168879898265,1.1644490296021104,block1:s2,fcfs,mixed,1785143731.1265125,1785143731.1276777,1785143731.697249,1785143732.7312117,,,
block1-000203,119.61709172464907,3507.3328997241333,78,10.0,119.19976491481066,3506.915572914295,0.4173268098384142,block1:s2,fcfs,mixed,1785143731.144897,1785143731.145315,1785143731.2645264,1785143734.652242,,,
block1-000204,486.2887946655974,1508.2714706659317,35,95.0,485.19281297922134,1507.1754889795557,1.0959816863760352,block1:s2,fcfs,mixed,1785143731.2297945,1785143731.2308915,1785143731.7160938,1785143732.738076,,,
block1-000205,587.6241166843101,1910.6465696822852,44,95.0,587.5165580073372,1910.5390110053122,0.10755867697298527,block1:s2,fcfs,mixed,1785143731.2423124,1785143731.2424202,1785143731.8299448,1785143733.1529677,,,
block1-000206,100.2758878748864,6616.668709786609,154,132.5,98.53941306937486,6614.932234981097,1.7364748055115342,block1:zero_tool,fcfs,mixed,1785143732.064795,1785143732.066532,1785143732.1650803,1785143738.6814735,,,
block1-000207,643.1796756805852,1689.4790556980297,37,117.5,642.45192008093,1688.7513000983745,0.727755599655211,block1:s2,fcfs,mixed,1785143732.0878482,1785143732.0885763,1785143732.7310367,1785143733.7773361,,,
block1-000208,444.4611188955605,1738.0417089443654,38,15.0,444.22112801112235,1737.8017180599272,0.23999088443815708,block1:s3,fcfs,mixed,1785143732.1006968,1785143732.1009371,1785143732.5451658,1785143733.8387465,,,
block1-000209,717.881987337023,2191.194233368151,48,17.5,717.2000779537484,2190.5123239848763,0.6819093832746148,block1:s3,fcfs,mixed,1785143732.3231258,1785143732.3238084,1785143733.0410204,1785143734.5143325,,,
block1-000210,57.40169098135084,5884.5121710328385,138,282.5,57.03726795036346,5884.147748001851,0.36442303098738194,block1:zero_tool,fcfs,mixed,1785143732.6805828,1785143732.6809475,1785143732.7379923,1785143738.5651026,,,
block1-000211,468.0716875009239,1931.2826074892655,41,140.0,466.308434959501,1929.5193549478427,1.763252541422844,block1:s3,fcfs,mixed,1785143732.9523563,1785143732.9541197,1785143733.420437,1785143734.8836477,,,
block1-000212,798.0556382099167,2194.0488811815158,48,12.5,795.9943870082498,2191.987629979849,2.0612512016668916,block1:s3,fcfs,mixed,1785143732.998741,1785143733.0008028,1785143733.7968056,1785143735.1927993,,,
block1-000213,782.9509543953463,2154.8186724539846,48,105.0,782.7768069691956,2154.644525027834,0.1741474261507392,block1:s3,fcfs,mixed,1785143733.3732016,1785143733.3733764,1785143734.1561644,1785143735.528032,,,
block1-000214,875.0678543001413,1953.5717893159017,43,320.0,874.3581549497321,1952.8620899654925,0.7096993504092097,block1:s3,fcfs,mixed,1785143733.4539719,1785143733.454682,1785143734.3290544,1785143735.407559,,,
block1-000215,95.94332030974329,6343.082696315832,149,187.5,95.6059698946774,6342.745345900767,0.3373504150658846,block1:zero_tool,fcfs,mixed,1785143733.8283167,1785143733.8286562,1785143733.9242847,1785143740.1714237,,,
block1-000216,70.74327114969492,7478.559009148739,175,60.0,70.2966779936105,7478.112415992655,0.4465931560844183,block1:zero_tool,fcfs,mixed,1785143733.8565423,1785143733.8569899,1785143733.927299,1785143741.3351145,,,
block1-000217,833.0074911937118,2072.741613141261,48,297.5,832.7011520741507,2072.4352740217,0.30633911956101656,block1:s4,fcfs,mixed,1785143733.9866676,1785143733.9869742,1785143734.819683,1785143736.0594168,,,
block1-000218,782.2040246101096,2036.8395436089486,48,75.0,781.7473479080945,2036.3828669069335,0.4566767020151019,block1:s4,fcfs,mixed,1785143734.2923708,1785143734.2928276,1785143735.074598,1785143736.3292336,,,
block1-000219,780.2814537426457,2035.2656707400456,48,217.5,779.4935039710253,2034.4777209684253,0.7879497716203332,block1:s4,fcfs,mixed,1785143734.31224,1785143734.313028,1785143735.0925303,1785143736.3475144,,,
block1-000220,698.6283919541165,1966.8592390371487,48,25.0,698.1702209450305,1966.4010680280626,0.45817100908607244,block1:s4,fcfs,mixed,1785143734.512486,1785143734.512946,1785143735.2111318,1785143736.4793627,,,
block1-000221,74.45769640617073,8790.3210404329,211,485.0,73.61467101145536,8789.478015038185,0.8430253947153687,block1:zero_tool,fcfs,mixed,1785143734.577662,1785143734.5785058,1785143734.6521323,1785143743.367995,,,
block1-000222,58.580524171702564,7239.611202152446,171,92.5,57.56003700662404,7238.590714987367,1.0204871650785208,block1:zero_tool,fcfs,mixed,1785143734.7669363,1785143734.767957,1785143734.8255284,1785143742.006559,,,
block1-000223,61.53504445683211,7360.370398382656,174,15.0,61.233818996697664,7360.069172922522,0.3012254601344466,block1:zero_tool,fcfs,mixed,1785143735.1114907,1785143735.111792,1785143735.1730337,1785143742.4718697,,,
block1-000224,543.0723943281919,1701.845932402648,43,107.5,541.9856709195301,1700.7592089939862,1.0867234086617827,block1:s1,fcfs,mixed,1785143735.2693756,1785143735.2704625,1785143735.8124566,1785143736.97123,,,
block1-000225,71.70381234027445,6956.055392278358,164,75.0,70.40924695320427,6954.760826891288,1.294565387070179,block1:zero_tool,fcfs,mixed,1785143735.3412971,1785143735.342592,1785143735.4130914,1785143742.297443,,,
block1-000226,548.656648141332,1878.1628521392122,43,105.0,547.4662380293012,1876.9724420271814,1.1904101120308042,block1:s1,fcfs,mixed,1785143736.1950958,1785143736.1962867,1785143736.7437649,1785143738.073271,,,
block1-000227,104.81440450530499,3122.6390243973583,72,60.0,104.64326909277588,3122.467888984829,0.1711354125291109,block1:s1,fcfs,mixed,1785143736.315856,1785143736.3160276,1785143736.4206815,1785143739.4385061,,,
block1-000228,501.07997516170144,1716.4760520681739,39,10.0,500.06549805402756,1715.4615749605,1.0144771076738834,block1:s1,fcfs,mixed,1785143736.337428,1785143736.338443,1785143736.838515,1785143738.0539112,,,
block1-000229,66.4513009833172,10399.382389965467,252,95.0,65.97256800159812,10398.903656983748,0.47873298171907663,block1:zero_tool,fcfs,mixed,1785143736.3571846,1785143736.3576636,1785143736.4236605,1785143746.7565913,,,
block1-000230,68.59893200453371,11419.636412989348,276,15.0,68.12682305462658,11419.164304039441,0.47210894990712404,block1:zero_tool,fcfs,mixed,1785143737.0008264,1785143737.0012994,1785143737.0694394,1785143748.420477,,,
block1-000231,84.36581143178046,2844.380335416645,63,15.0,84.00455606169999,2844.0190800465643,0.36125537008047104,block1:s1,fcfs,mixed,1785143737.131218,1785143737.1315799,1785143737.2155979,1785143739.9756124,,,
block1-000232,533.2594047067687,1854.2734977090731,41,10.0,532.8797809779644,1853.8938739802688,0.3796237288042903,block1:s2,fcfs,mixed,1785143737.2352705,1785143737.2356503,1785143737.768539,1785143739.089553,,,
block1-000233,557.7409893739969,1644.7721023578197,36,70.0,557.5087240431458,1644.5398370269686,0.23226533085107803,block1:s2,fcfs,mixed,1785143737.2689104,1785143737.269143,1785143737.8266633,1785143738.9136941,,,
block1-000234,101.921352208592,2854.623142280616,64,217.5,101.47196589969099,2854.173755971715,0.44938630890101194,block1:s2,fcfs,mixed,1785143737.3175645,1785143737.3180141,1785143737.4194949,1785143740.1721969,,,
block1-000235,101.60472081042826,3273.7800027243793,74,350.0,100.05194006953388,3272.227221983485,1.5527807408943772,block1:s2,fcfs,mixed,1785143737.5477984,1785143737.5493526,1785143737.6494212,1785143740.821597,,,
block1-000236,98.92399446107447,6349.016551394016,150,172.5,98.62275200430304,6348.715308937244,0.30124245677143335,block1:zero_tool,fcfs,mixed,1785143737.550246,1785143737.5505474,1785143737.649176,1785143743.8992682,,,
block1-000237,692.9392195306718,1939.5510444883257,44,320.0,691.1509750643745,1937.7628000220284,1.7882444662973285,block1:s2,fcfs,mixed,1785143737.6359718,1785143737.6377602,1785143738.32892,1785143739.5755317,,,
block1-000238,683.7459177477285,1694.4392257137224,38,15.0,683.3111839368939,1694.0044919028878,0.4347338108345866,block1:s2,fcfs,mixed,1785143737.8017275,1785143737.802163,1785143738.4854853,1785143739.4961786,,,
block1-000239,522.2724149934947,1533.99658203125,34,10.0,521.5105270035565,1533.2346940413117,0.7618879899382591,block1:s2,fcfs,mixed,1785143737.8260288,1785143737.8267908,1785143738.348311,1785143739.3600357,,,
block1-000240,412.5763529445976,1422.1107040066272,32,15.0,412.1703290147707,1421.7046800768003,0.40602392982691526,block1:s3,fcfs,mixed,1785143738.1316218,1785143738.1320279,1785143738.544206,1785143739.5537403,,,
block1-000241,103.54699357412755,5375.909566646442,128,52.5,103.22356200776994,5375.586135080084,0.3234315663576126,block1:zero_tool,fcfs,mixed,1785143738.1426735,1785143738.1429975,1785143738.246231,1785143743.5185933,,,
block1-000242,657.9844426596537,1663.9411617070436,38,12.5,657.3817229364067,1663.3384419837967,0.6027197232469916,block1:s3,fcfs,mixed,1785143738.721573,1785143738.7221766,1785143739.379579,1785143740.3855357,,,
block1-000243,436.1279885051772,1839.5688205491751,41,282.5,434.11540798842907,1837.556240032427,2.0125805167481303,block1:s3,fcfs,mixed,1785143739.0980577,1785143739.100071,1785143739.534201,1785143740.9376416,,,
block1-000244,737.6006065169349,2154.2612574994564,48,92.5,736.3716500112787,2153.0323009938,1.2289565056562424,block1:s3,fcfs,mixed,1785143739.5476835,1785143739.548913,1785143740.2852974,1785143741.7019584,,,
block1-000245,585.6235047103837,1925.1741126645356,43,12.5,584.2246221145615,1923.7752300687134,1.398882595822215,block1:s3,fcfs,mixed,1785143739.7576933,1785143739.7590928,1785143740.3433275,1785143741.6828785,,,
block1-000246,65.41351054329425,6669.1298505757,165,307.5,64.46815002709627,6668.184490059502,0.9453605161979795,block1:zero_tool,fcfs,mixed,1785143740.0668628,1785143740.0678086,1785143740.1322875,1785143746.7360039,,,
block1-000247,551.1806387221441,1927.5871918071061,43,75.0,550.0802309252322,1926.4867840101942,1.1004077969118953,block1:s3,fcfs,mixed,1785143740.3497796,1785143740.3508809,1785143740.900975,1785143742.2773812,,,
block1-000248,745.0276382733136,2088.4316163137555,48,12.5,744.8079219320789,2088.2118999725208,0.2197163412347436,block1:s4,fcfs,mixed,1785143740.4965322,1785143740.496752,1785143741.241569,1785143742.584973,,,
block1-000249,767.3344085924327,2033.8677045656368,48,17.5,766.5602311026305,2033.0935270758346,0.7741774898022413,block1:s4,fcfs,mixed,1785143740.8570948,1785143740.8578694,1785143741.6244407,1785143742.890974,,,
block1-000250,768.6108890920877,1997.2074821125716,48,85.0,768.1659470545128,1996.7625400749967,0.4449420375749469,block1:s4,fcfs,mixed,1785143741.218781,1785143741.2192264,1785143741.987403,1785143743.2159996,,,
block1-000251,86.8400544859469,4812.794159515761,120,105.0,85.82362299785018,4811.777728027664,1.016431488096714,block1:zero_tool,fcfs,mixed,1785143741.2894995,1785143741.2905161,1785143741.3763497,1785143746.102304,,,
block1-000252,742.1630340395495,1965.7313990173861,48,132.5,741.1913590040058,1964.7597239818424,0.9716750355437398,block1:s4,fcfs,mixed,1785143741.4400368,1785143741.4410088,1785143742.182212,1785143743.4057806,,,
block1-000253,695.6681449664757,1941.3184289587662,48,177.5,693.6938089784235,1939.344092970714,1.9743359880521894,block1:s4,fcfs,mixed,1785143741.695505,1785143741.69748,1785143742.3911858,1785143743.6368358,,,
block1-000254,67.51995498780161,5361.707714968361,136,117.5,66.1975370021537,5360.385296982713,1.3224179856479168,block1:zero_tool,fcfs,mixed,1785143742.0385568,1785143742.0398793,1785143742.1060882,1785143747.4002755,,,
block1-000255,61.44226749893278,5877.8920085169375,148,15.0,61.016379040665925,5877.466120058671,0.4258884582668543,block1:zero_tool,fcfs,mixed,1785143742.3920403,1785143742.3924665,1785143742.4534912,1785143748.2699409,,,
block1-000256,559.1869334457442,1733.3455014741048,43,95.0,558.9168790029362,1733.0754470312968,0.27005444280803204,block1:s1,fcfs,mixed,1785143743.506015,1785143743.5062854,1785143744.065337,1785143745.2394958,,,
block1-000257,93.50880049169064,28514.67780850362,677,85.0,93.21361500769854,28514.38262301963,0.29518548399209976,block1:zero_tool,fcfs,mixed,1785143743.9506853,1785143743.9509811,1785143744.0442073,1785143772.4653766,,,
block1-000258,73.68962105829269,19545.312740141526,460,10.0,73.36726994253695,19544.99038902577,0.32235111575573683,block1:zero_tool,fcfs,mixed,1785143743.9736881,1785143743.974011,1785143744.0473874,1785143763.5190108,,,
block1-000259,73.24663724284619,2848.995424224995,72,15.0,72.40616297349334,2848.154949955642,0.8404742693528533,block1:s1,fcfs,mixed,1785143744.1378908,1785143744.1387312,1785143744.2111456,1785143746.986894,,,
block1-000260,66.07343058567494,2948.5617806203663,74,117.5,65.31414901837707,2947.8024990530685,0.7592815672978759,block1:s1,fcfs,mixed,1785143744.2791502,1785143744.2799098,1785143744.3452353,1785143747.227724,,,
block1-000261,67.12664244696498,25053.950565401465,597,52.5,65.5012889765203,25052.32521193102,1.6253534704446793,block1:zero_tool,fcfs,mixed,1785143744.566644,1785143744.5682695,1785143744.6337838,1785143769.6206071,,,
block1-000262,58.04093391634524,6729.410738917068,164,15.0,57.3439069557935,6728.713711956516,0.6970269605517387,block1:zero_tool,fcfs,mixed,1785143744.8639114,1785143744.8646085,1785143744.9219635,1785143751.593333,,,
block1-000263,71.12625613808632,2401.5869301510975,60,17.5,70.76332706492394,2401.224001077935,0.3629290731623769,block1:s1,fcfs,mixed,1785143745.0164654,1785143745.0168288,1785143745.0876052,1785143747.418065,,,
block1-000264,452.97111419495195,1376.2688401620835,34,287.5,452.5173440342769,1375.8150700014085,0.45377016067504883,block1:s2,fcfs,mixed,1785143745.245903,1785143745.2463572,1785143745.6988833,1785143746.6221812,,,
block1-000265,513.0976332584396,1699.0858822828159,42,12.5,512.4774059513584,1698.4656549757347,0.6202273070812225,block1:s2,fcfs,mixed,1785143745.397874,1785143745.398495,1785143745.9109828,1785143747.096971,,,
block1-000266,511.3637513713911,1433.935519424267,36,320.0,510.30093093868345,1432.8726989915594,1.0628204327076674,block1:s2,fcfs,mixed,1785143745.5142777,1785143745.515341,1785143746.0256515,1785143746.948223,,,
block1-000267,65.95080543775111,13471.139776404016,321,287.5,65.58441801462322,13470.773388980888,0.36638742312788963,block1:zero_tool,fcfs,mixed,1785143746.1166232,1785143746.1169899,1785143746.1825833,1785143759.5877721,,,
block1-000268,103.8869027979672,8018.713069846854,192,52.5,103.58912101946771,8018.415288068354,0.29778177849948406,block1:zero_tool,fcfs,mixed,1785143746.9543302,1785143746.9546285,1785143747.0582285,1785143754.9730551,,,
block1-000269,588.6266171000898,1796.2374550988898,44,15.0,587.6119319582358,1795.2227699570358,1.0146851418539882,block1:s2,fcfs,mixed,1785143746.979925,1785143746.9809406,1785143747.5685637,1785143748.7761748,,,
block1-000270,56.971365585923195,6894.428678555414,166,115.0,56.635229033418,6894.092542002909,0.33613655250519514,block1:zero_tool,fcfs,mixed,1785143747.0398858,1785143747.0402226,1785143747.0968692,1785143753.9343262,,,
block1-000271,599.1018344648182,1576.5148544451222,37,85.0,597.9777979664505,1575.3908179467544,1.1240364983677864,block1:s2,fcfs,mixed,1785143747.7455282,1785143747.7466528,1785143748.344644,1785143749.322058,,,
block1-000272,386.09417132101953,1362.4904532916844,32,307.5,384.9750600056723,1361.3713419763371,1.1191113153472543,block1:s3,fcfs,mixed,1785143748.0515883,1785143748.052708,1785143748.4376934,1785143749.4140897,,,
block1-000273,101.96581750642508,5412.063911557198,128,15.0,100.94735701568425,5411.045451066457,1.0184604907408357,block1:zero_tool,fcfs,mixed,1785143748.0733173,1785143748.074336,1785143748.1752946,1785143753.4853926,,,
block1-000274,727.9370590113103,2172.958716051653,48,155.0,726.7750200117007,2171.7966770520434,1.1620389996096492,block1:s3,fcfs,mixed,1785143748.8357997,1785143748.836962,1785143749.5637474,1785143751.0087695,,,
block1-000275,418.91917039174587,1863.4943894576281,41,115.0,417.07722598221153,1861.6524450480938,1.8419444095343351,block1:s3,fcfs,mixed,1785143749.1446779,1785143749.1465206,1785143749.5636082,1785143751.0081832,,,
block1-000276,856.8610317306593,2119.2092617275193,48,152.5,856.2512389617041,2118.599468958564,0.6097927689552307,block1:s3,fcfs,mixed,1785143749.578507,1785143749.5791173,1785143750.4353833,1785143751.6977313,,,
block1-000277,807.4243295704946,1995.2436216408387,46,357.5,806.3744549872354,1994.1937470575795,1.049874583259225,block1:s3,fcfs,mixed,1785143749.702103,1785143749.7031531,1785143750.5095387,1785143751.6973581,,,
block1-000278,922.792682191357,1839.6976102376357,43,22.5,922.1532969968393,1839.058225043118,0.6393851945176721,block1:s3,fcfs,mixed,1785143749.7777178,1785143749.7783575,1785143750.7005205,1785143751.6174252,,,
block1-000279,589.7036821115762,1887.0722200954333,43,110.0,589.0775170410052,1886.4460550248623,0.6261650705710053,block1:s3,fcfs,mixed,1785143750.1675189,1785143750.168146,1785143750.7572358,1785143752.0546048,,,
block1-000280,778.5017418209463,2120.9996258839965,48,145.0,777.8511910000816,2120.3490750631317,0.650550820864737,block1:s4,fcfs,mixed,1785143750.1904192,1785143750.1910703,1785143750.968932,1785143752.3114297,,,
block1-000281,708.5065928986296,2086.5388239035383,48,17.5,707.5336229754612,2085.56585398037,0.9729699231684208,block1:s4,fcfs,mixed,1785143750.5259843,1785143750.5269575,1785143751.234504,1785143752.6125364,,,
block1-000282,59.649430913850665,5629.816062981263,133,117.5,59.42678195424378,5629.593414021656,0.2226489596068859,block1:zero_tool,fcfs,mixed,1785143751.5392969,1785143751.5395198,1785143751.598957,1785143757.169124,,,
block1-000283,59.87713427748531,6753.614452318288,158,132.5,59.122593025676906,6752.85991106648,0.7545412518084049,block1:zero_tool,fcfs,mixed,1785143751.6372452,1785143751.6379998,1785143751.6971312,1785143758.390868,,,
block1-000284,807.5710566481575,2070.8310026675463,48,17.5,807.2589410003275,2070.518887019716,0.31211564783006907,block1:s4,fcfs,mixed,1785143751.8049855,1785143751.805298,1785143752.6126862,1785143753.8759463,,,
block1-000285,775.2296176040545,2038.52957370691,48,105.0,773.844928946346,2037.1448850492015,1.384688657708466,block1:s4,fcfs,mixed,1785143751.8751538,1785143751.876539,1785143752.650394,1785143753.9136932,,,
block1-000286,105.70192127488554,7324.882759246975,172,107.5,105.09916592855006,7324.28000390064,0.6027553463354707,block1:zero_tool,fcfs,mixed,1785143752.2053754,1785143752.2059784,1785143752.3110862,1785143759.5302668,,,
block1-000287,737.4095778213814,2001.928080804646,48,85.0,736.903204000555,2001.4217069838196,0.5063738208264112,block1:s4,fcfs,mixed,1785143752.2136438,1785143752.214151,1785143752.9510648,1785143754.2155833,,,
block1-000288,620.866812649183,1796.8228907557204,43,117.5,620.7296829670668,1796.6857610736042,0.13712968211621046,block1:s1,fcfs,mixed,1785143752.2147224,1785143752.2148595,1785143752.8355944,1785143754.0115507,,,
block1-000289,72.35790102276951,2348.533331998624,58,132.5,71.53432397171855,2347.709754947573,0.823577051050961,block1:s1,fcfs,mixed,1785143752.3269336,1785143752.3277574,1785143752.3993008,1785143754.6754766,,,
block1-000290,547.9188200552016,1734.6952620428056,43,20.0,547.58077301085,1734.3572149984539,0.33804704435169697,block1:s1,fcfs,mixed,1785143752.518704,1785143752.519042,1785143753.0666327,1785143754.2534094,,,
block1-000291,544.6417024359107,1506.277916370891,37,15.0,543.6624210560694,1505.2986349910498,0.9792813798412681,block1:s1,fcfs,mixed,1785143752.6171532,1785143752.6181328,1785143753.1618037,1785143754.1234398,,,
block1-000292,74.17100516613573,8814.491160097532,204,15.0,73.79414001479745,8814.114294946194,0.37686515133827925,block1:zero_tool,fcfs,mixed,1785143753.1687171,1785143753.1690943,1785143753.2429001,1785143761.9832208,,,
block1-000293,81.81079546920955,2691.456872387789,63,15.0,80.95949306152761,2690.6055699801072,0.851302407681942,block1:s1,fcfs,mixed,1785143753.2883582,1785143753.2892098,1785143753.3701806,1785143755.979826,,,
block1-000294,72.66474945936352,10473.085421486758,238,177.5,71.44080393482,10471.861475962214,1.2239455245435238,block1:zero_tool,fcfs,mixed,1785143753.5707548,1785143753.571979,1785143753.6434314,1785143764.0438519,,,
block1-000295,613.3413075003773,1654.012656537816,37,217.5,612.4228119151667,1653.0941609526053,0.9184955852106214,block1:s1,fcfs,mixed,1785143754.0629072,1785143754.0638256,1785143754.6762588,1785143755.7169302,,,
block1-000296,438.0145185859874,1762.8385195275769,40,22.5,437.10178800392896,1761.9257889455184,0.9127305820584297,block1:s2,fcfs,mixed,1785143754.2936025,1785143754.2945156,1785143754.73163,1785143756.0564542,,,
block1-000297,97.46746986638755,3131.1180929187685,72,15.0,96.45950701087713,3130.110130063258,1.0079628555104136,block1:zero_tool,fcfs,mixed,1785143754.343709,1785143754.3447173,1785143754.4412088,1785143757.4748592,,,
block1-000298,517.5272036576644,1613.3870056364685,36,110.0,515.5917759984732,1611.4515779772773,1.9354276591911912,block1:s2,fcfs,mixed,1785143754.3662558,1785143754.3681915,1785143754.8837903,1785143755.9796503,,,
block1-000299,142.75092887692153,3267.4697398906574,74,95.0,141.66296098846942,3266.3817720022053,1.0879678884521127,block1:s2,fcfs,mixed,1785143754.891285,1785143754.8923736,1785143755.034056,1785143758.158775,,,
block1-000300,603.7501181708649,1857.4667741777375,42,92.5,602.7997640194371,1856.5164200263098,0.9503541514277458,block1:s2,fcfs,mixed,1785143754.8992598,1785143754.9002101,1785143755.5030174,1785143756.756734,,,
block1-000301,648.2354059116915,1629.265072871931,38,10.0,647.6147000212222,1628.6443669814616,0.6207058904692531,block1:s2,fcfs,mixed,1785143755.0499177,1785143755.0505388,1785143755.698165,1785143756.6791947,,,
block1-000302,72.25937838666141,7403.115835390054,168,15.0,71.44504389725626,7402.3015009006485,0.8143344894051552,block1:zero_tool,fcfs,mixed,1785143755.1029,1785143755.1037147,1785143755.1751704,1785143762.5060263,,,
block1-000303,508.6492649279535,1473.5912790056318,34,15.0,508.2628029631451,1473.2048170408234,0.38646196480840445,block1:s2,fcfs,mixed,1785143755.2634113,1785143755.263798,1785143755.7720697,1785143756.7370117,,,
block1-000304,716.5337237529457,2074.3490777676925,48,17.5,715.7946020597592,2073.609956074506,0.7391216931864619,block1:s3,fcfs,mixed,1785143755.477869,1785143755.4786086,1785143756.1944127,1785143757.5522282,,,
block1-000305,68.42225370928645,5952.294525690377,137,15.0,68.05980205535889,5951.932074036449,0.3624516539275646,block1:zero_tool,fcfs,mixed,1785143755.6295984,1785143755.6299615,1785143755.698035,1785143761.5819073,,,
block1-000306,59.938794816844165,6652.443311759271,152,350.0,59.63826202787459,6652.142778970301,0.30053278896957636,block1:zero_tool,fcfs,mixed,1785143755.719422,1785143755.719723,1785143755.7793682,1785143762.3718731,,,
block1-000307,58.79298225045204,5546.097002341412,128,135.0,58.42006497550756,5545.7240850664675,0.37291727494448423,block1:zero_tool,fcfs,mixed,1785143755.803582,1785143755.803956,1785143755.8623898,1785143761.3496938,,,
block1-000308,731.3867191551253,2116.7045092443004,48,10.0,731.0779859544709,2116.395776043646,0.3087332006543875,block1:s3,fcfs,mixed,1785143756.1382189,1785143756.1385276,1785143756.869615,1785143758.2549324,,,
block1-000309,70.88227442000061,8734.729330404662,197,320.0,70.0691279489547,8733.916183933616,0.8131464710459113,block1:zero_tool,fcfs,mixed,1785143756.5295494,1785143756.5303628,1785143756.6004434,1785143765.2642906,,,
block1-000310,57.57537903264165,7656.063097994775,171,170.0,56.638907990418375,7655.126626952551,0.9364710422232747,block1:zero_tool,fcfs,mixed,1785143756.8183708,1785143756.8193078,1785143756.8759575,1785143764.4744453,,,
block1-000311,738.7480266625062,2176.8091137055308,48,320.0,738.408369012177,2176.4694560552016,0.3396576503291726,block1:s3,fcfs,mixed,1785143756.8897898,1785143756.8901296,1785143757.6286821,1785143759.0667431,,,
block1-000312,707.9734915168956,2146.019867504947,48,115.0,707.1094720158726,2145.155848003924,0.8640195010229945,block1:s4,fcfs,mixed,1785143757.1173449,1785143757.1182094,1785143757.8253284,1785143759.2633748,,,
block1-000313,843.6261573806405,2130.6068043923005,48,10.0,843.3455750346184,2130.3262220462784,0.28058234602212906,block1:s4,fcfs,mixed,1785143757.7835228,1785143757.7838035,1785143758.6271572,1785143759.9141378,,,
block1-000314,67.165692220442,5915.8235472859815,130,117.5,66.34388701058924,5915.001742076129,0.8218052098527551,block1:zero_tool,fcfs,mixed,1785143757.893289,1785143757.8941116,1785143757.9604695,1785143763.809127,,,
block1-000315,72.04417616594583,6944.404015084729,154,60.0,70.90007502119988,6943.259913939983,1.144101144745946,block1:zero_tool,fcfs,mixed,1785143758.0141034,1785143758.0152478,1785143758.086158,1785143764.958518,,,
block1-000316,69.50715847779065,7210.599414422177,161,107.5,69.17918904218823,7210.271444986574,0.32796943560242653,block1:zero_tool,fcfs,mixed,1785143758.0165544,1785143758.0168827,1785143758.0860693,1785143765.2271612,,,
block1-000317,823.883448378183,2131.918885395862,48,170.0,822.8256430011243,2130.8610800188035,1.0578053770586848,block1:s4,fcfs,mixed,1785143758.0401642,1785143758.0412226,1785143758.8640597,1785143760.172095,,,
block1-000318,783.8704400928691,2092.0170471072197,48,10.0,782.6335659483448,2090.7801729626954,1.2368741445243359,block1:s4,fcfs,mixed,1785143758.2431579,1785143758.2443953,1785143759.0270586,1785143760.3352048,,,
block1-000319,731.026312452741,2038.838659413159,48,70.0,730.8196659432724,2038.6320129036903,0.20664650946855545,block1:s4,fcfs,mixed,1785143758.3743336,1785143758.3745406,1785143759.10537,1785143760.413183,,,
block1-000320,566.4859565440565,1795.780536485836,43,545.0,566.093888017349,1795.3884679591283,0.3920685267075896,block1:s1,fcfs,mixed,1785143758.4805286,1785143758.4809213,1785143759.047028,1785143760.2763228,,,
block1-000321,63.349486561492085,7772.176650585607,179,115.0,62.49808496795595,7771.325248992071,0.8514015935361385,block1:zero_tool,fcfs,mixed,1785143758.6457858,1785143758.6466377,1785143758.7091482,1785143766.4179752,,,
block1-000322,536.9342950871214,1769.5124270394444,43,107.5,536.2428170628846,1768.8209490152076,0.6914780242368579,block1:s1,fcfs,mixed,1785143758.804157,1785143758.8048487,1785143759.3411028,1785143760.5736806,,,
block1-000323,88.15931051503867,3276.750055490993,71,820.0,87.30589796323329,3275.8966429391876,0.853412551805377,block1:s1,fcfs,mixed,1785143759.4220617,1785143759.4229157,1785143759.510244,1785143762.6988344,,,
block1-000324,530.3043257445097,1915.3813738375902,42,485.0,529.5219519175589,1914.5990000106394,0.7823738269507885,block1:s1,fcfs,mixed,1785143759.6669762,1785143759.6677592,1785143760.1972933,1785143761.5823696,,,
block1-000325,456.0917259659618,1566.443420946598,34,60.0,455.3699539974332,1565.7216489780694,0.7217719685286283,block1:s1,fcfs,mixed,1785143759.760493,1785143759.761215,1785143760.2165961,1785143761.326948,,,
block1-000326,572.8299011243507,2000.8264991920441,43,187.5,571.9078739639372,1999.9044720316306,0.9220271604135633,block1:s1,fcfs,mixed,1785143759.878932,1785143759.8798544,1785143760.451773,1785143761.8797698,,,
block1-000327,72.02767068520188,2602.502870722674,56,117.5,71.6142839519307,2602.0894839894027,0.4133867332711816,block1:s1,fcfs,mixed,1785143759.9834826,1785143759.983896,1785143760.0555186,1785143762.585994,,,
block1-000328,461.73511329106987,1768.529032357037,38,25.0,461.5235289093107,1768.317447975278,0.21158438175916672,block1:s2,fcfs,mixed,1785143760.1113605,1785143760.1115723,1785143760.573233,1785143761.8800268,,,
block1-000329,68.08300467673689,5726.146544679068,128,117.5,67.26519402582198,5725.328734028153,0.8178106509149075,block1:zero_tool,fcfs,mixed,1785143760.465536,1785143760.4663541,1785143760.5336275,1785143766.1916904,,,
block1-000330,670.6836356315762,1791.3200756302103,36,217.5,670.0774859637022,1790.7139259623364,0.6061496678739786,block1:s2,fcfs,mixed,1785143760.7145345,1785143760.7151408,1785143761.385229,1785143762.5058656,,,
block1-000331,125.06090011447668,3544.4494971306995,74,75.0,124.4854109827429,3543.8740079989657,0.5754891317337751,block1:s2,fcfs,mixed,1785143760.7310092,1785143760.7315853,1785143760.8560822,1785143764.27547,,,
block1-000332,72.31102569494396,8775.8309696801,207,115.0,71.10806507989764,8774.628009065054,1.2029606150463223,block1:zero_tool,fcfs,mixed,1785143760.8445523,1785143760.8457556,1785143760.9168754,1785143769.620395,,,
block1-000333,707.86215539556,2122.6957724429667,44,545.0,707.0721799973398,2121.9057970447466,0.7899753982201219,block1:s2,fcfs,mixed,1785143760.9913826,1785143760.9921727,1785143761.699254,1785143763.1140876,,,
block1-000334,94.0125830238685,14389.367911033332,341,60.0,93.70045294053853,14389.055780950002,0.3121300833299756,block1:zero_tool,fcfs,mixed,1785143761.0306385,1785143761.0309513,1785143761.1246836,1785143775.4200385,,,
block1-000335,530.8532756753266,1667.2794297337532,34,140.0,530.546128982678,1666.9722830411047,0.30714669264853,block1:s2,fcfs,mixed,1785143761.05159,1785143761.0518973,1785143761.582451,1785143762.7188776,,,
block1-000336,798.8480464555323,2359.8423544317484,48,132.5,798.3312380965799,2359.325546072796,0.5168083589524031,block1:s3,fcfs,mixed,1785143761.1594133,1785143761.1599305,1785143761.9582725,1785143763.5192666,,,
block1-000337,454.2405599495396,1593.7527558999136,33,320.0,453.6772780120373,1593.1894739624113,0.5632819375023246,block1:s3,fcfs,mixed,1785143761.3030922,1785143761.3036559,1785143761.757342,1785143762.8968542,,,
block1-000338,752.8017942095175,2039.6201481344178,41,60.0,751.868206076324,2038.6865600012243,0.9335881331935525,block1:s3,fcfs,mixed,1785143761.6924539,1785143761.6933877,1785143762.4452653,1785143763.732084,,,
block1-000339,87.80187799129635,7189.318640972488,170,107.5,87.38276700023562,7188.899529981427,0.4191109910607338,block1:zero_tool,fcfs,mixed,1785143761.7059715,1785143761.7063909,1785143761.7937815,1785143768.8952982,,,
block1-000340,601.0717441095039,2002.567352144979,41,485.0,600.3819570178166,2001.8775650532916,0.6897870916873217,block1:s3,fcfs,mixed,1785143761.9430785,1785143761.9437687,1785143762.5441654,1785143763.9456606,,,
block1-000341,708.070780034177,2071.2388859828934,43,217.5,705.970972077921,2069.1390780266374,2.0998079562559724,block1:s3,fcfs,mixed,1785143762.2242556,1785143762.2263558,1785143762.9323401,1785143764.2955081,,,
block1-000342,974.8799679800868,2300.2999810269102,49,85.0,972.9259629966691,2298.3459760434926,1.9540049834176898,block1:s3,fcfs,mixed,1785143762.3236904,1785143762.3256447,1785143763.2985818,1785143764.6240017,,,
block1-000343,558.7972667999566,2029.989062808454,43,177.5,558.0450650304556,2029.236861038953,0.7522017695009708,block1:s3,fcfs,mixed,1785143762.5555882,1785143762.5563407,1785143763.1143959,1785143764.5855882,,,
block1-000344,857.4699125019833,2241.1509905941784,49,485.0,856.9625319214538,2240.643610013649,0.5073805805295706,block1:s4,fcfs,mixed,1785143762.8134768,1785143762.8139842,1785143763.6709554,1785143765.0546365,,,
block1-000345,824.9817132018507,2165.2713821968064,48,50.0,824.2297670803964,2164.519436075352,0.7519461214542389,block1:s4,fcfs,mixed,1785143763.0620098,1785143763.062762,1785143763.8870013,1785143765.2272906,,,
block1-000346,836.2383571220562,2176.585476147011,48,412.5,835.6681099394336,2176.0152289643884,0.5702471826225519,block1:s4,fcfs,mixed,1785143763.0701466,1785143763.0707169,1785143763.906393,1785143765.2467403,,,
block1-000347,760.8257548417896,2094.9450777843595,48,357.5,759.8210760625079,2093.940399005078,1.0046787792816758,block1:s4,fcfs,mixed,1785143763.3631809,1785143763.3641856,1785143764.124017,1785143765.4581363,,,
block1-000348,756.6029012668878,2055.58149528224,48,17.5,755.6091669248417,2054.587760940194,0.993734342046082,block1:s4,fcfs,mixed,1785143763.4603148,1785143763.4613092,1785143764.216928,1785143765.5159066,,,
block1-000349,105.13135197106749,7251.118703978136,177,15.0,103.8469480117783,7249.834300018847,1.2844039592891932,block1:zero_tool,fcfs,mixed,1785143763.4879043,1785143763.489189,1785143763.593043,1785143770.739031,,,
block1-000350,764.7859106073156,2019.0097985323519,48,95.0,764.086956041865,2018.3108439669013,0.6989545654505491,block1:s4,fcfs,mixed,1785143764.077027,1785143764.0777266,1785143764.8418248,1785143766.0960486,,,
block1-000351,729.209843208082,1979.061771184206,48,15.0,727.6542410254478,1977.5061690015718,1.5556021826341748,block1:s4,fcfs,mixed,1785143764.4197686,1785143764.4213245,1785143765.1491146,1785143766.3989663,,,
block1-000352,560.0556738208979,1732.9047308303416,43,152.5,559.8433599807322,1732.6924169901758,0.2123138401657343,block1:s1,fcfs,mixed,1785143764.6482937,1785143764.6485062,1785143765.208359,1785143766.3812077,,,
block1-000353,59.78372145909816,5831.792880548164,143,10.0,59.59215189795941,5831.6013109870255,0.19156956113874912,block1:zero_tool,fcfs,mixed,1785143765.28531,1785143765.285502,1785143765.3451018,1785143771.117111,,,
block1-000354,434.7696361364797,1581.0425641248003,40,412.5,433.6248330073431,1579.8977609956637,1.1448031291365623,block1:s1,fcfs,mixed,1785143765.5472832,1785143765.548429,1785143765.9820673,1785143767.128341,,,
block1-000355,93.93284539692104,5761.196318431757,140,15.0,93.39189296588302,5760.655366000719,0.540952431038022,block1:zero_tool,fcfs,mixed,1785143765.665143,1785143765.665684,1785143765.759086,1785143771.4263494,,,
block1-000356,70.1520616421476,7409.274085657671,179,20.0,69.62123897392303,7408.7432629894465,0.5308226682245731,block1:zero_tool,fcfs,mixed,1785143765.692675,1785143765.6932063,1785143765.7628393,1785143773.1019611,,,
block1-000357,80.43015107978135,2595.71011911612,65,50.0,79.92326398380101,2595.2032320201397,0.5068870959803462,block1:s1,fcfs,mixed,1785143765.8252022,1785143765.8257096,1785143765.9056435,1785143768.4209235,,,
block1-000358,102.83879819326103,7818.1289011845365,188,15.0,101.50994407013059,7816.800047061406,1.3288541231304407,block1:zero_tool,fcfs,mixed,1785143767.0627759,1785143767.0641057,1785143767.1656296,1785143774.8809204,,,
block1-000359,95.03050148487091,2398.769849562086,59,25.0,94.61385000031441,2398.3531980775297,0.41665148455649614,block1:s1,fcfs,mixed,1785143767.0705001,1785143767.070917,1785143767.165539,1785143769.4692788,,,
block1-000360,419.7576357983053,1664.8579428438097,40,20.0,418.88079699128866,1663.981104036793,0.8768388070166111,block1:s2,fcfs,mixed,1785143767.094664,1785143767.0955415,1785143767.514432,1785143768.7595325,,,
block1-000361,65.45378221198916,3784.2820892110467,89,17.5,64.83312009368092,3783.6614270927384,0.6206621183082461,block1:zero_tool,fcfs,mixed,1785143767.6797664,1785143767.680387,1785143767.7452278,1785143771.464056,,,
block1-000362,511.42807607539,1498.9064610563219,36,15.0,510.2469950215891,1497.725380002521,1.181081053800881,block1:s2,fcfs,mixed,1785143767.743063,1785143767.7442446,1785143768.2545042,1785143769.2419822,,,
block1-000363,589.0240264125168,1801.6234884271398,43,115.0,588.4396529290825,1801.0391149437055,0.5843734834343195,block1:s2,fcfs,mixed,1785143768.3061652,1785143768.3067503,1785143768.8952048,1785143770.1078048,,,
block1-000364,487.7932535018772,1383.5987114580348,35,115.0,486.8600789923221,1382.6655369484797,0.9331745095551014,block1:s2,fcfs,mixed,1785143768.4634557,1785143768.464389,1785143768.951257,1785143769.8470623,,,
block1-000365,60.23014860693365,7119.9094105977565,172,15.0,59.756851056590676,7119.4361130474135,0.47329755034297705,block1:zero_tool,fcfs,mixed,1785143768.8949096,1785143768.8953831,1785143768.9552865,1785143776.0149658,,,
block1-000366,55.373439099639654,7495.636922074482,180,117.5,54.13655401207507,7494.400036986917,1.2368850875645876,block1:zero_tool,fcfs,mixed,1785143769.7539115,1785143769.755149,1785143769.8092961,1785143777.2495594,,,
block1-000367,524.2248865542933,1593.6200115829706,34,177.5,523.1838829349726,1592.57900796365,1.0410036193206906,block1:s2,fcfs,mixed,1785143769.8513176,1785143769.8523588,1785143770.375552,1785143771.4449472,,,
block1-000368,801.6473596217111,2174.1389986127615,48,177.5,800.8534780237824,2173.345117014833,0.7938815979287028,block1:s3,fcfs,mixed,1785143769.9749556,1785143769.97575,1785143770.7766125,1785143772.149104,,,
block1-000369,804.7076992224902,2176.649919245392,48,357.5,804.4320299522951,2176.374249975197,0.27566927019506693,block1:s3,fcfs,mixed,1785143770.1969604,1785143770.1972365,1785143771.0016763,1785143772.3736184,,,
block1-000370,99.2762012174353,6371.154842316173,154,287.5,98.17479096818715,6370.053432066925,1.101410249248147,block1:zero_tool,fcfs,mixed,1785143770.2383916,1785143770.2394938,1785143770.3376822,1785143776.6095612,,,
block1-000371,96.27932822331786,7046.161360223778,170,92.5,95.52645799703896,7045.408489997499,0.7528702262789011,block1:zero_tool,fcfs,mixed,1785143770.241444,1785143770.2421973,1785143770.337733,1785143777.2876153,,,
block1-000372,589.2599851358682,1882.2552791098133,41,395.0,588.3853919804096,1881.3806859543547,0.8745931554585695,block1:s3,fcfs,mixed,1785143770.547287,1785143770.5481617,1785143771.1365547,1785143772.4295502,,,
block1-000373,783.8464075466618,2080.1880435319617,46,282.5,783.3022789563984,2079.6439149416983,0.5441285902634263,block1:s3,fcfs,mixed,1785143770.6426296,1785143770.643175,1785143771.4264894,1785143772.7228317,,,
block1-000374,869.4251729175448,1900.6376449251547,43,100.0,869.0974990604445,1900.3099710680544,0.32767385710030794,block1:s3,fcfs,mixed,1785143770.7085361,1785143770.708864,1785143771.5779705,1785143772.6091833,,,
block1-000375,712.5519014662132,2101.79010045249,48,412.5,711.8716250406578,2101.109824026935,0.6802764255553484,block1:s3,fcfs,mixed,1785143771.134926,1785143771.135607,1785143771.8474927,1785143773.2367306,,,
block1-000376,78.12919362913817,5842.721061664633,143,412.5,78.00267799757421,5842.5945460330695,0.1265156315639615,block1:zero_tool,fcfs,mixed,1785143771.2327533,1785143771.23288,1785143771.3108933,1785143777.0754852,,,
block1-000377,771.7950101941824,2076.0879361769184,48,550.0,771.1957070278004,2075.4886330105364,0.5993031663820148,block1:s4,fcfs,mixed,1785143771.795395,1785143771.7959943,1785143772.567199,1785143773.871492,,,
block1-000378,760.5016966117546,2025.2843546913937,48,20.0,759.8939730087295,2024.6766310883686,0.6077236030250788,block1:s4,fcfs,mixed,1785143772.0380783,1785143772.0386863,1785143772.7985902,1785143774.0633729,,,
block1-000379,97.42193983402103,7330.019405926578,180,15.0,96.49546490982175,7329.0929310023785,0.9264749241992831,block1:zero_tool,fcfs,mixed,1785143772.2760916,1785143772.277018,1785143772.373521,1785143779.6061182,,,
block1-000380,106.2876443611458,6454.68361035455,160,15.0,105.61573400627822,6454.011699999683,0.6719103548675776,block1:zero_tool,fcfs,mixed,1785143772.3014677,1785143772.3021398,1785143772.4077632,1785143778.7561593,,,
block1-000381,84.94560269173235,10452.875752700493,255,12.5,83.68865505326539,10451.618805062026,1.2569476384669542,block1:zero_tool,fcfs,mixed,1785143772.3259664,1785143772.3272243,1785143772.410927,1785143782.7788572,,,
block1-000382,56.8367971573025,6719.853550079279,167,15.0,55.796470027416945,6718.813222949393,1.0403271298855543,block1:zero_tool,fcfs,mixed,1785143772.4142041,1785143772.4152448,1785143772.4710586,1785143779.1340756,,,
block1-000383,713.6180500965565,1987.1507971547544,48,10.0,713.3360609877855,1986.8688080459833,0.28198910877108574,block1:s4,fcfs,mixed,1785143772.5612051,1785143772.5614872,1785143773.2748325,1785143774.5483654,,,
block1-000384,89.77549336850643,8344.333657296374,202,160.0,89.36498209368438,8343.923146021552,0.4105112748220563,block1:zero_tool,fcfs,mixed,1785143772.6131017,1785143772.613513,1785143772.7028947,1785143780.9574528,,,
block1-000385,77.56406103726476,2628.6754950415343,65,282.5,76.6647820128128,2627.7762160170823,0.899279024451971,block1:s1,fcfs,mixed,1785143772.8675807,1785143772.86848,1785143772.9451537,1785143775.4962652,,,
block1-000386,578.7373626371846,1661.857973667793,41,92.5,578.4178839530796,1661.538494983688,0.31947868410497904,block1:s1,fcfs,mixed,1785143772.8690708,1785143772.8693905,1785143773.4478161,1785143774.5309367,,,
block1-000387,60.85702602285892,8882.92989495676,217,20.0,59.91019110661,8881.983060040511,0.9468349162489176,block1:zero_tool,fcfs,mixed,1785143773.0213184,1785143773.0222654,1785143773.082186,1785143781.9042585,,,
block1-000388,387.9605021793395,1603.356585255824,39,10.0,387.5381679972634,1602.9342510737479,0.42233418207615614,block1:s1,fcfs,mixed,1785143773.4833329,1785143773.4837554,1785143773.8713028,1785143775.086699,,,
block1-000389,83.39812199119478,7925.325292977504,192,15.0,82.45085796806961,7924.378028954379,0.9472640231251717,block1:zero_tool,fcfs,mixed,1785143773.4983895,1785143773.4993377,1785143773.5817997,1785143781.4237266,,,
block1-000390,386.9145312346518,1584.282165276818,39,17.5,386.66912994813174,1584.036763990298,0.24540128652006388,block1:s1,fcfs,mixed,1785143774.0833888,1785143774.0836344,1785143774.4703174,1785143775.6676846,,,
block1-000391,85.8658547513187,10997.744925669394,270,12.5,84.4299440504983,10996.309014968574,1.4359107008203864,block1:zero_tool,fcfs,mixed,1785143774.0931916,1785143774.0946276,1785143774.179066,1785143785.0909443,,,
block1-000392,407.28805935941637,1603.2830363838002,40,105.0,406.2048849882558,1602.1998620126396,1.0831743711605668,block1:s2,fcfs,mixed,1785143774.1999323,1785143774.2010155,1785143774.6072307,1785143775.803226,,,
block1-000393,444.61286708246917,1599.3379490682855,40,820.0,444.1487669246271,1598.8738489104435,0.46410015784204006,block1:s2,fcfs,mixed,1785143774.7411282,1785143774.7415926,1785143775.1857576,1785143776.3404827,,,
block1-000394,527.7843017829582,1448.068279772997,36,75.0,527.3849120130762,1447.668890003115,0.39938976988196373,block1:s2,fcfs,mixed,1785143774.891949,1785143774.8923488,1785143775.4197428,1785143776.340027,,,
block1-000395,57.153505040332675,21101.970423012972,524,15.0,55.8497590245679,21100.666676997207,1.303746015764773,block1:zero_tool,fcfs,mixed,1785143775.2255626,1785143775.2268672,1785143775.2827303,1785143796.327547,,,
block1-000396,64.14028373546898,8109.158742707223,198,22.5,63.78103094175458,8108.799489913508,0.3592527937144041,block1:zero_tool,fcfs,mixed,1785143775.780173,1785143775.7805328,1785143775.8443286,1785143783.8893473,,,
block1-000397,817.2252656659111,2015.6575356377289,49,17.5,816.7947680922225,2015.2270380640402,0.4304975736886263,block1:s2,fcfs,mixed,1785143776.3939102,1785143776.3943408,1785143777.2111456,1785143778.4095783,,,
block1-000398,620.0153399258852,1584.1002649394795,38,10.0,619.1528389463201,1583.2377639599144,0.862500979565084,block1:s2,fcfs,mixed,1785143776.590972,1785143776.5918348,1785143777.2109988,1785143778.1750839,,,
block1-000399,551.1164752533659,1520.5264772521332,37,217.5,550.3919690381736,1519.8019710369408,0.7245062151923776,block1:s2,fcfs,mixed,1785143776.9650059,1785143776.9657307,1785143777.5161297,1785143778.48554,,,
block1-000400,60.33352669328451,5261.7113697342575,126,280.0,59.7681999206543,5261.146042961627,0.5653267726302147,block1:zero_tool,fcfs,mixed,1785143777.5361383,1785143777.536704,1785143777.5964825,1785143782.7978601,,,
block1-000401,434.5932722790167,1626.189737347886,39,307.5,433.5728599689901,1625.1693250378594,1.020412310026586,block1:s3,fcfs,mixed,1785143777.6249819,1785143777.6260035,1785143778.0595915,1785143779.2511878,,,
block1-000402,63.90967359766364,6601.1728995945305,161,47.5,63.67855193093419,6600.941777927801,0.23112166672945023,block1:zero_tool,fcfs,mixed,1785143777.8424304,1785143777.8426616,1785143777.9063516,1785143784.4436147,,,
block1-000403,59.76088310126215,18295.24594801478,453,550.0,59.173922054469585,18294.65898696799,0.5869610467925668,block1:zero_tool,fcfs,mixed,1785143778.2722547,1785143778.272842,1785143778.3320243,1785143796.5675097,,,
block1-000404,66.39945541974157,6072.512837476097,146,17.5,65.7181169372052,6071.831498993561,0.6813384825363755,block1:zero_tool,fcfs,mixed,1785143778.6688058,1785143778.6694875,1785143778.7352166,1785143784.7413301,,,
block1-000405,770.0027329847217,2219.3454060470685,48,12.5,768.795178970322,2218.137852032669,1.2075540143996477,block1:s3,fcfs,mixed,1785143779.007276,1785143779.0084844,1785143779.7772927,1785143781.226636,,,
block1-000406,833.0802114214748,1979.8927983501926,43,395.0,832.2093620663509,1979.0219489950687,0.8708493551239371,block1:s3,fcfs,mixed,1785143779.2094474,1785143779.2103186,1785143780.0425391,1785143781.189352,,,
block1-000407,515.5487229349092,1964.7096859989688,43,105.0,514.8595810169354,1964.020544080995,0.6891419179737568,block1:s3,fcfs,mixed,1785143779.2414637,1785143779.2421534,1785143779.757056,1785143781.206217,,,
block1-000408,901.0772902984172,2145.0209113536403,48,17.5,899.9293129891157,2143.8729340443388,1.1479773093014956,block1:s4,fcfs,mixed,1785143780.132575,1785143780.1337235,1785143781.0336604,1785143782.277604,,,
block1-000409,854.5949510298669,2115.351733053103,48,155.0,854.3263099854812,2115.0830920087174,0.2686410443857312,block1:s4,fcfs,mixed,1785143780.274109,1785143780.274378,1785143781.1287148,1785143782.3894713,,,
block1-000410,819.8678400367498,2065.560366027057,48,287.5,819.095071987249,2064.7875979775563,0.7727680495008826,block1:s4,fcfs,mixed,1785143780.3685055,1785143780.369279,1785143781.1883886,1785143782.434081,,,
block1-000411,789.0534001635388,2029.6791781438515,48,15.0,787.9733940353617,2028.5991720156744,1.0800061281770468,block1:s4,fcfs,mixed,1785143780.5962853,1785143780.597366,1785143781.38535,1785143782.6259758,,,
block1-000412,767.3188145272434,2008.591141551733,48,287.5,766.682602930814,2007.9549299553037,0.636211596429348,block1:s4,fcfs,mixed,1785143780.634948,1785143780.6355853,1785143781.402279,1785143782.6435509,,,
block1-000413,700.0451644416898,1940.8244224032387,48,117.5,699.4395500514656,1940.2188080130145,0.6056143902242184,block1:s4,fcfs,mixed,1785143780.761159,1785143780.761765,1785143781.4612153,1785143782.701995,,,
block1-000414,62.525135348550975,6919.188483385369,172,115.0,62.02574598137289,6918.689094018191,0.49938936717808247,block1:zero_tool,fcfs,mixed,1785143781.3229005,1785143781.3234005,1785143781.3854375,1785143788.242101,,,
block1-000415,56.96563608944416,6989.105839049444,174,135.0,56.04549904819578,6988.185702008195,0.9201370412483811,block1:zero_tool,fcfs,mixed,1785143781.3280907,1785143781.3290112,1785143781.3850641,1785143788.3172042,,,
block1-000416,55.821844725869596,7734.183773747645,193,282.5,54.79938199277967,7733.161311014555,1.0224627330899239,block1:zero_tool,fcfs,mixed,1785143781.6950023,1785143781.6960251,1785143781.7508337,1785143789.4291954,,,
block1-000417,63.52532538585365,5579.814499360509,138,152.5,61.58254703041166,5577.871721005067,1.9427783554419875,block1:zero_tool,fcfs,mixed,1785143782.0739553,1785143782.0758982,1785143782.1374896,1785143787.6537793,,,
block1-000418,491.78707285318524,1448.466071859002,36,20.0,490.98059604875743,1447.6595950545743,0.8064768044278026,block1:s1,fcfs,mixed,1785143782.1340187,1785143782.1348252,1785143782.6258132,1785143783.5824924,,,
block1-000419,66.40565383713692,5950.34162979573,147,357.5,65.43334701564163,5949.369322974235,0.9723068214952946,block1:zero_tool,fcfs,mixed,1785143782.3296154,1785143782.330588,1785143782.396034,1785143788.2799697,,,
block1-000420,505.86161809042096,1436.0773090738803,36,357.5,505.2963719936088,1435.5120629770681,0.5652460968121886,block1:s1,fcfs,mixed,1785143782.6814368,1785143782.6820025,1785143783.187314,1785143784.1175296,,,
block1-000421,63.12169891316444,2430.542018963024,61,15.0,62.73764290381223,2430.157962953672,0.3840560093522072,block1:s1,fcfs,mixed,1785143782.7159693,1785143782.7163537,1785143782.7791007,1785143785.1465209,,,
block1-000422,379.0704261045903,1439.2016241326928,36,287.5,378.67262691725045,1438.803824945353,0.3977991873398423,block1:s1,fcfs,mixed,1785143782.9246988,1785143782.925097,1785143783.303781,1785143784.363912,,,
block1-000423,473.14921929500997,1408.477388205938,34,412.5,472.02519909478724,1407.3533680057153,1.1240202002227306,block1:s1,fcfs,mixed,1785143783.4542644,1785143783.4553888,1785143783.9274244,1785143784.8627524,,,
block1-000424,417.8090086206794,1506.1453205998987,37,117.5,417.6108760293573,1505.9471880085766,0.1981325913220644,block1:s2,fcfs,mixed,1785143783.737329,1785143783.7375276,1785143784.1551473,1785143785.2434835,,,
block1-000425,621.8243691837415,1605.5208251345903,38,155.0,620.6907120067626,1604.3871679576114,1.1336571769788861,block1:s2,fcfs,mixed,1785143784.2024636,1785143784.2035975,1785143784.8243,1785143785.8079965,,,
block1-000426,72.87820929195732,7198.481499217451,176,12.5,72.1832619747147,7197.786551900208,0.6949473172426224,block1:zero_tool,fcfs,mixed,1785143784.2328098,1785143784.233505,1785143784.3056974,1785143791.4313009,,,
block1-000427,54.70226798206568,6079.230717965402,150,320.0,53.771395003423095,6078.299844986759,0.9308729786425829,block1:zero_tool,fcfs,mixed,1785143784.3886242,1785143784.3895557,1785143784.443341,1785143790.4678695,,,
block1-000428,523.137429729104,1505.5167387472466,36,115.0,522.5886410335079,1504.9679500516504,0.5487886955961585,block1:s2,fcfs,mixed,1785143784.4533875,1785143784.453937,1785143784.9765382,1785143785.9589176,,,
block1-000429,453.5434349672869,1665.9070960013196,41,115.0,451.468467945233,1663.8321289792657,2.0749670220538974,block1:s2,fcfs,mixed,1785143784.6751342,1785143784.6772094,1785143785.128688,1785143786.3410516,,,
block1-000430,627.8137937188148,1598.2024297118187,38,110.0,626.1483890702948,1596.5370250632986,1.6654046485200524,block1:s2,fcfs,mixed,1785143785.3309245,1785143785.3325908,1785143785.958755,1785143786.929144,,,
block1-000431,557.529186247848,1550.588328158483,37,10.0,556.7754210205749,1549.8345629312098,0.7537652272731066,block1:s2,fcfs,mixed,1785143785.7037022,1785143785.7044568,1785143786.2612407,1785143787.2542999,,,
block1-000432,51.71776004135609,5121.220414992422,125,10.0,51.12115107476711,5120.623806025833,0.596608966588974,block1:zero_tool,fcfs,mixed,1785143786.269066,1785143786.2696629,1785143786.3207932,1785143791.390296,,,
block1-000433,733.1911399960518,2023.8204679917544,48,105.0,732.8710809815675,2023.5004089772701,0.3200590144842863,block1:s3,fcfs,mixed,1785143786.3689456,1785143786.369266,1785143787.102145,1785143788.3927743,,,
block1-000434,69.33097064029425,7413.264240603894,186,135.0,69.08076908439398,7413.014039047994,0.2502015559002757,block1:zero_tool,fcfs,mixed,1785143786.725796,1785143786.7260468,1785143786.7951372,1785143794.13907,,,
block1-000435,706.6421214258298,2026.517070364207,48,172.5,706.4240420004353,2026.2989909388125,0.21807942539453506,block1:s3,fcfs,mixed,1785143786.836757,1785143786.8369753,1785143787.5434084,1785143788.8632834,,,
block1-000436,96.31156048271805,20978.169540525414,510,85.0,94.78113905061036,20976.639119093306,1.530421432107687,block1:zero_tool,fcfs,mixed,1785143786.8912044,1785143786.892736,1785143786.9875343,1785143807.8693924,,,
block1-000437,66.67402572929859,4907.724072691053,121,132.5,65.18349808175117,4906.233545043506,1.4905276475474238,block1:zero_tool,fcfs,mixed,1785143787.2840083,1785143787.2854989,1785143787.3508227,1785143792.191872,,,
block1-000438,729.2883825721219,1898.548963596113,46,10.0,728.258450049907,1897.519031073898,1.0299325222149491,block1:s3,fcfs,mixed,1785143787.49339,1785143787.49442,1785143788.2226882,1785143789.3919485,,,
block1-000439,727.6359195820987,1975.961155607365,48,395.0,726.7686739796773,1975.0939100049436,0.8672456024214625,block1:s3,fcfs,mixed,1785143788.002019,1785143788.0028863,1785143788.729664,1785143789.9779892,,,
block1-000440,676.979643641971,1963.2964805932716,48,85.0,676.4553310349584,1962.7721679862589,0.5243126070126891,block1:s4,fcfs,mixed,1785143788.5233629,1785143788.5238874,1785143789.200355,1785143790.4866722,,,
block1-000441,58.27489134389907,6321.749848430045,161,95.0,57.7830650145188,6321.258022100665,0.4918263293802738,block1:zero_tool,fcfs,mixed,1785143789.3145921,1785143789.315084,1785143789.372875,1785143795.63635,,,
block1-000442,74.78834502398968,5805.457076057792,147,545.0,73.92264693044126,5804.591377964243,0.8656980935484171,block1:zero_tool,fcfs,mixed,1785143789.5258605,1785143789.5267267,1785143789.6008253,1785143795.3314934,,,
block1-000443,738.1190381711349,2058.7416442576796,48,10.0,737.0814689202234,2057.704075006768,1.0375692509114742,block1:s4,fcfs,mixed,1785143789.597415,1785143789.598453,1785143790.33555,1785143791.6561723,,,
block1-000444,700.859583565034,2028.7427816074342,48,17.5,699.8836060520262,2027.7668040944263,0.9759775130078197,block1:s4,fcfs,mixed,1785143790.0508153,1785143790.0517917,1785143790.751688,1785143792.0795708,,,
block1-000445,761.5627699997276,1976.0770329739898,48,12.5,760.4021340375766,1974.9163970118389,1.160635962150991,block1:s4,fcfs,mixed,1785143790.70663,1785143790.707791,1785143791.4682045,1785143792.6827192,,,
block1-000446,740.1805254630744,1991.821481497027,49,152.5,739.2665239749476,1990.9074800089002,0.9140014881268144,block1:s4,fcfs,mixed,1785143790.8032818,1785143790.8041961,1785143791.5434725,1785143792.7951143,,,
block1-000447,703.7547938525677,1901.2003367533907,48,17.5,702.7455280767754,1900.1910709775984,1.0092657757923007,block1:s4,fcfs,mixed,1785143791.194792,1785143791.1958015,1785143791.898557,1785143793.0960023,,,
block1-000448,53.654205752536654,4468.3086486766115,117,105.0,53.371035028249025,4468.025477952324,0.2831707242876291,block1:zero_tool,fcfs,mixed,1785143791.3775208,1785143791.3778048,1785143791.431195,1785143795.8458493,,,
block1-000449,69.89516515750438,2638.353444170207,69,172.5,69.55832696985453,2638.016605982557,0.3368381876498461,block1:s1,fcfs,mixed,1785143791.8392737,1785143791.8396106,1785143791.9091759,1785143794.4776342,,,
block1-000450,55.885868961922824,11128.041059011593,273,297.5,55.14730094000697,11127.302490989678,0.738568021915853,block1:zero_tool,fcfs,mixed,1785143792.4954596,1785143792.4961984,1785143792.551354,1785143803.6235087,,,
block1-000451,486.0867353854701,1414.970793412067,36,170.0,484.12793898023665,1413.0119970068336,1.9587964052334428,block1:s1,fcfs,mixed,1785143794.0096347,1785143794.0115938,1785143794.4957306,1785143795.424615,,,
block1-000452,52.49201343394816,10316.504597431049,249,17.5,52.05277795903385,10316.065361956134,0.43923547491431236,block1:zero_tool,fcfs,mixed,1785143794.0667808,1785143794.0672207,1785143794.119285,1785143804.3832974,,,
block1-000453,67.7572829881683,2674.602597951889,65,135.0,67.5317719578743,2674.377086921595,0.2255110302940011,block1:s1,fcfs,mixed,1785143794.5699856,1785143794.5702114,1785143794.6377506,1785143797.2445958,,,
block1-000454,56.04783771559596,23947.1924607642,569,117.5,55.50119001418352,23946.645813062787,0.5466477014124393,block1:zero_tool,fcfs,mixed,1785143795.0559204,1785143795.0564682,1785143795.111987,1785143819.0031319,,,
block1-000455,412.469994276762,1454.5877373311669,33,92.5,412.04522701445967,1454.1629700688645,0.4247672623023391,block1:s1,fcfs,mixed,1785143795.2242475,1785143795.2246723,1785143795.6367283,1785143796.678846,,,
block1-000456,603.0789987416938,1632.1289917686954,38,145.0,602.6508309878409,1631.7008240148425,0.42816775385290384,block1:s2,fcfs,mixed,1785143795.5752044,1785143795.5756326,1785143796.1782918,1785143797.207342,,,
block1-000457,589.7962786257267,1792.9052446270362,42,60.0,589.6253610262647,1792.7343270275742,0.1709175994619727,block1:s2,fcfs,mixed,1785143795.7730951,1785143795.7732668,1785143796.362902,1785143797.5660107,,,
block1-000458,691.6117811342701,1867.9830400506034,43,20.0,690.7534950878471,1867.1247540041804,0.858286046423018,block1:s2,fcfs,mixed,1785143795.9493487,1785143795.950207,1785143796.6409671,1785143797.8173385,,,
block1-000459,658.140983665362,1835.3997205849737,43,22.5,657.2150730062276,1834.4738099258393,0.925910659134388,block1:s2,fcfs,mixed,1785143796.1147597,1785143796.115686,1785143796.7729087,1785143797.9501677,,,
block1-000460,590.105494717136,1767.1481227735057,42,282.5,589.3722909968346,1766.4149190532044,0.7332037203013897,block1:s2,fcfs,mixed,1785143796.1827548,1785143796.183488,1785143796.7728677,1785143797.9499109,,,
block1-000461,506.48969202302396,1683.7206589989364,41,550.0,505.5462169693783,1682.7771839452907,0.9434750536456704,block1:s2,fcfs,mixed,1785143796.2663105,1785143796.2672548,1785143796.7728226,1785143797.9500535,,,
block1-000462,624.2298491997644,1576.5791011508554,38,140.0,623.1743730604649,1575.5236250115559,1.0554761392995715,block1:s2,fcfs,mixed,1785143796.4132507,1785143796.4143066,1785143797.0374916,1785143797.989841,,,
block1-000463,324.7927441261709,1275.6414101459086,31,350.0,323.13958392478526,1273.988249944523,1.6531602013856173,block1:s2,fcfs,mixed,1785143796.5419962,1785143796.5436502,1785143796.8668044,1785143797.817653,,,
block1-000464,67.77993601281196,6031.187359010801,143,117.5,66.33450405206531,6029.741927050054,1.445431960746646,block1:zero_tool,fcfs,mixed,1785143797.6342525,1785143797.635698,1785143797.7020414,1785143803.6654487,,,
block1-000465,98.60555396880955,5328.408332890831,126,155.0,97.70138200838119,5327.504160930403,0.9041719604283571,block1:zero_tool,fcfs,mixed,1785143797.69185,1785143797.6927547,1785143797.790464,1785143803.0202663,,,
block1-000466,748.5401590820402,2005.800347076729,48,322.5,747.808150947094,2005.0683389417827,0.7320081349462271,block1:s3,fcfs,mixed,1785143797.7074704,1785143797.7082028,1785143798.456018,1785143799.7132783,,,
block1-000467,719.9160129530355,2003.4346099710092,48,135.0,719.52273696661,2003.0413339845836,0.3932759864255786,block1:s3,fcfs,mixed,1785143797.941018,1785143797.941413,1785143798.6609552,1785143799.9444737,,,
block1-000468,74.1161381592974,6854.799404158257,163,17.5,73.69902799837291,6854.382293997332,0.41711016092449427,block1:zero_tool,fcfs,mixed,1785143798.0086823,1785143798.0090995,1785143798.082807,1785143804.8634903,,,
block1-000469,568.8464749837294,1777.59964694269,43,92.5,567.2443930525333,1775.9975650114939,1.6020819311961532,block1:s3,fcfs,mixed,1785143798.1291835,1785143798.1307864,1785143798.6980531,1785143799.906807,,,
block1-000470,839.5369809586555,1900.079129030928,43,297.5,838.4059879463166,1898.9481360185891,1.1309930123388767,block1:s3,fcfs,mixed,1785143798.9881299,1785143798.9892623,1785143799.8276842,1785143800.8882263,,,
block1-000471,52.856260794214904,5672.900412697345,134,17.5,52.42366704624146,5672.467818949372,0.4325937479734421,block1:zero_tool,fcfs,mixed,1785143799.1531522,1785143799.1535857,1785143799.206023,1785143804.8260672,,,
block1-000472,772.4936255253851,2162.0371324243024,48,395.0,771.7414440121502,2161.2849509110674,0.752181513234973,block1:s4,fcfs,mixed,1785143799.6227396,1785143799.623492,1785143800.3952432,1785143801.784787,,,
block1-000473,82.12577202357352,5212.654249044135,122,395.0,81.92657900508493,5212.455056025647,0.19919301848858595,block1:zero_tool,fcfs,mixed,1785143799.6886194,1785143799.688819,1785143799.7707543,1785143804.9012828,,,
block1-000474,68.4097366174683,7073.216701624915,165,307.5,67.46732199098915,7072.274286998436,0.9424146264791489,block1:zero_tool,fcfs,mixed,1785143799.8390894,1785143799.840033,1785143799.9075134,1785143806.9123201,,,
block1-000475,793.4313276782632,2135.995124699548,48,132.5,792.8913639625534,2135.455160983838,0.5399637157097459,block1:s4,fcfs,mixed,1785143800.037939,1785143800.0384793,1785143800.831385,1785143802.1739488,,,
block1-000476,780.194518622011,2113.9917966211215,48,117.5,779.2410760885105,2113.038354087621,0.9534425335004926,block1:s4,fcfs,mixed,1785143800.2635112,1785143800.2644649,1785143801.043716,1785143802.377513,,,
block1-000477,808.5901659214869,2091.0864928737283,48,15.0,807.939528953284,2090.4358559055254,0.650636968202889,block1:s4,fcfs,mixed,1785143800.5604675,1785143800.561119,1785143801.36907,1785143802.6515663,,,
block1-000478,793.9084664685652,2080.1615454256535,48,572.5,792.7458640187979,2078.998942975886,1.1626024497672915,block1:s4,fcfs,mixed,1785143800.5919797,1785143800.5931427,1785143801.3858988,1785143802.6721518,,,
block1-000479,745.1880660373718,2058.2814110675827,48,17.5,744.6805069921538,2057.7738520223647,0.5075590452179313,block1:s4,fcfs,mixed,1785143800.9621813,1785143800.962689,1785143801.7073789,1785143803.0204723,,,
block1-000480,580.4660286521539,1828.2556167105213,43,52.5,579.6654130099341,1827.4550010683015,0.8006156422197819,block1:s1,fcfs,mixed,1785143801.1268046,1785143801.1276062,1785143801.7072887,1785143802.9550784,,,
block1-000481,66.26057147514075,2909.4943434465677,69,47.5,66.14298501517624,2909.376756986603,0.11758645996451378,block1:s1,fcfs,mixed,1785143801.2602446,1785143801.2603629,1785143801.3265147,1785143804.1697483,,,
block1-000482,540.3346960665658,1774.4786971015856,43,15.0,540.1383449789137,1774.2823460139334,0.19635108765214682,block1:s1,fcfs,mixed,1785143801.3037858,1785143801.3039823,1785143801.8441288,1785143803.0782726,,,
block1-000483,72.0381491119042,3017.8952700225636,72,105.0,71.8299220316112,3017.6870429422706,0.20822708029299974,block1:s1,fcfs,mixed,1785143801.5014935,1785143801.5017023,1785143801.573546,1785143804.519403,,,
block1-000484,66.9661887222901,9941.641963669099,232,350.0,65.72947709355503,9940.405252040364,1.2367116287350655,block1:zero_tool,fcfs,mixed,1785143802.0300891,1785143802.0313265,1785143802.0970712,1785143811.9717474,,,
block1-000485,72.09746039006859,2621.776028419845,62,155.0,71.28997298423201,2620.968541014008,0.8074874058365822,block1:s1,fcfs,mixed,1785143802.1136482,1785143802.1144557,1785143802.185756,1785143804.7354345,,,
block1-000486,71.77520403638482,2866.8870080728084,67,60.0,70.43944497127086,2865.5512490076944,1.3357590651139617,block1:s1,fcfs,mixed,1785143802.31873,1785143802.3200662,1785143802.3905141,1785143805.1856258,,,
block1-000487,56.94381066132337,6968.775123707019,161,92.5,56.60098802763969,6968.432301073335,0.3428226336836815,block1:zero_tool,fcfs,mixed,1785143802.3751748,1785143802.3755183,1785143802.4321287,1785143809.3439598,,,
block1-000488,497.1700682071969,1783.7524252245203,41,17.5,495.08685094770044,1781.6692079650238,2.0832172594964504,block1:s2,fcfs,mixed,1785143802.560907,1785143802.5629904,1785143803.058086,1785143804.3446681,,,
block1-000489,72.46773922815919,4076.260649249889,95,322.5,69.69528703484684,4073.4881970565766,2.772452193312347,block1:zero_tool,fcfs,mixed,1785143802.5609727,1785143802.5637455,1785143802.6334486,1785143806.6372414,,,
block1-000490,519.6826586034149,1574.8338366393,36,17.5,519.2830539308488,1574.434231966734,0.39960467256605625,block1:s2,fcfs,mixed,1785143802.828509,1785143802.8289099,1785143803.3482063,1785143804.4033575,,,
block1-000491,64.96129429433495,16085.890452377498,380,15.0,64.75247791968286,16085.681636002846,0.2088163746520877,block1:zero_tool,fcfs,mixed,1785143802.8964672,1785143802.8966765,1785143802.9614391,1785143818.9823682,,,
block1-000492,63.011158956214786,7494.929498876445,173,60.0,62.01028497889638,7493.928624899127,1.000873977318406,block1:zero_tool,fcfs,mixed,1785143803.4062245,1785143803.4072256,1785143803.469382,1785143810.9013002,,,
block1-000493,572.5843309191987,1801.8609108403325,41,357.5,572.1695000538602,1801.446079974994,0.4148308653384447,block1:s2,fcfs,mixed,1785143803.4590747,1785143803.4594898,1785143804.0316699,1785143805.2609463,,,
block1-000494,597.4542872281745,1562.0362173067406,36,95.0,597.0258819870651,1561.6078120656312,0.4284052411094308,block1:s2,fcfs,mixed,1785143803.5324337,1785143803.5328624,1785143804.1298974,1785143805.0944793,,,
block1-000495,74.71450592856854,6271.589762996882,143,12.5,74.13684600032866,6271.012103068642,0.577659928239882,block1:zero_tool,fcfs,mixed,1785143803.5908692,1785143803.5914476,1785143803.6655931,1785143809.8624682,,,
block1-000496,433.15385875757784,1430.2107527619228,32,820.0,432.67752695828676,1429.7344209626317,0.4763317992910743,block1:s3,fcfs,mixed,1785143803.7363672,1785143803.7368436,1785143804.1695294,1785143805.1665864,,,
block1-000497,745.1449144864455,2035.4442505631596,48,60.0,744.6675660321489,2034.966902108863,0.4773484542965889,block1:s3,fcfs,mixed,1785143803.7541816,1785143803.7546594,1785143804.4993346,1785143805.789634,,,
block1-000498,654.3921425472945,1644.3237526109442,38,12.5,653.6985789425671,1643.6301890062168,0.6935636047273874,block1:s3,fcfs,mixed,1785143804.6993814,1785143804.7000759,1785143805.3537908,1785143806.3437223,,,
block1-000499,689.4042087951675,2151.9870517076924,48,15.0,688.8588460860774,2151.4416889986023,0.5453627090901136,block1:s3,fcfs,mixed,1785143805.0439389,1785143805.044486,1785143805.73337,1785143807.195953,,,
block1-000500,70.14922972302884,6342.263143626042,146,20.0,68.70164908468723,6340.8155629877,1.4475806383416057,block1:zero_tool,fcfs,mixed,1785143805.4754574,1785143805.4769056,1785143805.545618,1785143811.8177319,,,
block1-000501,58.15675272606313,6680.721873650327,153,15.0,57.63338506221771,6680.198505986482,0.5233676638454199,block1:zero_tool,fcfs,mixed,1785143805.810084,1785143805.8106077,1785143805.8682497,1785143812.4908156,,,
block1-000502,58.073656633496284,9702.965112635866,225,187.5,57.25883599370718,9702.150291996077,0.8148206397891045,block1:zero_tool,fcfs,mixed,1785143805.85476,1785143805.855575,1785143805.9128413,1785143815.5577326,,,
block1-000503,809.3952588969842,2237.9888398572803,48,10.0,808.4623659960926,2237.0559469563887,0.932892900891602,block1:s3,fcfs,mixed,1785143805.8658996,1785143805.8668327,1785143806.6754358,1785143808.1040297,,,
block1-000504,98.8112207269296,5649.50223476626,129,217.5,98.21545996237546,5648.906474001706,0.595760764554143,block1:zero_tool,fcfs,mixed,1785143806.244658,1785143806.2452538,1785143806.3434803,1785143811.8941708,,,
block1-000505,843.0679374141619,2269.996772403829,48,12.5,842.9385940544307,2269.8674290440977,0.12934335973113775,block1:s4,fcfs,mixed,1785143806.2553234,1785143806.255453,1785143807.0984042,1785143808.525333,,,
block1-000506,822.3567840177566,2267.732755979523,48,115.0,821.4201640803367,2266.796136042103,0.9366199374198914,block1:s4,fcfs,mixed,1785143806.3335774,1785143806.3345146,1785143807.1559472,1785143808.6013234,,,
block1-000507,826.7420616466552,2289.732181583531,48,12.5,826.3786040479317,2289.3687239848077,0.36345759872347116,block1:s4,fcfs,mixed,1785143806.3486474,1785143806.349011,1785143807.1753986,1785143808.6383886,,,
block1-000508,107.53277793992311,7361.906642909162,169,320.0,106.44689097534865,7360.820755944587,1.0858869645744562,block1:zero_tool,fcfs,mixed,1785143806.4143813,1785143806.415468,1785143806.521925,1785143813.776299,,,
block1-000509,821.24997547362,2210.17202839721,48,412.5,820.9069760050625,2209.8290289286524,0.3429994685575366,block1:s4,fcfs,mixed,1785143806.722793,1785143806.7231362,1785143807.544052,1785143808.9329743,,,
block1-000510,775.7028837222606,2165.5771947698668,48,217.5,775.1760939136147,2165.050404961221,0.5267898086458445,block1:s4,fcfs,mixed,1785143806.8669574,1785143806.8674846,1785143807.6426692,1785143809.0325437,,,
block1-000511,768.6526643810794,2185.274453368038,48,187.5,767.9719199659303,2184.593708952889,0.6807444151490927,block1:s4,fcfs,mixed,1785143807.1778438,1785143807.1785247,1785143807.9466398,1785143809.363262,,,
block1-000512,615.0308104697615,1949.361651437357,43,297.5,614.2495310632512,1948.5803720308468,0.7812794065102935,block1:s1,fcfs,mixed,1785143807.2144299,1785143807.2152112,1785143807.82947,1785143809.1638005,,,
block1-000513,124.3953371886164,2925.4013502504677,66,70.0,123.45803994685411,2924.4640530087054,0.9372972417622805,block1:s1,fcfs,mixed,1785143807.2465398,1785143807.2474775,1785143807.3709443,1785143810.1719503,,,
block1-000514,591.5570727083832,1925.3675756044686,43,95.0,590.8355750143528,1924.6460779104382,0.7214976940304041,block1:s1,fcfs,mixed,1785143807.2588885,1785143807.2596107,1785143807.8504558,1785143809.1842663,,,
block1-000515,686.9982114294544,1984.313920373097,45,395.0,686.5466900635511,1983.8623990071937,0.45152136590331793,block1:s1,fcfs,mixed,1785143807.7281704,1785143807.728623,1785143808.4151897,1785143809.7125053,,,
block1-000516,595.1687636552379,1742.2335237497464,39,20.0,594.2283869953826,1741.2931470898911,0.9403766598552465,block1:s1,fcfs,mixed,1785143807.9696965,1785143807.970637,1785143808.5648746,1785143809.7119398,,,
block1-000517,70.46441419515759,15850.68118723575,381,100.0,69.42604703363031,15849.642820074223,1.038367161527276,block1:zero_tool,fcfs,mixed,1785143808.0128045,1785143808.0138435,1785143808.08328,1785143823.863497,,,
block1-000518,97.69704507198185,2841.4579910458997,66,60.0,97.30687097180635,2841.067816945724,0.3901741001754999,block1:s1,fcfs,mixed,1785143808.0981634,1785143808.0985537,1785143808.195869,1785143810.9396296,,,
block1-000519,69.33237344492227,12477.226314484142,298,15.0,67.48167192563415,12475.375612964854,1.8507015192881227,block1:zero_tool,fcfs,mixed,1785143808.1296144,1785143808.1314654,1785143808.1989563,1785143820.6068504,,,
block1-000520,512.5407045707107,1560.3088175412267,34,85.0,511.74096995964646,1559.5090829301625,0.7997346110641956,block1:s2,fcfs,mixed,1785143808.302002,1785143808.3028018,1785143808.8145514,1785143809.8623195,,,
block1-000521,660.0895907031372,1704.6420907136053,38,117.5,659.8988729529083,1704.4513729633763,0.19071775022894144,block1:s2,fcfs,mixed,1785143808.3328938,1785143808.3330853,1785143808.9929955,1785143810.037548,,,
block1-000522,560.8325186185539,1605.228989617899,36,357.5,560.5541960103437,1604.950667009689,0.2783226082101464,block1:s2,fcfs,mixed,1785143808.4320455,1785143808.432324,1785143808.992889,1785143810.0372856,,,
block1-000523,615.1799480430782,1889.5922790979967,43,70.0,614.189840038307,1888.6021710932255,0.990108004771173,block1:s2,fcfs,mixed,1785143808.5295775,1785143808.530568,1785143809.1447651,1785143810.4191775,,,
block1-000524,490.0536898057908,1528.6782038165256,35,115.0,489.6724820137024,1528.2969960244372,0.3812077920883894,block1:s2,fcfs,mixed,1785143809.0283206,1785143809.0287035,1785143809.5183945,1785143810.557019,,,
block1-000525,68.64349113311619,6925.480860169046,165,15.0,67.62927200179547,6924.466641037725,1.014219131320715,block1:zero_tool,fcfs,mixed,1785143809.1977053,1785143809.19872,1785143809.2663589,1785143816.1231961,,,
block1-000526,104.67026534024626,2868.0281633278355,67,20.0,104.37106504105031,2867.7289630286396,0.29920029919594526,block1:s2,fcfs,mixed,1785143809.6432478,1785143809.6435475,1785143809.7479324,1785143812.51129,,,
block1-000527,333.55040312744677,1521.0881280945614,37,110.0,332.09790103137493,1519.6356259984896,1.4525020960718393,block1:s2,fcfs,mixed,1785143809.721382,1785143809.7228346,1785143810.054943,1785143811.242481,,,
block1-000528,711.5608610911295,2047.2167370608076,48,52.5,710.6518630171195,2046.3077389867976,0.9089980740100145,block1:s3,fcfs,mixed,1785143810.0748553,1785143810.0757647,1785143810.786426,1785143812.1220818,,,
block1-000529,71.10685668885708,7230.629269732162,172,10.0,70.42747503146529,7229.949888074771,0.6793816573917866,block1:zero_tool,fcfs,mixed,1785143810.4661229,1785143810.4668024,1785143810.5373669,1785143817.6968892,,,
block1-000530,63.19077161606401,6804.696154547855,161,75.0,62.08804401103407,6803.593426942825,1.1027276050299406,block1:zero_tool,fcfs,mixed,1785143811.3150947,1785143811.3162,1785143811.3783114,1785143818.119817,,,
block1-000531,818.9241926884279,2239.6096487063915,48,20.0,818.4937589103356,2239.179214928299,0.43043377809226513,block1:s3,fcfs,mixed,1785143811.5727165,1785143811.573147,1785143812.3916495,1785143813.8123353,,,
block1-000532,101.56105237547308,7422.933391411789,176,322.5,101.10363294370472,7422.47597198002,0.45741943176835775,block1:zero_tool,fcfs,mixed,1785143811.5804422,1785143811.5809,1785143811.6820114,1785143819.003383,,,
block1-000533,775.7108440855518,2196.519689168781,48,320.0,774.4413838954642,2195.2502289786935,1.2694601900875568,block1:s3,fcfs,mixed,1785143811.6364787,1785143811.6377485,1785143812.4122026,1785143813.8330112,,,
block1-000534,914.083661744371,1953.5554817412049,43,152.5,913.4163069538772,1952.888126950711,0.6673547904938459,block1:s3,fcfs,mixed,1785143811.8966773,1785143811.8973448,1785143812.8107684,1785143813.8502398,,,
block1-000535,778.7357855122536,2162.5062664970756,48,170.0,778.4214540151879,2162.19193500001,0.31433149706572294,block1:s3,fcfs,mixed,1785143812.1468894,1785143812.1472042,1785143812.9256353,1785143814.309406,,,
block1-000536,103.44015050213784,7983.2554154563695,194,115.0,102.62391902506351,7982.439183979295,0.8162314770743251,block1:zero_tool,fcfs,mixed,1785143812.1511872,1785143812.1520038,1785143812.254635,1785143820.134451,,,
block1-000537,726.9954887451604,2116.9492168119177,48,10.0,725.987815996632,2115.9415440633893,1.007672748528421,block1:s4,fcfs,mixed,1785143812.466783,1785143812.4677908,1785143813.1937869,1785143814.583741,,,
block1-000538,738.0256322212517,2145.936668268405,48,12.5,737.7131489338353,2145.6241849809885,0.3124832874163985,block1:s4,fcfs,mixed,1785143812.476188,1785143812.4765007,1785143813.2142208,1785143814.622132,,,
block1-000539,822.7746632182971,2095.2560962177813,48,115.0,822.5273090647534,2095.0087420642376,0.2473541535437107,block1:s4,fcfs,mixed,1785143813.3163793,1785143813.3166273,1785143814.139164,1785143815.4116457,,,
block1-000540,819.4899365771562,2123.1054465752095,49,322.5,818.8914379570633,2122.5069479551166,0.5984986200928688,block1:s4,fcfs,mixed,1785143813.3193042,1785143813.3199034,1785143814.138806,1785143815.4424212,,,
block1-000541,95.88441695086658,5303.50008700043,128,17.5,94.79758702218533,5302.413257071748,1.0868299286812544,block1:zero_tool,fcfs,mixed,1785143813.4290078,1785143813.4300952,1785143813.5249054,1785143818.732521,,,
block1-000542,738.0666418466717,2005.65590581391,48,20.0,737.2341690352187,2004.823433002457,0.8324728114530444,block1:s4,fcfs,mixed,1785143813.6867611,1785143813.687594,1785143814.4248378,1785143815.6924272,,,
block1-000543,711.9757877662778,1981.6104067722335,48,545.0,711.2976199714467,1980.9322389774024,0.6781677948310971,block1:s4,fcfs,mixed,1785143813.9798887,1785143813.980567,1785143814.6918733,1785143815.9615085,,,
block1-000544,54.67395775485784,8701.073850737885,213,287.5,54.378501954488456,8700.778394937515,0.2954558003693819,block1:zero_tool,fcfs,mixed,1785143814.4347167,1785143814.4350123,1785143814.4893994,1785143823.135799,,,
block1-000545,75.56113507598639,2731.5126480534673,66,15.0,73.68558703456074,2729.6371000120416,1.8755480414256454,block1:s1,fcfs,mixed,1785143814.5565655,1785143814.5584412,1785143814.6321356,1785143817.2880876,,,
block1-000546,590.2882164809853,1801.144173485227,44,10.0,589.1107869101688,1799.9667439144105,1.1774295708164573,block1:s1,fcfs,mixed,1785143814.821202,1785143814.82238,1785143815.4115071,1785143816.6223629,,,
block1-000547,82.11770723573864,2989.6301883272827,72,20.0,81.00226998794824,2988.5147510794923,1.1154372477903962,block1:s1,fcfs,mixed,1785143815.3393042,1785143815.34042,1785143815.4214344,1785143818.3289468,,,
block1-000548,530.1109942374751,1784.4352392712608,42,282.5,528.9978079963475,1783.3220530301332,1.1131862411275506,block1:s1,fcfs,mixed,1785143815.5852022,1785143815.5863156,1785143816.1153219,1785143817.369646,,,
block1-000549,90.21169657353312,2461.253597517498,59,485.0,89.97634903062135,2461.018249974586,0.23534754291176796,block1:s1,fcfs,mixed,1785143815.7731533,1785143815.773389,1785143815.8633728,1785143818.2344143,,,
block1-000550,65.01070444937795,7985.530259436928,195,20.0,64.66310704126954,7985.182662028819,0.3475974081084132,block1:zero_tool,fcfs,mixed,1785143815.7993581,1785143815.7997072,1785143815.8643873,1785143823.7849073,,,
block1-000551,70.50170982256532,6043.083325843327,146,17.5,70.07533498108387,6042.656951001845,0.4263748414814472,block1:zero_tool,fcfs,mixed,1785143815.9324844,1785143815.932911,1785143816.0029962,1785143821.9755778,,,
block1-000552,488.24904509820044,1640.8518871758133,38,12.5,487.9409340210259,1640.5437760986388,0.30811107717454433,block1:s2,fcfs,mixed,1785143816.0561733,1785143816.0564816,1785143816.544432,1785143817.697034,,,
block1-000553,56.311848922632635,3612.8284038277343,89,550.0,55.34795008134097,3611.8645049864426,0.963898841291666,block1:zero_tool,fcfs,mixed,1785143816.1459866,1785143816.1469507,1785143816.2023072,1785143819.7588236,,,
block1-000554,550.7499870145693,1587.1734430547804,37,75.0,549.7093088924885,1586.1327649326995,1.0406781220808625,block1:s2,fcfs,mixed,1785143816.3199558,1785143816.3209984,1785143816.8707361,1785143817.9071596,,,
block1-000555,604.6932099852711,1832.6606849441305,43,350.0,604.0575610240921,1832.0250359829515,0.6356489611789584,block1:s2,fcfs,mixed,1785143816.8804164,1785143816.8810525,1785143817.4851215,1785143818.7130892,,,
block1-000556,532.6107430737466,1494.335703086108,36,350.0,532.0602610008791,1493.7852210132405,0.5504820728674531,block1:s2,fcfs,mixed,1785143817.0298588,1785143817.0304098,1785143817.5624783,1785143818.5242033,,,
block1-000557,612.1042665326968,1569.725726498291,38,15.0,611.6786529310048,1569.3001128965989,0.4256136016920209,block1:s2,fcfs,mixed,1785143817.256282,1785143817.256708,1785143817.86854,1785143818.8261614,,,
block1-000558,592.2059101285413,1550.783888087608,38,287.5,591.6023800382391,1550.1803579973057,0.6035300903022289,block1:s2,fcfs,mixed,1785143817.5650227,1785143817.5656266,1785143818.157238,1785143819.1158156,,,
block1-000559,59.619594598188996,6118.727588560432,151,572.5,58.62477305345237,6117.732767015696,0.9948215447366238,block1:zero_tool,fcfs,mixed,1785143818.4249964,1785143818.425993,1785143818.4846404,1785143824.5437484,,,
block1-000560,686.4443368976936,1974.5556698180735,48,395.0,685.848677996546,1973.960010916926,0.5956589011475444,block1:s3,fcfs,mixed,1785143818.5040777,1785143818.5046735,1785143819.1905317,1785143820.4786432,,,
block1-000561,53.90399252064526,7024.461790570058,176,187.5,52.238277974538505,7022.796076023951,1.6657145461067557,block1:zero_tool,fcfs,mixed,1785143818.9103804,1785143818.9120464,1785143818.964292,1785143825.9348502,,,
block1-000562,63.5142931714654,8753.298633149825,220,412.5,62.44236300699413,8752.226702985354,1.0719301644712687,block1:zero_tool,fcfs,mixed,1785143819.2608151,1785143819.2618885,1785143819.3243494,1785143828.0141337,,,
block1-000563,548.9478741073981,1850.4270451376215,41,92.5,548.4097900334746,1849.888961063698,0.5380840739235282,block1:s3,fcfs,mixed,1785143820.2658992,1785143820.2664375,1785143820.8148568,1785143822.116336,,,
block1-000564,119.542550528422,5286.018699523993,130,485.0,118.7710810918361,5285.247230087407,0.7714694365859032,block1:zero_tool,fcfs,mixed,1785143820.314489,1785143820.3152606,1785143820.434039,1785143825.6005154,,,
block1-000565,679.9641551915556,1907.3450192809105,43,280.0,679.6271519269794,1907.0080160163343,0.33700326457619667,block1:s3,fcfs,mixed,1785143820.3227258,1785143820.323063,1785143821.0026972,1785143822.230078,,,
block1-000566,908.4726348519325,1852.6653548469767,43,75.0,907.4271169956774,1851.6198369907215,1.0455178562551737,block1:s3,fcfs,mixed,1785143820.4145844,1785143820.41563,1785143821.3230639,1785143822.2672567,,,
block1-000567,503.9431973127648,1807.0158533519134,43,140.0,503.78754595294595,1806.8602019920945,0.1556513598188758,block1:s3,fcfs,mixed,1785143820.5173535,1785143820.5175095,1785143821.0213037,1785143822.3243763,,,
block1-000568,68.7409465899691,5939.563137595542,151,10.0,68.16357001662254,5938.985761022195,0.5773765733465552,block1:zero_tool,fcfs,mixed,1785143820.633641,1785143820.6342194,1785143820.7023993,1785143826.573221,,,
block1-000569,733.1082271412015,2061.8670420954004,49,70.0,732.2008489863947,2060.9596639405936,0.9073781548067927,block1:s4,fcfs,mixed,1785143821.1114576,1785143821.112365,1785143821.8445764,1785143823.1733346,,,
block1-000570,97.72792225703597,5252.620946266688,133,217.5,96.18769399821758,5251.08071800787,1.540228258818388,block1:zero_tool,fcfs,mixed,1785143821.1330595,1785143821.1346,1785143821.230822,1785143826.3857148,,,
block1-000571,57.675681076943874,5096.04419011157,130,10.0,57.33751493971795,5095.706023974344,0.3381661372259259,block1:zero_tool,fcfs,mixed,1785143821.2710195,1785143821.2713578,1785143821.3287063,1785143826.3670747,,,
block1-000572,711.3385029369965,2020.2883539022878,48,572.5,710.9025790123269,2019.8524299776182,0.4359239246696234,block1:s4,fcfs,mixed,1785143821.4814227,1785143821.4818587,1785143822.1927702,1785143823.5017195,,,
block1-000573,67.04088172409683,6661.3572157220915,170,135.0,65.70107606239617,6660.017410060391,1.339805661700666,block1:zero_tool,fcfs,mixed,1785143821.9142318,1785143821.915572,1785143821.9812875,1785143828.5756037,,,
block1-000574,718.1057513225824,1972.952579264529,48,105.0,717.9521520156413,1972.798979957588,0.1535993069410324,block1:s4,fcfs,mixed,1785143822.343405,1785143822.3435585,1785143823.0615194,1785143824.3163662,,,
block1-000575,718.515750602819,1932.36689560581,48,85.0,717.4574519740418,1931.3085969770327,1.0582986287772655,block1:s4,fcfs,mixed,1785143822.9706736,1785143822.9717333,1785143823.6892083,1785143824.9030595,,,
block1-000576,547.1563441678882,1681.46179523319,43,217.5,546.9018439762294,1681.2072950415313,0.2545001916587353,block1:s1,fcfs,mixed,1785143823.4089034,1785143823.4091585,1785143823.9560716,1785143825.0903776,,,
block1-000577,57.543506496585906,7053.818037500605,177,485.0,57.061785948462784,7053.336316952482,0.48172054812312126,block1:zero_tool,fcfs,mixed,1785143823.7866259,1785143823.7871075,1785143823.8441775,1785143830.8404522,,,
block1-000578,481.74762702547014,1389.2691620858386,36,115.0,479.7008309978992,1387.2223660582677,2.046796027570963,block1:s1,fcfs,mixed,1785143824.2486484,1785143824.2506957,1785143824.730406,1785143825.637928,,,
block1-000579,66.04463583789766,6306.182735832408,157,412.5,65.31638605520129,6305.454486049712,0.7282497826963663,block1:zero_tool,fcfs,mixed,1785143824.4778013,1785143824.4785295,1785143824.543854,1785143830.7839923,,,
block1-000580,477.09043289069086,1621.5979288099334,42,50.0,476.1131200939417,1620.6206160131842,0.9773127967491746,block1:s1,fcfs,mixed,1785143824.7457514,1785143824.7467291,1785143825.222855,1785143826.3673625,,,
block1-000581,66.59217260312289,5676.218583597802,140,17.5,64.96149697341025,5674.587907968089,1.6306756297126412,block1:zero_tool,fcfs,mixed,1785143825.8742714,1785143825.8759024,1785143825.9408734,1785143831.5505,,,
block1-000582,72.95588124543428,2774.565552244894,69,60.0,71.98977004736662,2773.5994410468265,0.9661111980676651,block1:s1,fcfs,mixed,1785143826.1588104,1785143826.1597767,1785143826.2317772,1785143828.9333873,,,
block1-000583,61.37247825972736,11070.928258239292,269,60.0,59.790488914586604,11069.34626889415,1.5819893451407552,block1:zero_tool,fcfs,mixed,1785143826.2861722,1785143826.2877545,1785143826.3475544,1785143837.3571103,,,
block1-000584,397.3398571833968,1605.1855240948498,40,155.0,397.1740750130266,1605.0197419244796,0.16578217037022114,block1:s2,fcfs,mixed,1785143826.6121027,1785143826.6122687,1785143827.0095391,1785143828.217385,,,
block1-000585,556.3264193478972,1561.2905133748427,38,15.0,554.8640540800989,1559.8281481070444,1.4623652677983046,block1:s2,fcfs,mixed,1785143826.9212086,1785143826.9226718,1785143827.4775507,1785143828.4825144,,,
block1-000586,609.5866188406944,1869.2268728045747,43,107.5,608.5810670629144,1868.2213210267946,1.005551777780056,block1:s2,fcfs,mixed,1785143827.8155117,1785143827.8165178,1785143828.4251132,1785143829.6847537,,,
block1-000587,611.0385684296489,1870.8149713929743,43,22.5,610.6957930605859,1870.4721960239112,0.34277536906301975,block1:s2,fcfs,mixed,1785143827.8331406,1785143827.833484,1785143828.4441915,1785143829.7039678,,,
block1-000588,478.8044010056183,1495.8438660250977,35,395.0,478.0176639324054,1495.0571289518848,0.786737073212862,block1:s2,fcfs,mixed,1785143828.153211,1785143828.1539984,1785143828.6320262,1785143829.6490655,,,
block1-000589,86.57071774359792,5809.020986664109,142,115.0,84.96828004717827,5807.418548967689,1.6024376964196563,block1:zero_tool,fcfs,mixed,1785143828.2067509,1785143828.2083535,1785143828.2933304,1785143834.015781,,,
block1-000590,97.06019691657275,2808.51672089193,67,17.5,95.31768504530191,2806.7742090206593,1.7425118712708354,block1:s2,fcfs,mixed,1785143828.644452,1785143828.646195,1785143828.7415206,1785143831.4529772,,,
block1-000591,84.81687004677951,4655.790962046012,113,17.5,82.8268249752,4653.800916974433,1.990045071579516,block1:zero_tool,fcfs,mixed,1785143828.6775339,1785143828.6795244,1785143828.7623591,1785143833.3333335,,,
block1-000592,97.19098766800016,10468.073139665648,253,287.5,96.97479195892811,10467.856943956576,0.21619570907205343,block1:zero_tool,fcfs,mixed,1785143829.1129403,1785143829.1131568,1785143829.2101402,1785143839.5810225,,,
block1-000593,73.02190852351487,5226.52165661566,128,60.0,72.49683898407966,5225.996587076224,0.5250695394352078,block1:zero_tool,fcfs,mixed,1785143829.1400366,1785143829.1405618,1785143829.213067,1785143834.366567,,,
block1-000594,808.5863683372736,2110.2617813739926,49,85.0,807.3818490374833,2109.0572620742023,1.2045192997902632,block1:s3,fcfs,mixed,1785143829.384171,1785143829.3853765,1785143830.1927733,1785143831.4944487,,,
block1-000595,70.40744321420789,23347.728214226663,559,15.0,69.35950589831918,23346.680276910774,1.0479373158887029,block1:zero_tool,fcfs,mixed,1785143829.522117,1785143829.5231657,1785143829.5925357,1785143852.869856,,,
block1-000596,773.5750844003633,2016.1494573112577,48,10.0,773.0425699846819,2015.6169428955764,0.5325144156813622,block1:s3,fcfs,mixed,1785143829.571481,1785143829.5720139,1785143830.3450644,1785143831.5876386,,,
block1-000597,767.1783501282334,1915.8909441903234,46,187.5,766.5249250130728,1915.2375190751627,0.653425115160644,block1:s3,fcfs,mixed,1785143829.709552,1785143829.7102058,1785143830.4767396,1785143831.6254513,,,
block1-000598,845.8075874950737,1765.4462115606293,43,155.0,844.891749904491,1764.5303739700466,0.9158375905826688,block1:s3,fcfs,mixed,1785143829.9753933,1785143829.9763095,1785143830.8212106,1785143831.7408493,,,
block1-000599,510.3309416444972,1774.3126536952332,43,12.5,509.22129093669355,1773.2030029874295,1.1096507078036666,block1:s3,fcfs,mixed,1785143830.2543569,1785143830.255467,1785143830.7646992,1785143832.0286806,,,
block1-000600,55.249267257750034,7891.8079832801595,193,10.0,54.642640985548496,7891.201357007958,0.6066262722015381,block1:zero_tool,fcfs,mixed,1785143830.4629838,1785143830.4635909,1785143830.5182452,1785143838.3548036,,,
block1-000601,58.3674960071221,6822.567789000459,165,60.0,57.25222500041127,6821.452517993748,1.1152710067108274,block1:zero_tool,fcfs,mixed,1785143831.0872748,1785143831.08839,1785143831.1458137,1785143837.9100142,,,
block1-000602,70.33485022839159,6557.815326261334,158,15.0,69.27261699456722,6556.75309302751,1.0622332338243723,block1:zero_tool,fcfs,mixed,1785143831.135773,1785143831.1368356,1785143831.2061174,1785143837.6935978,,,
block1-000603,56.43016879912466,6432.268617791124,155,15.0,56.09941796865314,6431.937866960652,0.33075083047151566,block1:zero_tool,fcfs,mixed,1785143831.4385502,1785143831.4388819,1785143831.4949937,1785143837.870832,,,
block1-000604,56.16346059832722,6397.528010653332,154,15.0,55.184080032631755,6396.548630087636,0.9793805656954646,block1:zero_tool,fcfs,mixed,1785143831.6289184,1785143831.629898,1785143831.68509,1785143838.0264547,,,
block1-000605,687.3656290117651,1988.1497729802504,48,22.5,685.4699050309137,1986.254048999399,1.8957239808514714,block1:s4,fcfs,mixed,1785143831.7954512,1785143831.7973473,1785143832.4828253,1785143833.7836092,,,
block1-000606,87.27889868896455,6937.100897659548,167,60.0,86.51922596618533,6936.341224936768,0.7596727227792144,block1:zero_tool,fcfs,mixed,1785143831.8011384,1785143831.8018985,1785143831.8884308,1785143838.7382526,,,
block1-000607,54.09941030666232,7014.30022821296,170,20.0,53.21848508901894,7013.419302995317,0.8809252176433802,block1:zero_tool,fcfs,mixed,1785143832.0707312,1785143832.0716121,1785143832.1248388,1785143839.0850399,,,
block1-000608,597.8673164499924,1766.1605824250728,43,25.0,597.5734919775277,1765.8667579526082,0.29382447246462107,block1:s1,fcfs,mixed,1785143832.6591883,1785143832.659483,1785143833.2570665,1785143834.42536,,,
block1-000609,76.00274658761919,8074.705810518935,193,47.5,74.86172404605895,8073.564787977375,1.1410225415602326,block1:zero_tool,fcfs,mixed,1785143832.7000046,1785143832.7011461,1785143832.7760174,1785143840.77472,,,
block1-000610,611.8740671081468,1774.8879750724882,44,10.0,610.8425410930067,1773.856449057348,1.0315260151401162,block1:s1,fcfs,mixed,1785143832.9575973,1785143832.9586294,1785143833.5694838,1785143834.7324977,,,
block1-000611,102.34755126293749,3000.5976381944492,73,15.0,101.58381005749106,2999.833896989003,0.7637412054464221,block1:s1,fcfs,mixed,1785143833.1143274,1785143833.1150918,1785143833.2166889,1785143836.114939,,,
block1-000612,540.0746959494427,1705.4592189379036,42,17.5,539.7841680096462,1705.1686909981072,0.29052793979644775,block1:s1,fcfs,mixed,1785143833.126797,1785143833.1270878,1785143833.6668828,1785143834.8322673,,,
block1-000613,96.44865046720952,2553.1004284275696,63,47.5,95.47419496811926,2552.1259729284793,0.9744554990902543,block1:s1,fcfs,mixed,1785143833.1577804,1785143833.158755,1785143833.254238,1785143835.71089,,,
block1-000614,552.6714253937826,1717.5551583059132,43,117.5,551.8658490618691,1716.7495819739997,0.8055763319134712,block1:s1,fcfs,mixed,1785143833.1720793,1785143833.1728854,1785143833.7247596,1785143834.8896434,,,
block1-000615,70.47015253920108,7327.542234561406,175,15.0,69.50878701172769,7326.580869033933,0.9613655274733901,block1:zero_tool,fcfs,mixed,1785143833.4599276,1785143833.4608893,1785143833.530406,1785143840.787478,,,
block1-000616,445.5597111955285,1573.3957522315904,38,170.0,445.43991005048156,1573.2759510865435,0.11980114504694939,block1:s2,fcfs,mixed,1785143834.1716163,1785143834.171736,1785143834.6171842,1785143835.7450204,,,
block1-000617,65.09003799874336,13638.322644052096,320,12.5,63.9667590148747,13637.199365068227,1.1232789838686585,block1:zero_tool,fcfs,mixed,1785143834.7669926,1785143834.7681162,1785143834.832092,1785143848.4053245,,,
block1-000618,592.451632139273,1634.290165035054,37,280.0,592.2399330884218,1634.078465984203,0.21169905085116625,block1:s2,fcfs,mixed,1785143835.1600106,1785143835.1602225,1785143835.7524707,1785143836.7943091,,,
block1-000619,114.4355870783329,3014.3767271656543,69,297.5,113.80581196863204,3013.7469520559534,0.6297751097008586,block1:s2,fcfs,mixed,1785143835.2056422,1785143835.2062724,1785143835.3200858,1785143838.220027,,,
block1-000620,97.04507619608194,6241.284539108165,148,17.5,96.22027410659939,6240.459737018682,0.8248020894825459,block1:zero_tool,fcfs,mixed,1785143835.2227292,1785143835.2235553,1785143835.3197913,1785143841.4640307,,,
block1-000621,469.27232877351344,1878.1162257073447,41,357.5,468.7303750542924,1877.5742719881237,0.5419537192210555,block1:s2,fcfs,mixed,1785143835.4783525,1785143835.4788947,1785143835.9476335,1785143837.356477,,,
block1-000622,64.81430539861321,6954.327268409543,165,177.5,63.54930007364601,6953.0622630845755,1.2650053249672055,block1:zero_tool,fcfs,mixed,1785143835.6872303,1785143835.6884966,1785143835.7520623,1785143842.6415753,,,
block1-000623,351.7153016291559,1483.056033612229,31,12.5,350.5658230278641,1481.9065550109372,1.1494786012917757,block1:s2,fcfs,mixed,1785143835.9328425,1785143835.9339921,1785143836.284568,1785143837.4159088,,,
block1-000624,60.91478478629142,6525.601078756154,155,17.5,60.46260800212622,6525.148901971988,0.45217678416520357,block1:zero_tool,fcfs,mixed,1785143836.2320132,1785143836.2324657,1785143836.2929368,1785143842.757623,,,
block1-000625,870.6793515011668,2154.1682535316795,48,50.0,869.6042089723051,2153.0931110028177,1.075142528861761,block1:s3,fcfs,mixed,1785143836.5657344,1785143836.5668104,1785143837.4364262,1785143838.719915,,,
block1-000626,782.4238097527996,1864.5076667889953,41,412.5,781.861035968177,1863.9448930043727,0.56277378462255,block1:s3,fcfs,mixed,1785143836.6268885,1785143836.6274529,1785143837.409357,1785143838.491442,,,
block1-000627,94.35147023759782,8129.47433325462,188,485.0,93.90510898083448,8129.027971997857,0.44636125676333904,block1:zero_tool,fcfs,mixed,1785143836.7895172,1785143836.789964,1785143836.8838804,1785143844.9190032,,,
block1-000628,106.41051374841481,6924.00703264866,165,280.0,106.18514008820057,6923.781658988446,0.22537366021424532,block1:zero_tool,fcfs,mixed,1785143836.8143163,1785143836.814542,1785143836.9207346,1785143843.738331,,,
block1-000629,647.6255874149501,1854.736629407853,43,15.0,646.4923350140452,1853.603377006948,1.1332524009048939,block1:s3,fcfs,mixed,1785143836.8458712,1785143836.8470051,1785143837.4935067,1785143838.7006185,,,
block1-000630,889.5957466447726,2087.0303616393358,49,95.0,888.8318230165169,2086.26643801108,0.7639236282557249,block1:s3,fcfs,mixed,1785143836.9811323,1785143836.9818964,1785143837.8707376,1785143839.0681734,,,
block1-000631,730.6375133339316,2000.592606374994,48,10.0,730.0635379506275,2000.0186309916899,0.5739753833040595,block1:s3,fcfs,mixed,1785143837.0670066,1785143837.067581,1785143837.7976553,1785143839.06761,,,
block1-000632,72.28171243332326,5433.814158430323,132,17.5,71.97046105284244,5433.502907049842,0.3112513804808259,block1:zero_tool,fcfs,mixed,1785143837.343819,1785143837.3441303,1785143837.4161103,1785143842.7776427,,,
block1-000633,57.05526901874691,6043.398849084042,146,820.0,56.80982593912631,6043.153406004421,0.24544307962059975,block1:zero_tool,fcfs,mixed,1785143837.559738,1785143837.5599837,1785143837.616801,1785143843.6031444,,,
block1-000634,710.4047569446266,2084.2313240282238,48,15.0,709.4815969467163,2083.3081640303135,0.9231599979102612,block1:s4,fcfs,mixed,1785143838.357097,1785143838.3580203,1785143839.0675108,1785143840.4413373,,,
block1-000635,55.61438179574907,5343.533446779475,126,117.5,55.184180033393204,5343.103245017119,0.43020176235586405,block1:zero_tool,fcfs,mixed,1785143838.991178,1785143838.9916086,1785143839.0468023,1785143844.3347213,,,
block1-000636,770.9026171360165,2064.4265931332484,48,17.5,770.6070520216599,2064.131028018892,0.2955651143565774,block1:s4,fcfs,mixed,1785143839.1677504,1785143839.1680462,1785143839.938664,1785143841.2321877,,,
block1-000637,57.17854027170688,5937.528666225262,135,280.0,56.607955950312316,5936.958081903867,0.5705843213945627,block1:zero_tool,fcfs,mixed,1785143839.3532505,1785143839.3538215,1785143839.4104385,1785143845.2907887,,,
block1-000638,774.7832057066262,2031.240630778484,48,172.5,773.6068739322945,2030.0642990041524,1.1763317743316293,block1:s4,fcfs,mixed,1785143839.6664293,1785143839.6676066,1785143840.4412296,1785143841.6976871,,,
block1-000639,755.6345461634919,2018.496435135603,48,155.0,754.8083789879456,2017.6702679600567,0.8261671755462885,block1:s4,fcfs,mixed,1785143839.8265738,1785143839.8274016,1785143840.5822394,1785143841.8451016,,,
block1-000640,605.5105329724029,1787.9027219023556,43,115.0,604.7744530951604,1787.166642025113,0.736079877242446,block1:s1,fcfs,mixed,1785143839.853377,1785143839.854114,1785143840.458912,1785143841.641304,,,
block1-000641,84.78209236636758,7606.07401735615,176,15.0,84.35655094217509,7605.648475931957,0.4255414241924882,block1:zero_tool,fcfs,mixed,1785143839.944912,1785143839.945338,1785143840.0297074,1785143847.550999,,,
block1-000642,543.9628215972334,1717.8227095864713,43,177.5,542.8069490008056,1716.6668369900435,1.1558725964277983,block1:s1,fcfs,mixed,1785143840.0387225,1785143840.0398784,1785143840.5826957,1785143841.756556,,,
block1-000643,56.77885876502842,5369.631351786666,120,395.0,56.31519702728838,5369.167690048926,0.4636617377400398,block1:zero_tool,fcfs,mixed,1785143840.4647658,1785143840.4652293,1785143840.5215528,1785143845.8344054,,,
block1-000644,67.52519926521927,5415.618798229843,121,60.0,66.52156298514456,5414.615161949769,1.0036362800747156,block1:zero_tool,fcfs,mixed,1785143840.5150802,1785143840.5160842,1785143840.5826137,1785143845.9307075,,,
block1-000645,75.20952494814992,2618.720139027573,63,170.0,74.21010499820113,2617.7207190776244,0.9994199499487877,block1:s1,fcfs,mixed,1785143840.711935,1785143840.7129347,1785143840.7871552,1785143843.3306665,,,
block1-000646,63.2624018471688,6243.84720181115,142,820.0,62.187012983486056,6242.771812947467,1.0753888636827469,block1:zero_tool,fcfs,mixed,1785143841.4618294,1785143841.4629056,1785143841.525107,1785143847.7056916,,,
block1-000647,352.2130456985906,1341.7360197054222,31,187.5,351.82148893363774,1341.3444629404694,0.3915567649528384,block1:s1,fcfs,mixed,1785143841.7218692,1785143841.722261,1785143842.0740907,1785143843.0636137,,,
block1-000648,61.39582733158022,5421.513025416061,121,572.5,60.78891595825553,5420.906114042737,0.6069113733246922,block1:zero_tool,fcfs,mixed,1785143842.0727403,1785143842.0733476,1785143842.1341465,1785143847.4942634,,,
block1-000649,92.49426960013807,5573.202082538046,125,132.5,91.98111202567816,5572.688924963586,0.5131575744599104,block1:zero_tool,fcfs,mixed,1785143842.1508043,1785143842.1513176,1785143842.24331,1785143847.7240176,,,
block1-000650,76.8939012195915,16378.239819197915,391,15.0,76.51748892385513,16377.86340690218,0.37641229573637247,block1:zero_tool,fcfs,mixed,1785143842.1693063,1785143842.1696837,1785143842.2462118,1785143858.5475578,,,
block1-000651,102.03802143223584,3289.7291424451396,69,10.0,100.91432195622474,3288.6054429691285,1.1236994760110974,block1:s2,fcfs,mixed,1785143842.2735946,1785143842.2747185,1785143842.3756402,1785143845.5633311,,,
block1-000652,520.6660572439432,1544.6161282015964,36,132.5,519.9600430205464,1543.9101139781997,0.7060142233967781,block1:s2,fcfs,mixed,1785143842.487047,1785143842.487753,1785143843.007721,1785143844.0316713,,,
block1-000653,849.2203776258975,2404.280073591508,49,550.0,848.6691659782082,2403.7288619438186,0.5512116476893425,block1:s2,fcfs,mixed,1785143843.0043128,1785143843.004864,1785143843.8535411,1785143845.408601,,,
block1-000654,67.7053922554478,8043.324632220902,188,52.5,66.87464111018926,8042.493881075643,0.8307511452585459,block1:zero_tool,fcfs,mixed,1785143843.0335839,1785143843.034415,1785143843.1012986,1785143851.0769174,,,
block1-000655,596.0012304130942,1891.9015703722835,37,15.0,595.0132340658456,1890.913574025035,0.9879963472485542,block1:s2,fcfs,mixed,1785143843.1801167,1785143843.181106,1785143843.7761385,1785143845.0720391,,,
block1-000656,727.408689679578,2454.7754486557096,48,357.5,726.3312350260094,2453.697994002141,1.0774546535685658,block1:s3,fcfs,mixed,1785143843.3585117,1785143843.3595898,1785143844.0859358,1785143845.8133025,,,
block1-000657,55.56364206131548,5492.880963021889,128,12.5,55.17360009253025,5492.490921053104,0.39004196878522635,block1:zero_tool,fcfs,mixed,1785143843.5471187,1785143843.547509,1785143843.602694,1785143849.0400105,,,
block1-000658,1026.2116042431444,2442.6028473535553,48,17.5,1025.2484088996425,2441.6396520100534,0.9631953435018659,block1:s3,fcfs,mixed,1785143843.9909947,1785143843.991958,1785143845.017355,1785143846.433746,,,
block1-000659,480.392110417597,2120.0986563926563,41,155.0,479.8893160186708,2119.59586199373,0.5027943989261985,block1:s3,fcfs,mixed,1785143844.0665035,1785143844.0670063,1785143844.5469038,1785143846.1866102,,,
block1-000660,663.597717648372,2067.79773067683,41,15.0,663.2911829510704,2067.491195979528,0.3065346973016858,block1:s3,fcfs,mixed,1785143844.20025,1785143844.200559,1785143844.8638732,1785143846.2680728,,,
block1-000661,993.4522371040657,2337.04801206477,48,572.5,992.3899651039392,2335.9857400646433,1.0622720001265407,block1:s3,fcfs,mixed,1785143844.5480664,1785143844.5491288,1785143845.54153,1785143846.885125,,,
block1-000662,1184.1781454859301,2137.877532513812,43,20.0,1183.741562999785,2137.440950027667,0.43658248614519835,block1:s3,fcfs,mixed,1785143844.5728204,1785143844.5732584,1785143845.7570217,1785143846.71072,,,
block1-000663,738.5415224125609,2119.625269435346,43,10.0,738.4432950057089,2119.527042028494,0.09822740685194731,block1:s3,fcfs,mixed,1785143844.5908823,1785143844.590981,1785143845.329435,1785143846.710519,,,
block1-000664,924.2570823989809,2264.8827544180676,48,17.5,923.9031570032239,2264.5288290223107,0.3539253957569599,block1:s4,fcfs,mixed,1785143844.6784468,1785143844.6788018,1785143845.602718,1785143846.943344,,,
block1-000665,862.8058388130739,2200.7840257138014,48,550.0,862.3915530042723,2200.3697399049997,0.414285808801651,block1:s4,fcfs,mixed,1785143844.761578,1785143844.7619927,1785143845.6243963,1785143846.9623744,,,
block1-000666,881.5429458627477,2144.7202007984743,48,15.0,881.1028780182824,2144.280132954009,0.44006784446537495,block1:s4,fcfs,mixed,1785143844.8757575,1785143844.8761976,1785143845.7573106,1785143847.0204878,,,
block1-000667,839.7375211352482,2104.1073141386732,48,10.0,839.013317017816,2103.383110021241,0.7242041174322367,block1:s4,fcfs,mixed,1785143844.9737735,1785143844.9744978,1785143845.813519,1785143847.077889,,,
block1-000668,105.12492270208895,5394.612809759565,131,15.0,104.91612297482789,5394.404010032304,0.20879972726106644,block1:zero_tool,fcfs,mixed,1785143845.0273438,1785143845.0275526,1785143845.1324904,1785143850.4219785,,,
block1-000669,776.3649093685672,2083.9153493288904,49,412.5,775.9593660011888,2083.509805961512,0.4055433673784137,block1:s4,fcfs,mixed,1785143845.4104931,1785143845.410899,1785143846.1868672,1785143847.4944174,,,
block1-000670,755.1339843776077,2008.7764313211665,48,52.5,754.9170070560649,2008.5594539996237,0.21697732154279947,block1:s4,fcfs,mixed,1785143845.5805538,1785143845.5807726,1785143846.3357081,1785143847.589351,,,
block1-000671,746.4620127575472,2015.4811127576977,48,92.5,746.1973170284182,2015.2164170285687,0.2646957291290164,block1:s4,fcfs,mixed,1785143845.6087413,1785143845.6090062,1785143846.3552086,1785143847.6242273,,,
block1-000672,65.25916489772499,4702.8205308597535,117,412.5,64.20594803057611,4701.767313992605,1.0532168671488762,block1:zero_tool,fcfs,mixed,1785143846.163074,1785143846.1641285,1785143846.228351,1785143850.865913,,,
block1-000673,71.63119548931718,2273.00482254941,58,550.0,70.23758394643664,2271.6112110065296,1.3936115428805351,block1:s1,fcfs,mixed,1785143846.2642908,1785143846.2656853,1785143846.3359349,1785143848.537309,,,
block1-000674,533.286159276031,1691.05532229878,43,297.5,532.4983309255913,1690.2674939483404,0.7878283504396677,block1:s1,fcfs,mixed,1785143846.5058956,1785143846.5066836,1785143847.0391908,1785143848.1969597,,,
block1-000675,534.9255662877113,1441.832373267971,37,117.5,533.445278997533,1440.3520859777927,1.4802872901782393,block1:s1,fcfs,mixed,1785143847.1133897,1785143847.1148703,1785143847.648322,1785143848.555229,,,
block1-000676,490.63896329607815,1414.7818483179435,36,550.0,488.9449239708483,1413.0878089927137,1.6940393252298236,block1:s1,fcfs,mixed,1785143847.401919,1785143847.403613,1785143847.8925657,1785143848.8167086,,,
block1-000677,63.06744541507214,33019.162926473655,785,15.0,62.19112395774573,33018.28660501633,0.8763214573264122,block1:zero_tool,fcfs,mixed,1785143847.5673425,1785143847.5682192,1785143847.630421,1785143880.5865164,,,
block1-000678,59.70068520400673,11475.449819117785,280,322.5,59.52931905630976,11475.278452970088,0.1713661476969719,block1:zero_tool,fcfs,mixed,1785143848.0993097,1785143848.0994813,1785143848.1590207,1785143859.5747697,,,
block1-000679,70.51343587227166,12125.574062927626,295,17.5,68.43096890952438,12123.491595964879,2.082466962747276,block1:zero_tool,fcfs,mixed,1785143848.2971282,1785143848.2992127,1785143848.3676662,1785143860.4227266,,,
block1-000680,411.088555585593,1418.0955846095458,34,15.0,409.5943020656705,1416.6013310896233,1.4942535199224949,block1:s2,fcfs,mixed,1785143848.6096034,1785143848.6110976,1785143849.0206997,1785143850.0277069,,,
block1-000681,83.35483714472502,10839.235111139715,263,15.0,82.48315507080406,10838.363429065794,0.8716820739209652,block1:zero_tool,fcfs,mixed,1785143848.62129,1785143848.6221623,1785143848.704671,1785143859.4605513,,,
block1-000682,548.845998942852,1517.7510879002512,36,117.5,548.1059130979702,1517.0110020553693,0.7400858448818326,block1:s2,fcfs,mixed,1785143849.0426214,1785143849.0433636,1785143849.5914934,1785143850.5603979,,,
block1-000683,100.12620675843209,3055.227267788723,74,47.5,99.0720959380269,3054.173156968318,1.0541108204051852,block1:s2,fcfs,mixed,1785143849.2305815,1785143849.231636,1785143849.3307173,1785143852.2858186,,,
block1-000684,514.4714231137186,1507.4367651250213,36,395.0,514.0200250316411,1506.9853670429438,0.4513980820775032,block1:s2,fcfs,mixed,1785143849.531788,1785143849.5322397,1785143850.0462682,1785143851.0392334,,,
block1-000685,603.6153020104393,1786.3595340168104,44,152.5,602.9984549386427,1785.7426869450137,0.6168470717966557,block1:s2,fcfs,mixed,1785143849.6694212,1785143849.6700382,1785143850.2730453,1785143851.4557893,,,
block1-000686,594.1096991300583,1581.1770951841027,38,485.0,593.4902860317379,1580.5576820857823,0.619413098320365,block1:s2,fcfs,mixed,1785143850.0808446,1785143850.0814643,1785143850.6749637,1785143851.6620312,,,
block1-000687,100.30555026605725,7355.915709282272,179,145.0,100.10632302146405,7355.716482037678,0.19922724459320307,block1:zero_tool,fcfs,mixed,1785143850.0967298,1785143850.096929,1785143850.1970437,1785143857.4526536,,,
block1-000688,57.5236224103719,6618.0414374684915,161,280.0,56.37026601471007,6616.88808107283,1.153356395661831,block1:zero_tool,fcfs,mixed,1785143850.3720088,1785143850.3731635,1785143850.4295552,1785143856.990072,,,
block1-000689,431.7169776186347,1640.1927386177704,39,105.0,431.2486000126228,1639.7243610117584,0.46837760601192713,block1:s3,fcfs,mixed,1785143850.7386405,1785143850.739109,1785143851.1703658,1785143852.3788414,,,
block1-000690,731.018066755496,2091.411367757246,48,12.5,730.2282029995695,2090.6215040013194,0.7898637559264898,block1:s3,fcfs,mixed,1785143851.535267,1785143851.536059,1785143852.2663102,1785143853.6267033,,,
block1-000691,678.5592193482444,2039.4846283597872,48,320.0,677.7720659738407,2038.6974749853835,0.7871533744037151,block1:s3,fcfs,mixed,1785143851.662508,1785143851.6632953,1785143852.341076,1785143853.7020013,,,
block1-000692,56.78387056104839,5338.851696578786,130,307.5,56.09113804530352,5338.158964063041,0.6927325157448649,block1:zero_tool,fcfs,mixed,1785143852.1716309,1785143852.172324,1785143852.228425,1785143857.510492,,,
block1-000693,721.1398197105154,2132.596598705277,48,17.5,720.9157850593328,2132.3725640540943,0.22403465118259192,block1:s3,fcfs,mixed,1785143852.5603468,1785143852.5605712,1785143853.2814963,1785143854.6929522,,,
block1-000694,908.4240080555901,2154.3350890278816,49,545.0,907.7407330041751,2153.6518139764667,0.6832750514149666,block1:s3,fcfs,mixed,1785143852.5970502,1785143852.5977333,1785143853.5056417,1785143854.751552,,,
block1-000695,56.49385950528085,5189.24157845322,128,545.0,56.22684699483216,5188.974565942772,0.26701251044869423,block1:zero_tool,fcfs,mixed,1785143852.737527,1785143852.7377944,1785143852.7940307,1785143857.9267783,,,
block1-000696,745.2914618188515,2133.5496657993644,48,92.5,744.622768019326,2132.880971999839,0.6686937995254993,block1:s4,fcfs,mixed,1785143853.2823954,1785143853.2830644,1785143854.027704,1785143855.4159615,,,
block1-000697,747.6990193827078,2137.217660434544,48,15.0,747.2543409094214,2136.7729819612578,0.4446784732863307,block1:s4,fcfs,mixed,1785143853.2975943,1785143853.298039,1785143854.0453012,1785143855.43482,,,
block1-000698,77.9040299821645,5317.795363953337,130,47.5,76.82048808783293,5316.7118220590055,1.0835418943315744,block1:zero_tool,fcfs,mixed,1785143853.4341314,1785143853.4352157,1785143853.5120475,1785143858.7519388,,,
block1-000699,67.95201264321804,5843.389266636223,142,15.0,67.22176109906286,5842.659015092067,0.7302515441551805,block1:zero_tool,fcfs,mixed,1785143853.8452294,1785143853.8459604,1785143853.913197,1785143859.6886337,,,
block1-000700,795.0209541013464,2064.0080500161275,48,217.5,794.6785690728575,2063.6656649876386,0.34238502848893404,block1:s4,fcfs,mixed,1785143854.0521433,1785143854.052486,1785143854.8471751,1785143856.1161623,,,
block1-000701,776.638844399713,2050.9302674327046,48,322.5,775.8415730204433,2050.132996053435,0.7972713792696595,block1:s4,fcfs,mixed,1785143854.2982328,1785143854.2990303,1785143855.0748804,1785143856.3491716,,,
block1-000702,753.0552505049855,2011.0112325055525,48,105.0,751.9444799982011,2009.9004619987682,1.1107705067843199,block1:s4,fcfs,mixed,1785143854.5154953,1785143854.5166066,1785143855.2685585,1785143856.5265145,,,
block1-000703,706.8407542537898,1973.2085852883756,48,132.5,706.2558690086007,1972.6237000431865,0.5848852451890707,block1:s4,fcfs,mixed,1785143854.765484,1785143854.7660704,1785143855.4723418,1785143856.7387094,,,
block1-000704,80.55077400058508,5655.613549984992,136,20.0,79.98863002285361,5655.05140600726,0.5621439777314663,block1:zero_tool,fcfs,mixed,1785143855.2015297,1785143855.202094,1785143855.2821004,1785143860.8571634,,,
block1-000705,546.121459105052,1729.3364370707422,43,280.0,545.8111580228433,1729.0261359885335,0.31030108220875263,block1:s1,fcfs,mixed,1785143855.2025712,1785143855.2028816,1785143855.7486985,1785143856.9319131,,,
block1-000706,535.5095536215231,1719.205240602605,43,485.0,533.4365270100534,1717.1322139911354,2.073026611469686,block1:s1,fcfs,mixed,1785143855.6192386,1785143855.6213117,1785143856.1547577,1785143857.3384535,,,
block1-000707,73.39401135686785,13484.729719464667,314,105.0,73.17064690869302,13484.506355016492,0.22336444817483425,block1:zero_tool,fcfs,mixed,1785143855.6753826,1785143855.675606,1785143855.7487836,1785143869.1601195,,,
block1-000708,515.6288569560274,1666.306591941975,42,177.5,514.710520976223,1665.3882559621707,0.9183359798043966,block1:s1,fcfs,mixed,1785143856.2233655,1785143856.224287,1785143856.7390218,1785143857.8896997,,,
block1-000709,113.30328334588557,2689.579492318444,65,50.0,112.86985303740948,2689.146062009968,0.43343030847609043,block1:s1,fcfs,mixed,1785143856.2719374,1785143856.272371,1785143856.3852503,1785143858.9615266,,,
block1-000710,78.62659450620413,13444.701296510175,313,15.0,78.08671495877206,13444.161416962743,0.539879547432065,block1:zero_tool,fcfs,mixed,1785143856.3085375,1785143856.3090777,1785143856.387174,1785143869.7532485,,,
block1-000711,71.07374875340611,6812.4184757471085,157,17.5,69.99846396502107,6811.343190958723,1.0752847883850336,block1:zero_tool,fcfs,mixed,1785143856.455676,1785143856.4567513,1785143856.5267577,1785143863.2681026,,,
block1-000712,55.55907275993377,6854.164442745969,158,95.0,54.62768999859691,6853.233059984632,0.931382761336863,block1:zero_tool,fcfs,mixed,1785143857.2247117,1785143857.2256432,1785143857.28029,1785143864.0788953,,,
block1-000713,479.3334386777133,1736.106061609462,40,107.5,478.45447703730315,1735.2270999690518,0.8789616404101253,block1:s2,fcfs,mixed,1785143858.010705,1785143858.011584,1785143858.4900444,1785143859.746817,,,
block1-000714,595.4735475825146,1574.1553995758295,36,172.5,594.8727510403842,1573.554603033699,0.6007965421304107,block1:s2,fcfs,mixed,1785143858.210404,1785143858.211005,1785143858.8058894,1785143859.7845712,,,
block1-000715,637.9975799936801,1822.842522058636,43,152.5,637.401390937157,1822.2463330021128,0.5961890565231442,block1:s2,fcfs,mixed,1785143858.2462115,1785143858.2468078,1785143858.8842165,1785143860.069061,,,
block1-000716,550.0539221102372,1505.7947781169787,36,140.0,549.1287689656019,1504.8696249723434,0.9251531446352601,block1:s2,fcfs,mixed,1785143858.5633929,1785143858.5643191,1785143859.113458,1785143860.0691988,,,
block1-000717,100.24190007243305,4236.394247040153,93,105.0,99.98520300723612,4236.137549974956,0.25669706519693136,block1:zero_tool,fcfs,mixed,1785143858.7416084,1785143858.7418652,1785143858.8418615,1785143862.9780138,,,
block1-000718,608.4899910492823,1592.1970300842077,38,282.5,607.8135599382222,1591.5205989731476,0.6764311110600829,block1:s2,fcfs,mixed,1785143858.793084,1785143858.7937605,1785143859.4015806,1785143860.3852878,,,
block1-000719,93.16101111471653,7290.48853716813,167,17.5,91.69524302706122,7289.022769080475,1.4657680876553059,block1:zero_tool,fcfs,mixed,1785143859.2445743,1785143859.2460432,1785143859.337764,1785143866.5350912,,,
block1-000720,381.30936841480434,1774.5065074414015,38,135.0,380.729548051022,1773.9266870776191,0.5798203637823462,block1:s3,fcfs,mixed,1785143859.2507281,1785143859.2513082,1785143859.6320457,1785143861.0252428,,,
block1-000721,893.608451122418,2453.360914019868,48,95.0,892.7068340126425,2452.4592969100922,0.9016171097755432,block1:s3,fcfs,mixed,1785143860.037711,1785143860.0386128,1785143860.9313278,1785143862.4910805,,,
block1-000722,754.7703110612929,2173.433018149808,41,15.0,754.1142839472741,2172.7769910357893,0.6560271140187979,block1:s3,fcfs,mixed,1785143860.0653193,1785143860.0659757,1785143860.820096,1785143862.2387586,,,
block1-000723,839.7319470532238,2389.833662076853,48,820.0,838.8656119350344,2388.9673269586638,0.8663351181894541,block1:s3,fcfs,mixed,1785143860.4513848,1785143860.4522514,1785143861.2912893,1785143862.841391,,,
block1-000724,621.5517007512972,2093.014613725245,41,117.5,620.2941590454429,2091.7570720193908,1.257541705854237,block1:s3,fcfs,mixed,1785143860.5935252,1785143860.5947833,1785143861.2151,1785143862.6865633,,,
block1-000725,690.8094538375735,2165.2597087668255,43,282.5,690.2723840903491,2164.722639019601,0.5370697472244501,block1:s3,fcfs,mixed,1785143860.6202486,1785143860.6207862,1785143861.311068,1785143862.7855184,,,
block1-000726,141.42448094207793,9603.98413601797,220,357.5,139.30770999286324,9601.867365068756,2.116770949214697,block1:zero_tool,fcfs,mixed,1785143860.6384327,1785143860.6405497,1785143860.779865,1785143870.2424247,,,
block1-000727,759.1761854710057,2309.1295114718378,48,282.5,758.9563310611993,2308.9096570620313,0.21985440980643034,block1:s3,fcfs,mixed,1785143860.7623134,1785143860.7625337,1785143861.5214999,1785143863.071453,,,
block1-000728,798.7562215421349,2271.251851459965,48,92.5,797.9013280710205,2270.3969579888508,0.8548934711143374,block1:s4,fcfs,mixed,1785143860.826415,1785143860.82727,1785143861.6251802,1785143863.0976758,,,
block1-000729,979.5033333357424,2254.9711383180693,48,172.5,977.6206430979073,2253.0884480802342,1.8826902378350496,block1:s4,fcfs,mixed,1785143861.4333372,1785143861.4352202,1785143862.4128485,1785143863.6883166,,,
block1-000730,953.4594389842823,2227.94742800761,48,280.0,952.7937709353864,2227.2817599587142,0.6656680488958955,block1:s4,fcfs,mixed,1785143861.4800646,1785143861.4807312,1785143862.4335356,1785143863.7080238,,,
block1-000731,927.2397956810892,2200.265657622367,48,350.0,926.4543029712513,2199.4801649125293,0.7854927098378539,block1:s4,fcfs,mixed,1785143861.5460088,1785143861.5467944,1785143862.4732573,1785143863.7462828,,,
block1-000732,899.0948353894055,2172.31686739251,48,322.5,898.6040799645707,2171.8261119676754,0.49075542483478785,block1:s4,fcfs,mixed,1785143861.5742722,1785143861.574763,1785143862.473375,1785143863.746597,,,
block1-000733,899.6553120668977,2173.157793120481,48,17.5,898.9293590420857,2172.431840095669,0.7259530248120427,block1:s4,fcfs,mixed,1785143861.591875,1785143861.5926013,1785143862.4915402,1785143863.7650428,,,
block1-000734,898.2842976693064,2209.914168692194,49,12.5,898.0443410109729,2209.6742120338604,0.23995665833353996,block1:s4,fcfs,mixed,1785143861.5931091,1785143861.5933514,1785143862.491412,1785143863.8030415,,,
block1-000735,850.1642302144319,2122.0208852319047,48,52.5,849.6952059213072,2121.55186093878,0.46902429312467575,block1:s4,fcfs,mixed,1785143861.6618397,1785143861.6623094,1785143862.512023,1785143863.7838798,,,
block1-000736,721.5465209446847,1918.7009528977796,43,10.0,720.8454409847036,1917.9998729377985,0.7010799599811435,block1:s1,fcfs,mixed,1785143861.6729028,1785143861.673604,1785143862.3944564,1785143863.5916107,,,
block1-000737,81.21592027600855,2680.964976316318,66,12.5,79.06360202468932,2678.8126580649987,2.1523182513192296,block1:s1,fcfs,mixed,1785143862.078689,1785143862.0808418,1785143862.1599147,1785143864.7596636,,,
block1-000738,70.52902807481587,14109.207640052773,332,20.0,69.60323499515653,14108.281846973114,0.9257930796593428,block1:zero_tool,fcfs,mixed,1785143863.0053024,1785143863.0062284,1785143863.0758395,1785143877.1145182,,,
block1-000739,104.015021934174,3008.4618739783764,71,95.0,102.2459469968453,3006.6927990410477,1.7690749373286963,block1:s1,fcfs,mixed,1785143863.0843284,1785143863.086098,1785143863.1883516,1785143866.0927985,,,
block1-000740,503.3025161828846,1465.8811942208558,36,105.0,501.77193991839886,1464.3506179563701,1.5305762644857168,block1:s1,fcfs,mixed,1785143863.1269307,1785143863.1284616,1785143863.6302416,1785143864.5928204,,,
block1-000741,55.93840777873993,10485.670824768022,249,10.0,55.291638942435384,10485.024055931717,0.6467688363045454,block1:zero_tool,fcfs,mixed,1785143863.3491025,1785143863.3497496,1785143863.405049,1785143873.8347816,,,
block1-000742,697.1570667810738,1983.236226835288,47,15.0,696.1021400056779,1982.1813000598922,1.0549267753958702,block1:s1,fcfs,mixed,1785143863.4010003,1785143863.4020555,1785143864.0981648,1785143865.384244,,,
block1-000743,588.0469585536048,1627.0468146540225,37,100.0,586.8719979189336,1625.8718540193513,1.1749606346711516,block1:s1,fcfs,mixed,1785143863.9063056,1785143863.9074812,1785143864.4943666,1785143865.5333664,,,
block1-000744,68.27905878890306,6898.746189777739,162,10.0,67.16159090865403,6897.62872189749,1.1174678802490234,block1:zero_tool,fcfs,mixed,1785143864.2595313,1785143864.260649,1785143864.327819,1785143871.1582863,,,
block1-000745,67.76859820820391,8085.049191256985,190,107.5,67.3209399683401,8084.601533017121,0.4476582398638129,block1:zero_tool,fcfs,mixed,1785143864.4323974,1785143864.432847,1785143864.5001843,1785143872.5174649,,,
block1-000746,616.5136384079233,1652.7950704330578,37,10.0,615.5029899673536,1651.7844219924882,1.0106484405696392,block1:s2,fcfs,mixed,1785143864.5023696,1785143864.5033805,1785143865.118894,1785143866.1551752,,,
block1-000747,102.17945231124759,3133.641201304272,74,172.5,101.98683803901076,3133.448587032035,0.19261427223682404,block1:s2,fcfs,mixed,1785143864.6930456,1785143864.6932385,1785143864.7952335,1785143867.8266954,,,
block1-000748,478.6775652319193,1513.0436011822894,35,297.5,478.336246102117,1512.7022820524871,0.3413191298022866,block1:s2,fcfs,mixed,1785143864.8309116,1785143864.831253,1785143865.3097365,1785143866.3441026,,,
block1-000749,639.163559069857,1603.8375000935048,38,95.0,637.890386977233,1602.5643280008808,1.2731720926240087,block1:s2,fcfs,mixed,1785143864.9313948,1785143864.9326682,1785143865.5705695,1785143866.5352435,,,
block1-000750,679.0252233622596,1643.8025053357705,38,135.0,677.9980709543452,1642.7753529278561,1.0271524079144,block1:s2,fcfs,mixed,1785143865.2777717,1785143865.278799,1785143865.956806,1785143866.921583,,,
block1-000751,443.4511699946597,1714.2759249545634,40,485.0,442.92776903603226,1713.752523995936,0.5234009586274624,block1:s2,fcfs,mixed,1785143865.382801,1785143865.3833246,1785143865.8262608,1785143867.0970852,,,
block1-000752,67.13713426142931,4748.6371751874685,111,280.0,65.98318298347294,4747.483223909512,1.1539512779563665,block1:zero_tool,fcfs,mixed,1785143865.5835829,1785143865.584737,1785143865.6507275,1785143870.3322275,,,
block1-000753,698.6505108652636,2006.5081579377875,48,820.0,697.6306849392131,2005.488332011737,1.0198259260505438,block1:s3,fcfs,mixed,1785143865.7786145,1785143865.7796364,1785143866.4772856,1785143867.7851434,,,
block1-000754,63.74110537581146,6518.379754386842,154,187.5,63.54547897353768,6518.1841279845685,0.19562640227377415,block1:zero_tool,fcfs,mixed,1785143866.0913198,1785143866.091516,1785143866.155074,1785143872.6097124,,,
block1-000755,472.79880475252867,1888.9887637924403,41,170.0,472.6186989573762,1888.8086579972878,0.18010579515248537,block1:s3,fcfs,mixed,1785143866.624178,1785143866.6243584,1785143867.0969849,1785143868.5131748,,,
block1-000756,92.69477741327137,6994.513822370209,164,12.5,92.13475103024393,6993.953795987181,0.5600263830274343,block1:zero_tool,fcfs,mixed,1785143866.6276376,1785143866.628198,1785143866.7203407,1785143873.62216,,,
block1-000757,93.18322455510497,6984.795143594965,164,550.0,93.01781898830086,6984.629738028161,0.165405566804111,block1:zero_tool,fcfs,mixed,1785143866.6748543,1785143866.67502,1785143866.7680469,1785143873.6596587,,,
block1-000758,695.9572936175391,2225.8646335685626,48,282.5,695.5297690583393,2225.4371090093628,0.42752455919981003,block1:s3,fcfs,mixed,1785143866.9543607,1785143866.9547887,1785143867.650326,1785143869.1802332,,,
block1-000759,83.21026142220944,7080.034828395583,165,117.5,82.2894450975582,7079.1140120709315,0.9208163246512413,block1:zero_tool,fcfs,mixed,1785143867.0137181,1785143867.0146391,1785143867.096937,1785143874.0937614,,,
block1-000760,911.0681707970798,2209.8945177858695,48,320.0,910.0033909780905,2208.82973796688,1.0647798189893365,block1:s4,fcfs,mixed,1785143867.7753918,1785143867.776459,1785143868.6864827,1785143869.9853091,,,
block1-000761,885.4023340390995,2167.6386300241575,48,135.0,884.3082410749048,2166.5445370599627,1.094092964194715,block1:s4,fcfs,mixed,1785143867.9167202,1785143867.9178145,1785143868.8021321,1785143870.0843687,,,
block1-000762,76.18246518541127,6683.552556205541,155,572.5,74.63763293344527,6682.007723953575,1.5448322519659996,block1:zero_tool,fcfs,mixed,1785143867.979245,1785143867.9807906,1785143868.0554395,1785143874.6628094,,,
block1-000763,873.4049517661333,2130.2222887752578,48,100.0,871.9388699391857,2128.75620694831,1.4660818269476295,block1:s4,fcfs,mixed,1785143868.1501052,1785143868.1515715,1785143869.0235183,1785143870.2803357,,,
block1-000764,889.5977038191631,2162.5575618818402,48,70.0,888.9196099480614,2161.8794680107385,0.678093871101737,block1:s4,fcfs,mixed,1785143868.15396,1785143868.1546383,1785143869.043566,1785143870.3165262,,,
block1-000765,859.1832227539271,2128.3239998156205,48,95.0,858.7998619768769,2127.94063903857,0.38336077705025673,block1:s4,fcfs,mixed,1785143868.204247,1785143868.2046306,1785143869.0634375,1785143870.3325784,,,
block1-000766,761.4219683455303,2063.206028426066,49,95.0,760.5500939534977,2062.3341540340334,0.8718743920326233,block1:s4,fcfs,mixed,1785143868.5349808,1785143868.535853,1785143869.296562,1785143870.5983458,,,
block1-000767,743.6830360675231,2006.6649470245466,48,172.5,743.1893959874287,2006.1713069444522,0.49364008009433746,block1:s4,fcfs,mixed,1785143868.5915601,1785143868.5920541,1785143869.3352525,1785143870.5982342,,,
block1-000768,559.7047882620245,1744.359796284698,43,322.5,558.3931440487504,1743.0481520714238,1.3116442132741213,block1:s1,fcfs,mixed,1785143868.8537314,1785143868.8550434,1785143869.4134464,1785143870.598101,,,
block1-000769,70.5188357969746,2837.0337177766487,69,105.0,69.62573400232941,2836.1406159820035,0.8931017946451902,block1:s1,fcfs,mixed,1785143869.3925312,1785143869.3934271,1785143869.4630728,1785143872.2295878,,,
block1-000770,534.5146522158757,1783.3617372671142,43,15.0,533.9040620019659,1782.7511470532045,0.6105902139097452,block1:s1,fcfs,mixed,1785143870.1755235,1785143870.1761343,1785143870.7100465,1785143871.9588935,,,
block1-000771,528.1243115896359,1479.5788215706125,37,85.0,527.3897879524156,1478.8442979333922,0.7345236372202635,block1:s1,fcfs,mixed,1785143870.256968,1785143870.2577026,1785143870.7851014,1785143871.736556,,,
block1-000772,509.87429451197386,1545.1103465165943,36,12.5,509.137820918113,1544.3738729227334,0.7364735938608646,block1:s1,fcfs,mixed,1785143870.7798405,1785143870.7805772,1785143871.2897236,1785143872.3249598,,,
block1-000773,75.07485209498554,8071.428461116739,190,15.0,74.51260194648057,8070.866210968234,0.5622501485049725,block1:zero_tool,fcfs,mixed,1785143870.805714,1785143870.8062763,1785143870.880797,1785143878.8771505,,,
block1-000774,433.7242119945586,1729.7299950150773,40,12.5,433.6168799782172,1729.622662998736,0.10733201634138823,block1:s1,fcfs,mixed,1785143870.9743826,1785143870.9744902,1785143871.4081144,1785143872.7041204,,,
block1-000775,55.06759288255125,5015.174529864453,114,15.0,54.15638105478138,5014.263318036683,0.9112118277698755,block1:zero_tool,fcfs,mixed,1785143871.3526149,1785143871.3535264,1785143871.4076915,1785143876.367798,,,
block1-000776,484.4132831785828,1792.973125120625,40,170.0,483.4053530357778,1791.96519497782,1.0079301428049803,block1:s2,fcfs,mixed,1785143871.473997,1785143871.4750051,1785143871.958422,1785143873.2669818,,,
block1-000777,604.2803241871297,1882.717528147623,42,572.5,603.1732270494103,1881.6104310099036,1.1070971377193928,block1:s2,fcfs,mixed,1785143871.7398455,1785143871.7409534,1785143872.3441362,1785143873.6225734,,,
block1-000778,634.3514928594232,1911.725927842781,43,10.0,633.5816560313106,1910.9560910146683,0.7698368281126022,block1:s2,fcfs,mixed,1785143871.7480626,1785143871.7488325,1785143872.3824213,1785143873.6597955,,,
block1-000779,623.3550769975409,1900.30774299521,43,572.5,622.2031419165432,1899.1558079142123,1.1519350809976459,block1:s2,fcfs,mixed,1785143871.7778993,1785143871.7790513,1785143872.401265,1785143873.6782172,,,
block1-000780,518.9672547858208,1565.1991597842425,36,287.5,518.2270490331575,1564.4589540315792,0.7402057526633143,block1:s2,fcfs,mixed,1785143872.0182056,1785143872.0189464,1785143872.5371826,1785143873.583414,,,
block1-000781,813.2640024414286,2159.446675446816,49,287.5,812.2668700525537,2158.449543057941,0.9971323888748884,block1:s2,fcfs,mixed,1785143872.0671968,1785143872.0681944,1785143872.8804708,1785143874.2266533,,,
block1-000782,675.9206766728312,1712.9811726044863,38,20.0,675.1571560744196,1712.2176520060748,0.7635205984115601,block1:s2,fcfs,mixed,1785143872.5134807,1785143872.5142443,1785143873.1894097,1785143874.2264705,,,
block1-000783,63.20883589796722,5792.652749805711,136,15.0,63.004860072396696,5792.448773980141,0.20397582557052374,block1:zero_tool,fcfs,mixed,1785143872.816927,1785143872.8171313,1785143872.8801446,1785143878.6095884,,,
block1-000784,437.0949666481465,1508.4885307587683,32,307.5,435.52089598961174,1506.9144601002336,1.5740706585347652,block1:s3,fcfs,mixed,1785143872.9064524,1785143872.908027,1785143873.3435605,1785143874.414954,,,
block1-000785,437.30939098168164,1786.6403349908069,39,17.5,436.18420395068824,1785.5151479598135,1.125187030993402,block1:s3,fcfs,mixed,1785143873.0050077,1785143873.006135,1785143873.4423373,1785143874.7916682,,,
block1-000786,93.77121354918927,6318.485358497128,150,485.0,93.47117797005922,6318.185322917998,0.3000355791300535,block1:zero_tool,fcfs,mixed,1785143873.0568476,1785143873.057148,1785143873.1506288,1785143879.3753428,,,
block1-000787,57.35374474897981,5548.499633790925,131,307.5,56.861895020119846,5548.007784062065,0.49184972885996103,block1:zero_tool,fcfs,mixed,1785143873.3464308,1785143873.3469224,1785143873.403792,1785143878.8949375,,,
block1-000788,67.92154267895967,19857.1204256732,475,287.5,66.72808097209781,19855.92696396634,1.1934617068618536,block1:zero_tool,fcfs,mixed,1785143873.45541,1785143873.456606,1785143873.5233526,1785143893.3125515,,,
block1-000789,845.9535965230316,2271.3405984686688,48,92.5,845.7944809924811,2271.1814829381183,0.1591155305504799,block1:s3,fcfs,mixed,1785143873.7967184,1785143873.7968779,1785143874.642817,1785143876.068204,,,
block1-000790,978.8844995200634,2076.5928514301777,43,160.0,978.098705993034,2075.8070579031482,0.7857935270294547,block1:s3,fcfs,mixed,1785143873.81254,1785143873.8133264,1785143874.791434,1785143875.8891425,,,
block1-000791,770.6156853819266,2195.540729444474,48,60.0,769.7038409532979,2194.6288850158453,0.9118444286286831,block1:s3,fcfs,mixed,1785143873.928906,1785143873.9298184,1785143874.699532,1785143876.1244571,,,
block1-000792,724.051995202899,2164.0584832057357,48,20.0,722.307353047654,2162.3138410504907,1.7446421552449465,block1:s4,fcfs,mixed,1785143874.2809236,1785143874.2826686,1785143875.0049844,1785143876.4449906,,,
block1-000793,774.0903506055474,2143.4991556452587,48,15.0,772.1549050183967,2141.563710058108,1.9354455871507525,block1:s4,fcfs,mixed,1785143874.5183873,1785143874.520323,1785143875.2924871,1785143876.661896,,,
block1-000794,57.96089977957308,4938.029458746314,120,412.5,57.43332300335169,4937.501881970093,0.5275767762213945,block1:zero_tool,fcfs,mixed,1785143874.7399535,1785143874.7404814,1785143874.7979228,1785143879.6779916,,,
block1-000795,865.6205941224471,2138.1753691239282,48,280.0,865.0354739511386,2137.5902489526197,0.5851201713085175,block1:s4,fcfs,mixed,1785143875.0837183,1785143875.0843067,1785143875.9493659,1785143877.22192,,,
block1-000796,858.4454919910058,2114.8098750272766,48,95.0,857.3916329769418,2113.7560160132125,1.0538590140640736,block1:s4,fcfs,mixed,1785143875.145465,1785143875.1465187,1785143876.0039191,1785143877.2602835,,,
block1-000797,786.4824004936963,2056.019132491201,48,320.0,784.8482750123367,2054.3850070098415,1.6341254813596606,block1:s4,fcfs,mixed,1785143875.2421358,1785143875.2437701,1785143876.028627,1785143877.2981634,,,
block1-000798,766.6290571214631,2032.117709168233,48,395.0,766.0884789656848,2031.5771310124546,0.5405781557783484,block1:s4,fcfs,mixed,1785143875.6224399,1785143875.6229837,1785143876.3890975,1785143877.6545863,,,
block1-000799,715.5458593042567,2028.359788353555,49,10.0,715.1893799891695,2028.0033090384677,0.3564793150871992,block1:s4,fcfs,mixed,1785143875.7290053,1785143875.7293625,1785143876.4445636,1785143877.7573776,,,
block1-000800,86.28853491973132,6174.24281896092,149,17.5,85.6427859980613,6173.59707003925,0.6457489216700196,block1:zero_tool,fcfs,mixed,1785143875.7346058,1785143875.735252,1785143875.820903,1785143881.9088573,,,
block1-000801,90.49628267530352,7217.929532751441,176,107.5,90.24662501178682,7217.679875087924,0.24965766351670027,block1:zero_tool,fcfs,mixed,1785143875.7797456,1785143875.7799957,1785143875.8702514,1785143882.9976847,,,
block1-000802,550.8697672048584,1758.0467672087252,43,25.0,549.6155039872974,1756.7925039911643,1.254263217560947,block1:s1,fcfs,mixed,1785143875.9319859,1785143875.933241,1785143876.48288,1785143877.6900573,,,
block1-000803,510.2373120607808,1468.9742730697617,36,12.5,509.86108800861984,1468.5980490176007,0.3762240521609783,block1:s1,fcfs,mixed,1785143876.2459023,1785143876.2462788,1785143876.7561479,1785143877.7148852,,,
block1-000804,507.274265633896,1569.402630557306,39,170.0,505.325909005478,1567.4542739288881,1.9483566284179688,block1:s1,fcfs,mixed,1785143876.4913435,1785143876.493295,1785143876.9986458,1785143878.0607736,,,
block1-000805,80.82527981605381,2626.4450078597292,65,60.0,80.50259796436876,2626.122326008044,0.32268185168504715,block1:s1,fcfs,mixed,1785143876.918006,1785143876.9183288,1785143876.9988396,1785143879.5444593,,,
block1-000806,68.58254305552691,2823.015083093196,69,92.5,67.80953903216869,2822.242079069838,0.7730040233582258,block1:s1,fcfs,mixed,1785143877.0954037,1785143877.0961769,1785143877.1639946,1785143879.918427,,,
block1-000807,344.3551362724975,1306.6038782708347,31,15.0,343.8457929296419,1306.094534927979,0.5093433428555727,block1:s1,fcfs,mixed,1785143877.563638,1785143877.5641487,1785143877.9080076,1785143878.8702564,,,
block1-000808,448.94264091271907,1554.2194829322398,38,145.0,448.3657239470631,1553.6425659665838,0.5769169656559825,block1:s2,fcfs,mixed,1785143877.6302447,1785143877.6308222,1785143878.0791976,1785143879.1844747,,,
block1-000809,564.9037291295826,1555.9754621936008,38,105.0,564.3741179956123,1555.4458510596305,0.5296111339703202,block1:s2,fcfs,mixed,1785143877.6843534,1785143877.684883,1785143878.2492764,1785143879.240348,,,
block1-000810,546.4040082879364,1535.9315143432468,36,12.5,545.9734220057726,1535.500928061083,0.4305862821638584,block1:s2,fcfs,mixed,1785143878.4816494,1785143878.48208,1785143879.028061,1785143880.0175881,,,
block1-000811,86.82746754493564,25495.650508557446,606,10.0,86.636503925547,25495.459544938058,0.19096361938863993,block1:zero_tool,fcfs,mixed,1785143878.5028503,1785143878.5030413,1785143878.5896845,1785143903.9985073,,,
block1-000812,517.8962948266417,1535.8050437644124,36,297.5,516.9495310401544,1534.8582799779251,0.9467637864872813,block1:s2,fcfs,mixed,1785143878.6279395,1785143878.6288862,1785143879.145842,1785143880.1637511,,,
block1-000813,750.4683434963226,2112.7807134762406,49,12.5,749.5783469639719,2111.89071694389,0.8899965323507786,block1:s2,fcfs,mixed,1785143878.8135483,1785143878.8144412,1785143879.5640402,1785143880.9263525,,,
block1-000814,65.17019658349454,7024.999234592542,171,15.0,63.9554780209437,7023.784516029991,1.2147185625508428,block1:zero_tool,fcfs,mixed,1785143879.0049925,1785143879.0062082,1785143879.0701778,1785143886.030007,,,
block1-000815,675.5436970852315,1661.0042931279168,37,95.0,674.7312949737534,1660.1918910164386,0.8124021114781499,block1:s2,fcfs,mixed,1785143879.6448379,1785143879.6456504,1785143880.32039,1785143881.3058503,,,
block1-000816,414.60070572793484,1443.298728670925,32,15.0,413.8358060736209,1442.533829016611,0.7648996543139219,block1:s3,fcfs,mixed,1785143879.805705,1785143879.8064702,1785143880.220313,1785143881.2490113,,,
block1-000817,507.60939018800855,1744.4893181091174,39,117.5,506.7571949912235,1743.6371229123324,0.8521951967850327,block1:s3,fcfs,mixed,1785143879.9764147,1785143879.977267,1785143880.4840307,1785143881.7209105,,,
block1-000818,689.8601428838447,1785.0749478675425,41,12.5,688.3091919589788,1783.5239969426766,1.5509509248659015,block1:s3,fcfs,mixed,1785143880.1983533,1785143880.1999044,1785143880.8882217,1785143881.9834363,,,
block1-000819,86.54459938406944,6702.9506913386285,165,170.0,86.35304507333785,6702.759137027897,0.1915543107315898,block1:zero_tool,fcfs,mixed,1785143880.2056055,1785143880.2057981,1785143880.292168,1785143886.9085736,,,
block1-000820,735.531271668151,2055.733521701768,48,320.0,733.7310840375721,2053.933334071189,1.8001876305788755,block1:s3,fcfs,mixed,1785143880.265418,1785143880.2672184,1785143881.0009568,1785143882.321159,,,
block1-000821,55.268828640691936,6589.1208975808695,164,10.0,54.59064000751823,6588.442708947696,0.6781886331737041,block1:zero_tool,fcfs,mixed,1785143880.4346106,1785143880.4352894,1785143880.4898922,1785143887.0237446,,,
block1-000822,846.5812178328633,1824.174751760438,43,322.5,846.4180160081014,1824.0115499356762,0.16320182476192713,block1:s3,fcfs,mixed,1785143880.6097128,1785143880.6098762,1785143881.456303,1785143882.4338965,,,
block1-000823,69.6240538964048,6185.447466908954,154,115.0,69.27943497430533,6185.102847986855,0.3446189220994711,block1:zero_tool,fcfs,mixed,1785143881.0661018,1785143881.0664465,1785143881.1357334,1785143887.2515564,,,
block1-000824,713.4020988596603,1951.9906508503482,48,395.0,713.0978839704767,1951.6864359611645,0.3042148891836405,block1:s4,fcfs,mixed,1785143881.3445888,1785143881.3448932,1785143882.0579982,1785143883.2965865,,,
block1-000825,682.0809483760968,1920.222382294014,48,107.5,681.9567380007356,1920.098171918653,0.12421037536114454,block1:s4,fcfs,mixed,1785143881.507307,1785143881.5074315,1785143882.1893954,1785143883.427537,,,
block1-000826,683.5841172141954,1955.2160501480103,48,52.5,682.416016003117,1954.0479489369318,1.168101211078465,block1:s4,fcfs,mixed,1785143882.1834135,1785143882.1845815,1785143882.8670063,1785143884.1386383,,,
block1-000827,712.748798308894,2027.3848393699154,48,287.5,712.0994250290096,2026.735466090031,0.6493732798844576,block1:s4,fcfs,mixed,1785143883.4052737,1785143883.4059231,1785143884.1180294,1785143885.4326653,,,
block1-000828,53.289535571821034,6514.106489601545,154,105.0,53.014743025414646,6513.831697055139,0.2747925464063883,block1:zero_tool,fcfs,mixed,1785143883.5612788,1785143883.5615542,1785143883.6145782,1785143890.075395,,,
block1-000829,716.8115770909935,2011.2080350518227,48,282.5,715.8454561140388,2010.241914074868,0.9661209769546986,block1:s4,fcfs,mixed,1785143883.8708296,1785143883.871796,1785143884.5876503,1785143885.8820472,,,
block1-000830,748.7384782871231,2023.1936443597078,48,115.0,746.6548120137304,2021.109978086315,2.083666273392737,block1:s4,fcfs,mixed,1785143884.337071,1785143884.3391564,1785143885.085829,1785143886.3602846,,,
block1-000831,722.354426397942,1984.957370441407,48,105.0,722.0960309496149,1984.69897499308,0.2583954483270645,block1:s4,fcfs,mixed,1785143884.5776129,1785143884.5778713,1785143885.2999773,1785143886.56258,,,
block1-000832,554.3603249825537,1741.1994490539655,43,15.0,553.8255010033026,1740.6646250747144,0.5348239792510867,block1:s1,fcfs,mixed,1785143884.8600328,1785143884.860568,1785143885.414402,1785143886.6012414,,,
block1-000833,71.50259404443204,28186.578458058648,672,22.5,69.51311405282468,28184.58897806704,1.989479991607368,block1:zero_tool,fcfs,mixed,1785143885.1702697,1785143885.1722608,1785143885.2417905,1785143913.3568664,,,
block1-000834,488.5755283758044,1437.2017403366044,36,177.5,488.2334970170632,1436.8597089778632,0.3420313587412238,block1:s1,fcfs,mixed,1785143885.603837,1785143885.6041794,1785143886.0924203,1785143887.0410466,,,
block1-000835,54.137941217049956,5446.96726417169,127,117.5,53.602913045324385,5446.432235999964,0.5350281717255712,block1:zero_tool,fcfs,mixed,1785143885.6715386,1785143885.6720738,1785143885.7256842,1785143891.1185136,,,
block1-000836,59.90141932852566,6070.357381366193,141,412.5,59.44212793838233,6069.89808997605,0.45929139014333487,block1:zero_tool,fcfs,mixed,1785143885.7633648,1785143885.7638247,1785143885.823276,1785143891.8337321,,,
block1-000837,60.401558061130345,16237.529492005706,385,17.5,60.17583596985787,16237.303769914433,0.22572209127247334,block1:zero_tool,fcfs,mixed,1785143885.9774425,1785143885.9776683,1785143886.0378528,1785143902.2149808,,,
block1-000838,401.72709070611745,1614.3389226635918,39,15.0,401.1910550761968,1613.8028870336711,0.5360356299206614,block1:s1,fcfs,mixed,1785143886.2549887,1785143886.2555254,1785143886.6567347,1785143887.8693466,,,
block1-000839,375.1268370542675,1284.3935210257769,31,17.5,372.4928740411997,1281.759558012709,2.6339630130678415,block1:s1,fcfs,mixed,1785143886.2645123,1785143886.2671468,1785143886.6396487,1785143887.5489154,,,
block1-000840,600.1030524494126,1581.4167053904384,38,17.5,599.2898230906576,1580.6034760316834,0.8132293587550521,block1:s2,fcfs,mixed,1785143886.2702708,1785143886.2710843,1785143886.8703814,1785143887.8516948,,,
block1-000841,71.72580529004335,2855.1768853794783,67,320.0,71.56984892208129,2855.0209290115163,0.15595636796206236,block1:s2,fcfs,mixed,1785143886.414729,1785143886.414885,1785143886.486464,1785143889.2699156,,,
block1-000842,542.4889370333403,1669.1026840126142,36,412.5,542.3629379365593,1668.9766849158332,0.1259990967810154,block1:s2,fcfs,mixed,1785143887.4395545,1785143887.4396806,1785143887.9820511,1785143889.1086648,,,
block1-000843,574.2074784357101,1939.1472263960168,43,105.0,573.5594140132889,1938.4991619735956,0.6480644224211574,block1:s2,fcfs,mixed,1785143887.5989878,1785143887.5996363,1785143888.173343,1785143889.5382826,,,
block1-000844,57.9451845260337,6337.34616858419,149,282.5,57.55826295353472,6336.959247011691,0.3869215724989772,block1:zero_tool,fcfs,mixed,1785143887.716775,1785143887.717162,1785143887.7747297,1785143894.054131,,,
block1-000845,72.32303183991462,7927.726815803908,189,22.5,71.67021906934679,7927.07400303334,0.6528127705678344,block1:zero_tool,fcfs,mixed,1785143888.0475128,1785143888.0481668,1785143888.1198525,1785143895.9752567,,,
block1-000846,751.5963556943461,2102.4760076543316,44,15.0,750.7617010269314,2101.641352986917,0.8346546674147248,block1:s2,fcfs,mixed,1785143888.1085196,1785143888.1093545,1785143888.860127,1785143890.2110069,,,
block1-000847,666.3624643115327,1746.1045013042167,37,155.0,665.4418049147353,1745.1838419074193,0.9206593967974186,block1:s2,fcfs,mixed,1785143888.1935933,1785143888.1945143,1785143888.8599653,1785143889.9397078,,,
block1-000848,479.05296098906547,1829.5516530051827,38,20.0,477.7990319998935,1828.2977240160108,1.2539289891719818,block1:s3,fcfs,mixed,1785143888.3810182,1785143888.3822727,1785143888.860085,1785143890.210584,,,
block1-000849,90.45001794584095,5461.493326933123,128,52.5,90.20717395469546,5461.250482941978,0.2428439911454916,block1:zero_tool,fcfs,mixed,1785143888.4007282,1785143888.4009714,1785143888.491189,1785143893.862232,,,
block1-000850,753.0798247316852,2255.452434765175,48,70.0,752.0210889633745,2254.3936989968643,1.0587357683107257,block1:s3,fcfs,mixed,1785143888.5170603,1785143888.5181193,1785143889.2701473,1785143890.7725203,,,
block1-000851,466.8838819488883,1935.4051419068128,41,412.5,466.1352200200781,1934.6564799780026,0.7486619288101792,block1:s3,fcfs,mixed,1785143888.5473206,1785143888.5480695,1785143889.0142183,1785143890.4827394,,,
block1-000852,91.50993940420449,6058.396135340445,146,135.0,90.37673496641219,6057.262930902652,1.1332044377923012,block1:zero_tool,fcfs,mixed,1785143888.6523767,1785143888.6535106,1785143888.7438986,1785143894.710785,,,
block1-000853,69.0955271711573,4572.040244238451,108,15.0,68.79764597397298,4571.742363041267,0.29788119718432426,block1:zero_tool,fcfs,mixed,1785143889.0460792,1785143889.0463772,1785143889.1151843,1785143893.6181293,,,
block1-000854,967.7936926018447,1972.7134676650167,43,107.5,965.7959289615974,1970.7157040247694,1.9977636402472854,block1:s3,fcfs,mixed,1785143889.3574502,1785143889.359448,1785143890.3252513,1785143891.3301709,,,
block1-000855,623.4185466310009,1972.3144616000354,43,15.0,621.4805099880323,1970.3764249570668,1.9380366429686546,block1:s3,fcfs,mixed,1785143889.5681334,1785143889.5700715,1785143890.1915603,1785143891.5404563,,,
block1-000856,849.295777734369,2184.532085666433,48,117.5,848.600187106058,2183.836495038122,0.695590628311038,block1:s4,fcfs,mixed,1785143889.7299147,1785143889.7306108,1785143890.5792313,1785143891.914467,,,
block1-000857,847.0330873969942,2181.8954054033384,48,17.5,846.047964063473,2180.910282069817,0.9851233335211873,block1:s4,fcfs,mixed,1785143889.7324102,1785143889.7333958,1785143890.5794513,1785143891.9143138,,,
block1-000858,777.6453123660758,2125.0854313839227,48,115.0,776.9853878999129,2124.42550691776,0.65992446616292,block1:s4,fcfs,mixed,1785143889.9351368,1785143889.935797,1785143890.712792,1785143892.0602317,,,
block1-000859,739.1251241788268,2086.7699122754857,48,70.0,738.1267899181694,2085.7715780148283,0.9983342606574297,block1:s4,fcfs,mixed,1785143890.3209555,1785143890.321954,1785143891.060088,1785143892.4077327,,,
block1-000860,73.49788874853402,5917.532573803328,147,105.0,72.9682759847492,5917.002961039543,0.5296127637848258,block1:zero_tool,fcfs,mixed,1785143890.3902617,1785143890.3907917,1785143890.463768,1785143896.3078027,,,
block1-000861,702.4742580251768,2052.8857089811936,48,15.0,701.8805880798027,2052.2920390358195,0.5936699453741312,block1:s4,fcfs,mixed,1785143890.4925437,1785143890.4931395,1785143891.195037,1785143892.5454485,,,
block1-000862,772.818606463261,2004.0923814522102,48,10.0,772.5851580034941,2003.8589329924434,0.23344845976680517,block1:s4,fcfs,mixed,1785143891.3253095,1785143891.3255432,1785143892.098137,1785143893.329411,,,
block1-000863,88.07709265965968,5662.4850475927815,139,75.0,87.92148099746555,5662.329435930587,0.1556116621941328,block1:zero_tool,fcfs,mixed,1785143891.5627818,1785143891.5629373,1785143891.6508665,1785143897.225274,,,
block1-000864,587.1382129844278,1741.0694719292223,43,172.5,586.9586099870503,1740.8898689318448,0.17960299737751484,block1:s1,fcfs,mixed,1785143891.5884836,1785143891.5886636,1785143892.175629,1785143893.3295598,,,
block1-000865,75.17098623793572,2803.0665912665427,71,107.5,74.4919830467552,2802.387588075362,0.6790031911805272,block1:s1,fcfs,mixed,1785143891.6988962,1785143891.6995764,1785143891.7740839,1785143894.5019794,,,
block1-000866,440.23025524802506,1593.3564052684233,40,100.0,439.98583091888577,1593.111980939284,0.24442432913929224,block1:s1,fcfs,mixed,1785143891.7570853,1785143891.7573302,1785143892.1973267,1785143893.3504527,,,
block1-000867,645.8432701183483,1794.9363791849464,45,70.0,645.0151830213144,1794.1082920879126,0.8280870970338583,block1:s1,fcfs,mixed,1785143891.8994098,1785143891.900238,1785143892.5452626,1785143893.6943555,,,
block1-000868,93.26720703393221,6602.68081096001,162,20.0,92.32326003257185,6601.736863958649,0.9439470013603568,block1:zero_tool,fcfs,mixed,1785143891.945389,1785143891.9463332,1785143892.038665,1785143898.5480785,,,
block1-000869,52.04485438298434,12778.01035437733,299,297.5,51.81644600816071,12777.781946002506,0.22840837482362986,block1:zero_tool,fcfs,mixed,1785143891.9910374,1785143891.991266,1785143892.043093,1785143904.7690582,,,
block1-000870,60.620323522016406,6987.055937526748,167,95.0,60.26815599761903,6986.70377000235,0.3521675243973732,block1:zero_tool,fcfs,mixed,1785143893.8054447,1785143893.805797,1785143893.8660736,1785143900.792509,,,
block1-000871,445.26841468177736,1389.9326516548172,35,70.0,444.8159890016541,1389.480225974694,0.45242568012326956,block1:s1,fcfs,mixed,1785143893.9990013,1785143893.999454,1785143894.4442775,1785143895.3889422,,,
block1-000872,427.84619226586074,1392.030302202329,34,20.0,427.1943720523268,1391.378481988795,0.6518202135339379,block1:s2,fcfs,mixed,1785143894.5449395,1785143894.5455916,1785143894.9727933,1785143895.9369774,,,
block1-000873,59.80526213534176,9098.03868806921,209,115.0,59.51968801673502,9097.753113950603,0.2855741186067462,block1:zero_tool,fcfs,mixed,1785143894.9193285,1785143894.9196153,1785143894.9791505,1785143904.0173843,,,
block1-000874,510.7122554909438,1488.0965534830466,36,20.0,510.192743036896,1487.5770410289988,0.5195124540477991,block1:s2,fcfs,mixed,1785143894.9734662,1785143894.973986,1785143895.4841998,1785143896.461584,,,
block1-000875,89.23511079046875,2987.4289458384737,69,155.0,88.22206000331789,2986.415895051323,1.0130507871508598,block1:s2,fcfs,mixed,1785143895.5429156,1785143895.5439289,1785143895.632159,1785143898.5303526,,,
block1-000876,509.97914047911763,1638.068279484287,36,107.5,508.8515359675512,1636.9406749727204,1.1276045115664601,block1:s2,fcfs,mixed,1785143895.9696467,1785143895.9707744,1785143896.4796348,1785143897.6077237,,,
block1-000877,672.619467950426,1983.5518698673695,44,20.0,672.3642169963568,1983.2966189133003,0.2552509540691972,block1:s2,fcfs,mixed,1785143896.2767634,1785143896.2770195,1785143896.9493988,1785143898.260331,,,
block1-000878,709.0223494451493,1743.8541094306856,38,115.0,708.6160701001063,1743.4478300856426,0.40627934504300356,block1:s2,fcfs,mixed,1785143896.5161395,1785143896.516546,1785143897.225173,1785143898.2600048,,,
block1-000879,68.44210275448859,4990.7956548267975,115,105.0,67.82322796061635,4990.176780032925,0.6188747938722372,block1:zero_tool,fcfs,mixed,1785143896.6735651,1785143896.6741846,1785143896.7420168,1785143901.66437,,,
block1-000880,477.18712070491165,1507.0223937509581,32,10.0,476.7480830196291,1506.5833560656756,0.4390376852825284,block1:s3,fcfs,mixed,1785143896.770377,1785143896.7708163,1785143897.2475717,1785143898.2774072,,,
block1-000881,524.9924553791061,1753.5763634368777,39,95.0,524.5305979624391,1753.1145060202107,0.46185741666704416,block1:s3,fcfs,mixed,1785143896.8323627,1785143896.832825,1785143897.3573644,1785143898.5859485,,,
block1-000882,713.4571804199368,1821.489526424557,41,545.0,713.3450880646706,1821.3774340692908,0.11209235526621342,block1:s3,fcfs,mixed,1785143896.8404906,1785143896.8406026,1785143897.5539548,1785143898.6619868,,,
block1-000883,65.8588707447052,8070.826548850164,182,25.0,65.26413396932185,8070.2318120747805,0.5947367753833532,block1:zero_tool,fcfs,mixed,1785143897.0051043,1785143897.0057003,1785143897.0709827,1785143905.0759506,,,
block1-000884,547.8244203841314,1816.3549633463845,41,140.0,547.1629949752241,1815.6935379374772,0.6614254089072347,block1:s3,fcfs,mixed,1785143897.2115386,1785143897.2122002,1785143897.7593734,1785143899.0279038,,,
block1-000885,739.6837644046172,2005.2569343242794,46,70.0,738.751097000204,2004.3242669198662,0.9326674044132233,block1:s3,fcfs,mixed,1785143897.5199673,1785143897.5209,1785143898.2596593,1785143899.5252323,,,
block1-000886,898.797860252671,1940.4264241456985,43,10.0,898.2760660583153,1939.904629951343,0.521794194355607,block1:s3,fcfs,mixed,1785143898.128945,1785143898.1294675,1785143899.0277522,1785143900.0693805,,,
block1-000887,98.13901002053171,5400.867560063489,121,22.5,97.80016599688679,5400.528716039844,0.33884402364492416,block1:zero_tool,fcfs,mixed,1785143898.1614585,1785143898.1617973,1785143898.2596056,1785143903.5623345,,,
block1-000888,70.9271467057988,6923.093424644321,155,10.0,70.70203206967562,6922.868310008198,0.2251146361231804,block1:zero_tool,fcfs,mixed,1785143898.3442676,1785143898.344493,1785143898.415203,1785143905.2673693,,,
block1-000889,777.3720448603854,2123.5899109160528,48,115.0,777.2287050029263,2123.4465710585937,0.1433398574590683,block1:s4,fcfs,mixed,1785143898.7066345,1785143898.7067778,1785143899.4840138,1785143900.8302312,,,
block1-000890,742.3852096544579,2108.8866175850853,48,160.0,741.3753110449761,2107.8767189756036,1.009898609481752,block1:s4,fcfs,mixed,1785143898.800371,1785143898.8013809,1785143899.5427628,1785143900.9092643,,,
block1-000891,104.53508328646421,6923.139820341021,155,155.0,103.7000420037657,6922.304779058322,0.8350412826985121,block1:zero_tool,fcfs,mixed,1785143898.826307,1785143898.8271434,1785143898.9308624,1785143905.749467,,,
block1-000892,786.3823517691344,2129.197816713713,48,17.5,785.9118139604107,2128.7272789049894,0.47053780872374773,block1:s4,fcfs,mixed,1785143899.3598557,1785143899.3603263,1785143900.1462455,1785143901.4890606,,,
block1-000893,82.76816562283784,6289.9741407018155,140,70.0,81.70155494008213,6288.90753001906,1.0666106827557087,block1:zero_tool,fcfs,mixed,1785143899.4215317,1785143899.4225988,1785143899.5043101,1785143905.7115164,,,
block1-000894,736.8095229612663,2081.281842896715,48,17.5,736.0050419811159,2080.4773619165644,0.8044809801504016,block1:s4,fcfs,mixed,1785143899.5442572,1785143899.545062,1785143900.2810848,1785143901.6255572,,,
block1-000895,716.8576262192801,2062.1720642084256,48,15.0,716.6361300041899,2061.9505679933354,0.2214962150901556,block1:s4,fcfs,mixed,1785143899.6223772,1785143899.6225991,1785143900.339245,1785143901.684559,,,
block1-000896,64.31584642268717,5270.462633459829,117,15.0,64.01159800589085,5270.1583850430325,0.30424841679632664,block1:zero_tool,fcfs,mixed,1785143899.82706,1785143899.8273642,1785143899.8913836,1785143905.0975306,,,
block1-000897,58.702243492007256,23064.83590451535,561,350.0,58.50892991293222,23064.642590936273,0.19331357907503843,block1:zero_tool,fcfs,mixed,1785143899.8943865,1785143899.89458,1785143899.9532309,1785143922.9593647,,,
block1-000898,426.3962173135951,1760.7611903222278,40,105.0,426.0816229507327,1760.4465959593654,0.31459436286240816,block1:s1,fcfs,mixed,1785143900.3073874,1785143900.307702,1785143900.7337906,1785143902.068156,,,
block1-000899,66.52607198338956,20670.5065240385,501,60.0,66.0895019536838,20670.069954008795,0.43657002970576286,block1:zero_tool,fcfs,mixed,1785143900.5309227,1785143900.5313592,1785143900.5974572,1785143921.2014377,,,
block1-000900,591.7361872270703,1762.9799401620403,36,17.5,590.563050005585,1761.806802940555,1.1731372214853764,block1:s1,fcfs,mixed,1785143900.7582965,1785143900.7594707,1785143901.3500495,1785143902.5212934,,,
block1-000901,95.2054044464603,2852.127520367503,61,280.0,94.79377407114953,2851.7158899921924,0.4116303753107786,block1:s1,fcfs,mixed,1785143900.8143635,1785143900.8147755,1785143900.9095771,1785143903.6664996,,,
block1-000902,101.57155711203814,3160.6463310308754,69,145.0,101.32984805386513,3160.4046219727024,0.2417090581730008,block1:s1,fcfs,mixed,1785143900.8377209,1785143900.8379629,1785143900.939301,1785143903.9983754,,,
block1-000903,414.9257211247459,1477.4499541381374,31,20.0,414.0091519802809,1476.5333849936724,0.9165691444650292,block1:s1,fcfs,mixed,1785143900.838023,1785143900.8389397,1785143901.252956,1785143902.3154805,,,
block1-000904,70.84036362357438,6474.544165655971,147,177.5,70.65381098072976,6474.357613013126,0.18655264284461737,block1:zero_tool,fcfs,mixed,1785143900.9094973,1785143900.9096837,1785143900.9803445,1785143907.3840485,,,
block1-000905,537.0858663227409,2021.3794013252482,42,17.5,536.4571489626542,2020.7506839651614,0.6287173600867391,block1:s2,fcfs,mixed,1785143901.0492957,1785143901.0499246,1785143901.5863922,1785143903.0706854,,,
block1-000906,584.3970807036385,1829.873006674461,37,105.0,583.7995760375634,1829.275502008386,0.5975046660751104,block1:s2,fcfs,mixed,1785143901.0614192,1785143901.0620167,1785143901.6458232,1785143902.8912995,,,
block1-000907,713.3906572125852,2058.968554250896,43,85.0,712.6175879966468,2058.1954850349575,0.7730692159384489,block1:s2,fcfs,mixed,1785143901.6852002,1785143901.6859734,1785143902.3985994,1785143903.7441773,,,
block1-000908,779.5172008918598,1757.6586349168792,36,145.0,778.2086610095575,1756.350095034577,1.3085398823022842,block1:s2,fcfs,mixed,1785143901.9655144,1785143901.9668243,1785143902.7450492,1785143903.7231905,,,
block1-000909,839.0846062684432,2063.5411613620818,44,282.5,838.6749268975109,2063.1314819911495,0.409679370932281,block1:s2,fcfs,mixed,1785143901.972108,1785143901.9725177,1785143902.8111987,1785143904.0356553,,,
block1-000910,809.3246248317882,2070.2545028179884,44,15.0,807.7402909984812,2068.6701689846814,1.5843338333070278,block1:s2,fcfs,mixed,1785143902.1417055,1785143902.143291,1785143902.9510465,1785143904.2119765,,,
block1-000911,767.6234049722552,1757.1468509268016,37,395.0,766.5909490315244,1756.1143949860707,1.0324559407308698,block1:s2,fcfs,mixed,1785143902.1438034,1785143902.1448364,1785143902.9114418,1785143903.9009652,,,
block1-000912,76.32198836654425,6124.252487439662,142,155.0,76.13724889233708,6124.067747965455,0.18473947420716286,block1:zero_tool,fcfs,mixed,1785143902.248177,1785143902.248362,1785143902.3245072,1785143908.3724375,,,
block1-000913,562.2215847251937,1786.7920197313651,39,287.5,561.4009789424017,1785.9714139485732,0.8206057827919722,block1:s3,fcfs,mixed,1785143902.269868,1785143902.2706888,1785143902.8320997,1785143904.05667,,,
block1-000914,718.359679565765,1703.0873065814376,38,172.5,718.1928149657324,1702.920441981405,0.16686460003256798,block1:s3,fcfs,mixed,1785143902.3911355,1785143902.3913026,1785143903.1095037,1785143904.0942314,,,
block1-000915,792.2822688706219,2277.3634209297597,48,17.5,791.056239977479,2276.137392036617,1.2260288931429386,block1:s3,fcfs,mixed,1785143902.4734964,1785143902.4747233,1785143903.2657926,1785143904.7508736,,,
block1-000916,796.3585068937391,2280.7477508904412,48,20.0,795.3451200155541,2279.7343640122563,1.0133868781849742,block1:s3,fcfs,mixed,1785143902.4880142,1785143902.4890285,1785143903.2843843,1785143904.7687736,,,
block1-000917,64.38338221050799,5421.131652197801,129,412.5,64.07259800471365,5420.820867992006,0.3107842057943344,block1:zero_tool,fcfs,mixed,1785143902.6883922,1785143902.6887033,1785143902.7527838,1785143908.1095319,,,
block1-000918,728.2244568923488,2193.4529168065637,48,12.5,727.4865820072591,2192.715041921474,0.7378748850896955,block1:s3,fcfs,mixed,1785143903.112305,1785143903.113044,1785143903.8405442,1785143905.3057725,,,
block1-000919,61.55622750520706,6160.411961609498,149,280.0,60.48296589870006,6159.338700002991,1.0732616065070033,block1:zero_tool,fcfs,mixed,1785143903.6051488,1785143903.6062224,1785143903.6667144,1785143909.7655697,,,
block1-000920,892.6542205736041,2196.7970344703645,48,47.5,892.3248780192807,2196.467691916041,0.3293425543233752,block1:s4,fcfs,mixed,1785143904.088629,1785143904.0889585,1785143904.98129,1785143906.2854328,,,
block1-000921,886.8449351284653,2190.0013020494953,48,307.5,885.1935550337657,2188.3499219547957,1.6513800946995616,block1:s4,fcfs,mixed,1785143904.111791,1785143904.1134424,1785143904.9986446,1785143906.3018007,,,
block1-000922,818.229136406444,2121.3935523992404,48,10.0,817.4901569727808,2120.6545729655772,0.7389794336631894,block1:s4,fcfs,mixed,1785143904.239753,1785143904.240492,1785143905.0579891,1785143906.3611536,,,
block1-000923,806.7257790826261,2108.6919280933216,48,187.5,806.4248129958287,2108.390962006524,0.3009660867974162,block1:s4,fcfs,mixed,1785143904.2906168,1785143904.2909179,1785143905.097352,1785143906.399318,,,
block1-000924,777.4888837011531,2079.7452016267926,48,17.5,777.0069530233741,2079.2632709490135,0.4819306777790189,block1:s4,fcfs,mixed,1785143904.3193243,1785143904.3198085,1785143905.0968363,1785143906.3990924,,,
block1-000925,706.1109374044463,2022.2689514048398,48,132.5,705.3755159722641,2021.5335299726576,0.7354214321821928,block1:s4,fcfs,mixed,1785143904.6212099,1785143904.6219456,1785143905.3273306,1785143906.643489,,,
block1-000926,689.8060974199325,1994.9151783948764,48,15.0,688.9800140634179,1994.0890950383618,0.8260833565145731,block1:s4,fcfs,mixed,1785143905.4038968,1785143905.4047256,1785143906.0937285,1785143907.3988378,,,
block1-000927,716.7060801293701,1989.8381581297144,48,485.0,715.4465989442542,1988.5786769445986,1.2594811851158738,block1:s4,fcfs,mixed,1785143906.1193593,1785143906.1206188,1785143906.836202,1785143908.1093338,,,
block1-000928,96.26590611878783,5986.3372321706265,148,15.0,95.81193095073104,5985.88325700257,0.45397516805678606,block1:zero_tool,fcfs,mixed,1785143906.4287074,1785143906.4291615,1785143906.524981,1785143912.4150527,,,
block1-000929,558.5948474472389,1493.1161034619436,37,282.5,557.5695369625464,1492.090792977251,1.0253104846924543,block1:s1,fcfs,mixed,1785143906.4585676,1785143906.4595933,1785143907.01717,1785143907.9516912,,,
block1-000930,429.9398206640035,1645.6955836620182,40,15.0,428.21730696596205,1643.9730699639767,1.722513698041439,block1:s1,fcfs,mixed,1785143906.6891282,1785143906.6908507,1785143907.1190748,1785143908.3348305,,,
block1-000931,78.6150562344119,2767.9387462558225,69,15.0,78.33354303147644,2767.657233052887,0.28151320293545723,block1:s1,fcfs,mixed,1785143906.8851745,1785143906.8854563,1785143906.9638,1785143909.6531236,,,
block1-000932,496.91866943612695,1702.11751840543,42,100.0,495.12818607036024,1700.3270350396633,1.790483365766704,block1:s1,fcfs,mixed,1785143906.9556353,1785143906.9574265,1785143907.4525647,1785143908.6577635,,,
block1-000933,68.45597131177783,2434.8690742626786,61,12.5,68.23259708471596,2434.6457000356168,0.22337422706186771,block1:s1,fcfs,mixed,1785143907.3305652,1785143907.3307889,1785143907.3990316,1785143909.7654445,,,
block1-000934,51.92494054790586,7486.582987592556,182,170.0,50.89202895760536,7485.550076002255,1.0329115903005004,block1:zero_tool,fcfs,mixed,1785143907.5573094,1785143907.5583444,1785143907.6092565,1785143915.0439143,,,
block1-000935,75.55350346956402,2347.3623614991084,59,350.0,75.31300990376621,2347.1218679333106,0.2404935657978058,block1:s1,fcfs,mixed,1785143907.6242423,1785143907.6244829,1785143907.699806,1785143909.9716153,,,
block1-000936,600.8593017468229,1769.1211086930707,44,60.0,600.6753341061994,1768.9371410524473,0.18396764062345028,block1:s2,fcfs,mixed,1785143907.7524064,1785143907.7525907,1785143908.3532724,1785143909.5215344,,,
block1-000937,436.6009043296799,1603.9707442978397,40,322.5,435.63730793539435,1603.0071479035541,0.9635963942855597,block1:s2,fcfs,mixed,1785143907.9926283,1785143907.9935923,1785143908.429237,1785143909.5966067,,,
block1-000938,68.58620443381369,6812.927743420005,165,17.5,67.53252795897424,6811.874066945165,1.053676474839449,block1:zero_tool,fcfs,mixed,1785143908.0983489,1785143908.0994027,1785143908.1670682,1785143914.9114099,,,
block1-000939,549.9827780295163,1713.916645036079,43,107.5,549.5692059630528,1713.5030729696155,0.41357206646353006,block1:s2,fcfs,mixed,1785143908.2007713,1785143908.201185,1785143908.750762,1785143909.9146957,,,
block1-000940,503.898449242115,1627.8439613524824,42,282.5,503.57570592314005,1627.5212180335075,0.32274331897497177,block1:s2,fcfs,mixed,1785143909.2797925,1785143909.2801182,1785143909.7837179,1785143910.9076636,,,
block1-000941,742.2771985875443,2022.112256498076,49,107.5,740.3048000996932,2020.139858010225,1.9723984878510237,block1:s2,fcfs,mixed,1785143910.0339944,1785143910.0359669,1785143910.7762804,1785143912.0561152,,,
block1-000942,57.76532005984336,12449.138351134025,308,280.0,56.56617495696992,12447.939206031151,1.1991451028734446,block1:zero_tool,fcfs,mixed,1785143911.0970314,1785143911.0982327,1785143911.1548219,1785143923.5461948,,,
block1-000943,649.9537357594818,1640.17354673706,37,12.5,649.15838802699,1639.3781990045682,0.7953477324917912,block1:s2,fcfs,mixed,1785143911.2172234,1785143911.2180188,1785143911.867187,1785143912.8574061,,,
block1-000944,780.7484875665978,2116.112742573023,48,172.5,779.230635962449,2114.594890968874,1.5178516041487455,block1:s3,fcfs,mixed,1785143911.3533714,1785143911.3548906,1785143912.1341372,1785143913.4695015,,,
block1-000945,796.0816092090681,2063.9589962083846,48,15.0,794.3148799240589,2062.1922669233754,1.7667292850092053,block1:s3,fcfs,mixed,1785143911.6015868,1785143911.6033545,1785143912.3976789,1785143913.6655562,,,
block1-000946,678.2450935570523,1768.0329155409709,41,15.0,677.4478999432176,1767.2357219271362,0.7971936138346791,block1:s3,fcfs,mixed,1785143911.682413,1785143911.6832108,1785143912.3606691,1785143913.4504566,,,
block1-000947,64.53507707919925,5353.964638081379,131,115.0,63.69696790352464,5353.126528905705,0.8381091756746173,block1:zero_tool,fcfs,mixed,1785143912.0323653,1785143912.0332036,1785143912.0969098,1785143917.3863394,,,
block1-000948,734.4272733898833,2034.048652392812,48,217.5,733.8592050364241,2033.4805840393528,0.568068353459239,block1:s3,fcfs,mixed,1785143912.1969972,1785143912.1975656,1785143912.9314308,1785143914.2310524,,,
block1-000949,604.7501516295597,1826.65418763645,43,17.5,604.5373430242762,1826.4413790311664,0.21280860528349876,block1:s3,fcfs,mixed,1785143912.2527869,1785143912.2530005,1785143912.8575485,1785143914.079453,,,
block1-000950,64.98685304541141,6572.735235095024,165,170.0,63.941816915757954,6571.690198965371,1.0450361296534538,block1:zero_tool,fcfs,mixed,1785143912.4676955,1785143912.468741,1785143912.53284,1785143919.0405884,,,
block1-000951,701.8832691246644,2124.8590941540897,48,20.0,700.0022049760446,2122.97803000547,1.881064148619771,block1:s3,fcfs,mixed,1785143912.9438431,1785143912.9457247,1785143913.6457393,1785143915.0687153,,,
block1-000952,100.27075523976237,6155.747319338843,154,412.5,99.44367199204862,6154.9202360911295,0.8270832477137446,block1:zero_tool,fcfs,mixed,1785143912.9851608,1785143912.9859884,1785143913.0854442,1785143919.1409209,,,
block1-000953,65.4428827110678,5192.657399806194,130,117.5,65.00257493462414,5192.21709202975,0.44030777644366026,block1:zero_tool,fcfs,mixed,1785143913.1563334,1785143913.1567743,1785143913.2217903,1785143918.3490047,,,
block1-000954,69.69539832789451,5197.305793291889,130,60.0,69.1373540321365,5196.747748996131,0.558044295758009,block1:zero_tool,fcfs,mixed,1785143913.4970663,1785143913.4976246,1785143913.5667698,1785143918.6943805,,,
block1-000955,74.73875163123012,6226.638963678852,155,95.0,73.68806400336325,6225.588276050985,1.0506876278668642,block1:zero_tool,fcfs,mixed,1785143913.5523605,1785143913.5534115,1785143913.627107,1785143919.7790074,,,
block1-000956,856.6135240253061,2104.605137021281,48,545.0,856.121511082165,2104.1131240781397,0.4920129431411624,block1:s4,fcfs,mixed,1785143913.9200518,1785143913.920544,1785143914.7766726,1785143916.0246644,,,
block1-000957,834.9913104902953,2081.2234175391495,48,110.0,834.5629429677501,2080.7950500166044,0.42836752254515886,block1:s4,fcfs,mixed,1785143914.387744,1785143914.3881726,1785143915.2227433,1785143916.4689755,,,
block1-000958,825.4488295642659,2070.4971585655585,48,287.5,824.5994070312008,2069.6477360324934,0.8494225330650806,block1:s4,fcfs,mixed,1785143914.416838,1785143914.4176877,1785143915.2422936,1785143916.487342,,,
block1-000959,826.2816378846765,2071.014648885466,48,85.0,825.8927130373195,2070.625724038109,0.3889248473569751,block1:s4,fcfs,mixed,1785143914.435121,1785143914.4355102,1785143915.261413,1785143916.506146,,,
block1-000960,657.3360589100048,1825.4538228502497,43,357.5,656.5184480277821,1824.636211968027,0.8176108822226524,block1:s1,fcfs,mixed,1785143914.4883456,1785143914.489165,1785143915.1456978,1785143916.3138156,,,
block1-000961,136.26076630316675,2652.1300533786416,66,60.0,135.7641250360757,2651.6334121115506,0.49664126709103584,block1:s1,fcfs,mixed,1785143914.5665653,1785143914.5670626,1785143914.7028396,1785143917.2187088,,,
block1-000962,583.2959688268602,1751.6494317678735,44,22.5,583.0673349555582,1751.4207978965715,0.22863387130200863,block1:s1,fcfs,mixed,1785143914.716784,1785143914.7170126,1785143915.3000903,1785143916.4684439,,,
block1-000963,687.5924076884985,1832.8837567241862,46,152.5,686.8322360096499,1832.1235850453377,0.7601716788485646,block1:s1,fcfs,mixed,1785143914.7673485,1785143914.7681088,1785143915.4549499,1785143916.6002414,,,
block1-000964,493.07636730372906,1536.9674892863259,39,10.0,492.8293200209737,1536.7204420035705,0.2470472827553749,block1:s1,fcfs,mixed,1785143914.988022,1785143914.9882693,1785143915.4812548,1785143916.525146,,,
block1-000965,60.8446781989187,8955.73256118223,227,17.5,60.61863503418863,8955.5065180175,0.22604316473007202,block1:zero_tool,fcfs,mixed,1785143915.301048,1785143915.301274,1785143915.3618996,1785143924.2567875,,,
block1-000966,54.44895604159683,20170.36608501803,498,15.0,54.02401101309806,20169.941139989533,0.4249450284987688,block1:zero_tool,fcfs,mixed,1785143915.408129,1785143915.408554,1785143915.4625857,1785143935.5785027,,,
block1-000967,57.92191834188998,9670.976251363754,240,22.5,57.26389307528734,9670.318226097152,0.6580252666026354,block1:zero_tool,fcfs,mixed,1785143917.5734081,1785143917.5740664,1785143917.6313386,1785143927.2443926,,,
block1-000968,412.3972050147131,1450.8592680795118,37,145.0,411.2821049056947,1449.7441679704934,1.1151001090183854,block1:s2,fcfs,mixed,1785143917.8049464,1785143917.8060617,1785143918.2173529,1785143919.255815,,,
block1-000969,64.1603006515652,4481.590238632634,112,287.5,62.89139902219176,4480.321337003261,1.2689016293734312,block1:zero_tool,fcfs,mixed,1785143917.8160853,1785143917.8173559,1785143917.8802583,1785143922.297688,,,
block1-000970,64.83382894657552,7376.424627844244,181,12.5,64.32686606422067,7375.917664961889,0.5069628823548555,block1:zero_tool,fcfs,mixed,1785143918.3845916,1785143918.3850992,1785143918.4494398,1785143925.7610304,,,
block1-000971,61.80198350921273,5043.88532647863,126,17.5,60.97932404372841,5043.062667013146,0.8226594654843211,block1:zero_tool,fcfs,mixed,1785143918.3873286,1785143918.3881516,1785143918.4491382,1785143923.4312212,,,
block1-000972,60.60952018015087,5444.578619208187,134,217.5,59.66251692734659,5443.631615955383,0.9470032528042793,block1:zero_tool,fcfs,mixed,1785143918.941634,1785143918.9425814,1785143919.0022545,1785143924.3862238,,,
block1-000973,56.033800705336034,5776.445733732544,142,187.5,55.29146804474294,5775.703401071951,0.7423326605930924,block1:zero_tool,fcfs,mixed,1785143919.0852585,1785143919.0860012,1785143919.1413028,1785143924.8617146,,,
block1-000974,640.2264143107459,1592.9923113435507,38,140.0,639.6380780497566,1592.4039750825614,0.5883362609893084,block1:s2,fcfs,mixed,1785143919.2309854,1785143919.231574,1785143919.8712199,1785143920.8239856,,,
block1-000975,331.60220296122134,1528.7491850322112,37,117.5,331.01159695070237,1528.1585790216923,0.5906060105189681,block1:s2,fcfs,mixed,1785143919.2754946,1785143919.2760851,1785143919.607104,1785143920.804251,,,
block1-000976,93.77965901512653,5067.953439080156,125,25.0,92.91135799139738,5067.085138056427,0.8683010237291455,block1:zero_tool,fcfs,mixed,1785143919.7564116,1785143919.7572818,1785143919.8502092,1785143924.824383,,,
block1-000977,65.09912305045873,5588.692226097919,138,60.0,64.66146500315517,5588.2545680506155,0.4376580473035574,block1:zero_tool,fcfs,mixed,1785143919.787144,1785143919.7875817,1785143919.852251,1785143925.3758442,,,
block1-000978,613.8710863888264,1712.0739044621587,41,217.5,612.8460919717327,1711.048910045065,1.0249944170936942,block1:s3,fcfs,mixed,1785143920.5675702,1785143920.5685954,1785143921.1814487,1785143922.2796516,,,
block1-000979,455.69403714034706,1708.1119661452249,41,287.5,454.62693099398166,1707.0448599988595,1.0671061463654041,block1:s3,fcfs,mixed,1785143921.3672054,1785143921.3682728,1785143921.8229153,1785143923.075333,,,
block1-000980,685.8978864038363,1934.4766044523567,48,60.0,685.4432579129934,1934.0219759615138,0.4546284908428788,block1:s3,fcfs,mixed,1785143921.440828,1785143921.441283,1785143922.1267364,1785143923.3753152,,,
block1-000981,579.8934856429696,1785.9960646601394,44,412.5,578.8651629118249,1784.9677419289947,1.0283227311447263,block1:s3,fcfs,mixed,1785143922.303005,1785143922.3040333,1785143922.8829062,1785143924.0890086,,,
block1-000982,56.31803208962083,6382.287252112292,155,20.0,56.021886062808335,6381.991106085479,0.2961460268124938,block1:zero_tool,fcfs,mixed,1785143923.0192134,1785143923.0195098,1785143923.0755405,1785143929.4015093,,,
block1-000983,690.2190474793315,2071.1231464520097,48,170.0,689.1233479836956,2070.0274469563738,1.0956994956359267,block1:s3,fcfs,mixed,1785143923.4938893,1785143923.494985,1785143924.1842394,1785143925.5651436,,,
block1-000984,67.96535663306713,6361.292393645272,155,160.0,66.96636008564383,6360.293397097848,0.9989965474233031,block1:zero_tool,fcfs,mixed,1785143923.796193,1785143923.797192,1785143923.8641686,1785143930.1574955,,,
block1-000985,771.106117288582,2103.5126532660797,48,10.0,770.8593920106068,2103.2659279881045,0.2467252779752016,block1:s4,fcfs,mixed,1785143924.1282187,1785143924.1284657,1785143924.8993323,1785143926.231739,,,
block1-000986,727.0150255644694,2077.370038605295,48,572.5,725.9991989703849,2076.3542120112106,1.0158265940845013,block1:s4,fcfs,mixed,1785143924.2860663,1785143924.287083,1785143925.0130985,1785143926.3634539,,,
block1-000987,91.41700679901987,5219.752586795948,126,17.5,90.78522201161832,5219.120802008547,0.631784787401557,block1:zero_tool,fcfs,mixed,1785143924.2945704,1785143924.2952023,1785143924.3859978,1785143929.514333,,,
block1-000988,735.3893379913643,2050.947612966411,48,95.0,734.7350290510803,2050.293304026127,0.6543089402839541,block1:s4,fcfs,mixed,1785143924.640534,1785143924.6411896,1785143925.3759449,1785143926.6915035,,,
block1-000989,96.51034150738269,5369.739853544161,131,85.0,95.41314106900245,5368.6426531057805,1.0972004383802414,block1:zero_tool,fcfs,mixed,1785143924.6719582,1785143924.6730556,1785143924.768481,1785143930.0417101,,,
block1-000990,756.4195512095466,2030.7999051874503,48,172.5,755.4541579447687,2029.8345119226724,0.9653932647779584,block1:s4,fcfs,mixed,1785143925.0620222,1785143925.0629878,1785143925.8184485,1785143927.092829,,,
block1-000991,737.8679658286273,2018.9138539135456,48,322.5,737.5096419127658,2018.555529997684,0.358323915861547,block1:s4,fcfs,mixed,1785143925.4751942,1785143925.4755528,1785143926.2130697,1785143927.4941156,,,
block1-000992,558.7097111856565,1776.3126312056556,43,322.5,557.9982319613919,1775.601151981391,0.7114792242646217,block1:s1,fcfs,mixed,1785143925.6726105,1785143925.6733248,1785143926.2313457,1785143927.4489484,,,
block1-000993,85.2911431575194,2635.1917382562533,65,12.5,84.77368589956313,2634.674280998297,0.5174572579562664,block1:s1,fcfs,mixed,1785143925.8577673,1785143925.858285,1785143925.943192,1785143928.4930928,,,
block1-000994,505.5794334039092,1462.362059392035,36,105.0,504.7950790030882,1461.577704991214,0.7843544008210301,block1:s1,fcfs,mixed,1785143926.0106776,1785143926.0114622,1785143926.5162673,1785143927.4730499,,,
block1-000995,106.4552788157016,3105.4700758541003,75,287.5,105.45418690890074,3104.4689839472994,1.0010919068008661,block1:s1,fcfs,mixed,1785143926.2958388,1785143926.29684,1785143926.4023025,1785143929.4013174,,,
block1-000996,505.1053724018857,1451.786122401245,36,17.5,504.5451499754563,1451.2258999748155,0.5602224264293909,block1:s1,fcfs,mixed,1785143926.327186,1785143926.327747,1785143926.8323064,1785143927.7789872,,,
block1-000997,425.3873242996633,1402.5977313285694,34,170.0,424.9461400322616,1402.1565470611677,0.44118426740169525,block1:s1,fcfs,mixed,1785143926.7223947,1785143926.722836,1785143927.1477904,1785143928.1250007,,,
block1-000998,547.9375390568748,1743.9982400974259,43,145.0,546.1498389486223,1742.2105399891734,1.7877001082524657,block1:s1,fcfs,mixed,1785143926.8074162,1785143926.8092039,1785143927.3553612,1785143928.5514216,,,
block1-000999,423.5251845093444,1347.6604374591261,33,22.5,423.159045050852,1347.2942980006337,0.36613945849239826,block1:s1,fcfs,mixed,1785143927.2991238,1785143927.29949,1785143927.7226567,1785143928.6467917,,,
block1-001000,408.66289904806763,1387.737141107209,34,550.0,406.88679297454655,1385.961035033688,1.7761060735210776,block1:s2,fcfs,mixed,1785143927.331552,1785143927.3333292,1785143927.7402296,1785143928.719304,,,
block1-001001,58.8584381621331,2876.326209050603,70,545.0,58.51490003988147,2875.9826709283516,0.34353812225162983,block1:zero_tool,fcfs,mixed,1785143927.3970237,1785143927.3973672,1785143927.4558928,1785143930.2733612,,,
block1-001002,60.55835203733295,4754.958417033777,110,545.0,59.76785707753152,4754.167922073975,0.7904949598014355,block1:zero_tool,fcfs,mixed,1785143927.89481,1785143927.8956006,1785143927.9553769,1785143932.649777,,,
block1-001003,560.1102282525972,1807.0520763285458,43,92.5,559.3240989837795,1806.2659470597282,0.7861292688176036,block1:s2,fcfs,mixed,1785143928.0096772,1785143928.0104644,1785143928.5698063,1785143929.8167484,,,
block1-001004,88.91292661428452,6091.28881059587,145,15.0,88.5783180128783,6090.954201994464,0.3346086014062166,block1:zero_tool,fcfs,mixed,1785143928.0360336,1785143928.0363686,1785143928.1249568,1785143934.127333,,,
block1-001005,858.1001125276089,2103.534224559553,49,17.5,857.668541953899,2103.102653985843,0.43157057370990515,block1:s2,fcfs,mixed,1785143928.4829888,1785143928.4834218,1785143929.3411036,1785143930.586538,,,
block1-001006,670.4063466750085,1620.174617622979,38,17.5,669.9167130282149,1619.6849839761853,0.4896336467936635,block1:s2,fcfs,mixed,1785143928.653594,1785143928.6540837,1785143929.3241408,1785143930.273909,,,
block1-001007,358.98098023608327,1569.39731631428,37,15.0,358.5675489157438,1568.9838849939406,0.4134313203394413,block1:s2,fcfs,mixed,1785143928.867016,1785143928.8674302,1785143929.2260106,1785143930.4364266,,,
block1-001008,695.3153357608244,2095.3613958554342,48,47.5,694.3905740045011,2094.436634099111,0.924761756323278,block1:s3,fcfs,mixed,1785143929.0078611,1785143929.0087862,1785143929.7031875,1785143931.1032336,,,
block1-001009,65.38996612653136,5300.258619128726,126,155.0,64.36894508078694,5299.237598082982,1.021021045744419,block1:zero_tool,fcfs,mixed,1785143930.072157,1785143930.073178,1785143930.1375542,1785143935.3724234,,,
block1-001010,809.1099701123312,2266.9690111652017,48,307.5,808.7680590106174,2266.627100063488,0.3419111017137766,block1:s3,fcfs,mixed,1785143930.15434,1785143930.154682,1785143930.9634566,1785143932.4213157,,,
block1-001011,483.305002679117,1844.8005457175896,39,20.0,482.6700809644535,1844.165624002926,0.6349217146635056,block1:s3,fcfs,mixed,1785143930.1780593,1785143930.1786945,1785143930.6613698,1785143932.0228658,,,
block1-001012,789.4666930660605,2194.572830107063,48,177.5,788.5970879578963,2193.703224998899,0.8696051081642509,block1:s3,fcfs,mixed,1785143930.4367938,1785143930.4376636,1785143931.2262676,1785143932.631374,,,
block1-001013,841.9621136272326,2175.240632612258,48,12.5,841.7373899137601,2175.0159088987857,0.22472371347248554,block1:s3,fcfs,mixed,1785143930.722602,1785143930.722827,1785143931.564575,1785143932.8978531,,,
block1-001014,913.5726344538853,1941.334307543002,43,170.0,912.4286799924448,1940.1903530815616,1.143954461440444,block1:s3,fcfs,mixed,1785143930.8808308,1785143930.8819766,1785143931.7944264,1785143932.8221877,,,
block1-001015,775.0276463339105,2102.492849342525,48,20.0,773.9949619863182,2101.4601649949327,1.0326843475922942,block1:s3,fcfs,mixed,1785143931.0631566,1785143931.0641897,1785143931.8381948,1785143933.1656601,,,
block1-001016,757.2780974442139,2088.350252364762,48,545.0,756.2692350475118,2087.34138996806,1.0088623967021704,block1:s4,fcfs,mixed,1785143931.2055037,1785143931.2065127,1785143931.9627903,1785143933.2938623,,,
block1-001017,736.7086607264355,2104.35343766585,49,152.5,735.7777539873496,2103.422530926764,0.9309067390859127,block1:s4,fcfs,mixed,1785143931.3018305,1785143931.3027618,1785143932.0385475,1785143933.406192,,,
block1-001018,68.6939638108015,7154.088136856444,177,115.0,68.5159059939906,7153.910079039633,0.17805781681090593,block1:zero_tool,fcfs,mixed,1785143931.5746326,1785143931.574811,1785143931.6433358,1785143938.72873,,,
block1-001019,772.0707315020263,2016.3213935447857,48,550.0,771.4995379792526,2015.750200022012,0.5711935227736831,block1:s4,fcfs,mixed,1785143931.8009875,1785143931.8015587,1785143932.5732043,1785143933.8174555,,,
block1-001020,741.735496907495,1973.40545989573,48,282.5,741.0293410066515,1972.6993039948866,0.7061559008434415,block1:s4,fcfs,mixed,1785143932.1175122,1785143932.1182184,1785143932.859257,1785143934.0909271,,,
block1-001021,687.9791802493855,1917.7507472923025,48,107.5,687.6086000120267,1917.3801670549437,0.3705802373588085,block1:s4,fcfs,mixed,1785143932.2095754,1785143932.2099462,1785143932.897689,1785143934.1274602,,,
block1-001022,63.46234190277755,5928.685235907324,149,15.0,62.67040898092091,5927.893302985467,0.7919329218566418,block1:zero_tool,fcfs,mixed,1785143932.3399239,1785143932.3407164,1785143932.4034002,1785143938.2686229,,,
block1-001023,679.2563438648358,1946.1645318660885,48,12.5,678.4055209718645,1945.3137089731172,0.8508228929713368,block1:s4,fcfs,mixed,1785143933.1203609,1785143933.1212125,1785143933.7996342,1785143935.0665424,,,
block1-001024,583.1563812680542,1753.9925592718646,43,12.5,582.7103010378778,1753.5464790416881,0.4460802301764488,block1:s1,fcfs,mixed,1785143934.2384677,1785143934.238914,1785143934.8216333,1785143935.99247,,,
block1-001025,83.96430092398077,7529.672749922611,186,85.0,83.54188001248986,7529.25032901112,0.4224209114909172,block1:zero_tool,fcfs,mixed,1785143934.37728,1785143934.3777027,1785143934.4612534,1785143941.906962,,,
block1-001026,598.3945121988654,1769.7932191658765,44,60.0,597.8824840858579,1769.281191052869,0.5120281130075455,block1:s1,fcfs,mixed,1785143934.3918028,1785143934.392315,1785143934.9902043,1785143936.1616032,,,
block1-001027,70.42023644316941,6417.657736456022,158,115.0,70.1860620174557,6417.423562030308,0.23417442571371794,block1:zero_tool,fcfs,mixed,1785143934.4287345,1785143934.428969,1785143934.4991622,1785143940.8463998,,,
block1-001028,487.92149138171226,1658.7113293353468,42,15.0,487.09597100969404,1657.8858089633286,0.825520372018218,block1:s1,fcfs,mixed,1785143934.5212085,1785143934.5220351,1785143935.009147,1785143936.1799364,,,
block1-001029,59.48178644757718,16194.049880490638,391,12.5,58.44716995488852,16193.01526399795,1.0346164926886559,block1:zero_tool,fcfs,mixed,1785143934.5512323,1785143934.5522673,1785143934.6107244,1785143950.7452924,,,
block1-001030,64.55197802279145,17185.81361602992,416,17.5,63.65003704559058,17184.911675052717,0.9019409772008657,block1:zero_tool,fcfs,mixed,1785143934.6820488,1785143934.682951,1785143934.746608,1785143951.8678696,,,
block1-001031,61.117080273106694,5932.653923286125,146,12.5,60.24300493299961,5931.779847946018,0.8740753401070833,block1:zero_tool,fcfs,mixed,1785143934.6855676,1785143934.6864421,1785143934.7466989,1785143940.6182358,,,
block1-001032,68.00681038293988,16013.254277408123,386,117.5,67.77519697789103,16013.022664003074,0.2316134050488472,block1:zero_tool,fcfs,mixed,1785143935.039311,1785143935.0395427,1785143935.107326,1785143951.0525737,,,
block1-001033,101.95709054823965,2739.874013583176,67,70.0,100.36526899784803,2738.282192032784,1.5918215503916144,block1:s2,fcfs,mixed,1785143935.3602614,1785143935.3618534,1785143935.462226,1785143938.100143,,,
block1-001034,527.4337902665138,1431.4943982753903,37,12.5,526.843404979445,1430.9040129883215,0.5903852870687842,block1:s2,fcfs,mixed,1785143935.4079838,1785143935.408576,1785143935.935436,1785143936.8394961,,,
block1-001035,69.58354962989688,6213.118914631195,150,12.5,68.34959599655122,6211.88496099785,1.2339536333456635,block1:zero_tool,fcfs,mixed,1785143936.3748996,1785143936.3761342,1785143936.444497,1785143942.5880325,,,
block1-001036,70.45360200572759,6589.9267920758575,158,20.0,68.74141492880881,6588.214604998939,1.7121870769187808,block1:zero_tool,fcfs,mixed,1785143936.7688727,1785143936.7705848,1785143936.8393364,1785143943.3588097,,,
block1-001037,101.58954677172005,5683.0696718534455,136,357.5,100.19271995406598,5681.672845035791,1.3968268176540732,block1:zero_tool,fcfs,mixed,1785143936.9414132,1785143936.9428115,1785143937.0430267,1785143942.624507,,,
block1-001038,90.19153099507093,2672.0680070575327,65,217.5,89.23271601088345,2671.109192073345,0.9588149841874838,block1:s2,fcfs,mixed,1785143936.9527757,1785143936.9537349,1785143937.042977,1785143939.6248536,,,
block1-001039,331.8339849356562,1360.6622129445896,31,140.0,330.90651396196336,1359.7347419708967,0.9274709736928344,block1:s2,fcfs,mixed,1785143937.2374456,1785143937.2383733,1785143937.5692897,1785143938.5981178,,,
block1-001040,430.82899774890393,1389.714513788931,32,92.5,430.10008696001023,1388.9856030000374,0.7289107888936996,block1:s3,fcfs,mixed,1785143937.5923932,1785143937.593123,1785143938.0232377,1785143938.9821236,,,
block1-001041,701.0037284344435,1956.432901439257,48,60.0,699.9139890540391,1955.3431620588526,1.0897393804043531,block1:s3,fcfs,mixed,1785143937.743505,1785143937.7445953,1785143938.4445198,1785143939.6999495,,,
block1-001042,694.378157146275,2028.005411149934,48,15.0,693.7678729882464,2027.3951269919053,0.6102841580286622,block1:s3,fcfs,mixed,1785143938.4182854,1785143938.4188962,1785143939.112673,1785143940.4463003,,,
block1-001043,93.52158207911998,18942.084131995216,450,395.0,92.80076704453677,18941.363316960633,0.720815034583211,block1:zero_tool,fcfs,mixed,1785143938.4658647,1785143938.466586,1785143938.5593994,1785143957.4079614,,,
block1-001044,66.98247964959592,7067.433548625559,170,412.5,66.43593998160213,7066.887008957565,0.546539667993784,block1:zero_tool,fcfs,mixed,1785143938.856501,1785143938.8570476,1785143938.923493,1785143945.9239438,,,
block1-001045,673.567644902505,1888.7296938337386,43,172.5,673.1858620187268,1888.3479109499604,0.38178288377821445,block1:s3,fcfs,mixed,1785143939.7535367,1785143939.7539186,1785143940.4271135,1785143941.6422756,,,
block1-001046,88.34445441607386,7596.745077520609,180,280.0,88.09184900019318,7596.492472104728,0.2526054158806801,block1:zero_tool,fcfs,mixed,1785143939.7800255,1785143939.7802784,1785143939.868379,1785143947.3767805,,,
block1-001047,75.67671767901629,6966.225157724693,165,60.0,74.89703898318112,6965.445479028858,0.7796786958351731,block1:zero_tool,fcfs,mixed,1785143939.859374,1785143939.860154,1785143939.9350603,1785143946.825608,,,
block1-001048,767.3101187683642,2019.4718787679449,48,10.0,766.6190670570359,2018.7808270566165,0.6910517113283277,block1:s4,fcfs,mixed,1785143939.9067488,1785143939.90744,1785143940.674066,1785143941.9262285,,,
block1-001049,740.3220438864082,2064.8278798907995,48,172.5,739.8034210782498,2064.309257082641,0.5186228081583977,block1:s4,fcfs,mixed,1785143940.2382686,1785143940.2387898,1785143940.978613,1785143942.3031192,,,
block1-001050,687.0040385983884,2050.33252062276,48,17.5,686.2966910703108,2049.6251730946824,0.707347528077662,block1:s4,fcfs,mixed,1785143940.4619632,1785143940.462671,1785143941.1489813,1785143942.51231,,,
block1-001051,771.8136248877272,2092.525118845515,48,10.0,771.301276050508,2092.012770008296,0.5123488372191787,block1:s4,fcfs,mixed,1785143941.5119293,1785143941.5124416,1785143942.2837534,1785143943.604465,,,
block1-001052,772.0508598722517,2071.0886268643662,48,322.5,771.8295740196481,2070.8673410117626,0.22128585260361433,block1:s4,fcfs,mixed,1785143941.9119248,1785143941.912146,1785143942.683984,1785143943.983022,,,
block1-001053,765.760445035994,2050.1032460015267,48,820.0,764.7219410864636,2049.0647420519963,1.0385039495304227,block1:s4,fcfs,mixed,1785143941.9536755,1785143941.954714,1785143942.719445,1785143944.0037878,,,
block1-001054,719.9548030039296,1987.4826149316505,48,17.5,719.2871500737965,1986.8149620015174,0.6676529301330447,block1:s4,fcfs,mixed,1785143942.3196895,1785143942.3203573,1785143943.0396538,1785143944.3071816,,,
block1-001055,719.6737097110599,1987.394200754352,48,15.0,719.2885099211708,1987.0090009644628,0.3851997898891568,block1:s4,fcfs,mixed,1785143942.639307,1785143942.6396923,1785143943.358988,1785143944.6267085,,,
block1-001056,555.4228371474892,1755.4606010671705,43,135.0,555.0454349722713,1755.0831988919526,0.3774021752178669,block1:s1,fcfs,mixed,1785143943.2562702,1785143943.2566476,1785143943.8117034,1785143945.0117416,,,
block1-001057,81.48148201871663,2957.222425029613,71,47.5,81.33042498957366,2957.07136800047,0.1510570291429758,block1:s1,fcfs,mixed,1785143943.2962382,1785143943.2963893,1785143943.3777268,1785143946.2534678,,,
block1-001058,102.46916185133159,6724.643976776861,157,357.5,100.26054899208248,6722.4353639176115,2.208612859249115,block1:zero_tool,fcfs,mixed,1785143943.7820194,1785143943.7842302,1785143943.8845062,1785143950.5066812,,,
block1-001059,73.39913514442742,3124.926444143057,73,135.0,73.06588406208903,3124.5931930607185,0.33325108233839273,block1:s1,fcfs,mixed,1785143943.8145373,1785143943.8148708,1785143943.8879461,1785143946.9394736,,,
block1-001060,507.17000337317586,1661.8912453996018,39,357.5,506.51995197404176,1661.2411940004677,0.6500513991340995,block1:s1,fcfs,mixed,1785143943.9927118,1785143943.9933622,1785143944.500023,1785143945.6547441,,,
block1-001061,66.67067622765899,2804.7282393090427,65,115.0,65.66912191919982,2803.7266850005835,1.0015543084591627,block1:s1,fcfs,mixed,1785143944.3083868,1785143944.3093886,1785143944.375066,1785143947.1131237,,,
block1-001062,442.15549586806446,1742.0132388360798,40,115.0,441.3887179689482,1741.2464609369636,0.7667778991162777,block1:s1,fcfs,mixed,1785143944.4143972,1785143944.4151642,1785143944.8565607,1785143946.1564186,,,
block1-001063,70.19035133998841,2595.239786314778,60,17.5,69.9762919684872,2595.025726943277,0.21405937150120735,block1:s1,fcfs,mixed,1785143944.536649,1785143944.536863,1785143944.6068473,1785143947.1318965,,,
block1-001064,416.47650161758065,1520.9818736184388,34,145.0,415.42154096532613,1519.9269129661843,1.0549606522545218,block1:s2,fcfs,mixed,1785143944.8830588,1785143944.8841157,1785143945.2995613,1785143946.4040666,,,
block1-001065,64.44609083700925,5566.840798826888,128,155.0,63.679676968604326,5566.074384958483,0.7664138684049249,block1:zero_tool,fcfs,mixed,1785143945.1401806,1785143945.140947,1785143945.2046378,1785143950.707032,,,
block1-001066,680.188263184391,1714.700504206121,37,820.0,679.8638850450516,1714.3761260667816,0.3243781393393874,block1:s2,fcfs,mixed,1785143945.3986025,1785143945.398928,1785143946.0788083,1785143947.1133206,,,
block1-001067,678.5242543555796,1977.0578102907166,43,15.0,677.4828700581565,1976.0164259932935,1.0413842974230647,block1:s2,fcfs,mixed,1785143945.4002314,1785143945.4012728,1785143946.0787623,1785143947.3772957,,,
block1-001068,551.6521952813491,1585.7804672559723,36,60.0,550.9831750532612,1585.1114470278844,0.6690202280879021,block1:s2,fcfs,mixed,1785143945.5462346,1785143945.5469038,1785143946.0978959,1785143947.132024,,,
block1-001069,647.1702894195914,1978.5899154376239,45,15.0,646.8428239459172,1978.2624499639496,0.32746547367423773,block1:s2,fcfs,mixed,1785143945.67992,1785143945.6802475,1785143946.3270981,1785143947.658518,,,
block1-001070,85.81827685702592,2787.4180558137596,67,17.5,84.99683602713048,2786.596614983864,0.8214408298954368,block1:s2,fcfs,mixed,1785143945.7216077,1785143945.7224295,1785143945.8074358,1785143948.5090356,,,
block1-001071,353.85762457735837,1623.362259590067,37,105.0,353.3883289201185,1622.8929639328271,0.46929565723985434,block1:s2,fcfs,mixed,1785143946.2232478,1785143946.2237175,1785143946.5771136,1785143947.8466182,,,
block1-001072,759.928948013112,2022.4534890148789,48,12.5,758.9899639133364,2021.5145049151033,0.9389840997755527,block1:s3,fcfs,mixed,1785143946.4864397,1785143946.4873788,1785143947.246377,1785143948.5089016,,,
block1-001073,723.904623882845,2096.7456499347463,48,10.0,722.9955609655008,2095.836587017402,0.9090629173442721,block1:s3,fcfs,mixed,1785143946.7118018,1785143946.7127109,1785143947.4358616,1785143948.8087027,,,
block1-001074,643.414304126054,1852.956053102389,41,12.5,642.4347150605172,1851.9764640368521,0.9795890655368567,block1:s3,fcfs,mixed,1785143947.1652133,1785143947.1661932,1785143947.8086367,1785143949.0181782,,,
block1-001075,423.90701407566667,1860.8980251010507,41,10.0,422.70055296830833,1859.6915639936924,1.2064611073583364,block1:s3,fcfs,mixed,1785143947.4039762,1785143947.4051838,1785143947.8278997,1785143949.2648907,,,
block1-001076,884.7688073292375,2215.5004042433575,48,10.0,883.8928920449689,2214.624488959089,0.875915284268558,block1:s3,fcfs,mixed,1785143948.510369,1785143948.511245,1785143949.3951466,1785143950.725878,,,
block1-001077,890.1834175921977,2140.7312366645783,46,117.5,888.7961809523404,2139.344000024721,1.3872366398572922,block1:s3,fcfs,mixed,1785143948.5246315,1785143948.526019,1785143949.4148216,1785143950.6653695,,,
block1-001078,968.3933363994583,2004.5607924694195,43,110.0,967.5059309229255,2003.6733869928867,0.8874054765328765,block1:s3,fcfs,mixed,1785143948.5775516,1785143948.5784392,1785143949.5459526,1785143950.58212,,,
block1-001079,765.7670055050403,2097.3146895412356,48,110.0,764.6535199601203,2096.2012039963156,1.1134855449199677,block1:s3,fcfs,mixed,1785143948.7243907,1785143948.7255049,1785143949.490168,1785143950.8217156,,,
block1-001080,89.06008850317448,7459.144818596542,177,17.5,88.03719794377685,7458.121928037144,1.0228905593976378,block1:zero_tool,fcfs,mixed,1785143948.7815528,1785143948.7825758,1785143948.8706203,1785143956.2407045,,,
block1-001081,750.7139119552448,2064.8115079384297,48,50.0,749.7403259621933,2063.837921945378,0.9735859930515289,block1:s4,fcfs,mixed,1785143948.8319707,1785143948.8329446,1785143949.5826929,1785143950.8967907,,,
block1-001082,688.4619318880141,2020.873544854112,48,572.5,687.2058550361544,2019.6174680022523,1.2560768518596888,block1:s4,fcfs,mixed,1785143949.032285,1785143949.033542,1785143949.7207642,1785143951.053176,,,
block1-001083,54.15153014473617,6367.4485550727695,151,572.5,53.46228205598891,6366.759306984022,0.689248088747263,block1:zero_tool,fcfs,mixed,1785143949.5330682,1785143949.5337574,1785143949.5872276,1785143955.9005253,,,
block1-001084,761.4192443434149,2028.7118332926184,48,132.5,760.2928490377963,2027.5854379869998,1.1263953056186438,block1:s4,fcfs,mixed,1785143949.7066185,1785143949.7077477,1785143950.4680624,1785143951.7353551,,,
block1-001085,722.0806614495814,1987.978833494708,48,172.5,721.3115430204198,1987.2097150655463,0.7691184291616082,block1:s4,fcfs,mixed,1785143949.8041885,1785143949.804958,1785143950.5262825,1785143951.7921808,,,
block1-001086,89.62616813369095,6666.154788108543,159,155.0,89.11595493555069,6665.644574910402,0.5102131981402636,block1:zero_tool,fcfs,mixed,1785143949.8191826,1785143949.819693,1785143949.9088163,1785143956.4853451,,,
block1-001087,59.273153194226325,6208.965480211191,148,92.5,58.774678967893124,6208.467005984858,0.49847422633320093,block1:zero_tool,fcfs,mixed,1785143950.1645935,1785143950.1650927,1785143950.2238803,1785143956.3735723,,,
block1-001088,55.77218148391694,10921.910358476453,264,17.5,54.822077974677086,10920.960254967213,0.9501035092398524,block1:zero_tool,fcfs,mixed,1785143950.2280898,1785143950.22904,1785143950.2838736,1785143961.1500113,,,
block1-001089,87.38876739516854,2429.6213873894885,58,107.5,86.62773098330945,2428.8603509776294,0.7610364118590951,block1:s1,fcfs,mixed,1785143950.361569,1785143950.3623302,1785143950.4489675,1785143952.7911997,,,
block1-001090,571.7815893003717,1820.7623423077166,44,10.0,571.5986029244959,1820.5793559318408,0.18298637587577105,block1:s1,fcfs,mixed,1785143950.5171015,1785143950.5172849,1785143951.089028,1785143952.3380086,,,
block1-001091,62.901204684749246,15192.53146473784,367,17.5,62.62135901488364,15192.251619067974,0.2798456698656082,block1:zero_tool,fcfs,mixed,1785143950.6440308,1785143950.6443107,1785143950.7069397,1785143965.8365698,,,
block1-001092,66.70095410663635,4972.277348162606,117,412.5,65.07947400677949,4970.6558680627495,1.6214800998568535,block1:zero_tool,fcfs,mixed,1785143950.9474955,1785143950.9491177,1785143951.0142124,1785143955.9197886,,,
block1-001093,93.7836734810844,2704.255366465077,62,92.5,92.05555799417198,2702.5272509781644,1.7281154869124293,block1:s1,fcfs,mixed,1785143951.25657,1785143951.2583,1785143951.3503752,1785143953.960847,,,
block1-001094,64.2295100260526,7252.164222067222,170,350.0,63.452247995883226,7251.386960037053,0.7772620301693678,block1:zero_tool,fcfs,mixed,1785143951.2883992,1785143951.2891772,1785143951.3526402,1785143958.5405753,,,
block1-001095,81.94140624254942,2973.2483032858,68,572.5,81.68946299701929,2972.99636004027,0.2519432455301285,block1:s1,fcfs,mixed,1785143951.3784895,1785143951.3787417,1785143951.4604394,1785143954.3517466,,,
block1-001096,69.62246599141508,9780.787623953074,235,22.5,69.39023302402347,9780.555390985683,0.23223296739161015,block1:zero_tool,fcfs,mixed,1785143951.5469563,1785143951.5471888,1785143951.6165879,1785143961.327753,,,
block1-001097,622.2603778587654,1635.6571469223127,38,545.0,621.7509619891644,1635.1477310527116,0.5094158696010709,block1:s2,fcfs,mixed,1785143951.6386828,1785143951.6391928,1785143952.260958,1785143953.2743547,,,
block1-001098,89.83704261481762,2788.7998917140067,64,172.5,88.81090593058616,2787.773755029775,1.02613668423146,block1:s2,fcfs,mixed,1785143951.8885515,1785143951.8895776,1785143951.9783971,1785143954.67736,,,
block1-001099,603.152574156411,1924.9119302257895,43,117.5,602.3509699152783,1924.1103259846568,0.8016042411327362,block1:s2,fcfs,mixed,1785143952.1310139,1785143952.1318157,1785143952.7341745,1785143954.0559337,,,
block1-001100,86.3742606015876,6083.314750576392,142,132.5,85.8591339783743,6082.7996239531785,0.5151266232132912,block1:zero_tool,fcfs,mixed,1785143952.4377005,1785143952.4382162,1785143952.5240839,1785143958.5210242,,,
block1-001101,598.7119531491771,1948.2110121753067,44,17.5,597.2074719611555,1946.706530987285,1.5044811880216002,block1:s2,fcfs,mixed,1785143952.460579,1785143952.4620845,1785143953.059308,1785143954.4088068,,,
block1-001102,633.0635691992939,1711.7257812060416,38,70.0,632.8617660328746,1711.5239780396223,0.20180316641926765,block1:s2,fcfs,mixed,1785143952.6409721,1785143952.641174,1785143953.2741776,1785143954.3528397,,,
block1-001103,667.0472335536033,1633.9297235244885,37,132.5,666.0009460756555,1632.8834360465407,1.0462874779477715,block1:s2,fcfs,mixed,1785143953.1777093,1785143953.1787558,1785143953.8447654,1785143954.8116477,,,
block1-001104,800.9247727459297,2184.20842976775,48,155.0,800.1792029244825,2183.462859946303,0.745569821447134,block1:s3,fcfs,mixed,1785143953.1991556,1785143953.199901,1785143954.000089,1785143955.3833725,,,
block1-001105,467.4756050808355,1775.8001721231267,39,17.5,467.26785495411605,1775.5924219964072,0.2077501267194748,block1:s3,fcfs,mixed,1785143953.454635,1785143953.4548428,1785143953.9221191,1785143955.2304435,,,
block1-001106,687.0803635101765,1722.5809685187414,38,485.0,686.1763269407675,1721.6769319493324,0.9040365694090724,block1:s3,fcfs,mixed,1785143953.488172,1785143953.4890761,1785143954.1752598,1785143955.210761,,,
block1-001107,698.7608316121623,2034.8850825103,48,95.0,698.147488059476,2034.2717389576137,0.613343552686274,block1:s3,fcfs,mixed,1785143953.9984121,1785143953.9990265,1785143954.6971893,1785143956.0333135,,,
block1-001108,82.59289618581533,5409.620749182068,130,60.0,81.9178830133751,5408.945736009628,0.6750131724402308,block1:zero_tool,fcfs,mixed,1785143954.0080955,1785143954.0087707,1785143954.0906959,1785143959.4177237,,,
block1-001109,760.136766708456,2049.4982197415084,46,357.5,759.7486500162631,2049.1101030493155,0.3881166921928525,block1:s3,fcfs,mixed,1785143954.869487,1785143954.8698752,1785143955.6296318,1785143956.918993,,,
block1-001110,724.8619325691834,2013.1972186500207,46,320.0,723.7096258904785,2012.0449119713157,1.1523066787049174,block1:s3,fcfs,mixed,1785143954.942723,1785143954.9438763,1785143955.6676002,1785143956.9559355,,,
block1-001111,528.4629188245162,1839.7767198039219,43,105.0,527.902857051231,1839.2166580306366,0.5600617732852697,block1:s3,fcfs,mixed,1785143954.9683678,1785143954.968928,1785143955.4968379,1785143956.8081517,,,
block1-001112,73.01087479572743,13788.540240726434,338,70.0,72.02254608273506,13787.551912013441,0.9883287129923701,block1:zero_tool,fcfs,mixed,1785143955.7700837,1785143955.771072,1785143955.8431025,1785143969.5586317,,,
block1-001113,799.7525503160432,2144.7107492713258,48,297.5,799.2991739884019,2144.2573729436845,0.4533763276413083,block1:s4,fcfs,mixed,1785143956.2525768,1785143956.2530303,1785143957.0523381,1785143958.3972971,,,
block1-001114,798.1905232882127,2137.183445272967,48,110.0,797.3420680500567,2136.334990034811,0.8484552381560206,block1:s4,fcfs,mixed,1785143956.6466582,1785143956.6475067,1785143957.445003,1785143958.7839956,,,
block1-001115,759.2345597222447,2084.4436356564984,48,152.5,758.3856720011681,2083.5947479354218,0.8488877210766077,block1:s4,fcfs,mixed,1785143956.7233186,1785143956.7241673,1785143957.482563,1785143958.8077722,,,
block1-001116,743.917659856379,2068.974485853687,48,12.5,743.4896379709244,2068.5464639682323,0.4280218854546547,block1:s4,fcfs,mixed,1785143956.7761798,1785143956.776608,1785143957.5201051,1785143958.845162,,,
block1-001117,693.4277485124767,2015.5727214878425,48,297.5,692.5910910358652,2014.736064011231,0.8366574766114354,block1:s4,fcfs,mixed,1785143956.9975653,1785143956.9984024,1785143957.691001,1785143959.013146,,,
block1-001118,748.1047260807827,1984.81041402556,48,395.0,747.8607180528343,1984.5664059976116,0.24400802794843912,block1:s4,fcfs,mixed,1785143957.6686108,1785143957.668855,1785143958.416724,1785143959.6534293,,,
block1-001119,721.128667704761,1948.0003697099164,48,320.0,720.5345439724624,1947.4062459776178,0.5941237322986126,block1:s4,fcfs,mixed,1785143957.7810977,1785143957.7816925,1785143958.5022418,1785143959.7291136,,,
block1-001120,562.5402160221711,1730.7032400276512,43,545.0,561.5116669796407,1729.6746909851208,1.0285490425303578,block1:s1,fcfs,mixed,1785143958.2631197,1785143958.2641485,1785143958.825671,1785143959.9938343,,,
block1-001121,70.11284364853054,2793.6878866748884,71,140.0,69.52647201251239,2793.1015150388703,0.586371636018157,block1:s1,fcfs,mixed,1785143958.3945224,1785143958.3951092,1785143958.4646497,1785143961.1882248,,,
block1-001122,410.2283085230738,1616.1146204685792,40,132.5,409.9939720472321,1615.8802839927375,0.23433647584170103,block1:s1,fcfs,mixed,1785143958.7186863,1785143958.718921,1785143959.1289234,1785143960.3348098,,,
block1-001123,69.38702054321766,8086.066431598738,198,280.0,68.72401491273195,8085.403425968252,0.6630056304857135,block1:zero_tool,fcfs,mixed,1785143959.0595837,1785143959.0602467,1785143959.1289778,1785143967.1456573,,,
block1-001124,481.90633463673294,1674.8909276211634,42,15.0,481.28741001710296,1674.2720030015334,0.6189246196299791,block1:s1,fcfs,mixed,1785143959.1714141,1785143959.172033,1785143959.6533277,1785143960.8463125,,,
block1-001125,60.86926767602563,17178.39646374341,419,12.5,60.13813498429954,17177.665331051685,0.7311326917260885,block1:zero_tool,fcfs,mixed,1785143959.3384495,1785143959.339182,1785143959.3993325,1785143976.5168593,,,
block1-001126,84.33231280650944,2723.222978762351,67,15.0,83.95416801795363,2722.844833973795,0.3781447885558009,block1:s1,fcfs,mixed,1785143959.4006138,1785143959.4009922,1785143959.484961,1785143962.1238518,,,
block1-001127,100.04292102530599,14644.951912108809,358,10.0,99.69183895736933,14644.600830040872,0.35108206793665886,block1:zero_tool,fcfs,mixed,1785143959.8139749,1785143959.814326,1785143959.9141698,1785143974.459079,,,
block1-001128,466.2954993546009,1610.9599883202463,40,110.0,465.5163079733029,1610.1807969389483,0.7791913812980056,block1:s2,fcfs,mixed,1785143959.829907,1785143959.8306866,1785143960.2962122,1785143961.4408767,,,
block1-001129,67.0651663094759,5715.773340314627,139,12.5,65.69108099211007,5714.399254997261,1.3740853173658252,block1:zero_tool,fcfs,mixed,1785143960.0442722,1785143960.0456471,1785143960.1113515,1785143965.7600596,,,
block1-001130,88.69496639817953,2623.6877923365682,64,280.0,87.66374900005758,2622.6565749384463,1.031217398121953,block1:s2,fcfs,mixed,1785143960.1877913,1785143960.1888227,1785143960.2764955,1785143962.8114882,,,
block1-001131,71.46119046956301,6836.691297474317,166,217.5,69.38622298184782,6834.616329986602,2.0749674877151847,block1:zero_tool,fcfs,mixed,1785143960.6615272,1785143960.663602,1785143960.7329955,1785143967.498226,,,
block1-001132,62.64975410886109,12913.335262099281,314,320.0,62.10633006412536,12912.791838054545,0.5434240447357297,block1:zero_tool,fcfs,mixed,1785143961.0698133,1785143961.0703568,1785143961.1324718,1785143973.9831572,,,
block1-001133,633.3358465926722,1864.2058086115867,44,307.5,633.217122987844,1864.0870850067586,0.11872360482811928,block1:s2,fcfs,mixed,1785143961.2572517,1785143961.2573707,1785143961.8905942,1785143963.1214643,,,
block1-001134,102.23817790392786,2788.6999279726297,67,15.0,101.12003597896546,2787.5817860476673,1.1181419249624014,block1:s2,fcfs,mixed,1785143961.4479787,1785143961.449097,1785143961.5502248,1785143964.2366872,,,
block1-001135,337.14935404714197,1568.378183990717,37,20.0,336.3142990274355,1567.5431289710104,0.8350550197064877,block1:s2,fcfs,mixed,1785143961.553647,1785143961.5544822,1785143961.8908045,1785143963.1220334,,,
block1-001136,65.62479527201504,6579.090237268247,161,217.5,64.73278405610472,6578.198226052336,0.8920112159103155,block1:zero_tool,fcfs,mixed,1785143961.9219632,1785143961.922858,1785143961.9876127,1785143968.5010777,,,
block1-001137,68.08349897619337,5238.78357198555,126,92.5,67.5908369012177,5238.290909910575,0.4926620749756694,block1:zero_tool,fcfs,mixed,1785143962.495053,1785143962.4955459,1785143962.5631452,1785143967.7338452,,,
block1-001138,659.4782909378409,1736.0891730058938,41,17.5,658.3831119351089,1734.9939940031618,1.0951790027320385,block1:s3,fcfs,mixed,1785143962.6521482,1785143962.6532447,1785143963.3116457,1785143964.3882568,,,
block1-001139,711.4978464087471,1976.9886034773663,48,820.0,711.2698940327391,1976.7606511013582,0.22795237600803375,block1:s3,fcfs,mixed,1785143962.7151062,1785143962.7153347,1785143963.4266148,1785143964.6921055,,,
block1-001140,75.7052123080939,20913.285166374408,506,110.0,74.66792000923306,20912.247874075547,1.037292298860848,block1:zero_tool,fcfs,mixed,1785143962.814694,1785143962.8157315,1785143962.8904073,1785143983.7279875,,,
block1-001141,101.3495521619916,5520.677691092715,135,287.5,100.72212701197714,5520.0502659427,0.6274251500144601,block1:zero_tool,fcfs,mixed,1785143963.7611573,1785143963.761785,1785143963.8625169,1785143969.281845,,,
block1-001142,816.5040097665042,2147.6471377536654,49,47.5,815.7033020397648,2146.846430026926,0.800707726739347,block1:s3,fcfs,mixed,1785143963.761494,1785143963.7622948,1785143964.5780034,1785143965.909146,,,
block1-001143,83.46656966023147,6477.247235714458,159,17.5,82.81308994628489,6476.593756000511,0.6534797139465809,block1:zero_tool,fcfs,mixed,1785143963.8253894,1785143963.8260436,1785143963.9088666,1785143970.3026474,,,
block1-001144,699.4724090909585,2084.1208080528304,48,287.5,698.340423987247,2082.988822949119,1.1319851037114859,block1:s4,fcfs,mixed,1785143964.716468,1785143964.7176003,1785143965.4159493,1785143966.8005977,,,
block1-001145,71.24000566545874,6696.317920694128,164,85.0,69.77922096848488,6694.857135997154,1.4607846969738603,block1:zero_tool,fcfs,mixed,1785143965.2867265,1785143965.2881901,1785143965.3579948,1785143971.9830725,,,
block1-001146,827.8842909494415,2125.958917895332,48,85.0,826.8751340219751,2124.9497609678656,1.0091569274663925,block1:s4,fcfs,mixed,1785143965.4332886,1785143965.4342983,1785143966.2613127,1785143967.5593874,,,
block1-001147,781.2273557065055,2078.59348366037,48,12.5,780.4314569802955,2077.79758493416,0.7958987262099981,block1:s4,fcfs,mixed,1785143965.5184283,1785143965.519225,1785143966.2996657,1785143967.5970318,,,
block1-001148,764.8032031720504,2080.801987205632,48,100.0,763.7373070465401,2079.7360910801217,1.065896125510335,block1:s4,fcfs,mixed,1785143965.5540805,1785143965.5551474,1785143966.3188994,1785143967.6348984,,,
block1-001149,100.0429472187534,5238.971480168402,131,177.5,99.59373995661736,5238.522272906266,0.4492072621360421,block1:zero_tool,fcfs,mixed,1785143965.8092504,1785143965.8097014,1785143965.9093204,1785143971.048249,,,
block1-001150,687.2124482179061,1985.288224183023,48,52.5,686.1183739965782,1984.194149961695,1.0940742213279009,block1:s4,fcfs,mixed,1785143965.8236842,1785143965.8247788,1785143966.5109084,1785143967.8089843,,,
block1-001151,734.1235837666318,1964.9953618645668,48,170.0,733.7917689001188,1964.6635469980538,0.33181486651301384,block1:s4,fcfs,mixed,1785143966.8249168,1785143966.8252487,1785143967.5590491,1785143968.789921,,,
block1-001152,554.493656847626,1705.8132567908615,43,12.5,554.0529730496928,1705.3725729929283,0.44068379793316126,block1:s1,fcfs,mixed,1785143967.1219661,1785143967.1224072,1785143967.6764674,1785143968.827787,,,
block1-001153,68.76547040883452,19101.446869433858,458,12.5,68.60170396976173,19101.283102994785,0.16376643907278776,block1:zero_tool,fcfs,mixed,1785143967.4709864,1785143967.4711504,1785143967.53976,1785143986.5724416,,,
block1-001154,516.0262851277366,1686.992438044399,43,100.0,515.3784860158339,1686.3446389324963,0.6477991119027138,block1:s1,fcfs,mixed,1785143967.5761027,1785143967.5767527,1785143968.092147,1785143969.2631135,,,
block1-001155,532.4225587537512,1494.9430447304621,37,187.5,532.0498750079423,1494.5703609846532,0.3726837458088994,block1:s1,fcfs,mixed,1785143968.1395683,1785143968.1399412,1785143968.6721318,1785143969.634652,,,
block1-001156,483.85573271661997,1443.8077837694436,36,135.0,483.3629128988832,1443.3149639517069,0.4928198177367449,block1:s1,fcfs,mixed,1785143968.6727743,1785143968.6732671,1785143969.1566403,1785143970.1165926,,,
block1-001157,457.66688557341695,1408.59489957802,34,395.0,456.7716169403866,1407.6996309449896,0.895268633030355,block1:s1,fcfs,mixed,1785143969.0639906,1785143969.064886,1785143969.5216658,1785143970.4725935,,,
block1-001158,443.00605123862624,1626.7068622400984,40,280.0,442.5149809103459,1626.215791911818,0.4910703282803297,block1:s1,fcfs,mixed,1785143969.1346893,1785143969.1351807,1785143969.5777035,1785143970.761405,,,
block1-001159,71.37603568844497,2454.966838704422,60,155.0,70.90667902957648,2454.4974820455536,0.46935665886849165,block1:s1,fcfs,mixed,1785143969.3752058,1785143969.3756754,1785143969.4465895,1785143971.8301802,,,
block1-001160,423.6347733531147,1607.211564318277,40,85.0,422.6818400202319,1606.2586309853941,0.9529333328828216,block1:s2,fcfs,mixed,1785143969.4230695,1785143969.4240232,1785143969.846713,1785143971.03029,,,
block1-001161,410.1287297671661,1592.9272727807984,40,95.0,408.5207739844918,1591.3193169981241,1.607955782674253,block1:s2,fcfs,mixed,1785143969.455152,1785143969.4567604,1785143969.8652904,1785143971.048089,,,
block1-001162,63.954836572520435,5857.898868620396,139,10.0,61.891669989563525,5855.835702037439,2.06316658295691,block1:zero_tool,fcfs,mixed,1785143969.7266147,1785143969.7286787,1785143969.7905822,1785143975.584526,,,
block1-001163,67.0275364536792,28868.24870237615,686,170.0,65.31562202144414,28866.536787943915,1.7119144322350621,block1:zero_tool,fcfs,mixed,1785143970.0110083,1785143970.0127232,1785143970.0780625,1785143998.8792837,,,
block1-001164,505.32319711055607,1465.637208078988,36,115.0,505.02127001527697,1465.3352809837088,0.30192709527909756,block1:s2,fcfs,mixed,1785143970.1373067,1785143970.1376088,1785143970.6426384,1785143971.6029525,,,
block1-001165,448.7027961295098,1737.9165410529822,41,105.0,447.9811590863392,1737.1949040098116,0.7216370431706309,block1:s2,fcfs,mixed,1785143970.6625335,1785143970.6632552,1785143971.1112459,1785143972.4004593,,,
block1-001166,63.071966636925936,6493.530227569863,154,20.0,62.90213798638433,6493.360398919322,0.16982865054160357,block1:zero_tool,fcfs,mixed,1785143970.967653,1785143970.967823,1785143971.0307326,1785143977.461191,,,
block1-001167,59.90293563809246,6186.420160578564,146,60.0,59.54694701358676,6186.064171954058,0.3559886245056987,block1:zero_tool,fcfs,mixed,1785143971.028516,1785143971.0288725,1785143971.0884295,1785143977.2149465,,,
block1-001168,386.8123018182814,1416.9331137090921,32,52.5,386.32847706321627,1416.449288954027,0.4838247550651431,block1:s3,fcfs,mixed,1785143971.078969,1785143971.0794532,1785143971.4659452,1785143972.496066,,,
block1-001169,59.30476076900959,5805.936133721843,137,10.0,58.911317959427834,5805.542690912262,0.3934428095817566,block1:zero_tool,fcfs,mixed,1785143971.5241868,1785143971.5245802,1785143971.5835016,1785143977.330133,,,
block1-001170,776.9179751630872,2186.727238120511,48,15.0,776.6061950242147,2186.4154579816386,0.31178013887256384,block1:s3,fcfs,mixed,1785143971.6606984,1785143971.661011,1785143972.4376307,1785143973.8474402,,,
block1-001171,765.0615448364988,2139.6132628433406,48,10.0,764.4403640879318,2138.9920820947737,0.6211807485669851,block1:s3,fcfs,mixed,1785143971.9581425,1785143971.9587648,1785143972.7232213,1785143974.0977728,,,
block1-001172,766.8476299149916,2136.475010891445,48,17.5,765.1813609991223,2134.8087419755757,1.6662689158692956,block1:s3,fcfs,mixed,1785143971.9793234,1785143971.98099,1785143972.746182,1785143974.1158087,,,
block1-001173,68.34999215789139,5889.343404211104,141,140.0,68.08838597498834,5889.081798028201,0.2616061829030514,block1:zero_tool,fcfs,mixed,1785143972.1224642,1785143972.1227262,1785143972.190823,1785143978.0118167,,,
block1-001174,769.4069861900061,2032.9831432318315,46,132.5,768.8910430297256,2032.467200071551,0.5159431602805853,block1:s3,fcfs,mixed,1785143972.56206,1785143972.5625763,1785143973.3314745,1785143974.5950506,,,
block1-001175,742.6806734874845,2131.978616467677,48,20.0,742.4075960880145,2131.705539068207,0.27307739946991205,block1:s3,fcfs,mixed,1785143972.7074814,1785143972.707755,1785143973.4501715,1785143974.8394692,,,
block1-001176,767.7466992754489,2103.891810285859,48,25.0,766.6375970002264,2102.7827080106363,1.10910227522254,block1:s4,fcfs,mixed,1785143973.155731,1785143973.1568413,1785143973.9234962,1785143975.2596414,,,
block1-001177,729.7366627026349,2102.9592836275697,48,60.0,728.5236190073192,2101.746239932254,1.2130436953157187,block1:s4,fcfs,mixed,1785143973.4057524,1785143973.406966,1785143974.1355002,1785143975.5087228,,,
block1-001178,685.2171797072515,2072.347216773778,48,282.5,684.3736559385434,2071.50369300507,0.8435237687081099,block1:s4,fcfs,mixed,1785143973.6962247,1785143973.6970682,1785143974.381452,1785143975.768582,,,
block1-001179,780.8099290123209,2093.7328960280865,48,20.0,779.8388249939308,2092.7617920096964,0.9711040183901787,block1:s4,fcfs,mixed,1785143974.440548,1785143974.441519,1785143975.2213655,1785143976.5342886,,,
block1-001180,737.5529374694452,2054.3749245116487,48,17.5,736.4471199689433,2053.269107011147,1.105817500501871,block1:s4,fcfs,mixed,1785143974.5405526,1785143974.5416596,1785143975.2781217,1785143976.5949438,,,
block1-001181,737.7886241301894,2017.97479018569,48,117.5,736.817548982799,2017.0037150382996,0.9710751473903656,block1:s4,fcfs,mixed,1785143974.7503211,1785143974.7512925,1785143975.488118,1785143976.768304,,,
block1-001182,61.37064809445292,6680.465843062848,161,15.0,60.306624975055456,6679.40181994345,1.0640231193974614,block1:zero_tool,fcfs,mixed,1785143975.045756,1785143975.0468206,1785143975.1072774,1785143981.726372,,,
block1-001183,732.5511326780543,2021.4062767336145,48,95.0,730.5207339813933,2019.3758780369535,2.0303986966609955,block1:s4,fcfs,mixed,1785143975.3089623,1785143975.310993,1785143976.041523,1785143977.3303778,,,
block1-001184,90.77507944311947,13504.024888505228,323,320.0,89.78968299925327,13503.039492061362,0.9853964438661933,block1:zero_tool,fcfs,mixed,1785143975.341282,1785143975.3422673,1785143975.432065,1785143988.845315,,,
block1-001185,578.9270048262551,1514.3894338980317,37,140.0,578.2478519249707,1513.7102809967473,0.6791529012843966,block1:s1,fcfs,mixed,1785143975.6283832,1785143975.6290627,1785143976.2073183,1785143977.1427813,,,
block1-001186,79.97885812073946,5844.24245916307,143,17.5,78.92835896927863,5843.191960011609,1.0504991514608264,block1:zero_tool,fcfs,mixed,1785143975.6320736,1785143975.6331244,1785143975.7120607,1785143981.4763248,,,
block1-001187,565.4029750730842,1533.7103541241959,37,297.5,563.7794269714504,1532.086806022562,1.6235481016337872,block1:s1,fcfs,mixed,1785143975.7965493,1785143975.798173,1785143976.3619611,1785143977.3302684,,,
block1-001188,399.8560339678079,1597.3261089529842,39,170.0,398.48601701669395,1595.9560920018703,1.3700169511139393,block1:s1,fcfs,mixed,1785143975.8074088,1785143975.8087795,1785143976.2072744,1785143977.4047444,,,
block1-001189,72.73919077124447,2459.7761697368696,61,12.5,71.89275603741407,2458.9297350030392,0.8464347338303924,block1:s1,fcfs,mixed,1785143975.91065,1785143975.911497,1785143975.9834044,1785143978.370441,,,
block1-001190,72.94387312140316,2824.5573801686987,69,320.0,71.9096859684214,2823.523193015717,1.0341871529817581,block1:s1,fcfs,mixed,1785143976.0571282,1785143976.0581627,1785143976.130083,1785143978.8816962,,,
block1-001191,75.19757666159421,6929.182329680771,165,152.5,74.20170097611845,6928.186453995295,0.9958756854757667,block1:zero_tool,fcfs,mixed,1785143976.560512,1785143976.5615082,1785143976.635854,1785143983.4898388,,,
block1-001192,458.07502302341163,1668.414985993877,40,172.5,457.18450495041907,1667.5244679208845,0.8905180729925632,block1:s2,fcfs,mixed,1785143976.871565,1785143976.8724577,1785143977.3296642,1785143978.540005,,,
block1-001193,454.2650586226955,1703.8218876114115,40,60.0,453.3161240397021,1702.8729530284181,0.9489345829933882,block1:s2,fcfs,mixed,1785143976.9501007,1785143976.95105,1785143977.404376,1785143978.6539328,,,
block1-001194,89.87030549906194,2583.282336476259,64,115.0,89.31191405281425,2582.7239450300112,0.5583914462476969,block1:s2,fcfs,mixed,1785143977.1246824,1785143977.125241,1785143977.2145615,1785143979.7079735,,,
block1-001195,54.626069497317076,21508.699238533154,510,52.5,53.58021997381002,21507.653389009647,1.0458495235070586,block1:zero_tool,fcfs,mixed,1785143977.4473503,1785143977.4483962,1785143977.5019958,1785143998.9560688,,,
block1-001196,520.612483844161,1500.770513783209,36,107.5,520.2459020074457,1500.4039319464937,0.3665818367153406,block1:s2,fcfs,mixed,1785143977.907199,1785143977.9075658,1785143978.4278197,1785143979.407978,,,
block1-001197,818.8321630004793,2023.8334280438721,49,10.0,818.2856909697875,2023.2869560131803,0.5464720306918025,block1:s2,fcfs,mixed,1785143978.438577,1785143978.4391236,1785143979.257416,1785143980.4624174,,,
block1-001198,101.13243071828038,2571.914935717359,64,412.5,100.75078601948917,2571.533291018568,0.3816446987912059,block1:s2,fcfs,mixed,1785143978.4729607,1785143978.473344,1785143978.574112,1785143981.0448945,,,
block1-001199,346.2962880730629,1248.4149869997054,31,17.5,345.17432504799217,1247.2930239746347,1.1219630250707269,block1:s2,fcfs,mixed,1785143978.496941,1785143978.4980633,1785143978.843254,1785143979.745373,,,
block1-001200,717.4646062776446,2185.4039252502844,48,15.0,716.5708669926971,2184.510185965337,0.8937392849475145,block1:s3,fcfs,mixed,1785143979.7806723,1785143979.7815661,1785143980.4981441,1785143981.9660835,,,
block1-001201,68.8774996669963,5607.666287687607,129,572.5,67.77993589639664,5606.568723917007,1.0975637705996633,block1:zero_tool,fcfs,mixed,1785143979.9214783,1785143979.9225764,1785143979.9903655,1785143985.529154,,,
block1-001202,606.2071988126263,1749.9818528303877,38,485.0,605.134435929358,1748.9090899471194,1.0727628832682967,block1:s3,fcfs,mixed,1785143980.0241244,1785143980.0251973,1785143980.6303387,1785143981.7741132,,,
block1-001203,630.9685226297006,1988.8099066447467,41,155.0,629.8673870041966,1987.7087710192427,1.1011356255039573,block1:s3,fcfs,mixed,1785143981.1430397,1785143981.144141,1785143981.7740157,1785143983.1318572,,,
block1-001204,941.007511341013,2273.4539173543453,48,117.5,940.434055053629,2272.8804610669613,0.5734562873840332,block1:s3,fcfs,mixed,1785143981.1774166,1785143981.1779902,1785143982.1184306,1785143983.450877,,,
block1-001205,875.5020429380238,2213.181115919724,48,287.5,874.9221740290523,2212.6012470107526,0.5798689089715481,block1:s3,fcfs,mixed,1785143981.3580384,1785143981.3586192,1785143982.233551,1785143983.5712302,,,
block1-001206,1006.8878304446116,1993.76142246183,43,177.5,1006.2530760187656,1993.126668035984,0.6347544258460402,block1:s3,fcfs,mixed,1785143981.4572427,1785143981.4578779,1785143982.464141,1785143983.4510145,,,
block1-001207,121.60729605238885,5573.2791820773855,128,60.0,121.29381694830954,5572.965702973306,0.3134791040793061,block1:zero_tool,fcfs,mixed,1785143981.4662278,1785143981.4665413,1785143981.5878422,1785143987.039514,,,
block1-001208,842.4638600554317,2180.9658020501956,48,105.0,842.0087629929185,2180.5107049876824,0.45509706251323223,block1:s4,fcfs,mixed,1785143981.4685922,1785143981.4690475,1785143982.3110633,1785143983.6495652,,,
block1-001209,126.06860708910972,6315.336038125679,148,105.0,125.13925693929195,6314.406687975861,0.9293501498177648,block1:zero_tool,fcfs,mixed,1785143981.5106914,1785143981.5116212,1785143981.6367993,1785143987.826067,,,
block1-001210,94.12610263098031,6516.336898668669,155,107.5,93.47665298264474,6515.687449020334,0.6494496483355761,block1:zero_tool,fcfs,mixed,1785143981.6324863,1785143981.633136,1785143981.7266202,1785143988.1488307,,,
block1-001211,747.9590465081856,2085.6019294587895,48,545.0,747.277601971291,2084.920484921895,0.6814445368945599,block1:s4,fcfs,mixed,1785143981.642603,1785143981.6432846,1785143982.3905706,1785143983.7282135,,,
block1-001212,69.96181514114141,5715.342372073792,135,10.0,69.55867202486843,5714.939228957519,0.40314311627298594,block1:zero_tool,fcfs,mixed,1785143981.764124,1785143981.7645273,1785143981.8340933,1785143987.4794738,,,
block1-001213,102.33469924423844,8186.837968183681,196,60.0,100.08236800786108,8184.585636947304,2.2523312363773584,block1:zero_tool,fcfs,mixed,1785143981.8601103,1785143981.8623633,1785143981.9624596,1785143990.0469627,,,
block1-001214,53.777042659930885,7042.784704710357,167,12.5,52.936061983928084,7041.943724034354,0.8409806760028005,block1:zero_tool,fcfs,mixed,1785143981.9120433,1785143981.9128845,1785143981.965828,1785143988.9548354,,,
block1-001215,756.5048214746639,2086.5017424803227,48,52.5,755.5169319966808,2085.5138530023396,0.9878894779831171,block1:s4,fcfs,mixed,1785143981.9878538,1785143981.9888427,1785143982.7443752,1785143984.0743725,,,
block1-001216,586.1920092720538,1886.649822234176,43,10.0,585.248384042643,1885.7061970047653,0.9436252294108272,block1:s1,fcfs,mixed,1785143982.3549228,1785143982.3558667,1785143982.9411237,1785143984.2415822,,,
block1-001217,103.80786354653537,2873.284722561948,66,155.0,103.35183003917336,2872.828689054586,0.4560335073620081,block1:s1,fcfs,mixed,1785143982.3798904,1785143982.3803465,1785143982.4837072,1785143985.2531838,,,
block1-001218,600.7172948447987,1893.6155159026384,44,152.5,599.8015980003402,1892.6998190581799,0.91569684445858,block1:s1,fcfs,mixed,1785143982.6200337,1785143982.6209497,1785143983.2207594,1785143984.5136573,,,
block1-001219,72.40407820791006,14485.03084818367,343,395.0,71.90742599777877,14484.534195973538,0.4966522101312876,block1:zero_tool,fcfs,mixed,1785143982.6720402,1785143982.672537,1785143982.7444534,1785143997.1570802,,,
block1-001220,64.82346239499748,6495.75953441672,155,280.0,64.53919399064034,6495.475266012363,0.2842684043571353,block1:zero_tool,fcfs,mixed,1785143982.9592347,1785143982.9595191,1785143983.024067,1785143989.4550028,,,
block1-001221,78.0318359611556,2593.498817877844,60,152.5,77.68876198679209,2593.1557439034805,0.34307397436350584,block1:s1,fcfs,mixed,1785143983.0137913,1785143983.0141375,1785143983.0918558,1785143985.6073227,,,
block1-001222,729.436123627238,2078.653348609805,47,820.0,728.2810070319101,2077.4982320144773,1.1551165953278542,block1:s1,fcfs,mixed,1785143983.1143992,1785143983.115555,1785143983.8438532,1785143985.1930711,,,
block1-001223,57.485744007863104,6078.535547945648,145,135.0,56.34261399973184,6077.392417937517,1.1431300081312656,block1:zero_tool,fcfs,mixed,1785143983.207415,1785143983.208559,1785143983.2649221,1785143989.2859719,,,
block1-001224,73.99286155123264,7148.891352582723,171,60.0,73.44511291012168,7148.343603941612,0.5477486411109567,block1:zero_tool,fcfs,mixed,1785143983.255637,1785143983.2561848,1785143983.3296394,1785143990.4045382,,,
block1-001225,522.6026466116309,1838.5989816160873,42,395.0,522.1551870927215,1838.1515220971778,0.44745951890945435,block1:s2,fcfs,mixed,1785143983.492624,1785143983.4930716,1785143984.0152347,1785143985.3312309,,,
block1-001226,630.62774669379,1648.92066270113,37,15.0,630.1692050183192,1648.4621210256591,0.4585416754707694,block1:s2,fcfs,mixed,1785143983.8435307,1785143983.8439891,1785143984.4741652,1785143985.4924583,,,
block1-001227,89.05091532506049,2974.8016602825373,69,485.0,88.26038602273911,2974.011130980216,0.7905293023213744,block1:s2,fcfs,mixed,1785143984.0574307,1785143984.0582216,1785143984.1464896,1785143987.0322404,,,
block1-001228,492.0361080439761,1512.1088391169906,35,395.0,491.5436099981889,1511.6163410712034,0.49249804578721523,block1:s2,fcfs,mixed,1785143984.1766632,1785143984.1771557,1785143984.6687078,1785143985.688781,,,
block1-001229,651.6691340366378,1931.466166046448,44,545.0,650.8700149133801,1930.6670469231904,0.7991191232576966,block1:s2,fcfs,mixed,1785143984.679019,1785143984.6798182,1785143985.3306985,1785143986.610495,,,
block1-001230,99.01601658202708,2692.7006975747645,64,10.0,98.01696299109608,2691.7016439838335,0.9990535909309983,block1:s2,fcfs,mixed,1785143984.883172,1785143984.8841715,1785143984.9821985,1785143987.5758832,,,
block1-001231,594.1054018912837,1638.4793039178476,37,105.0,593.3355239685625,1637.7094259951264,0.7698779227212071,block1:s2,fcfs,mixed,1785143984.914547,1785143984.9153175,1785143985.5086613,1785143986.5530355,,,
block1-001232,60.56467245798558,7938.395113567822,194,287.5,59.79371489956975,7937.624156009406,0.7709575584158301,block1:zero_tool,fcfs,mixed,1785143985.3129897,1785143985.313761,1785143985.373563,1785143993.2513936,,,
block1-001233,744.0638625994325,2019.6471945382655,48,320.0,743.6422690516338,2019.2256009904668,0.4215935477986932,block1:s3,fcfs,mixed,1785143985.6360633,1785143985.6364856,1785143986.3801434,1785143987.6557262,,,
block1-001234,737.8746544709429,1971.2955474387854,48,280.0,737.3709760140628,1970.7918689819053,0.5036784568801522,block1:s3,fcfs,mixed,1785143986.0066772,1785143986.0071816,1785143986.7445724,1785143987.9779935,,,
block1-001235,431.67620233725756,1663.8474783394486,41,485.0,430.9889670694247,1663.1602430716157,0.6872352678328753,block1:s3,fcfs,mixed,1785143986.4097638,1785143986.4104512,1785143986.8414495,1785143988.0736208,,,
block1-001236,58.95322095602751,5804.589084000327,142,105.0,57.84585897345096,5803.48172201775,1.107361982576549,block1:zero_tool,fcfs,mixed,1785143986.9804373,1785143986.9815447,1785143987.039433,1785143992.7850688,,,
block1-001237,54.81767188757658,5688.967343885452,139,95.0,54.52716804575175,5688.676840043627,0.2905038418248296,block1:zero_tool,fcfs,mixed,1785143987.5622728,1785143987.5625634,1785143987.6170986,1785143993.2512481,,,
block1-001238,911.17608116474,1825.3922071307898,43,217.5,910.0080659845844,1824.2241919506341,1.1680151801556349,block1:s3,fcfs,mixed,1785143988.1842852,1785143988.185454,1785143989.0954716,1785143990.0096877,,,
block1-001239,769.9940359452739,2068.4229109901935,48,550.0,769.4506269181147,2067.8795019630343,0.543409027159214,block1:s3,fcfs,mixed,1785143988.5534103,1785143988.553954,1785143989.3234127,1785143990.6218417,,,
block1-001240,768.7584162922576,2083.0080532468855,48,117.5,768.4187690028921,2082.66840595752,0.33964728936553,block1:s4,fcfs,mixed,1785143988.573523,1785143988.573863,1785143989.3422925,1785143990.656542,,,
block1-001241,97.77878283057362,4996.819403837435,122,95.0,97.28525404352695,4996.325875050388,0.4935287870466709,block1:zero_tool,fcfs,mixed,1785143988.8572052,1785143988.8576992,1785143988.9549923,1785143993.8540332,,,
block1-001242,687.3848785180598,2074.697128497064,48,15.0,686.8050070479512,2074.1172570269555,0.5798714701086283,block1:s4,fcfs,mixed,1785143988.863772,1785143988.864352,1785143989.5511653,1785143990.9384775,,,
block1-001243,825.1663752598688,2090.682529262267,48,17.5,824.2482639616355,2089.764417964034,0.9181112982332706,block1:s4,fcfs,mixed,1785143990.1888075,1785143990.1897256,1785143991.0139828,1785143992.2794988,,,
block1-001244,805.2538335323334,2087.759885471314,48,85.0,804.2528330115601,2086.758884950541,1.001000520773232,block1:s4,fcfs,mixed,1785143990.2266464,1785143990.2276475,1785143991.031908,1785143992.314414,,,
block1-001245,67.53660191316158,6313.03905590903,147,485.0,66.31555897183716,6311.818012967706,1.2210429413244128,block1:zero_tool,fcfs,mixed,1785143990.5128877,1785143990.514109,1785143990.5804324,1785143996.825935,,,
block1-001246,771.8686647713184,2030.855894787237,48,15.0,771.2595309130847,2030.2467609290034,0.6091338582336903,block1:s4,fcfs,mixed,1785143990.563913,1785143990.5645225,1785143991.3357904,1785143992.5947773,,,
block1-001247,743.7485345872119,2001.3869866961613,48,92.5,742.6516509149224,2000.2901030238718,1.0968836722895503,block1:s4,fcfs,mixed,1785143990.610422,1785143990.6115186,1785143991.354179,1785143992.6118174,,,
block1-001248,103.98231353610754,4587.855668505654,112,187.5,103.45992899965495,4587.333283969201,0.5223845364525914,block1:zero_tool,fcfs,mixed,1785143990.6454873,1785143990.64601,1785143990.749476,1785143995.2333496,,,
block1-001249,118.66795178502798,8389.04244475998,197,20.0,118.4001830406487,8388.7746760156,0.267768744379282,block1:zero_tool,fcfs,mixed,1785143990.7016551,1785143990.7019231,1785143990.8203297,1785143999.0907042,,,
block1-001250,54.697799729183316,6582.213618676178,154,287.5,54.52050804160535,6582.0363269886,0.17729168757796288,block1:zero_tool,fcfs,mixed,1785143990.7695062,1785143990.7696836,1785143990.8242104,1785143997.3517272,,,
block1-001251,98.45798183232546,9133.753827773035,217,177.5,97.97837305814028,9133.27421899885,0.47960877418518066,block1:zero_tool,fcfs,mixed,1785143991.1577973,1785143991.158277,1785143991.2562635,1785144000.2915595,,,
block1-001252,392.06430269405246,1573.2907108031213,39,170.0,391.02069300133735,1572.2471011104062,1.0436096927151084,block1:s1,fcfs,mixed,1785143991.1738362,1785143991.1748803,1785143991.565909,1785143992.747135,,,
block1-001253,69.32479457464069,2472.130302572623,60,280.0,68.88317305129021,2471.6886810492724,0.4416215233504772,block1:s1,fcfs,mixed,1785143991.6411512,1785143991.641593,1785143991.710486,1785143994.113291,,,
block1-001254,547.9558985680342,1504.7311695525423,37,320.0,547.0376840094104,1503.8129549939185,0.9182145586237311,block1:s1,fcfs,mixed,1785143992.0462825,1785143992.0472007,1785143992.594276,1785143993.5510514,,,
block1-001255,71.48426258936524,7411.838737665676,173,280.0,70.82055800128728,7411.175033077598,0.6637045880779624,block1:zero_tool,fcfs,mixed,1785143992.2495997,1785143992.2502637,1785143992.3210936,1785143999.661448,,,
block1-001256,405.94980982132256,1717.1922118868679,40,160.0,405.6473569944501,1716.8897590599954,0.302452826872468,block1:s2,fcfs,mixed,1785143992.530473,1785143992.5307755,1785143992.9364297,1785143994.2476723,,,
block1-001257,67.60505796410143,4993.49674792029,112,107.5,65.68539107684046,4991.577081033029,1.9196668872609735,block1:zero_tool,fcfs,mixed,1785143992.9107091,1785143992.912629,1785143992.9783213,1785143997.904213,,,
block1-001258,55.020321044139564,6885.344921029173,160,287.5,54.18613797519356,6884.510737960227,0.8341830689460039,block1:zero_tool,fcfs,mixed,1785143993.003388,1785143993.0042222,1785143993.0584161,1785143999.8887408,,,
block1-001259,89.95924761984497,2939.4264006987214,69,282.5,89.56989296711981,2939.0370460459962,0.3893546527251601,block1:s2,fcfs,mixed,1785143993.2319658,1785143993.2323554,1785143993.321933,1785143996.1714005,,,
block1-001260,89.50003504287452,6090.617064968683,140,75.0,88.71561498381197,6089.83264490962,0.7844200590625405,block1:zero_tool,fcfs,mixed,1785143993.57096,1785143993.5717447,1785143993.6604702,1785143999.661587,,,
block1-001261,53.23942401446402,6832.173226983286,160,95.0,52.476653014309704,6831.410455983132,0.7627710001543164,block1:zero_tool,fcfs,mixed,1785143993.609041,1785143993.609804,1785143993.6622913,1785144000.441225,,,
block1-001262,102.34179231338203,2945.1257513137534,64,177.5,100.63152597285807,2943.4154849732295,1.7102663405239582,block1:s2,fcfs,mixed,1785143993.8431754,1785143993.844886,1785143993.9455261,1785143996.7883098,,,
block1-001263,486.3833272829652,1450.1476013101637,34,572.5,485.9831319190562,1449.7474059462547,0.4001953639090061,block1:s2,fcfs,mixed,1785143993.9940605,1785143993.9944608,1785143994.480452,1785143995.4442165,,,
block1-001264,706.9036596221849,2048.9537556422874,48,15.0,706.0398689936846,2048.089965013787,0.8637906285002828,block1:s3,fcfs,mixed,1785143994.1226542,1785143994.1235182,1785143994.8295655,1785143996.1716158,,,
block1-001265,62.80674447771162,5737.621065462008,134,20.0,62.53878795541823,5737.353108939715,0.26795652229338884,block1:zero_tool,fcfs,mixed,1785143994.2260196,1785143994.2262878,1785143994.288835,1785143999.9636493,,,
block1-001266,59.59419265855104,6855.339162633754,161,297.5,58.94308700226247,6854.688056977466,0.6511056562885642,block1:zero_tool,fcfs,mixed,1785143994.4798236,1785143994.4804747,1785143994.539453,1785144001.335198,,,
block1-001267,433.3526841364801,1936.7884191451594,39,15.0,432.8338810009882,1936.2696160096675,0.5188031354919076,block1:s3,fcfs,mixed,1785143995.2400665,1785143995.2405856,1785143995.6734278,1785143997.1768634,,,
block1-001268,815.8538326388225,2375.8847796125337,48,550.0,814.8385239765048,2374.869470950216,1.0153086623176932,block1:s3,fcfs,mixed,1785143995.721733,1785143995.7227488,1785143996.5375946,1785143998.0976253,,,
block1-001269,668.4086376335472,2150.2665646839887,43,17.5,667.3366519389674,2149.194578989409,1.07198569457978,block1:s3,fcfs,mixed,1785143995.8692985,1785143995.8703709,1785143996.5377164,1785143998.0195746,,,
block1-001270,67.91129987686872,6631.524169817567,157,572.5,66.74319796729833,6630.3560679079965,1.168101909570396,block1:zero_tool,fcfs,mixed,1785143996.200882,1785143996.2020502,1785143996.2688015,1785144002.8324142,,,
block1-001271,708.190301200375,2132.153488113545,43,287.5,707.9159240238369,2131.8791109370068,0.2743771765381098,block1:s3,fcfs,mixed,1785143996.2736955,1785143996.27397,1785143996.9818945,1785143998.4058578,,,
block1-001272,952.685197815299,2320.3677918063477,48,100.0,950.8192939683795,2318.501887959428,1.8659038469195366,block1:s4,fcfs,mixed,1785143996.3021646,1785143996.3040307,1785143997.2548587,1785143998.622541,,,
block1-001273,930.7637056335807,2242.522534681484,48,10.0,929.8495349939913,2241.6083640418947,0.9141706395894289,block1:s4,fcfs,mixed,1785143996.5166745,1785143996.5175893,1785143997.447447,1785143998.7592053,,,
block1-001274,937.9062610678375,2250.1028490951285,48,117.5,937.1080480050296,2249.3046360323206,0.7982130628079176,block1:s4,fcfs,mixed,1785143996.5288892,1785143996.5296876,1785143997.4668012,1785143998.7789974,,,
block1-001275,925.5428938195109,2237.2551828157157,48,15.0,925.1499669626355,2236.8622559588403,0.3929268568754196,block1:s4,fcfs,mixed,1785143996.541451,1785143996.541844,1785143997.467,1785143998.7787125,,,
block1-001276,906.7549720639363,2218.951990013011,48,115.0,906.4304219791666,2218.627439928241,0.3245500847697258,block1:s4,fcfs,mixed,1785143996.5794992,1785143996.579824,1785143997.4862611,1785143998.798458,,,
block1-001277,811.7371470434591,2096.1212019901723,48,20.0,810.4627849534154,2094.8468399001285,1.2743620900437236,block1:s4,fcfs,mixed,1785143996.975209,1785143996.9764833,1785143997.786966,1785143999.0713499,,,
block1-001278,781.9880036404356,2056.3097136327997,48,105.0,781.2072950182483,2055.5290050106123,0.780708622187376,block1:s4,fcfs,mixed,1785143997.1782534,1785143997.179034,1785143997.9602478,1785143999.2345698,,,
block1-001279,748.5647144494578,2065.9302894491702,49,282.5,748.3639849815518,2065.729559981264,0.20072946790605783,block1:s4,fcfs,mixed,1785143997.2709024,1785143997.2711034,1785143998.0194762,1785143999.3368418,,,
block1-001280,584.3117388430983,1780.59710690286,43,15.0,583.9819340035319,1780.2673020632938,0.32980483956635,block1:s1,fcfs,mixed,1785143997.6896298,1785143997.68996,1785143998.2739513,1785143999.4702368,,,
block1-001281,560.9984451439232,1743.4449781430885,43,10.0,560.6622999766842,1743.1088329758495,0.33614516723901033,block1:s1,fcfs,mixed,1785143997.8998306,1785143997.900167,1785143998.4608366,1785143999.6432831,,,
block1-001282,53.50619391538203,5033.282112912275,126,15.0,52.509312983602285,5032.285231980495,0.9968809317797422,block1:zero_tool,fcfs,mixed,1785143997.9467938,1785143997.947791,1785143998.0003078,1785144002.9800835,,,
block1-001283,571.9047265592963,1495.067007606849,37,395.0,571.7758439714089,1494.9381250189617,0.12888258788734674,block1:s1,fcfs,mixed,1785143998.3004224,1785143998.3005514,1785143998.8723342,1785143999.7954967,,,
block1-001284,499.845463084057,1434.6787851536646,36,140.0,499.0064899902791,1433.8398120598868,0.838973093777895,block1:s1,fcfs,mixed,1785143998.4364455,1785143998.4372847,1785143998.9362998,1785143999.871133,,,
block1-001285,62.80081288423389,6861.610105959699,167,117.5,62.47249897569418,6861.281792051159,0.32831390853971243,block1:zero_tool,fcfs,mixed,1785143998.8165789,1785143998.8169072,1785143998.879386,1785144005.6781955,,,
block1-001286,422.0003312220797,1593.7923891469836,40,307.5,421.5629070531577,1593.3549649780616,0.4374241689220071,block1:s1,fcfs,mixed,1785143999.1065042,1785143999.1069417,1785143999.528512,1785144000.7003043,,,
block1-001287,55.33394415397197,5180.435739224777,129,297.5,54.87683694809675,5179.978632018901,0.4571072058752179,block1:zero_tool,fcfs,mixed,1785143999.240442,1785143999.2408993,1785143999.2957833,1785144004.420885,,,
block1-001288,66.75051152706146,5671.985549503006,140,95.0,66.01747102104127,5671.252508996986,0.7330405060201883,block1:zero_tool,fcfs,mixed,1785143999.3854396,1785143999.3861728,1785143999.4521973,1785144005.0574324,,,
block1-001289,400.80778405535966,1676.8376181134954,40,10.0,400.41812893468887,1676.4479629928246,0.38965512067079544,block1:s2,fcfs,mixed,1785144000.0030427,1785144000.0034325,1785144000.4038587,1785144001.6798885,,,
block1-001290,55.71433249861002,5930.984354461543,142,10.0,55.01421703957021,5930.284239002503,0.7001154590398073,block1:zero_tool,fcfs,mixed,1785144000.0850675,1785144000.0857685,1785144000.1407924,1785144006.0160623,,,
block1-001291,588.5158731834963,1802.4736481020227,43,12.5,588.2332330802456,1802.191007998772,0.28264010325074196,block1:s2,fcfs,mixed,1785144000.4472537,1785144000.4475365,1785144001.0357893,1785144002.2497473,,,
block1-001292,540.4971902025864,1491.104164160788,36,287.5,540.188109036535,1490.7950829947367,0.3090811660513282,block1:s2,fcfs,mixed,1785144000.8508146,1785144000.8511238,1785144001.391318,1785144002.341925,,,
block1-001293,603.3629854209721,1776.8015475012362,44,282.5,602.7990779839456,1776.2376400642097,0.5639074370265007,block1:s2,fcfs,mixed,1785144000.9043136,1785144000.9048777,1785144001.5076833,1785144002.681122,,,
block1-001294,632.6211568666622,1540.4975238488987,38,350.0,631.8183769471943,1539.6947439294308,0.8027799194678664,block1:s2,fcfs,mixed,1785144001.0473557,1785144001.0481584,1785144001.6799867,1785144002.5878632,,,
block1-001295,67.35532265156507,13301.05378467124,317,177.5,67.13090697303414,13300.829368992709,0.22441567853093147,block1:zero_tool,fcfs,mixed,1785144001.3846407,1785144001.3848653,1785144001.452004,1785144014.6857023,,,
block1-001296,382.18496600165963,1324.6930689783767,32,297.5,381.1106950743124,1323.6187980510294,1.0742709273472428,block1:s3,fcfs,mixed,1785144001.5616877,1785144001.5627623,1785144001.9438813,1785144002.8863893,,,
block1-001297,56.003466132096946,5330.0075341248885,129,12.5,55.7828739983961,5329.786941991188,0.22059213370084763,block1:zero_tool,fcfs,mixed,1785144002.0616505,1785144002.061871,1785144002.1176608,1785144007.391665,,,
block1-001298,609.872062690556,1616.5550086880103,38,15.0,609.1083420906216,1615.7912880880758,0.7637205999344587,block1:s3,fcfs,mixed,1785144002.7478783,1785144002.7486422,1785144003.3577583,1785144004.3644414,,,
block1-001299,682.332317577675,2141.5571155957878,48,140.0,680.8230869937688,2140.0478850118816,1.5092305839061737,block1:s3,fcfs,mixed,1785144003.330417,1785144003.3319263,1785144004.0127573,1785144005.4719822,,,
block1-001300,540.7040077261627,1986.924166791141,42,152.5,539.6561799570918,1985.8763390220702,1.0478277690708637,block1:s3,fcfs,mixed,1785144003.9727643,1785144003.9738123,1785144004.5134768,1785144005.9596972,,,
block1-001301,751.7519034445286,2087.31294143945,46,350.0,750.6236680783331,2086.1847060732543,1.1282353661954403,block1:s3,fcfs,mixed,1785144004.230523,1785144004.2316515,1785144004.9822838,1785144006.3178446,,,
block1-001302,820.2605351107195,2087.2241591569036,46,25.0,819.4917709333822,2086.4553949795663,0.7687641773372889,block1:s3,fcfs,mixed,1785144004.558032,1785144004.5588012,1785144005.378301,1785144006.6452649,,,
block1-001303,519.5626502390951,1936.2678511533886,43,117.5,518.3211420662701,1935.0263429805636,1.2415081728249788,block1:s3,fcfs,mixed,1785144004.7286665,1785144004.7299082,1785144005.2482378,1785144006.6649435,,,
block1-001304,854.1516001569107,2097.7144301868975,48,320.0,853.2789089949802,2096.841739024967,0.8726911619305611,block1:s4,fcfs,mixed,1785144005.1619866,1785144005.1628594,1785144006.016146,1785144007.2597086,,,
block1-001305,861.0040405765176,2105.859297560528,48,357.5,860.1841719355434,2105.0394289195538,0.819868640974164,block1:s4,fcfs,mixed,1785144005.1738052,1785144005.1746254,1785144006.0348165,1785144007.279672,,,
block1-001306,776.9580819876865,2021.2926709791645,48,820.0,775.7668769918382,2020.1014659833163,1.1912049958482385,block1:s4,fcfs,mixed,1785144005.2955542,1785144005.2967455,1785144006.0725205,1785144007.316855,,,
block1-001307,56.97512498591095,7795.758777996525,184,75.0,56.165874004364014,7794.949527014978,0.8092509815469384,block1:zero_tool,fcfs,mixed,1785144005.4743938,1785144005.4752033,1785144005.5313768,1785144013.2701604,,,
block1-001308,101.06056928634644,6748.004414257593,158,572.5,98.97940000519156,6745.923244976439,2.081169281154871,block1:zero_tool,fcfs,mixed,1785144005.577004,1785144005.5790854,1785144005.678099,1785144012.3250427,,,
block1-001309,84.4329681713134,6639.620636124164,156,115.0,83.5268470691517,6638.714515022002,0.9061211021617055,block1:zero_tool,fcfs,mixed,1785144005.628524,1785144005.6294303,1785144005.7129657,1785144012.2681532,,,
block1-001310,707.0238285232335,1971.4239295572042,48,350.0,706.8911929382011,1971.2912939721718,0.13263558503240347,block1:s4,fcfs,mixed,1785144005.6297393,1785144005.6298718,1785144006.3367682,1785144007.6011684,,,
block1-001311,718.3273211121559,2001.6734750242904,48,22.5,717.2985780052841,2000.6447319174185,1.0287431068718433,block1:s4,fcfs,mixed,1785144005.6367354,1785144005.6377645,1785144006.3550699,1785144007.6384163,,,
block1-001312,534.7098389174789,1702.2194139426574,43,572.5,534.2812130693346,1701.7907880945131,0.42862584814429283,block1:s1,fcfs,mixed,1785144006.46937,1785144006.4697986,1785144007.0040867,1785144008.1715963,,,
block1-001313,535.5788272572681,1722.7646942483261,43,217.5,535.0806209025905,1722.2664878936484,0.49820635467767715,block1:s1,fcfs,mixed,1785144007.0097468,1785144007.0102448,1785144007.5453324,1785144008.7325184,,,
block1-001314,53.77274798229337,14055.459472932853,331,95.0,53.245811024680734,14054.93253597524,0.5269369576126337,block1:zero_tool,fcfs,mixed,1785144007.492198,1785144007.4927251,1785144007.5459783,1785144021.547665,,,
block1-001315,662.6810661982745,1690.5612491536885,40,15.0,661.7562130559236,1689.6363960113376,0.9248531423509121,block1:s1,fcfs,mixed,1785144007.5433257,1785144007.544251,1785144008.206016,1785144009.2338963,,,
block1-001316,392.16501265764236,1667.8136236732826,39,105.0,391.620228998363,1667.2688400140032,0.5447836592793465,block1:s1,fcfs,mixed,1785144007.5487044,1785144007.5492496,1785144007.940877,1785144009.216526,,,
block1-001317,88.39917974546552,7153.00996566657,167,15.0,87.33997808303684,7151.950764004141,1.059201662428677,block1:zero_tool,fcfs,mixed,1785144007.5528684,1785144007.5539277,1785144007.641275,1785144014.7058852,,,
block1-001318,58.78169508650899,8520.0856650481,197,280.0,58.214628021232784,8519.518597982824,0.5670670652762055,block1:zero_tool,fcfs,mixed,1785144007.9234235,1785144007.9239907,1785144007.982213,1785144016.443517,,,
block1-001319,76.50870038196445,2675.7730273529887,60,10.0,75.25941706262529,2674.5237440336496,1.2492833193391562,block1:s1,fcfs,mixed,1785144008.1460176,1785144008.147267,1785144008.2225564,1785144010.8218207,,,
block1-001320,461.2555004423484,1833.4150874288753,40,187.5,459.83171404805034,1831.9913010345772,1.4237863942980766,block1:s2,fcfs,mixed,1785144008.5327806,1785144008.5342047,1785144008.9940472,1785144010.366207,,,
block1-001321,67.38361541647464,6117.0954663539305,141,282.5,67.11870699655265,6116.8305579340085,0.2649084199219942,block1:zero_tool,fcfs,mixed,1785144008.568742,1785144008.5690072,1785144008.6361327,1785144014.6858444,,,
block1-001322,621.3867996120825,1693.6648247065023,36,22.5,621.168160927482,1693.4461860219017,0.21863868460059166,block1:s2,fcfs,mixed,1785144008.7615774,1785144008.761796,1785144009.3829722,1785144010.4552503,,,
block1-001323,92.56504743825644,27664.239353500307,653,485.0,91.6832679649815,27663.35757402703,0.8817794732749462,block1:zero_tool,fcfs,mixed,1785144008.7688224,1785144008.7697048,1785144008.8613973,1785144036.4330716,,,
block1-001324,588.762266561389,1683.014347567223,36,160.0,588.0800520535558,1682.33213305939,0.6822145078331232,block1:s2,fcfs,mixed,1785144009.005564,1785144009.0062463,1785144009.594335,1785144010.688587,,,
block1-001325,852.1963651292026,2286.946300067939,49,485.0,851.7401000717655,2286.4900350105017,0.45626505743712187,block1:s2,fcfs,mixed,1785144009.0138705,1785144009.0143268,1785144009.8660736,1785144011.3008232,,,
block1-001326,555.2024472272024,1667.1161461854354,36,282.5,554.5182429486886,1666.4319419069216,0.6842042785137892,block1:s2,fcfs,mixed,1785144009.077348,1785144009.0780327,1785144009.6325595,1785144010.7444735,,,
block1-001327,565.105295390822,1672.8920334717259,37,110.0,563.9819299103692,1671.768667991273,1.123365480452776,block1:s2,fcfs,mixed,1785144009.262713,1785144009.2638364,1785144009.8278265,1785144010.9356132,,,
block1-001328,64.50035644229501,4590.400779386982,106,15.0,64.25025407224894,4590.150677016936,0.25010237004607916,block1:zero_tool,fcfs,mixed,1785144009.6487718,1785144009.649022,1785144009.71328,1785144014.2391803,,,
block1-001329,856.085158069618,2285.026126075536,48,117.5,855.5686109466478,2284.509578952566,0.5165471229702234,block1:s3,fcfs,mixed,1785144009.9828432,1785144009.98336,1785144010.8389378,1785144012.2678783,,,
block1-001330,727.0804777508602,1958.6641447385773,41,145.0,726.843154989183,1958.4268219769,0.23732276167720556,block1:s3,fcfs,mixed,1785144010.112075,1785144010.1123126,1785144010.8391645,1785144012.0707483,,,
block1-001331,811.6863417671993,2238.408515811898,48,12.5,811.4137890515849,2238.1359630962834,0.27255271561443806,block1:s3,fcfs,mixed,1785144010.1242964,1785144010.1245694,1785144010.93599,1785144012.3627121,,,
block1-001332,534.3084135092795,1885.1077714934945,41,20.0,533.282564021647,1884.081922005862,1.025849487632513,block1:s3,fcfs,mixed,1785144010.3245056,1785144010.3255317,1785144010.8588507,1785144012.2096503,,,
block1-001333,658.4466581698507,1945.8702491829172,43,60.0,657.7456030063331,1945.1691940193996,0.7010551635175943,block1:s3,fcfs,mixed,1785144010.607153,1785144010.6078544,1785144011.2656078,1785144012.5530317,,,
block1-001334,786.4335814956576,2159.0185364475474,48,17.5,785.5231310240924,2158.1080859759822,0.9104504715651274,block1:s3,fcfs,mixed,1785144011.0921082,1785144011.0930188,1785144011.8785503,1785144013.2511353,,,
block1-001335,590.3173047117889,1999.9576497357339,44,107.5,589.4264569506049,1999.06680197455,0.8908477611839771,block1:s3,fcfs,mixed,1785144011.092629,1785144011.09352,1785144011.6829512,1785144013.0925915,,,
block1-001336,767.6638120319694,2120.810264139436,48,95.0,767.1673559816554,2120.313808089122,0.4964560503140092,block1:s4,fcfs,mixed,1785144011.1686935,1785144011.1691906,1785144011.9363673,1785144013.2895138,,,
block1-001337,761.5901957033202,2064.2550896154717,48,10.0,760.7782110571861,2063.4431049693376,0.8119846461340785,block1:s4,fcfs,mixed,1785144011.8469934,1785144011.8478055,1785144012.608592,1785144013.9112573,,,
block1-001338,758.6552607826889,2076.814547763206,48,217.5,758.1413079751655,2076.3005949556828,0.5139528075233102,block1:s4,fcfs,mixed,1785144011.8702922,1785144011.8708062,1785144012.628955,1785144013.947114,,,
block1-001339,81.01239637471735,7846.5256474446505,184,485.0,80.45535394921899,7845.968605019152,0.5570424254983664,block1:zero_tool,fcfs,mixed,1785144011.990109,1785144011.9906662,1785144012.0711293,1785144019.8366425,,,
block1-001340,60.79771928489208,5591.11640532501,130,357.5,60.17877405975014,5590.4974600998685,0.6189452251419425,block1:zero_tool,fcfs,mixed,1785144012.1485002,1785144012.1491191,1785144012.2093055,1785144017.7396243,,,
block1-001341,87.86621247418225,5944.231865461916,137,320.0,86.9668290251866,5943.33248201292,0.8993834489956498,block1:zero_tool,fcfs,mixed,1785144012.4047937,1785144012.4056933,1785144012.4926682,1785144018.3490329,,,
block1-001342,58.35765099618584,7147.2926560090855,167,10.0,57.63983994256705,7146.574844955467,0.7178110536187887,block1:zero_tool,fcfs,mixed,1785144012.436111,1785144012.436829,1785144012.494477,1785144019.5834122,,,
block1-001343,102.01514640357345,6012.5237373868,138,15.0,100.55012593511492,6011.058716918342,1.4650204684585333,block1:zero_tool,fcfs,mixed,1785144012.6557589,1785144012.657224,1785144012.7577825,1785144018.6682909,,,
block1-001344,553.522058413364,1757.0201334310696,43,152.5,553.2644549384713,1756.7625299561769,0.2576034748926759,block1:s1,fcfs,mixed,1785144012.6972294,1785144012.6974874,1785144013.2507613,1785144014.4542592,,,
block1-001345,77.02994358260185,2854.430612642318,69,280.0,76.773302978836,2854.173972038552,0.2566406037658453,block1:s1,fcfs,mixed,1785144012.8612628,1785144012.8615196,1785144012.9383304,1785144015.715731,,,
block1-001346,410.45430616941303,1656.655767117627,40,350.0,409.54844502266496,1655.749905970879,0.905861146748066,block1:s1,fcfs,mixed,1785144013.165718,1785144013.1666243,1785144013.576181,1785144014.8223825,,,
block1-001347,659.4506577821448,1840.462747728452,45,177.5,659.04588799458,1840.0579779408872,0.4047697875648737,block1:s1,fcfs,mixed,1785144013.6143248,1785144013.6147296,1785144014.273783,1785144015.4547954,,,
block1-001348,511.77724299486727,1480.589848011732,36,550.0,510.733327944763,1479.5459329616278,1.0439150501042604,block1:s1,fcfs,mixed,1785144013.6875796,1785144013.6886237,1785144014.1993663,1785144015.168179,,,
block1-001349,73.21818929631263,2741.0479843383655,62,20.0,72.29811395518482,2740.1279089972377,0.9200753411278129,block1:s1,fcfs,mixed,1785144013.7997575,1785144013.8006783,1785144013.8729846,1785144016.5408146,,,
block1-001350,69.2610195837915,16016.671296558343,381,15.0,68.16439400427043,16015.574670978822,1.09662557952106,block1:zero_tool,fcfs,mixed,1785144013.8841105,1785144013.8852074,1785144013.95338,1785144029.9007905,,,
block1-001351,79.57279414404184,2766.0154030891135,62,307.5,78.64702900405973,2765.0896379491314,0.9257651399821043,block1:s1,fcfs,mixed,1785144013.966647,1785144013.967573,1785144014.0462284,1785144016.7326713,,,
block1-001352,624.3879059329629,1553.325136890635,38,107.5,624.2480230284855,1553.1852539861575,0.13988290447741747,block1:s2,fcfs,mixed,1785144013.9764452,1785144013.9765854,1785144014.6008427,1785144015.5297801,,,
block1-001353,604.2930399999022,1592.8123169578612,38,110.0,603.2696740003303,1591.7889509582892,1.023365999571979,block1:s2,fcfs,mixed,1785144014.2184968,1785144014.2195203,1785144014.8227973,1785144015.8113167,,,
block1-001354,89.09433765802532,2881.0599396238104,64,22.5,88.14688597340137,2880.1124879391864,0.9474516846239567,block1:s2,fcfs,mixed,1785144014.4759743,1785144014.4769218,1785144014.5650759,1785144017.3570416,,,
block1-001355,63.0025090649724,27947.489860118367,668,60.0,62.64917796943337,27947.136529022828,0.3533310955390334,block1:zero_tool,fcfs,mixed,1785144014.5445888,1785144014.5449426,1785144014.6076002,1785144042.4920878,,,
block1-001356,704.6426166780293,2027.5698197074234,42,15.0,703.5592489410192,2026.4864519704133,1.0833677370101213,block1:s2,fcfs,mixed,1785144015.4640045,1785144015.4650884,1785144016.1686547,1785144017.4915824,,,
block1-001357,98.20738225243986,31045.532608171925,743,105.0,97.45172306429595,31044.77694898378,0.755659188143909,block1:zero_tool,fcfs,mixed,1785144015.468039,1785144015.4687948,1785144015.5662541,1785144046.5135796,,,
block1-001358,744.2338997498155,1834.5436087111011,38,60.0,742.7108340198174,1833.020542981103,1.5230657299980521,block1:s2,fcfs,mixed,1785144015.5791051,1785144015.5806284,1785144016.3233466,1785144017.4136565,,,
block1-001359,739.9744088761508,1771.79595886264,37,10.0,738.9110140502453,1770.7325640367344,1.0633948259055614,block1:s2,fcfs,mixed,1785144015.8583698,1785144015.8594334,1785144016.5983527,1785144017.6301737,,,
block1-001360,864.2260463675484,2216.968166292645,48,17.5,863.2147120079026,2215.956831932999,1.0113343596458435,block1:s3,fcfs,mixed,1785144015.906713,1785144015.9077249,1785144016.77095,1785144018.1236923,,,
block1-001361,514.7158682812005,1831.6521062515676,39,20.0,513.9297399437055,1830.8659779140726,0.786128337495029,block1:s3,fcfs,mixed,1785144015.9853885,1785144015.9861748,1785144016.5001235,1785144017.8170595,,,
block1-001362,821.261215605773,2226.40020865947,48,280.0,820.5048450035974,2225.6438380572945,0.7563706021755934,block1:s3,fcfs,mixed,1785144016.0085237,1785144016.0092802,1785144016.829802,1785144018.234941,,,
block1-001363,60.22620981093496,5333.7354437680915,128,187.5,59.35620598029345,5332.86543993745,0.8700038306415081,block1:zero_tool,fcfs,mixed,1785144016.347863,1785144016.3487332,1785144016.408096,1785144021.681605,,,
block1-001364,782.2840349981561,2214.0311029506847,48,100.0,781.9791979854926,2213.7262659380212,0.3048370126634836,block1:s3,fcfs,mixed,1785144016.3598428,1785144016.3601482,1785144017.1421366,1785144018.5738835,,,
block1-001365,741.1697711795568,2092.1200861921534,46,115.0,740.8249679720029,2091.7752829845995,0.34480320755392313,block1:s3,fcfs,mixed,1785144016.519787,1785144016.520132,1785144017.260964,1785144018.6119142,,,
block1-001366,72.7596505312249,6717.636886518449,165,485.0,71.32618594914675,6716.20342193637,1.4334645820781589,block1:zero_tool,fcfs,mixed,1785144016.799919,1785144016.8013525,1785144016.8726873,1785144023.5175648,,,
block1-001367,551.3676253613085,1977.5017072679475,43,50.0,550.4961410770193,1976.6302229836583,0.8714842842891812,block1:s3,fcfs,mixed,1785144016.978203,1785144016.9790747,1785144017.5295792,1785144018.955713,,,
block1-001368,745.3075486700982,2130.9415886644274,48,50.0,744.1838310332969,2129.817871027626,1.1237176368013024,block1:s4,fcfs,mixed,1785144017.2630434,1785144017.2641673,1785144018.00836,1785144019.393994,,,
block1-001369,824.760157847777,2085.334461880848,48,152.5,823.0370279634371,2083.611331996508,1.723129884339869,block1:s4,fcfs,mixed,1785144017.5948644,1785144017.5965877,1785144018.4196339,1785144019.6802084,,,
block1-001370,822.3064452176914,2064.8156232200563,48,110.0,821.3230120018125,2063.8321900041774,0.9834332158789039,block1:s4,fcfs,mixed,1785144018.1130037,1785144018.113987,1785144018.9353166,1785144020.1778255,,,
block1-001371,109.95501838624477,7209.83559335582,175,15.0,109.21419400256127,7209.094768972136,0.7408243836835027,block1:zero_tool,fcfs,mixed,1785144018.1251664,1785144018.1259074,1785144018.2351284,1785144025.335009,,,
block1-001372,801.5372920781374,2043.6764410696924,48,10.0,800.9934820001945,2043.1326309917495,0.5438100779429078,block1:s4,fcfs,mixed,1785144018.1338456,1785144018.1343894,1785144018.93539,1785144020.1775296,,,
block1-001373,727.4248426547274,1969.546100590378,48,15.0,726.897852960974,1969.0191108966246,0.5269896937534213,block1:s4,fcfs,mixed,1785144018.3044577,1785144018.3049848,1785144019.0319016,1785144020.2740228,,,
block1-001374,689.9276829790324,1947.7859429316595,48,545.0,687.7553670201451,1945.6136269727722,2.1723159588873386,block1:s4,fcfs,mixed,1785144018.761421,1785144018.7635934,1785144019.451356,1785144020.7092142,,,
block1-001375,67.42129230406135,6096.143681323156,148,322.5,66.10221904702485,6094.824608066119,1.3190732570365071,block1:zero_tool,fcfs,mixed,1785144019.6544862,1785144019.6558053,1785144019.7219143,1785144025.7506368,,,
block1-001376,99.17773387860507,4516.1609458737075,112,320.0,98.33362000063062,4515.316831995733,0.8441138779744506,block1:zero_tool,fcfs,mixed,1785144020.00009,1785144020.0009341,1785144020.0992758,1785144024.5162585,,,
block1-001377,69.22431383281946,2778.0746028292924,71,15.0,68.08229500893503,2776.932584005408,1.1420188238844275,block1:s1,fcfs,mixed,1785144020.032716,1785144020.0338583,1785144020.101947,1785144022.8107972,,,
block1-001378,568.4169757878408,1767.1987387584522,45,17.5,567.341240006499,1766.1230029771104,1.0757357813417912,block1:s1,fcfs,mixed,1785144020.501049,1785144020.5021248,1785144021.0694723,1785144022.2682543,,,
block1-001379,65.50796504598111,8882.052173139527,213,22.5,64.71726298332214,8881.261471076868,0.7907020626589656,block1:zero_tool,fcfs,mixed,1785144020.52876,1785144020.5295506,1785144020.5942745,1785144029.4108188,,,
block1-001380,52.8304788749665,4863.059531897306,117,20.0,52.494572941213846,4862.723625963554,0.335905933752656,block1:zero_tool,fcfs,mixed,1785144021.0965626,1785144021.0968988,1785144021.1494005,1785144025.9596295,,,
block1-001381,102.83139522653073,2531.007216195576,62,15.0,102.47929103206843,2530.6551120011136,0.35210419446229935,block1:s1,fcfs,mixed,1785144021.3290431,1785144021.3293955,1785144021.4318843,1785144023.8600597,,,
block1-001382,58.34757687989622,14366.432750946842,341,17.5,57.35387001186609,14365.439044078812,0.9937068680301309,block1:zero_tool,fcfs,mixed,1785144021.3750677,1785144021.376062,1785144021.4334238,1785144035.7415092,,,
block1-001383,63.12969571445137,5484.113849699497,129,170.0,62.50029802322388,5483.48445200827,0.6293976912274957,block1:zero_tool,fcfs,mixed,1785144022.3050141,1785144022.305644,1785144022.3681512,1785144027.7891355,,,
block1-001384,63.62448970321566,5134.638135670684,120,357.5,63.22279595769942,5134.236441925168,0.4016937455162406,block1:zero_tool,fcfs,mixed,1785144022.5761752,1785144022.5765772,1785144022.6398072,1785144027.710821,,,
block1-001385,710.5344525771216,1991.017555585131,44,12.5,709.971062024124,1990.4541650321335,0.5633905529975891,block1:s2,fcfs,mixed,1785144023.3000124,1785144023.300576,1785144024.0105565,1785144025.2910395,,,
block1-001386,625.7109829457477,1635.7884139288217,36,115.0,624.4731700280681,1634.5506010111421,1.2378129176795483,block1:s2,fcfs,mixed,1785144023.3261054,1785144023.3273435,1785144023.9518523,1785144024.96193,,,
block1-001387,63.240210874937475,15692.104633897543,370,10.0,62.38500901963562,15691.249432042241,0.855201855301857,block1:zero_tool,fcfs,mixed,1785144023.534922,1785144023.5357773,1785144023.5981703,1785144039.2270346,,,
block1-001388,555.5665316060185,1604.5278985984623,35,12.5,555.2855880232528,1604.2469550156966,0.28094358276575804,block1:s2,fcfs,mixed,1785144023.609086,1785144023.6093674,1785144024.1646624,1785144025.2136238,,,
block1-001389,561.0523278592154,1879.2677688179538,41,15.0,560.2100869873539,1878.4255279460922,0.842240871861577,block1:s2,fcfs,mixed,1785144023.6222167,1785144023.6230595,1785144024.1832793,1785144025.501495,,,
block1-001390,667.3082226188853,1717.4578165868297,38,152.5,665.3566500172019,1715.5062439851463,1.9515726016834378,block1:s2,fcfs,mixed,1785144023.6348624,1785144023.6368144,1785144024.302178,1785144025.3523273,,,
block1-001391,558.0295411637053,1640.9921251470223,37,15.0,557.8818420181051,1640.844426001422,0.1476991456001997,block1:s2,fcfs,mixed,1785144023.8606975,1785144023.8608453,1785144024.418733,1785144025.5016952,,,
block1-001392,79.18536919169128,5359.932661172934,125,152.5,78.31286906730384,5359.060161048546,0.8725001243874431,block1:zero_tool,fcfs,mixed,1785144024.166474,1785144024.1673467,1785144024.245667,1785144029.5264146,,,
block1-001393,777.8911073692143,2156.365181435831,48,15.0,776.9159890012816,2155.390063067898,0.9751183679327369,block1:s3,fcfs,mixed,1785144024.573918,1785144024.5748932,1785144025.3518178,1785144026.730292,,,
block1-001394,103.5271876025945,7527.185818529688,177,10.0,102.59397001937032,7526.252600946464,0.9332175832241774,block1:zero_tool,fcfs,mixed,1785144024.6242936,1785144024.6252272,1785144024.7278297,1785144032.151488,,,
block1-001395,784.5629464136437,2128.6363943945616,48,152.5,784.4602599507198,2128.5337079316378,0.10268646292388439,block1:s3,fcfs,mixed,1785144024.6390939,1785144024.6391966,1785144025.4236634,1785144026.7677367,,,
block1-001396,770.0910967541859,2153.227939736098,48,280.0,769.6203059749678,2152.75714895688,0.47079077921807766,block1:s3,fcfs,mixed,1785144025.0744052,1785144025.074876,1785144025.844504,1785144027.2276409,,,
block1-001397,625.2865009009838,1931.4236408099532,43,412.5,624.4021999882534,1930.5393398972228,0.8843009127303958,block1:s3,fcfs,mixed,1785144025.2959251,1785144025.2968097,1785144025.9212198,1785144027.2273571,,,
block1-001398,705.4620614508167,2011.7267405148596,46,12.5,704.702474991791,2010.9671540558338,0.7595864590257406,block1:s3,fcfs,mixed,1785144025.5450113,1785144025.5457711,1785144026.2504814,1785144027.556746,,,
block1-001399,62.322455807588995,6382.516471785493,150,395.0,61.20348104741424,6381.397497025318,1.1189747601747513,block1:zero_tool,fcfs,mixed,1785144026.053612,1785144026.0547314,1785144026.1159434,1785144032.4361372,,,
block1-001400,800.1407703850418,2122.6448403904215,48,280.0,799.4470129488036,2121.951082954183,0.6937574362382293,block1:s4,fcfs,mixed,1785144026.2940273,1785144026.2947214,1785144027.094203,1785144028.4167068,,,
block1-001401,811.7336280411109,2115.697122993879,48,152.5,810.7852559769526,2114.7487509297207,0.9483720641583204,block1:s4,fcfs,mixed,1785144026.3217988,1785144026.3227475,1785144027.1335397,1785144028.4375029,,,
block1-001402,729.1916650719941,2034.8243660992011,48,17.5,728.4712659893557,2034.1039670165628,0.7203990826383233,block1:s4,fcfs,mixed,1785144026.7887595,1785144026.7894802,1785144027.517959,1785144028.823592,,,
block1-001403,706.6799128660932,2105.8043759549037,49,170.0,706.0332809342071,2105.1577440230176,0.6466319318860769,block1:s4,fcfs,mixed,1785144027.003686,1785144027.004333,1785144027.7103753,1785144029.1095,,,
block1-001404,67.53383367322385,7467.938003712334,176,50.0,66.31851790007204,7466.722687939182,1.215315773151815,block1:zero_tool,fcfs,mixed,1785144027.7786214,1785144027.779837,1785144027.8461769,1785144035.246581,,,
block1-001405,731.3755522482097,2060.0260061910376,48,322.5,729.7992330277339,2058.4496869705617,1.5763192204758525,block1:s4,fcfs,mixed,1785144027.9773302,1785144027.9789069,1785144028.7087154,1785144030.037366,,,
block1-001406,757.9638818278909,2097.606707829982,48,177.5,757.6966150663793,2097.3394410684705,0.26726676151156425,block1:s4,fcfs,mixed,1785144028.2784023,1785144028.2786698,1785144029.0363753,1785144030.3760185,,,
block1-001407,55.194246117025614,6728.8527560886,159,412.5,54.071458987891674,6727.729968959466,1.1227871291339397,block1:zero_tool,fcfs,mixed,1785144028.5565128,1785144028.5576358,1785144028.611715,1785144035.2853737,,,
block1-001408,617.1164902625605,1857.9485582886264,43,322.5,615.1141619775444,1855.9462300036103,2.0023282850161195,block1:s1,fcfs,mixed,1785144028.8484557,1785144028.8504581,1785144029.4655797,1785144030.7064118,,,
block1-001409,96.7488595051691,7103.592145489529,167,152.5,95.6010069930926,7102.444292977452,1.147852512076497,block1:zero_tool,fcfs,mixed,1785144028.9392366,1785144028.940385,1785144029.0359957,1785144036.0428388,,,
block1-001410,610.1224857848138,1884.614000795409,44,572.5,608.9330869726837,1883.424601983279,1.1893988121300936,block1:s1,fcfs,mixed,1785144028.972226,1785144028.9734156,1785144029.5823557,1785144030.8568473,,,
block1-001411,79.94732051156461,3079.600313445553,73,320.0,79.39252606593072,3079.0455189999193,0.5547944456338882,block1:s1,fcfs,mixed,1785144029.0299954,1785144029.0305505,1785144029.1099513,1785144032.1096044,,,
block1-001412,517.4721980001777,1524.1126960609108,36,187.5,516.9554610038176,1523.5959590645507,0.5167369963601232,block1:s1,fcfs,mixed,1785144029.1625578,1785144029.1630747,1785144029.6800373,1785144030.686678,,,
block1-001413,79.30377044249326,19508.957815356553,472,282.5,78.87600804679096,19508.53005296085,0.42776239570230246,block1:zero_tool,fcfs,mixed,1785144029.1802423,1785144029.1806703,1785144029.259555,1785144048.689209,,,
block1-001414,451.74325711559504,1711.2267890479416,40,107.5,451.48263999726623,1710.9661719296128,0.26061711832880974,block1:s1,fcfs,mixed,1785144029.322549,1785144029.32281,1785144029.7743008,1785144031.0337844,,,
block1-001415,67.85932125058025,9689.101932221092,230,217.5,66.83016696479172,9688.072777935304,1.029154285788536,block1:zero_tool,fcfs,mixed,1785144029.342794,1785144029.3438237,1785144029.4106648,1785144039.0319073,,,
block1-001416,61.56143813859671,6175.887428224087,145,395.0,60.98687194753438,6175.312862033024,0.5745661910623312,block1:zero_tool,fcfs,mixed,1785144029.7183335,1785144029.718908,1785144029.7799027,1785144035.8942287,,,
block1-001417,564.5068527664989,1763.786100782454,42,25.0,563.6183369206265,1762.8975849365816,0.8885158458724618,block1:s2,fcfs,mixed,1785144029.7915468,1785144029.7924354,1785144030.3560839,1785144031.5553634,,,
block1-001418,559.7384484717622,1523.2359914807603,36,350.0,559.2231479240581,1522.7206909330562,0.5153005477041006,block1:s2,fcfs,mixed,1785144030.1465771,1785144030.1470928,1785144030.7063231,1785144031.6698208,,,
block1-001419,92.24259620532393,3188.175783259794,74,10.0,91.2693269783631,3187.2025140328333,0.9732692269608378,block1:s2,fcfs,mixed,1785144030.2248254,1785144030.2257988,1785144030.3170772,1785144033.4130104,,,
block1-001420,531.0703580034897,1567.26542301476,36,107.5,529.7638399060816,1565.958904917352,1.3065180974081159,block1:s2,fcfs,mixed,1785144030.7532978,1785144030.7546046,1785144031.2843752,1785144032.3205705,,,
block1-001421,65.58691069949418,6738.5205565951765,161,485.0,64.89936204161495,6737.833007937297,0.6875486578792334,block1:zero_tool,fcfs,mixed,1785144030.8713963,1785144030.872084,1785144030.936991,1785144037.6099246,,,
block1-001422,699.8123042285442,1749.6274361619726,38,17.5,699.329786002636,1749.1449179360643,0.4825182259082794,block1:s2,fcfs,mixed,1785144031.6985686,1785144031.6990514,1785144032.3983884,1785144033.4482036,,,
block1-001423,85.39889857638627,6009.8531185649335,142,15.0,84.94024304673076,6009.394463035278,0.45865552965551615,block1:zero_tool,fcfs,mixed,1785144031.7150788,1785144031.7155375,1785144031.800485,1785144037.7249393,,,
block1-001424,463.5061662411317,1771.3880091905594,38,17.5,462.98447204753757,1770.8663149969652,0.5216941935941577,block1:s3,fcfs,mixed,1785144031.9727905,1785144031.9733121,1785144032.4363062,1785144033.7441878,,,
block1-001425,91.90140780992806,5412.131730816327,128,15.0,90.73115792125463,5410.961480927654,1.1702498886734247,block1:zero_tool,fcfs,mixed,1785144031.998191,1785144031.9993618,1785144032.0901,1785144037.4103303,,,
block1-001426,657.2722502751276,1873.0121472617611,41,550.0,656.923898961395,1872.6637959480286,0.34835131373256445,block1:s3,fcfs,mixed,1785144032.106969,1785144032.1073174,1785144032.7642486,1785144033.9799886,,,
block1-001427,766.1748193204403,2144.586330279708,48,820.0,765.4798850417137,2143.8913960009813,0.6949342787265778,block1:s3,fcfs,mixed,1785144032.3234222,1785144032.3241174,1785144033.0896268,1785144034.4680383,,,
block1-001428,558.5771789774299,1839.812126941979,41,287.5,557.9336299560964,1839.1685779206455,0.643549021333456,block1:s3,fcfs,mixed,1785144032.7455194,1785144032.7461631,1785144033.3041039,1785144034.5853386,,,
block1-001429,626.3819915475324,1915.2835895074531,43,217.5,625.7273560622707,1914.6289540221915,0.6546354852616787,block1:s3,fcfs,mixed,1785144032.7867277,1785144032.7873824,1785144033.413116,1785144034.702018,,,
block1-001430,63.387484988197684,6679.451455012895,161,115.0,62.58200702723116,6678.645977051929,0.8054779609665275,block1:zero_tool,fcfs,mixed,1785144033.1270232,1785144033.1278288,1785144033.190418,1785144039.806482,,,
block1-001431,72.25026132073253,7025.691888295114,170,95.0,72.11415399797261,7025.555780972354,0.13610732275992632,block1:zero_tool,fcfs,mixed,1785144033.2390666,1785144033.2392027,1785144033.3113234,1785144040.2647653,,,
block1-001432,790.9495702479035,2037.2726822970435,48,70.0,790.6985329464078,2037.0216449955478,0.2510373014956713,block1:s4,fcfs,mixed,1785144033.363882,1785144033.3641334,1785144034.1548405,1785144035.4011638,,,
block1-001433,79.0112636750564,6788.503214716911,165,280.0,77.99601997248828,6787.487971014343,1.0152437025681138,block1:zero_tool,fcfs,mixed,1785144033.6118264,1785144033.6128418,1785144033.6908455,1785144040.4003372,,,
block1-001434,752.2293721558526,2048.8761310698465,48,172.5,751.3456090819091,2047.992367995903,0.8837630739435554,block1:s4,fcfs,mixed,1785144033.65632,1785144033.657204,1785144034.4085577,1785144035.7052042,,,
block1-001435,68.56322626117617,5742.29398323223,139,47.5,67.60705495253205,5741.337811923586,0.9561713086441159,block1:zero_tool,fcfs,mixed,1785144033.7747047,1785144033.775661,1785144033.8432755,1785144039.5170064,,,
block1-001436,701.7438063630834,2022.2739684395492,48,20.0,700.8535809582099,2021.3837430346757,0.8902254048734903,block1:s4,fcfs,mixed,1785144034.0391607,1785144034.0400512,1785144034.7409127,1785144036.0614429,,,
block1-001437,751.3673319481313,2030.6606729282066,48,282.5,750.8271890692413,2030.1205300493166,0.5401428788900375,block1:s4,fcfs,mixed,1785144035.522594,1785144035.5231345,1785144036.2739706,1785144037.5532641,,,
block1-001438,97.61419158894569,8022.55326253362,194,155.0,96.78948402870446,8021.728554973379,0.8247075602412224,block1:zero_tool,fcfs,mixed,1785144035.6436937,1785144035.6445186,1785144035.7413187,1785144043.6662571,,,
block1-001439,99.1776071023196,7004.014457110316,170,287.5,98.4582700766623,7003.295120084658,0.7193370256572962,block1:zero_tool,fcfs,mixed,1785144035.6776872,1785144035.678407,1785144035.7768724,1785144042.681709,,,
block1-001440,60.49837148748338,6361.174035468139,155,15.0,59.659005026333034,6360.334669006988,0.8393664611503482,block1:zero_tool,fcfs,mixed,1785144035.718719,1785144035.7195585,1785144035.7792234,1785144042.079899,,,
block1-001441,553.2989911735058,1514.6867871517316,37,52.5,553.1520120566711,1514.5398080348969,0.1469791168347001,block1:s1,fcfs,mixed,1785144035.9173977,1785144035.9175448,1785144036.4707348,1785144037.4321227,,,
block1-001442,590.382774011232,1806.0891999630257,44,145.0,590.0291410507634,1805.7355670025572,0.35363296046853065,block1:s1,fcfs,mixed,1785144035.9190319,1785144035.9193857,1785144036.5094213,1785144037.7251277,,,
block1-001443,54.12137578241527,15706.12672867719,383,117.5,52.77587100863457,15704.78122390341,1.3455047737807035,block1:zero_tool,fcfs,mixed,1785144036.2624178,1785144036.2637634,1785144036.3165467,1785144051.9685519,,,
block1-001444,56.15664436481893,5875.321381376125,143,140.0,55.24070491082966,5874.405441922136,0.9159394539892673,block1:zero_tool,fcfs,mixed,1785144036.5342636,1785144036.5351799,1785144036.5904276,1785144042.4095924,,,
block1-001445,67.57098052185029,4951.2439095415175,119,12.5,66.61672797054052,4950.289656990208,0.9542525513097644,block1:zero_tool,fcfs,mixed,1785144036.8356915,1785144036.836646,1785144036.9032714,1785144041.7869442,,,
block1-001446,397.75841624941677,1722.066076239571,39,10.0,397.4799709394574,1721.7876309296116,0.278445309959352,block1:s1,fcfs,mixed,1785144037.211505,1785144037.2117836,1785144037.6092722,1785144038.9335804,,,
block1-001447,695.1155917486176,1646.7618707101792,37,12.5,694.0308680059388,1645.6771469675004,1.0847237426787615,block1:s1,fcfs,mixed,1785144037.2685955,1785144037.2696805,1785144037.9637191,1785144038.9153655,,,
block1-001448,71.96934754028916,6539.611880551092,156,820.0,71.2031259899959,6538.845659000799,0.7662215502932668,block1:zero_tool,fcfs,mixed,1785144037.4596791,1785144037.4604456,1785144037.531657,1785144043.9992998,,,
block1-001449,64.70833555795252,7112.440242548473,171,172.5,63.90038400422782,7111.6322909947485,0.8079515537247062,block1:zero_tool,fcfs,mixed,1785144037.4673579,1785144037.4681659,1785144037.5320725,1785144044.5798042,,,
block1-001450,638.7390786549076,1620.6421836977825,37,12.5,637.8683949587867,1619.7715000016615,0.8706836961209774,block1:s2,fcfs,mixed,1785144037.6644337,1785144037.6653047,1785144038.3031805,1785144039.285084,,,
block1-001451,104.41082483157516,3224.0544458618388,78,15.0,103.34214800968766,3222.9857690399513,1.0686768218874931,block1:s2,fcfs,mixed,1785144037.7483037,1785144037.7493727,1785144037.8527231,1785144040.9723666,,,
block1-001452,535.5329142184928,1516.7588911717758,36,572.5,533.3965290337801,1514.622505987063,2.136385184712708,block1:s2,fcfs,mixed,1785144037.8268864,1785144037.8290236,1785144038.3624287,1785144039.3436544,,,
block1-001453,636.2318644532934,1560.2409114362672,38,282.5,635.1403510197997,1559.1493980027735,1.0915134334936738,block1:s2,fcfs,mixed,1785144038.0340722,1785144038.0351639,1785144038.670313,1785144039.594322,,,
block1-001454,61.92598131019622,16902.986747329123,416,75.0,61.46830995567143,16902.5290759746,0.45767135452479124,block1:zero_tool,fcfs,mixed,1785144038.2408135,1785144038.2412713,1785144038.3027465,1785144055.1438074,,,
block1-001455,584.2003668658435,1513.6672698426992,37,282.5,583.7803760077804,1513.247278984636,0.41999085806310177,block1:s2,fcfs,mixed,1785144038.3309731,1785144038.3313932,1785144038.9152095,1785144039.8446763,,,
block1-001456,59.0592990629375,6366.809480008669,156,322.5,58.54342703241855,6366.29360797815,0.515872030518949,block1:zero_tool,fcfs,mixed,1785144038.6193817,1785144038.6198978,1785144038.6784487,1785144044.986199,,,
block1-001457,435.26389298494905,1708.1857080338523,39,145.0,433.71509097050875,1706.636906019412,1.548802014440298,block1:s3,fcfs,mixed,1785144040.3660903,1785144040.3676393,1785144040.8013628,1785144042.0742846,,,
block1-001458,101.78538702894002,7062.4856889480725,173,15.0,101.4953930862248,7062.195695005357,0.2899939427152276,block1:zero_tool,fcfs,mixed,1785144040.3908596,1785144040.39115,1785144040.4926522,1785144047.4533525,,,
block1-001459,81.87731925863773,6422.161157242954,157,320.0,81.00372296757996,6421.287560951896,0.8735962910577655,block1:zero_tool,fcfs,mixed,1785144040.4520438,1785144040.4529176,1785144040.53393,1785144046.874214,,,
block1-001460,84.94236029218882,7168.0396342417225,175,287.5,84.09146405756474,7167.188738007098,0.8508962346240878,block1:zero_tool,fcfs,mixed,1785144040.8262954,1785144040.8271465,1785144040.9112465,1785144047.9943438,,,
block1-001461,52.84527235198766,5671.238831244409,139,85.0,52.35678202006966,5670.750340912491,0.4884903319180012,block1:zero_tool,fcfs,mixed,1785144040.860366,1785144040.8608549,1785144040.9132192,1785144046.5316126,,,
block1-001462,57.95755889266729,7040.801575873047,172,20.0,57.75586899835616,7040.599885978736,0.20168989431113005,block1:zero_tool,fcfs,mixed,1785144041.071184,1785144041.0713859,1785144041.1291492,1785144048.111993,,,
block1-001463,546.001345734112,1861.370065715164,43,160.0,543.8909740187228,1859.2596939997748,2.110371715389192,block1:s3,fcfs,mixed,1785144041.202238,1785144041.2043486,1785144041.7482483,1785144043.063617,,,
block1-001464,720.707303727977,2110.0597637705505,49,95.0,719.6878839749843,2109.040344017558,1.0194197529926896,block1:s4,fcfs,mixed,1785144041.5131948,1785144041.5142148,1785144042.2339103,1785144043.623263,,,
block1-001465,64.80726762674749,7668.693827581592,188,550.0,64.38895198516548,7668.27551194001,0.4183156415820122,block1:zero_tool,fcfs,mixed,1785144041.6445477,1785144041.6449664,1785144041.709365,1785144049.3132517,,,
block1-001466,69.2871295614168,6446.6453534550965,158,140.0,67.69849499687552,6445.056718890555,1.5886345645412803,block1:zero_tool,fcfs,mixed,1785144042.0107365,1785144042.0123253,1785144042.0800312,1785144048.4573896,,,
block1-001467,740.9762989263982,2083.504952955991,48,117.5,740.7033019699156,2083.2319559995085,0.27299695648252964,block1:s4,fcfs,mixed,1785144042.4582794,1785144042.4585526,1785144043.1992643,1785144044.5417929,,,
block1-001468,709.3184725381434,2046.59059853293,48,15.0,708.6970009841025,2045.969126978889,0.6214715540409088,block1:s4,fcfs,mixed,1785144042.6478431,1785144042.6484647,1785144043.3571684,1785144044.6944404,,,
block1-001469,98.07612525764853,5325.223966268823,131,15.0,97.67624200321734,5324.824083014391,0.3998832544311881,block1:zero_tool,fcfs,mixed,1785144042.6760914,1785144042.6764915,1785144042.7741747,1785144048.0013225,,,
block1-001470,781.6136913606897,2037.2480762889609,48,107.5,780.6109450757504,2036.2453300040215,1.0027462849393487,block1:s4,fcfs,mixed,1785144043.294743,1785144043.295746,1785144044.076364,1785144045.3319983,,,
block1-001471,739.1421963693574,1996.308378293179,48,17.5,738.3578590815887,1995.5240410054103,0.7843372877687216,block1:s4,fcfs,mixed,1785144043.6277695,1785144043.6285536,1785144044.3669188,1785144045.6240852,,,
block1-001472,563.5233608772978,1727.0661598304287,43,100.0,562.8247370477766,1726.3675360009074,0.6986238295212388,block1:s1,fcfs,mixed,1785144043.725676,1785144043.7263746,1785144044.2892067,1785144045.4527495,,,
block1-001473,66.11321738455445,7215.725871385075,177,10.0,65.88039896450937,7215.49305296503,0.2328184200450778,block1:zero_tool,fcfs,mixed,1785144043.835986,1785144043.8362188,1785144043.9021406,1785144051.0517533,,,
block1-001474,54.300054791383445,5666.632160777226,140,297.5,53.54182003065944,5665.873926016502,0.7582347607240081,block1:zero_tool,fcfs,mixed,1785144044.8731818,1785144044.8739402,1785144044.9274895,1785144050.5398219,,,
block1-001475,63.09884728398174,8691.779694287106,213,95.0,61.671628965996206,8690.35247596912,1.4272183179855347,block1:zero_tool,fcfs,mixed,1785144045.1747215,1785144045.1761487,1785144045.2378275,1785144053.866508,,,
block1-001476,393.1389049394056,1316.3297809660435,33,322.5,392.65551196876913,1315.846387995407,0.483392970636487,block1:s1,fcfs,mixed,1785144045.2739065,1785144045.27439,1785144045.6670544,1785144046.5902455,,,
block1-001477,94.22000916674733,2553.8772642612457,63,155.0,93.97184092085809,2553.6290960153565,0.24816824588924646,block1:s1,fcfs,mixed,1785144045.5664802,1785144045.5667284,1785144045.660708,1785144048.1203654,,,
block1-001478,695.7290117861703,1867.167001706548,47,17.5,695.3368030954152,1866.774793015793,0.39220869075506926,block1:s1,fcfs,mixed,1785144045.5860023,1785144045.5863945,1785144046.2817373,1785144047.4531753,,,
block1-001479,431.22049304656684,1378.7708500167355,33,115.0,430.175399989821,1377.7257569599897,1.0450930567458272,block1:s1,fcfs,mixed,1785144046.5611203,1785144046.5621657,1785144046.9923494,1785144047.9398994,,,
block1-001480,408.92544423695654,1662.609693245031,40,297.5,408.00300403498113,1661.6872530430555,0.9224402019754052,block1:s2,fcfs,mixed,1785144046.6216006,1785144046.6225233,1785144047.030534,1785144048.2842183,,,
block1-001481,480.99582944996655,1504.1663924930617,36,117.5,480.4611059371382,1503.6316689802334,0.5347235128283501,block1:s2,fcfs,mixed,1785144046.8945472,1785144046.895082,1785144047.3755505,1785144048.398721,,,
block1-001482,590.6847486039624,1847.2523796372116,43,297.5,589.6618510596454,1846.2294820928946,1.0228975443169475,block1:s2,fcfs,mixed,1785144047.4856122,1785144047.4866352,1785144048.0763044,1785144049.332872,,,
block1-001483,587.4243853613734,1807.5795153854415,43,10.0,586.3712190184742,1806.5263490425423,1.0531663428992033,block1:s2,fcfs,mixed,1785144047.755125,1785144047.7561784,1785144048.3425586,1785144049.5627139,,,
block1-001484,66.82213209569454,5772.195516037755,140,10.0,65.93703909311444,5771.310423035175,0.8850930025801063,block1:zero_tool,fcfs,mixed,1785144047.9342897,1785144047.9351752,1785144048.0011528,1785144053.7065263,,,
block1-001485,789.5034996327013,2034.3847696203738,49,110.0,788.5191339300945,2033.400403917767,0.9843657026067376,block1:s2,fcfs,mixed,1785144048.054045,1785144048.0550299,1785144048.8435566,1785144050.088438,,,
block1-001486,511.43073465209454,1531.5746125997975,36,15.0,510.8398930169642,1530.9837709646672,0.5908416351303458,block1:s2,fcfs,mixed,1785144048.1775484,1785144048.1781394,1785144048.6889865,1785144049.7091305,,,
block1-001487,54.444038891233504,4058.9170379098505,98,17.5,53.709669038653374,4058.1826680572703,0.7343698525801301,block1:zero_tool,fcfs,mixed,1785144048.537502,1785144048.5382366,1785144048.5919538,1785144052.596427,,,
block1-001488,66.33839092683047,5553.723825956695,135,115.0,65.41580997873098,5552.801245008595,0.922580948099494,block1:zero_tool,fcfs,mixed,1785144048.7571218,1785144048.7580445,1785144048.8234673,1785144054.3108523,,,
block1-001489,759.3908722046763,2121.506875148043,48,282.5,757.2327899979427,2119.3487929413095,2.158082206733525,block1:s3,fcfs,mixed,1785144048.9300468,1785144048.932205,1785144049.689458,1785144051.051574,,,
block1-001490,652.0067057572305,1634.9809147650376,38,17.5,651.7880279570818,1634.7622369648889,0.2186778001487255,block1:s3,fcfs,mixed,1785144049.1125176,1785144049.1127365,1785144049.7645333,1785144050.7475076,,,
block1-001491,422.2098789177835,1711.2724399194121,39,52.5,421.38919106218964,1710.4517520638183,0.8206878555938601,block1:s3,fcfs,mixed,1785144049.5307481,1785144049.531569,1785144049.9529667,1785144051.2420294,,,
block1-001492,63.93848860170692,6992.395909619518,171,20.0,63.07586596813053,6991.533286985941,0.8626226335763931,block1:zero_tool,fcfs,mixed,1785144049.9488263,1785144049.9496891,1785144050.0127718,1785144056.9412293,,,
block1-001493,732.1588455233723,1990.736170555465,46,152.5,731.2800040235743,1989.857329055667,0.8788414997979999,block1:s3,fcfs,mixed,1785144050.0748458,1785144050.0757248,1785144050.8070118,1785144052.065589,,,
block1-001494,889.6068632602692,1857.0480202324688,43,572.5,889.2104380065575,1856.6515949787572,0.39642525371164083,block1:s3,fcfs,mixed,1785144050.5621088,1785144050.5625055,1785144051.4517238,1785144052.419165,,,
block1-001495,61.2187955994159,5311.435487587005,131,10.0,60.31189300119877,5310.528584988788,0.9069025982171297,block1:zero_tool,fcfs,mixed,1785144050.745653,1785144050.7465603,1785144050.8068824,1785144056.057099,,,
block1-001496,728.7425973918289,2032.7301713405177,48,350.0,727.6736430358142,2031.661216984503,1.0689543560147285,block1:s4,fcfs,mixed,1785144050.7991672,1785144050.8002362,1785144051.5279186,1785144052.831906,,,
block1-001497,701.6277835937217,2005.6567376013845,48,572.5,701.1840469203889,2005.2130009280518,0.4437366733327508,block1:s4,fcfs,mixed,1785144050.9056404,1785144050.9060843,1785144051.6073036,1785144052.9113326,,,
block1-001498,712.7115863841027,1973.7986953696236,48,10.0,711.8350210366771,1972.922130022198,0.8765653474256396,block1:s4,fcfs,mixed,1785144051.5625415,1785144051.5634184,1785144052.2752607,1785144053.5363476,,,
block1-001499,59.53719315584749,6319.415605161339,155,322.5,59.17021504137665,6319.048627046868,0.3669781144708395,block1:zero_tool,fcfs,mixed,1785144051.7554812,1785144051.7558486,1785144051.8150256,1785144058.0749037,,,
block1-001500,60.16269698739052,5461.067877942696,136,20.0,59.10634505562484,5460.0115260109305,1.0563519317656755,block1:zero_tool,fcfs,mixed,1785144052.0468547,1785144052.0479112,1785144052.1070247,1785144057.5079296,,,
block1-001501,61.01403711363673,5232.368049095385,130,282.5,60.616311035119,5231.970323016867,0.397726078517735,block1:zero_tool,fcfs,mixed,1785144052.2186322,1785144052.2190304,1785144052.2796547,1785144057.4510088,,,
block1-001502,72.23104906734079,6971.670235041529,167,187.5,70.98670792765915,6970.425893901847,1.2443411396816373,block1:zero_tool,fcfs,mixed,1785144052.347443,1785144052.348688,1785144052.419683,1785144059.319122,,,
block1-001503,57.07482958678156,7064.198392559774,170,115.0,56.38674204237759,7063.51030501537,0.6880875444039702,block1:zero_tool,fcfs,mixed,1785144052.44317,1785144052.4438584,1785144052.5002527,1785144059.5073762,,,
block1-001504,67.2106925630942,4734.876684495248,117,10.0,67.08538706880063,4734.751379000954,0.12530549429357052,block1:zero_tool,fcfs,mixed,1785144052.4903514,1785144052.490477,1785144052.5575688,1785144057.2252347,,,
block1-001505,79.0726903360337,2351.1281883111224,59,15.0,78.11846898403019,2350.173966959119,0.9542213520035148,block1:s1,fcfs,mixed,1785144052.5669506,1785144052.5679047,1785144052.6460304,1785144054.9180858,,,
block1-001506,439.9043826851994,1619.7687196545303,40,187.5,438.0875900387764,1617.9519270081073,1.8167926464229822,block1:s1,fcfs,mixed,1785144052.576682,1785144052.578499,1785144053.0165925,1785144054.196457,,,
block1-001507,68.47674341406673,2871.0859244456515,72,177.5,67.4338749377057,2870.0430559692904,1.0428684763610363,block1:s1,fcfs,mixed,1785144052.6481576,1785144052.6492007,1785144052.7166424,1785144055.5192513,,,
block1-001508,506.33508735336363,1455.2488994086161,36,217.5,506.0713429702446,1454.985155025497,0.2637443831190467,block1:s1,fcfs,mixed,1785144052.7989192,1785144052.7991831,1785144053.3052623,1785144054.2541761,,,
block1-001509,78.871019766666,2637.729436857626,66,110.0,77.8521989705041,2636.710616061464,1.01882079616189,block1:s1,fcfs,mixed,1785144052.9375858,1785144052.9386048,1785144053.0164633,1785144055.5753217,,,
block1-001510,701.9016391132027,1891.069493140094,47,20.0,700.8932658936828,1890.0611199205741,1.0083732195198536,block1:s1,fcfs,mixed,1785144053.646514,1785144053.6475224,1785144054.3484232,1785144055.5375912,,,
block1-001511,86.98901336174458,2452.9355514096096,61,15.0,86.13039902411401,2452.076937071979,0.8586143376305699,block1:s1,fcfs,mixed,1785144053.7606149,1785144053.7614734,1785144053.8476377,1785144056.2135844,,,
block1-001512,563.4754876373336,1491.1107106599957,38,95.0,563.2968640420586,1490.9320870647207,0.17862359527498484,block1:s2,fcfs,mixed,1785144053.9558945,1785144053.9560733,1785144054.519376,1785144055.4470112,,,
block1-001513,85.3537927614525,5856.943901744671,138,95.0,85.03877196926624,5856.628880952485,0.3150207921862602,block1:zero_tool,fcfs,mixed,1785144055.0174038,1785144055.0177193,1785144055.1027663,1785144060.8743563,,,
block1-001514,84.93540110066533,10007.288936176337,240,92.5,84.22206388786435,10006.575598963536,0.7133372128009796,block1:zero_tool,fcfs,mixed,1785144055.0205877,1785144055.0213013,1785144055.1055303,1785144065.0278838,,,
block1-001515,95.59549472760409,3252.1428887266666,72,177.5,95.21434700582176,3251.7617410048842,0.3811477217823267,block1:s2,fcfs,mixed,1785144055.4233637,1785144055.423745,1785144055.5189674,1785144058.6755147,,,
block1-001516,509.7824961412698,1523.0253090849146,36,105.0,509.2013750690967,1522.4441880127415,0.5811210721731186,block1:s2,fcfs,mixed,1785144055.8904355,1785144055.891017,1785144056.4002259,1785144057.4134686,,,
block1-001517,617.0327175641432,1899.413073551841,44,12.5,616.5817220462486,1898.9620780339465,0.45099551789462566,block1:s2,fcfs,mixed,1785144056.00306,1785144056.0035112,1785144056.6201005,1785144057.9024808,,,
block1-001518,665.2041993802413,1765.319469384849,38,10.0,664.8535249987617,1764.9687950033695,0.35067438147962093,block1:s2,fcfs,mixed,1785144056.4080412,1785144056.408392,1785144057.0732682,1785144058.1733835,,,
block1-001519,485.270393663086,1502.9988755704835,34,92.5,484.48146507143974,1502.2099469788373,0.7889285916462541,block1:s2,fcfs,mixed,1785144056.4556549,1785144056.4564438,1785144056.9409328,1785144057.9586613,,,
block1-001520,390.20712743513286,1632.2698614094406,32,307.5,389.74877703003585,1631.8115110043436,0.45835040509700775,block1:s3,fcfs,mixed,1785144056.81577,1785144056.8162284,1785144057.205984,1785144058.4480472,,,
block1-001521,516.0925321979448,1855.258488212712,39,485.0,515.8116689417511,1854.9776249565184,0.28086325619369745,block1:s3,fcfs,mixed,1785144057.5591004,1785144057.5593815,1785144058.0752006,1785144059.4143665,,,
block1-001522,972.8863717755303,2225.199548760429,49,217.5,972.7680420037359,2225.0812189886346,0.11832977179437876,block1:s3,fcfs,mixed,1785144057.6073394,1785144057.607458,1785144058.5802326,1785144059.832546,,,
block1-001523,913.19550271146,2126.9067256944254,48,20.0,912.468138965778,2126.1793619487435,0.7273637456819415,block1:s3,fcfs,mixed,1785144057.743107,1785144057.743835,1785144058.6563125,1785144059.870024,,,
block1-001524,882.2739510796964,2099.1791951237246,48,217.5,882.0942930178717,2098.9995370619,0.17965806182473898,block1:s3,fcfs,mixed,1785144057.9820244,1785144057.9822044,1785144058.864306,1785144060.0812113,,,
block1-001525,870.3544622985646,2009.9900752538815,46,15.0,868.6934760771692,2008.329089032486,1.660986221395433,block1:s3,fcfs,mixed,1785144058.0135884,1785144058.0152497,1785144058.88395,1785144060.0235858,,,
block1-001526,132.73953937459737,7081.461803405546,171,15.0,131.83802703861147,7080.56029106956,0.901512335985899,block1:zero_tool,fcfs,mixed,1785144058.0407426,1785144058.0416443,1785144058.173489,1785144065.1222117,,,
block1-001527,646.1091281380504,1859.1727912425995,43,20.0,645.5883419839665,1858.6520050885156,0.5207861540839076,block1:s3,fcfs,mixed,1785144058.0665357,1785144058.0670567,1785144058.7126799,1785144059.9257436,,,
block1-001528,831.8700644886121,2102.62949753087,48,47.5,831.6311870003119,2102.39062004257,0.23887748830020428,block1:s4,fcfs,mixed,1785144058.0901186,1785144058.0903578,1785144058.9219959,1785144060.1927555,,,
block1-001529,745.8773247199133,2062.0831868145615,48,287.5,745.7049759104848,2061.910838005133,0.17234880942851305,block1:s4,fcfs,mixed,1785144058.2135608,1785144058.2137334,1785144058.9594452,1785144060.2756512,,,
block1-001530,679.5441993745044,1994.7819134686142,48,60.0,679.2143489001319,1994.4520629942417,0.32985047437250614,block1:s4,fcfs,mixed,1785144058.3363264,1785144058.3366563,1785144059.015878,1785144060.3311155,,,
block1-001531,64.69423417001963,7195.511569152586,175,20.0,63.79738403484225,7194.614719017409,0.8968501351773739,block1:zero_tool,fcfs,mixed,1785144059.7297676,1785144059.7306647,1785144059.794496,1785144066.9253132,,,
block1-001532,57.651916751638055,6656.520312768407,162,12.5,57.009699987247586,6655.878096004017,0.6422167643904686,block1:zero_tool,fcfs,mixed,1785144059.9463015,1785144059.946944,1785144060.003961,1785144066.6028295,,,
block1-001533,743.0135729955509,1967.1476989751682,48,95.0,741.8812059331685,1966.0153319127858,1.1323670623824,block1:s4,fcfs,mixed,1785144060.0562937,1785144060.0574265,1785144060.7993145,1785144062.0234485,,,
block1-001534,753.7488520611078,1978.3267170423642,48,115.0,752.9193389927968,1977.4972039740533,0.8295130683109164,block1:s4,fcfs,mixed,1785144060.0641153,1785144060.0649452,1785144060.8178701,1785144062.042448,,,
block1-001535,107.05073841381818,6092.8318944061175,148,100.0,106.3881799345836,6092.169335926883,0.6625584792345762,block1:zero_tool,fcfs,mixed,1785144060.0858045,1785144060.086467,1785144060.1928608,1785144066.1786423,,,
block1-001536,578.477501287125,1728.157618199475,43,217.5,577.9051870340481,1727.5853039463982,0.572314253076911,block1:s1,fcfs,mixed,1785144060.1270058,1785144060.1275783,1785144060.7054908,1785144061.855171,,,
block1-001537,69.72531555220485,2282.088294508867,58,152.5,69.34867007657886,2281.711649033241,0.3766454756259918,block1:s1,fcfs,mixed,1785144060.8901985,1785144060.8905752,1785144060.9599314,1785144063.1722946,,,
block1-001538,69.0840802853927,11151.311887195334,273,95.0,68.20844300091267,11150.436249910854,0.8756372844800353,block1:zero_tool,fcfs,mixed,1785144060.9692686,1785144060.9701443,1785144061.038359,1785144072.120587,,,
block1-001539,67.79178639408201,8795.455838320777,213,10.0,67.45802506338805,8795.122076990083,0.3337613306939602,block1:zero_tool,fcfs,mixed,1785144061.067505,1785144061.0678387,1785144061.135314,1785144069.8629777,,,
block1-001540,468.1151336990297,1499.9632698018104,39,50.0,467.80790493357927,1499.65604103636,0.307228765450418,block1:s1,fcfs,mixed,1785144061.2334828,1785144061.2337902,1785144061.701605,1785144062.733453,,,
block1-001541,70.83869853522629,4508.219231502153,108,15.0,70.31123794149607,4507.691770908423,0.5274605937302113,block1:zero_tool,fcfs,mixed,1785144061.7092001,1785144061.7097278,1785144061.780045,1785144066.2174256,,,
block1-001542,525.1563201891258,1712.9604342626408,43,15.0,524.0900579374284,1711.8941720109433,1.0662622516974807,block1:s1,fcfs,mixed,1785144062.189366,1785144062.1904325,1785144062.714529,1785144063.9023333,,,
block1-001543,51.70370335690677,11122.818401432596,268,152.5,51.53582396451384,11122.650522040203,0.16787939239293337,block1:zero_tool,fcfs,mixed,1785144062.33983,1785144062.339998,1785144062.3915415,1785144073.4626563,,,
block1-001544,607.8600673936307,1515.6964963534847,38,170.0,606.7487250547856,1514.5851540146396,1.1113423388451338,block1:s2,fcfs,mixed,1785144062.4243495,1785144062.4254613,1785144063.0322175,1785144063.940054,,,
block1-001545,515.1599865639582,1849.849600577727,42,12.5,514.9007409345359,1849.5903549483046,0.2592456294223666,block1:s2,fcfs,mixed,1785144062.73541,1785144062.7356696,1785144063.2505777,1785144064.5852675,,,
block1-001546,565.9564927918836,1902.9886317439377,43,20.0,565.2552370447665,1902.2873759968206,0.7012557471171021,block1:s2,fcfs,mixed,1785144062.835837,1785144062.836538,1785144063.4018009,1785144064.7388332,,,
block1-001547,54.888047627173364,19365.222229622304,461,20.0,54.32222702074796,19364.65640901588,0.5658206064254045,block1:zero_tool,fcfs,mixed,1785144062.9826438,1785144062.98321,1785144063.037541,1785144082.347875,,,
block1-001548,56.81017064489424,5745.454917661846,137,117.5,55.940704070962965,5744.585451087914,0.8694665739312768,block1:zero_tool,fcfs,mixed,1785144063.1747344,1785144063.1756039,1785144063.2315526,1785144068.920197,,,
block1-001549,64.64724685065448,10279.972637887113,245,107.5,63.888594042509794,10279.213985078968,0.7586528081446886,block1:zero_tool,fcfs,mixed,1785144063.6236138,1785144063.6243727,1785144063.6882706,1785144073.9035954,,,
block1-001550,61.37465464416891,12457.396181649528,292,12.5,61.20861100498587,12457.230138010345,0.16604363918304443,block1:zero_tool,fcfs,mixed,1785144063.783208,1785144063.783374,1785144063.844589,1785144076.2406106,,,
block1-001551,593.689996865578,1517.5060557667166,34,10.0,592.8739700466394,1516.690028947778,0.8160268189385533,block1:s2,fcfs,mixed,1785144063.9137614,1785144063.9145777,1785144064.5074594,1785144065.4312756,,,
block1-001552,447.34740897547454,1694.3671780172735,38,177.5,446.8845759984106,1693.9043450402096,0.4628329770639539,block1:s3,fcfs,mixed,1785144063.9688766,1785144063.9693396,1785144064.416261,1785144065.6632807,,,
block1-001553,510.44302771333605,1703.1985287321731,39,95.0,509.4694929430261,1702.2249939618632,0.9735347703099251,block1:s3,fcfs,mixed,1785144064.1710503,1785144064.1720243,1785144064.681503,1785144065.8742585,,,
block1-001554,657.4675106676295,1737.6772677525878,41,545.0,656.4172739163041,1736.6270310012624,1.0502367513254285,block1:s3,fcfs,mixed,1785144064.3316846,1785144064.3327353,1785144064.9891615,1785144066.0693712,,,
block1-001555,463.699416955933,1654.140584054403,39,17.5,463.557394919917,1653.998562018387,0.1420220360159874,block1:s3,fcfs,mixed,1785144064.3517742,1785144064.3519163,1785144064.8154798,1785144066.0059211,,,
block1-001556,68.65420355461538,6736.431080498733,164,10.0,67.69147398881614,6735.468350932933,0.9627295657992363,block1:zero_tool,fcfs,mixed,1785144065.2297096,1785144065.2306726,1785144065.2983716,1785144071.9661484,,,
block1-001557,62.44785466697067,6708.921352634206,163,152.5,62.00820906087756,6708.481707028113,0.43964560609310865,block1:zero_tool,fcfs,mixed,1785144065.4118686,1785144065.4123085,1785144065.474327,1785144072.1208,,,
block1-001558,886.7644288111478,1880.7385857217014,43,95.0,886.5422500530258,1880.5164069635794,0.22217875812202692,block1:s3,fcfs,mixed,1785144065.4472742,1785144065.4474967,1785144066.3340461,1785144067.3280208,,,
block1-001559,539.0335109550506,1911.825670977123,43,107.5,538.189253071323,1910.9814130933955,0.8442578837275505,block1:s3,fcfs,mixed,1785144066.0250432,1785144066.0258877,1785144066.5640843,1785144067.9368765,,,
block1-001560,722.9841233929619,2094.0597663866356,48,485.0,721.8279439257458,2092.9035869194195,1.156179467216134,block1:s4,fcfs,mixed,1785144066.070458,1785144066.0716145,1785144066.7934504,1785144068.1645257,,,
block1-001561,71.4259339729324,7815.848200931214,188,70.0,71.10718707554042,7815.529454033822,0.3187468973919749,block1:zero_tool,fcfs,mixed,1785144066.1651452,1785144066.1654642,1785144066.236578,1785144073.9810007,,,
block1-001562,768.9459637040272,2059.99954266008,48,15.0,767.9658499546349,2059.0194289106876,0.9801137493923306,block1:s4,fcfs,mixed,1785144066.8036003,1785144066.8045807,1785144067.5725527,1785144068.8636062,,,
block1-001563,768.1604055687785,2091.2655455758795,48,287.5,767.3581519629806,2090.4632919700816,0.8022536057978868,block1:s4,fcfs,mixed,1785144067.1684153,1785144067.1692178,1785144067.9365833,1785144069.2596881,,,
block1-001564,730.555584654212,2059.466630569659,48,572.5,730.4188620764762,2059.3299079919234,0.13672257773578167,block1:s4,fcfs,mixed,1785144067.375378,1785144067.375515,1785144068.1059406,1785144069.4348514,,,
block1-001565,698.3962786616758,2044.980751699768,48,25.0,697.6570530096069,2044.2415260476992,0.7392256520688534,block1:s4,fcfs,mixed,1785144067.5966778,1785144067.597417,1785144068.295095,1785144069.6416793,,,
block1-001566,772.2456686897203,2042.5480686826631,48,572.5,771.852059988305,2042.1544599812478,0.39360870141536,block1:s4,fcfs,mixed,1785144068.543979,1785144068.544373,1785144069.3162327,1785144070.5865352,,,
block1-001567,756.8230980541557,2016.8783130357042,48,357.5,756.4071581000462,2016.4623730815947,0.4159399541094899,block1:s4,fcfs,mixed,1785144068.9987829,1785144068.999199,1785144069.7556129,1785144071.0156682,,,
block1-001568,576.9375993404537,1756.0444213449955,43,25.0,576.0670100571588,1755.1738320617005,0.8705892832949758,block1:s1,fcfs,mixed,1785144069.122066,1785144069.1229367,1785144069.6990108,1785144070.8781176,,,
block1-001569,91.1833691643551,2625.893272110261,66,15.0,90.8530669985339,2625.56296994444,0.33030216582119465,block1:s1,fcfs,mixed,1785144069.1309373,1785144069.1312678,1785144069.2221272,1785144071.756837,,,
block1-001570,448.76901048701257,1628.7441104650497,40,10.0,447.6352450437844,1627.6103450218216,1.1337654432281852,block1:s1,fcfs,mixed,1785144069.3638277,1785144069.3649619,1785144069.812604,1785144070.9925787,,,
block1-001571,549.3875382235274,1491.4924812037498,37,160.0,548.9536960376427,1491.058639017865,0.4338421858847141,block1:s1,fcfs,mixed,1785144069.5819452,1785144069.582379,1785144070.1313388,1785144071.0734437,,,
block1-001572,61.448985477909446,4474.590137484483,107,100.0,60.987049946561456,4474.128201953135,0.46193553134799004,block1:zero_tool,fcfs,mixed,1785144069.6187897,1785144069.6192517,1785144069.6802452,1785144074.0933862,,,
block1-001573,66.4519997080788,2696.7590276617557,67,52.5,66.04443897958845,2696.3514669332653,0.40756072849035263,block1:s1,fcfs,mixed,1785144069.7583253,1785144069.758733,1785144069.8247838,1785144072.4550912,,,
block1-001574,544.0748841501772,1694.2997871665284,43,172.5,543.6637779930606,1693.8886810094118,0.41110615711659193,block1:s1,fcfs,mixed,1785144070.1180365,1785144070.1184478,1785144070.6621306,1785144071.8123555,,,
block1-001575,61.667697969824076,6451.2929959455505,151,22.5,61.29866000264883,6450.923957978375,0.3690379671752453,block1:zero_tool,fcfs,mixed,1785144070.3313906,1785144070.33176,1785144070.393065,1785144076.7826903,,,
block1-001576,55.700867902487516,19531.271209940314,470,357.5,55.28024397790432,19530.85058601573,0.42062392458319664,block1:zero_tool,fcfs,mixed,1785144070.6873016,1785144070.6877222,1785144070.7430084,1785144090.2185783,,,
block1-001577,483.50882693193853,1770.8521439926699,42,12.5,483.1737669883296,1770.517084049061,0.33505994360893965,block1:s2,fcfs,mixed,1785144070.9304614,1785144070.9307969,1785144071.4139764,1785144072.7013195,,,
block1-001578,62.71223397925496,7117.475109058432,166,60.0,62.50627699773759,7117.269152076915,0.20595698151737452,block1:zero_tool,fcfs,mixed,1785144071.9058266,1785144071.9060326,1785144071.9685469,1785144079.0233095,,,
block1-001579,56.97841627988964,16834.207854233682,403,282.5,56.496961042284966,16833.726398996077,0.4814552376046777,block1:zero_tool,fcfs,mixed,1785144071.9114437,1785144071.9119256,1785144071.9684293,1785144088.745659,,,
block1-001580,545.4106265679002,1577.7886075666174,35,280.0,543.353829998523,1575.7318109972402,2.056796569377184,block1:s2,fcfs,mixed,1785144071.9496386,1785144071.9516957,1785144072.4950562,1785144073.5274346,,,
block1-001581,543.5629532439634,1821.8872512225062,41,115.0,543.0587299633771,1821.3830279419199,0.5042232805863023,block1:s2,fcfs,mixed,1785144072.042406,1785144072.0429106,1785144072.5859768,1785144073.8643012,,,
block1-001582,662.4459370505065,1752.0069680176675,38,115.0,661.3227700581774,1750.8838010253385,1.123166992329061,block1:s2,fcfs,mixed,1785144072.305567,1785144072.3066905,1785144072.9680517,1785144074.057613,,,
block1-001583,484.97072991449386,1539.857025956735,34,50.0,483.7042660219595,1538.5905620642006,1.2664638925343752,block1:s2,fcfs,mixed,1785144072.3884552,1785144072.3897216,1785144072.8734322,1785144073.9283185,,,
block1-001584,408.709428505972,1457.9389384016395,32,412.5,407.8642810927704,1457.0937909884378,0.8451474132016301,block1:s3,fcfs,mixed,1785144072.426633,1785144072.427478,1785144072.8353481,1785144073.8845778,,,
block1-001585,109.98411034233868,5510.2525694528595,128,95.0,109.4046919606626,5509.673151071183,0.5794183816760778,block1:zero_tool,fcfs,mixed,1785144072.4577475,1785144072.458327,1785144072.5677388,1785144077.9680073,,,
block1-001586,719.5627959445119,1825.2959368983284,38,15.0,718.6445000115782,1824.3776409653947,0.9182959329336882,block1:s3,fcfs,mixed,1785144073.0674267,1785144073.0683453,1785144073.7869973,1785144074.8927305,,,
block1-001587,493.87411680072546,1981.7858318565413,41,25.0,493.70856094174087,1981.6202759975567,0.16555585898458958,block1:s3,fcfs,mixed,1785144073.3134696,1785144073.3136356,1785144073.807352,1785144075.2952635,,,
block1-001588,791.1029093666002,2285.769367357716,48,12.5,790.9020930528641,2285.56855104398,0.20081631373614073,block1:s3,fcfs,mixed,1785144073.4894,1785144073.4896011,1785144074.2805104,1785144075.775177,,,
block1-001589,104.52585492748767,6210.688121034764,148,20.0,103.95660588983446,6210.118871997111,0.5692490376532078,block1:zero_tool,fcfs,mixed,1785144073.6226134,1785144073.623183,1785144073.727149,1785144079.8333116,,,
block1-001590,72.25145515985787,6764.273335109465,162,107.5,71.53144502080977,6763.553324970417,0.7200101390480995,block1:zero_tool,fcfs,mixed,1785144073.6583085,1785144073.6590285,1785144073.7305677,1785144080.4225895,,,
block1-001591,548.7004065653309,2044.1176436142996,43,10.0,548.392595956102,2043.8098330050707,0.307810609228909,block1:s3,fcfs,mixed,1785144073.8875055,1785144073.8878136,1785144074.436214,1785144075.9316313,,,
block1-001592,804.9294750671834,2249.906165059656,49,152.5,803.879460087046,2248.8561500795186,1.0500149801373482,block1:s4,fcfs,mixed,1785144074.0101776,1785144074.0112278,1785144074.815115,1785144076.2600915,,,
block1-001593,850.6913789315149,2184.6841500373557,48,12.5,850.2942069899291,2184.28697809577,0.3971719415858388,block1:s4,fcfs,mixed,1785144074.4056325,1785144074.40603,1785144075.2563584,1785144076.590351,,,
block1-001594,833.1485667731613,2166.217539808713,48,15.0,832.9169789794832,2165.985952015035,0.23158779367804527,block1:s4,fcfs,mixed,1785144074.4619586,1785144074.4621904,1785144075.2951143,1785144076.6281836,,,
block1-001595,783.0978069687262,2116.0362910013646,48,282.5,782.4793229810894,2115.4178070137277,0.6184839876368642,block1:s4,fcfs,mixed,1785144074.5528083,1785144074.553427,1785144075.3359141,1785144076.6688528,,,
block1-001596,91.58771042712033,6435.701691429131,155,15.0,90.7115968875587,6434.825577889569,0.8761135395616293,block1:zero_tool,fcfs,mixed,1785144074.6079454,1785144074.6088214,1785144074.6995394,1785144081.0436535,,,
block1-001597,812.3414122965187,2095.9792162757367,48,135.0,810.7114339945838,2094.349237973802,1.629978301934898,block1:s4,fcfs,mixed,1785144074.8852777,1785144074.886908,1785144075.6976275,1785144076.9812653,,,
block1-001598,774.9907776014879,2064.8156065726653,48,105.0,774.1295540472493,2063.9543830184266,0.861223554238677,block1:s4,fcfs,mixed,1785144074.961436,1785144074.9622977,1785144075.7364347,1785144077.0262592,,,
block1-001599,740.366151672788,2025.6683017360047,48,395.0,739.2236390151083,2024.525789078325,1.1425126576796174,block1:s4,fcfs,mixed,1785144075.3053482,1785144075.306491,1785144076.045722,1785144077.3310246,,,
block1-001600,560.7340231072158,1769.115712144412,43,50.0,560.4276970261708,1768.8093860633671,0.30632608104497194,block1:s1,fcfs,mixed,1785144075.4669151,1785144075.4672215,1785144076.027657,1785144077.2360387,,,
block1-001601,79.32584814261645,2857.586549129337,71,820.0,78.12812901102006,2856.3888299977407,1.1977191315963864,block1:s1,fcfs,mixed,1785144075.5615628,1785144075.5627606,1785144075.6408987,1785144078.419159,,,
block1-001602,70.2146680559963,7632.597128045745,181,110.0,69.24548104871064,7631.6279410384595,0.9691870072856545,block1:zero_tool,fcfs,mixed,1785144076.0183349,1785144076.0193043,1785144076.0885577,1785144083.6509402,,,
block1-001603,541.1016094731167,1495.158031466417,37,15.0,539.4147679908201,1493.4711899841204,1.686841482296586,block1:s1,fcfs,mixed,1785144076.144473,1785144076.1461601,1785144076.6855848,1785144077.6396413,,,
block1-001604,86.9710297556594,4530.044218758121,111,145.0,85.48626094125211,4528.559449943714,1.484768814407289,block1:zero_tool,fcfs,mixed,1785144076.1567206,1785144076.1582057,1785144076.2437012,1785144080.6867747,,,
block1-001605,74.44837398361415,2494.3878329358995,62,47.5,74.00753907859325,2493.9469980308786,0.4408349050208926,block1:s1,fcfs,mixed,1785144076.775224,1785144076.775665,1785144076.8496811,1785144079.2696204,,,
block1-001606,91.34437993634492,2699.085677973926,67,187.5,90.34328896086663,2698.084586998448,1.0010909754782915,block1:s1,fcfs,mixed,1785144076.9272397,1785144076.928241,1785144077.018617,1785144079.6263585,,,
block1-001607,60.474224272184074,2341.378864250146,59,280.0,60.34281197935343,2341.247451957315,0.13141229283064604,block1:s1,fcfs,mixed,1785144076.9656885,1785144076.9658198,1785144077.026169,1785144079.3070736,,,
block1-001608,409.3909543007612,1619.3604583386332,40,155.0,408.4497590083629,1618.4192630462348,0.9411952923983335,block1:s2,fcfs,mixed,1785144077.3473718,1785144077.3483133,1785144077.75677,1785144078.9667394,,,
block1-001609,64.75700158625841,5226.505636586808,122,105.0,64.01793309487402,5225.766568095423,0.739068491384387,block1:zero_tool,fcfs,mixed,1785144077.6355352,1785144077.6362743,1785144077.7002988,1785144082.8620474,,,
block1-001610,95.30627017375082,2684.6179021522403,64,155.0,94.40824901685119,2683.7198809953406,0.898021156899631,block1:s2,fcfs,mixed,1785144078.3047695,1785144078.3056679,1785144078.4000833,1785144080.989395,,,
block1-001611,554.4515554793179,1787.4182334635407,43,10.0,553.547473042272,1786.5141510264948,0.9040824370458722,block1:s2,fcfs,mixed,1785144078.789482,1785144078.7903864,1785144079.343942,1785144080.5769088,,,
block1-001612,471.3501383084804,1493.9909703098238,35,10.0,470.9736860822886,1493.614518083632,0.3764522261917591,block1:s2,fcfs,mixed,1785144079.3623607,1785144079.3627374,1785144079.833718,1785144080.856359,,,
block1-001613,801.2223838595673,2154.313456849195,49,17.5,800.1354489242658,2153.2265219138935,1.0869349353015423,block1:s2,fcfs,mixed,1785144079.5226543,1785144079.5237415,1785144080.3238847,1785144081.6769757,,,
block1-001614,60.62250537797809,6461.235997383483,154,187.5,60.39076205343008,6461.004254058935,0.23174332454800606,block1:zero_tool,fcfs,mixed,1785144079.813102,1785144079.8133337,1785144079.8737326,1785144086.2743456,,,
block1-001615,326.5619653975591,1695.441449410282,37,15.0,325.5641919095069,1694.4436759222299,0.9977734880521894,block1:s2,fcfs,mixed,1785144080.0200403,1785144080.021038,1785144080.346609,1785144081.7154887,,,
block1-001616,58.432552963495255,6289.593109977432,150,115.0,58.11915802769363,6289.27971504163,0.31339493580162525,block1:zero_tool,fcfs,mixed,1785144080.2700799,1785144080.2703934,1785144080.3285186,1785144086.5596795,,,
block1-001617,459.29776155389845,1567.2312944661826,33,12.5,458.2189361099154,1566.1524690221995,1.078825443983078,block1:s3,fcfs,mixed,1785144080.4943717,1785144080.4954507,1785144080.953677,1785144082.0616107,,,
block1-001618,676.2655016500503,1921.1049587465823,41,10.0,675.5484140012413,1920.3878710977733,0.7170876488089561,block1:s3,fcfs,mixed,1785144080.5424426,1785144080.54316,1785144081.2187157,1785144082.463555,,,
block1-001619,808.168237679638,2287.3872007476166,48,282.5,807.9370589694008,2287.1560220373794,0.23117871023714542,block1:s3,fcfs,mixed,1785144080.9071975,1785144080.907429,1785144081.7154012,1785144083.1946201,,,
block1-001620,52.77514737099409,5622.507415362634,135,70.0,51.78486404474825,5621.517132036388,0.9902833262458444,block1:zero_tool,fcfs,mixed,1785144081.1661506,1785144081.167141,1785144081.2189336,1785144086.7886658,,,
block1-001621,699.7092831879854,2073.9327331539243,43,20.0,698.7281270558015,2072.9515770217404,0.981156132183969,block1:s3,fcfs,mixed,1785144081.3237853,1785144081.3247664,1785144082.0235012,1785144083.3977246,,,
block1-001622,956.24162373133,2064.5356867462397,43,282.5,955.6951859267429,2063.9892489416525,0.5464378045871854,block1:s3,fcfs,mixed,1785144081.352874,1785144081.3534205,1785144082.3091226,1785144083.4174168,,,
block1-001623,584.3777126865461,2034.6571166301146,43,15.0,583.6190390400589,2033.8984429836273,0.7586736464872956,block1:s3,fcfs,mixed,1785144081.4009547,1785144081.4017136,1785144081.9853399,1785144083.4356196,,,
block1-001624,124.51297219377011,8101.014504209161,197,172.5,124.37988398596644,8100.881416001357,0.1330882078036666,block1:zero_tool,fcfs,mixed,1785144081.455343,1785144081.4554763,1785144081.5798624,1785144089.5563638,,,
block1-001625,776.8575276713818,2156.8803027039394,48,17.5,776.704974938184,2156.7277499707416,0.15255273319780827,block1:s4,fcfs,mixed,1785144081.7608283,1785144081.760981,1785144082.5376935,1785144083.917716,,,
block1-001626,94.87014764454216,7918.021124671213,194,307.5,94.10679992288351,7917.257776949555,0.7633477216586471,block1:zero_tool,fcfs,mixed,1785144081.771223,1785144081.7719865,1785144081.866099,1785144089.6892502,,,
block1-001627,801.3154853833839,2103.0316923279315,48,100.0,801.2563950615004,2102.972602006048,0.05909032188355923,block1:s4,fcfs,mixed,1785144082.079732,1785144082.079791,1785144082.8810544,1785144084.1827703,,,
block1-001628,857.6210926985368,2070.6195577513427,48,60.0,856.1618599342182,2069.160324987024,1.4592327643185854,block1:s4,fcfs,mixed,1785144082.3760736,1785144082.377533,1785144083.2337024,1785144084.4467008,,,
block1-001629,809.7983270417899,2027.5103599997237,48,550.0,807.8474990325049,2025.5595319904387,1.9508280092850327,block1:s4,fcfs,mixed,1785144082.607694,1785144082.609645,1785144083.4175003,1785144084.6352127,,,
block1-001630,790.785786579363,2008.911028620787,48,10.0,789.5542029291391,2007.679444970563,1.2315836502239108,block1:s4,fcfs,mixed,1785144082.6450417,1785144082.6462734,1785144083.4358344,1785144084.6539598,,,
block1-001631,728.5993442637846,1985.8801402151585,49,60.0,728.2080040313303,1985.4887999827042,0.3913402324542403,block1:s4,fcfs,mixed,1785144082.939663,1785144082.9400544,1785144083.668272,1785144084.925553,,,
block1-001632,558.1522565335035,1692.3605244373903,43,115.0,557.2206630604342,1691.428930964321,0.9315934730693698,block1:s1,fcfs,mixed,1785144083.0541358,1785144083.0550675,1785144083.6122973,1785144084.7465057,,,
block1-001633,536.2410397501662,1446.037137764506,37,17.5,535.8192960266024,1445.6153940409422,0.4217437235638499,block1:s1,fcfs,mixed,1785144083.1700757,1785144083.1704974,1785144083.7063234,1785144084.6161199,,,
block1-001634,57.56448826286942,6190.183651284315,156,95.0,57.18223995063454,6189.80140297208,0.38224831223487854,block1:zero_tool,fcfs,mixed,1785144083.5546541,1785144083.5550368,1785144083.612226,1785144089.7448454,,,
block1-001635,605.234716902487,1823.8037668634206,45,357.5,604.1741479421034,1822.743197903037,1.0605689603835344,block1:s1,fcfs,mixed,1785144084.790448,1785144084.7915087,1785144085.3956897,1785144086.614259,,,
block1-001636,495.3860058449209,1586.9457478402182,39,15.0,494.6330670500174,1586.1928090453148,0.7529387949034572,block1:s1,fcfs,mixed,1785144085.2426605,1785144085.2434137,1785144085.7380877,1785144086.829647,,,
block1-001637,102.32460289262235,2528.4224909264594,62,60.0,100.55085306521505,2526.648741099052,1.7737498274073005,block1:s1,fcfs,mixed,1785144085.4080322,1785144085.409806,1785144085.5103676,1785144087.9364655,,,
block1-001638,520.6714269006625,1729.527420946397,43,170.0,520.4253529664129,1729.2813470121473,0.2460739342495799,block1:s1,fcfs,mixed,1785144085.4435208,1785144085.4437668,1785144085.9641988,1785144087.1730552,,,
block1-001639,426.7710604472086,1343.4025914175436,33,10.0,426.0615350212902,1342.6930659916252,0.7095254259184003,block1:s1,fcfs,mixed,1785144085.9605775,1785144085.9612873,1785144086.3873577,1785144087.3039892,,,
block1-001640,75.91172237880528,5845.342122367583,145,105.0,75.63750492408872,5845.067904912867,0.2742174547165632,block1:zero_tool,fcfs,mixed,1785144085.9720953,1785144085.9723694,1785144086.0480156,1785144091.817446,,,
block1-001641,71.30714226514101,6299.52578630764,156,110.0,69.25177993252873,6297.470423975028,2.055362332612276,block1:zero_tool,fcfs,mixed,1785144086.4141355,1785144086.4161906,1785144086.4854503,1785144092.7136693,,,
block1-001642,526.7609560396522,1502.8638110961765,36,152.5,525.8345089387149,1501.9373639952391,0.9264471009373665,block1:s2,fcfs,mixed,1785144086.4908855,1785144086.491812,1785144087.017654,1785144087.9937572,,,
block1-001643,69.75259725004435,18119.280495331623,449,10.0,69.45421895943582,18118.982117041014,0.2983782906085253,block1:zero_tool,fcfs,mixed,1785144086.6429782,1785144086.6432767,1785144086.7127407,1785144104.762268,,,
block1-001644,55.5151451844722,4800.61639926862,119,15.0,54.47506601922214,4799.57632010337,1.040079165250063,block1:zero_tool,fcfs,mixed,1785144086.7740297,1785144086.77507,1785144086.829554,1785144091.5746558,,,
block1-001645,778.2835477264598,2001.780534745194,49,70.0,777.804811950773,2001.3017989695072,0.4787357756868005,block1:s2,fcfs,mixed,1785144087.0090656,1785144087.0095444,1785144087.7873566,1785144089.0108542,,,
block1-001646,547.3392029525712,1525.227832957171,36,100.0,546.7219490092248,1524.6105790138245,0.6172539433464408,block1:s2,fcfs,mixed,1785144087.5583098,1785144087.5589273,1785144088.1056588,1785144089.0835474,,,
block1-001647,321.4759996626526,1524.882315658033,37,60.0,320.3891640296206,1523.7954800250009,1.086835633032024,block1:s2,fcfs,mixed,1785144087.7649038,1785144087.765991,1785144088.08639,1785144089.2897964,,,
block1-001648,772.630151361227,2074.6923952829093,48,350.0,772.0401650294662,2074.1024089511484,0.5899863317608833,block1:s3,fcfs,mixed,1785144088.820934,1785144088.8215241,1785144089.5935724,1785144090.8956347,,,
block1-001649,419.36784714926034,1661.3748092204332,39,10.0,417.40248596761376,1659.4094480387866,1.9653611816465855,block1:s3,fcfs,mixed,1785144088.933445,1785144088.9354105,1785144089.3528223,1785144090.5948296,,,
block1-001650,65.35439915023744,6876.909345155582,173,15.0,63.95330303348601,6875.50824903883,1.4010961167514324,block1:zero_tool,fcfs,mixed,1785144089.2875156,1785144089.288917,1785144089.3528776,1785144096.1644325,,,
block1-001651,414.9234612705186,1733.7645032675937,41,20.0,414.6453329594806,1733.4863749565557,0.2781283110380173,block1:s3,fcfs,mixed,1785144089.3116794,1785144089.3119576,1785144089.7266104,1785144091.0454512,,,
block1-001652,59.55775210168213,6231.39966710005,157,550.0,59.13812597282231,6230.98004097119,0.419626128859818,block1:zero_tool,fcfs,mixed,1785144089.8378057,1785144089.8382256,1785144089.8973722,1785144096.069214,,,
block1-001653,719.560996745713,1998.8426057389006,48,320.0,718.9555859658867,1998.2371949590743,0.6054107798263431,block1:s3,fcfs,mixed,1785144089.9681685,1785144089.9687738,1785144090.6877363,1785144091.9670181,,,
block1-001654,732.3802255559713,1971.068765502423,48,170.0,732.0536919869483,1970.7422319334,0.3265335690230131,block1:s3,fcfs,mixed,1785144090.4250004,1785144090.4253273,1785144091.1573913,1785144092.39608,,,
block1-001655,501.4815990580246,1734.4716819934547,43,52.5,500.8699500467628,1733.860032982193,0.6116490112617612,block1:s3,fcfs,mixed,1785144090.8100176,1785144090.8106296,1785144091.311508,1785144092.544498,,,
block1-001656,60.24470366537571,6007.948147598654,153,145.0,59.42947405856103,6007.132917991839,0.8152296068146825,block1:zero_tool,fcfs,mixed,1785144091.1758492,1785144091.1766648,1785144091.2361023,1785144097.1838057,,,
block1-001657,670.8734625717625,2004.5165175106376,48,10.0,669.7816760279238,2003.424730966799,1.0917865438386798,block1:s4,fcfs,mixed,1785144091.8536713,1785144091.8547633,1785144092.5245535,1785144093.8581967,,,
block1-001658,771.4004731969908,1998.6378602916375,48,297.5,770.3962579835206,1997.6336450781673,1.004215213470161,block1:s4,fcfs,mixed,1785144092.621196,1785144092.6222003,1785144093.3926055,1785144094.6198425,,,
block1-001659,100.74661509133875,6071.868919068947,154,115.0,100.2256739884615,6071.34797796607,0.5209411028772593,block1:zero_tool,fcfs,mixed,1785144092.650174,1785144092.650695,1785144092.750949,1785144098.7220714,,,
block1-001660,70.74186264071614,5363.5317526059225,137,105.0,68.68864106945693,5361.478531034663,2.0532215712592006,block1:zero_tool,fcfs,mixed,1785144092.7959127,1785144092.7979662,1785144092.866664,1785144098.1594539,,,
block1-001661,727.0920985611156,1966.0826455801725,48,187.5,726.0917270323262,1965.0822740513831,1.000371528789401,block1:s4,fcfs,mixed,1785144092.985529,1785144092.9865296,1785144093.71263,1785144094.9516206,,,
block1-001662,106.63989407476038,6664.692654157989,167,187.5,106.04273993521929,6664.095500018448,0.5971541395410895,block1:zero_tool,fcfs,mixed,1785144093.0758672,1785144093.076465,1785144093.1825147,1785144099.7405674,,,
block1-001663,103.55772613547742,6413.41992712114,162,15.0,103.40910591185093,6413.271306897514,0.1486202236264944,block1:zero_tool,fcfs,mixed,1785144093.0788646,1785144093.0790133,1785144093.18243,1785144099.4922924,,,
block1-001664,554.4102411950007,1718.0190942017362,43,17.5,553.7048099795356,1717.313662986271,0.7054312154650688,block1:s1,fcfs,mixed,1785144093.101756,1785144093.102462,1785144093.6561747,1785144094.8197832,,,
block1-001665,51.54089163988829,18796.935732709244,461,140.0,50.8135249838233,18796.20836605318,0.7273666560649872,block1:zero_tool,fcfs,mixed,1785144093.16827,1785144093.1689975,1785144093.2198172,1785144111.965212,,,
block1-001666,574.0792229771614,1741.7646260000765,44,117.5,573.6460010521114,1741.3314040750265,0.4332219250500202,block1:s1,fcfs,mixed,1785144093.245799,1785144093.2462325,1785144093.8198879,1785144094.9875731,,,
block1-001667,608.8881124742329,1646.1146355140954,42,110.0,608.0668258946389,1645.2933489345014,0.8212865795940161,block1:s1,fcfs,mixed,1785144093.707807,1785144093.7086287,1785144094.3167036,1785144095.35393,,,
block1-001668,368.66575037129223,1515.68933238741,39,110.0,368.3819060679525,1515.4054880840704,0.2838443033397198,block1:s1,fcfs,mixed,1785144094.250989,1785144094.251273,1785144094.6196642,1785144095.766688,,,
block1-001669,69.51971247326583,2528.9030525600538,65,15.0,68.32510198000818,2527.708442066796,1.1946104932576418,block1:s1,fcfs,mixed,1785144094.598103,1785144094.5992982,1785144094.6676345,1785144097.1270177,,,
block1-001670,64.87428420223296,7303.39462927077,182,282.5,63.77928296569735,7302.299628034234,1.0950012365356088,block1:zero_tool,fcfs,mixed,1785144094.9279454,1785144094.929041,1785144094.9928308,1785144102.2313511,,,
block1-001671,56.21242872439325,6193.068549735472,153,15.0,55.89552305173129,6192.75164406281,0.3169056726619601,block1:zero_tool,fcfs,mixed,1785144095.2217777,1785144095.2220948,1785144095.277997,1785144101.4148536,,,
block1-001672,423.74607583042234,1579.7312458744273,40,47.5,423.57242992147803,1579.557599965483,0.17364590894430876,block1:s2,fcfs,mixed,1785144095.9831383,1785144095.983312,1785144096.4068928,1785144097.562878,,,
block1-001673,67.36693158745766,4188.360266620293,101,25.0,65.31991995871067,4186.313254991546,2.0470116287469864,block1:zero_tool,fcfs,mixed,1785144096.3450947,1785144096.347142,1785144096.4124687,1785144100.5334628,,,
block1-001674,517.4177135340869,1419.8225674917921,36,152.5,516.8441400164738,1419.248993974179,0.5735735176131129,block1:s2,fcfs,mixed,1785144096.5905342,1785144096.5911086,1785144097.1079903,1785144098.010395,,,
block1-001675,70.83151605911553,15466.777030960657,374,60.0,69.13385004736483,15465.079364948906,1.697666011750698,block1:zero_tool,fcfs,mixed,1785144096.9803543,1785144096.9820523,1785144097.0511954,1785144112.4471407,,,
block1-001676,68.92025715205818,8592.912946129218,207,100.0,68.44641210045666,8592.439101077616,0.4738450516015291,block1:zero_tool,fcfs,mixed,1785144097.2109392,1785144097.2114131,1785144097.2798672,1785144105.80386,,,
block1-001677,597.0339984633029,1953.738144482486,44,17.5,596.7084440635517,1953.4125900827348,0.32555439975112677,block1:s2,fcfs,mixed,1785144098.0676806,1785144098.068006,1785144098.6647215,1785144100.0214257,,,
block1-001678,74.92764003109187,6460.614756098948,154,47.5,74.37217701226473,6460.059293080121,0.5554630188271403,block1:zero_tool,fcfs,mixed,1785144098.0848894,1785144098.0854452,1785144098.1598256,1785144104.5455127,,,
block1-001679,435.00236282125115,1492.7347237244248,34,117.5,434.56164200324565,1492.2940029064193,0.4407208180055022,block1:s2,fcfs,mixed,1785144098.2108326,1785144098.2112734,1785144098.645842,1785144099.7035744,,,
block1-001680,465.8678773557767,1519.9438873678446,32,95.0,464.7744670510292,1518.850477063097,1.0934103047475219,block1:s3,fcfs,mixed,1785144099.068731,1785144099.0698247,1785144099.5346081,1785144100.5886838,,,
block1-001681,563.3143554441631,1512.0914434082806,33,140.0,563.1343059940264,1511.911393958144,0.18004945013672113,block1:s3,fcfs,mixed,1785144099.3051467,1785144099.3053272,1785144099.8684692,1785144100.8172462,,,
block1-001682,835.2224992122501,2134.0188471367583,48,60.0,834.0117799816653,2132.8081279061735,1.2107192305848002,block1:s3,fcfs,mixed,1785144099.3187785,1785144099.3199894,1785144100.154008,1785144101.452804,,,
block1-001683,768.719594925642,2066.7482148855925,48,15.0,768.2727520586923,2066.3013720186427,0.44684286694973707,block1:s3,fcfs,mixed,1785144099.4992287,1785144099.499676,1785144100.2679563,1785144101.5659847,,,
block1-001684,549.2154263192788,1772.4089602706954,41,12.5,548.5004220390692,1771.6939559904858,0.7150042802095413,block1:s3,fcfs,mixed,1785144099.6426427,1785144099.643358,1785144100.1918666,1785144101.4150603,,,
block1-001685,750.2730414271355,2008.810438332148,48,297.5,749.534628004767,2008.0720249097794,0.7384134223684669,block1:s3,fcfs,mixed,1785144099.7073328,1785144099.7080715,1785144100.4576142,1785144101.7161505,,,
block1-001686,800.5976843414828,1759.8262263927609,43,172.5,798.8053869921714,1758.0339290434495,1.7922973493114114,block1:s3,fcfs,mixed,1785144100.2651258,1785144100.2669184,1785144101.065731,1785144102.0249596,,,
block1-001687,692.2738465946168,2109.5159626565874,48,145.0,692.1118189347908,2109.3539349967614,0.16202765982598066,block1:s3,fcfs,mixed,1785144101.211868,1785144101.2120304,1785144101.9041507,1785144103.3213925,,,
block1-001688,75.83918527234346,6333.191900281236,154,152.5,75.53004496730864,6332.882759976201,0.30914030503481627,block1:zero_tool,fcfs,mixed,1785144101.275951,1785144101.2762609,1785144101.3517978,1785144107.6091502,,,
block1-001689,62.92617169674486,7485.246950644068,182,545.0,62.149577075615525,7484.470356022939,0.776594621129334,block1:zero_tool,fcfs,mixed,1785144101.3522122,1785144101.352989,1785144101.4151447,1785144108.8374655,,,
block1-001690,61.686388216912746,5404.945120215416,130,60.0,60.49557100050151,5403.754302999005,1.190817216411233,block1:zero_tool,fcfs,mixed,1785144101.8834467,1785144101.8846376,1785144101.9451396,1785144107.2883985,,,
block1-001691,55.276098544709384,8014.573055552319,194,287.5,54.40351599827409,8013.700473005883,0.8725825464352965,block1:zero_tool,fcfs,mixed,1785144101.9314084,1785144101.932281,1785144101.986719,1785144109.946016,,,
block1-001692,849.1981637198478,2112.203877652064,48,12.5,847.9418160859495,2110.9475300181657,1.2563476338982582,block1:s4,fcfs,mixed,1785144102.3564148,1785144102.3576715,1785144103.2056203,1785144104.4686263,,,
block1-001693,844.0346457064152,2107.5125297065824,48,395.0,843.8695359509438,2107.347419951111,0.16510975547134876,block1:s4,fcfs,mixed,1785144102.3805017,1785144102.3806672,1785144103.2245436,1785144104.4880216,,,
block1-001694,816.9760151067749,2080.9957780875266,48,15.0,816.7023620335385,2080.72212501429,0.27365307323634624,block1:s4,fcfs,mixed,1785144102.4457579,1785144102.446032,1785144103.2627418,1785144104.5267618,,,
block1-001695,752.034691744484,2032.259703730233,48,15.0,751.75986206159,2031.984874047339,0.2748296828940511,block1:s4,fcfs,mixed,1785144102.5490706,1785144102.5493455,1785144103.3011127,1785144104.5813377,,,
block1-001696,589.2572480952367,1775.9254011325538,43,15.0,588.4288729866967,1775.0970260240138,0.8283751085400581,block1:s1,fcfs,mixed,1785144102.6350355,1785144102.635864,1785144103.2243004,1785144104.4109683,,,
block1-001697,70.94176730606705,7092.966388328932,174,15.0,70.70643594488502,7092.73105696775,0.23533136118203402,block1:zero_tool,fcfs,mixed,1785144102.8537319,1785144102.853968,1785144102.9246821,1785144109.946707,,,
block1-001698,579.5801561325788,1771.9037251081318,44,282.5,578.794357017614,1771.1179259931669,0.7857991149649024,block1:s1,fcfs,mixed,1785144102.9138327,1785144102.9146192,1785144103.4934216,1785144104.6857443,,,
block1-001699,74.07699606847018,2940.848106984049,72,572.5,73.84621805977076,2940.6173289753497,0.23077800869941711,block1:s1,fcfs,mixed,1785144103.0736203,1785144103.0738513,1785144103.1477058,1785144106.0144768,,,
block1-001700,393.693478545174,1601.8990174634382,39,152.5,393.0431540356949,1601.248692953959,0.6503245094791055,block1:s1,fcfs,mixed,1785144103.4607706,1785144103.461421,1785144103.8544712,1785144105.0626767,,,
block1-001701,82.44228374678642,2436.8181247264147,59,20.0,81.93670806940645,2436.3125490490347,0.5055756773799658,block1:s1,fcfs,mixed,1785144103.695258,1785144103.6957638,1785144103.77774,1785144106.1321151,,,
block1-001702,395.95254173036665,1624.2869317065924,39,60.0,395.4666380304843,1623.80102800671,0.4859036998823285,block1:s1,fcfs,mixed,1785144103.8748765,1785144103.8753626,1785144104.270837,1785144105.4991715,,,
block1-001703,70.88605605531484,5354.602591134608,130,17.5,70.16984792426229,5353.886383003555,0.7162081310525537,block1:zero_tool,fcfs,mixed,1785144104.2622087,1785144104.2629254,1785144104.3331032,1785144109.6168196,,,
block1-001704,489.69756241422147,1713.1476944778115,41,75.0,488.42963902279735,1711.8797710863873,1.2679233914241195,block1:s2,fcfs,mixed,1785144104.5155792,1785144104.5168474,1785144105.0052843,1785144106.2287345,,,
block1-001705,513.602590886876,1507.9855258809403,36,187.5,513.2113780127838,1507.594313006848,0.39121287409216166,block1:s2,fcfs,mixed,1785144104.5862267,1785144104.5866182,1785144105.0998366,1785144106.0942197,,,
block1-001706,591.6295369388536,1585.998871945776,37,140.0,590.6107079936191,1584.9800430005416,1.018828945234418,block1:s2,fcfs,mixed,1785144104.810531,1785144104.81155,1785144105.4021688,1785144106.3965383,,,
block1-001707,591.0296139772981,1810.8076140051708,43,17.5,590.0003589922562,1809.7783590201288,1.0292549850419164,block1:s2,fcfs,mixed,1785144105.2508497,1785144105.2518792,1785144105.8418868,1785144107.0616648,,,
block1-001708,93.23650726582855,23729.577689315192,571,10.0,92.73355198092759,23729.07473403029,0.5029552849009633,block1:zero_tool,fcfs,mixed,1785144105.2523267,1785144105.25283,1785144105.3455703,1785144128.9819117,,,
block1-001709,62.951182131655514,14125.185895129107,337,15.0,61.49756896775216,14123.732281965204,1.4536131639033556,block1:zero_tool,fcfs,mixed,1785144105.5536172,1785144105.555071,1785144105.6165762,1785144119.6788108,,,
block1-001710,590.2140833204612,1571.6758692869917,38,60.0,589.4831010373309,1570.9448870038614,0.7309822831302881,block1:s2,fcfs,mixed,1785144105.696494,1785144105.6972256,1785144106.2867167,1785144107.2681785,,,
block1-001711,59.40017686225474,6045.668440870941,145,110.0,59.239643975161016,6045.507907983847,0.16053288709372282,block1:zero_tool,fcfs,mixed,1785144106.016503,1785144106.0166638,1785144106.0759108,1785144112.0621789,,,
block1-001712,425.341778784059,1335.7047098688781,32,217.5,424.9107550131157,1335.2736860979348,0.43102377094328403,block1:s3,fcfs,mixed,1785144106.2355208,1785144106.2359521,1785144106.6608703,1785144107.5712333,,,
block1-001713,426.12055595964193,1334.3678819946945,33,20.0,425.45896396040916,1333.7062899954617,0.661591999232769,block1:s3,fcfs,mixed,1785144106.4071293,1785144106.4077911,1785144106.8332574,1785144107.7415054,,,
block1-001714,732.1654761908576,2068.7757082050666,48,485.0,731.1370020033792,2067.747234017588,1.0284741874784231,block1:s3,fcfs,mixed,1785144107.8395665,1785144107.8405952,1785144108.5717533,1785144109.9083636,,,
block1-001715,63.76164883840829,5461.0788287827745,131,297.5,62.95740499626845,5460.274584940635,0.8042438421398401,block1:zero_tool,fcfs,mixed,1785144108.0552163,1785144108.0560207,1785144108.1189868,1785144113.5163038,,,
block1-001716,540.6162301078439,1762.4084741109982,41,395.0,540.4180809855461,1762.2103249887004,0.19814912229776382,block1:s3,fcfs,mixed,1785144108.2966425,1785144108.296841,1785144108.8372686,1785144110.0590606,,,
block1-001717,767.6180652342737,2061.201853211969,46,60.0,767.3562919953838,2060.9400799730793,0.26177323888987303,block1:s3,fcfs,mixed,1785144108.6400454,1785144108.6403074,1785144109.4076717,1785144110.7012558,,,
block1-001718,849.8244888614863,1947.6661077933386,43,172.5,849.6535600861534,1947.4951790180057,0.1709287753328681,block1:s3,fcfs,mixed,1785144108.8845255,1785144108.8846965,1785144109.7343583,1785144110.8321996,,,
block1-001719,506.0790416318923,1912.7223215764388,43,280.0,505.0216370727867,1911.6649170173332,1.0574045591056347,block1:s3,fcfs,mixed,1785144108.9569082,1785144108.9579659,1785144109.4629958,1785144110.8696392,,,
block1-001720,59.55406348221004,8317.435507429764,193,15.0,59.22400497365743,8317.105448921211,0.3300585085526109,block1:zero_tool,fcfs,mixed,1785144109.6749103,1785144109.6752408,1785144109.734472,1785144117.9923534,,,
block1-001721,833.6776151554659,2119.9765402125195,48,550.0,833.3641999633983,2119.663125020452,0.31341519206762314,block1:s4,fcfs,mixed,1785144110.0739632,1785144110.074277,1785144110.907649,1785144112.1939483,,,
block1-001722,808.0236996756867,2092.4643187317997,48,115.0,807.6260120142251,2092.066631070338,0.3976876614615321,block1:s4,fcfs,mixed,1785144110.3315916,1785144110.3319895,1785144111.1396239,1785144112.4240649,,,
block1-001723,810.5382355861366,2097.274438594468,48,145.0,809.987617074512,2096.7238200828433,0.5506185116246343,block1:s4,fcfs,mixed,1785144110.349728,1785144110.3502789,1785144111.1602736,1785144112.4470098,,,
block1-001724,768.6808401485905,2016.8326090788469,48,485.0,768.03460996598,2016.1863788962364,0.6462301826104522,block1:s4,fcfs,mixed,1785144110.5420675,1785144110.542714,1785144111.3107574,1785144112.5589094,,,
block1-001725,57.111135916784406,7566.661141929217,177,105.0,56.8307499634102,7566.3807559758425,0.280385953374207,block1:zero_tool,fcfs,mixed,1785144110.644293,1785144110.644574,1785144110.7014134,1785144118.2109635,,,
block1-001726,724.5408135931939,2026.5222995076329,49,60.0,723.6623590579256,2025.6438449723646,0.8784545352682471,block1:s4,fcfs,mixed,1785144110.701657,1785144110.7025356,1785144111.4262037,1785144112.7281854,,,
block1-001727,687.8799934638664,1966.0653484752402,48,140.0,687.0905089890584,1965.2758640004322,0.7894844748079777,block1:s4,fcfs,mixed,1785144111.1226192,1785144111.1234086,1785144111.8105056,1785144113.0886912,,,
block1-001728,103.00085856579244,4965.1372416410595,117,152.5,102.0431489450857,4964.179532020353,0.957709620706737,block1:zero_tool,fcfs,mixed,1785144111.1311474,1785144111.132105,1785144111.2341726,1785144116.0963092,,,
block1-001729,108.46628237050027,2815.563589334488,69,395.0,107.1426069829613,2814.239913946949,1.3236753875389695,block1:s1,fcfs,mixed,1785144111.8547263,1785144111.8560503,1785144111.963201,1785144114.6702983,,,
block1-001730,105.29762913938612,15957.41253416054,383,60.0,104.18952396139503,15956.304428982548,1.1081051779910922,block1:zero_tool,fcfs,mixed,1785144111.8578472,1785144111.8589556,1785144111.9631522,1785144127.815267,,,
block1-001731,85.43883776292205,8008.239232818596,190,70.0,84.52909195329994,8007.329487008974,0.9097458096221089,block1:zero_tool,fcfs,mixed,1785144111.8795586,1785144111.8804688,1785144111.965006,1785144119.8878064,,,
block1-001732,522.5922636454925,1513.8930035755038,36,172.5,522.2238950664178,1513.524634996429,0.3683685790747404,block1:s1,fcfs,mixed,1785144112.6695592,1785144112.6699278,1785144113.1921592,1785144114.1834602,,,
block1-001733,92.77873334940523,2829.029178363271,63,10.0,92.26785297505558,2828.5182979889214,0.5108803743496537,block1:s1,fcfs,mixed,1785144112.9957862,1785144112.9962971,1785144113.088571,1785144115.8248215,,,
block1-001734,98.10141136404127,2982.1289223618805,67,170.0,97.3018310032785,2981.3293420011178,0.7995803607627749,block1:s1,fcfs,mixed,1785144113.0158155,1785144113.0166152,1785144113.1139238,1785144115.9979517,,,
block1-001735,595.1420143246651,1553.7929342826828,37,117.5,594.5113470079377,1553.1622669659555,0.6306673167273402,block1:s1,fcfs,mixed,1785144113.0176992,1785144113.0183299,1785144113.6128469,1785144114.5714977,,,
block1-001736,57.65581026207656,17885.807259357534,430,280.0,57.33853799756616,17885.489987093024,0.31727226451039314,block1:zero_tool,fcfs,mixed,1785144113.1169698,1785144113.1172872,1785144113.174633,1785144131.0027845,,,
block1-001737,478.7483972031623,1752.725601196289,40,217.5,477.94282401446253,1751.9200280075893,0.8055731886997819,block1:s2,fcfs,mixed,1785144113.5098243,1785144113.5106301,1785144113.9885793,1785144115.2625566,,,
block1-001738,63.63555579446256,7324.300047825091,173,10.0,63.1798249669373,7323.844316997565,0.45573082752525806,block1:zero_tool,fcfs,mixed,1785144113.610658,1785144113.611114,1785144113.674302,1785144120.9349666,,,
block1-001739,588.9262214768678,2010.5545914266258,43,47.5,587.9315129714087,2009.5598829211667,0.9947085054591298,block1:s2,fcfs,mixed,1785144113.6942532,1785144113.6952481,1785144114.2831879,1785144115.7048163,,,
block1-001740,497.88274720776826,1538.2355462061241,35,92.5,497.405716101639,1537.7585150999948,0.4770311061292887,block1:s2,fcfs,mixed,1785144113.7462378,1785144113.746715,1785144114.2441306,1785144115.2844834,,,
block1-001741,806.2145676231012,2194.9024396017194,49,172.5,804.9762879963964,2193.6641599750146,1.2382796267047524,block1:s2,fcfs,mixed,1785144114.1709971,1785144114.1722355,1785144114.9772205,1785144116.3659084,,,
block1-001742,72.05049297772348,6996.647441992536,166,322.5,70.89618500322104,6995.493134018034,1.1543079745024443,block1:zero_tool,fcfs,mixed,1785144114.3668451,1785144114.3679998,1785144114.4389045,1785144121.363501,,,
block1-001743,348.7520009512082,1483.0637378618121,31,15.0,348.23065309319645,1482.5423900038004,0.5213478580117226,block1:s2,fcfs,mixed,1785144114.7843962,1785144114.7849178,1785144115.1331546,1785144116.2674665,,,
block1-001744,57.580380933359265,10551.239493885078,248,170.0,56.7859000293538,10550.445012981072,0.7944809040054679,block1:zero_tool,fcfs,mixed,1785144114.8988185,1785144114.8996131,1785144114.9564207,1785144125.4500792,,,
block1-001745,634.9959673825651,1796.0540084168315,39,20.0,634.637568029575,1795.6956090638414,0.35839935299009085,block1:s3,fcfs,mixed,1785144115.0298476,1785144115.0302064,1785144115.6648831,1785144116.8259413,,,
block1-001746,111.59437289461493,6914.634728920646,164,152.5,111.23527598101646,6914.2756320070475,0.35909691359847784,block1:zero_tool,fcfs,mixed,1785144115.0620759,1785144115.0624354,1785144115.17368,1785144121.9767206,,,
block1-001747,610.8223765622824,1846.253614523448,41,70.0,609.3507200712338,1844.7819580323994,1.471656491048634,block1:s3,fcfs,mixed,1785144115.0941174,1785144115.0955896,1785144115.7049506,1785144116.940382,,,
block1-001748,625.1884893281385,1815.6117192702368,41,172.5,624.0358530776575,1814.4590830197558,1.1526362504810095,block1:s3,fcfs,mixed,1785144115.2935824,1785144115.2947352,1785144115.9187782,1785144117.1092014,,,
block1-001749,685.4033782146871,1877.8128632111475,43,52.5,684.7142439801246,1877.123728976585,0.6891342345625162,block1:s3,fcfs,mixed,1785144115.3499067,1785144115.3505962,1785144116.0353174,1785144117.2277272,,,
block1-001750,782.6239801943302,2011.1887051025406,46,172.5,781.7470660666004,2010.3117909748107,0.8769141277298331,block1:s3,fcfs,mixed,1785144115.3902054,1785144115.391083,1785144116.1728394,1785144117.4014044,,,
block1-001751,537.5745489727706,1840.2712719980627,43,412.5,536.8023089831695,1839.4990320084617,0.7722399896010756,block1:s3,fcfs,mixed,1785144115.4809082,1785144115.481681,1785144116.0184922,1785144117.321189,,,
block1-001752,69.29609959479421,5873.638005577959,143,287.5,69.0429899841547,5873.38489596732,0.25310961063951254,block1:zero_tool,fcfs,mixed,1785144115.7160037,1785144115.716257,1785144115.7853076,1785144121.5896494,,,
block1-001753,914.565492188558,2169.300372246653,48,282.5,914.109478937462,2168.844358995557,0.4560132510960102,block1:s4,fcfs,mixed,1785144116.9332364,1785144116.9336927,1785144117.847809,1785144119.102544,,,
block1-001754,889.783771825023,2134.0867277467623,48,145.0,888.9566709985957,2133.259626920335,0.8271008264273405,block1:s4,fcfs,mixed,1785144117.1795998,1785144117.180427,1785144118.069392,1785144119.3136947,,,
block1-001755,68.38744878768921,5728.167567867786,139,140.0,66.25150691252202,5726.0316259926185,2.135941875167191,block1:zero_tool,fcfs,mixed,1785144117.3119335,1785144117.3140697,1785144117.3803282,1785144123.0401082,,,
block1-001756,859.5576727529988,2098.6413317732513,48,140.0,858.4660859778523,2097.549744998105,1.0915867751464248,block1:s4,fcfs,mixed,1785144117.38939,1785144117.3904815,1785144118.2489755,1785144119.4880593,,,
block1-001757,855.1302759442478,2094.7971428977326,48,545.0,854.393866029568,2094.0607329830527,0.7364099146798253,block1:s4,fcfs,mixed,1785144117.4120228,1785144117.4127595,1785144118.267162,1785144119.5068293,,,
block1-001758,854.4698470504954,2094.3101331358775,48,145.0,853.969848016277,2093.810134101659,0.4999990342184901,block1:s4,fcfs,mixed,1785144117.4128988,1785144117.413399,1785144118.267374,1785144119.5072143,,,
block1-001759,774.9734909739345,2012.6960530178621,48,140.0,773.0504759820178,2010.7730380259454,1.923014991916716,block1:s4,fcfs,mixed,1785144117.5311222,1785144117.5330458,1785144118.3061044,1785144119.5438273,,,
block1-001760,565.1404368691146,1726.427516900003,43,20.0,563.3519130060449,1724.6389930369332,1.7885238630697131,block1:s1,fcfs,mixed,1785144117.741064,1785144117.7428532,1785144118.3062139,1785144119.4675012,,,
block1-001761,82.77555019594729,2564.077779185027,65,50.0,82.21049699932337,2563.512725988403,0.5650531966239214,block1:s1,fcfs,mixed,1785144117.8534102,1785144117.8539755,1785144117.9361951,1785144120.4174972,,,
block1-001762,487.3894603224471,1416.257013217546,36,287.5,486.4342421060428,1415.3017950011417,0.9552182164043188,block1:s1,fcfs,mixed,1785144118.0907555,1785144118.091711,1785144118.5781515,1785144119.507019,,,
block1-001763,63.612582394853234,9872.804928338155,240,60.0,62.99734499771148,9872.189690941013,0.6152373971417546,block1:zero_tool,fcfs,mixed,1785144119.786078,1785144119.7866933,1785144119.8496985,1785144129.658891,,,
block1-001764,486.90307524520904,1712.0467972708866,42,117.5,485.1285850163549,1710.2723070420325,1.7744902288541198,block1:s1,fcfs,mixed,1785144119.8580892,1785144119.859864,1785144120.3450003,1785144121.5701437,,,
block1-001765,73.40247288811952,2485.737240873277,60,107.5,72.63617007993162,2484.9709380650893,0.766302808187902,block1:s1,fcfs,mixed,1785144120.3442793,1785144120.3450456,1785144120.4176888,1785144122.830024,,,
block1-001766,65.88339584413916,12517.07703480497,302,357.5,65.60304807499051,12516.796687035821,0.2803477691486478,block1:zero_tool,fcfs,mixed,1785144120.3517478,1785144120.3520284,1785144120.4176395,1785144132.868833,,,
block1-001767,75.67590556573123,2438.056545564905,59,12.5,74.88047506194562,2437.261115061119,0.7954305037856102,block1:s1,fcfs,mixed,1785144120.5065813,1785144120.507377,1785144120.5822647,1785144122.9446456,,,
block1-001768,421.7621721327305,1625.8924960857257,40,15.0,421.1238620337099,1625.2541859867051,0.6383100990206003,block1:s2,fcfs,mixed,1785144120.704075,1785144120.7047136,1785144121.1258755,1785144122.3300056,,,
block1-001769,581.230913172476,1570.5570051213726,38,322.5,580.8804800035432,1570.2065719524398,0.3504331689327955,block1:s2,fcfs,mixed,1785144120.8737082,1785144120.8740587,1785144121.4549456,1785144122.4442716,,,
block1-001770,55.54089439101517,6508.142633363605,156,22.5,55.22163398563862,6507.823372958228,0.31926040537655354,block1:zero_tool,fcfs,mixed,1785144121.1678925,1785144121.168212,1785144121.2234414,1785144127.6760433,,,
block1-001771,67.76779040228575,15653.108723345213,380,135.0,66.07473804615438,15651.415670989081,1.6930523561313748,block1:zero_tool,fcfs,mixed,1785144121.2740052,1785144121.2756984,1785144121.3417802,1785144136.9271212,,,
block1-001772,492.06344212871045,1499.9720191117376,35,15.0,491.1278000799939,1499.036377063021,0.9356420487165451,block1:s2,fcfs,mixed,1785144121.3870816,1785144121.3880174,1785144121.879152,1785144122.8870609,,,
block1-001773,61.069533112458885,6663.675461080857,160,17.5,59.99552202410996,6662.601449992508,1.0740110883489251,block1:zero_tool,fcfs,mixed,1785144121.470178,1785144121.4712522,1785144121.531256,1785144128.1338618,,,
block1-001774,68.07307677809149,14811.981925740838,359,307.5,66.05672708246857,14809.965576045215,2.016349695622921,block1:zero_tool,fcfs,mixed,1785144121.639985,1785144121.6420016,1785144121.708066,1785144136.4519749,,,
block1-001775,60.630180640146136,4330.811337684281,101,485.0,60.44874095823616,4330.629898002371,0.1814396819099784,block1:zero_tool,fcfs,mixed,1785144122.0136962,1785144122.0138779,1785144122.0743327,1785144126.344514,,,
block1-001776,59.69540891237557,5597.003331989981,133,70.0,58.79848590120673,5596.106408978812,0.8969230111688375,block1:zero_tool,fcfs,mixed,1785144122.1149304,1785144122.1158276,1785144122.1746354,1785144127.7119431,,,
block1-001777,732.1737969759852,2281.904647941701,48,17.5,731.7731570219621,2281.504007987678,0.4006399540230632,block1:s3,fcfs,mixed,1785144122.3077524,1785144122.3081532,1785144123.039934,1785144124.5896647,,,
block1-001778,621.889739530161,1901.191666489467,41,160.0,621.258840081282,1900.560767040588,0.6308994488790631,block1:s3,fcfs,mixed,1785144122.41771,1785144122.4183412,1785144123.0396073,1785144124.3189094,,,
block1-001779,64.76652913261205,9474.14001415018,229,172.5,64.58263099193573,9473.956116009504,0.1838981406763196,block1:zero_tool,fcfs,mixed,1785144122.609793,1785144122.609977,1785144122.6745667,1785144132.0839403,,,
block1-001780,904.1232188465074,2233.874691883102,48,10.0,903.8678329670802,2233.619306003675,0.2553858794271946,block1:s3,fcfs,mixed,1785144123.0430632,1785144123.0433187,1785144123.9471948,1785144125.276946,,,
block1-001781,898.816837114282,2150.366693153046,46,170.0,897.6122579770163,2149.1621140157804,1.2045791372656822,block1:s3,fcfs,mixed,1785144123.06837,1785144123.069575,1785144123.9671957,1785144125.218746,,,
block1-001782,837.1322624152526,2088.014619424939,46,820.0,836.29991998896,2087.1822769986466,0.8323424262925982,block1:s3,fcfs,mixed,1785144123.16911,1785144123.1699429,1785144124.0062516,1785144125.2571337,,,
block1-001783,584.042232716456,1951.8138216808438,43,100.0,583.2588929915801,1951.0304819559678,0.7833397248759866,block1:s3,fcfs,mixed,1785144123.2083666,1785144123.2091498,1785144123.7924411,1785144125.1602128,,,
block1-001784,127.43135332129896,5829.771089251153,143,20.0,126.17327901534736,5828.513014945202,1.2580743059515953,block1:zero_tool,fcfs,mixed,1785144123.3062592,1785144123.3075175,1785144123.4336977,1785144129.1360376,,,
block1-001785,741.5958718629554,2069.4526887964457,48,17.5,740.8309350721538,2068.687752005644,0.7649367908015847,block1:s4,fcfs,mixed,1785144123.3428562,1785144123.3436215,1785144124.0844595,1785144125.4123158,,,
block1-001786,102.46200079564005,7386.898594792001,182,20.0,101.98795900214463,7386.4245529985055,0.47404179349541664,block1:zero_tool,fcfs,mixed,1785144123.3617702,1785144123.3622444,1785144123.4642384,1785144130.748675,,,
block1-001787,792.8544969763607,2047.0657260157168,48,217.5,791.8659079587087,2046.0771369980648,0.9885890176519752,block1:s4,fcfs,mixed,1785144123.7966523,1785144123.7976413,1785144124.5895145,1785144125.843726,,,
block1-001788,754.4713063398376,1999.1785782622173,48,85.0,753.5650230711326,1998.2722949935123,0.9062832687050104,block1:s4,fcfs,mixed,1785144124.3265247,1785144124.3274314,1785144125.0810046,1785144126.325712,,,
block1-001789,720.2012399211526,1962.2403479879722,48,550.0,719.6912069339305,1961.7303150007501,0.5100329872220755,block1:s4,fcfs,mixed,1785144124.4199514,1785144124.4204617,1785144125.1401615,1785144126.3822005,,,
block1-001790,63.48098965827376,6526.48222562857,162,10.0,62.99315509386361,6525.99439106416,0.48783456441015005,block1:zero_tool,fcfs,mixed,1785144124.9394374,1785144124.9399254,1785144125.0029266,1785144131.4659278,,,
block1-001791,67.2677846159786,6924.853116623126,170,412.5,66.43734697718173,6924.022678984329,0.8304376387968659,block1:zero_tool,fcfs,mixed,1785144125.5214767,1785144125.5223076,1785144125.5887542,1785144132.4463391,,,
block1-001792,59.16336155496538,5816.7233765125275,144,70.0,58.52026597131044,5816.0802809288725,0.6430955836549401,block1:zero_tool,fcfs,mixed,1785144125.591273,1785144125.5919163,1785144125.6504447,1785144131.4080052,,,
block1-001793,100.57706292718649,6569.464472006075,159,572.5,99.92762294132262,6568.815032020211,0.6494399858638644,block1:zero_tool,fcfs,mixed,1785144127.1209178,1785144127.1215675,1785144127.2215033,1785144133.6903906,,,
block1-001794,577.6702795410529,1666.1048365058377,41,12.5,576.9891779636964,1665.4237349284813,0.6811015773564577,block1:s1,fcfs,mixed,1785144127.1600976,1785144127.1607788,1785144127.7377748,1785144128.8262093,,,
block1-001795,548.1200178619474,1500.15600991901,37,107.5,547.2806809702888,1499.3166730273515,0.8393368916586041,block1:s1,fcfs,mixed,1785144127.1636348,1785144127.1644742,1785144127.711762,1785144128.6637983,,,
block1-001796,392.2511162236333,1597.3752052523196,39,395.0,392.0931639149785,1597.2172529436648,0.15795230865478516,block1:s1,fcfs,mixed,1785144127.3455577,1785144127.3457158,1785144127.7378151,1785144128.942939,,,
block1-001797,69.81662975158542,4936.357469763607,119,12.5,68.76262999139726,4935.303470003419,1.0539997601881623,block1:zero_tool,fcfs,mixed,1785144127.4908917,1785144127.4919462,1785144127.560719,1785144132.42726,,,
block1-001798,71.18114666081965,11311.096901656128,280,172.5,70.11023699305952,11310.025991988368,1.0709096677601337,block1:zero_tool,fcfs,mixed,1785144127.6460757,1785144127.6471467,1785144127.7172647,1785144138.9571803,,,
block1-001799,74.60298598743975,2514.4358510151505,62,47.5,73.84725799784064,2513.6801230255514,0.7557279895991087,block1:s1,fcfs,mixed,1785144127.8491204,1785144127.8498762,1785144127.9237304,1785144130.3635633,,,
block1-001800,98.15237508155406,4990.916509064846,120,320.0,97.23271010443568,4989.996844087727,0.9196649771183729,block1:zero_tool,fcfs,mixed,1785144127.9750476,1785144127.9759672,1785144128.0732327,1785144132.9659967,,,
block1-001801,425.6476074224338,1638.3664574241266,40,12.5,425.1657819841057,1637.8846319857985,0.48182543832808733,block1:s2,fcfs,mixed,1785144128.000597,1785144128.0010793,1785144128.4262547,1785144129.638974,,,
block1-001802,67.92638660408556,18612.560690613464,457,12.5,67.62964394874871,18612.263947958127,0.29674265533685684,block1:zero_tool,fcfs,mixed,1785144128.497233,1785144128.4975297,1785144128.5651684,1785144147.1098027,,,
block1-001803,62.29757925029844,17016.604770207778,419,60.0,61.78225809708238,17016.08944905456,0.515321153216064,block1:zero_tool,fcfs,mixed,1785144128.6825385,1785144128.683054,1785144128.744844,1785144145.6991515,,,
block1-001804,74.96937899850309,4959.583703079261,119,95.0,74.49854596052319,4959.112870041281,0.47083303797990084,block1:zero_tool,fcfs,mixed,1785144128.7311077,1785144128.7315788,1785144128.8060865,1785144133.6907008,,,
block1-001805,72.64890067745,6105.968899675645,149,115.0,70.86477498523891,6104.184773983434,1.7841256922110915,block1:zero_tool,fcfs,mixed,1785144129.18283,1785144129.1846144,1785144129.2554867,1785144135.2888067,,,
block1-001806,614.8362145759165,1623.1399985263124,38,187.5,614.0359760029241,1622.33975995332,0.8002385729923844,block1:s2,fcfs,mixed,1785144129.3986366,1785144129.399437,1785144130.0134811,1785144131.021785,,,
block1-001807,59.79550560005009,5514.999090577476,135,545.0,58.99021402001381,5514.193798997439,0.8052915800362825,block1:zero_tool,fcfs,mixed,1785144129.736618,1785144129.7374237,1785144129.796422,1785144135.251625,,,
block1-001808,64.89776261150837,7057.138524600305,172,485.0,63.86940204538405,7056.11016403418,1.02836056612432,block1:zero_tool,fcfs,mixed,1785144129.8510628,1785144129.8520913,1785144129.9159696,1785144136.9082105,,,
block1-001809,788.6147681856528,2117.8136601811275,48,107.5,787.5150080071762,2116.713900002651,1.099760178476572,block1:s3,fcfs,mixed,1785144130.4445977,1785144130.4456975,1785144131.233221,1785144132.5624194,,,
block1-001810,66.78710808046162,6572.122079087421,161,282.5,66.36852701194584,6571.7034980189055,0.4185810685157776,block1:zero_tool,fcfs,mixed,1785144130.8025873,1785144130.803006,1785144130.869383,1785144137.3747182,,,
block1-001811,461.5632276982069,1790.1531807146966,41,15.0,460.94105404336005,1789.5310070598498,0.6221736548468471,block1:s3,fcfs,mixed,1785144130.848819,1785144130.8494415,1785144131.3103905,1785144132.6389802,,,
block1-001812,729.2280066758394,2056.1089436523616,48,17.5,728.936432977207,2055.817369953729,0.2915736986324191,block1:s3,fcfs,mixed,1785144131.0247788,1785144131.0250707,1785144131.754015,1785144133.080896,,,
block1-001813,728.1738898018375,2028.8153717992827,47,412.5,727.0403070142493,2027.6817890116945,1.1335827875882387,block1:s3,fcfs,mixed,1785144131.5102484,1785144131.5113823,1785144132.2384303,1785144133.5390716,,,
block1-001814,752.8933892026544,2008.099123253487,48,17.5,751.7784349620342,2006.984169012867,1.1149542406201363,block1:s3,fcfs,mixed,1785144132.1539712,1785144132.1550863,1785144132.906874,1785144134.1620798,,,
block1-001815,92.59897912852466,5137.750382069498,128,145.0,91.40612499322742,5136.557527934201,1.1928541352972388,block1:zero_tool,fcfs,mixed,1785144132.2737017,1785144132.274895,1785144132.3663094,1785144137.4114609,,,
block1-001816,85.2780060376972,13171.9143060036,326,92.5,84.22584203071892,13170.862141996622,1.0521640069782734,block1:zero_tool,fcfs,mixed,1785144132.283575,1785144132.2846274,1785144132.36886,1785144145.4554963,,,
block1-001817,734.594882815145,2019.4901428185403,50,135.0,733.9044399559498,2018.7996999593452,0.6904428591951728,block1:s4,fcfs,mixed,1785144132.6505387,1785144132.6512291,1785144133.3851404,1785144134.6700356,,,
block1-001818,702.8767772717401,1944.9542523361742,48,15.0,702.6461369823664,1944.7236120468006,0.23064028937369585,block1:s4,fcfs,mixed,1785144133.1569026,1785144133.1571336,1785144133.8597872,1785144135.101865,,,
block1-001819,711.9204665068537,2033.4122154163197,48,20.0,710.9077860368416,2032.3995349463075,1.0126804700121284,block1:s4,fcfs,mixed,1785144134.9868648,1785144134.9878776,1785144135.6987927,1785144137.0202844,,,
block1-001820,792.2283200314268,1996.7110080178827,48,10.0,791.7338160332292,1996.216504019685,0.49450399819761515,block1:s4,fcfs,mixed,1785144135.5646327,1785144135.5651274,1785144136.3568702,1785144137.5613527,,,
block1-001821,769.4505874533206,1977.9104455374181,48,15.0,768.9256229205057,1977.3854810046032,0.52496453281492,block1:s4,fcfs,mixed,1785144135.8552895,1785144135.855815,1785144136.624749,1785144137.8332088,,,
block1-001822,755.4945648880675,1964.041841798462,48,52.5,755.0000280607492,1963.5473049711436,0.49453682731837034,block1:s4,fcfs,mixed,1785144135.888008,1785144135.8885028,1785144136.6435113,1785144137.8520586,,,
block1-001823,686.9177173357457,1914.2503383336589,48,545.0,686.1607970204204,1913.4934180183336,0.7569203153252602,block1:s4,fcfs,mixed,1785144136.1077592,1785144136.1085165,1785144136.7946858,1785144138.0220182,,,
block1-001824,63.07531718630344,6893.7531161354855,172,105.0,62.222047010436654,6892.899845959619,0.8532701758667827,block1:zero_tool,fcfs,mixed,1785144136.4676366,1785144136.4684901,1785144136.5307453,1785144143.361423,,,
block1-001825,523.9888338837773,1454.069418949075,37,172.5,522.4700500257313,1452.550635091029,1.5187838580459356,block1:s1,fcfs,mixed,1785144137.5406651,1785144137.5421839,1785144138.0646608,1785144138.9947412,,,
block1-001826,525.0609796494246,1683.9738296112046,43,60.0,524.6071650180966,1683.5200149798766,0.4538146313279867,block1:s1,fcfs,mixed,1785144137.8598433,1785144137.8602974,1785144138.3849118,1785144139.5438247,,,
block1-001827,52.46183043345809,6570.600268431008,161,115.0,52.212830982171,6570.351268979721,0.24899945128709078,block1:zero_tool,fcfs,mixed,1785144137.9744232,1785144137.9746723,1785144138.0268927,1785144144.5450308,,,
block1-001828,87.48954231850803,5689.9269302375615,140,70.0,86.887376033701,5689.324763952754,0.6021662848070264,block1:zero_tool,fcfs,mixed,1785144138.3885198,1785144138.389122,1785144138.4760165,1785144144.078454,,,
block1-001829,75.7786292815581,2696.926649310626,65,60.0,75.42859390377998,2696.576613932848,0.3500353777781129,block1:s1,fcfs,mixed,1785144138.403328,1785144138.4036782,1785144138.479125,1785144141.1002731,,,
block1-001830,405.3893657401204,1546.29582981579,40,12.5,404.3491919292137,1545.2556560048833,1.0401738109067082,block1:s1,fcfs,mixed,1785144138.5333476,1785144138.534388,1785144138.9387445,1785144140.0796509,,,
block1-001831,67.65562877990305,5227.735628723167,125,100.0,67.17714504338801,5227.257144986652,0.47848373651504517,block1:zero_tool,fcfs,mixed,1785144139.3631406,1785144139.3636193,1785144139.4308043,1785144144.5908844,,,
block1-001832,406.76860488019884,1735.2993248496205,40,395.0,405.4759090067819,1734.0066289762035,1.2926958734169602,block1:s2,fcfs,mixed,1785144139.6904323,1785144139.6917253,1785144140.0972078,1785144141.4257386,,,
block1-001833,67.07057054154575,7768.589911516756,186,15.0,65.2601890033111,7766.779529978521,1.810381538234651,block1:zero_tool,fcfs,mixed,1785144139.8207963,1785144139.8226066,1785144139.8878736,1785144147.589393,,,
block1-001834,55.05972064565867,5824.694284587167,140,12.5,54.40345499664545,5824.038018938154,0.6562656490132213,block1:zero_tool,fcfs,mixed,1785144139.92972,1785144139.9303765,1785144139.9847872,1785144145.754422,,,
block1-001835,87.75169146247208,2919.6563694858924,69,95.0,87.52837392967194,2919.433051953092,0.223317532800138,block1:s2,fcfs,mixed,1785144140.1001427,1785144140.1003664,1785144140.187902,1785144143.0198066,,,
block1-001836,612.6980355475098,1562.883050646633,35,545.0,612.4829479958862,1562.6679630950093,0.21508755162358284,block1:s2,fcfs,mixed,1785144140.3641403,1785144140.3643556,1785144140.9768462,1785144141.9270315,,,
block1-001837,670.5600637942553,1861.4958737744018,44,20.0,668.521168990992,1859.4569789711386,2.038894803263247,block1:s2,fcfs,mixed,1785144140.4472554,1785144140.4492946,1785144141.1178255,1785144142.3087611,,,
block1-001838,593.4229615377262,1555.4255965398625,36,152.5,593.2890849653631,1555.2917199674994,0.1338765723630786,block1:s2,fcfs,mixed,1785144140.5071301,1785144140.5072646,1785144141.10059,1785144142.0625925,,,
block1-001839,489.0910576796159,1451.8343206727877,34,395.0,488.5966929141432,1451.339955907315,0.49436476547271013,block1:s2,fcfs,mixed,1785144140.6486268,1785144140.6491213,1785144141.1377265,1785144142.10047,,,
block1-001840,90.34086600877345,6700.209942064248,162,10.0,89.72379891201854,6699.592874967493,0.6170670967549086,block1:zero_tool,fcfs,mixed,1785144140.7024071,1785144140.7030244,1785144140.7927566,1785144147.402626,,,
block1-001841,434.5619778614491,1396.4341927785426,33,550.0,433.68807004299015,1395.5602849600837,0.8739078184589744,block1:s3,fcfs,mixed,1785144140.7418811,1785144140.7427554,1785144141.176451,1785144142.1383233,,,
block1-001842,63.617228413932025,6631.307928357273,161,152.5,62.8307550214231,6630.521454964764,0.786473392508924,block1:zero_tool,fcfs,mixed,1785144140.9206433,1785144140.92143,1785144140.9842696,1785144147.5519605,,,
block1-001843,699.7947614872828,2003.3635024446994,48,820.0,699.4872740469873,2003.056015004404,0.30748744029551744,block1:s3,fcfs,mixed,1785144141.4563758,1785144141.4566836,1785144142.1561775,1785144143.4597461,,,
block1-001844,72.09666457492858,6784.9389555631205,165,412.5,71.9224619679153,6784.764752956107,0.17420260701328516,block1:zero_tool,fcfs,mixed,1785144141.6823256,1785144141.6825001,1785144141.7544303,1785144148.4672728,,,
block1-001845,67.30482704006135,6882.449393044226,165,287.5,65.44625805690885,6880.590824061073,1.8585689831525087,block1:zero_tool,fcfs,mixed,1785144142.4920468,1785144142.4939058,1785144142.5593598,1785144149.374504,,,
block1-001846,842.8964816266671,1780.1945266546682,43,350.0,842.0306210173294,1779.3286660453305,0.8658606093376875,block1:s3,fcfs,mixed,1785144142.5564868,1785144142.557353,1785144143.3993905,1785144144.3366888,,,
block1-001847,71.66191784199327,7111.885086866096,170,145.0,70.01786690670997,7110.241035930812,1.6440509352833033,block1:zero_tool,fcfs,mixed,1785144142.8510833,1785144142.852728,1785144142.9227543,1785144149.9629776,,,
block1-001848,712.3072558315471,2106.2360428040847,49,95.0,711.6943430155516,2105.623129988089,0.6129128159955144,block1:s4,fcfs,mixed,1785144143.1949708,1785144143.195584,1785144143.907286,1785144145.301215,,,
block1-001849,59.707423904910684,5048.171381931752,122,50.0,58.76082496251911,5047.22478298936,0.9465989423915744,block1:zero_tool,fcfs,mixed,1785144143.3814723,1785144143.382419,1785144143.4411879,1785144148.4296517,,,
block1-001850,52.05015069805086,5449.007009738125,130,412.5,51.14218394737691,5448.099042987451,0.9079667506739497,block1:zero_tool,fcfs,mixed,1785144143.525081,1785144143.5259888,1785144143.5771391,1785144148.974096,,,
block1-001851,59.846070245839655,5261.637931223959,125,282.5,58.93544398713857,5260.727304965258,0.910626258701086,block1:zero_tool,fcfs,mixed,1785144143.7505405,1785144143.7514515,1785144143.8103943,1785144149.012186,,,
block1-001852,64.59214736241847,6972.679851343855,167,60.0,64.28899196907878,6972.376695950516,0.30315539333969355,block1:zero_tool,fcfs,mixed,1785144144.1321523,1785144144.1324556,1785144144.1967525,1785144151.1048403,,,
block1-001853,779.6732553979382,2077.4605793412775,48,307.5,779.1386260651052,2076.9259500084445,0.5346293328329921,block1:s4,fcfs,mixed,1785144144.284845,1785144144.2853801,1785144145.0645266,1785144146.3623137,,,
block1-001854,82.39922276698053,6864.57880679518,165,550.0,81.70727896504104,6863.88686299324,0.6919438019394875,block1:zero_tool,fcfs,mixed,1785144144.373179,1785144144.3738713,1785144144.455587,1785144151.237766,,,
block1-001855,739.581142202951,2038.5790133150294,48,15.0,738.8976559741423,2037.8955270862207,0.6834862288087606,block1:s4,fcfs,mixed,1785144144.4198062,1785144144.42049,1785144145.159397,1785144146.4583943,,,
block1-001856,605.1577974576503,1821.971062454395,43,60.0,604.5373770175502,1821.3506420142949,0.6204204401001334,block1:s1,fcfs,mixed,1785144144.4591818,1785144144.4598024,1785144145.064346,1785144146.2811594,,,
block1-001857,78.42984469607472,2874.8858966864645,69,70.0,77.0845590159297,2873.5406110063195,1.3452856801450253,block1:s1,fcfs,mixed,1785144144.600017,1785144144.6013627,1785144144.6784835,1785144147.4749393,,,
block1-001858,56.19826912879944,6219.494031043723,151,95.0,55.66664307843894,6218.962404993363,0.5316260503605008,block1:zero_tool,fcfs,mixed,1785144145.1670322,1785144145.167564,1785144145.2232392,1785144151.3865347,,,
block1-001859,533.0754343885928,1580.8733263984323,37,140.0,532.8982939245179,1580.6961859343573,0.1771404640749097,block1:s1,fcfs,mixed,1785144145.4729574,1785144145.4731345,1785144146.0060406,1785144147.053838,,,
block1-001860,425.19535357132554,1691.4918755646795,39,17.5,424.1559320362285,1690.4524540295824,1.0394215350970626,block1:s1,fcfs,mixed,1785144145.9933934,1785144145.994433,1785144146.418596,1785144147.6848927,,,
block1-001861,110.93521979637444,2828.6022858228534,65,75.0,109.93522801436484,2827.602294040844,0.9999917820096016,block1:s1,fcfs,mixed,1785144146.0903635,1785144146.091364,1785144146.2013083,1785144148.9189749,,,
block1-001862,565.5719536589459,1831.712935701944,43,572.5,564.8482949472964,1830.9892769902945,0.7236587116494775,block1:s1,fcfs,mixed,1785144146.1057036,1785144146.1064277,1785144146.6712842,1785144147.9374251,,,
block1-001863,83.13658216502517,2912.0888431789353,68,117.5,82.74726499803364,2911.699526011944,0.38931716699153185,block1:s1,fcfs,mixed,1785144146.1379573,1785144146.138347,1785144146.2211015,1785144149.0500538,,,
block1-001864,418.7284344807267,1451.8807425629348,34,12.5,417.8510879864916,1451.0033960686997,0.8773464942350984,block1:s2,fcfs,mixed,1785144146.2530348,1785144146.2539127,1785144146.671772,1785144147.704924,,,
block1-001865,65.06277341395617,6531.822293414734,158,187.5,64.65214001946151,6531.41166002024,0.41063339449465275,block1:zero_tool,fcfs,mixed,1785144146.804997,1785144146.8054075,1785144146.870067,1785144153.3368266,,,
block1-001866,622.9999557835981,1809.4860947458073,43,115.0,622.4081719992682,1808.8943109614775,0.5917837843298912,block1:s2,fcfs,mixed,1785144146.8683054,1785144146.8688974,1785144147.4913137,1785144148.6778,,,
block1-001867,140.6437666155398,2922.7105425670743,69,100.0,140.30696300324053,2922.373738954775,0.3368036122992635,block1:s2,fcfs,mixed,1785144146.8738482,1785144146.8741848,1785144147.0145283,1785144149.7965944,,,
block1-001868,518.5196758247912,1575.5626547615975,36,10.0,518.4632689924911,1575.5062479292974,0.05640683230012655,block1:s2,fcfs,mixed,1785144147.3803136,1785144147.3803701,1785144147.8988404,1785144148.9558833,,,
block1-001869,72.61350168846548,5586.062726681121,136,15.0,72.36279093194753,5585.812015924603,0.2507107565179467,block1:zero_tool,fcfs,mixed,1785144147.8063784,1785144147.8066292,1785144147.8789997,1785144153.3924494,,,
block1-001870,553.5607523052022,1537.159911240451,36,105.0,552.9182250611484,1536.5173839963973,0.642527244053781,block1:s2,fcfs,mixed,1785144148.2187448,1785144148.2193873,1785144148.7723124,1785144149.7559116,,,
block1-001871,514.4396814284846,1773.3231404563412,40,92.5,513.4353509638458,1772.3188099917024,1.0043304646387696,block1:s2,fcfs,mixed,1785144148.669652,1785144148.6706564,1785144149.1841109,1785144150.4429946,,,
block1-001872,750.0426237238571,2086.8638397660106,48,320.0,749.3245189543813,2086.145734996535,0.7181047694757581,block1:s3,fcfs,mixed,1785144148.6992412,1785144148.6999595,1785144149.4492915,1785144150.7861128,,,
block1-001873,694.9213199550286,2031.2416579108685,48,485.0,694.4123139837757,2030.7326519396156,0.5090059712529182,block1:s3,fcfs,mixed,1785144148.7921457,1785144148.7926548,1785144149.487074,1785144150.8233943,,,
block1-001874,57.88551748264581,7093.294346472248,177,107.5,57.085248990915716,7092.494077980518,0.800268491730094,block1:zero_tool,fcfs,mixed,1785144149.6978364,1785144149.6986368,1785144149.7557309,1785144156.7911398,,,
block1-001875,775.0742216594517,1979.038136661984,48,107.5,774.0510069997981,1978.0149220023304,1.023214659653604,block1:s3,fcfs,mixed,1785144149.7430186,1785144149.744042,1785144150.5181012,1785144151.7220652,,,
block1-001876,759.4019896350801,1961.6772276349366,48,110.0,758.6086660157889,1960.8839040156454,0.7933236192911863,block1:s3,fcfs,mixed,1785144149.7969713,1785144149.7977648,1785144150.5563805,1785144151.7586558,,,
block1-001877,68.5993122169748,5155.598818208091,128,287.5,67.48536403756589,5154.484870028682,1.113948179408908,block1:zero_tool,fcfs,mixed,1785144149.8941567,1785144149.8952708,1785144149.9627633,1785144155.049763,,,
block1-001878,60.66972902044654,13166.872309986502,332,85.0,60.509260976687074,13166.711841942742,0.16046804375946522,block1:zero_tool,fcfs,mixed,1785144150.1542234,1785144150.154384,1785144150.2148986,1785144163.3211014,,,
block1-001879,685.5879619251937,1885.1744269486517,48,52.5,684.8035580478609,1884.3900230713189,0.7844038773328066,block1:s3,fcfs,mixed,1785144150.3263245,1785144150.3271093,1785144151.0119207,1785144152.211507,,,
block1-001880,53.509297082200646,7605.2499720826745,193,17.5,52.84767900593579,7604.58835400641,0.6616180762648582,block1:zero_tool,fcfs,mixed,1785144151.7632327,1785144151.7638946,1785144151.8167622,1785144159.3685026,,,
block1-001881,800.9926378726959,2159.0021998854354,49,107.5,800.5439520347863,2158.553514047526,0.4486858379095793,block1:s4,fcfs,mixed,1785144152.4222589,1785144152.4227078,1785144153.2232592,1785144154.5812688,,,
block1-001882,762.7081632381305,2082.20581128262,48,20.0,762.5187449157238,2082.016392960213,0.1894183224067092,block1:s4,fcfs,mixed,1785144152.610896,1785144152.6110861,1785144153.3736148,1785144154.6931126,,,
block1-001883,737.8514111042023,2037.7826381009072,48,307.5,736.1934700747952,2036.1246970715001,1.657941029407084,block1:s4,fcfs,mixed,1785144152.748818,1785144152.7504764,1785144153.4866784,1785144154.7866094,,,
block1-001884,727.264957036823,2009.805025998503,48,135.0,726.5529340365902,2009.09300299827,0.7120230002328753,block1:s4,fcfs,mixed,1785144153.0592878,1785144153.0600002,1785144153.7865624,1785144155.0691025,,,
block1-001885,755.5391136556864,1973.4200126258656,48,280.0,754.5439050300047,1972.424804000184,0.9952086256816983,block1:s4,fcfs,mixed,1785144153.3996959,1785144153.4006915,1785144154.1552436,1785144155.3731248,,,
block1-001886,52.61150922160596,4930.867776158266,128,17.5,51.96927208453417,4930.225539021194,0.6422371370717883,block1:zero_tool,fcfs,mixed,1785144153.7930858,1785144153.7937284,1785144153.845706,1785144158.723962,,,
block1-001887,722.6266171783209,1955.8640281902626,48,280.0,720.8740180358291,1954.1114290477708,1.7525991424918175,block1:s4,fcfs,mixed,1785144153.932843,1785144153.9345958,1785144154.6554787,1785144155.8887162,,,
block1-001888,565.7231361838058,1691.7298421030864,43,95.0,565.5544420005754,1691.561147919856,0.16869418323040009,block1:s1,fcfs,mixed,1785144154.015633,1785144154.0158021,1785144154.581364,1785144155.707371,,,
block1-001889,73.92507372424006,2660.746856709011,69,100.0,72.33586197253317,2659.157644957304,1.5892117517068982,block1:s1,fcfs,mixed,1785144154.1856391,1785144154.1872287,1785144154.259572,1785144156.8463938,,,
block1-001890,525.0104502774775,1668.4029132593423,43,320.0,523.9820940187201,1667.374557000585,1.0283562587574124,block1:s1,fcfs,mixed,1785144155.3092492,1785144155.310278,1785144155.8342676,1785144156.9776602,,,
block1-001891,618.0588182760403,1741.267730249092,45,85.0,617.0581950573251,1740.2671070303768,1.0006232187151909,block1:s1,fcfs,mixed,1785144155.762104,1785144155.763105,1785144156.3801694,1785144157.5033782,,,
block1-001892,66.31177209783345,7155.174848041497,181,15.0,66.14093598909676,7155.0040119327605,0.17083610873669386,block1:zero_tool,fcfs,mixed,1785144155.7687402,1785144155.7689114,1785144155.8350592,1785144162.9239225,,,
block1-001893,415.9698789007962,1313.5817489819601,34,70.0,414.8314850172028,1312.4433550983667,1.1383938835933805,block1:s1,fcfs,mixed,1785144155.8331778,1785144155.8343163,1785144156.2491655,1785144157.1467776,,,
block1-001894,74.48882085736841,7698.980122804642,195,20.0,73.76148796174675,7698.25278990902,0.7273328956216574,block1:zero_tool,fcfs,mixed,1785144155.8517323,1785144155.8524594,1785144155.9262278,1785144163.550719,,,
block1-001895,63.80028976127505,11704.167960793711,296,20.0,62.75024497881532,11703.117916011252,1.0500447824597359,block1:zero_tool,fcfs,mixed,1785144156.1853092,1785144156.1863594,1785144156.2491171,1785144167.889485,,,
block1-001896,597.9859277140349,1731.893292744644,44,10.0,597.8299810085446,1731.7373460391536,0.15594670549035072,block1:s2,fcfs,mixed,1785144158.4654942,1785144158.4656503,1785144159.063488,1785144160.1973956,,,
block1-001897,523.4751712996513,1727.850913302973,42,15.0,521.6667200438678,1726.0424620471895,1.8084512557834387,block1:s2,fcfs,mixed,1785144158.6942275,1785144158.696036,1785144159.2177107,1785144160.4220867,,,
block1-001898,61.10860558692366,16198.084363597445,400,485.0,60.28561107814312,16197.261369088665,0.822994508780539,block1:zero_tool,fcfs,mixed,1785144158.819323,1785144158.820146,1785144158.8804386,1785144175.017414,,,
block1-001899,538.6827772017568,1742.0595301082358,43,350.0,538.1427210522816,1741.5194739587605,0.5400561494752765,block1:s2,fcfs,mixed,1785144158.9222105,1785144158.9227507,1785144159.4609013,1785144160.6642783,,,
block1-001900,65.54980482906103,5361.675224849023,134,92.5,65.31268800608814,5361.43810802605,0.23711682297289371,block1:zero_tool,fcfs,mixed,1785144159.1522698,1785144159.152507,1785144159.2178276,1785144164.513953,,,
block1-001901,811.4201140124351,2053.5417079227045,49,15.0,810.2600600104779,2052.3816539207473,1.1600540019571781,block1:s2,fcfs,mixed,1785144159.7967348,1785144159.797895,1785144160.6081614,1785144161.850283,,,
block1-001902,97.06237248610705,2827.102846466005,67,10.0,96.83435107581317,2826.874825055711,0.22802141029387712,block1:s2,fcfs,mixed,1785144160.2096016,1785144160.2098298,1785144160.3066716,1785144163.036712,,,
block1-001903,95.60596372466534,3997.233362752013,98,75.0,95.31093097757548,3996.938330004923,0.2950327470898628,block1:zero_tool,fcfs,mixed,1785144160.2334578,1785144160.2337537,1785144160.3290746,1785144164.2307022,,,
block1-001904,378.0610441463068,1362.7374881180003,32,92.5,376.7620569560677,1361.4385009277612,1.2989871902391315,block1:s3,fcfs,mixed,1785144160.3047466,1785144160.3060458,1785144160.682815,1785144161.667491,,,
block1-001905,64.57909371238202,5198.433879762888,128,107.5,63.597518019378185,5197.452304069884,0.9815756930038333,block1:zero_tool,fcfs,mixed,1785144160.7532592,1785144160.754241,1785144160.8178458,1785144165.9517007,,,
block1-001906,752.4441143032163,2055.9109282912686,48,17.5,752.1315200719982,2055.5983340600505,0.3125942312180996,block1:s3,fcfs,mixed,1785144161.2857716,1785144161.2860847,1785144162.0382242,1785144163.3416908,,,
block1-001907,473.6131069948897,1773.4146629227325,41,152.5,473.182204994373,1772.9837609222159,0.43090200051665306,block1:s3,fcfs,mixed,1785144161.3202794,1785144161.3207104,1785144161.7938995,1785144163.0937014,,,
block1-001908,130.4139819694683,6189.433871069923,153,282.5,129.98473399784416,6189.004623098299,0.42924797162413597,block1:zero_tool,fcfs,mixed,1785144161.3242843,1785144161.324714,1785144161.4547057,1785144167.5137258,,,
block1-001909,688.8905974337831,1992.606399464421,48,132.5,688.0507810274139,1991.7665830580518,0.8398164063692093,block1:s3,fcfs,mixed,1785144161.6332657,1785144161.634106,1785144162.3221638,1785144163.6258795,,,
block1-001910,56.48631777148694,6625.608497764915,165,160.0,55.75408902950585,6624.876269022934,0.7322287419810891,block1:zero_tool,fcfs,mixed,1785144162.3630607,1785144162.3637931,1785144162.4195535,1785144168.9886758,,,
block1-001911,62.337616574950516,6548.377793631516,163,485.0,62.18624801840633,6548.226425074972,0.15136855654418468,block1:zero_tool,fcfs,mixed,1785144162.439751,1785144162.4399025,1785144162.5021243,1785144168.988165,,,
block1-001912,731.500229681842,1944.500416633673,48,15.0,730.5409800028428,1943.5411669546738,0.9592496789991856,block1:s4,fcfs,mixed,1785144162.4570594,1785144162.4580188,1785144163.1885662,1785144164.4015663,,,
block1-001913,72.31197622604668,5919.132994255051,149,15.0,71.48338505066931,5918.304403079674,0.8285911753773689,block1:zero_tool,fcfs,mixed,1785144162.5823479,1785144162.5831764,1785144162.6546674,1785144168.5014882,,,
block1-001914,695.0527540175244,2001.5576900914311,48,10.0,693.8980969134718,2000.4030329873785,1.1546571040526032,block1:s4,fcfs,mixed,1785144162.8374913,1785144162.838646,1785144163.5325637,1785144164.8390684,,,
block1-001915,60.00929558649659,4950.800664606504,125,12.5,59.20828797388822,4949.999656993896,0.8010076126083732,block1:zero_tool,fcfs,mixed,1785144163.3402135,1785144163.341015,1785144163.4002302,1785144168.2910216,,,
block1-001916,788.0842994200066,2025.956720346585,48,485.0,787.0139420265332,2024.8863629531115,1.0703573934733868,block1:s4,fcfs,mixed,1785144164.5191276,1785144164.5201983,1785144165.3072195,1785144166.545092,,,
block1-001917,90.10932338424027,8443.378916359507,211,20.0,89.93459108751267,8443.204184062779,0.1747322967275977,block1:zero_tool,fcfs,mixed,1785144164.5352073,1785144164.535382,1785144164.6253235,1785144172.978593,,,
block1-001918,745.5189949832857,1982.709396048449,48,10.0,743.9804000314325,1981.1708010965958,1.538594951853156,block1:s4,fcfs,mixed,1785144164.6756966,1785144164.6772351,1785144165.421222,1785144166.658412,,,
block1-001919,726.1901505989954,1963.5260415961966,48,187.5,725.421983981505,1962.7578749787062,0.7681666174903512,block1:s4,fcfs,mixed,1785144164.7326243,1785144164.7333925,1785144165.4588215,1785144166.6961575,,,
block1-001920,92.40347647573799,4611.130648525432,117,12.5,90.77332890592515,4609.500500955619,1.6301475698128343,block1:zero_tool,fcfs,mixed,1785144165.155178,1785144165.1568084,1785144165.2475884,1785144169.7663155,,,
block1-001921,89.00414907839149,2295.7281060516834,58,17.5,88.74911104794592,2295.473068021238,0.2550380304455757,block1:s1,fcfs,mixed,1785144165.1623456,1785144165.162601,1785144165.2513576,1785144167.4580817,,,
block1-001922,88.13984168227762,8291.95111664012,209,115.0,87.04483008477837,8290.856105042621,1.0950115974992514,block1:zero_tool,fcfs,mixed,1785144165.9358344,1785144165.9369295,1785144166.0239818,1785144174.2277932,,,
block1-001923,491.02226935792714,1423.186943284236,36,152.5,490.65772199537605,1422.8223959216848,0.3645473625510931,block1:s1,fcfs,mixed,1785144165.9586394,1785144165.9590044,1785144166.449696,1785144167.3818612,,,
block1-001924,67.03994842246175,6863.032836467028,173,485.0,65.87789591867477,6861.870783963241,1.162052503786981,block1:zero_tool,fcfs,mixed,1785144166.1154299,1785144166.1165922,1785144166.182477,1785144172.978469,,,
block1-001925,64.57958172541112,5230.626770644449,131,117.5,63.66190605331212,5229.70909497235,0.9176756720989943,block1:zero_tool,fcfs,mixed,1785144166.7317467,1785144166.7326646,1785144166.7963343,1785144171.9623816,,,
block1-001926,76.33487903513014,2635.5836380971596,66,15.0,76.07791293412447,2635.326671996154,0.2569661010056734,block1:s1,fcfs,mixed,1785144167.1139684,1785144167.1142254,1785144167.1903105,1785144169.7495594,,,
block1-001927,584.4270671950653,1525.4045522306114,37,395.0,583.7714789668098,1524.748964002356,0.6555882282555103,block1:s1,fcfs,mixed,1785144167.7653313,1785144167.7659872,1785144168.3497658,1785144169.2907434,,,
block1-001928,72.49680650420487,5384.588794549927,135,12.5,71.63388293702155,5383.725870982744,0.8629235671833158,block1:zero_tool,fcfs,mixed,1785144168.0103693,1785144168.0112326,1785144168.0828736,1785144173.3949652,,,
block1-001929,547.5212224991992,1726.0184395126998,42,135.0,547.0438150223345,1725.541032035835,0.47740747686475515,block1:s2,fcfs,mixed,1785144168.6292083,1785144168.629686,1785144169.176737,1785144170.3552344,,,
block1-001930,584.3794214306399,1814.3876563990489,43,17.5,584.1075059724972,1814.115740940906,0.2719154581427574,block1:s2,fcfs,mixed,1785144168.6300445,1785144168.6303165,1785144169.214429,1785144170.444437,,,
block1-001931,101.59780399408191,3000.4231629427522,74,75.0,101.28561710007489,3000.110976048745,0.31218689400702715,block1:s2,fcfs,mixed,1785144168.8872085,1785144168.887521,1785144168.9888146,1785144171.8876398,,,
block1-001932,54.27230056375265,4702.97709654551,119,160.0,53.68670797906816,4702.3915039608255,0.5855925846844912,block1:zero_tool,fcfs,mixed,1785144169.3316977,1785144169.3322837,1785144169.3859766,1785144174.0346816,,,
block1-001933,656.0887857340276,1817.6396196940914,44,412.5,655.403136042878,1816.9539700029418,0.6856496911495924,block1:s2,fcfs,mixed,1785144170.0702798,1785144170.0709658,1785144170.726377,1785144171.8879278,,,
block1-001934,89.76912079378963,2637.742920895107,65,15.0,88.76829990185797,2636.7421000031754,1.000820891931653,block1:s2,fcfs,mixed,1785144170.2656376,1785144170.2666385,1785144170.3554146,1785144172.9033883,,,
block1-001935,394.12351860664785,1327.0976865896955,31,15.0,393.7085580546409,1326.6827260376886,0.4149605520069599,block1:s2,fcfs,mixed,1785144170.27466,1785144170.2750754,1785144170.6688027,1785144171.601777,,,
block1-001936,736.0749638173729,1955.9011018136516,48,350.0,735.4450370185077,1955.2711750147864,0.6299267988651991,block1:s3,fcfs,mixed,1785144170.328193,1785144170.328823,1785144171.0642753,1785144172.284102,,,
block1-001937,111.84494139160961,5332.185953389853,129,17.5,110.72403402067721,5331.065046018921,1.1209073709324002,block1:zero_tool,fcfs,mixed,1785144170.368648,1785144170.3697689,1785144170.4805014,1785144175.7008424,,,
block1-001938,99.39891390968114,7502.1104159532115,185,22.5,98.80987694486976,7501.5213789884,0.5890369648113847,block1:zero_tool,fcfs,mixed,1785144170.849101,1785144170.8496904,1785144170.9485073,1785144178.351219,,,
block1-001939,77.6920800562948,18532.93894813396,453,145.0,76.7938019707799,18532.040670048445,0.8982780855149031,block1:zero_tool,fcfs,mixed,1785144170.8728602,1785144170.8737588,1785144170.9505599,1785144189.4058065,,,
block1-001940,63.78586613573134,6686.883371090516,165,287.5,62.993385014124215,6686.090889968909,0.7924811216071248,block1:zero_tool,fcfs,mixed,1785144171.3847988,1785144171.3855915,1785144171.4485931,1785144178.0716906,,,
block1-001941,68.74692044220865,6873.209617449902,168,60.0,68.21010308340192,6872.672800091095,0.5368173588067293,block1:zero_tool,fcfs,mixed,1785144172.1775358,1785144172.178073,1785144172.2462912,1785144179.0507538,,,
block1-001942,796.9417356653139,1929.578744689934,43,60.0,796.5618449961767,1929.1988540207967,0.37989066913723946,block1:s3,fcfs,mixed,1785144172.5423381,1785144172.5427182,1785144173.339288,1785144174.4719248,,,
block1-001943,67.28475296404213,6307.278912980109,154,350.0,67.07408302463591,6307.068243040703,0.21066993940621614,block1:zero_tool,fcfs,mixed,1785144173.2722397,1785144173.2724504,1785144173.3395329,1785144179.579527,,,
block1-001944,949.3021918460727,2186.3546578679234,48,25.0,948.7111018970609,2185.7635679189116,0.5910899490118027,block1:s4,fcfs,mixed,1785144173.9527526,1785144173.953344,1785144174.902064,1785144176.1391163,,,
block1-001945,922.0407058019191,2158.506319858134,48,135.0,921.0753989173099,2157.5410129735246,0.9653068846091628,block1:s4,fcfs,mixed,1785144174.1329348,1785144174.1339004,1785144175.054984,1785144176.2914498,,,
block1-001946,935.2716229623184,2173.2025269884616,48,357.5,934.7196460003033,2172.6505500264466,0.5519769620150328,block1:s4,fcfs,mixed,1785144174.1400478,1785144174.1405997,1785144175.075327,1785144176.3132577,,,
block1-001947,924.9563217163086,2162.7263457048684,48,25.0,924.60834805388,2162.37837204244,0.3479736624285579,block1:s4,fcfs,mixed,1785144174.1504042,1785144174.1507523,1785144175.0753672,1785144176.3131378,,,
block1-001948,895.2321900287643,2187.039240030572,49,10.0,894.6119360625744,2186.418986064382,0.6202539661899209,block1:s4,fcfs,mixed,1785144174.1979446,1785144174.1985655,1785144175.093186,1785144176.384993,,,
block1-001949,861.4606752526015,2098.3063492458314,48,95.0,861.1217139987275,2097.9673879919574,0.3389612538740039,block1:s4,fcfs,mixed,1785144174.2315054,1785144174.2318444,1785144175.0929985,1785144176.329844,,,
block1-001950,58.648576377891004,5088.336898363195,128,47.5,57.898166007362306,5087.586487992667,0.750410370528698,block1:zero_tool,fcfs,mixed,1785144174.4540803,1785144174.4548311,1785144174.512736,1785144179.5424242,,,
block1-001951,729.6089481096715,1975.4058291437104,48,15.0,728.1760670011863,1973.9729480352253,1.4328811084851623,block1:s4,fcfs,mixed,1785144174.5966976,1785144174.5981305,1785144175.3263128,1785144176.5721095,,,
block1-001952,543.8599043991417,1704.3072374071926,43,20.0,542.7366130752489,1703.1839460832998,1.1232913238927722,block1:s1,fcfs,mixed,1785144174.7262707,1785144174.727394,1785144175.270138,1785144176.4305854,,,
block1-001953,65.14811050146818,6464.809221448377,162,15.0,64.51335409656167,6464.17446504347,0.6347564049065113,block1:zero_tool,fcfs,mixed,1785144174.7805226,1785144174.7811577,1785144174.8456793,1785144181.2453403,,,
block1-001954,501.0947212576866,1445.553069235757,36,10.0,500.54960197303444,1445.0079499511048,0.5451192846521735,block1:s1,fcfs,mixed,1785144175.1177742,1785144175.1183195,1785144175.6188772,1785144176.5633357,,,
block1-001955,61.17253506090492,6837.100993143395,169,17.5,60.35404501017183,6836.2825030926615,0.8184900507330894,block1:zero_tool,fcfs,mixed,1785144175.4807713,1785144175.48159,1785144175.541953,1785144182.3178816,,,
block1-001956,495.3206192003563,1424.9591592233628,36,85.0,495.0063730357215,1424.644913058728,0.3142461646348238,block1:s1,fcfs,mixed,1785144175.6256819,1785144175.625996,1785144176.1210086,1785144177.0506473,,,
block1-001957,60.43130485340953,12764.407943934202,311,140.0,60.109213925898075,12764.08585300669,0.32209092751145363,block1:zero_tool,fcfs,mixed,1785144176.3319786,1785144176.3323011,1785144176.3924174,1785144189.0963943,,,
block1-001958,382.66101898625493,1557.9876420088112,39,297.5,382.48230097815394,1557.8089240007102,0.17871800810098648,block1:s1,fcfs,mixed,1785144176.4942837,1785144176.4944627,1785144176.8769512,1785144178.052278,,,
block1-001959,54.66748774051666,5926.305519766174,145,15.0,54.37247594818473,5926.010507973842,0.295011792331934,block1:zero_tool,fcfs,mixed,1785144176.746304,1785144176.7465994,1785144176.800979,1785144182.672617,,,
block1-001960,417.3816116526723,1538.8352456502616,37,320.0,416.7338010156527,1538.187435013242,0.6478106370195746,block1:s2,fcfs,mixed,1785144177.035659,1785144177.0363069,1785144177.453048,1785144178.5745015,,,
block1-001961,413.9127596281469,1651.8367415992543,40,572.5,413.1859519984573,1651.1099339695647,0.7268076296895742,block1:s2,fcfs,mixed,1785144177.378436,1785144177.379163,1785144177.7923563,1785144179.03028,,,
block1-001962,552.3309700656682,1498.3002980006859,36,820.0,552.0396640058607,1498.0089919408783,0.291306059807539,block1:s2,fcfs,mixed,1785144177.7810397,1785144177.7813313,1785144178.3333797,1785144179.2793493,,,
block1-001963,86.71410160604864,3018.639319576323,74,282.5,85.60585707891732,3017.5310750491917,1.108244527131319,block1:s2,fcfs,mixed,1785144178.1322515,1785144178.1333601,1785144178.2189734,1785144181.1508987,,,
block1-001964,504.3678547954187,1410.580180818215,36,95.0,503.4913459094241,1409.7036719322205,0.8765088859945536,block1:s2,fcfs,mixed,1785144178.373519,1785144178.3743956,1785144178.8778944,1785144179.7841065,,,
block1-001965,558.987730066292,1831.0807440429926,44,395.0,558.4222989855334,1830.515312962234,0.5654310807585716,block1:s2,fcfs,mixed,1785144179.1874645,1785144179.18803,1785144179.7464597,1785144181.0185528,,,
block1-001966,93.04051112849265,2856.106248102151,67,132.5,92.41867496166378,2855.484411935322,0.6218361668288708,block1:s2,fcfs,mixed,1785144179.7620518,1785144179.7626739,1785144179.8551304,1785144182.6181962,,,
block1-001967,328.0688689555973,1573.1594569515437,37,10.0,327.87506107706577,1572.9656490730122,0.1938078785315156,block1:s2,fcfs,mixed,1785144179.8439271,1785144179.8441215,1785144180.1720035,1785144181.417094,,,
block1-001968,717.7802904043347,2073.2012833468616,48,12.5,715.7456739805639,2071.166666923091,2.0346164237707853,block1:s3,fcfs,mixed,1785144180.244913,1785144180.246948,1785144180.9627006,1785144182.3181214,,,
block1-001969,711.5786668146029,2049.2375638568774,48,85.0,710.4479150148109,2048.1068120570853,1.1307517997920513,block1:s3,fcfs,mixed,1785144180.5341465,1785144180.5352776,1785144181.2457333,1785144182.5833921,,,
block1-001970,685.3453769581392,1813.9161299914122,41,287.5,684.5183400437236,1813.0890930769965,0.8270369144156575,block1:s3,fcfs,mixed,1785144181.1603663,1785144181.1611936,1785144181.8457196,1785144182.9742904,,,
block1-001971,475.1954424427822,1790.2779134456068,41,20.0,474.796598078683,1789.8790690815076,0.39884436409920454,block1:s3,fcfs,mixed,1785144181.3527641,1785144181.353163,1785144181.8279672,1785144183.1430497,,,
block1-001972,549.9388860771433,1789.5433080848306,41,135.0,549.5773269794881,1789.1817489871755,0.3615590976551175,block1:s3,fcfs,mixed,1785144181.3533192,1785144181.3536808,1785144181.9032633,1785144183.1428678,,,
block1-001973,728.3095484599471,2047.0676723634824,46,50.0,727.1622660337016,2045.920389937237,1.1472824262455106,block1:s3,fcfs,mixed,1785144182.0956273,1785144182.0967746,1785144182.8239453,1785144184.1427035,,,
block1-001974,839.0188737539575,2161.555504775606,49,160.0,838.6806030757725,2161.217234097421,0.3382706781849265,block1:s3,fcfs,mixed,1785144182.5303812,1785144182.5307198,1785144183.3694072,1785144184.6919441,,,
block1-001975,723.3712042216212,2122.7445021504536,49,350.0,722.7095450507477,2122.08284297958,0.6616591708734632,block1:s3,fcfs,mixed,1785144182.794957,1785144182.7956188,1785144183.518336,1785144184.9177094,,,
block1-001976,94.41683371551335,6969.280031742528,169,60.0,93.41312397737056,6968.276322004385,1.0037097381427884,block1:zero_tool,fcfs,mixed,1785144182.8003361,1785144182.80134,1785144182.8947623,1785144189.7696254,,,
block1-001977,57.68117401748896,6453.0538589460775,156,135.0,56.8421040661633,6452.214788994752,0.839069951325655,block1:zero_tool,fcfs,mixed,1785144183.2742333,1785144183.2750728,1785144183.331953,1785144189.7273257,,,
block1-001978,806.0858665267006,2102.936220471747,48,60.0,805.7414999930188,2102.5918539380655,0.3443665336817503,block1:s4,fcfs,mixed,1785144183.3567407,1785144183.3570852,1785144184.162834,1785144185.4596844,,,
block1-001979,61.02305045351386,5753.759634448215,139,545.0,60.10741298086941,5752.843996975571,0.9156374726444483,block1:zero_tool,fcfs,mixed,1785144183.5939395,1785144183.5948553,1785144183.6549704,1785144189.3477068,,,
block1-001980,769.2489875480533,2069.6065595839173,48,10.0,768.72714899946,2069.084721035324,0.5218385485932231,block1:s4,fcfs,mixed,1785144183.6200628,1785144183.620585,1785144184.3893192,1785144185.6896768,,,
block1-001981,755.9522490482777,2056.5131311304867,48,47.5,754.9867529887706,2055.5476350709796,0.9654960595071316,block1:s4,fcfs,mixed,1785144183.6709573,1785144183.6719232,1785144184.426917,1785144185.727478,,,
block1-001982,726.6443890985101,2028.1540011055768,48,10.0,725.5505509674549,2027.0601629745215,1.0938381310552359,block1:s4,fcfs,mixed,1785144183.7176476,1785144183.7187414,1785144184.4443002,1785144185.74581,,,
block1-001983,727.4059639312327,1972.2829279489815,48,107.5,726.7844289308414,1971.6613929485902,0.6215350003913045,block1:s4,fcfs,mixed,1785144184.5312433,1785144184.5318651,1785144185.258658,1785144186.503535,,,
block1-001984,560.8218911802396,1768.0134751135483,43,17.5,559.9305260693654,1767.1221100026742,0.891365110874176,block1:s1,fcfs,mixed,1785144185.090913,1785144185.0918045,1785144185.6517415,1785144186.8589332,,,
block1-001985,117.46709782164544,2688.478026771918,65,115.0,117.19150608405471,2688.202435034327,0.2755917375907302,block1:s1,fcfs,mixed,1785144185.0976853,1785144185.097961,1785144185.2151587,1785144187.7861695,,,
block1-001986,442.96591239981353,1636.5273504052311,40,92.5,440.9617610508576,1634.5231990562752,2.0041513489559293,block1:s1,fcfs,mixed,1785144185.1294477,1785144185.1314523,1785144185.5724227,1785144186.765984,,,
block1-001987,652.7228343766183,1855.8370573446155,46,307.5,652.5428290478885,1855.6570520158857,0.18000532872974873,block1:s1,fcfs,mixed,1785144185.325491,1785144185.3256712,1785144185.9782226,1785144187.1813369,,,
block1-001988,60.639179311692715,6850.6908133858815,166,170.0,60.525871929712594,6850.577506003901,0.11330738198012114,block1:zero_tool,fcfs,mixed,1785144185.5913851,1785144185.5914989,1785144185.652031,1785144192.4420826,,,
block1-001989,64.1302241710946,17090.59604513459,409,107.5,63.154762028716505,17089.62058299221,0.9754621423780918,block1:zero_tool,fcfs,mixed,1785144185.7426631,1785144185.7436385,1785144185.806822,1785144202.8332882,,,
block1-001990,50.9506780654192,8143.5910881264135,197,412.5,50.59876502491534,8143.23917508591,0.3519130405038595,block1:zero_tool,fcfs,mixed,1785144185.8145928,1785144185.8149447,1785144185.8655496,1785144193.95819,,,
block1-001991,73.01066676154733,2859.0196308214217,68,15.0,72.33862893190235,2858.3475929917768,0.672037829644978,block1:s1,fcfs,mixed,1785144186.1273024,1785144186.1279747,1785144186.2003205,1785144188.9863293,,,
block1-001992,447.47726852074265,1598.8608825718984,37,155.0,446.9269879627973,1598.310602013953,0.5502805579453707,block1:s2,fcfs,mixed,1785144186.5816374,1785144186.582188,1785144187.029123,1785144188.1805065,,,
block1-001993,51.940187346190214,6574.916772311553,158,357.5,51.809384021908045,6574.785968987271,0.13080332428216934,block1:zero_tool,fcfs,mixed,1785144186.6210084,1785144186.6211395,1785144186.6729562,1785144193.1959326,,,
block1-001994,87.97686686739326,2672.4141258746386,64,15.0,87.33489399310201,2671.7721530003473,0.6419728742912412,block1:s2,fcfs,mixed,1785144186.7137184,1785144186.7143605,1785144186.8017025,1785144189.3861396,,,
block1-001995,53.342033410444856,6215.679878368974,149,820.0,52.93272400740534,6215.270568965934,0.409309403039515,block1:zero_tool,fcfs,mixed,1785144187.2634747,1785144187.2638843,1785144187.3168235,1785144193.4791613,,,
block1-001996,554.7724466305226,1543.3553266339004,35,17.5,554.0278640110046,1542.6107440143824,0.7445826195180416,block1:s2,fcfs,mixed,1785144187.4431367,1785144187.4438815,1785144187.9979181,1785144188.986501,,,
block1-001997,547.7486017625779,1764.4849917851388,41,172.5,547.5566060049459,1764.292996027507,0.19199575763195753,block1:s2,fcfs,mixed,1785144187.450286,1785144187.450478,1785144187.9980414,1785144189.214778,,,
block1-001998,95.21084185689688,2749.598639900796,67,177.5,94.11311196163297,2748.500910005532,1.0977298952639103,block1:s2,fcfs,mixed,1785144187.6901686,1785144187.6912665,1785144187.7853887,1785144190.4397764,,,
block1-001999,371.1448278045282,1351.5566298738122,31,47.5,370.1797479297966,1350.5915499990806,0.9650798747316003,block1:s2,fcfs,mixed,1785144187.7056653,1785144187.7066307,1785144188.07683,1785144189.057242,,,
7eba32c5ed309a549e16cb8f1794ba3a,97.18196815811098,7774.859374156222,185,10.0,95.90360091533512,7773.581006913446,1.2783672427758574,block1:trace,fcfs,mixed,1785144187.7841365,1785144187.785415,1785144187.8813248,1785144195.5590022,,,
5adf433bc2e4195bd7ef382c6c889b95,450.876658433117,1265.0059504667297,28,60.0,450.52825403399765,1264.6575460676104,0.34840439911931753,block1:trace,fcfs,mixed,1785144187.9494767,1785144187.9498253,1785144188.4003618,1785144189.2144911,,,
758ea06009c678a342085d29a206c7ce,68.5851804446429,1269.976983545348,31,10.0,67.88325996603817,1269.2750630667433,0.7019204786047339,block1:trace,fcfs,mixed,1785144188.1920266,1785144188.1927288,1785144188.260648,1785144189.4620397,,,
92b8951b88159b4f1b1e4116b3f8e80c,434.1030106879771,1163.4530266746879,26,50.0,433.787127956748,1163.1371439434588,0.31588273122906685,block1:trace,fcfs,mixed,1785144188.5283587,1785144188.5286748,1785144188.9624696,1785144189.6918194,,,
46416569378bfce2f330ee1b996f15f6,178.36233810521662,2348.5110661713406,56,545.0,177.97534598503262,2348.1240740511566,0.3869921201840043,block1:trace,fcfs,mixed,1785144188.80825,1785144188.8086374,1785144188.9866211,1785144191.15677,,,
c000d3ac5878c891e5776a9ee748b819,64.2546359449625,13591.337315971032,323,10.0,63.73105093371123,13590.81373095978,0.5235850112512708,block1:trace,fcfs,mixed,1785144189.6673005,1785144189.667824,1785144189.731562,1785144203.2586448,,,
836c44364150391728a9bb76d84b11f9,378.128947224468,1295.098779257387,28,92.5,377.13217304553837,1294.1020050784573,0.9967741789296269,block1:trace,fcfs,mixed,1785144190.1450148,1785144190.1460116,1785144190.5231519,1785144191.440122,,,
61ab27469179a8d20d10b4ab2963209b,72.65730341896415,9105.629862402566,212,17.5,71.15620793774724,9104.128766921349,1.5010954812169075,block1:trace,fcfs,mixed,1785144190.3747857,1785144190.3762867,1785144190.4474506,1785144199.4804235,,,
913f72b4333690403d9a30abd93949d1,192.38488096743822,2554.3876629089937,56,105.0,192.18046101741493,2554.1832429589704,0.2044199500232935,block1:trace,fcfs,mixed,1785144190.5648196,1785144190.5650241,1785144190.7572124,1785144193.1192148,,,
d8f93f06b93fdff3fff5e575a870b601,78.40536069124937,18272.21739978995,436,15.0,77.79841590672731,18271.61045500543,0.6069447845220566,block1:trace,fcfs,mixed,1785144190.6790998,1785144190.6797066,1785144190.7575114,1785144208.9513237,,,
1bd17147da3b449a267511e3a004382d,165.68242164794356,1784.0492606628686,38,117.5,164.8620879277587,1783.2289269426838,0.8203337201848626,block1:trace,fcfs,mixed,1785144190.758837,1785144190.7596574,1785144190.9245281,1785144192.542895,,,
13bb600e64d52b8b04f167d8df85507c,459.42909619770944,1257.7348741469905,26,572.5,458.3136950386688,1256.6194729879498,1.1154011590406299,block1:trace,fcfs,mixed,1785144191.0360413,1785144191.0371568,1785144191.4954793,1785144192.2937853,,,
38ce90a921739308e8dcb305e874b076,169.15492888074368,3551.1259658960626,80,550.0,168.23516704607755,3550.2062040613964,0.9197618346661329,block1:trace,fcfs,mixed,1785144191.0720613,1785144191.0729814,1785144191.2412217,1785144194.6231928,,,
2e43416311c97a10ecafb221a80e4947,367.8371348651126,15170.502966851927,358,307.5,366.91454390529543,15169.58037589211,0.9225909598171711,block1:trace,fcfs,mixed,1785144191.1489637,1785144191.1498866,1785144191.51681,1785144206.3194761,,,
59457a3b339fbd612c7a15e28fddc630,144.33524024207145,3528.822001302615,80,320.0,143.33008497487754,3527.816846035421,1.0051552671939135,block1:trace,fcfs,mixed,1785144191.541327,1785144191.5423322,1785144191.6856685,1785144195.070155,,,
fdbb1fab71ec2f219480410082aaa700,176.57848412636667,3185.3879041736946,71,485.0,175.80694402568042,3184.6163640730083,0.7715401006862521,block1:trace,fcfs,mixed,1785144191.8667586,1785144191.8675303,1785144192.0433445,1785144195.052154,,,
a84addf55839616eda694c16b68310a0,171.86503356788307,2793.4699185425416,62,95.0,170.88619503192604,2792.4910800065845,0.9788385359570384,block1:trace,fcfs,mixed,1785144192.0011206,1785144192.0020998,1785144192.1729941,1785144194.794599,,,
eb9453e7437651807ba8f12d7460448f,161.22131911106408,1979.6088261064142,44,135.0,160.6498690089211,1979.0373760042712,0.5714501021429896,block1:trace,fcfs,mixed,1785144192.0802639,1785144192.0808353,1785144192.2414935,1785144194.0598812,,,
4d602a5b8bd629a2c0cdcef59e069d2a,153.39916746597737,2562.1250504627824,58,350.0,153.01055100280792,2561.736433999613,0.38861646316945553,block1:trace,fcfs,mixed,1785144192.1738286,1785144192.1742177,1785144192.3272388,1785144194.735965,,,
f7c225c0c39616faa35f312e2351832a,152.5417515076697,3526.449134456925,80,297.5,151.80102200247347,3525.708404951729,0.7407295051962137,block1:trace,fcfs,mixed,1785144192.4819276,1785144192.4826686,1785144192.634476,1785144196.0083835,,,
0cca76cc3ca0d6e890c548195f267bcc,160.87510925717652,2446.951967314817,55,177.5,160.11092893313617,2446.1877869907767,0.7641803240403533,block1:trace,fcfs,mixed,1785144192.7843947,1785144192.785159,1785144192.9452891,1785144195.2313657,,,
399e9384a77d048276bcab8ed40d2a06,63.11363377608359,6917.849973775446,162,20.0,62.77056899853051,6917.506908997893,0.3430647775530815,block1:trace,fcfs,mixed,1785144193.1956666,1785144193.1960096,1785144193.2587872,1785144200.1135232,,,
a1fc6050cd23d5b5a2aa0b1903664f7b,456.36624365579337,3604.934956645593,81,105.0,455.81777300685644,3604.386485996656,0.5484706489369273,block1:trace,fcfs,mixed,1785144193.3607,1785144193.3612485,1785144193.817075,1785144196.965644,,,
167904016dc8a8c52b5e5270d0c8c00e,62.247962690889835,3863.88818861451,90,17.5,62.08612001501024,3863.7263459386304,0.16184267587959766,block1:trace,fcfs,mixed,1785144193.5865164,1785144193.5866785,1785144193.6487722,1785144197.4504128,,,
4c2b04c011712e2cf8c052bce94537ec,159.60532578174025,2018.614517757669,44,145.0,158.45531900413334,2017.4645109800622,1.1500067776069045,block1:trace,fcfs,mixed,1785144193.6031003,1785144193.6042507,1785144193.762714,1785144195.6217234,,,
9610b9cdee775a760c04f530fce99362,186.47227331530303,3671.5260102646425,83,280.0,185.41326001286507,3670.4669969622046,1.059013302437961,block1:trace,fcfs,mixed,1785144193.856574,1785144193.857633,1785144194.043054,1785144197.528108,,,
6cd994a1e2e3d5a2a017314cd0caf180,78.72811937704682,5434.132529422641,126,15.0,77.20166502986103,5432.606075075455,1.5264543471857905,block1:trace,fcfs,mixed,1785144193.9669046,1785144193.968431,1785144194.04564,1785144199.4010448,,,
187b278d55de04dc8ca4117618cfbd56,164.10790605004877,2794.4145881338045,62,107.5,163.3778369287029,2793.6845190124586,0.7300691213458776,block1:trace,fcfs,mixed,1785144194.091303,1785144194.0920334,1785144194.2554188,1785144196.8857255,,,
edcec609ff7bf1e65630e415e82ff7fb,77.09225872531533,6770.6716826651245,159,15.0,75.9815260535106,6769.56094999332,1.1107326718047261,block1:trace,fcfs,mixed,1785144194.4193325,1785144194.4204433,1785144194.4964325,1785144201.190012,,,
28221743887b39264b796a9e076d48aa,495.8695585373789,1832.3473965283483,39,47.5,495.4289289889857,1831.9067669799551,0.4406295483931899,block1:trace,fcfs,mixed,1785144194.434527,1785144194.4349678,1785144194.9304051,1785144196.266883,,,
d88d4d2d221233bd5d36172b59bb4d48,445.22318337112665,10129.745544400066,239,170.0,444.21240501105785,10128.734766039997,1.010778360068798,block1:trace,fcfs,mixed,1785144194.5255516,1785144194.5265625,1785144194.9707837,1785144204.655306,,,
548464e367bcbb5191857c38592a6c15,79.01276729535311,27005.689891288057,677,20.0,78.02905503194779,27004.70617902465,0.983712263405323,block1:trace,fcfs,mixed,1785144194.5461354,1785144194.5471194,1785144194.6251552,1785144221.5518324,,,
67328d8f9ba24c0eb27d51b97f7452b9,400.451187742874,1278.4100077115,27,107.5,400.0733989523724,1278.0322189209983,0.37778879050165415,block1:trace,fcfs,mixed,1785144194.690847,1785144194.6912248,1785144195.091307,1785144195.9692657,,,
d0f26dc69ab8bfc523b09278a72dcbac,188.89621796552092,9703.127173008397,229,282.5,187.45476892217994,9701.685723965056,1.441449043340981,block1:trace,fcfs,mixed,1785144194.724436,1785144194.7258778,1785144194.9133627,1785144204.4275935,,,
3d305e802ea24247695f7f1c683f4abc,93.03468838334084,27824.567240430042,701,15.0,92.6422500051558,27824.174802051857,0.3924383781850338,block1:trace,fcfs,mixed,1785144194.737876,1785144194.7382686,1785144194.830918,1785144222.562451,,,
bfcd3e5a0bdf2e1076ff4a3c6058b785,460.9380403999239,26694.22025838867,670,75.0,459.63706902693957,26692.919287015684,1.3009713729843497,block1:trace,fcfs,mixed,1785144195.2200966,1785144195.2213974,1785144195.681042,1785144221.914324,,,
bbd0676a7661be624e24c0c0d2ae8afc,66.71351625118405,17096.352264285088,418,22.5,66.2287479499355,17095.86749598384,0.4847683012485504,block1:trace,fcfs,mixed,1785144195.338244,1785144195.338729,1785144195.4049652,1785144212.4346037,,,
e59c3398cf21d42898de7a6489e6462c,148.8199345767498,2505.471436539665,56,117.5,148.49266200326383,2505.144163966179,0.3272725734859705,block1:trace,fcfs,mixed,1785144195.3931575,1785144195.3934848,1785144195.5419843,1785144197.8986359,,,
2edb508ced48c09379f12135683148a4,160.01605172641575,2599.358904757537,58,152.5,157.98767807427794,2597.330531105399,2.028373652137816,block1:trace,fcfs,mixed,1785144195.5370991,1785144195.5391278,1785144195.697123,1785144198.1364665,,,
53825a835bbe66a5bc0f73f69a041c66,170.91258731670678,7640.749471262097,181,357.5,170.65893404651433,7640.495817991905,0.2536532701924443,block1:trace,fcfs,mixed,1785144195.6791363,1785144195.67939,1785144195.850057,1785144203.319894,,,
d112becaac3b29d41a6e31fdc66cbd57,148.93571892753243,769.5904119173065,16,115.0,148.02037097979337,768.6750639695674,0.9153479477390647,block1:trace,fcfs,mixed,1785144196.0149708,1785144196.0158863,1785144196.163914,1785144196.7845685,,,
6e8aa3f75688fcceeb652abf550a3788,71.7597653856501,4553.921657381579,108,12.5,71.52344600763172,4553.685338003561,0.2363193780183792,block1:trace,fcfs,mixed,1785144196.15482,1785144196.1550565,1785144196.2266138,1785144200.7087758,,,
cabfb78966d427734223bf4115904520,160.42749676853418,5690.000886796042,134,282.5,160.23467597551644,5689.808066003025,0.19282079301774502,block1:trace,fcfs,mixed,1785144196.3824568,1785144196.3826497,1785144196.542891,1785144202.0724645,,,
7ba7f36dc0ca614925a9ecc1351a39cf,63.8194348430261,11327.709450852126,273,15.0,63.20452899672091,11327.09454500582,0.6149058463051915,block1:trace,fcfs,mixed,1785144196.538875,1785144196.5394902,1785144196.602703,1785144207.8665931,,,
0f5f50b42d96f1fbe1ab84f38ef0df45,167.6022270694375,2432.3556140298024,54,85.0,166.44649393856525,2431.19988089893,1.1557331308722496,block1:trace,fcfs,mixed,1785144197.3742375,1785144197.3753936,1785144197.541846,1785144199.8065996,,,
0830ab29a701c1fb09238ade2070111d,462.44544244837016,23719.180412357673,597,820.0,460.7280440395698,23717.463013948873,1.7173984088003635,block1:trace,fcfs,mixed,1785144197.688129,1785144197.6898465,1785144198.150583,1785144221.4073184,,,
4c3b78878d4758af14524c65505ce024,148.12887902371585,6086.633053026162,144,20.0,147.5713400868699,6086.075514089316,0.5575389368459582,block1:trace,fcfs,mixed,1785144197.7498622,1785144197.7504199,1785144197.8979998,1785144203.8365042,,,
4a788fdebd738d606e4e26720ef0f792,154.82696879189461,2532.6259108260274,58,140.0,153.85192702524364,2531.6508690593764,0.9750417666509748,block1:trace,fcfs,mixed,1785144197.995708,1785144197.9966834,1785144198.1505425,1785144200.5283415,,,
9993958a01bab41edd38186aaf5b69d1,399.5880064321682,1279.7310454770923,28,172.5,399.0101229865104,1279.1531620314345,0.5778834456577897,block1:trace,fcfs,mixed,1785144198.1613405,1785144198.1619184,1785144198.560936,1785144199.4410791,,,
1f71126c5eac70999ec0c49c7d8f7a11,164.5022842567414,2915.2587632415816,68,60.0,163.90230401884764,2914.658783003688,0.5999802378937602,block1:trace,fcfs,mixed,1785144198.3149028,1785144198.3155031,1785144198.4794142,1785144201.2301707,,,
ca34e497adb7104ea4a17f38f8e725f7,76.08545641414821,4684.339185478166,113,17.5,75.42709400877357,4683.680823072791,0.6583624053746462,block1:trace,fcfs,mixed,1785144198.4854767,1785144198.4861352,1785144198.561571,1785144203.169825,,,
d5d88091912481a5370e8f515884581d,443.5339338378981,1181.430158787407,26,100.0,442.7456690464169,1180.6418939959258,0.7882647914811969,block1:trace,fcfs,mixed,1785144198.726211,1785144198.7269995,1785144199.1697538,1785144199.90765,,,
fa46980d6c53fb042ffdc5dcda1f86fd,80.83301945589483,10571.392248384655,258,17.5,80.41428204160184,10570.973510970362,0.41873741429299116,block1:trace,fcfs,mixed,1785144199.0032282,1785144199.0036473,1785144199.0840707,1785144209.5746303,,,
d438a0f8ccd3f6aca6231d37cff76ede,154.57610471639782,2923.9256797591224,69,95.0,154.0413670009002,2923.390942043625,0.534737715497613,block1:trace,fcfs,mixed,1785144199.0878537,1785144199.0883887,1785144199.242438,1785144202.0117872,,,
5c337c4aa06bb71ecad6c1c1048d4584,65.27504383120686,21503.899485920556,548,10.0,64.56222792621702,21503.186670015566,0.7128159049898386,block1:trace,fcfs,mixed,1785144200.0480506,1785144200.0487638,1785144200.1133342,1785144221.5519583,,,
c95c0451560500f3100c2e9974fcb221,164.026181679219,3010.944888694212,71,52.5,163.1907830014825,3010.1094900164753,0.8353986777365208,block1:trace,fcfs,mixed,1785144200.1053708,1785144200.1062064,1785144200.2694037,1785144203.1163225,,,
00f0daca0a1cd93921335b9a0cbff421,401.58664167393,5115.036419709213,120,217.5,400.32235893886536,5113.772136974148,1.2642827350646257,block1:trace,fcfs,mixed,1785144201.2431176,1785144201.244382,1785144201.6447122,1785144206.3581617,,,
d3056c212cb319b617cbdc60a60898e3,74.90702776703984,17472.580507746898,444,15.0,74.50888399034739,17472.182363970205,0.39814377669245005,block1:trace,fcfs,mixed,1785144201.735233,1785144201.7356315,1785144201.8101487,1785144219.2078223,,,
4a1e22c4b6812b0590a448708ddabc59,161.8777415715158,2347.76958450675,54,287.5,161.55548195820302,2347.4473248934373,0.32225961331278086,block1:trace,fcfs,mixed,1785144202.490354,1785144202.4906764,1785144202.6522403,1785144204.8381321,,,
77d1a8c34095b709ff61e623749bb9ac,156.36185684707016,1005.6630327599123,22,110.0,156.18904400616884,1005.490219919011,0.1728128409013152,block1:trace,fcfs,mixed,1785144202.5599008,1785144202.560074,1785144202.7162716,1785144203.5655725,,,
71c138f995102b398fda90ff13638aba,80.55213768966496,3802.8828187379986,90,15.0,79.8384320223704,3802.169113070704,0.7137056672945619,block1:trace,fcfs,mixed,1785144203.0982778,1785144203.0989916,1785144203.1788385,1785144206.901169,,,
780905b19621b7c64531696d5a2b20ba,429.3300765566528,1229.9645075108856,27,70.0,427.899286034517,1228.5337169887498,1.4307905221357942,block1:trace,fcfs,mixed,1785144203.2146287,1785144203.21606,1785144203.64397,1785144204.4446044,,,
f74afc3e00a6eb78b5475bc41d63f2da,211.84668596833944,5871.393006993458,141,322.5,211.51894400827587,5871.065265033394,0.3277419600635767,block1:trace,fcfs,mixed,1785144203.6255467,1785144203.6258745,1785144203.8374016,1785144209.496948,,,
a6ac39901dce0f5fbf9ba60876e3edb5,199.85744007863104,1050.2235020976514,22,187.5,199.45807894691825,1049.8241409659386,0.3993611317127943,block1:trace,fcfs,mixed,1785144203.6437924,1785144203.644192,1785144203.8436558,1785144204.6940222,,,
f30c9585b8b3abd64fce572ec7cd21c6,76.62540138699114,42739.111267379485,1567,15.0,75.96689299680293,42738.4527589893,0.6585083901882172,block1:trace,fcfs,mixed,1785144203.7673016,1785144203.7679605,1785144203.8439364,1785144246.5064225,,,
27d0eddcf7b46d1e0685d30f356a4a13,155.495744664222,3700.3078596899286,87,115.0,155.16502398531884,3699.9771390110254,0.3307206789031625,block1:trace,fcfs,mixed,1785144203.9153187,1785144203.9156497,1785144204.0708227,1785144207.6156347,,,
31e92ac2ec9459262da7859903d4c53c,68.54906480293721,4123.363558785059,100,10.0,68.22313601151109,4123.037629993632,0.3259287914261222,block1:trace,fcfs,mixed,1785144204.0023947,1785144204.0027208,1785144204.0709515,1785144208.125766,,,
1d5043aefb85496bbfe75c40500ed75e,158.49996043834835,2375.014665420167,54,132.5,157.70674298983067,2374.2214479716495,0.7932174485176802,block1:trace,fcfs,mixed,1785144204.4228892,1785144204.423683,1785144204.5813985,1785144206.7979136,,,
2a90888288ecc36c7a7e932ceddaad63,459.93661985266954,22645.330562838353,597,395.0,458.75206298660487,22644.14600597229,1.1845568660646677,block1:trace,fcfs,mixed,1785144204.7290215,1785144204.7302063,1785144205.1889656,1785144227.3743596,,,
5558b3142fffd0dc0d4b17751ebddcab,140.89491637423635,16239.522271440364,418,25.0,140.67937002982944,16239.306725095958,0.2155463444069028,block1:trace,fcfs,mixed,1785144204.8158758,1785144204.8160913,1785144204.9567773,1785144221.0554042,,,
3ac99427681a55795db7c2bac4e70ea5,168.4994128299877,2552.6099228300154,60,412.5,167.97228890936822,2552.082798909396,0.5271239206194878,block1:trace,fcfs,mixed,1785144204.8409917,1785144204.8415189,1785144205.0094984,1785144207.393609,,,
fe0030d8f43ef28681407903b625070b,74.69497516285628,7395.3284930903465,187,12.5,74.26953199319541,7394.903049920686,0.42544316966086626,block1:trace,fcfs,mixed,1785144205.11433,1785144205.1147556,1785144205.1890326,1785144212.509666,,,
6e9a5ec465e4b1d2a6883ce717855bbc,158.25908165425062,3775.4513116087765,92,155.0,157.73653204087168,3774.9287619953975,0.522549613378942,block1:trace,fcfs,mixed,1785144205.3863952,1785144205.3869193,1785144205.5446694,1785144209.1618617,,,
38fb67b12f449385ad372aee944624fe,83.06662878021598,7711.778686731122,196,12.5,82.07329001743346,7710.78534796834,0.9933387627825141,block1:trace,fcfs,mixed,1785144205.4617994,1785144205.4627938,1785144205.5448766,1785144213.1735888,,,
b47cf155edc621a66364c8e594e0c94c,165.79409956466407,6170.239727478474,154,160.0,165.52443010732532,6169.970058021136,0.26966945733875036,block1:trace,fcfs,mixed,1785144205.6142077,1785144205.614478,1785144205.780014,1785144211.7844598,,,
