request_id,ttft_ms,ttlt_ms,output_tokens,baseline_service_ms,send_ttft_ms,send_ttlt_ms,dispatch_lag_ms,category,policy,profile,scheduled_at_unix_s,dispatched_at_unix_s,first_token_at_unix_s,completed_at_unix_s,error,http_status,decision_fail_open
block1-000000,620.4256134806201,1284.770425525494,43,20.0,619.5282209664583,1283.8730330113322,0.8973925141617656,block1:s1,gated_rule_c,mixed,1785177793.4323835,1785177793.433282,1785177794.0528262,1785177794.7171712,,,
block1-000001,331.95606514345855,4201.762135140598,175,25.0,330.5858880048618,4200.391958002001,1.3701771385967731,block1:zero_tool,gated_rule_c,mixed,1785177793.432724,1785177793.4340942,1785177793.764684,1785177797.6344898,,,
block1-000002,484.00658008176833,1161.4817291265354,42,572.5,483.4712839219719,1160.946432966739,0.5352961597964168,block1:s1,gated_rule_c,mixed,1785177793.573167,1785177793.5737038,1785177794.0571969,1785177794.734672,,,
block1-000003,130.7959306286648,11081.329208682291,468,25.0,129.95166494511068,11080.484942998737,0.8442656835541129,block1:zero_tool,gated_rule_c,mixed,1785177793.7799733,1785177793.7808177,1785177793.9107802,1785177804.8613133,,,
block1-000004,129.99398249667138,3273.118168581277,147,177.5,129.7189339529723,3272.843120037578,0.2750485436990857,block1:zero_tool,gated_rule_c,mixed,1785177793.8217483,1785177793.822024,1785177793.9517581,1785177797.094882,,,
block1-000005,130.37559774238616,1565.281125716865,67,15.0,129.75033395923674,1564.6558619337156,0.6252637831494212,block1:s1,gated_rule_c,mixed,1785177793.8257957,1785177793.8264213,1785177793.9561808,1785177795.391086,,,
block1-000006,78.9687680080533,4641.158999060281,209,85.0,77.9191330075264,4640.109364059754,1.049635000526905,block1:zero_tool,gated_rule_c,mixed,1785177793.9783032,1785177793.9793537,1785177794.0572865,1785177798.6194763,,,
block1-000007,74.05654701869935,4808.829838060774,218,287.5,73.10905097983778,4807.882342021912,0.9474960388615727,block1:zero_tool,gated_rule_c,mixed,1785177793.9830601,1785177793.9840078,1785177794.057126,1785177798.7918987,,,
block1-000008,121.95195734966546,3751.901756389998,166,412.5,121.70344695914537,3751.653245999478,0.24851039052009583,block1:zero_tool,gated_rule_c,mixed,1785177794.378788,1785177794.3790371,1785177794.5007524,1785177798.1307018,,,
block1-000009,409.83307699207217,1078.95130594261,44,145.0,408.8775690179318,1077.9957979684696,0.955507974140346,block1:s2,gated_rule_c,mixed,1785177794.4219637,1785177794.4229205,1785177794.8318121,1785177795.5009305,,,
block1-000010,99.54686427954584,3446.0491322679445,152,117.5,98.69853500276804,3445.2008029911667,0.8483292767778039,block1:zero_tool,gated_rule_c,mixed,1785177794.4466887,1785177794.4475384,1785177794.5462494,1785177797.8927522,,,
block1-000011,332.59541005827487,1000.8405880071223,43,287.5,330.65300504677,998.8981829956174,1.9424050115048885,block1:s2,gated_rule_c,mixed,1785177794.6156147,1785177794.6175578,1785177794.9482193,1785177795.6164649,,,
block1-000012,59.75497025065124,3495.1436932897195,156,15.0,58.64155292510986,3494.030275964178,1.113417325541377,block1:zero_tool,gated_rule_c,mixed,1785177795.1051733,1785177795.106287,1785177795.1649373,1785177798.6003253,,,
block1-000013,420.6340085947886,1080.8430885663256,44,20.0,420.09818099904805,1080.307260970585,0.5358275957405567,block1:s2,gated_rule_c,mixed,1785177795.253319,1785177795.2538557,1785177795.6739655,1785177796.3341744,,,
block1-000014,100.14145111199468,1517.665412160568,67,12.5,99.7984439600259,1517.3224050085992,0.3430071519687772,block1:s2,gated_rule_c,mixed,1785177795.4009588,1785177795.401302,1785177795.50111,1785177796.9186342,,,
block1-000015,274.6203006245196,787.9606576170772,34,545.0,273.66119995713234,787.00155694969,0.9591006673872471,block1:s2,gated_rule_c,mixed,1785177795.7459724,1785177795.746932,1785177796.0206025,1785177796.533943,,,
block1-000016,442.88507499732077,1121.8471110332757,48,155.0,442.3848579172045,1121.3468939531595,0.500217080116272,block1:s3,gated_rule_c,mixed,1785177795.991951,1785177795.9924517,1785177796.4348443,1785177797.1138062,,,
block1-000017,70.06094185635448,3900.86078888271,160,287.5,69.7368870023638,3900.5367340287194,0.324054853990674,block1:zero_tool,gated_rule_c,mixed,1785177796.2436779,1785177796.2440028,1785177796.313751,1785177800.1445508,,,
block1-000018,58.11103212181479,2912.2771880356595,128,12.5,57.78382101561874,2911.9499769294634,0.3272111061960459,block1:zero_tool,gated_rule_c,mixed,1785177796.3766842,1785177796.3770115,1785177796.434804,1785177799.28897,,,
block1-000019,438.8812844408676,1200.1921384362504,48,100.0,438.34168603643775,1199.6525400318205,0.539598404429853,block1:s3,gated_rule_c,mixed,1785177796.6560805,1785177796.6566203,1785177797.0949702,1785177797.856281,,,
block1-000020,77.23280170466751,3699.157682713121,147,572.5,76.37022098060697,3698.2951019890606,0.8625807240605354,block1:zero_tool,gated_rule_c,mixed,1785177796.8198843,1785177796.8207479,1785177796.8971276,1785177800.5190523,,,
block1-000021,365.05133530590683,1070.5129283014685,43,10.0,364.44582394324243,1069.907416938804,0.6055113626644015,block1:s3,gated_rule_c,mixed,1785177797.119378,1785177797.1199837,1785177797.4844372,1785177798.1898985,,,
block1-000022,559.2973777092993,1188.4444857714698,49,412.5,557.2438059607521,1186.3909140229225,2.053571748547256,block1:s3,gated_rule_c,mixed,1785177797.4311404,1785177797.4331942,1785177797.9904492,1785177798.619595,,,
block1-000023,355.1758711691946,1040.7084301114082,43,15.0,354.6682590385899,1040.2008179808035,0.5076121306046844,block1:s3,gated_rule_c,mixed,1785177797.5001726,1785177797.5006804,1785177797.8553596,1785177798.5408914,,,
block1-000024,72.8621034650132,4511.912369518541,181,10.0,72.18759797979146,4511.237864033319,0.6745054852217436,block1:zero_tool,gated_rule_c,mixed,1785177797.6213639,1785177797.622039,1785177797.6942375,1785177802.1332884,,,
block1-000025,422.8304816642776,1082.0025046123192,48,152.5,420.9047220647335,1080.076745012775,1.925759599544108,block1:s4,gated_rule_c,mixed,1785177797.7668085,1785177797.7687356,1785177798.1896558,1785177798.8488274,,,
block1-000026,69.56837757024914,4781.187648535706,193,132.5,69.07116493675858,4780.6904359022155,0.49721263349056244,block1:zero_tool,gated_rule_c,mixed,1785177798.001257,1785177798.0017545,1785177798.0708368,1785177802.7824554,,,
block1-000027,416.50291497353464,1264.781802892685,48,320.0,415.29117606114596,1263.5700639802963,1.2117389123886824,block1:s4,gated_rule_c,mixed,1785177798.2400692,1785177798.2412822,1785177798.6565852,1785177799.5048642,,,
block1-000028,718.4408425819129,1599.0751375211403,48,17.5,718.2508379919454,1598.8851329311728,0.19000458996742964,block1:s4,gated_rule_c,mixed,1785177798.9644327,1785177798.9646242,1785177799.682889,1785177800.5635228,,,
block1-000029,711.2331261159852,1608.6825400125235,48,322.5,709.3163030222058,1606.7657169187441,1.916823093779385,block1:s4,gated_rule_c,mixed,1785177799.0115013,1785177799.0134184,1785177799.7227445,1785177800.6201952,,,
block1-000030,685.2017390774563,1648.3322851127014,48,95.0,684.2508399859071,1647.3813860211521,0.9508990915492177,block1:s4,gated_rule_c,mixed,1785177799.0706325,1785177799.0715847,1785177799.7558513,1785177800.7189822,,,
block1-000031,687.6331927487627,1574.7438197722659,48,132.5,685.7064809883013,1572.8171080118045,1.9267117604613304,block1:s4,gated_rule_c,mixed,1785177799.1873364,1785177799.1892638,1785177799.8749826,1785177800.7620928,,,
block1-000032,566.6828961111605,1416.1210741149262,43,280.0,565.5270599527285,1414.965237956494,1.1558361584320664,block1:s1,gated_rule_c,mixed,1785177799.3271968,1785177799.3283527,1785177799.893888,1785177800.743326,,,
block1-000033,140.1798677397892,2010.9197187703103,71,10.0,139.101110980846,2009.840962011367,1.0787567589432001,block1:s1,gated_rule_c,mixed,1785177799.379447,1785177799.3805265,1785177799.5196388,1785177801.3903794,,,
block1-000034,110.52085750270635,5180.913872551173,204,15.0,110.13509600888938,5180.528111057356,0.3857614938169718,block1:zero_tool,gated_rule_c,mixed,1785177799.4089627,1785177799.4093497,1785177799.5194967,1785177804.5898895,,,
block1-000035,186.33562524337322,2032.839311286807,75,10.0,184.3468239530921,2030.850509996526,1.988801290281117,block1:s1,gated_rule_c,mixed,1785177799.4969974,1785177799.498987,1785177799.6833436,1785177801.5298479,,,
block1-000036,514.5172150805593,1180.9166091261432,36,105.0,513.9555429341272,1180.354936979711,0.5616721464321017,block1:s1,gated_rule_c,mixed,1785177799.542217,1785177799.542779,1785177800.0567439,1785177800.7231429,,,
block1-000037,418.7506592134014,1104.5664232224226,34,170.0,418.29963389318436,1104.1153979022056,0.45102532021701336,block1:s1,gated_rule_c,mixed,1785177799.6146305,1785177799.6150818,1785177800.0333881,1785177800.7192035,,,
block1-000038,516.717829159461,1275.0544511945918,43,12.5,516.55674201902,1274.8933640541509,0.16108714044094086,block1:s1,gated_rule_c,mixed,1785177799.7267544,1785177799.7269156,1785177800.2434819,1785177801.001819,,,
block1-000039,148.40163639746606,1726.6791242873296,68,145.0,147.40687608718872,1725.6843639770523,0.9947603102773428,block1:s1,gated_rule_c,mixed,1785177799.8652024,1785177799.8661976,1785177800.0136306,1785177801.591908,,,
block1-000040,62.57509929127991,8730.145476292819,364,10.0,61.59394094720483,8729.164317948744,0.9811583440750837,block1:zero_tool,gated_rule_c,mixed,1785177800.037209,1785177800.0381901,1785177800.0997934,1785177808.7673635,,,
block1-000041,404.40866257995367,1010.6121966382489,36,17.5,403.7162830354646,1009.9198170937598,0.6923795444890857,block1:s2,gated_rule_c,mixed,1785177800.1154935,1785177800.1161861,1785177800.5199118,1785177801.1261153,,,
block1-000042,109.84090704005212,1605.2902389783412,64,145.0,109.43658498581499,1604.885916924104,0.4043220542371273,block1:s2,gated_rule_c,mixed,1785177800.3664608,1785177800.366866,1785177800.476314,1785177801.9717631,,,
block1-000043,443.1398496963084,1110.830399673432,45,17.5,442.94760201592,1110.6381519930437,0.19224768038839102,block1:s2,gated_rule_c,mixed,1785177800.5208693,1785177800.5210617,1785177800.964021,1785177801.631711,,,
block1-000044,359.08007551915944,883.657235535793,35,412.5,358.0750699620694,882.652229978703,1.005005557090044,block1:s2,gated_rule_c,mixed,1785177800.5265644,1785177800.5275698,1785177800.885652,1785177801.4102292,,,
block1-000045,109.97712018433958,3474.1471712477505,143,572.5,109.60385494399816,3473.773906007409,0.37326524034142494,block1:zero_tool,gated_rule_c,mixed,1785177800.612558,1785177800.6129339,1785177800.7225592,1785177804.0867295,,,
block1-000046,77.14903494343162,8000.275694997981,336,107.5,76.63455803412944,7999.761218088679,0.514476909302175,block1:zero_tool,gated_rule_c,mixed,1785177800.8085492,1785177800.8090637,1785177800.8857064,1785177808.8088338,,,
block1-000047,279.5730148209259,800.6759209092706,34,10.0,279.3830099981278,800.4859160864726,0.1900048227980733,block1:s2,gated_rule_c,mixed,1785177800.8664978,1785177800.8666885,1785177801.1460829,1785177801.667186,,,
block1-000048,78.06922192685306,3390.974256908521,142,10.0,76.74738799687475,3389.6524229785427,1.321833929978311,block1:zero_tool,gated_rule_c,mixed,1785177801.0107431,1785177801.012065,1785177801.0888216,1785177804.4017262,,,
block1-000049,61.62268191110343,3086.509299930185,128,17.5,60.68770005367696,3085.5743180727586,0.9349818574264646,block1:zero_tool,gated_rule_c,mixed,1785177801.1273656,1785177801.1283004,1785177801.1889954,1785177804.2138815,,,
block1-000050,497.5609768880531,1209.2798608355224,48,160.0,496.44769506994635,1208.1665790174156,1.1132818181067705,block1:s3,gated_rule_c,mixed,1785177801.5331984,1785177801.534312,1785177802.030773,1785177802.742492,,,
block1-000051,326.1037077754736,999.7296037618071,39,17.5,325.8089110022411,999.4348069885746,0.2947967732325196,block1:s3,gated_rule_c,mixed,1785177801.7045963,1785177801.7048917,1785177802.0307138,1785177802.7043397,,,
block1-000052,422.1787912538275,1168.3202423155308,48,170.0,421.11193493474275,1167.253385996446,1.0668563190847635,block1:s3,gated_rule_c,mixed,1785177801.851604,1785177801.8526723,1785177802.2738,1785177803.019941,,,
block1-000053,72.00982235372066,3285.682800342329,139,160.0,71.28015498165041,3284.9531329702586,0.7296673720702529,block1:zero_tool,gated_rule_c,mixed,1785177802.0211341,1785177802.0218642,1785177802.0931535,1785177805.3068266,,,
block1-000054,527.4276090785861,1156.8659100448713,43,282.5,526.4002450276166,1155.8385459939018,1.0273640509694815,block1:s3,gated_rule_c,mixed,1785177802.2347717,1785177802.2357998,1785177802.7622104,1785177803.391649,,,
block1-000055,418.73412823770195,1291.8941342504695,48,282.5,418.52843202650547,1291.688438039273,0.20569621119648218,block1:s3,gated_rule_c,mixed,1785177802.3821883,1785177802.3823946,1785177802.8009322,1785177803.6740923,,,
block1-000056,86.28326910547912,3779.887482174672,154,115.0,84.33851099107414,3777.942724060267,1.9447581144049764,block1:zero_tool,gated_rule_c,mixed,1785177802.4371917,1785177802.4391375,1785177802.523489,1785177806.2170928,,,
block1-000057,73.85693083051592,4436.424507875927,185,15.0,73.40246497187763,4435.9700420172885,0.4544658586382866,block1:zero_tool,gated_rule_c,mixed,1785177802.8106778,1785177802.8111327,1785177802.8845446,1785177807.2471123,,,
block1-000058,530.1497302716598,1330.8327972190455,48,105.0,529.8392230179161,1330.5222899653018,0.31050725374370813,block1:s4,gated_rule_c,mixed,1785177802.8616395,1785177802.8619504,1785177803.3917994,1785177804.192484,,,
block1-000059,585.8806181931868,1335.490400204435,49,25.0,583.9738369686529,1333.583618979901,1.9067812245339155,block1:s4,gated_rule_c,mixed,1785177803.066332,1785177803.0682395,1785177803.6522229,1785177804.4018323,,,
block1-000060,581.3763018231839,1309.4229338457808,48,412.5,580.9512960258871,1308.997928048484,0.42500579729676247,block1:s4,gated_rule_c,mixed,1785177803.0921547,1785177803.09258,1785177803.6735382,1785177804.4015856,,,
block1-000061,518.0247977841645,1240.9254257800058,48,282.5,516.6551449801773,1239.5557729760185,1.3696528039872646,block1:s4,gated_rule_c,mixed,1785177803.2200973,1785177803.2214682,1785177803.7381358,1785177804.4610357,,,
block1-000062,532.7103025047109,1265.3832755750045,48,15.0,531.6054719733074,1264.278445043601,1.1048305314034224,block1:s4,gated_rule_c,mixed,1785177803.3242028,1785177803.3253083,1785177803.8569255,1785177804.5895987,,,
block1-000063,491.5472195716575,1206.4508525654674,48,282.5,491.0839729709551,1205.987605964765,0.463246600702405,block1:s4,gated_rule_c,mixed,1785177803.44058,1785177803.4410446,1785177803.9321427,1785177804.6470468,,,
block1-000064,100.53881804924458,3465.5440411297604,148,10.0,100.08541797287762,3465.0906410533935,0.453400076366961,block1:zero_tool,gated_rule_c,mixed,1785177803.4476109,1785177803.4480646,1785177803.5481584,1785177806.9131634,,,
block1-000065,99.32455094531178,4506.770889973268,190,282.5,99.14351697079837,4506.5898559987545,0.18103397451341152,block1:zero_tool,gated_rule_c,mixed,1785177803.4683106,1785177803.468492,1785177803.5676441,1785177807.9750912,,,
block1-000066,393.905999022536,1047.1031629713252,43,12.5,392.9345040814951,1046.1316680302843,0.9714949410408735,block1:s1,gated_rule_c,mixed,1785177803.776592,1785177803.7775645,1785177804.1705132,1785177804.8237102,,,
block1-000067,66.25992490444332,3231.1401439365,140,140.0,65.85288105998188,3230.7331000920385,0.40704384446144104,block1:zero_tool,gated_rule_c,mixed,1785177803.9573996,1785177803.9578073,1785177804.0236752,1785177807.1885545,,,
block1-000068,350.93959141522646,912.4838995048776,39,10.0,350.0754429260269,911.619751015678,0.8641484891995788,block1:s1,gated_rule_c,mixed,1785177804.4332716,1785177804.4341362,1785177804.7842221,1785177805.3457658,,,
block1-000069,103.66833058651537,1528.9038666523993,60,15.0,102.40325797349215,1527.638794039376,1.2650726130232215,block1:s1,gated_rule_c,mixed,1785177804.8785336,1785177804.8797991,1785177804.9822109,1785177806.4074464,,,
block1-000070,103.03902486339211,8870.163145824336,369,12.5,101.69583710376173,8868.819958064705,1.343187759630382,block1:zero_tool,gated_rule_c,mixed,1785177804.8896713,1785177804.8910148,1785177804.9927194,1785177813.7598433,,,
block1-000071,98.90460770111531,1720.688991714269,69,177.5,98.71490590739995,1720.4992899205536,0.18970179371535778,block1:s1,gated_rule_c,mixed,1785177804.894497,1785177804.8946867,1785177804.9934087,1785177806.6151934,,,
block1-000072,421.48798960261047,1162.2521015815437,41,105.0,420.84480193443596,1161.6089139133692,0.6431876681745052,block1:s2,gated_rule_c,mixed,1785177805.4111373,1785177805.4117813,1785177805.832635,1785177806.5733993,,,
block1-000073,382.2539523243904,1081.6899243509397,40,20.0,381.2585340347141,1080.6945060612634,0.9954182896763086,block1:s2,gated_rule_c,mixed,1785177805.6121218,1785177805.6131177,1785177805.9943857,1785177806.6938217,,,
block1-000074,99.93673488497734,4151.9051539944485,166,545.0,99.41623592749238,4151.3846550369635,0.5204989574849606,block1:zero_tool,gated_rule_c,mixed,1785177805.7326086,1785177805.7331297,1785177805.8325577,1785177809.8845258,,,
block1-000075,120.3339867061004,3514.3357187043875,142,357.5,119.90307504311204,3513.904807041399,0.4309116629883647,block1:zero_tool,gated_rule_c,mixed,1785177805.754215,1785177805.7546463,1785177805.874558,1785177809.2685595,,,
block1-000076,97.34728327021003,3782.327776309103,151,282.5,96.33506392128766,3781.3155569601804,1.0122193489223719,block1:zero_tool,gated_rule_c,mixed,1785177805.7807636,1785177805.7817764,1785177805.8781188,1785177809.5630994,,,
block1-000077,396.3955856161192,1020.3684535808861,41,115.0,395.42582898866385,1019.3986969534308,0.9697566274553537,block1:s2,gated_rule_c,mixed,1785177805.794804,1785177805.7957742,1785177806.1912081,1785177806.8151813,,,
block1-000078,93.04364549461752,1583.3554174751043,67,50.0,92.22402202431113,1582.535794004798,0.8196234703063965,block1:s2,gated_rule_c,mixed,1785177805.8589795,1785177805.8597996,1785177805.9520347,1785177807.4423468,,,
block1-000079,332.22754613962024,828.0465571442619,34,160.0,331.2712990446016,827.0903100492433,0.9562470950186253,block1:s2,gated_rule_c,mixed,1785177805.9672642,1785177805.968221,1785177806.2995038,1785177806.7953224,,,
block1-000080,108.8707884773612,3499.369858414866,142,115.0,107.46684798505157,3497.9659179225564,1.40394049230963,block1:zero_tool,gated_rule_c,mixed,1785177806.0822542,1785177806.0836585,1785177806.1911356,1785177809.5816343,,,
block1-000081,297.9423210490495,787.2376091545448,33,60.0,297.13154293131083,786.4268310368061,0.8107781177386642,block1:s3,gated_rule_c,mixed,1785177806.0864775,1785177806.0872886,1785177806.384427,1785177806.873722,,,
block1-000082,113.22651291266084,4061.1757988808677,161,10.0,112.12279903702438,4060.072085005231,1.1037138756364584,block1:zero_tool,gated_rule_c,mixed,1785177807.0748522,1785177807.0759566,1785177807.1880894,1785177811.1360383,,,
block1-000083,279.86668527591974,1141.426870250143,41,115.0,279.1848719352856,1140.745056909509,0.6818133406341076,block1:s3,gated_rule_c,mixed,1785177807.0882125,1785177807.0888944,1785177807.3680856,1785177808.2296453,,,
block1-000084,524.0116545464844,1323.948108474724,48,17.5,522.552649024874,1322.4891029531136,1.4590055216103792,block1:s3,gated_rule_c,mixed,1785177807.3218222,1785177807.3232815,1785177807.8458428,1785177808.6457794,,,
block1-000085,551.3145549921319,1278.2096769660711,46,145.0,550.4162800498307,1277.31140202377,0.8982749423012137,block1:s3,gated_rule_c,mixed,1785177807.4698944,1785177807.4707932,1785177808.0212214,1785177808.7481167,,,
block1-000086,547.5883784238249,1274.8340404359624,46,155.0,546.6532190330327,1273.8988810451701,0.9351593907922506,block1:s3,gated_rule_c,mixed,1785177807.4737337,1785177807.474669,1785177808.021329,1785177808.7485747,,,
block1-000087,388.98296433035284,1139.1218453645706,43,22.5,388.3818689500913,1138.520749984309,0.6010953802615404,block1:s3,gated_rule_c,mixed,1785177807.6699133,1785177807.6705155,1785177808.0589104,1785177808.809049,,,
block1-000088,479.64943444821984,1293.7128813937306,48,110.0,478.2174159772694,1292.2808629227802,1.4320184709504247,block1:s4,gated_rule_c,mixed,1785177807.8780882,1785177807.8795204,1785177808.3577466,1785177809.1718106,,,
block1-000089,444.6907198289409,1277.0014147972688,48,20.0,443.7888499815017,1276.0995449498296,0.9018698474392295,block1:s4,gated_rule_c,mixed,1785177807.9344647,1785177807.9353666,1785177808.3791645,1785177809.2114747,,,
block1-000090,58.16632497590035,4112.152368878014,171,170.0,57.33323399908841,4111.319277901202,0.8330909768119454,block1:zero_tool,gated_rule_c,mixed,1785177808.0446749,1785177808.0455093,1785177808.1028547,1785177812.1568408,,,
block1-000091,64.84625756274909,4166.620236588642,172,50.0,63.82384698372334,4165.597826009616,1.0224105790257454,block1:zero_tool,gated_rule_c,mixed,1785177808.1436763,1785177808.144699,1785177808.2085323,1785177812.3103068,,,
block1-000092,63.06331290397793,3327.430756879039,136,15.0,62.55495606455952,3326.9224000396207,0.5083568394184113,block1:zero_tool,gated_rule_c,mixed,1785177808.2321472,1785177808.2326555,1785177808.2952182,1785177811.5595853,,,
block1-000093,493.91776183620095,1363.5745567735285,48,60.0,493.1519919773564,1362.8087869146839,0.7657698588445783,block1:s4,gated_rule_c,mixed,1785177808.3713746,1785177808.3721426,1785177808.8653119,1785177809.7349684,,,
block1-000094,479.04768702574074,1334.6602150704712,48,307.5,478.52222493384033,1334.1347529785708,0.5254620919004083,block1:s4,gated_rule_c,mixed,1785177808.550276,1785177808.5508025,1785177809.0293362,1785177809.8849483,,,
block1-000095,105.05768726579845,3630.444645299576,150,92.5,103.51214394904673,3628.8991019828245,1.5455433167517185,block1:zero_tool,gated_rule_c,mixed,1785177808.7956262,1785177808.7971718,1785177808.9006927,1785177812.42608,,,
block1-000096,408.71147729922086,1160.5960513697937,43,135.0,408.11516297981143,1159.9997370503843,0.59631431940943,block1:s1,gated_rule_c,mixed,1785177808.8021698,1785177808.802766,1785177809.2108874,1785177809.9627721,,,
block1-000097,73.71828763280064,1816.7003826238215,71,115.0,73.4741110354662,1816.456206026487,0.24417659733444452,block1:s1,gated_rule_c,mixed,1785177808.875203,1785177808.8754473,1785177808.9489303,1785177810.691913,,,
block1-000098,491.11790501046926,1197.7959079667926,44,412.5,490.9333259565756,1197.611328912899,0.18457905389368534,block1:s1,gated_rule_c,mixed,1785177809.090399,1785177809.0905843,1785177809.581529,1785177810.288207,,,
block1-000099,398.61907670274377,988.7671826872975,36,282.5,397.999626933597,988.1477329181507,0.6194497691467404,block1:s1,gated_rule_c,mixed,1785177809.1400476,1785177809.1406686,1785177809.5386846,1785177810.1288335,,,
block1-000100,449.5579091599211,1134.9256321555004,42,170.0,448.74793803319335,1134.1156610287726,0.8099711267277598,block1:s1,gated_rule_c,mixed,1785177809.2849889,1785177809.285799,1785177809.734558,1785177810.4199252,,,
block1-000101,373.6856838222593,908.0652648117393,34,15.0,373.273337027058,907.652918016538,0.4123467952013016,block1:s1,gated_rule_c,mixed,1785177809.3196173,1785177809.3200307,1785177809.6933155,1785177810.2276947,,,
block1-000102,120.71111670229584,3499.775269650854,146,135.0,119.99744002241641,3499.0615929709747,0.713676679879427,block1:zero_tool,gated_rule_c,mixed,1785177809.3924222,1785177809.393137,1785177809.5131462,1785177812.8922105,,,
block1-000103,90.88403650093824,6751.366171520203,286,105.0,90.40328802075237,6750.8854230400175,0.48074848018586636,block1:zero_tool,gated_rule_c,mixed,1785177809.4268591,1785177809.4273407,1785177809.5177512,1785177816.1782339,,,
block1-000104,334.95058002881706,947.9984620120376,37,95.0,333.98416999261826,947.0320519758388,0.9664100361987948,block1:s2,gated_rule_c,mixed,1785177809.5498657,1785177809.550832,1785177809.8848264,1785177810.497875,,,
block1-000105,100.54903535638005,4406.922399415635,188,160.0,99.91798095870763,4406.291345017962,0.6310543976724148,block1:zero_tool,gated_rule_c,mixed,1785177809.9859972,1785177809.9866283,1785177810.0865536,1785177814.3929267,,,
block1-000106,86.36056317482144,1519.0635641338304,64,70.0,84.4045450212434,1517.1075459802523,1.956018153578043,block1:s2,gated_rule_c,mixed,1785177810.0202749,1785177810.0222313,1785177810.1066458,1785177811.5393484,,,
block1-000107,109.71502494066954,1783.6781688965857,74,95.0,109.52098504640162,1783.4841290023178,0.19403989426791668,block1:s2,gated_rule_c,mixed,1785177810.3101058,1785177810.3102996,1785177810.41983,1785177812.0937927,,,
block1-000108,358.6563654243946,894.3887694040313,35,322.5,356.5535070374608,892.2859110170975,2.1028583869338036,block1:s2,gated_rule_c,mixed,1785177810.5243144,1785177810.5264173,1785177810.8829796,1785177811.4187121,,,
block1-000109,382.36483989749104,1033.9097508694977,44,110.0,381.6369960550219,1033.1819070270285,0.7278438424691558,block1:s2,gated_rule_c,mixed,1785177810.624826,1785177810.6255548,1785177811.0072033,1785177811.6587481,,,
block1-000110,106.16039542946965,1510.9384474344552,64,17.5,105.52699398249388,1510.3050459874794,0.6334014469757676,block1:s2,gated_rule_c,mixed,1785177810.6453385,1785177810.645973,1785177810.7515113,1785177812.1562889,,,
block1-000111,85.27230436448008,3317.2286613844335,142,110.0,84.2107740463689,3316.1671310663223,1.0615303181111813,block1:zero_tool,gated_rule_c,mixed,1785177810.7141776,1785177810.7152395,1785177810.7994618,1785177814.031418,,,
block1-000112,83.75816303305328,3315.7486610580236,142,107.5,83.68400402832776,3315.674502053298,0.07415900472551584,block1:zero_tool,gated_rule_c,mixed,1785177810.7158518,1785177810.715926,1785177810.7996163,1785177814.0316067,,,
block1-000113,82.37082476262003,3003.499903716147,128,95.0,81.26391295809299,3002.39299191162,1.1069118045270443,block1:zero_tool,gated_rule_c,mixed,1785177810.7172906,1785177810.7183976,1785177810.7996688,1785177813.720798,,,
block1-000114,409.2447080183774,963.709790026769,38,25.0,408.3329640561715,962.7980460645631,0.9117439622059464,block1:s3,gated_rule_c,mixed,1785177811.0703905,1785177811.0713024,1785177811.4796448,1785177812.034109,,,
block1-000115,330.6045146891847,994.7310046991333,39,105.0,330.08873206563294,994.2152220755816,0.515782623551786,block1:s3,gated_rule_c,mixed,1785177811.6624095,1785177811.6629252,1785177811.9930222,1785177812.6571484,,,
block1-000116,353.7521680118516,1020.5702190287411,41,10.0,352.61703096330166,1019.4350819801912,1.1351370485499501,block1:s3,gated_rule_c,mixed,1785177811.699365,1785177811.700501,1785177812.0531275,1785177812.7199457,,,
block1-000117,116.64638575166464,2580.1883147796616,108,320.0,115.82352698314935,2579.3654560111463,0.8228587685152888,block1:zero_tool,gated_rule_c,mixed,1785177811.7563832,1785177811.7572079,1785177811.8730466,1785177814.3365874,,,
block1-000118,511.84340310283005,1158.5054631577805,43,20.0,511.5457499632612,1158.2078100182116,0.2976531395688653,block1:s3,gated_rule_c,mixed,1785177812.1051235,1785177812.1054213,1785177812.616975,1785177813.2636368,,,
block1-000119,373.07366798631847,1164.389161975123,44,307.5,371.666204999201,1162.9816989880055,1.4074629871174693,block1:s3,gated_rule_c,mixed,1785177812.4593785,1785177812.4607863,1785177812.832463,1785177813.6237786,,,
block1-000120,531.3819053117186,1210.1313142338768,48,172.5,530.2242350298911,1208.9736439520493,1.1576702818274498,block1:s4,gated_rule_c,mixed,1785177812.6662233,1785177812.6673813,1785177813.197613,1785177813.8763626,,,
block1-000121,511.6346445865929,1165.4382545966655,48,20.0,511.38857705518603,1165.1921870652586,0.24606753140687943,block1:s4,gated_rule_c,mixed,1785177812.7519011,1785177812.7521472,1785177813.2635443,1785177813.9173481,,,
block1-000122,505.6219254620373,1158.72056549415,48,155.0,505.19406399689615,1158.2927040290087,0.4278614651411772,block1:s4,gated_rule_c,mixed,1785177812.838239,1785177812.8386667,1785177813.3438704,1785177813.9969687,,,
block1-000123,511.0104631166905,1178.558687097393,48,140.0,509.88873606547713,1177.4369600461796,1.1217270512133837,block1:s4,gated_rule_c,mixed,1785177812.8523076,1785177812.8534296,1785177813.3633265,1785177814.0308747,,,
block1-000124,439.3217876786366,1151.6943466849625,48,95.0,438.6460280511528,1151.0185870574787,0.6757596274837852,block1:s4,gated_rule_c,mixed,1785177813.1846607,1785177813.1853373,1785177813.624001,1785177814.336374,,,
block1-000125,103.29709143843502,3154.247599421069,136,287.5,103.06346998549998,3154.013977968134,0.23362145293504,block1:zero_tool,gated_rule_c,mixed,1785177813.2045903,1785177813.2048237,1785177813.3078957,1785177816.3588462,,,
block1-000126,476.1700672097504,1256.1029362259433,48,15.0,475.4550480283797,1255.3879170445725,0.7150191813707352,block1:s4,gated_rule_c,mixed,1785177813.8974922,1785177813.8982072,1785177814.3736696,1785177815.1536024,,,
block1-000127,461.5273871459067,1229.5124111697078,48,20.0,460.9268519561738,1228.9118759799749,0.6005351897329092,block1:s4,gated_rule_c,mixed,1785177814.049056,1785177814.0496569,1785177814.510593,1785177815.2785778,,,
block1-000128,107.40341548807919,4843.17448339425,217,110.0,106.52024007868022,4842.291307984851,0.883175409398973,block1:zero_tool,gated_rule_c,mixed,1785177814.0658526,1785177814.0667365,1785177814.1732652,1785177818.909036,,,
block1-000129,84.17982631362975,1685.042064404115,71,17.5,83.71719089336693,1684.5794289838523,0.46263542026281357,block1:s1,gated_rule_c,mixed,1785177814.2324371,1785177814.2329004,1785177814.3166275,1785177815.9174905,,,
block1-000130,71.75321714021266,3708.563560154289,160,75.0,71.49512704927474,3708.305470063351,0.25809009093791246,block1:zero_tool,gated_rule_c,mixed,1785177814.2445226,1785177814.244781,1785177814.316285,1785177817.953096,,,
block1-000131,375.4103590035811,916.4908380480483,36,117.5,374.92649897467345,916.0069780191407,0.48386002890765667,block1:s1,gated_rule_c,mixed,1785177814.4390512,1785177814.4395356,1785177814.8144708,1785177815.355551,,,
block1-000132,392.0916805509478,1034.2198446160182,39,15.0,391.2425459129736,1033.370709978044,0.8491346379742026,block1:s1,gated_rule_c,mixed,1785177814.5621264,1785177814.5629754,1785177814.954226,1785177815.596354,,,
block1-000133,66.4047074969858,1509.9414035212249,62,117.5,65.54304400924593,1509.079740033485,0.861663487739861,block1:s1,gated_rule_c,mixed,1785177814.668482,1785177814.6693447,1785177814.7348993,1785177816.1784353,,,
block1-000134,379.54949494451284,1028.1410599127412,43,160.0,378.4626499982551,1027.0542149664834,1.08684494625777,block1:s1,gated_rule_c,mixed,1785177814.752085,1785177814.753172,1785177815.131645,1785177815.780237,,,
block1-000135,271.99300506617874,790.6073339981958,31,10.0,271.78808103781193,790.402409969829,0.20492402836680412,block1:s1,gated_rule_c,mixed,1785177814.7812393,1785177814.7814448,1785177815.0532427,1785177815.5718567,,,
block1-000136,321.4104564394802,966.538401436992,41,15.0,319.6782770100981,964.8062220076099,1.7321794293820858,block1:s2,gated_rule_c,mixed,1785177814.8318784,1785177814.8336108,1785177815.1532977,1785177815.7984262,,,
block1-000137,64.1875077271834,3925.338953733444,179,115.0,63.41928301844746,3924.5707290247083,0.7682247087359428,block1:zero_tool,gated_rule_c,mixed,1785177815.1922626,1785177815.1930308,1785177815.256459,1785177819.1176107,,,
block1-000138,329.7894735587761,908.8770225644112,36,107.5,327.842348953709,906.9298979593441,1.9471246050670743,block1:s2,gated_rule_c,mixed,1785177815.3273852,1785177815.3293326,1785177815.657184,1785177816.2362714,,,
block1-000139,89.95713794138283,3181.748449918814,143,550.0,89.24326207488775,3181.034574052319,0.7138758664950728,block1:zero_tool,gated_rule_c,mixed,1785177815.3840928,1785177815.3848069,1785177815.4740593,1785177818.5658507,,,
block1-000140,67.47744779568166,4385.563351796009,196,152.5,67.12719495408237,4385.213098954409,0.3502528415992856,block1:zero_tool,gated_rule_c,mixed,1785177815.509313,1785177815.5096636,1785177815.576802,1785177819.8948884,,,
block1-000141,386.1654580105096,1074.8741819988936,44,10.0,385.56209101807326,1074.2708150064573,0.6033669924363494,block1:s2,gated_rule_c,mixed,1785177815.619487,1785177815.6200907,1785177816.0056622,1785177816.6943705,,,
block1-000142,389.2893349984661,940.3067900566384,36,322.5,388.9756699791178,939.9931250372902,0.31366501934826374,block1:s2,gated_rule_c,mixed,1785177815.846437,1785177815.8467507,1785177816.2357342,1785177816.786752,,,
block1-000143,308.77970485016704,859.1699907556176,34,15.0,307.7963590621948,858.1866449676454,0.9833457879722118,block1:s2,gated_rule_c,mixed,1785177815.9467673,1785177815.9477508,1785177816.255556,1785177816.8059464,,,
block1-000144,471.5601687785238,1169.547164812684,48,107.5,470.52064700983465,1168.507643043995,1.0395217686891556,block1:s3,gated_rule_c,mixed,1785177816.0247846,1785177816.0258245,1785177816.4963577,1785177817.1943445,,,
block1-000145,73.08083213865757,2699.2965071694925,126,322.5,71.96081592701375,2698.1764909578487,1.120016211643815,block1:zero_tool,gated_rule_c,mixed,1785177816.285868,1785177816.286989,1785177816.358959,1785177818.9851751,,,
block1-000146,458.4426627261564,1153.8486846257001,48,297.5,457.50174205750227,1152.907763957046,0.9409206686541438,block1:s3,gated_rule_c,mixed,1785177816.3287327,1785177816.3296742,1785177816.7871842,1785177817.4825907,,,
block1-000147,82.82118907663971,5095.703085069545,229,12.5,82.42084900848567,5095.302745001391,0.400340068154037,block1:zero_tool,gated_rule_c,mixed,1785177816.39444,1785177816.3948414,1785177816.4772773,1785177821.4901588,,,
block1-000148,430.6932326871902,1163.0382155999541,48,172.5,429.5695120235905,1161.9144949363545,1.12372066359967,block1:s3,gated_rule_c,mixed,1785177816.6307828,1785177816.6319082,1785177817.0614934,1785177817.7938375,,,
block1-000149,393.3380951639265,1040.4626482632011,43,357.5,392.1500659780577,1039.2746190773323,1.1880291858687997,block1:s3,gated_rule_c,mixed,1785177817.0094266,1785177817.0106153,1785177817.4027748,1785177818.0498989,,,
block1-000150,453.3632746897638,1088.8914816314355,48,107.5,452.52616598736495,1088.0543729290366,0.8371087023988366,block1:s3,gated_rule_c,mixed,1785177817.1619637,1785177817.1628013,1785177817.6153371,1785177818.2508655,,,
block1-000151,324.6716879075393,979.2518599424511,44,105.0,324.0646820049733,978.6448540398851,0.6070059025660157,block1:s3,gated_rule_c,mixed,1785177817.4882517,1785177817.488859,1785177817.812932,1785177818.4675126,,,
block1-000152,64.90343296900392,3049.469197052531,143,15.0,64.51867194846272,3049.0844360319898,0.3847610205411911,block1:zero_tool,gated_rule_c,mixed,1785177817.708944,1785177817.7093298,1785177817.7738633,1785177820.7584293,,,
block1-000153,56.81517347693443,3483.151399414055,156,22.5,56.042370037175715,3482.3785959742963,0.772803439758718,block1:zero_tool,gated_rule_c,mixed,1785177817.8984985,1785177817.8992715,1785177817.9553232,1785177821.3816588,,,
block1-000154,60.27576653286815,2631.2676215311512,122,280.0,59.48811990674585,2630.479974905029,0.7876466261222959,block1:zero_tool,gated_rule_c,mixed,1785177817.99502,1785177817.9958074,1785177818.0553067,1785177820.6262991,,,
block1-000155,54.93624950759113,2787.825721432455,126,297.5,54.13481802679598,2787.0242899516597,0.801431480795145,block1:zero_tool,gated_rule_c,mixed,1785177818.2361956,1785177818.2369978,1785177818.291144,1785177821.024033,,,
block1-000156,529.831389663741,1218.908202718012,48,20.0,529.6296739252284,1218.7064869794995,0.20171573851257563,block1:s4,gated_rule_c,mixed,1785177818.989199,1785177818.9894009,1785177819.5190377,1785177820.2081149,,,
block1-000157,500.9866926120594,1191.622415673919,48,217.5,499.5761029422283,1190.211826004088,1.4105896698310971,block1:s4,gated_rule_c,mixed,1785177819.1264799,1785177819.1278903,1785177819.627475,1785177820.3181105,,,
block1-000158,511.25647395383567,1202.2065179189667,48,15.0,511.22039707843214,1202.1704410435632,0.036076875403523445,block1:s4,gated_rule_c,mixed,1785177819.1351116,1785177819.1351478,1785177819.6463737,1785177820.3373237,,,
block1-000159,448.5577823361382,1139.2031352734193,48,12.5,447.71698699332774,1138.3623399306089,0.840795342810452,block1:s4,gated_rule_c,mixed,1785177819.2371614,1785177819.2380028,1785177819.6857297,1785177820.3763752,,,
block1-000160,59.66926843393594,3487.163650454022,161,15.0,59.1098089935258,3486.604191013612,0.5594594404101372,block1:zero_tool,gated_rule_c,mixed,1785177819.4007742,1785177819.4013348,1785177819.4604573,1785177822.8879514,,,
block1-000161,77.13782007340342,1473.6156481085345,65,10.0,76.34188502561301,1472.819713060744,0.7959350477904081,block1:s1,gated_rule_c,mixed,1785177819.550535,1785177819.551331,1785177819.627683,1785177821.0241609,,,
block1-000162,399.3714381940663,935.39163924288,41,160.0,399.1920800181106,935.2122810669243,0.1793581759557128,block1:s1,gated_rule_c,mixed,1785177819.653329,1785177819.6535084,1785177820.0527103,1785177820.58873,,,
block1-000163,69.78560518473387,1703.7718772189692,75,15.0,69.56157193053514,1703.5478439647704,0.22403325419873,block1:s1,gated_rule_c,mixed,1785177820.228586,1785177820.2288103,1785177820.298379,1785177821.9323657,,,
block1-000164,371.78805959410965,1079.9301385413855,42,307.5,370.90809701476246,1079.0501759620383,0.8799625793471932,block1:s1,gated_rule_c,mixed,1785177820.7769547,1785177820.7778354,1785177821.1487556,1785177821.8568983,,,
block1-000165,112.10042366292328,7570.326752611436,343,100.0,111.86741502024233,7570.093743968755,0.233008642680943,block1:zero_tool,gated_rule_c,mixed,1785177820.9121296,1785177820.9123633,1785177821.0242398,1785177828.4824672,,,
block1-000166,88.92231050413102,7706.142078503035,350,107.5,88.2217880571261,7705.44155605603,0.7005224470049143,block1:zero_tool,gated_rule_c,mixed,1785177820.9372623,1785177820.9379635,1785177821.0261955,1785177828.6434147,,,
block1-000167,61.20221351739019,6471.017513540573,295,25.0,60.7718990650028,6470.587199088186,0.4303144523873925,block1:zero_tool,gated_rule_c,mixed,1785177821.0676177,1785177821.0680487,1785177821.1288323,1785177827.5386474,,,
block1-000168,381.71535439323634,990.7725714147091,40,187.5,381.329157971777,990.3863749932498,0.3861964214593172,block1:s2,gated_rule_c,mixed,1785177821.165582,1785177821.1659687,1785177821.5473104,1785177822.1563668,,,
block1-000169,402.1862915251404,1009.2686475254595,42,412.5,400.67075402475893,1007.7531100250781,1.5155375003814697,block1:s2,gated_rule_c,mixed,1785177821.2034464,1785177821.2049627,1785177821.605645,1785177822.2127273,,,
block1-000170,361.22117249760777,967.2303075203672,43,485.0,360.341681051068,966.3508160738274,0.8794914465397596,block1:s2,gated_rule_c,mixed,1785177821.2834036,1785177821.2842846,1785177821.64464,1785177822.2506487,,,
block1-000171,100.28132377192378,1580.9326637536287,70,357.5,99.50955002568662,1580.1608900073916,0.7717737462371588,block1:s2,gated_rule_c,mixed,1785177821.9789202,1785177821.9796922,1785177822.0792112,1785177823.5598626,,,
block1-000172,317.47057544998825,755.5874664103612,36,320.0,317.14713608380407,755.264027044177,0.323439366184175,block1:s2,gated_rule_c,mixed,1785177822.3766768,1785177822.3770008,1785177822.6941566,1785177823.132274,,,
block1-000173,401.66277426760644,1116.0155832767487,49,117.5,400.53251991048455,1114.8853289196268,1.1302543571218848,block1:s2,gated_rule_c,mixed,1785177822.6350183,1785177822.636149,1785177823.0366914,1785177823.7510448,,,
block1-000174,464.3263486213982,960.0137216039002,38,20.0,463.6365050682798,959.3238780507818,0.6898435531184077,block1:s2,gated_rule_c,mixed,1785177823.2470846,1785177823.2477753,1785177823.7114213,1785177824.2071083,,,
block1-000175,409.9650887073949,905.8007317362353,37,115.0,409.2201889725402,905.0558320013806,0.7448997348546982,block1:s2,gated_rule_c,mixed,1785177823.323414,1785177823.3241594,1785177823.7333894,1785177824.2292244,,,
block1-000176,474.04234879650176,1125.6631538271904,48,95.0,473.2118989340961,1124.8327039647847,0.8304498624056578,block1:s3,gated_rule_c,mixed,1785177823.3516443,1785177823.3524754,1785177823.8256972,1785177824.4773188,,,
block1-000177,447.589936084114,1099.422171129845,48,10.0,447.33580097090453,1099.1680360166356,0.254135113209486,block1:s3,gated_rule_c,mixed,1785177823.3780274,1785177823.3782828,1785177823.8256311,1785177824.4774635,,,
block1-000178,405.4157397476956,1038.8368187705055,48,297.5,404.8530759755522,1038.274154998362,0.5626637721434236,block1:s3,gated_rule_c,mixed,1785177823.8235128,1785177823.8240757,1785177824.2289374,1785177824.8623588,,,
block1-000179,407.07917988765985,1129.5668688835576,48,412.5,406.67977498378605,1129.1674639796838,0.39940490387380123,block1:s3,gated_rule_c,mixed,1785177824.4165113,1785177824.4169111,1785177824.8235996,1785177825.5460875,,,
block1-000180,474.51346402522177,1248.9876239560544,48,170.0,472.5875690346584,1247.061728965491,1.9258949905633926,block1:s3,gated_rule_c,mixed,1785177824.9723446,1785177824.9742718,1785177825.446871,1785177826.221345,,,
block1-000181,86.55590540729463,3718.5712424106896,164,115.0,85.52077400963753,3717.5361110130325,1.0351313976570964,block1:zero_tool,gated_rule_c,mixed,1785177824.9814107,1785177824.9824462,1785177825.0679739,1785177828.6999893,,,
block1-000182,455.3898294689134,1234.3687894754112,48,297.5,454.14140494540334,1233.1203649519011,1.2484245235100389,block1:s3,gated_rule_c,mixed,1785177825.0301075,1785177825.031356,1785177825.485505,1785177826.2644837,,,
block1-000183,337.81251742038876,1166.7551203863695,43,282.5,337.3822720022872,1166.324874968268,0.43024541810154915,block1:s3,gated_rule_c,mixed,1785177825.24616,1785177825.2465906,1785177825.5839818,1785177826.412924,,,
block1-000184,531.8380271783099,1231.2744221417233,48,132.5,530.5661640595645,1230.002559022978,1.2718631187453866,block1:s4,gated_rule_c,mixed,1785177825.4943662,1785177825.4956381,1785177826.026214,1785177826.7256496,,,
block1-000185,72.55569042172283,2724.7282614698634,122,297.5,71.50420895777643,2723.676780005917,1.051481463946402,block1:zero_tool,gated_rule_c,mixed,1785177825.5682554,1785177825.569307,1785177825.6408193,1785177828.2929914,,,
block1-000186,516.7058822698891,1193.122481345199,48,17.5,515.3128679376096,1191.7294670129195,1.393014332279563,block1:s4,gated_rule_c,mixed,1785177825.7844057,1785177825.7857993,1785177826.3011208,1785177826.9775376,,,
block1-000187,544.2125385161489,1165.5744524905458,48,115.0,543.0007149698213,1164.3626289442182,1.2118235463276505,block1:s4,gated_rule_c,mixed,1785177825.85152,1785177825.8527324,1785177826.395742,1785177827.0171044,,,
block1-000188,543.2268115691841,1164.8172755958512,48,170.0,542.3549249535426,1163.9453889802098,0.8718866156414151,block1:s4,gated_rule_c,mixed,1785177825.8525465,1785177825.8534188,1785177826.3957791,1785177827.0173695,,,
block1-000189,455.323449568823,1113.2156105013564,48,550.0,454.9103600438684,1112.8025209764019,0.4130895249545574,block1:s4,gated_rule_c,mixed,1785177826.2121463,1785177826.2125597,1785177826.6674788,1785177827.325371,,,
block1-000190,453.8509297417477,1111.7319207405671,48,10.0,453.69518001098186,1111.5761710098013,0.15574973076581955,block1:s4,gated_rule_c,mixed,1785177826.2323766,1785177826.2325325,1785177826.686235,1785177827.3441157,,,
block1-000191,418.72051742393523,1095.9749384783208,48,140.0,418.14708698075265,1095.4015080351382,0.5734304431825876,block1:s4,gated_rule_c,mixed,1785177827.0609066,1785177827.0614805,1785177827.4796379,1785177828.156892,,,
block1-000192,90.64147609751672,2591.407695086673,117,155.0,90.3617130825296,2591.127932071686,0.2797630149871111,block1:zero_tool,gated_rule_c,mixed,1785177827.0822747,1785177827.0825548,1785177827.1729238,1785177829.6736896,,,
block1-000193,57.11498286109418,17014.144775806926,714,170.0,56.05147406458855,17013.08126701042,1.06350879650563,block1:zero_tool,gated_rule_c,mixed,1785177827.4225984,1785177827.4236624,1785177827.4797225,1785177844.4367523,,,
block1-000194,255.60449610929936,965.2542010881007,40,110.0,255.39497507270426,965.0446800515056,0.20952103659510612,block1:s1,gated_rule_c,mixed,1785177827.7544553,1785177827.7546651,1785177828.01007,1785177828.71972,,,
block1-000195,350.39937286637723,896.9825078966096,37,22.5,350.2477769507095,896.8309119809419,0.1515959156677127,block1:s1,gated_rule_c,mixed,1785177827.8829575,1785177827.88311,1785177828.233369,1785177828.7799525,,,
block1-000196,374.4133012369275,1013.5053892154247,39,85.0,374.2827019887045,1013.3747899672017,0.13059924822300673,block1:s1,gated_rule_c,mixed,1785177827.9856102,1785177827.9857414,1785177828.3600333,1785177828.9991252,,,
block1-000197,78.44459591433406,1507.46284192428,65,107.5,77.96119002159685,1506.9794360315427,0.4834058927372098,block1:s1,gated_rule_c,mixed,1785177828.2237978,1785177828.2242813,1785177828.3022525,1785177829.731271,,,
block1-000198,123.1873279903084,1653.587498003617,69,70.0,122.23788001574576,1652.6380500290543,0.949447974562645,block1:s1,gated_rule_c,mixed,1785177828.2900352,1785177828.290986,1785177828.413238,1785177829.9436376,,,
block1-000199,109.22472109086812,7892.67594111152,332,12.5,108.9228669879958,7892.374087008648,0.30185410287231207,block1:zero_tool,gated_rule_c,mixed,1785177828.3040602,1785177828.3043623,1785177828.4132903,1785177836.1967413,,,
block1-000200,323.99165723472834,947.2787382546812,38,17.5,322.8410700103268,946.1281510302797,1.1505872244015336,block1:s2,gated_rule_c,mixed,1785177828.33777,1785177828.3389215,1785177828.6617742,1785177829.2850611,,,
block1-000201,73.90668825246394,3127.569587319158,128,22.5,72.0514579443261,3125.71435701102,1.855230308137834,block1:zero_tool,gated_rule_c,mixed,1785177828.547846,1785177828.549702,1785177828.6217623,1785177831.6754248,,,
block1-000202,365.9198092063889,870.586249162443,36,145.0,365.7810690347105,870.4475089907646,0.13874017167836428,block1:s2,gated_rule_c,mixed,1785177828.764961,1785177828.7651,1785177829.1308894,1785177829.6355555,,,
block1-000203,108.13146189320832,1927.6595189003274,78,10.0,107.14127693790942,1926.6693339450285,0.9901849552989006,block1:s2,gated_rule_c,mixed,1785177828.8144314,1785177828.8154228,1785177828.9225733,1785177830.742101,,,
block1-000204,312.29789182543755,838.4261569008231,35,95.0,311.8444540305063,837.9727191058919,0.45343779493123293,block1:s2,gated_rule_c,mixed,1785177829.0688221,1785177829.069276,1785177829.3811293,1785177829.9072578,,,
block1-000205,327.9086494585499,1098.7828695215285,44,95.0,327.63547799549997,1098.5096980584785,0.2731714630499482,block1:s2,gated_rule_c,mixed,1785177829.267179,1785177829.267453,1785177829.5950973,1785177830.365971,,,
block1-000206,78.91751104034483,3621.8991139903665,154,132.5,78.00749898888171,3620.9891019389033,0.9100120514631271,block1:zero_tool,gated_rule_c,mixed,1785177829.283173,1785177829.2840843,1785177829.362103,1785177832.9050846,,,
block1-000207,421.98349663522094,1029.0158255957067,37,117.5,421.3788090273738,1028.4111379878595,0.6046876078471541,block1:s2,gated_rule_c,mixed,1785177829.7135932,1785177829.714198,1785177830.1355836,1785177830.7426164,,,
block1-000208,333.2377638434991,1057.6869098003954,38,15.0,332.28604798205197,1056.7351939389482,0.9517158614471555,block1:s3,gated_rule_c,mixed,1785177829.8022628,1785177829.8032153,1785177830.1355138,1785177830.8599634,,,
block1-000209,520.4603233141825,1230.711625306867,48,17.5,520.0466610258445,1230.2979630185291,0.41366228833794594,block1:s3,gated_rule_c,mixed,1785177829.8455942,1785177829.8460088,1785177830.3660648,1785177831.076316,,,
block1-000210,71.07979466672987,3205.023760558106,138,282.5,70.06937603000551,3204.0133419213817,1.0104186367243528,block1:zero_tool,gated_rule_c,mixed,1785177830.005189,1785177830.0061996,1785177830.0762765,1785177833.2102206,,,
block1-000211,314.0796652296558,1024.4811272714287,41,140.0,312.7595919650048,1023.1610540067777,1.3200732646510005,block1:s3,gated_rule_c,mixed,1785177830.0516593,1785177830.05298,1785177830.3657503,1785177831.0761514,,,
block1-000212,514.5044970558956,1220.3609950374812,48,12.5,512.7830869751051,1218.6395849566907,1.7214100807905197,block1:s3,gated_rule_c,mixed,1785177830.2065682,1785177830.20829,1785177830.7210822,1785177831.4269383,,,
block1-000213,478.9067067904398,1278.9993337355554,48,105.0,478.63465000409633,1278.727276949212,0.2720567863434553,block1:s3,gated_rule_c,mixed,1785177830.4583983,1785177830.4586709,1785177830.9373147,1785177831.7374072,,,
block1-000214,517.2389753861353,1174.626570311375,43,320.0,516.7385480599478,1174.1261429851875,0.5004273261874914,block1:s3,gated_rule_c,mixed,1785177830.5006428,1785177830.5011432,1785177831.0179033,1785177831.6752758,,,
block1-000215,123.14682034775615,3547.2815482644364,156,187.5,122.48251808341593,3546.617246000096,0.6643022643402219,block1:zero_tool,gated_rule_c,mixed,1785177830.5707283,1785177830.5713935,1785177830.6938868,1785177834.1180215,,,
block1-000216,99.81636190786958,3366.3660679012537,149,60.0,99.2800029926002,3365.8297089859843,0.5363589152693748,block1:zero_tool,gated_rule_c,mixed,1785177830.6011722,1785177830.6017096,1785177830.7010014,1785177833.967551,,,
block1-000217,529.8862296622247,1186.5650726249442,48,297.5,528.7885960424319,1185.4674390051514,1.0976336197927594,block1:s4,gated_rule_c,mixed,1785177831.0638459,1785177831.064944,1785177831.5937438,1785177832.2504225,,,
block1-000218,520.353203988634,1187.2412080410868,48,75.0,519.2840849049389,1186.1720889573917,1.0691190836951137,block1:s4,gated_rule_c,mixed,1785177831.195903,1785177831.1969728,1785177831.716271,1785177832.3831587,,,
block1-000219,476.6765770036727,1214.5739749539644,48,217.5,475.82507401239127,1213.722471962683,0.8515029912814498,block1:s4,gated_rule_c,mixed,1785177831.3772213,1785177831.3780742,1785177831.8539124,1785177832.5918093,,,
block1-000220,479.00296410080045,1203.5188880981877,48,25.0,478.44949492719024,1202.9654189245775,0.5534691736102104,block1:s4,gated_rule_c,mixed,1785177831.4000044,1785177831.400558,1785177831.8790164,1785177832.6035323,,,
block1-000221,109.23052241560072,5656.898620421998,241,485.0,108.27928397338837,5655.947381979786,0.9512384422123432,block1:zero_tool,gated_rule_c,mixed,1785177831.565891,1785177831.5668435,1785177831.6751344,1785177837.2228022,,,
block1-000222,76.65224734228104,4062.525428365916,172,92.5,75.88186697103083,4061.755047994666,0.7703803712502122,block1:zero_tool,gated_rule_c,mixed,1785177831.6011035,1785177831.6018739,1785177831.6777656,1785177835.6636386,,,
block1-000223,63.73276328667998,4220.364884240553,174,15.0,62.68578302115202,4219.317903975025,1.0469802655279636,block1:zero_tool,gated_rule_c,mixed,1785177832.18685,1785177832.1878977,1785177832.2505932,1785177836.4072256,,,
block1-000224,394.0747024025768,1003.1765083549544,43,107.5,392.3455140320584,1001.447319984436,1.7291883705183864,block1:s1,gated_rule_c,mixed,1785177832.2862813,1785177832.2880113,1785177832.680368,1785177833.28947,,,
block1-000225,87.77716150507331,4519.953606533818,190,75.0,87.59063901379704,4519.767084042542,0.1865224912762642,block1:zero_tool,gated_rule_c,mixed,1785177832.295166,1785177832.295353,1785177832.3829513,1785177836.8151274,,,
block1-000226,374.26646531093866,982.8758803196251,43,105.0,374.0585099440068,982.6679249526933,0.20795536693185568,block1:s1,gated_rule_c,mixed,1785177832.3861759,1785177832.3863838,1785177832.7604492,1785177833.3690586,,,
block1-000227,77.11899420246482,1625.9965922217816,72,60.0,76.44014596007764,1625.3177439793944,0.6788482423871756,block1:s1,gated_rule_c,mixed,1785177832.396445,1785177832.397124,1785177832.473572,1785177834.0224485,,,
block1-000228,357.1396981133148,904.7351711196825,39,10.0,356.222104979679,903.8175779860467,0.917593133635819,block1:s1,gated_rule_c,mixed,1785177832.4641974,1785177832.465115,1785177832.8213437,1785177833.368939,,,
block1-000229,65.02769351936877,6950.151799595915,285,95.0,64.35589294414967,6949.479999020696,0.6718005752190948,block1:zero_tool,gated_rule_c,mixed,1785177832.8002949,1785177832.8009672,1785177832.8653338,1785177839.7504578,,,
block1-000230,64.68044815119356,7060.5981250992045,288,15.0,63.606383046135306,7059.524059994146,1.0740651050582528,block1:zero_tool,gated_rule_c,mixed,1785177833.0474813,1785177833.0485556,1785177833.1121676,1785177840.1080854,,,
block1-000231,86.54135628603399,1598.1213133782148,63,15.0,86.20770799461752,1597.7876650867984,0.33364829141646624,block1:s1,gated_rule_c,mixed,1785177833.4114425,1785177833.4117763,1785177833.4979923,1785177835.0095723,,,
block1-000232,345.6766795134172,1128.8942325627431,41,10.0,345.067200018093,1128.284753067419,0.6094794953241944,block1:s2,gated_rule_c,mixed,1785177833.502177,1785177833.5027869,1785177833.847864,1785177834.631081,,,
block1-000233,300.3977643093094,925.6283872528002,36,70.0,299.9219400808215,925.1525630243123,0.47582422848790884,block1:s2,gated_rule_c,mixed,1785177833.5651612,1785177833.565637,1785177833.8655667,1785177834.4907975,,,
block1-000234,97.66578359995037,1781.9162636296824,64,217.5,97.01681905426085,1781.2672990839928,0.6489645456895232,block1:s2,gated_rule_c,mixed,1785177833.9607208,1785177833.9613705,1785177834.0583985,1785177835.742649,,,
block1-000235,94.15149735286832,1954.4949582777917,74,350.0,93.81311805918813,1954.1565789841115,0.33837929368019104,block1:s2,gated_rule_c,mixed,1785177834.1198676,1785177834.120206,1785177834.2140267,1785177836.07437,,,
block1-000236,86.69967076275498,3495.9999388083816,142,172.5,86.11247700173408,3495.4127450473607,0.5871937610208988,block1:zero_tool,gated_rule_c,mixed,1785177834.1473749,1785177834.1479626,1785177834.2340844,1785177837.6433852,,,
block1-000237,457.48513215221465,1261.8136141682044,44,320.0,457.1098779560998,1261.4383599720895,0.3752541961148381,block1:s2,gated_rule_c,mixed,1785177834.2305384,1785177834.2309139,1785177834.6880336,1785177835.4923618,,,
block1-000238,451.2879679678008,1145.308739040047,38,15.0,450.65236696973443,1144.6731380419806,0.6356009980663657,block1:s2,gated_rule_c,mixed,1785177834.284678,1785177834.2853146,1785177834.7359781,1785177835.4299986,,,
block1-000239,336.5213955985382,998.0162405408919,34,10.0,336.3971950020641,997.8920399444178,0.12420059647411108,block1:s2,gated_rule_c,mixed,1785177834.358009,1785177834.3581343,1785177834.694542,1785177835.3560376,,,
block1-000240,274.66596907470375,968.5452990233898,32,15.0,274.0658139809966,967.9451439296827,0.6001550937071443,block1:s3,gated_rule_c,mixed,1785177834.4823687,1785177834.4829693,1785177834.7570453,1785177835.4509244,,,
block1-000241,66.17269048001617,2873.4086654148996,119,52.5,65.25961204897612,2872.4955869838595,0.9130784310400486,block1:zero_tool,gated_rule_c,mixed,1785177834.6282578,1785177834.629172,1785177834.694444,1785177837.5016806,,,
block1-000242,565.3514404548332,1108.2321904832497,38,12.5,564.6863059373572,1107.5670559657738,0.6651345174759626,block1:s3,gated_rule_c,mixed,1785177834.9056652,1785177834.9063308,1785177835.4710288,1785177836.0139105,,,
block1-000243,411.2142703961581,1156.3314764061943,41,282.5,410.2688559796661,1155.3860619897023,0.9454144164919853,block1:s3,gated_rule_c,mixed,1785177835.0394254,1785177835.0403712,1785177835.4506488,1785177836.1957662,,,
block1-000244,527.4251307127997,1289.6715786773711,48,92.5,526.2225270271301,1288.4689749917015,1.202603685669601,block1:s3,gated_rule_c,mixed,1785177835.1365755,1785177835.137779,1785177835.6640115,1785177836.4262576,,,
block1-000245,448.01820639986545,1170.1862174086273,43,12.5,446.6626920038834,1168.8307030126452,1.355514395982027,block1:s3,gated_rule_c,mixed,1785177835.1991243,1785177835.2004807,1785177835.647154,1785177836.369322,,,
block1-000246,109.79975550435483,4050.1496724318713,165,307.5,109.35286106541753,4049.702777992934,0.4468944389373064,block1:zero_tool,gated_rule_c,mixed,1785177835.204219,1785177835.2046661,1785177835.3140264,1785177839.254377,,,
block1-000247,381.5883294446394,1151.2576484819874,43,75.0,381.15649099927396,1150.825810036622,0.4318384453654289,block1:s3,gated_rule_c,mixed,1785177835.2361288,1785177835.236561,1785177835.6177275,1785177836.3873982,,,
block1-000248,446.33845961652696,1150.3511236514896,48,12.5,445.91996201779693,1149.9326260527596,0.4184975987300277,block1:s4,gated_rule_c,mixed,1785177835.6070623,1785177835.6074812,1785177836.053411,1785177836.757424,,,
block1-000249,463.33600382786244,1180.5305879097432,48,17.5,463.209371897392,1180.4039559792727,0.1266319304704666,block1:s4,gated_rule_c,mixed,1785177836.059496,1785177836.0596228,1785177836.5228395,1785177837.2400346,,,
block1-000250,451.9699446391314,1170.4091586871073,48,85.0,451.4071599114686,1169.8463739594445,0.5627847276628017,block1:s4,gated_rule_c,mixed,1785177836.0903716,1785177836.0909345,1785177836.5423484,1785177837.2607875,,,
block1-000251,58.111978229135275,3227.7374921832234,126,105.0,57.632400072179735,3227.257914026268,0.4795781569555402,block1:zero_tool,gated_rule_c,mixed,1785177836.8420575,1785177836.8425384,1785177836.9001818,1785177840.0698068,,,
block1-000252,497.7931611938402,1203.080847277306,48,132.5,496.9792739721015,1202.2669600555673,0.8138872217386961,block1:s4,gated_rule_c,mixed,1785177836.9654958,1785177836.9663098,1785177837.4632998,1785177838.1685874,,,
block1-000253,466.07919863890857,1177.5462955702096,48,177.5,465.42088803835213,1176.8879849696532,0.6583106005564332,block1:s4,gated_rule_c,mixed,1785177837.0540957,1785177837.0547547,1785177837.520187,1785177838.231655,,,
block1-000254,105.09116027969867,3571.300137322396,136,117.5,104.55648694187403,3570.7654639845714,0.5346733378246427,block1:zero_tool,gated_rule_c,mixed,1785177837.0988293,1785177837.0993645,1785177837.2039313,1785177840.6701405,,,
block1-000255,102.24949684925377,3768.78706284333,145,15.0,101.35673708282411,3767.8943030769005,0.8927597664296627,block1:zero_tool,gated_rule_c,mixed,1785177837.102124,1785177837.1030169,1785177837.2043827,1785177840.8709207,,,
block1-000256,327.70722755230963,990.5872755916789,43,95.0,327.3834850406274,990.2635330799967,0.32374251168221235,block1:s1,gated_rule_c,mixed,1785177837.3391192,1785177837.3394437,1785177837.6668372,1785177838.3297184,,,
block1-000257,75.63918980304152,14450.862576835789,583,85.0,74.51461302116513,14449.738000053912,1.1245767818763852,block1:zero_tool,gated_rule_c,mixed,1785177837.57204,1785177837.5731654,1785177837.6476915,1785177852.0229151,,,
block1-000258,72.98969104886055,8023.929048096761,321,10.0,72.53608293831348,8023.475439986214,0.45360811054706573,block1:zero_tool,gated_rule_c,mixed,1785177837.574476,1785177837.57493,1785177837.6474729,1785177845.5984123,,,
block1-000259,136.19393110275269,2017.2965921228752,72,15.0,136.0247420379892,2017.1274030581117,0.16918906476348639,block1:s1,gated_rule_c,mixed,1785177837.8862898,1785177837.88646,1785177838.0224977,1785177839.9036,,,
block1-000260,136.53774396516383,2061.6643108660355,74,117.5,134.7207020735368,2059.8472689744085,1.8170418916270137,block1:s1,gated_rule_c,mixed,1785177837.930374,1785177837.9321918,1785177838.0669253,1785177839.9920526,,,
block1-000261,77.21505803056061,5134.171432117,201,52.5,75.83926199004054,5132.79563607648,1.375796040520072,block1:zero_tool,gated_rule_c,mixed,1785177838.1545913,1785177838.155968,1785177838.2318175,1785177843.2887752,,,
block1-000262,97.70918800495565,4893.704180023633,189,15.0,97.5373659748584,4893.532357993536,0.17182203009724617,block1:zero_tool,gated_rule_c,mixed,1785177838.3957999,1785177838.395972,1785177838.4935195,1785177843.2895145,,,
block1-000263,91.20000596158206,1747.9943779762834,60,17.5,90.87851399090141,1747.6728860056028,0.32149197068065405,block1:s1,gated_rule_c,mixed,1785177838.402377,1785177838.4026988,1785177838.4935858,1785177840.1503804,,,
block1-000264,441.13775808364153,1106.0886780032888,34,287.5,440.1180100394413,1105.0689299590886,1.0197480442002416,block1:s2,gated_rule_c,mixed,1785177838.5100276,1785177838.5110474,1785177838.9511762,1785177839.616128,,,
block1-000265,445.42798423208296,1307.3055541608483,42,12.5,445.15714002773166,1307.034709956497,0.27084420435130596,block1:s2,gated_rule_c,mixed,1785177838.5742936,1785177838.5745654,1785177839.019734,1785177839.8816123,,,
block1-000266,434.2621206305921,1081.1309276614338,36,320.0,433.3630970213562,1080.231904052198,0.8990236092358828,block1:s2,gated_rule_c,mixed,1785177838.7774444,1785177838.778344,1785177839.211717,1785177839.8585851,,,
block1-000267,109.34345470741391,15188.227350707166,609,287.5,108.40636806096882,15187.29026406072,0.9370866464450955,block1:zero_tool,gated_rule_c,mixed,1785177838.841786,1785177838.8427238,1785177838.95114,1785177854.0300233,,,
block1-000268,88.78579386509955,3945.3227458288893,153,52.5,87.94870402198285,3944.4856559857726,0.8370898431167006,block1:zero_tool,gated_rule_c,mixed,1785177838.865899,1785177838.866737,1785177838.9546933,1785177842.811231,,,
block1-000269,488.30639268271625,1236.233732663095,44,15.0,487.3855630867183,1235.312903067097,0.9208295959979296,block1:s2,gated_rule_c,mixed,1785177839.0149689,1785177839.0158908,1785177839.5032885,1785177840.251216,,,
block1-000270,114.88836398348212,4214.445878053084,166,115.0,114.07804698683321,4213.635561056435,0.8103169966489077,block1:zero_tool,gated_rule_c,mixed,1785177839.0539353,1785177839.0547469,1785177839.1688378,1785177843.2683952,,,
block1-000271,453.65418144501746,1078.7030843785033,37,85.0,453.33578798454255,1078.3846909180284,0.31839346047490835,block1:s2,gated_rule_c,mixed,1785177839.0714977,1785177839.0718167,1785177839.5251615,1785177840.1502104,,,
block1-000272,315.473317168653,982.3179561644793,32,307.5,314.7014370188117,981.546076014638,0.7718801498413086,block1:s3,gated_rule_c,mixed,1785177839.0872886,1785177839.0880609,1785177839.402769,1785177840.069614,,,
block1-000273,91.02920710574836,3259.377616108395,126,15.0,90.39357292931527,3258.741981931962,0.6356341764330864,block1:zero_tool,gated_rule_c,mixed,1785177839.1823478,1785177839.1829834,1785177839.27339,1785177842.441738,,,
block1-000274,536.159661016427,1393.8571430044249,48,155.0,535.9576899791136,1393.6551719671115,0.2019710373133421,block1:s3,gated_rule_c,mixed,1785177839.3459861,1785177839.346189,1785177839.8821576,1785177840.7398553,,,
block1-000275,357.66534972935915,1216.5592026431113,41,115.0,356.7604530835524,1215.6543059973046,0.9048966458067298,block1:s3,gated_rule_c,mixed,1785177839.5008085,1785177839.5017135,1785177839.8584838,1785177840.7173772,,,
block1-000276,561.8266750825569,1420.0907370541245,48,152.5,561.1569629982114,1419.421024969779,0.6697120843455195,block1:s3,gated_rule_c,mixed,1785177839.5073729,1785177839.5080426,1785177840.0692081,1785177840.9274716,,,
block1-000277,472.7032865630463,1315.8007735619321,46,357.5,471.75945702474564,1314.8569440236315,0.9438295383006334,block1:s3,gated_rule_c,mixed,1785177839.92308,1785177839.9240239,1785177840.3957922,1785177841.2388902,,,
block1-000278,674.7577511705458,1283.8522321544588,43,22.5,673.9191759843379,1283.0136569682509,0.8385751862078905,block1:s3,gated_rule_c,mixed,1785177840.2935052,1785177840.2943442,1785177840.9682724,1785177841.5773668,,,
block1-000279,478.4477712819353,1291.615010239184,43,110.0,476.47436801344156,1289.6416069706902,1.973403268493712,block1:s3,gated_rule_c,mixed,1785177840.3071268,1785177840.309101,1785177840.7855866,1785177841.598754,,,
block1-000280,582.5744728790596,1368.6682978877798,48,145.0,581.7617229185998,1367.85554792732,0.8127499604597688,block1:s4,gated_rule_c,mixed,1785177840.3450344,1785177840.3458476,1785177840.9276192,1785177841.7137134,,,
block1-000281,565.6640615779907,1352.112005581148,48,17.5,565.0168700376526,1351.4648140408099,0.647191540338099,block1:s4,gated_rule_c,mixed,1785177840.3816326,1785177840.3822799,1785177840.9473052,1785177841.7337534,,,
block1-000282,66.92330702207983,3043.683576048352,130,117.5,66.02911895606667,3042.7893879823387,0.8941880660131574,block1:zero_tool,gated_rule_c,mixed,1785177840.6059031,1785177840.6067994,1785177840.6728446,1785177843.6496053,,,
block1-000283,75.66126354504377,3790.372389485128,158,132.5,75.51592099480331,3790.2270469348878,0.14534255024045706,block1:zero_tool,gated_rule_c,mixed,1785177840.7097702,1785177840.7099156,1785177840.7854407,1785177844.5001528,,,
block1-000284,470.3684726264328,1218.9216025872156,48,17.5,469.5157940732315,1218.0689240340143,0.8526785532012582,block1:s4,gated_rule_c,mixed,1785177840.7878568,1785177840.7887094,1785177841.2582333,1785177842.0067868,,,
block1-000285,505.26936701498926,1253.4767229808494,48,105.0,504.34710702393204,1252.5544629897922,0.9222599910572171,block1:s4,gated_rule_c,mixed,1785177841.0416322,1785177841.0425553,1785177841.546913,1785177842.2951202,,,
block1-000286,63.44282242935151,4135.269174352288,172,107.5,62.92195909190923,4134.748311014846,0.5208633374422789,block1:zero_tool,gated_rule_c,mixed,1785177841.3479948,1785177841.348517,1785177841.411451,1785177845.4832773,,,
block1-000287,485.3200124343857,1247.1163184382021,48,85.0,484.3367839930579,1246.1330899968743,0.9832284413278103,block1:s4,gated_rule_c,mixed,1785177841.3742437,1785177841.3752277,1785177841.8595743,1785177842.6213703,,,
block1-000288,378.9567588828504,1105.0489608896896,43,117.5,378.29750997480005,1104.3897119816393,0.6592489080503583,block1:s1,gated_rule_c,mixed,1785177841.4592633,1785177841.459923,1785177841.8382304,1785177842.5643227,,,
block1-000289,75.76871709898114,1362.7887500915676,58,132.5,74.22336004674435,1361.2433930393308,1.5453570522367954,block1:s1,gated_rule_c,mixed,1785177841.59547,1785177841.5970159,1785177841.6712487,1785177842.9582694,,,
block1-000290,418.2372381910682,1053.9011562941596,43,20.0,417.241551913321,1052.9054700164124,0.9956862777471542,block1:s1,gated_rule_c,mixed,1785177842.0855641,1785177842.0865602,1785177842.503812,1785177843.1394765,,,
block1-000291,365.9651908092201,881.8880447652191,37,15.0,365.2914250269532,881.2142789829522,0.6737657822668552,block1:s1,gated_rule_c,mixed,1785177842.1377275,1785177842.1384015,1785177842.5037017,1785177843.0196252,,,
block1-000292,73.29177029896528,2784.3716213246807,118,15.0,71.55887794215232,2782.638728967868,1.732892356812954,block1:zero_tool,gated_rule_c,mixed,1785177842.2215238,1785177842.2232568,1785177842.294824,1785177845.0059044,,,
block1-000293,103.98050537332892,1445.367725333199,63,15.0,102.87391301244497,1444.261132972315,1.1065923608839512,block1:s1,gated_rule_c,mixed,1785177842.333777,1785177842.3348837,1785177842.4377677,1785177843.779154,,,
block1-000294,91.61588898859918,3685.0476609542966,149,177.5,90.92822100501508,3684.3599929707125,0.687667983584106,block1:zero_tool,gated_rule_c,mixed,1785177842.3494635,1785177842.3501523,1785177842.4410915,1785177846.0345237,,,
block1-000295,357.7640268485993,872.1391678554937,37,217.5,355.9614650439471,870.3366060508415,1.802561804652214,block1:s1,gated_rule_c,mixed,1785177842.495034,1785177842.4968374,1785177842.8528101,1785177843.3671854,,,
block1-000296,316.65467261336744,1026.5987035818398,40,22.5,316.09699700493366,1026.041027973406,0.557675608433783,block1:s2,gated_rule_c,mixed,1785177843.1078696,1785177843.1084285,1785177843.424537,1785177844.1344805,,,
block1-000297,79.59522271994501,2508.771865745075,95,15.0,78.63872800953686,2507.815371034667,0.9564947104081511,block1:zero_tool,gated_rule_c,mixed,1785177843.5480635,1785177843.5490212,1785177843.627672,1785177846.0568485,,,
block1-000298,377.41607264615595,949.7945926850662,36,110.0,376.956484047696,949.3350040866062,0.45958859845995903,block1:s2,gated_rule_c,mixed,1785177843.6303365,1785177843.6307962,1785177844.0077636,1785177844.5801418,,,
block1-000299,100.97295930609107,2021.5403982438147,74,95.0,100.56660207919776,2021.1340410169214,0.4063572268933058,block1:s2,gated_rule_c,mixed,1785177843.797078,1785177843.7974844,1785177843.8980608,1785177845.8186274,,,
block1-000300,350.2214311156422,1080.0910980906337,42,92.5,348.18524902220815,1078.0549159971997,2.036182093434036,block1:s2,gated_rule_c,mixed,1785177843.8269901,1785177843.8290267,1785177844.177221,1785177844.9070904,,,
block1-000301,419.5013710996136,942.2060970682651,38,10.0,418.64700510632247,941.3517310749739,0.8543659932911396,block1:s2,gated_rule_c,mixed,1785177843.9253578,1785177843.9262123,1785177844.3448703,1785177844.8675756,,,
block1-000302,76.23617583885789,4053.985545760952,168,15.0,75.69018809590489,4053.439558017999,0.5459877429530025,block1:zero_tool,gated_rule_c,mixed,1785177844.0394723,1785177844.0400183,1785177844.1157203,1785177848.0934696,,,
block1-000303,336.9596501579508,870.8657581591979,34,15.0,336.47792506963015,870.3840330708772,0.4817250883206725,block1:s2,gated_rule_c,mixed,1785177844.1412416,1785177844.1417234,1785177844.4782102,1785177845.0121162,,,
block1-000304,476.849501603283,1294.5547045674175,48,17.5,475.88872094638646,1293.593923910521,0.9607806568965316,block1:s3,gated_rule_c,mixed,1785177844.1435041,1785177844.144465,1785177844.6203597,1785177845.4380648,,,
block1-000305,129.6482818434015,3346.527526853606,137,15.0,129.47586306836456,3346.355108078569,0.17241877503693104,block1:zero_tool,gated_rule_c,mixed,1785177844.1794584,1785177844.1796308,1785177844.3091161,1785177847.5259957,,,
block1-000306,78.41183233540505,3028.157184366137,124,350.0,78.11611797660589,3027.8614700073376,0.2957143587991595,block1:zero_tool,gated_rule_c,mixed,1785177844.2741163,1785177844.2744126,1785177844.3525395,1785177847.3022847,,,
block1-000307,106.23399703763425,3094.42330210004,128,135.0,105.49323097802699,3093.6825360404328,0.7407660596072674,block1:zero_tool,gated_rule_c,mixed,1785177844.6099122,1785177844.6106532,1785177844.716155,1785177847.7043438,,,
block1-000308,422.16293164528906,1365.7942346762866,48,10.0,421.4555739890784,1365.086877020076,0.7073576562106609,block1:s3,gated_rule_c,mixed,1785177844.6267474,1785177844.627455,1785177845.0489192,1785177845.9925504,,,
block1-000309,62.441168585792184,4584.862092626281,183,320.0,61.89885700587183,4584.319781046361,0.5423115799203515,block1:zero_tool,gated_rule_c,mixed,1785177844.9494133,1785177844.9499562,1785177845.011867,1785177849.5342877,,,
block1-000310,70.70621359162033,3712.0804466539994,150,170.0,70.54430595599115,3711.91853901837,0.1619076356291771,block1:zero_tool,gated_rule_c,mixed,1785177845.0221832,1785177845.022346,1785177845.0928996,1785177848.7342744,,,
block1-000311,644.706740626134,1404.3041706318036,48,320.0,644.2506940802559,1403.8481240859255,0.4560465458780527,block1:s3,gated_rule_c,mixed,1785177845.0838673,1785177845.084324,1785177845.7285876,1785177846.4881854,,,
block1-000312,652.9241058742628,1401.9467239268124,48,115.0,652.063263929449,1401.0858819819987,0.8608419448137283,block1:s4,gated_rule_c,mixed,1785177845.141356,1785177845.1422174,1785177845.7942905,1785177846.5433133,,,
block1-000313,618.363058543764,1364.0660765813664,48,10.0,616.4413109654561,1362.1443290030584,1.9217475783079863,block1:s4,gated_rule_c,mixed,1785177845.20005,1785177845.2019727,1785177845.8184283,1785177846.564131,,,
block1-000314,119.84376690816134,4283.65384589415,171,117.5,119.52762200962752,4283.337700995617,0.3161448985338211,block1:zero_tool,gated_rule_c,mixed,1785177845.2285242,1785177845.2288406,1785177845.348379,1785177849.5121887,,,
block1-000315,93.64825568627566,3801.0263746837154,154,60.0,92.89315901696682,3800.2712780144066,0.7550966693088412,block1:zero_tool,gated_rule_c,mixed,1785177845.300902,1785177845.3016582,1785177845.3945644,1785177849.101943,,,
block1-000316,112.34240734484047,4709.9025753559545,185,107.5,112.09862108808011,4709.658789099194,0.2437862567603588,block1:zero_tool,gated_rule_c,mixed,1785177845.4495137,1785177845.4497573,1785177845.561864,1785177850.1594243,,,
block1-000317,563.0332296714187,1308.1970466300845,48,170.0,562.7450339961797,1307.9088509548455,0.28819567523896694,block1:s4,gated_rule_c,mixed,1785177845.4499762,1785177845.4502647,1785177846.0130148,1785177846.7581785,,,
block1-000318,556.6641661571339,1300.1651532249525,48,10.0,555.9035240439698,1299.4045111117885,0.7606421131640673,block1:s4,gated_rule_c,mixed,1785177845.4784396,1785177845.4792016,1785177846.0351186,1785177846.7786198,,,
block1-000319,481.3019756693393,1225.6541026290506,48,70.0,480.6878659874201,1225.0399929471314,0.6141096819192171,block1:s4,gated_rule_c,mixed,1785177845.595868,1785177845.5964823,1785177846.0771804,1785177846.821532,,,
block1-000320,402.0390883088112,1103.8830913603306,43,545.0,401.01625793613493,1102.8602609876543,1.0228303726762533,block1:s1,gated_rule_c,mixed,1785177845.6326349,1785177845.633658,1785177846.034682,1785177846.7365272,,,
block1-000321,88.26167287770659,3439.374394947663,143,115.0,87.74688898120075,3438.859611051157,0.5147838965058327,block1:zero_tool,gated_rule_c,mixed,1785177845.7063072,1785177845.7068224,1785177845.7945783,1785177849.145692,,,
block1-000322,338.5827512247488,1028.077292139642,43,107.5,338.1374210584909,1027.631961973384,0.4453301662579179,block1:s1,gated_rule_c,mixed,1785177845.8994038,1785177845.8998494,1785177846.2379985,1785177846.9274924,,,
block1-000323,83.05594488047063,1594.2980238469318,71,820.0,82.24559796508402,1593.4876769315451,0.8103469153866172,block1:s1,gated_rule_c,mixed,1785177846.0910206,1785177846.091831,1785177846.174086,1785177847.6853285,,,
block1-000324,352.14900970458984,986.5597047610208,42,485.0,351.5840210020542,985.9947160584852,0.5649887025356293,block1:s1,gated_rule_c,mixed,1785177846.2536988,1785177846.254264,1785177846.6058595,1785177847.2402709,,,
block1-000325,317.6650070818141,827.6529420400038,34,60.0,316.88927800860256,826.8772129667923,0.7757290732115507,block1:s1,gated_rule_c,mixed,1785177846.2672675,1785177846.2680433,1785177846.5849392,1785177847.0949278,,,
block1-000326,371.7268464388326,999.2285793414339,43,187.5,371.1195830255747,998.621315928176,0.6072634132578969,block1:s1,gated_rule_c,mixed,1785177846.3854856,1785177846.3860939,1785177846.757226,1785177847.384728,,,
block1-000327,87.36001374199986,1229.4626807561144,56,117.5,86.49601798970252,1228.598685003817,0.8639957522973418,block1:s1,gated_rule_c,mixed,1785177846.456228,1785177846.4570923,1785177846.543598,1785177847.6857002,,,
block1-000328,284.28045904729515,893.0590680101886,38,25.0,284.0180330676958,892.7966420305893,0.26242597959935665,block1:s2,gated_rule_c,mixed,1785177847.1615357,1785177847.1617994,1785177847.4458318,1785177848.0546105,,,
block1-000329,79.01698164641857,3361.433356651105,127,117.5,78.54014600161463,3360.956521006301,0.47683564480394125,block1:zero_tool,gated_rule_c,mixed,1785177847.2868297,1785177847.2873073,1785177847.3658597,1785177850.6482756,,,
block1-000330,355.85449170321226,1000.9758977685124,36,217.5,355.43767793569714,1000.5590840009972,0.4168137675151229,block1:s2,gated_rule_c,mixed,1785177847.7756531,1785177847.7760708,1785177848.13152,1785177848.7766411,,,
block1-000331,91.8770614080131,2101.740289363079,74,75.0,91.35636710561812,2101.219595060684,0.5206943023949862,block1:s2,gated_rule_c,mixed,1785177847.8753572,1785177847.8758788,1785177847.9672477,1785177849.9771116,,,
block1-000332,70.69994951598346,5383.165725506842,207,115.0,69.71478497143835,5382.180560962297,0.985164544545114,block1:zero_tool,gated_rule_c,mixed,1785177847.9639404,1785177847.9649265,1785177848.0346544,1785177853.3471198,,,
block1-000333,452.85252784378827,1312.86319589708,44,545.0,452.0461428910494,1312.0568109443411,0.8063849527388811,block1:s2,gated_rule_c,mixed,1785177848.1348457,1785177848.135652,1785177848.587708,1785177849.447719,,,
block1-000334,59.67644485644996,6796.255460940301,269,60.0,58.781063999049366,6795.360080082901,0.8953808574005961,block1:zero_tool,gated_rule_c,mixed,1785177848.2782547,1785177848.279151,1785177848.3379438,1785177855.0745227,,,
block1-000335,411.4114959957078,1088.7152119539678,34,140.0,410.95389903057367,1088.2576149888337,0.45759696513414383,block1:s2,gated_rule_c,mixed,1785177848.3229866,1785177848.3234448,1785177848.7344072,1785177849.411711,,,
block1-000336,579.6562531031668,1556.1536360764876,48,132.5,578.5572819877416,1555.0546649610624,1.098971115425229,block1:s3,gated_rule_c,mixed,1785177848.3392546,1785177848.3403537,1785177848.9189243,1785177849.8954215,,,
block1-000337,350.39366921409965,1042.417845223099,33,320.0,349.36215507332236,1041.3863310823217,1.0315141407772899,block1:s3,gated_rule_c,mixed,1785177848.425822,1785177848.4268553,1785177848.7762344,1785177849.4682586,,,
block1-000338,492.02725396025926,1322.8293468710035,41,60.0,490.9369450761005,1321.7390379868448,1.0903088841587305,block1:s3,gated_rule_c,mixed,1785177848.5727618,1785177848.573853,1785177849.0647998,1785177849.8956015,,,
block1-000339,99.86966196447611,3999.8340929159895,154,107.5,99.75524700712413,3999.7196779586375,0.1144149573519826,block1:zero_tool,gated_rule_c,mixed,1785177848.634658,1785177848.6347728,1785177848.7345364,1785177852.6345012,,,
block1-000340,436.3387443590909,1276.8006674014032,41,485.0,436.1295799026266,1276.5915029449388,0.20916445646435022,block1:s3,gated_rule_c,mixed,1785177848.7654567,1785177848.7656658,1785177849.2018037,1785177850.0422654,,,
block1-000341,487.4927194323391,1358.5428724763915,43,217.5,486.9575119810179,1358.0076650250703,0.5352074513211846,block1:s3,gated_rule_c,mixed,1785177848.9241052,1785177848.9246404,1785177849.4116094,1785177850.2826593,,,
block1-000342,670.1440064935014,1489.848944474943,49,85.0,669.5952540030703,1489.300191984512,0.5487524904310703,block1:s3,gated_rule_c,mixed,1785177848.9879305,1785177848.9884799,1785177849.6580846,1785177850.4777896,,,
block1-000343,379.33840800542384,1302.4922229815274,43,177.5,378.5880940267816,1301.7419090028852,0.7503139786422253,block1:s3,gated_rule_c,mixed,1785177849.1094441,1785177849.1101947,1785177849.4887903,1785177850.411944,,,
block1-000344,597.2990292357281,1396.9953142805025,48,485.0,596.4456379879266,1396.141923032701,0.8533912478014827,block1:s4,gated_rule_c,mixed,1785177849.3174155,1785177849.31827,1785177849.9147263,1785177850.7144232,,,
block1-000345,558.0006790114567,1358.3214529789984,48,50.0,557.5889350147918,1357.9097089823335,0.4117439966648817,block1:s4,gated_rule_c,mixed,1785177849.484087,1785177849.4844992,1785177850.0421,1785177850.842421,,,
block1-000346,581.9739808794111,1348.414333886467,48,412.5,581.4283160725608,1347.8686690796167,0.5456648068502545,block1:s4,gated_rule_c,mixed,1785177849.535929,1785177849.5364747,1785177850.1179109,1785177850.8843508,,,
block1-000347,516.4930197643116,1282.5432127574459,48,357.5,515.304340980947,1281.3545339740813,1.188678783364594,block1:s4,gated_rule_c,mixed,1785177849.6431134,1785177849.6443055,1785177850.159627,1785177850.9256775,,,
block1-000348,535.8765197452158,1260.533090797253,48,17.5,534.6893520327285,1259.3459230847657,1.1871677124872804,block1:s4,gated_rule_c,mixed,1785177849.7471676,1785177849.748356,1785177850.283059,1785177851.0077157,,,
block1-000349,111.81044380646199,4414.1533457441255,177,15.0,111.41039698850363,4413.753298926167,0.40004681795835495,block1:zero_tool,gated_rule_c,mixed,1785177849.8025107,1785177849.8029118,1785177849.9143317,1785177854.2166748,,,
block1-000350,500.42110483627766,1251.7352148424834,48,95.0,498.8558869808912,1250.169996987097,1.565217855386436,block1:s4,gated_rule_c,mixed,1785177849.9949687,1785177849.9965358,1785177850.4954069,1785177851.2467213,,,
block1-000351,502.83824384678155,1226.6873609041795,48,15.0,500.98038802389055,1224.8295050812885,1.857855822890997,block1:s4,gated_rule_c,mixed,1785177850.1458132,1785177850.1476712,1785177850.6486607,1785177851.37251,,,
block1-000352,428.76952898222953,1093.4189739637077,43,152.5,428.4641039557755,1093.1135489372537,0.30542502645403147,block1:s1,gated_rule_c,mixed,1785177850.1944165,1785177850.1947224,1785177850.6231968,1785177851.287846,,,
block1-000353,66.19482219684869,3556.3365081325173,143,10.0,65.8667329698801,3556.0084189055488,0.32808922696858644,block1:zero_tool,gated_rule_c,mixed,1785177850.3453238,1785177850.3456526,1785177850.4115314,1785177853.9016736,,,
block1-000354,291.76388459745795,969.1599175566807,40,412.5,291.53484606649727,968.9308790257201,0.22903853096067905,block1:s1,gated_rule_c,mixed,1785177850.5069492,1785177850.5071783,1785177850.7987208,1785177851.476117,,,
block1-000355,101.63786250632256,3507.2616304969415,141,15.0,100.59909499250352,3506.2228629831225,1.0387675138190389,block1:zero_tool,gated_rule_c,mixed,1785177850.522626,1785177850.5236647,1785177850.6242712,1785177854.0298953,,,
block1-000356,74.63790767360479,4056.200737715699,166,20.0,74.25216399133205,4055.814994033426,0.38574368227273226,block1:zero_tool,gated_rule_c,mixed,1785177850.553057,1785177850.5534434,1785177850.627705,1785177854.6092682,,,
block1-000357,67.50476150773466,1547.1068234182894,65,50.0,67.30956409592181,1546.9116260064766,0.1951974118128419,block1:s1,gated_rule_c,mixed,1785177850.5608618,1785177850.561057,1785177850.6283724,1785177852.1079752,,,
block1-000358,63.039713189937174,4537.541127181612,188,15.0,62.73299397435039,4537.234407966025,0.3067192155867815,block1:zero_tool,gated_rule_c,mixed,1785177850.6950884,1785177850.695396,1785177850.75814,1785177855.232641,,,
block1-000359,84.58606572821736,1517.371988738887,59,25.0,83.73213396407664,1516.5180569747463,0.8539317641407251,block1:s1,gated_rule_c,mixed,1785177850.976053,1785177850.976908,1785177851.060654,1785177852.49344,,,
block1-000360,303.1708365306258,1018.5436485335231,40,20.0,302.66700498759747,1018.0398169904947,0.5038315430283546,block1:s2,gated_rule_c,mixed,1785177851.0896335,1785177851.0901375,1785177851.392814,1785177852.108187,,,
block1-000361,116.34264711756259,2301.9456941401586,89,17.5,116.0579560091719,2301.661003031768,0.2846911083906889,block1:zero_tool,gated_rule_c,mixed,1785177851.0905738,1785177851.0908585,1785177851.206923,1785177853.392525,,,
block1-000362,349.08425936009735,918.8474554102868,36,15.0,348.390567000024,918.1537630502135,0.693692360073328,block1:s2,gated_rule_c,mixed,1785177851.1042356,1785177851.1049294,1785177851.4533277,1785177852.0230904,,,
block1-000363,394.1951079759747,1135.1083279587328,43,115.0,393.8855780288577,1134.7987980116159,0.309529947116971,block1:s2,gated_rule_c,mixed,1785177851.4604552,1785177851.460765,1785177851.8546612,1785177852.595574,,,
block1-000364,311.570908408612,929.7843233216554,35,115.0,311.1059640068561,929.3193789198995,0.464944401755929,block1:s2,gated_rule_c,mixed,1785177851.584372,1785177851.584838,1785177851.8959534,1785177852.5141668,,,
block1-000365,78.64407100714743,16155.338159995154,688,15.0,78.4636129392311,16155.157701927237,0.18045806791633368,block1:zero_tool,gated_rule_c,mixed,1785177851.649611,1785177851.6497922,1785177851.7282662,1785177867.8049598,,,
block1-000366,98.99031417444348,8016.768659232184,343,117.5,98.7664939602837,8016.5448390180245,0.2238202141597867,block1:zero_tool,gated_rule_c,mixed,1785177852.0482886,1785177852.048513,1785177852.1472883,1785177860.0650668,,,
block1-000367,366.0834033507854,995.6489362521097,34,177.5,365.80304405651987,995.3685769578442,0.28035929426550865,block1:s2,gated_rule_c,mixed,1785177852.0652122,1785177852.0654933,1785177852.4313056,1785177853.060871,,,
block1-000368,487.87216236814857,1325.773611315526,48,177.5,487.0137090329081,1324.9151579802856,0.8584533352404833,block1:s3,gated_rule_c,mixed,1785177852.1086407,1785177852.1094992,1785177852.5965204,1785177853.4344218,,,
block1-000369,427.4587221443653,1270.583009114489,48,357.5,426.34757701307535,1269.471863983199,1.111145131289959,block1:s3,gated_rule_c,mixed,1785177852.226265,1785177852.2273765,1785177852.653732,1785177853.4968562,,,
block1-000370,98.05420506745577,3644.410408101976,154,287.5,97.86486404482275,3644.221067079343,0.1893410226330161,block1:zero_tool,gated_rule_c,mixed,1785177852.739127,1785177852.7393165,1785177852.83719,1785177856.383546,,,
block1-000371,126.16242899093777,4003.5508419387043,171,92.5,125.14095508959144,4002.529368037358,1.0214739013463259,block1:zero_tool,gated_rule_c,mixed,1785177852.7537549,1785177852.7547762,1785177852.8799233,1785177856.7573123,,,
block1-000372,429.93411398492754,1167.4161159899086,41,395.0,429.7478049993515,1167.2298070043325,0.1863089855760336,block1:s3,gated_rule_c,mixed,1785177852.7790143,1785177852.7792017,1785177853.2089598,1785177853.946441,,,
block1-000373,530.426699668169,1256.6455906489864,46,282.5,530.2500870311633,1256.4689780119807,0.17661263700574636,block1:s3,gated_rule_c,mixed,1785177852.8562603,1785177852.856437,1785177853.386696,1785177854.112915,,,
block1-000374,573.78224353306,1168.272330542095,43,100.0,573.1368979904801,1167.6269849995151,0.6453455425798893,block1:s3,gated_rule_c,mixed,1785177852.9017243,1785177852.90237,1785177853.4755173,1785177854.070007,,,
block1-000375,458.48694862797856,1216.6096495930105,48,412.5,458.09199300128967,1216.2146939663216,0.3949556266888976,block1:s3,gated_rule_c,mixed,1785177853.0983722,1785177853.0987678,1785177853.5568717,1785177854.3149943,,,
block1-000376,79.45371372625232,3261.6700407816097,143,412.5,78.38211196940392,3260.5984390247613,1.0716017568483949,block1:zero_tool,gated_rule_c,mixed,1785177853.313335,1785177853.314407,1785177853.3927987,1785177856.5750158,,,
block1-000377,524.5539807947353,1200.8158958051354,48,550.0,523.5198240261525,1199.7817390365526,1.0341567685827613,block1:s4,gated_rule_c,mixed,1785177853.5886247,1785177853.58966,1785177854.1131942,1785177854.7894566,,,
block1-000378,471.29679389763623,1167.8005788708106,48,20.0,470.71124194189906,1167.2150269150734,0.5855519557371736,block1:s4,gated_rule_c,mixed,1785177853.684778,1785177853.6853645,1785177854.1560855,1785177854.8525894,,,
block1-000379,110.90884124860168,2842.5006811739877,126,15.0,110.61649303883314,2842.208332964219,0.2923482097685337,block1:zero_tool,gated_rule_c,mixed,1785177853.8312585,1785177853.8315525,1785177853.9421852,1785177856.673778,,,
block1-000380,86.56343980692327,3546.347809722647,159,15.0,86.08862210530788,3545.8729920210317,0.47481770161539316,block1:zero_tool,gated_rule_c,mixed,1785177853.8594897,1785177853.8599648,1785177853.9460616,1785177857.4058466,,,
block1-000381,64.21647465322167,4915.369775611907,212,12.5,64.05592197552323,4915.209222934209,0.1605526776984334,block1:zero_tool,gated_rule_c,mixed,1785177854.0523894,1785177854.0525503,1785177854.116615,1785177858.9677687,,,
block1-000382,90.94673523213714,4099.913934245706,178,15.0,90.19795199856162,4099.16515101213,0.7487832335755229,block1:zero_tool,gated_rule_c,mixed,1785177854.4194868,1785177854.4202356,1785177854.510442,1785177858.5194087,,,
block1-000383,429.81675756163895,1160.865648649633,48,10.0,428.8830989971757,1159.9319900851697,0.9336585644632578,block1:s4,gated_rule_c,mixed,1785177854.4219098,1785177854.4228437,1785177854.851733,1785177855.5827818,,,
block1-000384,72.98949267715216,4694.398440653458,202,160.0,71.8308020150289,4693.239749991335,1.1586906621232629,block1:zero_tool,gated_rule_c,mixed,1785177854.4840345,1785177854.4851937,1785177854.557032,1785177859.1784408,,,
block1-000385,73.89180338941514,1459.330525365658,65,282.5,71.83018093928695,1457.26890291553,2.0616224501281977,block1:s1,gated_rule_c,mixed,1785177854.535664,1785177854.537726,1785177854.6095643,1785177855.995004,,,
block1-000386,397.3109172657132,977.5425442494452,41,92.5,396.54810598585755,976.7797329695895,0.7628112798556685,block1:s1,gated_rule_c,mixed,1785177854.9363987,1785177854.937162,1785177855.3337197,1785177855.9139526,,,
block1-000387,124.34522807598114,4593.0921050021425,196,20.0,124.08779200632125,4592.834668932483,0.25743606965988874,block1:zero_tool,gated_rule_c,mixed,1785177855.0438619,1785177855.04412,1785177855.1682172,1785177859.6369638,,,
block1-000388,306.9032410858199,947.2029301105067,39,10.0,306.7171929869801,947.0168820116669,0.18604809883981943,block1:s1,gated_rule_c,mixed,1785177855.0857227,1785177855.0859098,1785177855.3926394,1785177856.032939,,,
block1-000389,113.74287225771695,3923.431734321639,167,15.0,112.75772098451853,3922.4465830484405,0.9851512731984258,block1:zero_tool,gated_rule_c,mixed,1785177855.3178651,1785177855.3188505,1785177855.4316192,1785177859.241308,,,
block1-000390,274.06326204072684,926.9304590998217,39,17.5,273.09474302455783,925.9619400836527,0.9685190161690116,block1:s1,gated_rule_c,mixed,1785177855.3308203,1785177855.3317895,1785177855.6048956,1785177856.2577617,,,
block1-000391,98.25353894848377,3797.228782903403,161,12.5,97.19797095749527,3796.1732149124146,1.055567990988493,block1:zero_tool,gated_rule_c,mixed,1785177855.3389127,1785177855.3399682,1785177855.437176,1785177859.1361508,,,
block1-000392,295.5938429804519,931.3853259664029,40,105.0,294.85681210644543,930.6482950923964,0.7370308740064502,block1:s2,gated_rule_c,mixed,1785177855.962299,1785177855.9630368,1785177856.2579045,1785177856.8936963,,,
block1-000393,295.41255545336753,944.0631284378469,40,820.0,295.01438105944544,943.6649540439248,0.39817439392209053,block1:s2,gated_rule_c,mixed,1785177856.0666008,1785177856.0669992,1785177856.362025,1785177857.0106752,,,
block1-000394,325.6401469698176,853.6400890443474,36,75.0,324.98087198473513,852.980814059265,0.6592749850824475,block1:s2,gated_rule_c,mixed,1785177856.0785358,1785177856.079195,1785177856.4041843,1785177856.9321837,,,
block1-000395,64.42888919264078,11992.938490235247,513,15.0,63.64124990068376,11992.15085094329,0.7876392919570208,block1:zero_tool,gated_rule_c,mixed,1785177856.255389,1785177856.256178,1785177856.3198314,1785177868.248341,,,
block1-000396,76.56323292758316,7179.023526841775,300,22.5,76.28044998273253,7178.740743896924,0.2827829448506236,block1:zero_tool,gated_rule_c,mixed,1785177856.412332,1785177856.412615,1785177856.4889064,1785177863.5913668,,,
block1-000397,464.4429635955021,1141.5384615538642,49,17.5,463.81648094393313,1140.9119789022952,0.6264826515689492,block1:s2,gated_rule_c,mixed,1785177856.6052861,1785177856.6059139,1785177857.0697408,1785177857.746836,,,
block1-000398,351.9250778481364,908.8872257852927,38,10.0,351.0329000419006,907.9950479790568,0.8921778062358499,block1:s2,gated_rule_c,mixed,1785177856.837544,1785177856.8384368,1785177857.1894794,1785177857.746441,,,
block1-000399,383.82459396962076,953.3262109616771,37,217.5,383.19944799877703,952.7010649908334,0.6251459708437324,block1:s2,gated_rule_c,mixed,1785177857.2188723,1785177857.2194977,1785177857.6027057,1785177858.172207,,,
block1-000400,58.2839110866189,2952.0095490152016,125,280.0,58.037030044943094,2951.762667973526,0.24688104167580605,block1:zero_tool,gated_rule_c,mixed,1785177857.3269043,1785177857.3271515,1785177857.3851979,1785177860.278923,,,
block1-000401,290.6604839954525,1062.7019270323217,39,307.5,289.70691899303347,1061.7483620299026,0.9535650024190545,block1:s3,gated_rule_c,mixed,1785177857.4113376,1785177857.4122913,1785177857.7020054,1785177858.474047,,,
block1-000402,71.16102438885719,3728.482257341966,161,47.5,70.03874995280057,3727.3599829059094,1.122274436056614,block1:zero_tool,gated_rule_c,mixed,1785177857.6754813,1785177857.6766036,1785177857.7466512,1785177861.403973,,,
block1-000403,56.21411476749927,10721.275018760934,453,550.0,55.80054898746312,10720.861452980898,0.4135657800361514,block1:zero_tool,gated_rule_c,mixed,1785177857.8123865,1785177857.8128004,1785177857.86861,1785177868.5336711,,,
block1-000404,66.36468495707959,3355.7032629614696,146,17.5,66.16329005919397,3355.501868063584,0.2013948978856206,block1:zero_tool,gated_rule_c,mixed,1785177857.9298222,1785177857.9300237,1785177857.9961946,1785177861.285533,,,
block1-000405,565.2397540397942,1348.2622320298105,48,12.5,564.6102239843458,1347.6327019743621,0.6295300554484129,block1:s3,gated_rule_c,mixed,1785177857.953532,1785177857.9541616,1785177858.518781,1785177859.3018036,,,
block1-000406,626.5745756682009,1205.838166642934,43,395.0,625.69162202999,1204.9552130047232,0.8829536382108927,block1:s3,gated_rule_c,mixed,1785177858.035583,1785177858.0364664,1785177858.6621666,1785177859.2414298,,,
block1-000407,376.10900949221104,1158.686127513647,43,105.0,374.554535956122,1157.131653977558,1.5544735360890627,block1:s3,gated_rule_c,mixed,1785177858.143446,1785177858.145001,1785177858.5195644,1785177859.3021414,,,
block1-000408,561.3455737475306,1255.942290648818,48,17.5,560.5702030006796,1255.166919901967,0.7753707468509674,block1:s4,gated_rule_c,mixed,1785177858.3201754,1785177858.3209512,1785177858.8815305,1785177859.5761275,,,
block1-000409,532.392478431575,1217.459354433231,48,155.0,531.6476739244536,1216.7145499261096,0.7448045071214437,block1:s4,gated_rule_c,mixed,1785177858.476669,1785177858.477414,1785177859.0090697,1785177859.6941361,,,
block1-000410,488.3870539488271,1167.0553999720141,48,287.5,488.1837540306151,1166.8521000538021,0.20329991821199656,block1:s4,gated_rule_c,mixed,1785177858.605,1785177858.6052039,1785177859.0933971,1785177859.7720647,,,
block1-000411,453.7859243573621,1124.8197503155097,48,15.0,452.76071305852383,1123.7945390166715,1.0252112988382578,block1:s4,gated_rule_c,mixed,1785177858.7245302,1785177858.7255554,1785177859.1783252,1785177859.8493588,,,
block1-000412,415.6461594393477,1077.4180124280974,48,287.5,414.80547201354057,1076.5773250022903,0.8406874258071184,block1:s4,gated_rule_c,mixed,1785177859.3165479,1785177859.3173885,1785177859.7322028,1785177860.393975,,,
block1-000413,421.47869255859405,1094.4086525123566,48,117.5,420.4133179737255,1093.343277927488,1.0653745848685503,block1:s4,gated_rule_c,mixed,1785177860.0098372,1785177860.0109034,1785177860.4313283,1785177861.1042593,,,
block1-000414,69.92665550205857,4415.83938151598,176,115.0,68.91624804120511,4414.828974055126,1.0104074608534575,block1:zero_tool,gated_rule_c,mixed,1785177860.150188,1785177860.1511989,1785177860.2201257,1785177864.5660381,,,
block1-000415,66.47732097189873,4074.3542090058327,159,135.0,66.04624795727432,4073.9231359912083,0.43107301462441683,block1:zero_tool,gated_rule_c,mixed,1785177860.4087303,1785177860.4091616,1785177860.4752145,1785177864.483092,,,
block1-000416,97.62322064489126,5119.03336958494,202,282.5,96.86448704451323,5118.274635984562,0.7587336003780365,block1:zero_tool,gated_rule_c,mixed,1785177860.9203982,1785177860.9211578,1785177861.018034,1785177866.0394433,,,
block1-000417,134.11317893769592,3681.4021070022136,138,152.5,133.50391492713243,3680.79284299165,0.6092640105634928,block1:zero_tool,gated_rule_c,mixed,1785177860.9262443,1785177860.926854,1785177861.0603669,1785177864.6076558,,,
block1-000418,322.71584030240774,939.7408983204514,36,20.0,321.4826879557222,938.5077459737659,1.2331523466855288,block1:s1,gated_rule_c,mixed,1785177860.9623837,1785177860.9636192,1785177861.2851274,1785177861.9021528,,,
block1-000419,60.23423676379025,4197.413749760017,161,357.5,59.26181795075536,4196.441330946982,0.9724188130348921,block1:zero_tool,gated_rule_c,mixed,1785177861.2051232,1785177861.2060962,1785177861.2653675,1785177865.4025471,,,
block1-000420,377.27703142445534,1160.4882983956486,36,357.5,376.24928692821413,1159.4605538994074,1.027744496241212,block1:s1,gated_rule_c,mixed,1785177861.2795033,1785177861.2805312,1785177861.6567888,1785177862.44,,,
block1-000421,108.98752987850457,1806.5697739366442,61,15.0,107.52113594207913,1805.1033800002187,1.4663939364254475,block1:s1,gated_rule_c,mixed,1785177861.4881787,1785177861.4896467,1785177861.5971832,1785177863.2947643,,,
block1-000422,263.481596368365,1105.6322592776269,36,287.5,263.3560100803152,1105.506672989577,0.12558628804981709,block1:s1,gated_rule_c,mixed,1785177861.5117023,1785177861.511829,1785177861.775196,1785177862.6173463,,,
block1-000423,390.145072597079,1128.4259696258232,34,412.5,389.91707493551075,1128.197971964255,0.22799766156822443,block1:s1,gated_rule_c,mixed,1785177861.7046041,1785177861.7048333,1785177862.0947626,1785177862.833043,,,
block1-000424,369.77353831753135,1208.31953024026,37,117.5,368.84795501828194,1207.3939469410107,0.9255832992494106,block1:s2,gated_rule_c,mixed,1785177861.7489488,1785177861.7498746,1785177862.1187305,1785177862.957276,,,
block1-000425,607.0382057223469,1256.1467547202483,38,155.0,606.7947041010484,1255.9032530989498,0.24350162129849195,block1:s2,gated_rule_c,mixed,1785177861.8879187,1785177861.8881633,1785177862.4949684,1785177863.1440773,,,
block1-000426,87.5058762030676,4232.955641113222,165,12.5,86.34332602377981,4231.793090933934,1.1625501792877913,block1:zero_tool,gated_rule_c,mixed,1785177861.9674246,1785177861.9685884,1785177862.0549452,1785177866.2003953,,,
block1-000427,126.45244703162462,4109.21640903689,160,320.0,125.64178497996181,4108.405746985227,0.8106620516628027,block1:zero_tool,gated_rule_c,mixed,1785177862.0919945,1785177862.092806,1785177862.2184596,1785177866.2012234,,,
block1-000428,488.72731323353946,1170.279560261406,36,115.0,488.6491779470816,1170.2014249749482,0.07813528645783663,block1:s2,gated_rule_c,mixed,1785177862.1013443,1785177862.1014225,1785177862.5900812,1785177863.2716336,,,
block1-000429,461.6058167302981,1270.3130367444828,41,115.0,461.4199890056625,1270.1272090198472,0.18582772463560104,block1:s2,gated_rule_c,mixed,1785177862.1079936,1785177862.1081798,1785177862.569607,1785177863.378314,,,
block1-000430,517.7454779623076,1195.994484005496,38,110.0,517.5440569873899,1195.7930630305782,0.20142097491770983,block1:s2,gated_rule_c,mixed,1785177862.1189144,1785177862.1191158,1785177862.636669,1785177863.3149178,,,
block1-000431,492.04623082187027,1169.5709088817239,37,10.0,491.7440669378266,1169.2687449976802,0.30216388404369354,block1:s2,gated_rule_c,mixed,1785177862.1245446,1785177862.1248472,1785177862.6166017,1785177863.2941258,,,
block1-000432,67.49810371547937,3159.5154767856,125,10.0,66.55515590682626,3158.572528976947,0.9429478086531162,block1:zero_tool,gated_rule_c,mixed,1785177862.290987,1785177862.29193,1785177862.358494,1785177865.4505112,,,
block1-000433,529.8121464438736,1309.049635543488,48,105.0,529.4191059656441,1308.6565950652584,0.3930404782295227,block1:s3,gated_rule_c,mixed,1785177862.302555,1785177862.3029492,1785177862.8323793,1785177863.6116166,,,
block1-000434,70.18616679124534,5391.81580778677,229,135.0,69.75316698662937,5391.382807982154,0.4329998046159744,block1:zero_tool,gated_rule_c,mixed,1785177862.4337075,1785177862.4341419,1785177862.5039086,1785177867.8255382,,,
block1-000435,571.692208526656,1310.6101885205135,48,172.5,571.480433922261,1310.3984139161184,0.21177460439503193,block1:s3,gated_rule_c,mixed,1785177862.5725243,1785177862.572736,1785177863.1442251,1785177863.883143,,,
block1-000436,101.5757410787046,11812.239812104963,510,85.0,101.21194506064057,11811.876016086899,0.36379601806402206,block1:zero_tool,gated_rule_c,mixed,1785177862.614978,1785177862.6153421,1785177862.7165604,1785177874.4272242,,,
block1-000437,86.09657199122012,3007.2419970529154,121,132.5,85.73080599308014,3006.8762310547754,0.36576599813997746,block1:zero_tool,gated_rule_c,mixed,1785177862.6827652,1785177862.6831317,1785177862.768876,1785177865.6900215,,,
block1-000438,551.4491098001599,1245.1030918164179,46,10.0,550.6012330297381,1244.255215045996,0.8478767704218626,block1:s3,gated_rule_c,mixed,1785177862.7205226,1785177862.7213707,1785177863.27198,1785177863.965634,,,
block1-000439,496.7583571560681,1309.5119801582769,48,395.0,495.4713940387592,1308.225017040968,1.2869631173089147,block1:s3,gated_rule_c,mixed,1785177862.9663124,1785177862.9675996,1785177863.4630811,1785177864.2758343,,,
block1-000440,458.9304702822119,1271.6376542812213,48,85.0,458.7696649832651,1271.4768489822745,0.16080529894679785,block1:s4,gated_rule_c,mixed,1785177863.0460904,1785177863.0462525,1785177863.5050344,1785177864.3177423,,,
block1-000441,105.57317349594086,4164.077004417777,180,95.0,104.68428407330066,4163.188114995137,0.8888894226402044,block1:zero_tool,gated_rule_c,mixed,1785177863.7768102,1785177863.7777002,1785177863.882397,1785177867.9409003,,,
block1-000442,102.53891418687999,3048.7494891276583,130,545.0,102.13853500317782,3048.349109943956,0.40037918370217085,block1:zero_tool,gated_rule_c,mixed,1785177863.8185651,1785177863.818966,1785177863.921114,1785177866.8673246,,,
block1-000443,511.736330576241,1307.5056006200612,48,10.0,511.03010901715606,1306.7993790609762,0.7062215590849519,block1:s4,gated_rule_c,mixed,1785177863.8259444,1785177863.8266513,1785177864.3376927,1785177865.1334622,,,
block1-000444,526.9648034591228,1295.4641744727269,49,17.5,526.1509369593114,1294.6503079729155,0.8138664998114109,block1:s4,gated_rule_c,mixed,1785177863.9563034,1785177863.9571176,1785177864.4832776,1785177865.2517776,,,
block1-000445,489.9491765536368,1238.1815885892138,48,12.5,489.5013290224597,1237.7337410580367,0.4478475311771035,block1:s4,gated_rule_c,mixed,1785177864.0554364,1785177864.0558846,1785177864.5453956,1785177865.2936282,,,
block1-000446,514.2500647343695,1216.0031567327678,48,152.5,513.5032089892775,1215.2563009876758,0.7468557450920343,block1:s4,gated_rule_c,mixed,1785177864.3438895,1785177864.3446367,1785177864.8581505,1785177865.559904,,,
block1-000447,465.57021071203053,1174.4788218056783,48,17.5,464.95878091081977,1173.8673920044675,0.6114298012107611,block1:s4,gated_rule_c,mixed,1785177864.6025503,1785177864.6031618,1785177865.0681276,1785177865.7770371,,,
block1-000448,66.39131577685475,2595.6009258516133,117,105.0,65.84152590949088,2595.0511359842494,0.5497898673638701,block1:zero_tool,gated_rule_c,mixed,1785177864.7311537,1785177864.7317038,1785177864.797556,1785177867.3267646,,,
block1-000449,78.15772003959864,1599.4360110489652,69,172.5,77.84713502041996,1599.1254260297865,0.3105850191786885,block1:s1,gated_rule_c,mixed,1785177864.7918022,1785177864.7921133,1785177864.8699694,1785177866.3912482,,,
block1-000450,75.59135381598026,5069.899718859233,223,297.5,75.34245401620865,5069.650819059461,0.24889979977160692,block1:zero_tool,gated_rule_c,mixed,1785177864.9922066,1785177864.9924564,1785177865.0678098,1785177870.062118,,,
block1-000451,319.36864648014307,976.9262605113909,42,170.0,318.91391694080085,976.4715309720486,0.4547295393422246,block1:s1,gated_rule_c,mixed,1785177865.0622547,1785177865.0627105,1785177865.3816364,1785177866.039194,,,
block1-000452,70.0858331983909,5736.183800152503,250,17.5,69.78759507182986,5735.885562025942,0.29823812656104565,block1:zero_tool,gated_rule_c,mixed,1785177865.288873,1785177865.2891715,1785177865.3589675,1785177871.0250652,,,
block1-000453,84.03304417151958,1452.573080197908,65,135.0,83.08459492400289,1451.6246309503913,0.9484492475166917,block1:s1,gated_rule_c,mixed,1785177865.4335132,1785177865.4344616,1785177865.5175548,1785177866.8860946,,,
block1-000454,74.93670238181949,16066.072270390578,699,117.5,74.09536500927061,16065.230933018029,0.8413373725488782,block1:zero_tool,gated_rule_c,mixed,1785177865.6780436,1785177865.678886,1785177865.7529926,1785177881.744128,,,
block1-000455,337.0625355746597,784.7326105693355,33,92.5,336.59605507273227,784.2661300674081,0.4664805019274354,block1:s1,gated_rule_c,mixed,1785177865.8643003,1785177865.864767,1785177866.201372,1785177866.6490426,,,
block1-000456,394.2612933460623,905.8181633008644,38,145.0,393.5336989816278,905.0905689364299,0.7275943644344807,block1:s2,gated_rule_c,mixed,1785177866.0751603,1785177866.0758882,1785177866.46943,1785177866.9809875,,,
block1-000457,348.47895067650825,1003.1993736047298,42,60.0,346.4379709912464,1001.1583939194679,2.0409796852618456,block1:s2,gated_rule_c,mixed,1785177866.8982725,1785177866.9003136,1785177867.2467604,1785177867.9014804,,,
block1-000458,372.0407208893448,1061.2015668302774,43,20.0,371.65767804253846,1060.818523983471,0.38304284680634737,block1:s2,gated_rule_c,mixed,1785177867.412189,1785177867.4125721,1785177867.7842386,1785177868.4733996,,,
block1-000459,339.6528025623411,1054.2568254750222,43,22.5,339.3418410560116,1053.9458639686927,0.31096150632947683,block1:s2,gated_rule_c,mixed,1785177867.5224457,1785177867.5227568,1785177867.8621082,1785177868.5767121,,,
block1-000460,343.3066504076123,1106.5513275098056,42,282.5,341.33130696136504,1104.5759840635583,1.9753434462472796,block1:s2,gated_rule_c,mixed,1785177867.9858673,1785177867.9878426,1785177868.329181,1785177869.0924258,,,
block1-000461,297.1328414278105,1060.1332684746012,41,550.0,297.0144209684804,1060.0148480152711,0.11842045933008194,block1:s2,gated_rule_c,mixed,1785177868.0320756,1785177868.0321946,1785177868.3292172,1785177869.0922184,,,
block1-000462,403.2625714316964,986.7967434693128,38,140.0,402.41524192970246,985.9494139673188,0.8473295019939542,block1:s2,gated_rule_c,mixed,1785177868.2617164,1785177868.262564,1785177868.6649868,1785177869.2485209,,,
block1-000463,249.832630623132,823.8308345898986,31,350.0,249.33238606899977,823.3305900357664,0.5002445541322231,block1:s2,gated_rule_c,mixed,1785177868.3266196,1785177868.3271208,1785177868.5764644,1785177869.1504624,,,
block1-000464,64.16622246615589,3432.8697654418647,147,117.5,63.081684056669474,3431.7852270323783,1.084538409486413,block1:zero_tool,gated_rule_c,mixed,1785177868.515585,1785177868.5166698,1785177868.5797591,1785177871.948463,,,
block1-000465,69.5576035650447,3035.0248016184196,126,155.0,68.72625392861664,3034.1934519819915,0.8313496364280581,block1:zero_tool,gated_rule_c,mixed,1785177868.5731096,1785177868.5739422,1785177868.642681,1785177871.6081486,,,
block1-000466,496.57709419261664,1204.8338612075895,48,322.5,495.7812320208177,1204.0379990357906,0.7958621717989445,block1:s3,gated_rule_c,mixed,1785177868.6142275,1785177868.615024,1785177869.1108136,1785177869.8190699,,,
block1-000467,457.42983638774604,1165.940853417851,48,135.0,457.0923149585724,1165.6033319886774,0.33752142917364836,block1:s3,gated_rule_c,mixed,1785177868.7321367,1785177868.7324746,1785177869.1895766,1785177869.898088,,,
block1-000468,78.24965636245906,3876.918633352034,169,17.5,77.49760302249342,3876.166580012068,0.7520533399656415,block1:zero_tool,gated_rule_c,mixed,1785177868.8399305,1785177868.8406832,1785177868.9181905,1785177872.7168596,,,
block1-000469,377.1833865903318,1046.603187569417,43,92.5,376.35321205016226,1045.7730130292475,0.8301745401695371,block1:s3,gated_rule_c,mixed,1785177868.8714614,1785177868.8722923,1785177869.2486556,1785177869.9180763,,,
block1-000470,569.15363506414,1148.1417909963056,43,297.5,568.2695410214365,1147.2576969536021,0.8840940427035093,block1:s3,gated_rule_c,mixed,1785177869.4936998,1785177869.494584,1785177870.0628626,1785177870.6418507,,,
block1-000471,69.66164172627032,2990.392611711286,128,17.5,69.42494201939553,2990.155912004411,0.2366997068747878,block1:zero_tool,gated_rule_c,mixed,1785177869.5897872,1785177869.5900245,1785177869.6594574,1785177872.5801885,,,
block1-000472,502.4674179730937,1280.266280984506,48,395.0,501.940946909599,1279.7398099210113,0.5264710634946823,block1:s4,gated_rule_c,mixed,1785177869.66618,1785177869.6667068,1785177870.1686563,1785177870.9464552,,,
block1-000473,97.70843130536377,2862.895928323269,122,395.0,97.26233000401407,2862.449827021919,0.4461013013496995,block1:zero_tool,gated_rule_c,mixed,1785177869.6986425,1785177869.6990888,1785177869.7963576,1785177872.561545,,,
block1-000474,89.19510478153825,3739.7405337542295,165,307.5,88.106220937334,3738.6516499100253,1.088883844204247,block1:zero_tool,gated_rule_c,mixed,1785177869.7295961,1785177869.7306857,1785177869.8188026,1785177873.4693496,,,
block1-000475,505.3682088619098,1274.2455819388852,48,132.5,504.4512039748952,1273.3285770518705,0.9170048870146275,block1:s4,gated_rule_c,mixed,1785177869.918369,1785177869.9192863,1785177870.423746,1785177871.1926231,,,
block1-000476,499.69576275907457,1267.6610057242215,48,117.5,499.4620350189507,1267.4272779840976,0.233727740123868,block1:s4,gated_rule_c,mixed,1785177869.9441617,1785177869.9443955,1785177870.4438865,1785177871.2118518,,,
block1-000477,493.33132000174373,1234.101904090494,48,15.0,492.5886749988422,1233.3592590875924,0.7426450029015541,block1:s4,gated_rule_c,mixed,1785177870.2277439,1785177870.2284865,1785177870.721085,1785177871.4618554,,,
block1-000478,487.84572165459394,1195.2353466767818,48,572.5,486.70962604228407,1194.099251064472,1.136095612309873,block1:s4,gated_rule_c,mixed,1785177870.4964383,1785177870.4975743,1785177870.9842942,1785177871.6916833,,,
block1-000479,479.84761267434806,1158.7575006997213,48,17.5,479.5611259760335,1158.4710140014067,0.28648669831454754,block1:s4,gated_rule_c,mixed,1785177870.632422,1785177870.6327093,1785177871.1122837,1785177871.791194,,,
block1-000480,359.03250495903194,999.0801879903302,43,52.5,358.01743890624493,998.0651219375432,1.015066052787006,block1:s1,gated_rule_c,mixed,1785177870.8123472,1785177870.8133633,1785177871.1713915,1785177871.8114393,,,
block1-000481,110.50019843969494,1564.1126803820953,69,47.5,109.82376697938889,1563.4362489217892,0.6764314603060484,block1:s1,gated_rule_c,mixed,1785177870.9977558,1785177870.9984324,1785177871.1082659,1785177872.561878,,,
block1-000482,356.2702821800485,963.0707502365112,43,15.0,355.9479269897565,962.7483950462192,0.32235519029200077,block1:s1,gated_rule_c,mixed,1785177871.0259135,1785177871.0262358,1785177871.382191,1785177871.9889913,,,
block1-000483,122.06645531114191,1598.302323371172,72,105.0,121.48989492561668,1597.7257629856467,0.5765603855252266,block1:s1,gated_rule_c,mixed,1785177871.1769764,1785177871.177553,1785177871.299051,1785177872.7752864,,,
block1-000484,72.44113844353706,5455.788605497219,238,350.0,70.92575205024332,5454.273219103925,1.5153863932937384,block1:zero_tool,gated_rule_c,mixed,1785177871.2295253,1785177871.2310414,1785177871.3019762,1785177876.6853242,,,
block1-000485,83.71888555120677,1397.3922805162147,62,155.0,82.90505106560886,1396.5784460306168,0.8138344855979085,block1:s1,gated_rule_c,mixed,1785177871.5283966,1785177871.5292113,1785177871.6121252,1785177872.925799,,,
block1-000486,107.40689455997199,1528.3024455420673,67,60.0,106.67438700329512,1527.5699379853904,0.7325075566768646,block1:s1,gated_rule_c,mixed,1785177872.330064,1785177872.330797,1785177872.4374804,1785177873.8583765,,,
block1-000487,132.75739643722773,5073.068715399131,217,92.5,131.75431406125426,5072.065633023158,1.003082375973463,block1:zero_tool,gated_rule_c,mixed,1785177872.367588,1785177872.3685918,1785177872.5003576,1785177877.4406686,,,
block1-000488,335.3735430864617,972.0825291005895,41,17.5,334.66522698290646,971.3742129970342,0.7083161035552621,block1:s2,gated_rule_c,mixed,1785177872.4001849,1785177872.400894,1785177872.7355697,1785177873.3722796,,,
block1-000489,82.6616381527856,2169.1260332008824,95,322.5,81.53934904839844,2168.003744096495,1.1222891043871641,block1:zero_tool,gated_rule_c,mixed,1785177872.4588518,1785177872.4599743,1785177872.541524,1785177874.6279886,,,
block1-000490,316.0748053342104,826.2748252600431,36,17.5,315.66553900483996,825.8655589306727,0.40926632937043905,block1:s2,gated_rule_c,mixed,1785177872.8321352,1785177872.8325448,1785177873.1482198,1785177873.65842,,,
block1-000491,68.81502270698547,8860.546388779767,380,15.0,67.82580201979727,8859.557168092579,0.9892206871882081,block1:zero_tool,gated_rule_c,mixed,1785177872.9415505,1785177872.9425397,1785177873.0103729,1785177881.8021045,,,
block1-000492,67.80194805469364,5345.336595084518,228,60.0,67.45031103491783,5344.984958064742,0.35163701977580786,block1:zero_tool,gated_rule_c,mixed,1785177873.0223196,1785177873.0226715,1785177873.090132,1785177878.3676665,,,
block1-000493,266.6185135021806,1008.1448004348204,41,357.5,265.58393402956426,1007.110220962204,1.0345794726163149,block1:s2,gated_rule_c,mixed,1785177873.2795725,1785177873.280608,1785177873.546204,1785177874.2877302,,,
block1-000494,310.4096493916586,938.6649503139779,36,95.0,309.58159803412855,937.8368989564478,0.8280513575300574,block1:s2,gated_rule_c,mixed,1785177873.5485954,1785177873.5494237,1785177873.859014,1785177874.4872699,,,
block1-000495,61.2991702510044,3624.5532942702994,151,12.5,60.58889196719974,3623.8430159864947,0.7102782838046551,block1:zero_tool,gated_rule_c,mixed,1785177873.7761557,1785177873.7768667,1785177873.8374667,1785177877.4007206,,,
block1-000496,359.17822807095945,925.6429960951209,32,820.0,358.41590899508446,924.8806770192459,0.7623190758749843,block1:s3,gated_rule_c,mixed,1785177873.9681847,1785177873.968948,1785177874.3273757,1785177874.8938406,,,
block1-000497,500.9627812542021,1303.5144832683727,48,60.0,499.1627379786223,1301.714439992793,1.8000432755798101,block1:s3,gated_rule_c,mixed,1785177874.0642114,1785177874.0660124,1785177874.5651882,1785177875.36774,,,
block1-000498,441.8126252712682,1052.2808162495494,38,12.5,441.2598459748551,1051.7280369531363,0.552779296413064,block1:s3,gated_rule_c,mixed,1785177874.142815,1785177874.1433694,1785177874.5846412,1785177875.1951096,,,
block1-000499,472.11572190281004,1253.4826849587262,48,15.0,471.4941820129752,1252.8611450688913,0.6215398898348212,block1:s3,gated_rule_c,mixed,1785177874.2375689,1785177874.2381911,1785177874.7096987,1785177875.4910662,,,
block1-000500,73.27579346019775,3383.341725450009,146,20.0,73.13582906499505,3383.2017610548064,0.13996439520269632,block1:zero_tool,gated_rule_c,mixed,1785177874.3334882,1785177874.3336284,1785177874.4067721,1785177877.716838,,,
block1-000501,72.01218360569328,3026.1888755485415,128,15.0,71.64299895521253,3025.819690898061,0.3691846504807472,block1:zero_tool,gated_rule_c,mixed,1785177874.3348544,1785177874.335224,1785177874.4068725,1785177877.3610497,,,
block1-000502,114.66281278990209,4524.0353817353025,188,187.5,113.87776397168636,4523.250332917087,0.7850488182157278,block1:zero_tool,gated_rule_c,mixed,1785177874.5949857,1785177874.595771,1785177874.7096581,1785177879.1190312,,,
block1-000503,436.8341963272542,1228.8621863117442,48,10.0,435.83415704779327,1227.8621470322832,1.000039279460907,block1:s3,gated_rule_c,mixed,1785177874.6013887,1785177874.6023886,1785177875.0382292,1785177875.8302574,,,
block1-000504,66.8986247619614,2984.418560867198,129,217.5,66.63297093473375,2984.15290703997,0.2656538272276521,block1:zero_tool,gated_rule_c,mixed,1785177874.8297563,1785177874.830022,1785177874.8966644,1785177877.8141847,,,
block1-000505,510.97557600587606,1305.5655929492787,48,12.5,510.79585310071707,1305.3858700441197,0.17972290515899658,block1:s4,gated_rule_c,mixed,1785177874.9829307,1785177874.9831104,1785177875.4939141,1785177876.2885044,,,
block1-000506,484.0126094641164,1282.960025477223,48,115.0,483.17447607405484,1282.1218920871615,0.8381333900615573,block1:s4,gated_rule_c,mixed,1785177875.0486126,1785177875.049451,1785177875.5326338,1785177876.331581,,,
block1-000507,441.1137051647529,1262.596117099747,48,12.5,440.73111296165735,1262.2135248966515,0.3825922030955553,block1:s4,gated_rule_c,mixed,1785177875.1314228,1785177875.1318061,1785177875.5725467,1785177876.3940294,,,
block1-000508,68.42887669336051,3951.537824701518,166,320.0,67.81291996594518,3950.9218679741025,0.6159567274153233,block1:zero_tool,gated_rule_c,mixed,1785177875.425587,1785177875.4262037,1785177875.4940252,1785177879.3771343,,,
block1-000509,560.6917317491025,1274.5404277229682,48,412.5,559.7634930163622,1273.6121889902279,0.928238732740283,block1:s4,gated_rule_c,mixed,1785177875.6739771,1785177875.6749058,1785177876.234679,1785177876.9485278,,,
block1-000510,516.6100441711023,1235.9564282232895,48,217.5,515.8781979698688,1235.224582022056,0.7318462012335658,block1:s4,gated_rule_c,mixed,1785177875.9010513,1785177875.9017835,1785177876.4176707,1785177877.137017,,,
block1-000511,475.9297171840444,1193.7858011806384,48,187.5,475.5040539894253,1193.3601379860193,0.42566319461911917,block1:s4,gated_rule_c,mixed,1785177876.0269895,1785177876.0274158,1785177876.5029304,1785177877.2207859,,,
block1-000512,391.36989519465715,1068.656316259876,43,297.5,391.0972869489342,1068.383708014153,0.2726082457229495,block1:s1,gated_rule_c,mixed,1785177876.0475318,1785177876.0478048,1785177876.438911,1785177877.1161976,,,
block1-000513,89.25953216385096,1477.9349751770496,66,70.0,88.164666085504,1476.8401090987027,1.0948660783469677,block1:s1,gated_rule_c,mixed,1785177876.157511,1785177876.1586063,1785177876.2467806,1785177877.6354563,,,
block1-000514,341.92279167473316,999.9432037584484,43,95.0,341.29443496931344,999.3148470530286,0.6283567054197192,block1:s1,gated_rule_c,mixed,1785177876.3230474,1785177876.3236763,1785177876.6649818,1785177877.3230016,,,
block1-000515,420.233255950734,1028.0240438878536,45,395.0,419.38503307756037,1027.17582101468,0.8482228731736541,block1:s1,gated_rule_c,mixed,1785177876.5691664,1785177876.570015,1785177876.989409,1785177877.5972006,,,
block1-000516,336.88622573390603,885.6639737496153,39,20.0,336.5657760296017,885.3435240453109,0.3204497043043375,block1:s1,gated_rule_c,mixed,1785177876.6526923,1785177876.6530135,1785177876.9895897,1785177877.5383677,,,
block1-000517,64.78745373897254,9386.174271814525,419,100.0,64.2960499972105,9385.682868072763,0.49140374176204205,block1:zero_tool,gated_rule_c,mixed,1785177876.7010913,1785177876.7015839,1785177876.765894,1785177886.0872808,,,
block1-000518,92.61867159511894,1529.4144195504487,66,60.0,91.73644497059286,1528.5321929259226,0.8822266245260835,block1:s1,gated_rule_c,mixed,1785177876.7711403,1785177876.7720225,1785177876.8637686,1785177878.3005645,,,
block1-000519,57.2142651071772,9670.92708114069,423,15.0,56.320870062336326,9670.033686095849,0.8933950448408723,block1:zero_tool,gated_rule_c,mixed,1785177877.6398213,1785177877.6407146,1785177877.6970456,1785177887.3107576,,,
block1-000520,354.1440727422014,967.3072547884658,34,85.0,353.3397789578885,966.5029610041529,0.8042937843129039,block1:s2,gated_rule_c,mixed,1785177877.8295786,1785177877.830383,1785177878.1837323,1785177878.796895,,,
block1-000521,488.389310776256,1081.717704772018,38,117.5,487.81184502877295,1081.1402390245348,0.5774657474830747,block1:s2,gated_rule_c,mixed,1785177877.9753375,1785177877.9759157,1785177878.4637372,1785177879.0570667,,,
block1-000522,415.8717520767823,972.3286720691249,36,357.5,415.0234570261091,971.4803770184517,0.8482950506731868,block1:s2,gated_rule_c,mixed,1785177878.204331,1785177878.2051795,1785177878.6202166,1785177879.1766725,,,
block1-000523,414.3661761190742,1135.7952260877937,43,70.0,414.1880060778931,1135.6170560466126,0.1781700411811471,block1:s2,gated_rule_c,mixed,1785177878.24116,1785177878.2413387,1785177878.6555398,1785177879.3769689,,,
block1-000524,335.9307950595394,896.4275340549648,35,115.0,335.21509100683033,895.7118300022557,0.715704052709043,block1:s2,gated_rule_c,mixed,1785177878.3394465,1785177878.3401623,1785177878.6753871,1785177879.235885,,,
block1-000525,74.42605297546834,3818.8036968931556,165,15.0,73.61349707935005,3817.9911409970373,0.8125558961182833,block1:zero_tool,gated_rule_c,mixed,1785177878.389206,1785177878.3900185,1785177878.46364,1785177882.2080185,,,
block1-000526,102.44608169887215,1604.9389666877687,67,20.0,101.67066298890859,1604.1635479778051,0.7754187099635601,block1:s2,gated_rule_c,mixed,1785177878.475162,1785177878.4759376,1785177878.5776176,1785177880.0801105,,,
block1-000527,267.5578946946189,937.4046716839075,37,110.0,266.639431938529,936.4862089278176,0.9184627560898662,block1:s2,gated_rule_c,mixed,1785177878.7689354,1785177878.7698562,1785177879.0365613,1785177879.7064073,,,
block1-000528,473.16366678569466,1178.9062757743523,48,52.5,472.83813392277807,1178.5807429114357,0.3255328629165888,block1:s3,gated_rule_c,mixed,1785177878.8804817,1785177878.8808084,1785177879.3536618,1785177880.0594034,,,
block1-000529,97.59096859488636,3936.2588175572455,172,10.0,96.78004297893494,3935.447891941294,0.8109256159514189,block1:zero_tool,gated_rule_c,mixed,1785177878.8943393,1785177878.8951511,1785177878.9919488,1785177882.8306165,,,
block1-000530,80.33780776895583,3636.2578438129276,161,75.0,79.58641496952623,3635.506451013498,0.7513927994295955,block1:zero_tool,gated_rule_c,mixed,1785177878.9563875,1785177878.9571397,1785177879.0367382,1785177882.5926588,,,
block1-000531,469.46556330658495,1217.11489232257,48,20.0,468.8971230061725,1216.5464520221576,0.5684403004124761,block1:s3,gated_rule_c,mixed,1785177879.2166345,1785177879.217203,1785177879.68611,1785177880.433759,,,
block1-000532,108.95491461269557,4013.697797548957,176,322.5,107.52575006335974,4012.2686329996213,1.4291645493358374,block1:zero_tool,gated_rule_c,mixed,1785177879.2447603,1785177879.2461905,1785177879.3537288,1785177883.258472,,,
block1-000533,424.8098082607612,1219.9279272463173,48,320.0,424.1243120050058,1219.2424309905618,0.6854962557554245,block1:s3,gated_rule_c,mixed,1785177879.4029315,1785177879.4036179,1785177879.8277552,1785177880.622874,,,
block1-000534,533.8094340404496,1162.2413920704275,43,152.5,532.821949920617,1161.253907950595,0.9874841198325157,block1:s3,gated_rule_c,mixed,1785177879.7888846,1785177879.789873,1785177880.3227108,1785177880.951141,,,
block1-000535,524.6929755667225,1233.4679765626788,48,170.0,524.2989789694548,1233.0739799654111,0.3939965972676873,block1:s3,gated_rule_c,mixed,1785177880.0983818,1785177880.098776,1785177880.623084,1785177881.3318594,,,
block1-000536,58.38417308405042,4377.626603120007,194,115.0,57.55933898035437,4376.801769016311,0.8248341036960483,block1:zero_tool,gated_rule_c,mixed,1785177880.238329,1785177880.2391546,1785177880.2967243,1785177884.6159663,,,
block1-000537,497.8462492581457,1183.8881821604446,48,10.0,497.67848500050604,1183.720417902805,0.16776425763964653,block1:s4,gated_rule_c,mixed,1785177880.2673192,1785177880.2674873,1785177880.7651737,1785177881.451215,,,
block1-000538,509.33109933976084,1184.6234733238816,48,12.5,507.9672320280224,1183.2596060121432,1.3638673117384315,block1:s4,gated_rule_c,mixed,1785177880.4814377,1785177880.482804,1785177880.9907908,1785177881.6660838,,,
block1-000539,507.9224125947803,1182.4253376107663,48,115.0,507.6690219575539,1182.17194697354,0.25339063722640276,block1:s4,gated_rule_c,mixed,1785177880.5026042,1785177880.5028586,1785177881.010538,1785177881.685041,,,
block1-000540,436.080205719918,1107.342450763099,48,322.5,434.5818549627438,1105.8441000059247,1.4983507571741939,block1:s4,gated_rule_c,mixed,1785177880.7738376,1785177880.7753363,1785177881.2099292,1785177881.8811913,,,
block1-000541,74.0457015344873,2881.988829583861,128,17.5,72.81735492870212,2880.7604829780757,1.228346605785191,block1:zero_tool,gated_rule_c,mixed,1785177880.8773956,1785177880.8786244,1785177880.9514513,1785177883.7593951,,,
block1-000542,418.22923708241433,1089.7329280851409,48,20.0,416.2338658934459,1087.7375568961725,1.99537118896842,block1:s4,gated_rule_c,mixed,1785177881.4634302,1785177881.4654262,1785177881.8816745,1785177882.5531783,,,
block1-000543,417.35623171553016,1152.9564476804808,48,545.0,417.1627330360934,1152.762949001044,0.19349867943674326,block1:s4,gated_rule_c,mixed,1785177881.905047,1785177881.9052408,1785177882.3224144,1785177883.0580137,,,
block1-000544,72.06284103449434,4321.8258750857785,192,287.5,70.73176489211619,4320.4947989434,1.3310761423781514,block1:zero_tool,gated_rule_c,mixed,1785177882.3514006,1785177882.3527339,1785177882.4234805,1785177886.673243,,,
block1-000545,81.39464375562966,1607.166946749203,66,15.0,80.89512400329113,1606.6674269968644,0.49951975233852863,block1:s1,gated_rule_c,mixed,1785177882.4132588,1785177882.413759,1785177882.494667,1785177884.0204394,,,
block1-000546,386.58149307593703,1036.1273131566122,44,10.0,385.83476992789656,1035.3805900085717,0.7467231480404735,block1:s1,gated_rule_c,mixed,1785177882.4238887,1785177882.424636,1785177882.8104842,1785177883.460031,,,
block1-000547,78.21960106957704,1741.3128410698846,72,20.0,76.52509305626154,1739.618333056569,1.6945080133154988,block1:s1,gated_rule_c,mixed,1785177882.5842683,1785177882.5859628,1785177882.6624973,1785177884.3255904,,,
block1-000548,378.4241210669279,1100.3133250633255,42,282.5,377.85339006222785,1099.7425940586254,0.5707310047000647,block1:s1,gated_rule_c,mixed,1785177882.679101,1785177882.679672,1785177883.0575347,1785177883.779424,,,
block1-000549,123.4278401825577,1471.4718551840633,61,485.0,122.70569300744683,1470.7497080089524,0.7221471751108766,block1:s1,gated_rule_c,mixed,1785177882.9298759,1785177882.9305985,1785177883.053316,1785177884.401359,,,
block1-000550,91.53975616209209,4402.931584161706,195,20.0,90.97253996878862,4402.364367968403,0.5672161933034658,block1:zero_tool,gated_rule_c,mixed,1785177882.966371,1785177882.9669392,1785177883.0579238,1785177887.369316,,,
block1-000551,62.520895269699395,2661.3430003635585,121,17.5,61.46664696279913,2660.2887520566583,1.0542483069002628,block1:zero_tool,gated_rule_c,mixed,1785177883.196075,1785177883.19713,1785177883.2586088,1785177885.8574317,,,
block1-000552,389.55187413375825,972.0595651306212,38,12.5,388.9649360207841,971.472627017647,0.5869381129741669,block1:s2,gated_rule_c,mixed,1785177883.389648,1785177883.3902357,1785177883.779212,1785177884.3617198,,,
block1-000553,91.23045078013092,2096.0067107807845,92,550.0,90.44622001238167,2095.2224800130352,0.7842307677492499,block1:zero_tool,gated_rule_c,mixed,1785177883.4074435,1785177883.4082284,1785177883.4986916,1785177885.5034683,,,
block1-000554,414.0951803419739,934.4679643400013,37,75.0,413.55890105478466,933.9316850528121,0.5362792871892452,block1:s2,gated_rule_c,mixed,1785177883.5095363,1785177883.5100749,1785177883.9236634,1785177884.4440355,,,
block1-000555,386.6284630494192,1021.5935810701922,43,350.0,386.4897269522771,1021.4548449730501,0.13873609714210033,block1:s2,gated_rule_c,mixed,1785177883.5567908,1785177883.5569305,1785177883.9434314,1785177884.578397,,,
block1-000556,368.95860941149294,886.4629343152046,36,350.0,367.80901008751243,885.3133349912241,1.1495993239805102,block1:s2,gated_rule_c,mixed,1785177883.5745738,1785177883.5757253,1785177883.9435496,1785177884.4610543,,,
block1-000557,375.08657621219754,848.205280257389,38,15.0,374.0647879894823,847.1834920346737,1.0217882227152586,block1:s2,gated_rule_c,mixed,1785177883.845213,1785177883.8462348,1785177884.2203088,1785177884.6934264,,,
block1-000558,377.4842018028721,840.1385376928374,38,287.5,376.5887659974396,839.2431018874049,0.8954358054324985,block1:s2,gated_rule_c,mixed,1785177883.9479628,1785177883.9488583,1785177884.325457,1785177884.7881107,,,
block1-000559,56.78853939753026,8013.0698083667085,346,572.5,56.35778699070215,8012.63905595988,0.43075240682810545,block1:zero_tool,gated_rule_c,mixed,1785177884.2045074,1785177884.2049391,1785177884.261308,1785177892.217589,,,
block1-000560,424.85651723109186,1088.2281732046977,48,395.0,424.5141330175102,1087.885788991116,0.34238421358168125,block1:s3,gated_rule_c,mixed,1785177884.7879841,1785177884.7883267,1785177885.212848,1785177885.8762195,,,
block1-000561,60.23444142192602,3327.6489784475416,144,187.5,59.35706594027579,3326.7716029658914,0.8773754816502333,block1:zero_tool,gated_rule_c,mixed,1785177885.0945854,1785177885.0954635,1785177885.15483,1785177888.4222448,,,
block1-000562,54.21418114565313,4902.330795186572,207,412.5,53.587127942591906,4901.703741983511,0.627053203061223,block1:zero_tool,gated_rule_c,mixed,1785177885.1004753,1785177885.1011024,1785177885.1546955,1785177890.0028124,,,
block1-000563,276.31748805288225,978.0506320530549,41,92.5,275.2162559190765,976.9493999192491,1.1012321338057518,block1:s3,gated_rule_c,mixed,1785177885.3804936,1785177885.3815951,1785177885.6568208,1785177886.358554,,,
block1-000564,73.6750599462539,3161.937597906217,130,485.0,72.67895305994898,3160.941491019912,0.996106886304915,block1:zero_tool,gated_rule_c,mixed,1785177885.7052045,1785177885.7062016,1785177885.778891,1785177888.8671532,,,
block1-000565,454.8315635183826,1173.133118543774,43,280.0,453.17074097692966,1171.472296002321,1.6608225414529443,block1:s3,gated_rule_c,mixed,1785177886.137366,1785177886.139027,1785177886.5922062,1785177887.3105075,,,
block1-000566,643.1570248678327,1186.719031771645,43,75.0,642.3316560685635,1185.8936629723758,0.8253687992691994,block1:s3,gated_rule_c,mixed,1785177886.1453707,1785177886.1461961,1785177886.788541,1785177887.3321035,,,
block1-000567,358.8894804706797,1095.0083205243573,43,140.0,358.4012829232961,1094.5201229769737,0.48819754738360643,block1:s3,gated_rule_c,mixed,1785177886.3149774,1785177886.3154662,1785177886.6738765,1785177887.4099963,,,
block1-000568,112.4281301163137,3698.6078741028905,151,10.0,111.53928295243531,3697.719026939012,0.8888471638783813,block1:zero_tool,gated_rule_c,mixed,1785177886.520164,1785177886.5210536,1785177886.6326046,1785177890.2187848,,,
block1-000569,491.02724937256426,1185.482797329314,48,70.0,490.38591200951487,1184.8414599662647,0.6413373630493879,block1:s4,gated_rule_c,mixed,1785177886.5335765,1785177886.5342212,1785177887.0246322,1785177887.7190876,,,
block1-000570,106.19749967008829,3259.9351856624708,133,217.5,105.83054402377456,3259.568230016157,0.3669556463137269,block1:zero_tool,gated_rule_c,mixed,1785177886.6817381,1785177886.682105,1785177886.7879455,1785177889.9416833,,,
block1-000571,66.76555483136326,4529.823233839124,187,10.0,64.99120395164937,4528.048882959411,1.774350879713893,block1:zero_tool,gated_rule_c,mixed,1785177886.7248318,1785177886.726607,1785177886.7916098,1785177891.2546678,,,
block1-000572,465.3446365846321,1189.7595865884796,48,572.5,464.4185060169548,1188.8334560208023,0.926130567677319,block1:s4,gated_rule_c,mixed,1785177886.8258135,1785177886.8267398,1785177887.2911692,1785177888.015584,,,
block1-000573,71.5509750880301,4123.083059093915,170,135.0,69.98887390363961,4121.520957909524,1.5621011843904853,block1:zero_tool,gated_rule_c,mixed,1785177886.9590375,1785177886.9606006,1785177887.030601,1785177891.082133,,,
block1-000574,422.78055660426617,1220.5196956638247,48,105.0,422.26737493183464,1220.0065139913931,0.5131816724315286,block1:s4,gated_rule_c,mixed,1785177887.062183,1785177887.0626967,1785177887.484978,1785177888.2827165,,,
block1-000575,469.91137613076717,1320.8563281223178,48,85.0,469.2363030044362,1320.1812549959868,0.6750731263309717,block1:s4,gated_rule_c,mixed,1785177887.5895855,1785177887.5902615,1785177888.0595071,1785177888.9104517,,,
block1-000576,430.28390407562256,1178.8804220268503,43,217.5,428.6235619802028,1177.2200799314305,1.6603420954197645,block1:s1,gated_rule_c,mixed,1785177887.852145,1785177887.853806,1785177888.2824395,1785177889.0310364,,,
block1-000577,111.46775854285806,4125.045432476327,167,485.0,110.34348199609667,4123.921155929565,1.1242765467613935,block1:zero_tool,gated_rule_c,mixed,1785177887.90366,1785177887.9047852,1785177888.0151398,1785177892.0287173,,,
block1-000578,389.17689688969404,999.6901008998975,36,115.0,388.1131410598755,998.626345070079,1.0637558298185468,block1:s1,gated_rule_c,mixed,1785177887.910471,1785177887.9115362,1785177888.2996638,1785177888.9101775,,,
block1-000579,64.13752993103117,3364.1546638682485,136,412.5,63.82008397486061,3363.837217912078,0.31744595617055893,block1:zero_tool,gated_rule_c,mixed,1785177887.9540052,1785177887.9543238,1785177888.0181563,1785177891.3181741,,,
block1-000580,390.88507962878793,1165.9857495687902,42,50.0,390.21243096794933,1165.3131009079516,0.672648660838604,block1:s1,gated_rule_c,mixed,1785177888.0316303,1785177888.032303,1785177888.4225323,1785177889.1976333,,,
block1-000581,112.19087394420058,3457.573528867215,140,17.5,111.9314810493961,3457.3141359724104,0.2593928948044777,block1:zero_tool,gated_rule_c,mixed,1785177888.1647215,1785177888.1649814,1785177888.276921,1785177891.6223035,,,
block1-000582,70.50706865265965,1729.854466742836,69,60.0,70.27180201839656,1729.6192001085728,0.23526663426309824,block1:s1,gated_rule_c,mixed,1785177888.2121124,1785177888.212348,1785177888.2826266,1785177889.941974,,,
block1-000583,73.93410091754049,6443.85712093208,276,60.0,73.59329098835588,6443.516311002895,0.3408099291846156,block1:zero_tool,gated_rule_c,mixed,1785177888.4095511,1785177888.4098923,1785177888.483494,1785177894.8534186,,,
block1-000584,399.6450911508873,1118.9882811158895,40,155.0,397.5845780223608,1116.927767987363,2.060513128526509,block1:s2,gated_rule_c,mixed,1785177888.5915465,1785177888.5936077,1785177888.9912004,1785177889.7105436,,,
block1-000585,453.10970314312726,1008.1298161530867,38,15.0,452.42386299651116,1007.4439760064706,0.6858401466161013,block1:s2,gated_rule_c,mixed,1785177888.7022657,1785177888.7029521,1785177889.155385,1785177889.7104058,,,
block1-000586,427.1328510949388,1123.9911171142012,43,107.5,426.06641992460936,1122.9246859438717,1.0664311703294516,block1:s2,gated_rule_c,mixed,1785177888.7081478,1785177888.7092142,1785177889.1352875,1785177889.832146,,,
block1-000587,422.50725778285414,1139.9840088561177,43,22.5,421.27714096568525,1138.7538920389488,1.2301168171688914,block1:s2,gated_rule_c,mixed,1785177888.7323563,1785177888.733587,1785177889.154882,1785177889.8723588,,,
block1-000588,314.1309809871018,903.2617659540847,35,395.0,313.7885769829154,902.9193619498983,0.34240400418639183,block1:s2,gated_rule_c,mixed,1785177888.968748,1785177888.9690905,1785177889.282889,1785177889.8720195,,,
block1-000589,104.4088170165196,3391.0382259637117,142,115.0,103.68839302100241,3390.3178019681945,0.7204239955171943,block1:zero_tool,gated_rule_c,mixed,1785177888.9871764,1785177888.9878972,1785177889.0915937,1785177892.3782232,,,
block1-000590,97.1043014433235,1674.8342744540423,67,17.5,96.762755070813,1674.4927280815318,0.3415463725104928,block1:s2,gated_rule_c,mixed,1785177889.4300737,1785177889.4304156,1785177889.527188,1785177891.104918,,,
block1-000591,104.77425984572619,2780.9007338946685,116,17.5,104.13312201853842,2780.2595960674807,0.6411378271877766,block1:zero_tool,gated_rule_c,mixed,1785177889.49634,1785177889.4969816,1785177889.601123,1785177892.277249,,,
block1-000592,66.43038021866232,5526.135268271901,242,287.5,66.01639301516116,5525.7212810684,0.4139872035011649,block1:zero_tool,gated_rule_c,mixed,1785177889.5389287,1785177889.5393429,1785177889.605367,1785177895.065073,,,
block1-000593,106.35505709797144,3095.36228410434,128,60.0,105.57261202484369,3094.579839031212,0.7824450731277466,block1:zero_tool,gated_rule_c,mixed,1785177889.7653751,1785177889.7661579,1785177889.8717391,1785177892.8607464,,,
block1-000594,468.8920897897333,1264.457672717981,49,85.0,467.94837503694,1263.5139579651877,0.9437147527933121,block1:s3,gated_rule_c,mixed,1785177889.771677,1785177889.7726212,1785177890.2405784,1785177891.0361445,,,
block1-000595,76.54103124514222,11986.870830180123,539,15.0,75.83734998479486,11986.167148919776,0.7036812603473663,block1:zero_tool,gated_rule_c,mixed,1785177889.865264,1785177889.865968,1785177889.9418156,1785177901.8521461,,,
block1-000596,417.026930837892,1222.1830307971686,48,10.0,416.7624870315194,1221.918586990796,0.2644438063725829,block1:s3,gated_rule_c,mixed,1785177889.9242008,1785177889.9244654,1785177890.341236,1785177891.1463928,,,
block1-000597,469.0468686167151,1200.0657956814393,46,187.5,468.86348293628544,1199.8824100010097,0.18338568042963743,block1:s3,gated_rule_c,mixed,1785177890.2953746,1785177890.2955587,1785177890.7644353,1785177891.4954538,,,
block1-000598,554.072929895483,1128.0797398649156,43,155.0,553.479859023355,1127.4866689927876,0.5930708721280098,block1:s3,gated_rule_c,mixed,1785177890.408501,1785177890.4090946,1785177890.9625967,1785177891.5366027,,,
block1-000599,404.6864766860381,1157.0551267359406,43,12.5,404.3755680322647,1156.7442180821672,0.3109086537733674,block1:s3,gated_rule_c,mixed,1785177890.7836769,1785177890.783988,1785177891.188372,1785177891.9407406,,,
block1-000600,69.56949864979833,4305.463429656811,193,10.0,68.93475202377886,4304.828683030792,0.6347466260194778,block1:zero_tool,gated_rule_c,mixed,1785177890.9018621,1785177890.9024973,1785177890.9714417,1785177895.2073352,,,
block1-000601,79.44916165433824,3600.1644687494263,158,60.0,78.39447795413435,3599.1097850492224,1.0546837002038956,block1:zero_tool,gated_rule_c,mixed,1785177891.0020041,1785177891.0030596,1785177891.0814638,1785177894.60218,,,
block1-000602,102.38870605826378,3580.8987740892917,158,15.0,101.32907202932984,3579.8391400603577,1.0596340289339423,block1:zero_tool,gated_rule_c,mixed,1785177891.0862863,1785177891.087346,1785177891.188682,1785177894.6671922,,,
block1-000603,89.89717322401702,3987.5122032826766,178,15.0,89.37809499911964,3986.9931250577793,0.5190782248973846,block1:zero_tool,gated_rule_c,mixed,1785177891.102639,1785177891.10316,1785177891.1925507,1785177895.0901656,,,
block1-000604,61.62890046834946,2950.291753397323,130,15.0,60.93066302128136,2949.593515950255,0.6982374470680952,block1:zero_tool,gated_rule_c,mixed,1785177891.3017414,1785177891.3024397,1785177891.3633788,1785177894.2520416,,,
block1-000605,486.5369986509904,1237.5501036876813,48,22.5,485.72234401945025,1236.735449056141,0.8146546315401793,block1:s4,gated_rule_c,mixed,1785177891.4110656,1785177891.4118803,1785177891.8976114,1785177892.6486244,,,
block1-000606,113.91502420883626,3725.268672220409,167,60.0,113.43562800902873,3724.7892760206014,0.4793961998075247,block1:zero_tool,gated_rule_c,mixed,1785177891.4231808,1785177891.4236603,1785177891.5371032,1785177895.1484573,,,
block1-000607,99.48303108103573,3770.144020090811,170,20.0,99.27803301252425,3769.9390220222995,0.20499806851148605,block1:zero_tool,gated_rule_c,mixed,1785177891.4375658,1785177891.437771,1785177891.537055,1785177895.207716,,,
block1-000608,341.826792457141,1066.641854471527,43,25.0,341.2932939827442,1066.1083559971303,0.5334984743967652,block1:s1,gated_rule_c,mixed,1785177891.6229613,1785177891.6234946,1785177891.964795,1785177892.6896102,,,
block1-000609,71.17136963643134,4246.604508603923,193,47.5,70.90319006238133,4246.336329029873,0.26817957405000925,block1:zero_tool,gated_rule_c,mixed,1785177891.8736365,1785177891.8739052,1785177891.9448178,1785177896.1202512,,,
block1-000610,429.68740162905306,1073.4670636011288,44,10.0,429.45790593512356,1073.2375679071993,0.22949569392949343,block1:s1,gated_rule_c,mixed,1785177892.3494234,1785177892.3496532,1785177892.7791193,1785177893.4228997,,,
block1-000611,148.26954901218414,1672.1395830390975,73,15.0,148.0562969809398,1671.9263310078532,0.21325203124433756,block1:s1,gated_rule_c,mixed,1785177892.3683827,1785177892.3685966,1785177892.51666,1785177894.0405295,,,
block1-000612,379.65236615855247,1023.4687781194225,42,17.5,378.63757100421935,1022.4539829650894,1.0147951543331146,block1:s1,gated_rule_c,mixed,1785177892.4196,1785177892.420615,1785177892.7992592,1785177893.4430747,,,
block1-000613,87.92730455752462,1388.7171326205134,63,47.5,87.2992150252685,1388.0890430882573,0.6280895322561264,block1:s1,gated_rule_c,mixed,1785177892.6114812,1785177892.6121097,1785177892.6994174,1785177894.0002074,,,
block1-000614,320.34145609941334,959.037478081882,43,117.5,319.430305971764,958.1263279542327,0.9111501276493073,block1:s1,gated_rule_c,mixed,1785177892.8599038,1785177892.8608148,1785177893.1802528,1785177893.8189492,,,
block1-000615,75.17825230024755,4120.005546254106,191,15.0,73.81037808954716,4118.6376720434055,1.3678742107003927,block1:zero_tool,gated_rule_c,mixed,1785177893.0220742,1785177893.0234427,1785177893.097262,1785177897.142089,,,
block1-000616,280.30085552018136,837.0953105622903,38,170.0,280.09190794546157,836.8863629875705,0.20894757471978664,block1:s2,gated_rule_c,mixed,1785177893.1828575,1785177893.1830666,1785177893.463167,1785177894.019961,,,
block1-000617,75.78303094487637,6996.12841499038,320,12.5,74.14880802389234,6994.494192069396,1.6342229209840298,block1:zero_tool,gated_rule_c,mixed,1785177893.5121586,1785177893.5137935,1785177893.587951,1785177900.5082963,,,
block1-000618,367.6861268468201,855.7089489186183,37,280.0,366.849428974092,854.8722510458902,0.8366978727281094,block1:s2,gated_rule_c,mixed,1785177894.1541612,1785177894.1549985,1785177894.521857,1785177895.0098798,,,
block1-000619,105.67844763863832,1529.6172886155546,69,297.5,105.21829803474247,1529.1571390116587,0.46014960389584303,block1:s2,gated_rule_c,mixed,1785177894.3370063,1785177894.337467,1785177894.4426944,1785177895.8666337,,,
block1-000620,64.29574405774474,8268.833604990505,366,17.5,63.64398100413382,8268.181841936894,0.6517630536109209,block1:zero_tool,gated_rule_c,mixed,1785177894.5827112,1785177894.583363,1785177894.6470156,1785177902.8515542,,,
block1-000621,272.6029050536454,937.3196490341797,41,357.5,272.1071869600564,936.8239309405908,0.49571809358894825,block1:s2,gated_rule_c,mixed,1785177894.6961365,1785177894.6966324,1785177894.9687476,1785177895.633464,,,
block1-000622,72.78322824276984,3694.918112247251,165,177.5,71.85607799328864,3693.99096199777,0.9271502494812012,block1:zero_tool,gated_rule_c,mixed,1785177894.9969084,1785177894.9978359,1785177895.069709,1785177898.6918437,,,
block1-000623,260.6475722277537,767.3364442307502,31,12.5,259.59725899156183,766.2861309945583,1.0503132361918688,block1:s2,gated_rule_c,mixed,1785177895.314023,1785177895.3150735,1785177895.574681,1785177896.0813699,,,
block1-000624,81.03033667430282,3496.6481106821448,156,17.5,80.1703849574551,3495.788158965297,0.8599517168477178,block1:zero_tool,gated_rule_c,mixed,1785177895.3803627,1785177895.3812234,1785177895.4614027,1785177898.8770206,,,
block1-000625,407.8449726803228,1066.1459546536207,48,50.0,407.6797029701993,1065.9806849434972,0.16526971012353897,block1:s3,gated_rule_c,mixed,1785177895.4391077,1785177895.4392734,1785177895.846963,1785177896.505264,,,
block1-000626,382.6241360511631,944.0625270362943,41,412.5,381.6712689585984,943.1096599437296,0.952867092564702,block1:s3,gated_rule_c,mixed,1785177895.8903022,1785177895.8912559,1785177896.272937,1785177896.8343754,,,
block1-000627,87.20139367505908,4151.037868694402,188,485.0,85.60878201387823,4149.445257033221,1.5926116611808538,block1:zero_tool,gated_rule_c,mixed,1785177895.954174,1785177895.9557674,1785177896.0413854,1785177900.105222,,,
block1-000628,56.39915564097464,3680.15004764311,165,280.0,55.62958098016679,3679.3804729823023,0.769574660807848,block1:zero_tool,gated_rule_c,mixed,1785177896.5460854,1785177896.5468554,1785177896.6024938,1785177900.2262452,,,
block1-000629,392.0445936964825,1021.0491276811808,43,15.0,391.7187249753624,1020.7232589600608,0.3258687211200595,block1:s3,gated_rule_c,mixed,1785177896.7101583,1785177896.7104845,1785177897.1022124,1785177897.7312167,,,
block1-000630,471.5575771406293,1170.8854380995035,49,95.0,471.04674705769867,1170.374608016573,0.5108300829306245,block1:s3,gated_rule_c,mixed,1785177896.861734,1785177896.862245,1785177897.3332999,1785177898.0326283,,,
block1-000631,421.68267408851534,1146.015594014898,48,10.0,421.545812045224,1145.8787319716066,0.13686204329133034,block1:s3,gated_rule_c,mixed,1785177897.3492994,1785177897.3494365,1785177897.7709918,1785177898.495325,,,
block1-000632,65.8408353338018,3202.6651113992557,143,17.5,65.31862798146904,3202.142904046923,0.5222073523327708,block1:zero_tool,gated_rule_c,mixed,1785177897.5055323,1785177897.5060549,1785177897.5713832,1785177900.7082074,,,
block1-000633,66.04456959757954,4498.6499776132405,195,820.0,65.81695796921849,4498.422365984879,0.22761162836104631,block1:zero_tool,gated_rule_c,mixed,1785177897.6650016,1785177897.66523,1785177897.7310565,1785177902.1636622,,,
block1-000634,474.86982797272503,1225.51347699482,48,15.0,474.71295297145844,1225.3566019935533,0.1568750012665987,block1:s4,gated_rule_c,mixed,1785177897.7494006,1785177897.7495577,1785177898.2242796,1785177898.9749224,,,
block1-000635,57.291293633170426,3120.0812376337126,139,117.5,56.23516102787107,3119.0251050284132,1.0561326052993536,block1:zero_tool,gated_rule_c,mixed,1785177897.871674,1785177897.872731,1785177897.9289765,1785177900.991766,,,
block1-000636,450.2094346098602,1179.045400582254,48,17.5,449.2907300591469,1178.1266960315406,0.9187045507133007,block1:s4,gated_rule_c,mixed,1785177897.9362109,1785177897.9371297,1785177898.38644,1785177899.1152768,,,
block1-000637,77.58289948105812,3019.160544499755,135,280.0,76.89544407185167,3018.4730890905485,0.68745540920645,block1:zero_tool,gated_rule_c,mixed,1785177898.3121972,1785177898.3128853,1785177898.3897913,1785177901.3313687,,,
block1-000638,490.73719000443816,1184.2794929398224,48,172.5,490.3814559802413,1183.9237589156255,0.3557340241968632,block1:s4,gated_rule_c,mixed,1785177898.4435732,1785177898.4439297,1785177898.9343224,1785177899.6278644,,,
block1-000639,490.4915997758508,1183.7264827918261,48,155.0,489.858265966177,1183.0931489821523,0.6333338096737862,block1:s4,gated_rule_c,mixed,1785177898.4439154,1785177898.4445488,1785177898.9344122,1785177899.6276474,,,
block1-000640,340.77438758686185,957.4636876350269,43,115.0,340.3357060160488,957.0250060642138,0.4386815708130598,block1:s1,gated_rule_c,mixed,1785177898.5741684,1785177898.5746076,1785177898.9149516,1785177899.5316412,,,
block1-000641,67.38075974863023,4532.423359691165,192,15.0,66.29842799156904,4531.341027934104,1.0823317570611835,block1:zero_tool,gated_rule_c,mixed,1785177898.6878965,1785177898.6889791,1785177898.7552865,1785177903.2203293,,,
block1-000642,325.4126157844439,982.3908407706767,43,177.5,325.06807905156165,982.0463040377945,0.3445367328822613,block1:s1,gated_rule_c,mixed,1785177899.1034153,1785177899.1037607,1785177899.4288404,1785177900.0858183,,,
block1-000643,62.6552066532895,2693.981624674052,121,395.0,61.95602903608233,2693.282447056845,0.6991776172071695,block1:zero_tool,gated_rule_c,mixed,1785177899.2002609,1785177899.2009604,1785177899.2629278,1785177901.8942537,,,
block1-000644,79.44623741786927,3049.197029438801,127,60.0,79.13603296037763,3048.8868249813095,0.3102044574916363,block1:zero_tool,gated_rule_c,mixed,1785177899.3495803,1785177899.3498912,1785177899.4290397,1785177902.3987908,,,
block1-000645,116.85888201463968,1461.748645058833,63,170.0,116.62640993017703,1461.5161729743704,0.23247208446264267,block1:s1,gated_rule_c,mixed,1785177899.5109386,1785177899.5111716,1785177899.6278086,1785177900.9726987,,,
block1-000646,78.7365606520325,4185.028665699065,177,820.0,78.3808339620009,4184.672939009033,0.3557266900315881,block1:zero_tool,gated_rule_c,mixed,1785177899.5537581,1785177899.5541146,1785177899.632507,1785177903.7387993,,,
block1-000647,239.30169770028442,720.5575907137245,31,187.5,238.61517803743482,719.8710710508749,0.6865196628496051,block1:s1,gated_rule_c,mixed,1785177899.653615,1785177899.6543016,1785177899.892926,1785177900.3741817,,,
block1-000648,89.39278114121407,3600.7014841306955,147,572.5,87.97290991060436,3599.2816129000857,1.419871230609715,block1:zero_tool,gated_rule_c,mixed,1785177899.6792457,1785177899.680666,1785177899.7686486,1785177903.279957,,,
block1-000649,60.506403795443475,3097.473257803358,125,132.5,60.228200047276914,3097.1950540551916,0.2782037481665611,block1:zero_tool,gated_rule_c,mixed,1785177899.8990178,1785177899.8992963,1785177899.9595342,1785177902.9965017,,,
block1-000650,72.80507998075336,9269.17228102684,400,15.0,72.10300397127867,9268.470205017366,0.7020760094746947,block1:zero_tool,gated_rule_c,mixed,1785177900.2407482,1785177900.2414508,1785177900.3135622,1785177909.5099292,,,
block1-000651,91.79088624659926,1667.2129962826148,69,10.0,90.83100804127753,1666.253118077293,0.9598782053217292,block1:s2,gated_rule_c,mixed,1785177900.397583,1785177900.3985431,1785177900.4893825,1785177902.064804,,,
block1-000652,331.59384899772704,851.9080430269241,36,132.5,331.3802130287513,851.6944070579484,0.2136359689757228,block1:s2,gated_rule_c,mixed,1785177900.739414,1785177900.739628,1785177901.071018,1785177901.5913324,,,
block1-000653,442.1649764990434,1200.7116854656488,49,550.0,441.29261292982846,1199.8393218964338,0.8723635692149401,block1:s2,gated_rule_c,mixed,1785177900.8283827,1785177900.8292556,1785177901.2705615,1785177902.0291085,,,
block1-000654,73.2509809313342,10147.336705005728,442,52.5,72.22078496124595,10146.30650903564,1.0301959700882435,block1:zero_tool,gated_rule_c,mixed,1785177900.8361611,1785177900.8371913,1785177900.9094245,1785177910.98351,,,
block1-000655,397.725262446329,1182.0676773786545,37,15.0,397.12287799920887,1181.4652929315343,0.6023844471201301,block1:s2,gated_rule_c,mixed,1785177901.4549334,1785177901.4555364,1785177901.8526688,1785177902.6370115,,,
block1-000656,535.0960885407403,1466.9668375281617,48,357.5,534.6115989377722,1466.4823479251936,0.48448960296809673,block1:s3,gated_rule_c,mixed,1785177901.5298269,1785177901.5303116,1785177902.0649316,1785177902.9968026,,,
block1-000657,69.02916717808694,3085.29349823948,128,12.5,67.50771694350988,3083.772048004903,1.5214502345770597,block1:zero_tool,gated_rule_c,mixed,1785177901.6404,1785177901.6419215,1785177901.7094386,1785177904.725703,,,
block1-000658,697.7334911935031,1445.3829751582816,48,17.5,696.8921370571479,1444.5416210219264,0.8413541363552213,block1:s3,gated_rule_c,mixed,1785177901.8344061,1785177901.8352482,1785177902.5321524,1785177903.2798018,,,
block1-000659,433.5711570456624,1309.4606150407344,41,155.0,432.8709930414334,1308.7604510365054,0.7001640042290092,block1:s3,gated_rule_c,mixed,1785177901.8494706,1785177901.850173,1785177902.2830617,1785177903.1589503,,,
block1-000660,483.10707113705575,1241.4005221799016,41,15.0,482.1578449336812,1240.451295976527,0.9492262033745646,block1:s3,gated_rule_c,mixed,1785177901.959487,1785177901.9604392,1785177902.4426193,1785177903.2009132,,,
block1-000661,586.8193964706734,1325.913843465969,48,572.5,586.2143249250948,1325.3087719203904,0.6050715455785394,block1:s3,gated_rule_c,mixed,1785177902.0705733,1785177902.0711799,1785177902.6574109,1785177903.396505,,,
block1-000662,610.1310611702502,1181.570878252387,43,20.0,609.677757951431,1181.1175750335678,0.453303218819201,block1:s3,gated_rule_c,mixed,1785177902.1946075,1785177902.1950626,1785177902.8047566,1785177903.3761961,,,
block1-000663,431.00731482263654,1169.4737619254738,43,10.0,430.55407190695405,1169.0205190097913,0.45324291568249464,block1:s3,gated_rule_c,mixed,1785177902.2267551,1785177902.2272089,1785177902.6577728,1785177903.3962393,,,
block1-000664,492.5676048733294,1214.8322858847678,48,17.5,491.8049300322309,1214.0696110436693,0.7626748410984874,block1:s4,gated_rule_c,mixed,1785177902.3359203,1785177902.3366854,1785177902.82851,1785177903.5507743,,,
block1-000665,476.8171946052462,1193.8050675671548,48,550.0,476.3422260293737,1193.3300989912823,0.47496857587248087,block1:s4,gated_rule_c,mixed,1785177902.3749993,1785177902.3754766,1785177902.8518314,1785177903.5688198,,,
block1-000666,481.7857635207474,1128.8518625078723,48,15.0,480.7187010301277,1127.7848000172526,1.067062490619719,block1:s4,gated_rule_c,mixed,1785177902.7982695,1785177902.799339,1785177903.2800756,1785177903.9271424,,,
block1-000667,441.0247217165306,1086.7701907409355,48,10.0,439.9255260359496,1085.6709950603545,1.0991956805810332,block1:s4,gated_rule_c,mixed,1785177902.9153407,1785177902.916442,1785177903.356387,1785177904.0021315,,,
block1-000668,116.56219186261296,2846.7017948860303,131,15.0,116.14449589978904,2846.2840989232063,0.4176959628239274,block1:zero_tool,gated_rule_c,mixed,1785177902.9170241,1785177902.9174418,1785177903.0335925,1785177905.7637322,,,
block1-000669,443.2853483594954,1159.496336360462,49,412.5,442.24088196642697,1158.4518699673936,1.0444663930684328,block1:s4,gated_rule_c,mixed,1785177903.8038993,1785177903.804944,1785177904.2471933,1785177904.9634042,,,
block1-000670,472.7771293837577,1165.1485534384847,48,52.5,471.68068098835647,1164.0521050430834,1.0964483954012394,block1:s4,gated_rule_c,mixed,1785177904.0946488,1785177904.0957456,1785177904.5674343,1785177905.259806,,,
block1-000671,444.40301263239235,1124.144401634112,48,92.5,443.7308710766956,1123.4722600784153,0.6721415556967258,block1:s4,gated_rule_c,mixed,1785177904.2175608,1785177904.2182336,1785177904.6619737,1785177905.341715,,,
block1-000672,58.70325374417007,2503.903401782736,117,412.5,57.63535900041461,2502.8355070389807,1.0678947437554598,block1:zero_tool,gated_rule_c,mixed,1785177904.3642943,1785177904.3653624,1785177904.423007,1785177906.8682072,,,
block1-000673,73.74624127987772,1270.2842402504757,58,550.0,72.68498302437365,1269.2229819949716,1.0612582555040717,block1:s1,gated_rule_c,mixed,1785177904.4936378,1785177904.4946995,1785177904.5673957,1785177905.7639332,,,
block1-000674,305.87478214874864,970.5166951753199,43,297.5,304.6091840369627,969.251097063534,1.2655981117859483,block1:s1,gated_rule_c,mixed,1785177904.5940893,1785177904.5953548,1785177904.8999734,1785177905.5646162,,,
block1-000675,371.3719032239169,855.3216651780531,37,117.5,370.2708270866424,854.2205890407786,1.1010761372745037,block1:s1,gated_rule_c,mixed,1785177904.8885264,1785177904.8896286,1785177905.2599115,1785177905.743862,,,
block1-000676,351.85185342561454,831.7744974046946,36,550.0,351.50313295889646,831.4257769379765,0.34872046671807766,block1:s1,gated_rule_c,mixed,1785177905.0088718,1785177905.0092208,1785177905.3607342,1785177905.840656,,,
block1-000677,81.37572568375617,6635.136070661247,293,15.0,80.81010903697461,6634.570454014465,0.5656166467815638,block1:zero_tool,gated_rule_c,mixed,1785177905.158483,1785177905.1590536,1785177905.2399044,1785177911.7936652,,,
block1-000678,55.81353302113712,6269.516931963153,280,322.5,54.989748052321374,6268.693146994337,0.8237849688157439,block1:zero_tool,gated_rule_c,mixed,1785177905.2652533,1785177905.2660773,1785177905.3212795,1785177911.5349839,,,
block1-000679,59.16432989761233,8254.77653881535,372,17.5,58.43795707914978,8254.050165996887,0.7263728184625506,block1:zero_tool,gated_rule_c,mixed,1785177905.3433943,1785177905.344123,1785177905.4025812,1785177913.5981944,,,
block1-000680,246.57690641470253,779.5295673422515,34,15.0,245.6773449666798,778.6300058942288,0.8995614480227232,block1:s2,gated_rule_c,mixed,1785177905.4573555,1785177905.4582562,1785177905.7040591,1785177906.2370117,,,
block1-000681,60.529407346621156,6227.656481321901,274,15.0,59.875347069464624,6227.002421044745,0.6540602771565318,block1:zero_tool,gated_rule_c,mixed,1785177905.586318,1785177905.5869725,1785177905.6468587,1785177911.8139856,,,
block1-000682,351.72617505304515,849.3878180161119,36,117.5,351.43615200649947,849.0977949695662,0.29002304654568434,block1:s2,gated_rule_c,mixed,1785177905.807801,1785177905.8080919,1785177906.15954,1785177906.6572006,,,
block1-000683,93.01221463829279,1711.3764686509967,74,47.5,92.32520405203104,1710.689458064735,0.6870105862617493,block1:s2,gated_rule_c,mixed,1785177905.9308236,1785177905.9315119,1785177906.0238488,1785177907.6422133,,,
block1-000684,304.65956300031394,898.9310750039294,36,395.0,303.3359689870849,897.6074809907004,1.3235940132290125,block1:s2,gated_rule_c,mixed,1785177906.4667783,1785177906.4681056,1785177906.771473,1785177907.365745,,,
block1-000685,368.36670176126063,1120.5775177804753,44,152.5,366.533703985624,1118.7445200048387,1.8329977756366134,block1:s2,gated_rule_c,mixed,1785177906.861087,1785177906.8629224,1785177907.2294753,1785177907.981686,,,
block1-000686,387.34385347925127,996.2754675652832,38,485.0,386.64015498943627,995.5717690754682,0.7036984898149967,block1:s2,gated_rule_c,mixed,1785177906.8821962,1785177906.8829002,1785177907.2695498,1785177907.8784814,,,
block1-000687,90.86817235220224,3195.615934324451,130,145.0,90.47640406060964,3195.224166032858,0.39176829159259796,block1:zero_tool,gated_rule_c,mixed,1785177906.8970776,1785177906.89747,1785177906.987958,1785177910.0927057,,,
block1-000688,76.25116384588182,3478.5922068404034,145,280.0,75.91691904235631,3478.257962036878,0.33424480352550745,block1:zero_tool,gated_rule_c,mixed,1785177907.031784,1785177907.0321183,1785177907.108046,1785177910.5103865,,,
block1-000689,360.72230560239404,1124.0858156234026,39,105.0,358.94594504497945,1122.309455065988,1.7763605574145913,block1:s3,gated_rule_c,mixed,1785177907.1786704,1785177907.1804473,1785177907.5394044,1785177908.3027673,,,
block1-000690,483.4971610689536,1297.6873990846798,48,12.5,483.1121750175953,1297.3024130333215,0.38498605135828257,block1:s3,gated_rule_c,mixed,1785177907.2150776,1785177907.2154644,1785177907.6985917,1785177908.5127814,,,
block1-000691,439.14461601525545,1256.283761933446,48,320.0,438.4004030143842,1255.5395489325747,0.7442130008712411,block1:s3,gated_rule_c,mixed,1785177907.2988086,1785177907.299556,1785177907.7379928,1785177908.555132,,,
block1-000692,73.20154225453734,3066.2135313032195,130,307.5,71.90545101184398,3064.917440060526,1.2960912426933646,block1:zero_tool,gated_rule_c,mixed,1785177907.4068658,1785177907.4081645,1785177907.480091,1785177910.4731026,,,
block1-000693,557.1186766028404,1295.3748835716397,48,17.5,556.3128930516541,1294.5691000204533,0.8057835511863232,block1:s3,gated_rule_c,mixed,1785177907.7249274,1785177907.7257333,1785177908.282056,1785177909.020313,,,
block1-000694,589.5254334900528,1285.768145462498,49,545.0,589.1457690158859,1285.3884809883311,0.3796644741669297,block1:s3,gated_rule_c,mixed,1785177907.9233186,1785177907.9236984,1785177908.5128527,1785177909.209096,,,
block1-000695,92.19350898638368,2976.219729986042,128,545.0,90.46377299819142,2974.4899939978495,1.7297359881922603,block1:zero_tool,gated_rule_c,mixed,1785177908.0073967,1785177908.0091267,1785177908.0995996,1785177910.9836257,,,
block1-000696,481.75139364320785,1222.1689176512882,48,92.5,481.06276197358966,1221.48028598167,0.6886316696181893,block1:s4,gated_rule_c,mixed,1785177908.0522301,1785177908.0529194,1785177908.5339923,1785177909.2744098,,,
block1-000697,466.22998057864606,1204.4255555374548,48,15.0,466.08063799794763,1204.2762129567564,0.14934258069843054,block1:s4,gated_rule_c,mixed,1785177908.0881014,1785177908.0882506,1785177908.5543394,1785177909.292535,,,
block1-000698,119.15720032993704,2946.912103332579,130,47.5,118.83772106375545,2946.5926240663975,0.3194792661815882,block1:zero_tool,gated_rule_c,mixed,1785177908.15346,1785177908.15378,1785177908.272627,1785177911.1003816,,,
block1-000699,86.59597218502313,3122.0282041467726,140,15.0,85.9905049437657,3121.422736905515,0.6054672412574291,block1:zero_tool,gated_rule_c,mixed,1785177908.195377,1785177908.1959836,1785177908.2819862,1785177911.317419,,,
block1-000700,490.7049153698608,1212.8124233568087,48,217.5,489.6003279136494,1211.7078359005973,1.1045874562114477,block1:s4,gated_rule_c,mixed,1785177908.632606,1785177908.633711,1785177909.1233184,1785177909.845426,,,
block1-000701,487.17579047661275,1228.584119467996,48,322.5,486.7536569945514,1228.1619859859347,0.4221334820613265,block1:s4,gated_rule_c,mixed,1785177908.8802798,1785177908.8807027,1785177909.3674679,1785177910.108876,,,
block1-000702,476.18716314900666,1194.7883791290224,48,105.0,475.44432105496526,1194.045537034981,0.7428420940414071,block1:s4,gated_rule_c,mixed,1785177909.2309892,1785177909.231733,1785177909.7071881,1785177910.4257894,,,
block1-000703,449.3818712653592,1146.7221443308517,48,132.5,449.2106919642538,1146.5509650297463,0.17117930110543966,block1:s4,gated_rule_c,mixed,1785177909.465939,1785177909.466111,1785177909.9153314,1785177910.612671,,,
block1-000704,110.447570332326,3430.3896363126114,156,20.0,110.13388400897384,3430.0759499892592,0.31368632335215807,block1:zero_tool,gated_rule_c,mixed,1785177909.4967582,1785177909.4970725,1785177909.6072154,1785177912.9271572,,,
block1-000705,381.20849523693323,995.8572032628581,43,280.0,380.8330890024081,995.481797028333,0.3754062345251441,block1:s1,gated_rule_c,mixed,1785177909.805022,1785177909.8053977,1785177910.1862402,1785177910.8008885,,,
block1-000706,384.6696262480691,1001.3600932434201,43,485.0,383.629237068817,1000.319704064168,1.040389179252088,block1:s1,gated_rule_c,mixed,1785177909.9622467,1785177909.9632874,1785177910.3469255,1785177910.9636157,,,
block1-000707,72.11172359529883,7956.158652668819,339,105.0,71.39652001205832,7955.443449085578,0.715203583240509,block1:zero_tool,gated_rule_c,mixed,1785177910.3574228,1785177910.358138,1785177910.4295423,1785177918.3135896,,,
block1-000708,296.95652052760124,912.4478354351595,42,177.5,296.6197830392048,912.111097946763,0.3367374883964658,block1:s1,gated_rule_c,mixed,1785177910.48299,1785177910.4833267,1785177910.7799609,1785177911.395453,,,
block1-000709,82.64354604762048,1460.0396500900388,65,50.0,80.86310501676053,1458.2592090591788,1.7804410308599472,block1:s1,gated_rule_c,mixed,1785177910.6393392,1785177910.6411197,1785177910.7219892,1785177912.0993853,,,
block1-000710,66.75772636663169,7087.438498274423,300,15.0,66.55752204824239,7087.238293956034,0.20020431838929653,block1:zero_tool,gated_rule_c,mixed,1785177910.8162618,1785177910.816462,1785177910.8830266,1785177917.9037075,,,
block1-000711,72.79356406070292,3627.019983017817,157,17.5,72.62085808906704,3626.8472770461813,0.17270597163587809,block1:zero_tool,gated_rule_c,mixed,1785177911.1074238,1785177911.1075966,1785177911.1802242,1785177914.7344513,,,
block1-000712,57.15881381183863,3527.836454799399,151,95.0,56.2212560325861,3526.8988970201463,0.9375577792525291,block1:zero_tool,gated_rule_c,mixed,1785177911.3411317,1785177911.3420706,1785177911.3983037,1785177914.868981,,,
block1-000713,349.7186357853934,1004.6445988118649,40,107.5,349.3188479915261,1004.2448110179976,0.39978779386729,block1:s2,gated_rule_c,mixed,1785177911.5009236,1785177911.5013242,1785177911.8506522,1785177912.505578,,,
block1-000714,353.26868714764714,858.4167241351679,36,172.5,352.772256010212,857.9202929977328,0.4964311374351382,block1:s2,gated_rule_c,mixed,1785177911.6860638,1785177911.6865613,1785177912.0393443,1785177912.544492,,,
block1-000715,363.73224726412445,950.2356483135372,43,152.5,363.5613399092108,950.0647409586236,0.17090735491365194,block1:s2,gated_rule_c,mixed,1785177911.8844116,1785177911.8845823,1785177912.2481527,1785177912.834656,,,
block1-000716,312.75786680635065,811.606616829522,36,140.0,312.5237909844145,811.3725410075858,0.23407582193613052,block1:s2,gated_rule_c,mixed,1785177912.1154099,1785177912.115644,1785177912.4281738,1785177912.9270232,,,
block1-000717,64.36756474431604,2092.216495773755,93,105.0,64.22661093529314,2092.075541964732,0.14095380902290344,block1:zero_tool,gated_rule_c,mixed,1785177912.3635886,1785177912.3637297,1785177912.4279647,1785177914.4558136,,,
block1-000718,350.9219199186191,881.435060990043,38,282.5,350.1038149697706,880.6169560411945,0.818104948848486,block1:s2,gated_rule_c,mixed,1785177912.8220963,1785177912.8229146,1785177913.1730273,1785177913.7035403,,,
block1-000719,96.43568692263216,4060.724754934199,167,17.5,95.95890808850527,4060.2479761000723,0.4767788341268897,block1:zero_tool,gated_rule_c,mixed,1785177912.8494656,1785177912.8499424,1785177912.9459157,1785177916.910205,,,
block1-000720,321.6560846194625,1019.3266165442765,38,135.0,320.8553260192275,1018.5258579440415,0.8007586002349854,block1:s3,gated_rule_c,mixed,1785177913.514843,1785177913.515644,1785177913.836507,1785177914.5341775,,,
block1-000721,505.0626782467589,1362.0514072244987,48,95.0,503.970343968831,1360.9590729465708,1.0923342779278755,block1:s3,gated_rule_c,mixed,1785177913.5622668,1785177913.5633595,1785177914.0673387,1785177914.9243271,,,
block1-000722,415.65345344133675,1174.8457665089518,41,15.0,414.76057295221835,1173.9528860198334,0.8928804891183972,block1:s3,gated_rule_c,mixed,1785177913.7109199,1785177913.711813,1785177914.1265807,1785177914.8857727,,,
block1-000723,452.6114439358935,1349.9014329863712,48,820.0,452.1606349153444,1349.4506239658222,0.4508090205490589,block1:s3,gated_rule_c,mixed,1785177913.826854,1785177913.8273056,1785177914.2794847,1785177915.1767752,,,
block1-000724,362.32815322000533,1201.6197172924876,41,117.5,361.99195496737957,1201.2835190398619,0.3361982526257634,block1:s3,gated_rule_c,mixed,1785177914.1324081,1785177914.1327446,1785177914.4947445,1785177915.334036,,,
block1-000725,526.124048163183,1254.2509911581874,43,282.5,525.6752700079232,1253.8022130029276,0.44877815525978804,block1:s3,gated_rule_c,mixed,1785177914.3187792,1785177914.319228,1785177914.8449116,1785177915.573039,,,
block1-000726,106.53583507519215,5144.086016109213,211,357.5,105.62103299889714,5143.171214032918,0.9148020762950182,block1:zero_tool,gated_rule_c,mixed,1785177914.5021574,1785177914.5030725,1785177914.6087046,1785177919.6462548,,,
block1-000727,540.4115670826286,1313.0277590826154,48,282.5,540.1007230393589,1312.7169150393456,0.31084404326975346,block1:s3,gated_rule_c,mixed,1785177914.508485,1785177914.5087962,1785177915.0489032,1785177915.8215199,,,
block1-000728,545.666194637306,1300.9873746195808,48,92.5,545.1132110320032,1300.434391014278,0.5529836053028703,block1:s4,gated_rule_c,mixed,1785177914.539888,1785177914.5404408,1785177915.0855613,1785177915.8408816,,,
block1-000729,543.2079426245764,1298.5541326925159,48,172.5,542.6254019839689,1297.9715920519084,0.5825406406074762,block1:s4,gated_rule_c,mixed,1785177914.542445,1785177914.5430276,1785177915.0856578,1785177915.8410041,,,
block1-000730,508.2448027096689,1245.835759676993,48,280.0,507.98006798140705,1245.571024948731,0.2647347282618284,block1:s4,gated_rule_c,mixed,1785177914.615083,1785177914.6153476,1785177915.1233373,1785177915.8609278,,,
block1-000731,503.9268129039556,1258.897800813429,48,350.0,503.43832606449723,1258.4093139739707,0.48848683945834637,block1:s4,gated_rule_c,mixed,1785177914.9869175,1785177914.9874063,1785177915.4908555,1785177916.2458265,,,
block1-000732,504.3053722474724,1244.2264262354001,48,322.5,504.14503703359514,1244.0660910215229,0.16033521387726068,block1:s4,gated_rule_c,mixed,1785177915.005221,1785177915.0053813,1785177915.5095332,1785177916.2494543,,,
block1-000733,466.77213069051504,1241.3903577253222,48,17.5,466.1008339608088,1240.719060995616,0.6712967297062278,block1:s4,gated_rule_c,mixed,1785177915.235426,1785177915.2360978,1785177915.702207,1785177916.476825,,,
block1-000734,418.1097688851878,1200.3167618531734,48,12.5,416.99070599861443,1199.1976989666,1.1190628865733743,block1:s4,gated_rule_c,mixed,1785177915.4791746,1785177915.4802947,1785177915.8972976,1785177916.679505,,,
block1-000735,478.2132221153006,1263.4967701742426,48,52.5,477.6173250284046,1262.9008730873466,0.5958970868960023,block1:s4,gated_rule_c,mixed,1785177915.907856,1785177915.9084518,1785177916.3860772,1785177917.17136,,,
block1-000736,379.8479721881449,1105.4712301120162,43,10.0,378.51317098829895,1104.1364289121702,1.3348011998459697,block1:s1,gated_rule_c,mixed,1785177915.9286485,1785177915.9299834,1785177916.3085039,1785177917.0341268,,,
block1-000737,69.96166717726737,1744.1911310888827,66,12.5,69.46765806060284,1743.6971219722182,0.49400911666452885,block1:s1,gated_rule_c,mixed,1785177916.0584786,1785177916.0589736,1785177916.1284535,1785177917.8026834,,,
block1-000738,62.347242841497064,7802.026765886694,332,20.0,61.85006094165146,7801.529583986849,0.49718189984560013,block1:zero_tool,gated_rule_c,mixed,1785177916.1865702,1785177916.1870675,1785177916.2489264,1785177923.9886065,,,
block1-000739,128.84973059408367,1889.5495695760474,71,95.0,128.04557010531425,1888.745409087278,0.804160488769412,block1:s1,gated_rule_c,mixed,1785177916.3088348,1785177916.309639,1785177916.4376929,1785177918.198393,,,
block1-000740,401.69926453381777,1033.2261845469475,36,105.0,400.61039105057716,1032.1373110637069,1.0888734832406044,block1:s1,gated_rule_c,mixed,1785177916.337508,1785177916.3385975,1785177916.7392201,1785177917.3707478,,,
block1-000741,100.32449848949909,7065.283895470202,302,10.0,99.39421294257045,7064.353609923273,0.9302855469286442,block1:zero_tool,gated_rule_c,mixed,1785177916.391601,1785177916.392535,1785177916.4919562,1785177923.4569159,,,
block1-000742,459.6127781551331,1288.4397321613505,47,15.0,458.2421740051359,1287.0691280113533,1.3706041499972343,block1:s1,gated_rule_c,mixed,1785177916.4736493,1785177916.4750223,1785177916.9332786,1785177917.7621062,,,
block1-000743,389.53663839492947,1061.3984663505107,37,100.0,389.0044259605929,1060.8662539161742,0.5322124343365431,block1:s1,gated_rule_c,mixed,1785177916.6444764,1785177916.6450095,1785177917.0340242,1785177917.7058864,,,
block1-000744,71.80797751061618,3671.69933358673,157,10.0,70.74267603456974,3670.6340321106836,1.065301476046443,block1:zero_tool,gated_rule_c,mixed,1785177916.7234125,1785177916.724481,1785177916.7952528,1785177920.3951437,,,
block1-000745,100.65201867837459,4678.153687622398,199,107.5,100.42548296041787,4677.927151904441,0.22653571795672178,block1:zero_tool,gated_rule_c,mixed,1785177916.8091671,1785177916.809394,1785177916.9100008,1785177921.4875019,,,
block1-000746,422.84004983957857,1061.4552038023248,37,10.0,422.28638904634863,1060.901543009095,0.5536607932299376,block1:s2,gated_rule_c,mixed,1785177916.8420346,1785177916.8425887,1785177917.2648857,1785177917.903501,,,
block1-000747,107.16729110572487,1844.2710830131546,74,172.5,106.43184906803071,1843.5356409754604,0.7354420376941562,block1:s2,gated_rule_c,mixed,1785177917.0644147,1785177917.0651503,1785177917.1715915,1785177918.9086955,,,
block1-000748,405.3756274515763,1004.6342493733391,35,297.5,404.36120599042624,1003.6198279121891,1.0144214611500502,block1:s2,gated_rule_c,mixed,1785177917.106989,1785177917.1080039,1785177917.512376,1785177918.1116352,,,
block1-000749,439.0819960972294,1057.1339770685881,38,95.0,438.0681701004505,1056.1201510718092,1.0138259967789054,block1:s2,gated_rule_c,mixed,1785177917.1790137,1785177917.18003,1785177917.6181207,1785177918.2361724,,,
block1-000750,444.2553174449131,1061.0346305184066,38,135.0,443.69809702038765,1060.4774100938812,0.5572204245254397,block1:s2,gated_rule_c,mixed,1785177917.213851,1785177917.2144086,1785177917.6581185,1785177918.2748973,,,
block1-000751,338.46867526881397,1049.328652326949,40,485.0,337.451537954621,1048.311515012756,1.0171373141929507,block1:s2,gated_rule_c,mixed,1785177917.3842864,1785177917.3853037,1785177917.722764,1785177918.4336247,,,
block1-000752,97.89176657795906,2492.3695385223255,110,280.0,97.02798305079341,2491.50575499516,0.8637835271656513,block1:zero_tool,gated_rule_c,mixed,1785177917.4140093,1785177917.4148736,1785177917.5119095,1785177919.9063878,,,
block1-000753,509.96455282438546,1193.7962707597762,48,820.0,509.52490500640124,1193.356622941792,0.43964781798422337,block1:s3,gated_rule_c,mixed,1785177917.5580852,1785177917.5585277,1785177918.06808,1785177918.751912,,,
block1-000754,114.07265323214233,3499.6266942471266,154,187.5,112.24232602398843,3497.7963670389727,1.8303272081539035,block1:zero_tool,gated_rule_c,mixed,1785177917.5922933,1785177917.5941243,1785177917.7063777,1785177921.091933,,,
block1-000755,323.5267670825124,1015.2886611176655,41,170.0,322.8433550102636,1014.6052490454167,0.6834120722487569,block1:s3,gated_rule_c,mixed,1785177917.65781,1785177917.6584938,1785177917.9813468,1785177918.6731086,,,
block1-000756,104.68034632503986,3689.296267228201,164,12.5,103.90768002253026,3688.5236009256914,0.7726663025096059,block1:zero_tool,gated_rule_c,mixed,1785177917.9181526,1785177917.9189255,1785177918.0228422,1785177921.6074579,,,
block1-000757,87.48629805631936,3688.452461035922,164,550.0,86.8948579300195,3687.8610209096223,0.5914401262998581,block1:zero_tool,gated_rule_c,mixed,1785177917.9385235,1785177917.939115,1785177918.026018,1785177921.626984,,,
block1-000758,425.9881187463179,1131.3796127215028,48,282.5,424.9567440710962,1130.348238046281,1.0313746752217412,block1:s3,gated_rule_c,mixed,1785177918.147526,1785177918.1485577,1785177918.573525,1785177919.2789173,,,
block1-000759,73.8560640020296,3719.5891609881073,165,117.5,73.47559405025095,3719.2086910363287,0.3804699517786503,block1:zero_tool,gated_rule_c,mixed,1785177918.4798927,1785177918.4802752,1785177918.5537682,1785177922.199501,,,
block1-000760,460.9409251715988,1090.9687541425228,48,320.0,460.25474299676716,1090.2825719676912,0.6861821748316288,block1:s4,gated_rule_c,mixed,1785177918.913211,1785177918.9138975,1785177919.3741615,1785177920.0041883,,,
block1-000761,420.7738294498995,1125.5023984704167,48,135.0,419.74148305598646,1124.4700520765036,1.0323463939130306,block1:s4,gated_rule_c,mixed,1785177919.1493301,1785177919.1503656,1785177919.5701342,1785177920.274862,,,
block1-000762,75.2042051171884,3580.0235650967807,155,572.5,74.2523530498147,3579.071713029407,0.951852067373693,block1:zero_tool,gated_rule_c,mixed,1785177919.5766678,1785177919.5776231,1785177919.6519113,1785177923.1567297,,,
block1-000763,499.6438509551808,1289.222153951414,48,100.0,498.574799974449,1288.153102970682,1.069050980731845,block1:s4,gated_rule_c,mixed,1785177919.9872153,1785177919.9882858,1785177920.4868724,1785177921.2764502,,,
block1-000764,463.6624908307567,1244.7331458097324,48,70.0,462.7182789845392,1243.7889339635149,0.9442118462175131,block1:s4,gated_rule_c,mixed,1785177920.1402056,1785177920.1411505,1785177920.6038795,1785177921.38495,,,
block1-000765,420.041426201351,1206.7561871372163,48,95.0,418.07451110798866,1204.789272043854,1.9669150933623314,block1:s4,gated_rule_c,mixed,1785177920.3402574,1785177920.3422248,1785177920.760311,1785177921.5470245,,,
block1-000766,544.8365497868508,1212.772669736296,49,95.0,543.5555150033906,1211.4916349528357,1.2810347834601998,block1:s4,gated_rule_c,mixed,1785177920.8607016,1785177920.8619847,1785177921.4055593,1785177922.0734954,,,
block1-000767,549.4788807118312,1196.9393506878987,48,172.5,548.8401820184663,1196.3006519945338,0.6386986933648586,block1:s4,gated_rule_c,mixed,1785177920.8760545,1785177920.8766937,1785177921.4255426,1785177922.073004,,,
block1-000768,377.2957568289712,985.0125868106261,43,322.5,376.64907798171043,984.3659079633653,0.6466788472607732,block1:s1,gated_rule_c,mixed,1785177921.088596,1785177921.0892444,1785177921.465909,1785177922.0736256,,,
block1-000769,134.99754399526864,1633.5663659265265,69,105.0,133.87550204060972,1632.4443239718676,1.1220419546589255,block1:s1,gated_rule_c,mixed,1785177921.0991313,1785177921.1002545,1785177921.2341433,1785177922.732712,,,
block1-000770,369.0362398047,991.8818628648296,43,15.0,368.6366219772026,991.4822450373322,0.3996178274974227,block1:s1,gated_rule_c,mixed,1785177921.1183586,1785177921.118759,1785177921.4874072,1785177922.1102529,,,
block1-000771,350.9952462045476,841.0275772912428,37,85.0,349.91574194282293,839.9480730295181,1.0795042617246509,block1:s1,gated_rule_c,mixed,1785177921.1550312,1785177921.1561115,1785177921.506036,1785177921.9960687,,,
block1-000772,300.64766807481647,791.1280080443248,36,12.5,300.09967798832804,790.5800179578364,0.5479900864884257,block1:s1,gated_rule_c,mixed,1785177921.2054894,1785177921.2060382,1785177921.5061502,1785177921.9966326,,,
block1-000773,61.57782732043415,4459.6329043852165,190,15.0,59.86386991571635,4457.918946980499,1.713957404717803,block1:zero_tool,gated_rule_c,mixed,1785177921.2601187,1785177921.2618349,1785177921.321725,1785177925.7197795,,,
block1-000774,253.03890916984528,967.0530001167208,40,12.5,252.14721204247326,966.1613029893488,0.8916971273720264,block1:s1,gated_rule_c,mixed,1785177921.7428617,1785177921.743754,1785177921.9959104,1785177922.7099245,,,
block1-000775,111.84916435740888,2058.494730386883,82,15.0,110.00436299946159,2056.6499290289357,1.84480135794729,block1:zero_tool,gated_rule_c,mixed,1785177922.0483258,1785177922.0501714,1785177922.1601875,1785177924.106833,,,
block1-000776,312.5082970364019,1036.0194420209154,40,170.0,312.03190004453063,1035.5430450290442,0.47639699187129736,block1:s2,gated_rule_c,mixed,1785177922.0813887,1785177922.0818655,1785177922.3939068,1785177923.1174178,,,
block1-000777,338.1287871161476,1127.7178261661902,42,572.5,337.87384594324976,1127.4628849932924,0.2549411728978157,block1:s2,gated_rule_c,mixed,1785177922.307177,1785177922.3074322,1785177922.6453145,1785177923.4349034,,,
block1-000778,406.3851971877739,1125.9813512442634,43,10.0,405.81556991674006,1125.4117239732295,0.5696272710338235,block1:s2,gated_rule_c,mixed,1785177922.5355573,1785177922.5361292,1785177922.9419658,1785177923.661562,,,
block1-000779,372.8285137331113,1096.973515697755,43,572.5,371.78479798603803,1095.9297999506816,1.0437157470732927,block1:s2,gated_rule_c,mixed,1785177922.5884004,1785177922.5894446,1785177922.96124,1785177923.6853855,,,
block1-000780,341.63049003109336,922.9744650656357,36,287.5,340.9131639637053,922.2571389982477,0.7173260673880577,block1:s2,gated_rule_c,mixed,1785177922.7383244,1785177922.7390418,1785177923.0799646,1785177923.6613076,,,
block1-000781,481.3304642448202,1252.3925402201712,49,287.5,480.838548974134,1251.900624949485,0.4919152706861496,block1:s2,gated_rule_c,mixed,1785177922.816674,1785177922.8171666,1785177923.2980192,1785177924.0690806,,,
block1-000782,441.7433524504304,1034.7751214867458,38,20.0,440.79531903844327,1033.8270880747586,0.9480334119871259,block1:s2,gated_rule_c,mixed,1785177923.0152695,1785177923.016218,1785177923.4570234,1785177924.0500557,,,
block1-000783,99.88158382475376,3170.234029763378,134,15.0,99.72133801784366,3170.073783956468,0.1602458069100976,block1:zero_tool,gated_rule_c,mixed,1785177923.0372202,1785177923.037381,1785177923.137112,1785177926.2074647,,,
block1-000784,309.66322508174926,896.2699471740052,32,307.5,309.00644802022725,895.6131701124832,0.656777061522007,block1:s3,gated_rule_c,mixed,1785177923.2104137,1785177923.2110713,1785177923.520089,1785177924.106696,,,
block1-000785,336.2959544174373,1081.2490613898262,39,17.5,334.55639600288123,1079.5095029752702,1.739558414556086,block1:s3,gated_rule_c,mixed,1785177923.2233434,1785177923.2250829,1785177923.5597775,1785177924.3047311,,,
block1-000786,125.98441715817899,3397.5760272005573,150,485.0,125.267194933258,3396.8588049756363,0.7172222249209881,block1:zero_tool,gated_rule_c,mixed,1785177923.3086357,1785177923.3093545,1785177923.4346366,1785177926.706228,,,
block1-000787,88.34065753035247,3758.5549785289913,169,307.5,86.83656400535256,3757.0508850039914,1.5040935249999166,block1:zero_tool,gated_rule_c,mixed,1785177923.34975,1785177923.351255,1785177923.4381032,1785177927.1083186,,,
block1-000788,75.27889555785805,6168.891258537769,266,287.5,74.80288995429873,6168.41525293421,0.4760056035593152,block1:zero_tool,gated_rule_c,mixed,1785177923.4448547,1785177923.4453309,1785177923.5201416,1785177929.6137545,,,
block1-000789,491.66461382992566,1230.6359618669376,48,92.5,489.723261911422,1228.694609948434,1.941351918503642,block1:s3,gated_rule_c,mixed,1785177923.6328158,1785177923.634759,1785177924.1244998,1785177924.863471,,,
block1-000790,579.7580246580765,1140.1841075858101,43,160.0,579.074795008637,1139.5008779363707,0.6832296494394541,block1:s3,gated_rule_c,mixed,1785177923.6474075,1785177923.6480916,1785177924.2271771,1785177924.7876034,,,
block1-000791,472.0590484794229,1209.5155474962667,48,60.0,471.8515609856695,1209.3080600025132,0.20748749375343323,block1:s3,gated_rule_c,mixed,1785177923.6926365,1785177923.6928444,1785177924.1647046,1785177924.9021606,,,
block1-000792,487.0929782046005,1184.3956551747397,48,20.0,486.3040619529784,1183.6067389231175,0.7889162516221404,block1:s4,gated_rule_c,mixed,1785177924.1425884,1785177924.1433773,1785177924.6296897,1785177925.3269918,,,
block1-000793,461.5728637436405,1158.3286917302758,48,15.0,460.72522504255176,1157.481053029187,0.8476387010887265,block1:s4,gated_rule_c,mixed,1785177924.2454805,1785177924.2463286,1785177924.707066,1785177925.4038208,,,
block1-000794,98.994005122222,3604.8543620854616,167,412.5,98.58019801322371,3604.4405549764633,0.41380710899829865,block1:zero_tool,gated_rule_c,mixed,1785177924.2779086,1785177924.278323,1785177924.3769143,1785177927.8827753,,,
block1-000795,417.8554192185402,1190.6351742800325,48,280.0,417.29438793845475,1190.074142999947,0.5610312800854445,block1:s4,gated_rule_c,mixed,1785177924.4641216,1785177924.464683,1785177924.8819878,1785177925.6547675,,,
block1-000796,457.18904200475663,1161.6638620616868,48,95.0,456.04234596248716,1160.5171660194173,1.1466960422694683,block1:s4,gated_rule_c,mixed,1785177924.9074473,1785177924.9085941,1785177925.3646448,1785177926.0691197,,,
block1-000797,518.3054397348315,1124.7137216851115,48,320.0,518.0035509401932,1124.4118328904733,0.3018887946382165,block1:s4,gated_rule_c,mixed,1785177925.1789262,1785177925.1792293,1785177925.6972435,1785177926.3036518,,,
block1-000798,459.24793381709605,1078.3951467601582,48,395.0,458.73572304844856,1077.8829359915107,0.5122107686474919,block1:s4,gated_rule_c,mixed,1785177925.395752,1785177925.3962646,1785177925.8550093,1785177926.4741554,,,
block1-000799,470.2697161119431,1108.0188591731712,49,10.0,470.22195695899427,1107.9711000202224,0.047759152948856354,block1:s4,gated_rule_c,mixed,1785177925.4040654,1785177925.4041128,1785177925.8743494,1785177926.5120986,,,
block1-000800,61.18721573147923,3346.9562138197944,148,17.5,60.181048000231385,3345.9500460885465,1.0061677312478423,block1:zero_tool,gated_rule_c,mixed,1785177925.6391964,1785177925.6402028,1785177925.700391,1785177928.98616,,,
block1-000801,60.267548193223774,4633.052818127908,200,107.5,59.7799769602716,4632.565246894956,0.4875712329521775,block1:zero_tool,gated_rule_c,mixed,1785177926.1088986,1785177926.1093864,1785177926.1691742,1785177930.7419589,,,
block1-000802,309.6570865018293,934.8387914942577,43,25.0,308.66179103031754,933.843496022746,0.9952954715117812,block1:s1,gated_rule_c,mixed,1785177926.596104,1785177926.5970993,1785177926.9057698,1785177927.530952,,,
block1-000803,314.5967029267922,802.0357828354463,36,12.5,313.82838904391974,801.2674689525738,0.7683138828724623,block1:s1,gated_rule_c,mixed,1785177926.7106152,1785177926.7113836,1785177927.0252182,1785177927.5126574,,,
block1-000804,302.87526128813624,890.3613262809813,39,170.0,302.2086239652708,889.6946889581159,0.6666373228654265,block1:s1,gated_rule_c,mixed,1785177926.9544892,1785177926.9551566,1785177927.2573755,1785177927.8448613,,,
block1-000805,75.99238748662174,1648.9465035265312,65,60.0,75.65680902916938,1648.6109250690788,0.3355784574523568,block1:s1,gated_rule_c,mixed,1785177926.9566317,1785177926.956967,1785177927.0326307,1785177928.6055856,,,
block1-000806,86.220673751086,1774.0279847057536,69,92.5,85.992312990129,1773.7996239447966,0.22836076095700264,block1:s1,gated_rule_c,mixed,1785177927.0718174,1785177927.0720458,1785177927.1580467,1785177928.8458548,,,
block1-000807,223.43124740291387,799.7130183503032,31,15.0,222.03249705489725,798.3142680022866,1.3987503480166197,block1:s1,gated_rule_c,mixed,1785177927.243861,1785177927.2452602,1785177927.4673028,1785177928.0435848,,,
block1-000808,282.007786561735,975.8412915980443,38,145.0,281.5962139284238,975.4297189647332,0.41157263331115246,block1:s2,gated_rule_c,mixed,1785177927.3074696,1785177927.307882,1785177927.589499,1785177928.2833323,,,
block1-000809,352.9407863970846,1008.3896314026788,38,105.0,352.5287549709901,1007.9775999765843,0.4120314260944724,block1:s2,gated_rule_c,mixed,1785177927.4496992,1785177927.4501116,1785177927.80265,1785177928.4580982,,,
block1-000810,336.1033310648054,1038.6557470774278,36,12.5,335.54078498855233,1038.0932010011747,0.5625460762530565,block1:s2,gated_rule_c,mixed,1785177927.5836642,1785177927.5844502,1785177927.9200203,1785177928.622573,,,
block1-000811,73.52091406937689,12561.134092975408,516,10.0,71.50341104716063,12559.116589953192,2.0175030222162604,block1:zero_tool,gated_rule_c,mixed,1785177927.6701534,1785177927.672172,1785177927.743688,1785177940.2313006,,,
block1-000812,417.4835082376376,1077.9119682265446,36,297.5,416.70772805809975,1077.1361880470067,0.7757801795378327,block1:s2,gated_rule_c,mixed,1785177927.849422,1785177927.850198,1785177928.2669146,1785177928.9273424,,,
block1-000813,601.2962306849658,1345.5774317262694,49,12.5,600.3320049494505,1344.613205990754,0.9642257355153561,block1:s2,gated_rule_c,mixed,1785177927.856969,1785177927.8579335,1785177928.4582725,1785177929.2025542,,,
block1-000814,128.68682923726737,4272.1395092085,171,15.0,127.64457997400314,4271.097259945236,1.0422492632642388,block1:zero_tool,gated_rule_c,mixed,1785177927.8959823,1785177927.8970249,1785177928.0246787,1785177932.1681316,,,
block1-000815,416.211019619368,1081.476456602104,37,95.0,415.88791797403246,1081.1533549567685,0.3231016453355551,block1:s2,gated_rule_c,mixed,1785177927.904411,1785177927.9047344,1785177928.32064,1785177928.9859054,,,
block1-000816,292.9527766536921,957.3317937320098,32,15.0,292.26173693314195,956.6407540114596,0.6910397205501795,block1:s3,gated_rule_c,mixed,1785177928.027172,1785177928.027863,1785177928.3201377,1785177928.9845176,,,
block1-000817,379.2530851205811,1058.0671331845224,39,117.5,378.489677910693,1057.3037259746343,0.7634072098881006,block1:s3,gated_rule_c,mixed,1785177928.2255304,1785177928.2262948,1785177928.6048007,1785177929.2836137,,,
block1-000818,485.0240828236565,1174.659221782349,41,12.5,484.8701290320605,1174.505267990753,0.15395379159599543,block1:s3,gated_rule_c,mixed,1785177928.3606124,1785177928.3607671,1785177928.845648,1785177929.535283,,,
block1-000819,102.08415321540087,11086.872900137678,453,170.0,101.67315299622715,11086.461899918504,0.4110002191737294,block1:zero_tool,gated_rule_c,mixed,1785177928.43498,1785177928.4353917,1785177928.5370767,1785177939.521866,,,
block1-000820,514.3467874731869,1263.4211024269462,48,320.0,513.9406820526347,1263.014997006394,0.4061054205521941,block1:s3,gated_rule_c,mixed,1785177928.449871,1785177928.4502773,1785177928.9642258,1785177929.713301,,,
block1-000821,101.39871237333864,3976.0466443840414,164,10.0,100.82616296131164,3975.4740949720144,0.5725494120270014,block1:zero_tool,gated_rule_c,mixed,1785177928.5040107,1785177928.5045836,1785177928.605418,1785177932.4800665,,,
block1-000822,533.4430197253823,1124.3107446935028,43,322.5,532.9312599496916,1123.798984917812,0.5117597756907344,block1:s3,gated_rule_c,mixed,1785177928.6472847,1785177928.6477976,1785177929.1807427,1785177929.7716103,,,
block1-000823,103.89677935745567,3725.2944553038105,154,115.0,103.03725197445601,3724.434927920811,0.8595273829996586,block1:zero_tool,gated_rule_c,mixed,1785177928.6776319,1785177928.678492,1785177928.7815404,1785177932.4029374,,,
block1-000824,434.1498438734561,1179.6568809077144,48,395.0,433.11152595561,1178.6185629898682,1.0383179178461432,block1:s4,gated_rule_c,mixed,1785177928.828956,1785177928.8299942,1785177929.2631166,1785177930.008624,,,
block1-000825,499.29919629357755,1283.8047272525728,48,107.5,498.3431169530377,1282.848647912033,0.9560793405398726,block1:s4,gated_rule_c,mixed,1785177929.232079,1785177929.233036,1785177929.7313907,1785177930.5158963,,,
block1-000826,466.87770064454526,1236.422530724667,48,52.5,466.2285048980266,1235.7733349781483,0.6491957465186715,block1:s4,gated_rule_c,mixed,1785177929.3048432,1785177929.305495,1785177929.7717407,1785177930.541286,,,
block1-000827,455.75766102410853,1227.9993790434673,48,287.5,453.735213028267,1225.9769310476258,2.022447995841503,block1:s4,gated_rule_c,mixed,1785177929.3342464,1785177929.3362699,1785177929.7900555,1785177930.5622969,,,
block1-000828,136.31665764842182,3216.627095709555,134,105.0,135.6113029178232,3215.921740978956,0.7053547305986285,block1:zero_tool,gated_rule_c,mixed,1785177929.3615947,1785177929.3623009,1785177929.497927,1785177932.5782368,,,
block1-000829,551.6847537364811,1245.6668238155544,48,282.5,550.9098039474338,1244.8918740265071,0.7749497890472412,block1:s4,gated_rule_c,mixed,1785177929.964789,1785177929.9655666,1785177930.5164988,1785177931.210481,,,
block1-000830,502.6184305315837,1250.8572585647926,48,115.0,500.81299198791385,1249.0518200211227,1.8054385436698794,block1:s4,gated_rule_c,mixed,1785177930.078046,1785177930.0798523,1785177930.5806782,1785177931.3289173,,,
block1-000831,451.3566844398156,1352.7658224338666,49,105.0,450.15599101316184,1351.5651290072128,1.2006934266537428,block1:s4,gated_rule_c,mixed,1785177930.2906554,1785177930.2918599,1785177930.7420464,1785177931.6434565,,,
block1-000832,357.1468497393653,1142.937883734703,43,15.0,355.83273600786924,1141.623770003207,1.314113731496036,block1:s1,gated_rule_c,mixed,1785177930.3648527,1785177930.3661687,1785177930.72202,1785177931.507811,,,
block1-000833,83.75932066701353,15455.484463716857,634,22.5,83.29669095110148,15455.021834000945,0.46262971591204405,block1:zero_tool,gated_rule_c,mixed,1785177930.436559,1785177930.437023,1785177930.5203342,1785177945.89206,,,
block1-000834,285.5168980313465,950.2531921025366,36,177.5,284.7735759569332,949.5098700281233,0.7433220744132996,block1:s1,gated_rule_c,mixed,1785177930.557855,1785177930.5585988,1785177930.8433805,1785177931.5081162,,,
block1-000835,66.41594041138887,3735.848364420235,146,117.5,66.02565199136734,3735.4580760002136,0.39028842002153397,block1:zero_tool,gated_rule_c,mixed,1785177930.7174313,1785177930.7178223,1785177930.7838578,1785177934.4532912,,,
block1-000836,117.48078151140362,4041.3204915821552,154,412.5,116.50272191036493,4040.3424319811165,0.9780596010386944,block1:zero_tool,gated_rule_c,mixed,1785177931.0554206,1785177931.056415,1785177931.1729288,1785177935.096768,,,
block1-000837,127.84062407445163,7589.427545084618,302,17.5,127.10051599424332,7588.68743700441,0.7401080802083015,block1:zero_tool,gated_rule_c,mixed,1785177931.0825057,1785177931.0832458,1785177931.2103536,1785177938.6719406,,,
block1-000838,374.42377023398876,1055.9396722819656,39,15.0,374.2133220657706,1055.7292241137475,0.21044816821813583,block1:s1,gated_rule_c,mixed,1785177931.1335723,1785177931.133784,1785177931.5080101,1785177932.189526,,,
block1-000839,353.9008235093206,888.8468424556777,31,17.5,352.8508939780295,887.7969129243866,1.0499295312911272,block1:s1,gated_rule_c,mixed,1785177931.1540189,1785177931.1550705,1785177931.5079486,1785177932.0428953,,,
block1-000840,545.5813438165933,1034.4732877565548,38,17.5,545.1771420193836,1034.069085959345,0.4042017972096801,block1:s2,gated_rule_c,mixed,1785177931.2355087,1785177931.2359133,1785177931.7811007,1785177932.2699919,,,
block1-000841,188.01846564747393,1707.582522649318,67,320.0,186.8758510099724,1706.4399080118164,1.1426146375015378,block1:s2,gated_rule_c,mixed,1785177931.3621619,1785177931.3633077,1785177931.5502121,1785177933.0697758,,,
block1-000842,398.01541110500693,898.2006390579045,36,412.5,396.2868890957907,896.4721170486882,1.728522009216249,block1:s2,gated_rule_c,mixed,1785177931.4103034,1785177931.412033,1785177931.8083365,1785177932.3085215,,,
block1-000843,344.12547072861344,991.8157996144146,43,105.0,343.1544710183516,990.8447999041528,0.9709997102618217,block1:s2,gated_rule_c,mixed,1785177931.5467105,1785177931.5476828,1785177931.8908489,1785177932.53854,,,
block1-000844,75.04487223923206,3745.0015993090346,149,282.5,74.5896470034495,3744.546374073252,0.4552252357825637,block1:zero_tool,gated_rule_c,mixed,1785177931.7121763,1785177931.7126324,1785177931.7872345,1785177935.4571908,,,
block1-000845,82.43431092705578,3687.701142858714,146,22.5,82.10244204383343,3687.3692739754915,0.33186888322234154,block1:zero_tool,gated_rule_c,mixed,1785177931.8759966,1785177931.8763297,1785177931.9584453,1785177935.563711,,,
block1-000846,429.5146834338084,1110.4161894181743,44,15.0,428.9684270042926,1109.8699329886585,0.546256429515779,block1:s2,gated_rule_c,mixed,1785177932.3418183,1785177932.342365,1785177932.7713416,1785177933.4522429,,,
block1-000847,383.8474928634241,987.163872923702,37,155.0,383.5938039701432,986.9101840304211,0.25368889328092337,block1:s2,gated_rule_c,mixed,1785177932.5465162,1785177932.546771,1785177932.9303763,1785177933.533693,,,
block1-000848,284.89544859621674,925.366377690807,35,20.0,283.961892942898,924.4328220374882,0.9335556533187628,block1:s3,gated_rule_c,mixed,1785177932.564506,1785177932.5654402,1785177932.8494134,1785177933.4898846,,,
block1-000849,63.71131259948015,3200.839993660338,128,52.5,62.578773009590805,3199.707454070449,1.1325395898893476,block1:zero_tool,gated_rule_c,mixed,1785177932.70767,1785177932.7088041,1785177932.771397,1785177935.9085267,,,
block1-000850,471.44279396161437,1369.1379859810695,48,70.0,470.0001699384302,1367.6953619578853,1.4426240231841803,block1:s3,gated_rule_c,mixed,1785177932.9170604,1785177932.9185033,1785177933.3885264,1785177934.286222,,,
block1-000851,294.37484010122716,1186.1056470079347,41,412.5,293.9909650012851,1185.7217719079927,0.3838750999420881,block1:s3,gated_rule_c,mixed,1785177933.0105464,1785177933.0109308,1785177933.3049314,1785177934.196662,,,
block1-000852,57.65199800953269,3660.711749922484,150,135.0,56.95260502398014,3660.0123569369316,0.6993929855525494,block1:zero_tool,gated_rule_c,mixed,1785177933.1675556,1785177933.1682553,1785177933.225217,1785177936.828277,,,
block1-000853,74.379968107678,2738.6154572013766,108,15.0,72.63621594756842,2736.871705041267,1.7437521601095796,block1:zero_tool,gated_rule_c,mixed,1785177933.3133445,1785177933.3150887,1785177933.3877385,1785177936.0519736,,,
block1-000854,645.4525475855917,1350.542401545681,43,107.5,644.5022560656071,1349.5921100256965,0.9502915199846029,block1:s3,gated_rule_c,mixed,1785177933.3987424,1785177933.3996928,1785177934.0442064,1785177934.7492957,,,
block1-000855,451.9762347918004,1346.466144779697,43,15.0,451.51717111002654,1346.0070810979232,0.4590636817738414,block1:s3,gated_rule_c,mixed,1785177933.4871907,1785177933.4876497,1785177933.9391756,1785177934.8336647,,,
block1-000856,564.582954859361,1423.5126357525587,48,117.5,564.3077921122313,1423.237473005429,0.27516274712979794,block1:s4,gated_rule_c,mixed,1785177933.6514661,1785177933.6517422,1785177934.216063,1785177935.0749927,,,
block1-000857,558.6778802098706,1414.7833732422441,48,17.5,556.5309959929436,1412.6364890253171,2.146884216926992,block1:s4,gated_rule_c,mixed,1785177933.681798,1785177933.6839466,1785177934.240494,1785177935.0965989,,,
block1-000858,496.0958765586838,1350.5590595304966,48,115.0,495.6101019633934,1350.0732849352062,0.48577459529042244,block1:s4,gated_rule_c,mixed,1785177933.7895882,1785177933.7900763,1785177934.2857003,1785177935.1401634,,,
block1-000859,590.7868407666683,1342.932253726758,48,70.0,590.4869940131903,1342.63240697328,0.29984675347805023,block1:s4,gated_rule_c,mixed,1785177934.0490437,1785177934.0493436,1785177934.6398418,1785177935.3919876,,,
block1-000860,107.47512674424797,4254.039480700158,172,105.0,106.73513601068407,4253.299489966594,0.7399907335639,block1:zero_tool,gated_rule_c,mixed,1785177934.0659058,1785177934.066647,1785177934.173396,1785177938.3199604,,,
block1-000861,590.5068995198235,1282.515908475034,48,15.0,589.9214940145612,1281.9305029697716,0.5854055052623153,block1:s4,gated_rule_c,mixed,1785177934.2376962,1785177934.238282,1785177934.8282166,1785177935.5202255,,,
block1-000862,553.8237319560722,1262.2197489254177,48,10.0,552.6912760687992,1261.0872930381447,1.132455887272954,block1:s4,gated_rule_c,mixed,1785177934.3631697,1785177934.3643024,1785177934.9170024,1785177935.625399,,,
block1-000863,134.97967668808997,3328.586581745185,139,75.0,134.2221189988777,3327.8290240559727,0.7575576892122626,block1:zero_tool,gated_rule_c,mixed,1785177934.3723965,1785177934.3731542,1785177934.507384,1785177937.7009914,,,
block1-000864,459.6638868097216,1125.1708507770672,43,172.5,459.37635307200253,1124.8833170393482,0.287533737719059,block1:s1,gated_rule_c,mixed,1785177934.3945653,1785177934.3948536,1785177934.8542404,1785177935.5197473,,,
block1-000865,90.75679199304432,1697.4865520605817,71,107.5,89.30261596105993,1696.0323760285974,1.4541760319843888,block1:s1,gated_rule_c,mixed,1785177934.50375,1785177934.5052066,1785177934.5945332,1785177936.201263,,,
block1-000866,314.4890087423846,978.1147137982771,40,100.0,314.1438099555671,977.7695150114596,0.34519878681749105,block1:s1,gated_rule_c,mixed,1785177934.6680248,1785177934.6683733,1785177934.982597,1785177935.6462226,,,
block1-000867,424.7170777525753,1074.1133816773072,45,70.0,424.3986220099032,1073.794925934635,0.31845574267208576,block1:s1,gated_rule_c,mixed,1785177934.6933944,1785177934.6937137,1785177935.1181242,1785177935.7675207,,,
block1-000868,129.70845587551594,4014.66358685866,165,20.0,129.39058104529977,4014.345712028444,0.31787483021616936,block1:zero_tool,gated_rule_c,mixed,1785177934.6980152,1785177934.6983333,1785177934.8277316,1785177938.7126868,,,
block1-000869,88.86426279786974,7758.79487185739,321,297.5,88.12893694266677,7758.059546002187,0.7353258552029729,block1:zero_tool,gated_rule_c,mixed,1785177934.745231,1785177934.7459683,1785177934.834118,1785177942.5040486,,,
block1-000870,75.50134730990976,4009.0441812062636,167,95.0,75.2623340813443,4008.805167977698,0.23901322856545448,block1:zero_tool,gated_rule_c,mixed,1785177934.9985685,1785177934.9988089,1785177935.0743186,1785177939.0078611,,,
block1-000871,297.040713368915,791.4953813888133,35,70.0,296.1922889808193,790.6469570007175,0.8484243880957365,block1:s1,gated_rule_c,mixed,1785177935.137299,1785177935.1381476,1785177935.4343512,1785177935.9288058,,,
block1-000872,272.4629598669708,767.3773178830743,34,20.0,271.39085391536355,766.305211931467,1.0721059516072273,block1:s2,gated_rule_c,mixed,1785177935.2254422,1785177935.2265153,1785177935.497919,1785177935.9928324,,,
block1-000873,62.35648295842111,11682.630840921775,483,115.0,61.97886203881353,11682.253220002167,0.3776209196075797,block1:zero_tool,gated_rule_c,mixed,1785177935.9103682,1785177935.9107459,1785177935.972734,1785177947.593008,,,
block1-000874,390.22608019877225,903.9416122250259,36,20.0,388.33639002405107,902.0519220503047,1.8896901747211814,block1:s2,gated_rule_c,mixed,1785177936.0201051,1785177936.0219953,1785177936.410344,1785177936.924059,,,
block1-000875,123.0384164955467,1688.306433497928,69,155.0,122.74714396335185,1688.0151609657332,0.29127253219485283,block1:s2,gated_rule_c,mixed,1785177936.0570867,1785177936.0573814,1785177936.1801581,1785177937.745426,,,
block1-000876,310.0093820830807,868.6998360790312,36,107.5,309.52236894518137,868.2128229411319,0.4870131378993392,block1:s2,gated_rule_c,mixed,1785177936.2785635,1785177936.2790513,1785177936.588588,1785177937.1472783,,,
block1-000877,478.82816079072654,1246.766410768032,44,20.0,478.59547194093466,1246.5337219182402,0.23268884979188442,block1:s2,gated_rule_c,mixed,1785177936.80096,1785177936.801194,1785177937.279806,1785177938.0477443,,,
block1-000878,477.5398231577128,1025.033611105755,38,115.0,477.1055830642581,1024.5993710123003,0.4342400934547186,block1:s2,gated_rule_c,mixed,1785177936.8028321,1785177936.8032668,1785177937.280381,1785177937.8278754,,,
block1-000879,79.10021021962166,3093.8558821799234,127,105.0,77.73079199250787,3092.4864639528096,1.3694182271137834,block1:zero_tool,gated_rule_c,mixed,1785177936.9711957,1785177936.9725661,1785177937.05031,1785177940.0650656,,,
block1-000880,358.8873130502179,978.5805160645396,32,10.0,358.7393360212445,978.4325390355662,0.1479770289734006,block1:s3,gated_rule_c,mixed,1785177937.0034792,1785177937.003628,1785177937.3623774,1785177937.9820704,,,
block1-000881,345.8890519104898,1095.7883718656376,39,95.0,345.46495403628796,1095.3642739914358,0.4240978742018342,block1:s3,gated_rule_c,mixed,1785177937.0789893,1785177937.0794144,1785177937.4248953,1785177938.174794,,,
block1-000882,416.6621780022979,1128.707170020789,41,545.0,415.73922999668866,1127.7842220151797,0.9229480056092143,block1:s3,gated_rule_c,mixed,1785177937.1332538,1785177937.1341782,1785177937.5499296,1785177938.261975,,,
block1-000883,69.93459688965231,4958.224509842694,199,25.0,69.00144706014544,4957.291360013187,0.9331498295068741,block1:zero_tool,gated_rule_c,mixed,1785177937.5455735,1785177937.546509,1785177937.6155312,1785177942.5038202,,,
block1-000884,419.6395763428882,1172.0046603586525,41,140.0,419.09415798727423,1171.4592420030385,0.5454183556139469,block1:s3,gated_rule_c,mixed,1785177937.6921399,1785177937.6926885,1785177938.1118093,1785177938.8641748,,,
block1-000885,558.8837253162637,1285.4521963745356,46,70.0,558.1827089190483,1284.7511799773201,0.701016397215426,block1:s3,gated_rule_c,mixed,1785177937.7035458,1785177937.7042472,1785177938.2624383,1785177938.9890068,,,
block1-000886,664.9314853129908,1213.4352283319458,43,10.0,664.8263609968126,1213.3301040157676,0.10512431617826223,block1:s3,gated_rule_c,mixed,1785177937.7335243,1785177937.7336297,1785177938.3984663,1785177938.946969,,,
block1-000887,65.27314078994095,3938.2645008154213,165,22.5,64.60411997977644,3937.595480005257,0.6690208101645112,block1:zero_tool,gated_rule_c,mixed,1785177937.9166875,1785177937.9173584,1785177937.9819784,1785177941.8549697,,,
block1-000888,74.6118213282898,3773.8317443290725,157,10.0,74.44319198839366,3773.6631149891764,0.16862933989614248,block1:zero_tool,gated_rule_c,mixed,1785177937.97885,1785177937.9790187,1785177938.0534725,1785177941.752693,,,
block1-000889,530.9140043100342,1249.7847862541676,48,115.0,530.3089549997821,1249.1797369439155,0.6050493102520704,block1:s4,gated_rule_c,mixed,1785177938.1602695,1785177938.160875,1785177938.6911967,1785177939.410067,,,
block1-000890,494.722934323363,1219.28266226314,48,160.0,494.29322802461684,1218.852955964394,0.4297062987461686,block1:s4,gated_rule_c,mixed,1785177938.263305,1785177938.2637377,1785177938.7580569,1785177939.4826171,,,
block1-000891,117.32110020238906,3100.4778802162036,130,155.0,116.93701602052897,3100.0937960343435,0.3840841818600893,block1:zero_tool,gated_rule_c,mixed,1785177938.4447467,1785177938.4451315,1785177938.5620813,1785177941.5452378,,,
block1-000892,444.24052990507334,1161.3371619023383,48,17.5,444.06097906176,1161.157611059025,0.17955084331333637,block1:s4,gated_rule_c,mixed,1785177938.4601119,1785177938.4602916,1785177938.9043598,1785177939.6214566,,,
block1-000893,72.48265121597797,3106.849423260428,131,70.0,71.71621499583125,3106.0829870402813,0.7664362201467156,block1:zero_tool,gated_rule_c,mixed,1785177938.6857076,1785177938.6864765,1785177938.7582235,1785177941.7925909,,,
block1-000894,475.5010410444811,1160.91265110299,48,17.5,474.763075937517,1160.1746859960258,0.7379651069641113,block1:s4,gated_rule_c,mixed,1785177939.0292494,1785177939.0299876,1785177939.5047593,1785177940.1901708,,,
block1-000895,441.9527678983286,1141.3217078661546,48,15.0,441.27550802659243,1140.6444479944184,0.6772598717361689,block1:s4,gated_rule_c,mixed,1785177939.3188062,1785177939.319484,1785177939.7607706,1785177940.4601393,,,
block1-000896,76.91165071446449,2966.187927755527,117,15.0,76.56998094171286,2965.8462579827756,0.34166977275162935,block1:zero_tool,gated_rule_c,mixed,1785177939.6868343,1785177939.687177,1785177939.7637577,1785177942.653034,,,
block1-000897,75.4650867311284,14504.037589766085,591,350.0,74.88375203683972,14503.456255071796,0.581334694288671,block1:zero_tool,gated_rule_c,mixed,1785177939.8106549,1785177939.8112364,1785177939.8861299,1785177954.3147018,,,
block1-000898,328.75301758758724,982.1421946398914,40,105.0,327.8283479157835,981.2175249680877,0.9246696718037128,block1:s1,gated_rule_c,mixed,1785177940.0713959,1785177940.072321,1785177940.400161,1785177941.05355,,,
block1-000899,96.18928702548146,12341.020700987428,500,60.0,95.92775895725936,12340.759172919206,0.2615280682221055,block1:zero_tool,gated_rule_c,mixed,1785177940.096747,1785177940.0970094,1785177940.1929486,1785177952.4377801,,,
block1-000900,350.03360372502357,1041.4602037053555,39,17.5,348.04021497257054,1039.4668149529025,1.9933887524530292,block1:s1,gated_rule_c,mixed,1785177940.2876644,1785177940.2896595,1785177940.6377134,1785177941.3291397,,,
block1-000901,74.07379383221269,1695.9924028487876,61,280.0,73.41502304188907,1695.333632058464,0.6587707903236151,block1:s1,gated_rule_c,mixed,1785177940.6134522,1785177940.6141129,1785177940.6875458,1785177942.3094652,,,
block1-000902,115.10303418617696,1923.798878211528,69,145.0,114.7800360340625,1923.4758800594136,0.32299815211445093,block1:s1,gated_rule_c,mixed,1785177940.70932,1785177940.709644,1785177940.8244371,1785177942.6331332,,,
block1-000903,247.05759075004607,887.2215218143538,31,20.0,246.47606094367802,886.6399920079857,0.581529806368053,block1:s1,gated_rule_c,mixed,1785177940.746115,1785177940.7466977,1785177940.9931853,1785177941.6333492,,,
block1-000904,93.8646043650806,3813.7700794031844,147,177.5,91.79734997451305,3811.702825012617,2.067254390567541,block1:zero_tool,gated_rule_c,mixed,1785177940.7731268,1785177940.7751946,1785177940.8670032,1785177944.5869083,,,
block1-000905,456.7461824044585,1298.1329103931785,42,17.5,456.4606510102749,1297.8473789989948,0.2855313941836357,block1:s2,gated_rule_c,mixed,1785177941.0116034,1785177941.0118892,1785177941.4683588,1785177942.3097453,,,
block1-000906,436.6828831844032,1072.9286471614614,37,105.0,436.3584539387375,1072.6042179157957,0.32442924566566944,block1:s2,gated_rule_c,mixed,1785177941.030777,1785177941.0311022,1785177941.4674726,1785177942.103718,,,
block1-000907,426.6569606261328,1242.5778226461262,43,85.0,426.09540198463947,1242.0162640046328,0.5615586414933205,block1:s2,gated_rule_c,mixed,1785177941.3458607,1785177941.3464224,1785177941.7726545,1785177942.5885744,,,
block1-000908,370.7120316103101,1060.2266766363755,36,145.0,370.195047929883,1059.7096929559484,0.5169836804270744,block1:s2,gated_rule_c,mixed,1785177941.4434202,1785177941.443938,1785177941.8141465,1785177942.5036616,,,
block1-000909,383.0257991794497,1279.6881070826203,44,282.5,382.7798500424251,1279.4421579455957,0.24594913702458143,block1:s2,gated_rule_c,mixed,1785177941.553402,1785177941.5536482,1785177941.9364367,1785177942.8330994,,,
block1-000910,429.8233643639833,1317.7860584110022,44,15.0,428.70074894744903,1316.663442994468,1.122615416534245,block1:s2,gated_rule_c,mixed,1785177941.633711,1785177941.6348372,1785177942.0635679,1785177942.9515302,,,
block1-000911,504.2405192507431,1115.9964232938364,37,395.0,503.64703801460564,1115.402942057699,0.5934812361374497,block1:s2,gated_rule_c,mixed,1785177941.9554033,1785177941.955997,1785177942.4596567,1785177943.0714123,,,
block1-000912,145.41497139725834,3545.1468313112855,142,155.0,144.66680400073528,3544.3986639147624,0.7481673965230584,block1:zero_tool,gated_rule_c,mixed,1785177941.959301,1785177941.9600494,1785177942.104723,1785177945.5044546,,,
block1-000913,432.42006725631654,1163.542823283933,39,287.5,430.97024492453784,1162.0930009521544,1.4498223317787051,block1:s3,gated_rule_c,mixed,1785177941.988674,1785177941.9901237,1785177942.4211028,1785177943.1522245,,,
block1-000914,488.61152795143425,1093.2079869089648,38,172.5,487.7770079765469,1092.3734669340774,0.8345199748873711,block1:s3,gated_rule_c,mixed,1785177942.078026,1785177942.0788608,1785177942.5666482,1785177943.1712449,,,
block1-000915,525.9567669127136,1320.8008079091087,48,17.5,525.1402329886332,1319.9842739850283,0.8165339240804315,block1:s3,gated_rule_c,mixed,1785177942.2083442,1785177942.2091615,1785177942.734314,1785177943.5291586,,,
block1-000916,529.2098169447854,1328.7065549520776,48,20.0,528.7971399957314,1328.2938780030236,0.41267694905400276,block1:s3,gated_rule_c,mixed,1785177942.2390485,1785177942.2394614,1785177942.768266,1785177943.5677629,,,
block1-000917,69.63491800706834,2726.720424951054,112,412.5,67.29080504737794,2724.3763119913638,2.344112959690392,block1:zero_tool,gated_rule_c,mixed,1785177942.4769213,1785177942.4792674,1785177942.5465775,1785177945.203663,,,
block1-000918,524.8956246068701,1350.3235126845539,48,12.5,524.3768419604748,1349.8047300381586,0.5187826463952661,block1:s3,gated_rule_c,mixed,1785177942.5861497,1785177942.5866706,1785177943.111068,1785177943.9364955,,,
block1-000919,119.9240671703592,3559.668274130672,149,280.0,119.78383001405746,3559.5280369743705,0.14023715630173683,block1:zero_tool,gated_rule_c,mixed,1785177942.648227,1785177942.648368,1785177942.7681613,1785177946.2079055,,,
block1-000920,496.44318933133036,1320.8339982666075,48,47.5,495.9011219907552,1320.2919309260324,0.5420673405751586,block1:s4,gated_rule_c,mixed,1785177942.6559913,1785177942.6565368,1785177943.1524673,1785177943.976858,,,
block1-000921,436.0484054777771,1264.7419514833018,48,307.5,435.0869209738448,1263.7804669793695,0.9614845039322972,block1:s4,gated_rule_c,mixed,1785177942.7737255,1785177942.7746892,1785177943.209797,1785177944.0384908,,,
block1-000922,583.5093937348574,1273.8703287905082,48,10.0,583.0806599697098,1273.4415950253606,0.4287337651476264,block1:s4,gated_rule_c,mixed,1785177943.29327,1785177943.293699,1785177943.8767905,1785177944.5671508,,,
block1-000923,549.6886214241385,1243.4885744005442,48,187.5,548.9766630344093,1242.776616010815,0.7119583897292614,block1:s4,gated_rule_c,mixed,1785177943.3663993,1785177943.3671129,1785177943.9161088,1785177944.6099086,,,
block1-000924,500.5663186311722,1255.4220786551014,48,17.5,499.4778959080577,1254.3336559319869,1.0884227231144905,block1:s4,gated_rule_c,mixed,1785177943.4761815,1785177943.477272,1785177943.9767756,1785177944.7316322,,,
block1-000925,462.30310818646103,1221.6145861893892,48,132.5,461.2246509641409,1220.536128967069,1.0784572223201394,block1:s4,gated_rule_c,mixed,1785177943.6335683,1785177943.6346474,1785177944.0958817,1785177944.8551939,,,
block1-000926,453.0610585352406,1208.768428536132,48,15.0,452.7822060044855,1208.4895760053769,0.27885253075510263,block1:s4,gated_rule_c,mixed,1785177943.685737,1785177943.6860166,1785177944.13881,1785177944.894517,,,
block1-000927,453.26985709834844,1168.7000511446968,48,485.0,451.92386501003057,1167.354059056379,1.345992088317871,block1:s4,gated_rule_c,mixed,1785177944.0733025,1785177944.0746496,1785177944.5265872,1785177945.2420177,,,
block1-000928,87.61515899095684,3441.159990034066,147,15.0,86.90052095334977,3440.445351996459,0.7146380376070738,block1:zero_tool,gated_rule_c,mixed,1785177944.1705744,1785177944.1712923,1785177944.258222,1785177947.611766,,,
block1-000929,386.10672228969634,873.5845603514463,37,282.5,385.90374996419996,873.3815880259499,0.20297232549637556,block1:s1,gated_rule_c,mixed,1785177944.4272354,1785177944.4274395,1785177944.8133569,1785177945.300833,,,
block1-000930,335.173838888295,959.4841628568247,40,15.0,334.8185040522367,959.1288280207664,0.3553348360583186,block1:s1,gated_rule_c,mixed,1785177944.5987313,1785177944.5990865,1785177944.9339137,1785177945.558224,,,
block1-000931,342.2699988586828,1016.3385788910091,43,15.0,341.2541189463809,1015.3226989787072,1.015879912301898,block1:s1,gated_rule_c,mixed,1785177944.6704502,1785177944.6714664,1785177945.012731,1785177945.6867998,,,
block1-000932,305.4209358524531,980.2675438113511,42,100.0,305.11950398795307,979.966111946851,0.3014318645000458,block1:s1,gated_rule_c,mixed,1785177944.6876428,1785177944.6879444,1785177944.9930706,1785177945.6679177,,,
block1-000933,86.76585124339908,1456.9068412529305,61,12.5,86.37084206566215,1456.5118320751935,0.395009177736938,block1:s1,gated_rule_c,mixed,1785177945.0760803,1785177945.0764778,1785177945.1628687,1785177946.5330098,,,
block1-000934,63.97660565562546,4355.872603598982,178,170.0,62.85859702620655,4354.754594969563,1.1180086294189095,block1:zero_tool,gated_rule_c,mixed,1785177945.3990376,1785177945.4001565,1785177945.4630284,1785177949.754924,,,
block1-000935,76.66035543661565,1385.9418754000217,59,350.0,75.33773907925934,1384.6192590426654,1.32261635735631,block1:s1,gated_rule_c,mixed,1785177945.4810457,1785177945.4823685,1785177945.5578187,1785177946.8671002,,,
block1-000936,457.70947297569364,1099.8414399800822,44,60.0,457.07780797965825,1099.2097749840468,0.631664996035397,block1:s2,gated_rule_c,mixed,1785177945.5280654,1785177945.5286973,1785177945.985783,1785177946.6279144,,,
block1-000937,321.6328816488385,983.0986056476831,40,322.5,321.233159978874,982.6988839777187,0.3997216699644923,block1:s2,gated_rule_c,mixed,1785177945.7479563,1785177945.748357,1785177946.0696037,1785177946.731069,,,
block1-000938,67.58518505375832,3896.2361870799214,160,17.5,67.22142500802875,3895.872427034192,0.36376004572957754,block1:zero_tool,gated_rule_c,mixed,1785177945.9231222,1785177945.923487,1785177945.9907207,1785177949.8193722,,,
block1-000939,372.7993167703971,1011.1653157509863,43,107.5,371.0896340198815,1009.4556330004707,1.7096827505156398,block1:s2,gated_rule_c,mixed,1785177946.1762762,1785177946.1779864,1785177946.549088,1785177947.187454,,,
block1-000940,324.15894709993154,838.481881073676,36,282.5,322.4378681043163,836.7608020780608,1.721078995615244,block1:s2,gated_rule_c,mixed,1785177946.406744,1785177946.4084673,1785177946.7309291,1785177947.2452517,,,
block1-000941,468.1994194397703,1228.8918405538425,49,107.5,467.2461269656196,1227.9385480796918,0.9532924741506577,block1:s2,gated_rule_c,mixed,1785177946.6208951,1785177946.6218486,1785177947.0891047,1785177947.849798,,,
block1-000942,107.53519926220179,7890.9901903243735,316,280.0,107.25452599581331,7890.709517057985,0.2806732663884759,block1:zero_tool,gated_rule_c,mixed,1785177946.9595082,1785177946.95979,1785177947.0670578,1785177954.8505127,,,
block1-000943,322.97850446775556,1033.4683294640854,37,12.5,321.8627260066569,1032.3525510029867,1.115778461098671,block1:s2,gated_rule_c,mixed,1785177947.0009453,1785177947.0020614,1785177947.3239346,1785177948.034425,,,
block1-000944,556.8139426177368,1274.3175986688584,48,172.5,554.717953898944,1272.2216099500656,2.095988718792796,block1:s3,gated_rule_c,mixed,1785177947.2930815,1785177947.2951784,1785177947.8499093,1785177948.567413,,,
block1-000945,566.7443803977221,1261.2272934056818,48,15.0,565.991444978863,1260.4743579868227,0.7529354188591242,block1:s3,gated_rule_c,mixed,1785177947.3264594,1785177947.3272126,1785177947.8932118,1785177948.5876956,,,
block1-000946,504.1908409912139,1115.896382019855,41,15.0,503.3864000579342,1115.0919410865754,0.8044409332796931,block1:s3,gated_rule_c,mixed,1785177947.3457575,1785177947.3465621,1785177947.8499565,1785177948.4616632,,,
block1-000947,164.7500777617097,3301.7377278301865,131,115.0,164.00824603624642,3300.995896104723,0.7418317254632711,block1:zero_tool,gated_rule_c,mixed,1785177947.3745673,1785177947.3753092,1785177947.5393305,1785177950.6763175,,,
block1-000948,555.5320089915767,1226.0566268814728,48,217.5,555.1381540717557,1225.6627719616517,0.39385491982102394,block1:s3,gated_rule_c,mixed,1785177947.400774,1785177947.4011693,1785177947.9563198,1785177948.6268446,,,
block1-000949,402.90869516320527,1166.2253382382914,43,17.5,402.1598189137876,1165.4764619888738,0.7488762494176626,block1:s3,gated_rule_c,mixed,1785177947.7879548,1785177947.7887058,1785177948.1908853,1785177948.9542027,,,
block1-000950,101.43710544798523,4330.352636403404,171,170.0,101.30461899098009,4330.220149946399,0.13248645700514317,block1:zero_tool,gated_rule_c,mixed,1785177947.7915776,1785177947.7917104,1785177947.8930223,1785177952.1219378,,,
block1-000951,423.2207105960697,1339.8797245463356,48,20.0,421.72899399884045,1338.3880079491064,1.4917165972292423,block1:s3,gated_rule_c,mixed,1785177947.867644,1785177947.8691359,1785177948.2908735,1785177949.207533,,,
block1-000952,100.27064860332757,3796.4396625757217,154,412.5,99.9421700835228,3796.111184055917,0.3284785198047757,block1:zero_tool,gated_rule_c,mixed,1785177947.9128678,1785177947.9131975,1785177948.0131512,1785177951.7093208,,,
block1-000953,63.381862244568765,3337.0664542308077,133,117.5,62.15504603460431,3335.8396380208433,1.2268162099644542,block1:zero_tool,gated_rule_c,mixed,1785177948.331592,1785177948.3328195,1785177948.3949895,1785177951.668673,,,
block1-000954,71.70526823028922,3278.330206172541,130,60.0,70.79715107101947,3277.422089013271,0.9081171592697501,block1:zero_tool,gated_rule_c,mixed,1785177948.3901405,1785177948.3910506,1785177948.4618657,1785177951.6684906,,,
block1-000955,71.45696273073554,4008.936606696807,155,95.0,70.75936999171972,4008.239013957791,0.6975927390158176,block1:zero_tool,gated_rule_c,mixed,1785177948.4957924,1785177948.4964907,1785177948.5672626,1785177952.504743,,,
block1-000956,656.0023557394743,1365.0817116722465,48,545.0,655.0442370353267,1364.1235929680988,0.9581187041476369,block1:s4,gated_rule_c,mixed,1785177948.6304593,1785177948.6314175,1785177949.2864716,1785177949.9955518,,,
block1-000957,658.12682651449,1367.7274725632742,48,110.0,657.8652349999174,1367.4658810487017,0.2615915145725012,block1:s4,gated_rule_c,mixed,1785177948.6497028,1785177948.6499646,1785177949.3078372,1785177950.017439,,,
block1-000958,622.6081037893891,1330.7052007876337,48,287.5,621.148909907788,1329.2460069060326,1.4591938816010952,block1:s4,gated_rule_c,mixed,1785177948.7282412,1785177948.729702,1785177949.3508632,1785177950.0589616,,,
block1-000959,583.7327961344272,1270.7814071327448,48,85.0,581.9283080054447,1268.9769190037623,1.8044881289824843,block1:s4,gated_rule_c,mixed,1785177948.8310182,1785177948.8328235,1785177949.4147654,1785177950.1018136,,,
block1-000960,462.7674656221643,1128.837582655251,43,357.5,461.80706296581775,1127.8771799989045,0.9604026563465595,block1:s1,gated_rule_c,mixed,1785177948.8450108,1785177948.845974,1785177949.3077972,1785177949.973868,,,
block1-000961,199.00712883099914,1637.3464228818193,66,60.0,197.03811092767864,1635.3774049784988,1.9690179033204913,block1:s1,gated_rule_c,mixed,1785177948.8883007,1785177948.8902702,1785177949.0874195,1785177950.5257583,,,
block1-000962,521.8819756992161,1165.5134777538478,44,22.5,521.5162800159305,1165.1477820705622,0.365695683285594,block1:s1,gated_rule_c,mixed,1785177948.8929439,1785177948.89331,1785177949.4148333,1785177950.058465,,,
block1-000963,473.42498030047864,1132.3696912731975,46,152.5,472.3744550719857,1131.3191660447046,1.0505252284929156,block1:s1,gated_rule_c,mixed,1785177948.968935,1785177948.969988,1785177949.442386,1785177950.1013312,,,
block1-000964,315.31340326182544,928.7620162358508,39,10.0,314.62917604949325,928.0777890235186,0.6842272123321891,block1:s1,gated_rule_c,mixed,1785177949.3453913,1785177949.346077,1785177949.6607172,1785177950.2741652,,,
block1-000965,67.33688444364816,5460.919763543643,222,17.5,66.40429294202477,5459.98717204202,0.9325915016233921,block1:zero_tool,gated_rule_c,mixed,1785177949.3523178,1785177949.3532505,1785177949.4196613,1785177954.8132446,,,
block1-000966,76.37957949191332,14968.709624488838,621,15.0,75.54000604432076,14967.870051041245,0.8395734475925565,block1:zero_tool,gated_rule_c,mixed,1785177949.5617595,1785177949.5626018,1785177949.63817,1785177964.5305,,,
block1-000967,75.51459420938045,5815.476183197461,239,22.5,74.76575602777302,5814.727345015854,0.7488381816074252,block1:zero_tool,gated_rule_c,mixed,1785177949.6326504,1785177949.6334026,1785177949.7081993,1785177955.448161,,,
block1-000968,272.48474583029747,954.8305268399417,40,145.0,272.36124593764544,954.7070269472897,0.12349989265203476,block1:s2,gated_rule_c,mixed,1785177949.6797702,1785177949.679894,1785177949.952267,1785177950.6346116,,,
block1-000969,81.71598531771451,2848.67687523365,112,287.5,81.1565020121634,2848.117391928099,0.5594833055511117,block1:zero_tool,gated_rule_c,mixed,1785177949.7823133,1785177949.7828736,1785177949.8640418,1785177952.6310027,,,
block1-000970,114.75572746712714,4581.313811475411,181,12.5,114.57722703926265,4581.135311047547,0.17850042786449194,block1:zero_tool,gated_rule_c,mixed,1785177950.1138475,1785177950.114026,1785177950.2286115,1785177954.695169,,,
block1-000971,74.08585282973945,3228.9350708015263,126,17.5,73.70540697593242,3228.5546249477193,0.3804458538070321,block1:zero_tool,gated_rule_c,mixed,1785177950.1575296,1785177950.1579142,1785177950.2316477,1785177953.3864973,,,
block1-000972,102.69050940405577,3656.5052634105086,141,217.5,102.41817601490766,3656.2329300213605,0.2723333891481161,block1:zero_tool,gated_rule_c,mixed,1785177950.508183,1785177950.5084558,1785177950.6108842,1785177954.1646998,,,
block1-000973,92.67936181277037,3749.24966879189,145,187.5,92.19162398949265,3748.7619309686124,0.48773782327771187,block1:zero_tool,gated_rule_c,mixed,1785177950.5211525,1785177950.5216408,1785177950.6138396,1785177954.2704108,,,
block1-000974,433.22544649709016,1017.6744724158198,38,140.0,432.7633890789002,1017.2124149976298,0.46205741818994284,block1:s2,gated_rule_c,mixed,1785177950.7590678,1785177950.75953,1785177951.192303,1785177951.7767518,,,
block1-000975,240.5060591408983,1021.6143530560657,37,117.5,239.18401706032455,1020.292310975492,1.3220420805737376,block1:s2,gated_rule_c,mixed,1785177950.83617,1785177950.8374944,1785177951.0767007,1785177951.8578088,,,
block1-000976,115.76020368374884,3241.217971779406,125,25.0,114.9206169648096,3240.378385060467,0.8395867189392447,block1:zero_tool,gated_rule_c,mixed,1785177951.0728295,1785177951.07367,1785177951.1886027,1785177954.3140607,,,
block1-000977,94.95754295494407,3283.146293950267,126,60.0,93.99883192963898,3282.187582924962,0.9587110253050923,block1:zero_tool,gated_rule_c,mixed,1785177951.096667,1785177951.0976274,1785177951.1916435,1785177954.3798327,,,
block1-000978,420.893706032075,1211.148911039345,41,217.5,420.33656500279903,1210.591770010069,0.5571410292759538,block1:s3,gated_rule_c,mixed,1785177951.163948,1785177951.164506,1785177951.5849276,1785177952.3751826,,,
block1-000979,331.72773546539247,1188.825119403191,41,287.5,331.5329300239682,1188.6303139617667,0.1948054414242506,block1:s3,gated_rule_c,mixed,1785177951.4865508,1785177951.4867463,1785177951.818392,1785177952.675489,,,
block1-000980,578.7968393415213,1338.7713533593342,48,60.0,577.3299100110307,1337.3044240288436,1.4669293304905295,block1:s3,gated_rule_c,mixed,1785177951.718229,1785177951.719696,1785177952.2970376,1785177953.0570126,,,
block1-000981,468.2876393198967,1235.4337272699922,44,412.5,467.54032000899315,1234.6864079590887,0.7473193109035492,block1:s3,gated_rule_c,mixed,1785177951.790722,1785177951.7914696,1785177952.259021,1785177953.0261672,,,
block1-000982,90.36291693337262,3800.5444199079648,157,20.0,89.41743499599397,3799.598937970586,0.9454819373786449,block1:zero_tool,gated_rule_c,mixed,1785177951.802444,1785177951.80339,1785177951.8928163,1785177955.602998,,,
block1-000983,533.3568990463391,1286.6741960169747,48,170.0,532.1946809999645,1285.5119779706001,1.162218046374619,block1:s3,gated_rule_c,mixed,1785177951.9467986,1785177951.947965,1785177952.4801908,1785177953.233508,,,
block1-000984,78.17864383105189,3819.750447757542,160,160.0,77.67831301316619,3819.2501169396564,0.5003308178856969,block1:zero_tool,gated_rule_c,mixed,1785177952.0478346,1785177952.048336,1785177952.1260278,1785177955.8675985,,,
block1-000985,507.7017539879307,1315.4792189598083,48,10.0,507.0288790157065,1314.8063439875841,0.6728749722242355,block1:s4,gated_rule_c,mixed,1785177952.1604261,1785177952.1610997,1785177952.6681414,1785177953.4759185,,,
block1-000986,471.39272338245064,1287.3812624020502,48,572.5,470.43723601382226,1286.4257750334218,0.9554873686283827,block1:s4,gated_rule_c,mixed,1785177952.2307982,1785177952.2317548,1785177952.7022033,1785177953.518191,,,
block1-000987,73.34713370073587,3305.9489397564903,139,17.5,72.33824697323143,3304.940053028986,1.0088867275044322,block1:zero_tool,gated_rule_c,mixed,1785177952.6019979,1785177952.603009,1785177952.6753676,1785177955.9079697,,,
block1-000988,461.97679452598095,1332.5837415177375,48,95.0,460.81585192587227,1331.4227989176288,1.160942600108683,block1:s4,gated_rule_c,mixed,1785177952.657226,1785177952.6583872,1785177953.1192126,1785177953.9898193,,,
block1-000989,73.36057093925774,3117.931429995224,131,85.0,72.49002694152296,3117.060885997489,0.8705439977347851,block1:zero_tool,gated_rule_c,mixed,1785177952.9603438,1785177952.961218,1785177953.033734,1785177956.078305,,,
block1-000990,521.3855386245996,1351.7083516344428,48,172.5,520.3612360637635,1350.6840490736067,1.0243025608360767,block1:s4,gated_rule_c,mixed,1785177953.1244576,1785177953.125482,1785177953.6459486,1785177954.476272,,,
block1-000991,541.9053335208446,1331.60451753065,48,322.5,540.9944800194353,1330.6936640292406,0.9108535014092922,block1:s4,gated_rule_c,mixed,1785177953.1496453,1785177953.150556,1785177953.6915588,1785177954.4812567,,,
block1-000992,440.25504775345325,1127.465307712555,43,322.5,439.08310506958514,1126.2933650286868,1.1719426838681102,block1:s1,gated_rule_c,mixed,1785177953.3539002,1785177953.3550735,1785177953.794168,1785177954.4813783,,,
block1-000993,126.10642320942134,1570.9324271883816,65,12.5,125.4153469344601,1570.2413509134203,0.6910762749612331,block1:s1,gated_rule_c,mixed,1785177953.6234057,1785177953.624097,1785177953.749522,1785177955.1943483,,,
block1-000994,391.2651868304238,940.077617764473,36,105.0,390.34126105252653,939.1536919865757,0.9239257778972387,block1:s1,gated_rule_c,mixed,1785177953.6423838,1785177953.6433077,1785177954.0336561,1785177954.5824683,,,
block1-000995,147.60872209444642,1762.6585161779076,75,287.5,146.9053019536659,1761.955096037127,0.7034201407805085,block1:s1,gated_rule_c,mixed,1785177953.6463618,1785177953.6470654,1785177953.793977,1785177955.4090273,,,
block1-000996,403.6343670450151,953.164687147364,36,17.5,402.5282529182732,952.0585730206221,1.1061141267418861,block1:s1,gated_rule_c,mixed,1785177953.6508567,1785177953.6519632,1785177954.0544987,1785177954.60403,,,
block1-000997,291.2252021487802,859.501849161461,34,170.0,290.1075839763507,858.3842309890315,1.117618172429502,block1:s1,gated_rule_c,mixed,1785177953.8307085,1785177953.8318267,1785177954.1219437,1785177954.6902208,,,
block1-000998,392.48954271897674,1014.6357368212193,43,145.0,391.54645788948983,1013.6926519917324,0.9430848294869065,block1:s1,gated_rule_c,mixed,1785177954.2974489,1785177954.2983947,1785177954.6899598,1785177955.3121068,,,
block1-000999,286.4012031350285,793.8461831072345,33,22.5,285.40032799355686,792.8453079657629,1.0008751414716244,block1:s1,gated_rule_c,mixed,1785177954.358786,1785177954.359787,1785177954.6451952,1785177955.1526403,,,
block1-001000,298.0849201558158,803.0245720874518,34,550.0,297.7894590003416,802.7291109319776,0.29546115547418594,block1:s2,gated_rule_c,mixed,1785177954.3914866,1785177954.391782,1785177954.689583,1785177955.1945217,,,
block1-001001,67.74336914531887,2326.5292580472305,94,545.0,65.91887108515948,2324.704759987071,1.8244980601593852,block1:zero_tool,gated_rule_c,mixed,1785177954.4132447,1785177954.4150696,1785177954.480999,1785177956.7397847,,,
block1-001002,73.0240314733237,3633.604999515228,152,545.0,71.88275596126914,3632.4637240031734,1.1412755120545626,block1:zero_tool,gated_rule_c,mixed,1785177954.6219206,1785177954.6230621,1785177954.695057,1785177958.2556376,,,
block1-001003,342.15440484695137,996.4285829337314,43,92.5,341.46413393318653,995.7383120199665,0.6902709137648344,block1:s2,gated_rule_c,mixed,1785177954.9287252,1785177954.9294176,1785177955.2709014,1785177955.9251757,,,
block1-001004,95.52994789555669,3580.9068139642477,146,15.0,94.79935897979885,3580.17622504849,0.7305889157578349,block1:zero_tool,gated_rule_c,mixed,1785177954.951596,1785177954.952328,1785177955.0471413,1785177958.5325167,,,
block1-001005,432.71304143127054,1172.5556234596297,49,17.5,432.18585499562323,1172.0284370239824,0.5271864356473088,block1:s2,gated_rule_c,mixed,1785177955.05379,1785177955.0543175,1785177955.4865148,1785177956.2263575,,,
block1-001006,391.13940636161715,1168.1188163347542,38,17.5,390.7045159721747,1167.6839259453118,0.43489038944244385,block1:s2,gated_rule_c,mixed,1785177955.57133,1785177955.571768,1785177955.9625,1785177956.7394788,,,
block1-001007,242.57093202322721,1117.5924070412293,37,15.0,242.39286791998893,1117.414342937991,0.1780641032382846,block1:s2,gated_rule_c,mixed,1785177955.7995656,1785177955.799744,1785177956.0421476,1785177956.9171689,,,
block1-001008,641.6917968308553,1326.8992548109964,48,47.5,641.3579330546781,1326.5653910348192,0.3338637761771679,block1:s3,gated_rule_c,mixed,1785177955.9624271,1785177955.9627612,1785177956.6041312,1785177957.2893388,,,
block1-001009,93.64679898135364,3100.80534289591,126,155.0,92.79234998393804,3099.9508938984945,0.8544489974156022,block1:zero_tool,gated_rule_c,mixed,1785177955.9852376,1785177955.9860923,1785177956.0788944,1785177959.0860534,,,
block1-001010,650.3477013902739,1278.474191436544,48,307.5,649.9289369676262,1278.0554270138964,0.418764422647655,block1:s3,gated_rule_c,mixed,1785177956.0886092,1785177956.0890281,1785177956.7389662,1785177957.3670986,,,
block1-001011,443.01537913270295,1106.6927931969985,39,20.0,442.6301639759913,1106.307578040287,0.385215156711638,block1:s3,gated_rule_c,mixed,1785177956.1050732,1785177956.1054587,1785177956.548096,1785177957.2117736,,,
block1-001012,647.4484701175243,1274.4319412158802,48,177.5,647.2428089473397,1274.2262800456956,0.20566117018461227,block1:s3,gated_rule_c,mixed,1785177956.1310358,1785177956.1312423,1785177956.7784963,1785177957.4054797,,,
block1-001013,536.4418943645433,1157.792299403809,48,12.5,534.5525239827111,1155.902929021977,1.8893703818321228,block1:s3,gated_rule_c,mixed,1785177956.3616908,1785177956.363581,1785177956.8981445,1785177957.5194948,,,
block1-001014,589.7447431925684,1057.1828052634373,43,170.0,589.019272942096,1056.457335012965,0.7254702504724264,block1:s3,gated_rule_c,mixed,1785177956.3856611,1785177956.386388,1785177956.9754245,1785177957.442862,,,
block1-001015,472.29491523467004,1092.991459183395,48,20.0,470.7308830693364,1091.4274270180613,1.5640321653336287,block1:s3,gated_rule_c,mixed,1785177956.503292,1785177956.5048625,1785177956.9756513,1785177957.5963478,,,
block1-001016,470.2555154217407,1113.8848414411768,48,545.0,468.628684990108,1112.2580110095441,1.6268304316326976,block1:s4,gated_rule_c,mixed,1785177956.5244424,1785177956.5260692,1785177956.9947054,1785177957.6383352,,,
block1-001017,529.4097965816036,1319.1951665794477,49,152.5,527.4308749940246,1317.2162449918687,1.9789215875789523,block1:s4,gated_rule_c,mixed,1785177957.5688424,1785177957.5708232,1785177958.098273,1785177958.888058,,,
block1-001018,93.01454573869705,4147.446928778663,170,115.0,92.13415894191712,4146.566541981883,0.8803867967799306,block1:zero_tool,gated_rule_c,mixed,1785177957.57991,1785177957.580791,1785177957.672937,1785177961.72737,,,
block1-001019,516.847702790983,1268.7382517615333,48,550.0,516.568452003412,1268.4590009739622,0.2792507875710726,block1:s4,gated_rule_c,mixed,1785177957.6991594,1785177957.6994388,1785177958.2160163,1785177958.967908,,,
block1-001020,576.2603422626853,1230.1272762706503,48,282.5,575.299286050722,1229.166220058687,0.9610562119632959,block1:s4,gated_rule_c,mixed,1785177957.8752444,1785177957.876206,1785177958.4516397,1785177959.1055064,,,
block1-001021,569.2915562540293,1223.0711103184149,48,107.5,568.5791609575972,1222.3587150219828,0.7123952964320779,block1:s4,gated_rule_c,mixed,1785177957.902219,1785177957.9029326,1785177958.4715238,1785177959.1253035,,,
block1-001022,132.10980908479542,5183.4127510664985,212,15.0,131.40764902345836,5182.710591005161,0.7021600613370538,block1:zero_tool,gated_rule_c,mixed,1785177957.9291456,1785177957.9298487,1785177958.0612686,1785177963.112572,,,
block1-001023,519.27283720579,1276.6023292206228,48,12.5,518.4828490018845,1275.8123410167173,0.7899882039055228,block1:s4,gated_rule_c,mixed,1785177958.136683,1785177958.137474,1785177958.6559732,1785177959.413303,,,
block1-001024,420.26726459152997,1034.1079485369846,43,12.5,419.094625976868,1032.9353099223226,1.1726386146619916,block1:s1,gated_rule_c,mixed,1785177958.150651,1785177958.1518261,1785177958.5709417,1785177959.1847827,,,
block1-001025,142.43421633727849,4501.653047278523,186,85.0,141.95522002410144,4501.174050965346,0.47899631317704916,block1:zero_tool,gated_rule_c,mixed,1785177958.1680038,1785177958.1684835,1785177958.3104498,1785177962.6696687,,,
block1-001026,443.264645175077,1138.241105247289,44,60.0,442.33520794659853,1137.3116680188105,0.9294372284784913,block1:s1,gated_rule_c,mixed,1785177958.2120693,1785177958.2129996,1785177958.655347,1785177959.3503232,,,
block1-001027,145.68878570571542,3928.9932646788657,165,115.0,144.0088589442894,3927.3133379174396,1.6799267614260316,block1:zero_tool,gated_rule_c,mixed,1785177958.2511263,1785177958.2528071,1785177958.3968294,1785177962.1801338,,,
block1-001028,302.7253672480583,1017.2699302202091,42,15.0,302.09389701485634,1016.6384599870071,0.6314702332019806,block1:s1,gated_rule_c,mixed,1785177958.5646496,1785177958.5652814,1785177958.8673847,1785177959.5819287,,,
block1-001029,78.20001640357077,7459.311774466187,312,12.5,77.92406890075654,7459.0358269633725,0.2759475028142333,block1:zero_tool,gated_rule_c,mixed,1785177958.6214478,1785177958.621724,1785177958.6996548,1785177966.0807672,,,
block1-001030,65.75448985677212,3883.2686418900266,163,17.5,64.61570993997157,3882.129861973226,1.1387799168005586,block1:zero_tool,gated_rule_c,mixed,1785177958.7014139,1785177958.702555,1785177958.7671907,1785177962.5847044,,,
block1-001031,104.8189855646342,3571.176257566549,145,12.5,104.38336804509163,3570.7406400470063,0.4356175195425749,block1:zero_tool,gated_rule_c,mixed,1785177959.1579323,1785177959.1583686,1785177959.2627635,1785177962.7291203,,,
block1-001032,116.58197350334376,9129.213607520796,382,117.5,116.06017895974219,9128.691812977195,0.5217945436015725,block1:zero_tool,gated_rule_c,mixed,1785177959.1986542,1785177959.199176,1785177959.3152468,1785177968.3278797,,,
block1-001033,151.2808792758733,1689.0903732273728,67,70.0,150.1611830899492,1687.9706770414487,1.1196961859241128,block1:s2,gated_rule_c,mixed,1785177959.2377048,1785177959.2388263,1785177959.3890097,1785177960.9268196,,,
block1-001034,360.21797242574394,838.2879794808105,37,12.5,359.1454289853573,837.2154360404238,1.072543440386653,block1:s2,gated_rule_c,mixed,1785177959.3010492,1785177959.3021219,1785177959.6612794,1785177960.1393492,,,
block1-001035,65.44361310079694,3461.0242061316967,145,12.5,64.40284999553114,3459.983443026431,1.0407631052657962,block1:zero_tool,gated_rule_c,mixed,1785177959.3901067,1785177959.3911476,1785177959.4555624,1785177962.8511431,,,
block1-001036,61.25309504568577,3678.6861380096525,151,20.0,60.26745308190584,3677.7004960458726,0.9856419637799263,block1:zero_tool,gated_rule_c,mixed,1785177959.480526,1785177959.4815142,1785177959.5418043,1785177963.1592374,,,
block1-001037,60.845782863907516,3408.679958898574,140,357.5,60.36878295708448,3408.202958991751,0.47699990682303905,block1:zero_tool,gated_rule_c,mixed,1785177959.6619828,1785177959.6624599,1785177959.7228405,1785177963.0706751,,,
block1-001038,95.55165423080325,1672.6342182373628,65,217.5,94.5826550014317,1671.6652190079913,0.9689992293715477,block1:s2,gated_rule_c,mixed,1785177960.1387012,1785177960.1396732,1785177960.2342825,1785177961.8113651,,,
block1-001039,298.37197775486857,884.5345757436007,31,140.0,297.6830949774012,883.8456929661334,0.68888277746737,block1:s2,gated_rule_c,mixed,1785177960.226362,1785177960.2270586,1785177960.5247843,1785177961.1109457,,,
block1-001040,338.799970690161,926.1636777082458,32,92.5,336.7420749273151,924.1057819453999,2.057895762845874,block1:s3,gated_rule_c,mixed,1785177960.2484627,1785177960.250521,1785177960.5872757,1785177961.174639,,,
block1-001041,509.15671221446246,1270.7237493013963,48,60.0,508.63802002277225,1270.205057109706,0.5186921916902065,block1:s3,gated_rule_c,mixed,1785177960.3085375,1785177960.3090563,1785177960.8177044,1785177961.579271,,,
block1-001042,482.31079790275544,1203.5912049468607,48,15.0,481.49865097366273,1202.779058017768,0.8121469290927052,block1:s3,gated_rule_c,mixed,1785177960.6285224,1785177960.6293347,1785177961.1108437,1785177961.8321233,,,
block1-001043,90.19360679667443,4414.672742830589,184,395.0,88.29471992794424,4412.773855961859,1.8988868687301874,block1:zero_tool,gated_rule_c,mixed,1785177960.6826422,1785177960.684543,1785177960.7728543,1785177965.0973327,,,
block1-001044,73.97301506716758,4111.957522109151,170,412.5,72.99444195814431,4110.978949000128,0.978573109023273,block1:zero_tool,gated_rule_c,mixed,1785177960.7882524,1785177960.7892313,1785177960.8622406,1785177964.900225,,,
block1-001045,411.18779976386577,1063.294441672042,43,172.5,410.0962650263682,1062.2029069345444,1.0915347374975681,block1:s3,gated_rule_c,mixed,1785177960.9361477,1785177960.9372394,1785177961.3474426,1785177961.99955,,,
block1-001046,62.16803228016943,4274.048225255683,180,280.0,61.575132072903216,4273.455325048417,0.5929002072662115,block1:zero_tool,gated_rule_c,mixed,1785177961.177417,1785177961.1780102,1785177961.2395952,1785177965.451475,,,
block1-001047,76.95529609918594,3978.068702155724,165,60.0,76.4281089650467,3977.541515021585,0.5271871341392398,block1:zero_tool,gated_rule_c,mixed,1785177961.2741966,1785177961.2747238,1785177961.3511627,1785177965.252276,,,
block1-001048,448.7421247176826,1220.997337717563,48,10.0,447.08462501876056,1219.3398380186409,1.657499698922038,block1:s4,gated_rule_c,mixed,1785177961.321941,1785177961.3235986,1785177961.7706935,1785177962.5429482,,,
block1-001049,507.11740169208497,1340.5730127124116,48,172.5,506.8979839561507,1340.3535949764773,0.2194177359342575,block1:s4,gated_rule_c,mixed,1785177962.0146918,1785177962.0149112,1785177962.5218198,1785177963.3552756,,,
block1-001050,512.3699728865176,1344.922591932118,49,17.5,511.90106000285596,1344.4536790484563,0.4689128836616874,block1:s4,gated_rule_c,mixed,1785177962.251205,1785177962.251676,1785177962.763595,1785177963.5961483,,,
block1-001051,486.031832289882,1361.7257762234658,48,10.0,485.47830106690526,1361.172245000489,0.5535312229767442,block1:s4,gated_rule_c,mixed,1785177962.3652217,1785177962.3657777,1785177962.851302,1785177963.7269962,,,
block1-001052,496.4710031636059,1324.4886341271922,48,322.5,496.3006920879707,1324.318323051557,0.17031107563525438,block1:s4,gated_rule_c,mixed,1785177962.5748808,1785177962.5750513,1785177963.0713608,1785177963.8993785,,,
block1-001053,532.5992495054379,1300.250948406756,48,820.0,532.4327710550278,1300.0844699563459,0.16647845041006804,block1:s4,gated_rule_c,mixed,1785177962.8622806,1785177962.862447,1785177963.3948886,1785177964.1625402,,,
block1-001054,512.6210669986904,1281.8293840391561,48,17.5,512.42896693293,1281.6372839733958,0.19210006576031446,block1:s4,gated_rule_c,mixed,1785177962.9624326,1785177962.9626262,1785177963.4750674,1785177964.2442756,,,
block1-001055,521.9896142370999,1290.970151196234,48,15.0,521.694669034332,1290.675205993466,0.29494520276784897,block1:s4,gated_rule_c,mixed,1785177962.9731665,1785177962.9734614,1785177963.4951634,1785177964.2641444,,,
block1-001056,374.71740832552314,1103.7020883522928,43,135.0,373.50758898537606,1102.4922690121457,1.209819340147078,block1:s1,gated_rule_c,mixed,1785177963.1003778,1785177963.1015892,1785177963.475113,1785177964.204098,,,
block1-001057,109.1810226207599,1715.7187595730647,71,47.5,108.50451304577291,1715.0422499980778,0.6765095749869943,block1:s1,gated_rule_c,mixed,1785177963.124737,1785177963.1254141,1785177963.233964,1785177964.8405023,,,
block1-001058,111.6343445610255,3749.0840984974056,163,357.5,111.0295009566471,3748.4792548930272,0.6048436043784022,block1:zero_tool,gated_rule_c,mixed,1785177963.5297318,1785177963.5303369,1785177963.6413786,1785177967.2788284,,,
block1-001059,126.08891190029681,1747.3395719425753,73,135.0,125.28568902052939,1746.5363490628079,0.8032228797674179,block1:s1,gated_rule_c,mixed,1785177963.5664196,1785177963.5672247,1785177963.6925256,1785177965.313776,,,
block1-001060,401.8827879335731,974.7784208739176,39,357.5,401.13447699695826,974.0301099373028,0.748310936614871,block1:s1,gated_rule_c,mixed,1785177963.5926328,1785177963.593384,1785177963.9945426,1785177964.5674376,,,
block1-001061,117.99312196671963,1580.4094390477985,68,115.0,117.08813603036106,1579.50445311144,0.904985936358571,block1:s1,gated_rule_c,mixed,1785177963.7550085,1785177963.7559135,1785177963.8730106,1785177965.3354275,,,
block1-001062,296.68613395188004,943.8554069492966,40,115.0,295.96861999016255,943.1378929875791,0.7175139617174864,block1:s1,gated_rule_c,mixed,1785177963.7817843,1785177963.7825024,1785177964.0784812,1785177964.7256508,,,
block1-001063,85.54811798967421,1384.3801190378144,60,17.5,85.36559098865837,1384.1975920367986,0.18252700101584196,block1:s1,gated_rule_c,mixed,1785177963.8674781,1785177963.8676617,1785177963.9532068,1785177965.2520385,,,
block1-001064,279.25268292892724,824.665256892331,34,145.0,279.13023298606277,824.5428069494665,0.12244994286447763,block1:s2,gated_rule_c,mixed,1785177964.4064786,1785177964.4066017,1785177964.6857438,1785177965.2311566,,,
block1-001065,63.362330314703286,2953.9699563756585,128,155.0,62.566988985054195,2953.1746150460094,0.7953413296490908,block1:zero_tool,gated_rule_c,mixed,1785177964.5105338,1785177964.51133,1785177964.5739093,1785177967.4645193,,,
block1-001066,369.666556478478,882.7259055105969,37,820.0,368.9035800052807,881.9629290373996,0.762976473197341,block1:s2,gated_rule_c,mixed,1785177964.5688977,1785177964.5696607,1785177964.9386213,1785177965.4516804,,,
block1-001067,346.7127657495439,1076.9285666756332,43,15.0,345.72893800213933,1075.9447389282286,0.9838277474045753,block1:s2,gated_rule_c,mixed,1785177964.6911256,1785177964.6921098,1785177965.0378478,1785177965.768064,,,
block1-001068,314.69092692714185,898.5489179613069,36,60.0,314.18722204398364,898.0452130781487,0.5037048831582069,block1:s2,gated_rule_c,mixed,1785177965.0981975,1785177965.098701,1785177965.4128973,1785177965.996755,,,
block1-001069,390.87577431928366,1140.362826292403,45,15.0,389.48948099277914,1138.9765329658985,1.3862933265045285,block1:s2,gated_rule_c,mixed,1785177965.2491426,1785177965.2505298,1785177965.6400332,1785177966.38952,,,
block1-001070,391.5431856876239,968.7533896649256,36,17.5,391.2729079602286,968.4831119375303,0.2702777273952961,block1:s2,gated_rule_c,mixed,1785177965.4789925,1785177965.479263,1785177965.8705554,1785177966.4477654,,,
block1-001071,286.7933897068724,986.0974927432835,37,105.0,286.52201499789953,985.8261180343106,0.2713747089728713,block1:s2,gated_rule_c,mixed,1785177965.4808054,1785177965.4810767,1785177965.7676065,1785177966.4669096,,,
block1-001072,487.5435894355178,1137.2527313651517,48,12.5,487.09211905952543,1136.8012609891593,0.45147037599235773,block1:s3,gated_rule_c,mixed,1785177965.6696007,1785177965.6700542,1785177966.1571646,1785177966.8068733,,,
block1-001073,497.9375365655869,1141.0696125822142,48,10.0,497.3723600851372,1140.5044361017644,0.5651764804497361,block1:s3,gated_rule_c,mixed,1785177965.9293084,1785177965.9298744,1785177966.4272568,1785177967.070389,,,
block1-001074,462.33231911901385,1012.3329941416159,41,12.5,461.84020792134106,1011.8408829439431,0.49211119767278433,block1:s3,gated_rule_c,mixed,1785177965.945642,1785177965.9461365,1785177966.4079885,1785177966.9579897,,,
block1-001075,282.89566189050674,923.7992109265178,41,10.0,282.33577590435743,923.2393249403685,0.5598859861493111,block1:s3,gated_rule_c,mixed,1785177966.2213283,1785177966.2218883,1785177966.5042353,1785177967.145139,,,
block1-001076,405.96407605335116,1321.8489510472864,48,10.0,405.05215304438025,1320.9370280383155,0.9119230089709163,block1:s3,gated_rule_c,mixed,1785177966.7939026,1785177966.7948158,1785177967.19988,1785177968.115764,,,
block1-001077,503.5679873544723,1343.6597334221005,46,117.5,502.26352096069604,1342.3552670283243,1.304466393776238,block1:s3,gated_rule_c,mixed,1785177967.1910071,1785177967.1923132,1785177967.6945934,1785177968.5346854,,,
block1-001078,628.8731750100851,1228.0212820041925,43,110.0,626.869686995633,1226.0177939897403,2.0034880144521594,block1:s3,gated_rule_c,mixed,1785177967.258607,1785177967.2606122,1785177967.8874972,1785177968.4866457,,,
block1-001079,571.0701057687402,1335.0073327310383,48,110.0,570.2376740518957,1334.174901014194,0.8324317168444395,block1:s3,gated_rule_c,mixed,1785177967.4496088,1785177967.4504433,1785177968.0207033,1785177968.7846406,,,
block1-001080,88.9453322160989,5357.414279249497,193,17.5,88.65502593107522,5357.123972964473,0.29030628502368927,block1:zero_tool,gated_rule_c,mixed,1785177967.4901986,1785177967.4904892,1785177967.5791538,1785177972.8476226,,,
block1-001081,550.0862047774717,1321.2223157752305,48,50.0,549.3161199847236,1320.4522309824824,0.7700847927480936,block1:s4,gated_rule_c,mixed,1785177967.6081705,1785177967.608942,1785177968.1582773,1785177968.9294133,,,
block1-001082,555.4555074777454,1352.4005664512515,48,572.5,555.0750260008499,1352.020084974356,0.38048147689551115,block1:s4,gated_rule_c,mixed,1785177967.6220183,1785177967.6223993,1785177968.177485,1785177968.9744298,,,
block1-001083,109.89365633577108,4331.657696398906,151,572.5,109.50229899026453,4331.2663390534,0.3913573455065489,block1:zero_tool,gated_rule_c,mixed,1785177967.626872,1785177967.6272638,1785177967.7367978,1785177971.9585614,,,
block1-001084,492.2046026913449,1261.8643956957385,48,132.5,491.0802280064672,1260.7400210108608,1.1243746848776937,block1:s4,gated_rule_c,mixed,1785177967.7548842,1785177967.7560086,1785177968.247099,1785177969.0167587,,,
block1-001085,462.36741764005274,1256.1551396502182,48,172.5,460.4130629450083,1254.2007849551737,1.954354695044458,block1:s4,gated_rule_c,mixed,1785177967.8450692,1785177967.8470273,1785177968.30747,1785177969.1012578,,,
block1-001086,97.64005441684276,4384.225450456142,159,155.0,96.70022001955658,4383.285616058856,0.9398343972861767,block1:zero_tool,gated_rule_c,mixed,1785177967.8853605,1785177967.886302,1785177967.9830475,1785177972.269632,,,
block1-001087,101.90138930920511,3923.1777352979407,138,92.5,100.6026059621945,3921.87895195093,1.2987833470106125,block1:zero_tool,gated_rule_c,mixed,1785177968.0137403,1785177968.0150416,1785177968.1156657,1785177971.9369416,,,
block1-001088,58.21675492916256,6980.828177998774,261,17.5,57.66989092808217,6980.281313997693,0.5468640010803938,block1:zero_tool,gated_rule_c,mixed,1785177968.060125,1785177968.0606728,1785177968.1183531,1785177975.0409653,,,
block1-001089,76.25034998636693,1594.655476976186,58,107.5,75.52819594275206,1593.9333229325712,0.7221540436148643,block1:s1,gated_rule_c,mixed,1785177968.1521897,1785177968.1529126,1785177968.2284517,1785177969.7468572,,,
block1-001090,447.7603177074343,1186.508533777669,44,10.0,446.2112139444798,1184.9594300147146,1.5491037629544735,block1:s1,gated_rule_c,mixed,1785177968.3160985,1785177968.3176477,1785177968.7638705,1785177969.5026183,,,
block1-001091,108.41018776409328,9385.531727806665,365,17.5,108.14853897318244,9385.270079015754,0.26164879091084003,block1:zero_tool,gated_rule_c,mixed,1785177968.3302388,1785177968.3305006,1785177968.4386585,1785177977.715781,,,
block1-001092,109.85993396025151,3951.621792977676,141,412.5,109.07966806553304,3950.8415270829573,0.7802658947184682,block1:zero_tool,gated_rule_c,mixed,1785177968.3575778,1785177968.3583589,1785177968.4674501,1785177972.3092117,,,
block1-001093,78.10752396471798,1863.331200904213,62,92.5,77.76138500776142,1862.9850619472563,0.3461389569565654,block1:s1,gated_rule_c,mixed,1785177968.460998,1785177968.461348,1785177968.5391495,1785177970.3243728,,,
block1-001094,96.12454241141677,4729.980457457714,170,350.0,95.599798951298,4729.455713997595,0.5247434601187706,block1:zero_tool,gated_rule_c,mixed,1785177968.5595636,1785177968.5600889,1785177968.6557007,1785177973.2895567,,,
block1-001095,93.03806920070201,2269.7596001671627,68,572.5,91.80265292525291,2268.5241838917136,1.2354162754490972,block1:s1,gated_rule_c,mixed,1785177968.5667238,1785177968.5679593,1785177968.6597688,1785177970.8364913,,,
block1-001096,104.25552993547171,6401.927956962027,237,22.5,103.42350404243916,6401.095931068994,0.8320258930325508,block1:zero_tool,gated_rule_c,mixed,1785177968.8700464,1785177968.870879,1785177968.974314,1785177975.271986,,,
block1-001097,428.2443019328639,1285.7546139275655,38,545.0,427.51652805600315,1285.0268400507048,0.7277738768607378,block1:s2,gated_rule_c,mixed,1785177968.886164,1785177968.8868933,1785177969.314427,1785177970.1719365,,,
block1-001098,102.31679980643094,2166.233478812501,64,172.5,102.07363392692059,2165.9903129329905,0.24316587951034307,block1:s2,gated_rule_c,mixed,1785177969.0397687,1785177969.0400126,1785177969.1422534,1785177971.2061698,,,
block1-001099,378.95815644878894,1503.759219427593,43,117.5,378.3696190221235,1503.1706820009276,0.5885374266654253,block1:s2,gated_rule_c,mixed,1785177969.0625517,1785177969.0631409,1785177969.4415212,1785177970.5663223,,,
block1-001100,126.43668439704925,4245.524002471939,149,132.5,125.38787396624684,4244.475192041136,1.0488104308024049,block1:zero_tool,gated_rule_c,mixed,1785177969.0638163,1785177969.0648654,1785177969.1902592,1785177973.309346,,,
block1-001101,391.62444742396474,1550.4445404512808,44,17.5,391.19868795387447,1550.0187809811905,0.42575947009027004,block1:s2,gated_rule_c,mixed,1785177969.0748982,1785177969.0753243,1785177969.4665315,1785177970.625352,,,
block1-001102,654.1547131491825,1547.0197001704946,38,70.0,652.8962859883904,1545.7612730097026,1.2584271607920527,block1:s2,gated_rule_c,mixed,1785177969.438137,1785177969.4393988,1785177970.0923264,1785177970.9851923,,,
block1-001103,643.7874233815819,1536.8880704045296,37,132.5,643.5314540285617,1536.6321010515094,0.2559693530201912,block1:s2,gated_rule_c,mixed,1785177969.4484835,1785177969.4487402,1785177970.092285,1785177970.985385,,,
block1-001104,721.4137347182259,1766.680799657479,48,155.0,720.8884670399129,1766.155531979166,0.5252676783129573,block1:s3,gated_rule_c,mixed,1785177969.522542,1785177969.5230675,1785177970.2439647,1785177971.289231,,,
block1-001105,485.27398228179663,1543.246997287497,39,17.5,485.01205793581903,1542.9850729415193,0.2619243459776044,block1:s3,gated_rule_c,mixed,1785177969.5295846,1785177969.5298467,1785177970.014865,1785177971.0728385,,,
block1-001106,600.2364249434322,1437.4473079806194,38,485.0,599.683879991062,1436.8947630282491,0.5525449523702264,block1:s3,gated_rule_c,mixed,1785177969.6799889,1785177969.680544,1785177970.2802486,1785177971.1174605,,,
block1-001107,705.0329007906839,1696.4422698365524,48,95.0,704.4176709605381,1695.8270400064066,0.6152298301458359,block1:s3,gated_rule_c,mixed,1785177969.695725,1785177969.6963413,1785177970.4007747,1785177971.392184,,,
block1-001108,119.45593287236989,3638.5481188772246,130,60.0,118.88681899290532,3637.97900499776,0.5691138794645667,block1:zero_tool,gated_rule_c,mixed,1785177969.7137516,1785177969.714321,1785177969.8332186,1785177973.35231,,,
block1-001109,639.8747620405629,1582.148953108117,46,357.5,638.8665050035343,1581.1406960710883,1.0082570370286703,block1:s3,gated_rule_c,mixed,1785177969.8725424,1785177969.8735542,1785177970.5124524,1785177971.4547262,,,
block1-001110,684.1331806499511,1559.494098648429,46,320.0,683.0234859371558,1558.3844039356336,1.1096947127953172,block1:s3,gated_rule_c,mixed,1785177969.9413028,1785177969.9424136,1785177970.6256132,1785177971.5009747,,,
block1-001111,485.66532833501697,1484.6164212794974,43,105.0,485.03216600511223,1483.9832589495927,0.6331623299047351,block1:s3,gated_rule_c,mixed,1785177969.969573,1785177969.9702067,1785177970.455258,1785177971.454209,,,
block1-001112,132.72870890796185,4139.6760498173535,153,70.0,132.18838709872216,4139.135728008114,0.5403218092396855,block1:zero_tool,gated_rule_c,mixed,1785177970.0176482,1785177970.0181885,1785177970.150386,1785177974.157333,,,
block1-001113,767.8220665547997,1530.331490561366,48,297.5,765.4935049358755,1528.002928942442,2.328561618924141,block1:s4,gated_rule_c,mixed,1785177970.167482,1785177970.1698112,1785177970.9353185,1785177971.6978273,,,
block1-001114,766.6820023441687,1525.5430983379483,48,110.0,766.2199960323051,1525.0810920260847,0.4620063118636608,block1:s4,gated_rule_c,mixed,1785177970.1940033,1785177970.1944673,1785177970.9607017,1785177971.7195623,,,
block1-001115,691.5168904233724,1448.6325384350494,48,152.5,691.0851090215147,1448.2007570331916,0.4317814018577337,block1:s4,gated_rule_c,mixed,1785177970.4040496,1785177970.4044838,1785177971.0955896,1785177971.852705,,,
block1-001116,701.3304039137438,1456.5033429535106,48,12.5,700.9991799714044,1456.1721190111712,0.3312239423394203,block1:s4,gated_rule_c,mixed,1785177970.4162142,1785177970.4165463,1785177971.1175544,1785177971.8727274,,,
block1-001117,652.2098900750279,1409.290068084374,48,297.5,651.3587220106274,1408.4389000199735,0.8511680644005537,block1:s4,gated_rule_c,mixed,1785177970.508064,1785177970.5089157,1785177971.1602848,1785177971.917365,,,
block1-001118,621.3870646897703,1378.3055827952921,48,395.0,620.9139779675752,1377.832496073097,0.47308672219514847,block1:s4,gated_rule_c,mixed,1785177970.5391865,1785177970.5396597,1785177971.160581,1785177971.9174995,,,
block1-001119,591.1801316542551,1348.1481686467305,48,320.0,591.0294040804729,1347.9974410729483,0.15072757378220558,block1:s4,gated_rule_c,mixed,1785177970.569646,1785177970.5697966,1785177971.1608346,1785177971.9178028,,,
block1-001120,462.4470421113074,1177.3693060968071,43,545.0,461.9950440246612,1176.917308010161,0.4519980866461992,block1:s1,gated_rule_c,mixed,1785177970.6755252,1785177970.6759777,1785177971.137983,1785177971.8529055,,,
block1-001121,142.92654278688133,1724.6302177663893,71,140.0,142.14151806663722,1723.8451930461451,0.7850247202441096,block1:s1,gated_rule_c,mixed,1785177970.7283628,1785177970.7291496,1785177970.8713083,1785177972.4530118,,,
block1-001122,324.19049949385226,972.4159004399553,40,132.5,322.9673010064289,971.1927019525319,1.2231984874233603,block1:s1,gated_rule_c,mixed,1785177971.2151484,1785177971.2163718,1785177971.539347,1785177972.1875725,,,
block1-001123,115.50870072096586,4765.729157719761,193,280.0,114.6341209532693,4764.854577952065,0.8745797676965594,block1:zero_tool,gated_rule_c,mixed,1785177971.252072,1785177971.252947,1785177971.367602,1785177976.0178223,,,
block1-001124,344.5318613667041,986.4498564274982,42,15.0,343.7230739509687,985.6410690117627,0.8087874157354236,block1:s1,gated_rule_c,mixed,1785177971.282996,1785177971.2838063,1785177971.6275413,1785177972.2694602,,,
block1-001125,89.43141053896397,13675.53347547073,573,12.5,88.04713399149477,13674.14919892326,1.3842765474691987,block1:zero_tool,gated_rule_c,mixed,1785177971.3716154,1785177971.3730018,1785177971.461068,1785177985.0471706,,,
block1-001126,91.04639443103224,1651.8830325221643,67,15.0,90.11231199838221,1650.9489500895143,0.9340824326500297,block1:s1,gated_rule_c,mixed,1785177971.428548,1785177971.429483,1785177971.5196052,1785177973.0804427,,,
block1-001127,78.91395199112594,8425.095860031433,349,10.0,78.55250197462738,8424.734410014935,0.3614500164985657,block1:zero_tool,gated_rule_c,mixed,1785177971.5965984,1785177971.59696,1785177971.675523,1785177980.0217056,,,
block1-001128,381.6747285891324,1151.0138865560293,40,110.0,380.96221000887454,1150.3013679757714,0.7125185802578926,block1:s2,gated_rule_c,mixed,1785177972.3096883,1785177972.310401,1785177972.691372,1785177973.4607108,,,
block1-001129,82.05869805533439,3418.1937070097774,133,12.5,81.42128004692495,3417.556289001368,0.6374180084094405,block1:zero_tool,gated_rule_c,mixed,1785177972.3126373,1785177972.3132749,1785177972.3947034,1785177975.7308376,,,
block1-001130,114.54837827477604,1781.3739222474396,64,280.0,113.48517099395394,1780.3107149666175,1.0632072808220983,block1:s2,gated_rule_c,mixed,1785177972.375704,1785177972.376769,1785177972.490268,1785177974.1570935,,,
block1-001131,105.08110432419926,4251.916713314131,169,217.5,104.153549997136,4250.989158987068,0.9275543270632625,block1:zero_tool,gated_rule_c,mixed,1785177972.4995973,1785177972.500525,1785177972.6046884,1785177976.7515235,,,
block1-001132,103.4789034165442,9601.371468394063,401,320.0,102.4914609733969,9600.384025950916,0.9874424431473017,block1:zero_tool,gated_rule_c,mixed,1785177972.539604,1785177972.540593,1785177972.6430957,1785177982.1409883,,,
block1-001133,433.22662136051804,1252.4588253581896,44,307.5,432.51829396467656,1251.7504979623482,0.7083273958414793,block1:s2,gated_rule_c,mixed,1785177972.5647266,1785177972.5654356,1785177972.9979649,1785177973.8171961,,,
block1-001134,120.02045474946499,1836.5721916779876,67,15.0,119.44037606008351,1835.992112988606,0.5800786893814802,block1:s2,gated_rule_c,mixed,1785177972.6097553,1785177972.6103356,1785177972.7297864,1785177974.4463384,,,
block1-001135,242.90317995473742,1026.102714939043,37,20.0,242.45361995417625,1025.6531549384817,0.44956000056117773,block1:s2,gated_rule_c,mixed,1785177972.6484232,1785177972.6488729,1785177972.8913379,1785177973.6745381,,,
block1-001136,76.78582274820656,3978.0187747674063,161,217.5,75.79703396186233,3977.029985981062,0.9887887863442302,block1:zero_tool,gated_rule_c,mixed,1785177972.8139472,1785177972.814938,1785177972.8907585,1785177976.791991,,,
block1-001137,113.77724085468799,3330.9941298794,134,92.5,113.14558994490653,3330.3624789696187,0.631650909781456,block1:zero_tool,gated_rule_c,mixed,1785177973.0048783,1785177973.0055103,1785177973.1186721,1785177976.3358881,,,
block1-001138,460.1905229501426,1160.0879589095712,41,17.5,459.0732690412551,1158.9707050006837,1.1172539088875055,block1:s3,gated_rule_c,mixed,1785177973.0186253,1785177973.0197434,1785177973.4788306,1785177974.1787271,,,
block1-001139,524.9650131445378,1360.500049078837,48,820.0,524.0804309723899,1359.615466906689,0.8845821721479297,block1:s3,gated_rule_c,mixed,1785177973.149712,1785177973.1505976,1785177973.6746879,1785177974.5102234,,,
block1-001140,112.27541184052825,12149.55653285142,512,110.0,110.96626298967749,12148.24738400057,1.309148850850761,block1:zero_tool,gated_rule_c,mixed,1785177973.3423808,1785177973.34369,1785177973.4546652,1785177985.4919465,,,
block1-001141,86.1882227472961,4140.202212845907,171,287.5,85.2226649876684,4139.236655086279,0.9655577596276999,block1:zero_tool,gated_rule_c,mixed,1785177973.3746011,1785177973.375567,1785177973.4608202,1785177977.5148344,,,
block1-001142,602.5226451456547,1323.829939123243,49,47.5,602.3439220152795,1323.651215992868,0.17872313037514687,block1:s3,gated_rule_c,mixed,1785177973.4898102,1785177973.489989,1785177974.092346,1785177974.813653,,,
block1-001143,92.76640950702131,3744.4469674956053,155,17.5,90.9297299804166,3742.6102879690006,1.836679526604712,block1:zero_tool,gated_rule_c,mixed,1785177973.5078142,1785177973.5096512,1785177973.6005921,1785177977.2522728,,,
block1-001144,491.0054188221693,1291.8213828234002,48,287.5,490.5592300929129,1291.3751940941438,0.4461887292563915,block1:s4,gated_rule_c,mixed,1785177973.6214807,1785177973.6219273,1785177974.1124969,1785177974.913313,,,
block1-001145,103.67200837936252,4489.1070034354925,189,85.0,102.73073997814208,4488.165735034272,0.9412684012204409,block1:zero_tool,gated_rule_c,mixed,1785177973.8535173,1785177973.8544621,1785177973.9572198,1785177978.3426547,,,
block1-001146,477.76763956062496,1233.6419036146253,48,85.0,477.5681699393317,1233.442433993332,0.19946962129324675,block1:s4,gated_rule_c,mixed,1785177973.869412,1785177973.8696125,1785177974.3471937,1785177975.103068,,,
block1-001147,488.77190717030317,1202.0920362556353,48,12.5,488.1693589268252,1201.4894880121574,0.6025482434779406,block1:s4,gated_rule_c,mixed,1785177974.1730058,1785177974.1736088,1785177974.6617863,1785177975.3751063,,,
block1-001148,456.93296508397907,1165.7308770809323,48,100.0,456.2085079960525,1165.0064199930057,0.7244570879265666,block1:s4,gated_rule_c,mixed,1785177974.2903688,1785177974.2910938,1785177974.747432,1785177975.4562309,,,
block1-001149,81.03650691919029,3081.200430984609,131,177.5,80.41627903003246,3080.580203095451,0.6202278891578317,block1:zero_tool,gated_rule_c,mixed,1785177974.4740539,1785177974.474674,1785177974.5550992,1785177977.555263,,,
block1-001150,446.8347972724587,1233.8333482621238,48,52.5,445.4820859245956,1232.4806369142607,1.3527113478630781,block1:s4,gated_rule_c,mixed,1785177974.7605233,1785177974.761876,1785177975.2073681,1785177975.9943662,,,
block1-001151,524.8801512643695,1278.21540820878,48,170.0,523.4664239687845,1276.801680913195,1.4137272955849767,block1:s4,gated_rule_c,mixed,1785177975.4931135,1785177975.4945276,1785177976.018004,1785177976.7713394,,,
block1-001152,433.36296698544174,1144.6871209191158,43,12.5,432.4043761007488,1143.7285300344229,0.9585908846929669,block1:s1,gated_rule_c,mixed,1785177975.5213532,1785177975.522312,1785177975.9547248,1785177976.6660483,,,
block1-001153,122.19944642856717,10160.81736353226,432,12.5,121.63231195881963,10160.250229062513,0.5671344697475433,block1:zero_tool,gated_rule_c,mixed,1785177975.5658107,1785177975.5663786,1785177975.688022,1785177985.7266395,,,
block1-001154,420.28543702326715,1117.025614134036,43,100.0,419.7467769263312,1116.4869540371,0.5386600969359279,block1:s1,gated_rule_c,mixed,1785177975.5735195,1785177975.5740583,1785177975.993812,1785177976.6905522,,,
block1-001155,367.7811315283179,954.70575557556,37,187.5,367.42234299890697,954.3469670461491,0.3587885294109583,block1:s1,gated_rule_c,mixed,1785177975.735968,1785177975.7363307,1785177976.1037822,1785177976.6907063,,,
block1-001156,339.53252737410367,922.9527154238895,36,135.0,338.4244089247659,921.8445969745517,1.1081184493377805,block1:s1,gated_rule_c,mixed,1785177975.741566,1785177975.742674,1785177976.0811062,1785177976.6645274,,,
block1-001157,284.86269153654575,869.3032786250114,34,395.0,284.13955692667514,868.5801440151408,0.7231346098706126,block1:s1,gated_rule_c,mixed,1785177975.8825502,1785177975.883274,1785177976.167423,1785177976.7518628,,,
block1-001158,272.88312918972224,978.3658881206065,40,280.0,272.18748698942363,977.6702459203079,0.6956422002986073,block1:s1,gated_rule_c,mixed,1785177975.9146113,1785177975.9153075,1785177976.1875043,1785177976.8929868,,,
block1-001159,118.94794565159827,1438.392379670404,60,155.0,118.84961405303329,1438.294048071839,0.09833159856498241,block1:s1,gated_rule_c,mixed,1785177976.2966511,1785177976.29675,1785177976.4156065,1785177977.7350519,,,
block1-001160,332.3541840072721,978.4763039788231,40,85.0,331.04006305802613,977.1621830295771,1.3141209492459893,block1:s2,gated_rule_c,mixed,1785177976.3327043,1785177976.3340185,1785177976.6650681,1785177977.3111885,,,
block1-001161,342.2933535184711,1025.6937084486708,40,95.0,342.07596397027373,1025.4763189004734,0.21738954819738865,block1:s2,gated_rule_c,mixed,1785177976.5297391,1785177976.5299568,1785177976.872044,1785177977.555444,,,
block1-001162,115.73492165189236,3646.3817066978663,151,10.0,115.47542701009661,3646.1222120560706,0.25949464179575443,block1:zero_tool,gated_rule_c,mixed,1785177976.5499725,1785177976.5502331,1785177976.6657193,1785177980.1963663,,,
block1-001163,95.56444326881319,15531.859525362961,648,170.0,95.29692493379116,15531.592007027939,0.26751833502203226,block1:zero_tool,gated_rule_c,mixed,1785177976.9734006,1785177976.9736686,1785177977.0689752,1785177992.5052705,,,
block1-001164,335.824859328568,895.0112643651664,36,115.0,335.43318801093847,894.6195930475369,0.3916713176295161,block1:s2,gated_rule_c,mixed,1785177976.9750144,1785177976.9754093,1785177977.3108711,1785177977.8700583,,,
block1-001165,302.5943373795599,1012.2698553605005,41,105.0,302.26163705810905,1011.9371550390497,0.3327003214508295,block1:s2,gated_rule_c,mixed,1785177977.3703048,1785177977.3706377,1785177977.6730275,1785177978.3827033,,,
block1-001166,115.58608617633581,3799.9716692138463,154,20.0,114.95262593962252,3799.338208977133,0.6334602367132902,block1:zero_tool,gated_rule_c,mixed,1785177977.3945942,1785177977.3952286,1785177977.510193,1785177981.194578,,,
block1-001167,65.5598915182054,3704.816076438874,151,60.0,64.87205205485225,3704.128236975521,0.687839463353157,block1:zero_tool,gated_rule_c,mixed,1785177977.4491227,1785177977.4498115,1785177977.5146952,1785177981.1539514,,,
block1-001168,253.80964507348835,807.7757121063769,32,52.5,253.0936119146645,807.059678947553,0.7160331588238478,block1:s3,gated_rule_c,mixed,1785177977.7132425,1785177977.7139602,1785177977.9670663,1785177978.521032,,,
block1-001169,107.48382622841746,3178.2043331768364,126,10.0,106.35246301535517,3177.072969963774,1.1313632130622864,block1:zero_tool,gated_rule_c,mixed,1785177978.056967,1785177978.0580993,1785177978.164463,1785177981.2351828,,,
block1-001170,446.6288626426831,1118.0873917182907,48,15.0,446.28005498088896,1117.7385840564966,0.34880766179412603,block1:s3,gated_rule_c,mixed,1785177978.0742831,1785177978.0746326,1785177978.5209243,1785177979.1923826,,,
block1-001171,446.8793757259846,1118.6018347507343,48,10.0,446.3205439969897,1118.0430030217394,0.5588317289948463,block1:s3,gated_rule_c,mixed,1785177978.0923524,1785177978.0929122,1785177978.539245,1785177979.2109673,,,
block1-001172,438.7594878207892,1351.6367118572816,48,17.5,438.35115095134825,1351.2283749878407,0.4083368694409728,block1:s3,gated_rule_c,mixed,1785177978.7330153,1785177978.7334273,1785177979.1718092,1785177980.0846865,,,
block1-001173,72.46542163193226,3444.168407586403,141,140.0,71.75654405727983,3443.4595300117508,0.7088775746524334,block1:zero_tool,gated_rule_c,mixed,1785177979.0596712,1785177979.060383,1785177979.1321964,1785177982.5038984,,,
block1-001174,575.7493767887354,1385.4853917146102,46,132.5,575.4966740496457,1385.2326889755204,0.2527027390897274,block1:s3,gated_rule_c,mixed,1785177979.2280583,1785177979.2283113,1785177979.803816,1785177980.613552,,,
block1-001175,587.9388444591314,1417.3756814561784,48,20.0,586.8975019548088,1416.334338951856,1.0413425043225288,block1:s3,gated_rule_c,mixed,1785177979.260848,1785177979.26189,1785177979.8487961,1785177980.6782327,,,
block1-001176,631.1555872671306,1425.6511452840641,48,25.0,630.5604629451409,1425.0560209620744,0.5951243219897151,block1:s4,gated_rule_c,mixed,1785177979.2719536,1785177979.272549,1785177979.903117,1785177980.6976123,,,
block1-001177,559.6171034267172,1349.9809154309332,48,60.0,559.4167679082602,1349.7805799124762,0.2003355184569955,block1:s4,gated_rule_c,mixed,1785177979.5255415,1785177979.525742,1785177980.0851667,1785177980.8755305,,,
block1-001178,592.3868757672608,1389.8491008440033,48,282.5,591.8412170140073,1389.3034420907497,0.5456587532535195,block1:s4,gated_rule_c,mixed,1785177979.7010214,1785177979.7015674,1785177980.2935443,1785177981.0910068,,,
block1-001179,598.4390296507627,1372.538084629923,48,20.0,598.1514510931447,1372.2505060723051,0.28757855761796236,block1:s4,gated_rule_c,mixed,1785177979.7376397,1785177979.737928,1785177980.3360903,1785177981.1101897,,,
block1-001180,596.1745036765933,1369.5034796837717,48,17.5,595.842202892527,1369.1711788997054,0.33230078406631947,block1:s4,gated_rule_c,mixed,1785177979.7621572,1785177979.762491,1785177980.358349,1785177981.1316779,,,
block1-001181,484.15865667629987,1248.9049796713516,48,117.5,483.06008498184383,1247.8064079768956,1.0985716944560409,block1:s4,gated_rule_c,mixed,1785177980.107074,1785177980.108173,1785177980.591243,1785177981.3559892,,,
block1-001182,103.94426493439823,3411.549945943989,148,15.0,103.11376594472677,3410.7194469543174,0.8304989896714687,block1:zero_tool,gated_rule_c,mixed,1785177980.1519735,1785177980.1528041,1785177980.2559261,1785177983.5635319,,,
block1-001183,454.53927339985967,1215.1452504331246,48,95.0,454.3732110178098,1214.9791880510747,0.16606238204985857,block1:s4,gated_rule_c,mixed,1785177980.200052,1785177980.2002182,1785177980.6545997,1785177981.4152062,,,
block1-001184,113.21010917890817,6758.984197163954,293,320.0,112.59045591577888,6758.364543900825,0.6196532631292939,block1:zero_tool,gated_rule_c,mixed,1785177980.24528,1785177980.2458997,1785177980.3584962,1785177987.0042708,,,
block1-001185,428.69691853411496,922.2342305583879,37,140.0,428.1547740101814,921.6920860344544,0.5421445239335299,block1:s1,gated_rule_c,mixed,1785177980.7444582,1785177980.7450004,1785177981.1731632,1785177981.6667008,,,
block1-001186,101.20230086613446,3337.263855850324,143,17.5,100.94004706479609,3337.0016020489857,0.2622538013383746,block1:zero_tool,gated_rule_c,mixed,1785177980.7741208,1785177980.7743838,1785177980.875336,1785177984.111397,,,
block1-001187,390.795805840753,880.4339818889275,37,297.5,389.77460900787264,879.4127850560471,1.0211968328803778,block1:s1,gated_rule_c,mixed,1785177980.904014,1785177980.9050355,1785177981.2948208,1785177981.7844584,,,
block1-001188,327.4908787570894,939.7797207348049,39,170.0,327.05495692789555,939.343798905611,0.4359218291938305,block1:s1,gated_rule_c,mixed,1785177980.9272091,1785177980.9276452,1785177981.254708,1785177981.8669975,,,
block1-001189,99.4793027639389,1358.3738717716187,61,12.5,99.30335800163448,1358.1979270093143,0.17594476230442524,block1:s1,gated_rule_c,mixed,1785177980.9910235,1785177980.9912002,1785177981.0905151,1785177982.3494093,,,
block1-001190,80.19656990654767,1508.0726569285616,69,320.0,79.2924870038405,1507.1685740258545,0.9040829027071595,block1:s1,gated_rule_c,mixed,1785177981.5254252,1785177981.5263326,1785177981.6056604,1785177983.0335362,,,
block1-001191,62.18477641232312,3862.2373634716496,165,152.5,61.731662950478494,3861.784250009805,0.4531134618446231,block1:zero_tool,gated_rule_c,mixed,1785177981.8050153,1785177981.8054693,1785177981.867209,1785177985.6672618,,,
block1-001192,317.83081975299865,945.2772827353328,40,172.5,316.9666330795735,944.4130960619077,0.864186673425138,block1:s2,gated_rule_c,mixed,1785177982.14833,1785177982.1491945,1785177982.4661708,1785177983.093617,,,
block1-001193,281.23765205964446,908.6668330710381,40,60.0,280.97076795529574,908.3999489666894,0.2668841043487191,block1:s2,gated_rule_c,mixed,1785177982.437575,1785177982.4378424,1785177982.7188227,1785177983.346253,,,
block1-001194,106.05424689128995,1618.6230449238792,64,115.0,105.62188096810132,1618.1906790006906,0.43236592318862677,block1:s2,gated_rule_c,mixed,1785177982.5534713,1785177982.553904,1785177982.659537,1785177984.1721056,,,
block1-001195,63.95126972347498,12537.629976635799,512,52.5,63.495880109257996,12537.174587021582,0.4553896142169833,block1:zero_tool,gated_rule_c,mixed,1785177983.1276734,1785177983.1281295,1785177983.1917832,1785177995.6654623,,,
block1-001196,389.51908831950277,1036.0157282557338,36,107.5,389.24215303268284,1035.738792968914,0.27693528681993484,block1:s2,gated_rule_c,mixed,1785177983.2523692,1785177983.2526467,1785177983.6419003,1785177984.2883968,,,
block1-001197,618.1634244276211,1363.0449285265058,49,10.0,617.8821189096197,1362.7636230085045,0.281305518001318,block1:s2,gated_rule_c,mixed,1785177983.3437867,1785177983.3440695,1785177983.961965,1785177984.7068462,,,
block1-001198,149.1099699633196,1711.439652950503,64,412.5,147.73634995799512,1710.0660329451784,1.373620005324483,block1:s2,gated_rule_c,mixed,1785177983.355436,1785177983.3568115,1785177983.5045617,1785177985.0668907,,,
block1-001199,265.5903472332284,909.9923293106258,31,17.5,264.5064309472218,908.9084130246192,1.0839162860065699,block1:s2,gated_rule_c,mixed,1785177983.356507,1785177983.3575912,1785177983.6221046,1785177984.266506,,,
block1-001200,559.6398579655215,1338.989708921872,48,15.0,558.6915030144155,1338.041353970766,0.9483549511060119,block1:s3,gated_rule_c,mixed,1785177983.647339,1785177983.6482897,1785177984.207,1785177984.9863498,,,
block1-001201,86.8616804946214,2970.79238248989,125,572.5,85.12147993315011,2969.0521819284186,1.7402005614712834,block1:zero_tool,gated_rule_c,mixed,1785177983.7233152,1785177983.7250576,1785177983.8101988,1785177986.6941288,,,
block1-001202,483.0914275953546,1107.5681055663154,38,485.0,481.7454550648108,1106.2221330357715,1.3459725305438042,block1:s3,gated_rule_c,mixed,1785177983.764022,1785177983.7653718,1785177984.2471642,1785177984.871642,,,
block1-001203,355.3757197223604,1181.911195628345,41,155.0,353.23697701096535,1179.77245291695,2.1387427113950253,block1:s3,gated_rule_c,mixed,1785177983.774712,1785177983.7768514,1785177984.130105,1785177984.9566407,,,
block1-001204,517.3385825473815,1222.9732514824718,48,117.5,516.2896310212091,1221.9242999562994,1.0489515261724591,block1:s3,gated_rule_c,mixed,1785177984.0645893,1785177984.0656407,1785177984.5819461,1785177985.28758,,,
block1-001205,517.44200498797,1218.3538579847664,48,287.5,517.0588090550154,1217.9706620518118,0.3831959329545498,block1:s3,gated_rule_c,mixed,1785177984.2933388,1785177984.2937222,1785177984.8107903,1785177985.5117028,,,
block1-001206,559.5030360855162,1091.775409062393,43,177.5,558.8763109408319,1091.1486839177087,0.6267251446843147,block1:s3,gated_rule_c,mixed,1785177984.359851,1785177984.3604784,1785177984.919366,1785177985.4516385,,,
block1-001207,116.87051563058048,3136.9974786648527,128,60.0,115.68975099362433,3135.8167140278965,1.1807646369561553,block1:zero_tool,gated_rule_c,mixed,1785177984.6326315,1785177984.6338131,1785177984.749514,1785177987.7696419,,,
block1-001208,433.76155779697,1112.501589814201,48,105.0,433.1806789850816,1111.9207110023126,0.5808788118883967,block1:s4,gated_rule_c,mixed,1785177984.652317,1785177984.652898,1785177985.0860872,1785177985.764828,,,
block1-001209,77.62082351837307,3631.1097155557945,148,105.0,77.36265705898404,3630.8515490964055,0.25816645938903093,block1:zero_tool,gated_rule_c,mixed,1785177984.7987263,1785177984.798985,1785177984.8763585,1785177988.429847,,,
block1-001210,68.67640838027,3769.2474743817,155,107.5,67.49598600436002,3768.06705200579,1.1804223759099841,block1:zero_tool,gated_rule_c,mixed,1785177984.8956516,1785177984.896834,1785177984.964347,1785177988.6649182,,,
block1-001211,432.74959351401776,1181.593066547066,48,545.0,431.62666796706617,1180.4701410001144,1.122925546951592,block1:s4,gated_rule_c,mixed,1785177985.252819,1785177985.2539423,1785177985.685579,1785177986.4344227,,,
block1-001212,96.4339169440791,3350.0430199783295,135,10.0,95.67215899005532,3349.2812620243058,0.7617579540237784,block1:zero_tool,gated_rule_c,mixed,1785177985.2691371,1785177985.2698994,1785177985.3655784,1785177988.6191869,,,
block1-001213,105.89116835035384,4745.007885387167,186,60.0,105.4907999932766,4744.60751703009,0.40036835707724094,block1:zero_tool,gated_rule_c,mixed,1785177985.2853854,1785177985.2857866,1785177985.3912888,1785177990.0304062,,,
block1-001214,62.16688733547926,4392.380757373758,169,12.5,61.30690092686564,4391.520770965144,0.8599864086136222,block1:zero_tool,gated_rule_c,mixed,1785177985.9975235,1785177985.9983845,1785177986.0597036,1785177990.389917,,,
block1-001215,481.98318644426763,1333.6415755329654,48,52.5,481.189937912859,1332.8483270015568,0.793248531408608,block1:s4,gated_rule_c,mixed,1785177986.0335763,1785177986.03437,1785177986.515569,1785177987.3672273,,,
block1-001216,384.87665832508355,1194.8953783139586,43,10.0,384.1375110205263,1194.1562310094014,0.7391473045572639,block1:s1,gated_rule_c,mixed,1785177986.1117442,1785177986.1124835,1785177986.496632,1785177987.3066514,,,
block1-001217,108.17850800231099,1859.337497036904,66,155.0,108.04556601215154,1859.2045550467446,0.13294199015945196,block1:s1,gated_rule_c,mixed,1785177986.2885308,1785177986.2886643,1785177986.396721,1785177988.1478798,,,
block1-001218,372.5494898390025,1254.4166687875986,44,152.5,371.7032129643485,1253.5703919129446,0.846276874653995,block1:s1,gated_rule_c,mixed,1785177986.3220515,1785177986.3228981,1785177986.6946115,1785177987.5764787,,,
block1-001219,65.72871713433415,5446.547525119968,213,395.0,64.85565798357129,5445.674465969205,0.873059150762856,block1:zero_tool,gated_rule_c,mixed,1785177986.3714468,1785177986.37232,1785177986.437188,1785177991.8180072,,,
block1-001220,69.01729363016784,8159.283704706468,327,280.0,68.06036399211735,8158.326775068417,0.9569296380504966,block1:zero_tool,gated_rule_c,mixed,1785177986.49168,1785177986.4926372,1785177986.5607066,1785177994.650973,,,
block1-001221,71.72311330214143,1699.56488837488,60,152.5,70.52667194511741,1698.368447017856,1.196441357024014,block1:s1,gated_rule_c,mixed,1785177986.6001253,1785177986.601322,1785177986.6718597,1785177988.2997012,,,
block1-001222,540.6547581078485,1438.8366781640798,47,820.0,539.6792109822854,1437.8611310385168,0.9755471255630255,block1:s1,gated_rule_c,mixed,1785177986.6792696,1785177986.6802452,1785177987.2199357,1785177988.1181173,,,
block1-001223,74.1471981164068,6298.082869150676,250,135.0,73.7699989695102,6297.705670003779,0.3771991468966007,block1:zero_tool,gated_rule_c,mixed,1785177986.7398725,1785177986.7402499,1785177986.81403,1785177993.0379648,,,
block1-001224,80.68933431059122,4879.752106382512,188,60.0,79.9056519754231,4878.968424047343,0.7836823351681232,block1:zero_tool,gated_rule_c,mixed,1785177986.797066,1785177986.797851,1785177986.8777716,1785177991.676834,,,
block1-001225,515.8801198704168,1324.9026949051768,42,395.0,515.5462109250948,1324.5687859598547,0.33390894532203674,block1:s2,gated_rule_c,mixed,1785177986.975358,1785177986.9756958,1785177987.4912694,1785177988.3002913,,,
block1-001226,510.05792955402285,1145.6994826439768,37,15.0,509.7896179649979,1145.4311710549518,0.268311589024961,block1:s2,gated_rule_c,mixed,1785177987.0665634,1785177987.0668318,1785177987.5766308,1785177988.2122724,,,
block1-001227,131.03387947194278,1924.9979865271598,69,485.0,130.36849396303296,1924.33260101825,0.6653855089098215,block1:s2,gated_rule_c,mixed,1785177987.1269329,1785177987.1275997,1785177987.2579813,1785177989.0519454,,,
block1-001228,417.8450966719538,1055.3331886185333,35,395.0,417.46710694860667,1054.9551988951862,0.37798972334712744,block1:s2,gated_rule_c,mixed,1785177987.1790624,1785177987.1794415,1785177987.5969222,1785177988.23441,,,
block1-001229,494.3943109828979,1197.2701780032367,44,545.0,492.6076229894534,1195.4834900097921,1.7866879934445024,block1:s2,gated_rule_c,mixed,1785177987.3800561,1785177987.381845,1785177987.8744733,1785177988.5773487,,,
block1-001230,119.95328834746033,1784.0956393629313,65,10.0,119.38269494567066,1783.5250459611416,0.5705934017896652,block1:s2,gated_rule_c,mixed,1785177987.4087856,1785177987.4093568,1785177987.5287514,1785177989.1928942,,,
block1-001231,464.6778318565339,1019.9416718678549,37,105.0,463.9481820631772,1019.2120220744982,0.729649793356657,block1:s2,gated_rule_c,mixed,1785177987.4508681,1785177987.451598,1785177987.9155564,1785177988.47082,,,
block1-001232,109.86834764480591,4857.815137598664,194,287.5,109.41779508721083,4857.3645850410685,0.4505525575950742,block1:zero_tool,gated_rule_c,mixed,1785177987.487164,1785177987.4876156,1785177987.5970476,1785177992.3449943,,,
block1-001233,530.745521071367,1298.8889230182394,48,320.0,530.3612860152498,1298.5046879621223,0.384235056117177,block1:s3,gated_rule_c,mixed,1785177987.681535,1785177987.6819208,1785177988.2124393,1785177988.9805827,,,
block1-001234,489.7849066182971,1286.013740580529,48,280.0,489.18433603830636,1285.4131700005382,0.6005705799907446,block1:s3,gated_rule_c,mixed,1785177987.78697,1785177987.787574,1785177988.2767887,1785177989.0730176,,,
block1-001235,317.1509293606505,1039.8056263802573,41,485.0,316.31105300039053,1038.9657500199974,0.8398763602599502,block1:s3,gated_rule_c,mixed,1785177987.85174,1785177987.852583,1785177988.1689196,1785177988.8915753,,,
block1-001236,81.02582464925945,3546.83706862852,142,105.0,79.9372720066458,3545.748515985906,1.0885526426136494,block1:zero_tool,gated_rule_c,mixed,1785177988.044811,1785177988.0459006,1785177988.1258495,1785177991.591661,,,
block1-001237,66.90325797535479,3497.3743519512936,139,95.0,66.75390503369272,3497.2249990096316,0.14935294166207314,block1:zero_tool,gated_rule_c,mixed,1785177988.2767344,1785177988.2768836,1785177988.3436487,1785177991.7741196,,,
block1-001238,642.3351976554841,1307.2223856579512,43,217.5,641.5298540377989,1306.417042040266,0.8053436176851392,block1:s3,gated_rule_c,mixed,1785177988.616149,1785177988.6169546,1785177989.2584937,1785177989.923381,,,
block1-001239,620.0621894095093,1386.555606382899,48,550.0,618.9910940593109,1385.4845110327005,1.0710953501984477,block1:s3,gated_rule_c,mixed,1785177988.8359811,1785177988.8370533,1785177989.456056,1785177990.2225492,,,
block1-001240,616.4743992267177,1383.1682562595233,48,117.5,616.2980470107868,1382.9919040435925,0.1763522159308195,block1:s4,gated_rule_c,mixed,1785177988.8396752,1785177988.8398516,1785177989.4561563,1785177990.2228503,,,
block1-001241,119.9064728571102,3119.442932889797,122,95.0,118.91983402892947,3118.456294061616,0.9866388281807303,block1:zero_tool,gated_rule_c,mixed,1785177988.860459,1785177988.861446,1785177988.9803731,1785177991.9799097,,,
block1-001242,527.3334982339293,1293.275575269945,48,15.0,526.4105439418927,1292.3526209779084,0.922954292036593,block1:s4,gated_rule_c,mixed,1785177989.05642,1785177989.0573454,1785177989.5837758,1785177990.3497183,,,
block1-001243,574.3401657091454,1284.5249467063695,48,17.5,573.2007879996672,1283.3855689968914,1.1393777094781399,block1:s4,gated_rule_c,mixed,1785177989.1920204,1785177989.1931598,1785177989.7663693,1785177990.4765542,,,
block1-001244,565.790323773399,1275.9780248161405,48,85.0,563.75761795789,1273.9453190006316,2.0327058155089617,block1:s4,gated_rule_c,mixed,1785177989.23716,1785177989.2391937,1785177989.8029618,1785177990.5131495,,,
block1-001245,127.44360486976802,3572.4959009094164,147,485.0,126.60981598310173,3571.66211202275,0.8337888866662979,block1:zero_tool,gated_rule_c,mixed,1785177989.2868056,1785177989.28764,1785177989.4142637,1785177992.859316,,,
block1-001246,506.10360340215266,1287.2175924712792,48,15.0,505.92921394854784,1287.0432030176744,0.1743894536048174,block1:s4,gated_rule_c,mixed,1785177989.5658596,1785177989.5660348,1785177990.0719736,1785177990.8530886,,,
block1-001247,497.40809586364776,1275.9999479167163,48,92.5,495.80221297219396,1274.3940650252625,1.6058828914538026,block1:s4,gated_rule_c,mixed,1785177989.5963612,1785177989.5979671,1785177990.093777,1785177990.8723688,,,
block1-001248,69.01068345177919,2644.4716304540634,112,187.5,68.82910302374512,2644.2900500260293,0.18158042803406715,block1:zero_tool,gated_rule_c,mixed,1785177989.7416193,1785177989.741802,1785177989.8106437,1785177992.3861058,,,
block1-001249,81.5737365046516,4849.888143478893,202,20.0,80.96340100746602,4849.277807981707,0.6103354971855879,block1:zero_tool,gated_rule_c,mixed,1785177989.8421607,1785177989.842772,1785177989.9237473,1785177994.6920624,,,
block1-001250,98.57262717559934,3359.00643421337,140,287.5,98.01584400702268,3358.4496510447934,0.5567831685766578,block1:zero_tool,gated_rule_c,mixed,1785177990.413944,1785177990.414501,1785177990.5126207,1785177993.7730544,,,
block1-001251,115.78122666105628,5809.1714506736025,240,177.5,115.24228600319475,5808.632510015741,0.5389406578615308,block1:zero_tool,gated_rule_c,mixed,1785177990.4504762,1785177990.451016,1785177990.5662677,1785177996.2596586,,,
block1-001252,320.162195363082,1017.9965333081782,39,170.0,319.2505449987948,1017.084882943891,0.9116503642871976,block1:s1,gated_rule_c,mixed,1785177990.4881897,1785177990.4891014,1785177990.8083603,1785177991.5061939,,,
block1-001253,107.7293585985899,1467.141870642081,60,280.0,107.30573302134871,1466.7182450648397,0.4236255772411823,block1:s1,gated_rule_c,mixed,1785177990.5541675,1785177990.5545912,1785177990.661906,1785177992.021318,,,
block1-001254,338.7531676562503,910.9922386705875,37,320.0,337.9256669431925,910.1647379575297,0.827500713057816,block1:s1,gated_rule_c,mixed,1785177990.574291,1785177990.5751185,1785177990.9130518,1785177991.4852915,,,
block1-001255,124.71732730045915,4012.2885783202946,164,280.0,124.15345606859773,4011.724707088433,0.5638712318614125,block1:zero_tool,gated_rule_c,mixed,1785177990.9680288,1785177990.9685936,1785177991.0927598,1785177994.9803305,,,
block1-001256,337.25164050702006,1012.908739503473,40,160.0,336.4774859510362,1012.1345849474892,0.7741545559838414,block1:s2,gated_rule_c,mixed,1785177990.9715788,1785177990.9723532,1785177991.308838,1785177991.9844952,,,
block1-001257,65.08283235598356,2640.606866334565,112,107.5,63.56168701313436,2639.085720991716,1.521145342849195,block1:zero_tool,gated_rule_c,mixed,1785177991.2014134,1785177991.2029362,1785177991.2665136,1785177993.8420372,,,
block1-001258,69.95377712883055,3941.262535052374,165,287.5,69.1097310045734,3940.418488928117,0.8440461242571473,block1:zero_tool,gated_rule_c,mixed,1785177991.3744798,1785177991.3753247,1785177991.4444451,1785177995.3157535,,,
block1-001259,102.70942572969943,1593.8283947762102,69,282.5,101.8472989089787,1592.9662679554895,0.8621268207207322,block1:s2,gated_rule_c,mixed,1785177991.6707985,1785177991.6716619,1785177991.7735245,1785177993.2646444,,,
block1-001260,77.79948099050671,5234.921806957573,222,75.0,75.60556498356164,5232.727890950628,2.1939160069450736,block1:zero_tool,gated_rule_c,mixed,1785177991.9063663,1785177991.9085615,1785177991.9841778,1785177997.141301,,,
block1-001261,62.84180085640401,4353.338394896127,180,95.0,62.58370797149837,4353.080302011222,0.2580928849056363,block1:zero_tool,gated_rule_c,mixed,1785177991.965214,1785177991.9654732,1785177992.028068,1785177996.318565,,,
block1-001262,106.59028694499284,1623.3542659319937,65,177.5,105.72185390628874,1622.4858328932896,0.8684330387040973,block1:s2,gated_rule_c,mixed,1785177992.2190843,1785177992.2199533,1785177992.3256845,1785177993.8424478,,,
block1-001263,324.1209088591859,884.0221258578822,34,572.5,323.170825955458,883.0720429541543,0.9500829037278891,block1:s2,gated_rule_c,mixed,1785177992.6769023,1785177992.6778631,1785177993.0010684,1785177993.560969,,,
block1-001264,439.7534264717251,1241.2920404458418,48,15.0,439.3164200009778,1240.8550339750946,0.43700647074729204,block1:s3,gated_rule_c,mixed,1785177992.7245557,1785177992.7249951,1785177993.1643317,1785177993.9658704,,,
block1-001265,69.97049739584327,3331.1562433373183,134,20.0,69.54260007478297,3330.728346016258,0.4278973210602999,block1:zero_tool,gated_rule_c,mixed,1785177992.871105,1785177992.8715332,1785177992.9410841,1785177996.2022698,,,
block1-001266,62.7149255014956,3869.609089451842,161,297.5,62.303888029418886,3869.1980519797653,0.41103747207671404,block1:zero_tool,gated_rule_c,mixed,1785177992.9815974,1785177992.982009,1785177993.0443227,1785177996.8512177,,,
block1-001267,338.376042782329,1150.898571824655,39,15.0,338.1316700251773,1150.6541990675032,0.2443727571517229,block1:s3,gated_rule_c,mixed,1785177993.3474686,1785177993.3477132,1785177993.6858532,1785177994.4983757,,,
block1-001268,562.5967612722889,1381.7303421674296,48,550.0,562.2595740715042,1381.393154966645,0.3371872007846832,block1:s3,gated_rule_c,mixed,1785177993.3620942,1785177993.3624315,1785177993.924698,1785177994.7438316,,,
block1-001269,525.1987418159842,1190.591987920925,43,17.5,524.685250944458,1190.0784970493987,0.5134908715263009,block1:s3,gated_rule_c,mixed,1785177993.6380045,1785177993.6385221,1785177994.1632392,1785177994.8286333,,,
block1-001270,136.2887800205499,4092.491511022672,169,572.5,135.6393030146137,4091.842034016736,0.6494770059362054,block1:zero_tool,gated_rule_c,mixed,1785177993.6845758,1785177993.6852257,1785177993.8208761,1785177997.777079,,,
block1-001271,404.99869477935135,1183.1296777818352,43,287.5,403.8894521072507,1182.0204351097345,1.1092426721006632,block1:s3,gated_rule_c,mixed,1785177993.6847658,1785177993.6858754,1785177994.0897725,1785177994.8679032,,,
block1-001272,532.5752957724035,1295.6139717716724,48,100.0,531.8853419739753,1294.9240179732442,0.6899537984281778,block1:s4,gated_rule_c,mixed,1785177993.9230382,1785177993.923729,1785177994.4556274,1785177995.2186663,,,
block1-001273,546.4477757923305,1309.194441884756,48,10.0,546.1003269301727,1308.8469930225983,0.34744886215776205,block1:s4,gated_rule_c,mixed,1785177993.930635,1785177993.930983,1785177994.4770918,1785177995.2398388,,,
block1-001274,521.8771225772798,1284.7799786832184,48,117.5,520.1764929806814,1283.07934908662,1.7006295965984464,block1:s4,gated_rule_c,mixed,1785177993.9548583,1785177993.9565597,1785177994.4767628,1785177995.239666,,,
block1-001275,507.0340665988624,1171.5692594880238,48,15.0,506.31915603298694,1170.8543489221483,0.7149105658754706,block1:s4,gated_rule_c,mixed,1785177994.5913832,1785177994.5920987,1785177995.098428,1785177995.7629626,,,
block1-001276,465.64234665129334,1249.7350675985217,48,115.0,464.5540890051052,1248.6468099523336,1.08825764618814,block1:s4,gated_rule_c,mixed,1785177994.77379,1785177994.7748787,1785177995.2394457,1785177996.0235386,,,
block1-001277,449.89714841358364,1289.717502426356,48,20.0,449.42314294166863,1289.243496954441,0.47400547191500664,block1:s4,gated_rule_c,mixed,1785177994.82846,1785177994.8289342,1785177995.278368,1785177996.1181884,,,
block1-001278,464.90696200635284,1244.5991329150274,48,105.0,463.57334800995886,1243.2655189186335,1.3336139963939786,block1:s4,gated_rule_c,mixed,1785177995.3898222,1785177995.3911605,1785177995.854773,1785177996.6344655,,,
block1-001279,561.6520966868848,1267.6099026575685,49,282.5,561.068715993315,1267.0265219639987,0.5833806935697794,block1:s4,gated_rule_c,mixed,1785177995.7367353,1785177995.7373195,1785177996.2983987,1785177997.0043573,,,
block1-001280,470.41366435587406,1081.8461873568594,43,15.0,469.67957995366305,1081.1121029546484,0.7340844022110105,block1:s1,gated_rule_c,mixed,1785177995.76951,1785177995.7702446,1785177996.2399356,1785177996.8513675,,,
block1-001281,400.4254051251337,1012.3885672073811,43,10.0,400.03424091264606,1011.9974029948935,0.391164212487638,block1:s1,gated_rule_c,mixed,1785177995.8795216,1785177995.8799126,1785177996.279957,1785177996.8919203,,,
block1-001282,110.48271146137267,3167.129755485803,126,15.0,109.9147389177233,3166.5617829421535,0.5679725436493754,block1:zero_tool,gated_rule_c,mixed,1785177995.9131808,1785177995.9137487,1785177996.023673,1785177999.080321,,,
block1-001283,382.24133534822613,873.4126513591036,37,395.0,381.7980900639668,872.9694060748443,0.4432452842593193,block1:s1,gated_rule_c,mixed,1785177995.936991,1785177995.9374344,1785177996.31924,1785177996.8104117,,,
block1-001284,363.699393812567,840.3935747919604,36,140.0,362.0286879595369,838.7228689389303,1.6707058530300856,block1:s1,gated_rule_c,mixed,1785177995.991739,1785177995.9934106,1785177996.3554506,1785177996.8321457,,,
block1-001285,64.093352179043,4297.268058173358,173,117.5,63.19812498986721,4296.372830984183,0.8952271891757846,block1:zero_tool,gated_rule_c,mixed,1785177996.296557,1785177996.2974544,1785177996.360674,1785178000.5938497,,,
block1-001286,253.08685540221632,873.650957364589,40,307.5,252.40029103588313,872.9643929982558,0.6865643663331866,block1:s1,gated_rule_c,mixed,1785177996.439154,1785177996.4398413,1785177996.6922514,1785177997.3128161,,,
block1-001287,60.595961986109614,3415.5273139476776,136,297.5,60.13201898895204,3415.06337095052,0.4639429971575737,block1:zero_tool,gated_rule_c,mixed,1785177996.5332155,1785177996.5336802,1785177996.593952,1785177999.9488833,,,
block1-001288,72.17012892942876,3505.9693509247154,137,95.0,71.51062705088407,3505.3098490461707,0.6595018785446882,block1:zero_tool,gated_rule_c,mixed,1785177996.8200967,1785177996.8207564,1785177996.8922749,1785178000.3260741,,,
block1-001289,262.44676031637937,1040.6587173929438,40,10.0,262.02083099633455,1040.232788072899,0.42592932004481554,block1:s2,gated_rule_c,mixed,1785177996.8969905,1785177996.8974164,1785177997.1594458,1785177997.9376588,,,
block1-001290,88.65713467821479,3633.76130675897,140,10.0,87.82777993474156,3632.931952015497,0.8293547434732318,block1:zero_tool,gated_rule_c,mixed,1785177996.9178393,1785177996.91867,1785177997.006508,1785178000.5516126,,,
block1-001291,444.1719426540658,1312.8603426739573,43,12.5,442.7002229494974,1311.388622969389,1.471719704568386,block1:s2,gated_rule_c,mixed,1785177997.2532783,1785177997.2547512,1785177997.6974657,1785177998.566154,,,
block1-001292,436.9402474258095,1110.1276704575866,36,287.5,435.752350022085,1108.9397730538622,1.1878974037244916,block1:s2,gated_rule_c,mixed,1785177997.2600732,1785177997.2612648,1785177997.6970375,1785177998.370225,,,
block1-001293,416.2917039357126,1291.212838026695,44,282.5,415.22349091246724,1290.1446250034496,1.0682130232453346,block1:s2,gated_rule_c,mixed,1785177997.3609285,1785177997.3619976,1785177997.777233,1785177998.6521544,,,
block1-001294,399.72342806868255,1130.9713000664487,38,350.0,398.50103901699185,1129.748911014758,1.2223890516906977,block1:s2,gated_rule_c,mixed,1785177997.414667,1785177997.41589,1785177997.8144026,1785177998.5456505,,,
block1-001295,79.89074208308011,3750.783552066423,151,177.5,79.51627799775451,3750.4090879810974,0.3744640853255987,block1:zero_tool,gated_rule_c,mixed,1785177997.4265535,1785177997.4269288,1785177997.5064535,1785178001.1773455,,,
block1-001296,264.8950528819114,1010.9056798974052,32,297.5,264.2406770028174,1010.2513040183112,0.6543758790940046,block1:s3,gated_rule_c,mixed,1785177997.5553539,1785177997.556009,1785177997.8202631,1785177998.5662737,,,
block1-001297,72.41370901465416,3370.327115058899,134,12.5,71.71999604906887,3369.6334020933136,0.6937129655852914,block1:zero_tool,gated_rule_c,mixed,1785177997.7477965,1785177997.7484918,1785177997.820224,1785178001.1181378,,,
block1-001298,498.98232030682266,1179.9162232782692,38,15.0,498.17939405329525,1179.1132970247418,0.8029262535274029,block1:s3,gated_rule_c,mixed,1785177997.7957141,1785177997.7965171,1785177998.294706,1785177998.9756396,,,
block1-001299,623.154582339339,1449.0877713542432,48,140.0,622.385144000873,1448.3183330157772,0.7694383384659886,block1:s3,gated_rule_c,mixed,1785177998.0047758,1785177998.0055463,1785177998.6279414,1785177999.4538753,,,
block1-001300,525.9208618663251,1295.4160008812323,42,152.5,525.1320849638432,1294.6272239787504,0.7887769024819136,block1:s3,gated_rule_c,mixed,1785177998.0195634,1785177998.0203526,1785177998.5454943,1785177999.3149898,,,
block1-001301,599.9433090910316,1385.0463511189446,48,350.0,598.381187999621,1383.484230027534,1.5621210914105177,block1:s3,gated_rule_c,mixed,1785177998.1505282,1785177998.152091,1785177998.7504818,1785177999.5355852,,,
block1-001302,594.230063026771,1304.9432119587436,46,25.0,592.3514540772885,1303.0646030092612,1.878608949482441,block1:s3,gated_rule_c,mixed,1785177998.2304106,1785177998.232291,1785177998.824657,1785177999.5353708,,,
block1-001303,414.2632415750995,1234.34663657099,43,117.5,413.3483509067446,1233.4317459026352,0.9148906683549285,block1:s3,gated_rule_c,mixed,1785177998.2588534,1785177998.2597685,1785177998.6731212,1785177999.4932048,,,
block1-001304,517.5420475425199,1289.3632625928149,48,320.0,517.2987719997764,1289.1199870500714,0.24327554274350405,block1:s4,gated_rule_c,mixed,1785177998.370739,1785177998.3709824,1785177998.8882923,1785177999.6601143,,,
block1-001305,495.1336388476193,1271.742376848124,48,357.5,494.1730569116771,1270.7817949121818,0.960581935942173,block1:s4,gated_rule_c,mixed,1785177998.604054,1785177998.6050172,1785177999.0992115,1785177999.8758209,,,
block1-001306,495.96357729751617,1265.0231732986867,48,820.0,494.94764499831945,1264.00724099949,1.0159322991967201,block1:s4,gated_rule_c,mixed,1785177998.6241639,1785177998.625181,1785177999.12014,1785177999.8891988,,,
block1-001307,115.1423588162288,4251.7974528018385,184,75.0,114.2748820129782,4250.929975998588,0.8674768032506108,block1:zero_tool,gated_rule_c,mixed,1785177998.635289,1785177998.6361566,1785177998.7504425,1785178002.8870974,,,
block1-001308,78.04182753898203,3584.666777518578,158,572.5,76.742900069803,3583.367850049399,1.2989274691790342,block1:zero_tool,gated_rule_c,mixed,1785177998.8756785,1785177998.8769777,1785177998.9537308,1785178002.4603567,,,
block1-001309,67.31030426453799,3591.4921603398398,156,115.0,66.944190999493,3591.1260470747948,0.3661132650449872,block1:zero_tool,gated_rule_c,mixed,1785177999.0973768,1785177999.0977428,1785177999.164695,1785178002.688877,,,
block1-001310,502.7530597290024,1250.2359767677262,48,350.0,502.10756505839527,1249.590482097119,0.6454946706071496,block1:s4,gated_rule_c,mixed,1785177999.1579156,1785177999.1585615,1785177999.6606805,1785178000.4081633,,,
block1-001311,461.9121616706252,1253.7034216802567,48,22.5,460.6323189800605,1252.423578989692,1.279842690564692,block1:s4,gated_rule_c,mixed,1785177999.2573683,1785177999.258649,1785177999.7192936,1785178000.5110843,,,
block1-001312,335.23524762131274,1082.6515826629475,43,572.5,333.4254319779575,1080.8417670195922,1.8098156433552504,block1:s1,gated_rule_c,mixed,1785177999.5721374,1785177999.5739484,1785177999.9073863,1785178000.6548033,,,
block1-001313,405.37865075748414,1069.7689627995715,43,217.5,404.6588559867814,1069.0491680288687,0.7197947707027197,block1:s1,gated_rule_c,mixed,1785177999.8100548,1785177999.8107762,1785178000.2154477,1785178000.8798378,,,
block1-001314,58.1436624052003,11789.820699370466,512,95.0,57.84126999787986,11789.518306963146,0.3023924073204398,block1:zero_tool,gated_rule_c,mixed,1785177999.8943036,1785177999.894606,1785177999.9524548,1785178011.6841328,,,
block1-001315,74.04649071395397,1615.583587787114,72,15.0,72.95887300278991,1614.49597007595,1.0876177111640573,block1:s1,gated_rule_c,mixed,1785177999.950101,1785177999.951189,1785178000.0241609,1785178001.5656981,,,
block1-001316,312.50966840889305,986.3443603971973,39,105.0,311.9827420450747,985.817434033379,0.5269263638183475,block1:s1,gated_rule_c,mixed,1785177999.9932353,1785177999.9937634,1785178000.3057616,1785178000.9795947,,,
block1-001317,79.61721997708082,3879.236100008711,167,15.0,79.42371699027717,3879.0425970219076,0.19350298680365086,block1:zero_tool,gated_rule_c,mixed,1785178000.0574703,1785178000.0576642,1785178000.1370993,1785178003.9367187,,,
block1-001318,63.030980178155005,4487.032016157173,197,280.0,62.86797404754907,4486.869010026567,0.16300613060593605,block1:zero_tool,gated_rule_c,mixed,1785178000.1570854,1785178000.1572485,1785178000.2202454,1785178004.6442463,,,
block1-001319,122.1129362238571,1318.491795216687,60,10.0,121.44151190295815,1317.820370895788,0.6714243208989501,block1:s1,gated_rule_c,mixed,1785178000.3255217,1785178000.326193,1785178000.44765,1785178001.6440287,,,
block1-001320,303.5700194304809,904.6694654971361,40,187.5,302.5058719795197,903.605318046175,1.0641474509611726,block1:s2,gated_rule_c,mixed,1785178000.3702538,1785178000.3713186,1785178000.6738348,1785178001.274934,,,
block1-001321,104.74773531313986,3276.732030324638,141,282.5,104.41731999162585,3276.401615003124,0.33041532151401043,block1:zero_tool,gated_rule_c,mixed,1785178000.4058428,1785178000.4061768,1785178000.5106218,1785178003.682606,,,
block1-001322,320.95784903503954,800.561034004204,36,22.5,320.568033028394,800.1712179975584,0.38981600664556026,block1:s2,gated_rule_c,mixed,1785178000.4160829,1785178000.416473,1785178000.7370493,1785178001.2166517,,,
block1-001323,69.37766005285084,14022.620468982495,611,485.0,68.70409706607461,14021.94690599572,0.6735629867762327,block1:zero_tool,gated_rule_c,mixed,1785178000.7303321,1785178000.731006,1785178000.79972,1785178014.7529619,,,
block1-001324,350.7834424963221,939.6294464822859,36,160.0,350.43192899320275,939.2779329791665,0.3515135031193495,block1:s2,gated_rule_c,mixed,1785178001.7881143,1785178001.7884688,1785178002.1389313,1785178002.7277768,,,
block1-001325,532.7183504123241,1192.9743284126744,49,485.0,532.174265012145,1192.4302430124953,0.5440854001790285,block1:s2,gated_rule_c,mixed,1785178001.8081782,1785178001.808723,1785178002.340909,1785178003.0011652,,,
block1-001326,306.57364951912314,895.0188535964116,36,282.5,306.04762490838766,894.4928289856762,0.526024610735476,block1:s2,gated_rule_c,mixed,1785178001.9111013,1785178001.9116282,1785178002.217687,1785178002.806132,,,
block1-001327,422.5632342277095,927.7128662215546,37,110.0,421.30217200610787,926.451803999953,1.2610622216016054,block1:s2,gated_rule_c,mixed,1785178002.22697,1785178002.2282338,1785178002.649556,1785178003.1547048,,,
block1-001328,73.91528552398086,2538.9978875173256,106,15.0,73.27448192518204,2538.3570839185268,0.6408035987988114,block1:zero_tool,gated_rule_c,mixed,1785178002.2813225,1785178002.2819645,1785178002.3552613,1785178004.8203447,,,
block1-001329,476.6772852744907,1367.0177642488852,48,117.5,475.8764629950747,1366.2169419694692,0.8008222794160247,block1:s3,gated_rule_c,mixed,1785178002.4102602,1785178002.411063,1785178002.8869584,1785178003.777298,,,
block1-001330,445.3593954676762,1202.36750645563,41,145.0,445.15583699103445,1202.1639479789883,0.20355847664177418,block1:s3,gated_rule_c,mixed,1785178002.4204743,1785178002.420679,1785178002.865847,1785178003.6228542,,,
block1-001331,614.156614872627,1334.8078018752858,48,12.5,613.6149429949,1334.266129997559,0.5416718777269125,block1:s3,gated_rule_c,mixed,1785178003.0059268,1785178003.0064719,1785178003.620111,1785178004.3407612,,,
block1-001332,467.45225647464395,1128.7207964342088,41,20.0,466.95014100987464,1128.2186809694394,0.5021154647693038,block1:s3,gated_rule_c,mixed,1785178003.1557052,1785178003.1562073,1785178003.6231644,1785178004.2844331,,,
block1-001333,517.9294022964314,1145.9466873202473,43,60.0,517.1153069240972,1145.1325919479132,0.8140953723341227,block1:s3,gated_rule_c,mixed,1785178003.25926,1785178003.2600753,1785178003.777202,1785178004.4052198,,,
block1-001334,574.9299534363672,1245.1403834857047,48,17.5,574.1672459989786,1244.377676048316,0.7627074373885989,block1:s3,gated_rule_c,mixed,1785178003.2793689,1785178003.280134,1785178003.8543212,1785178004.5245314,,,
block1-001335,442.31050310190767,1133.5346410050988,44,107.5,441.38849806040525,1132.6126359635964,0.9220050415024161,block1:s3,gated_rule_c,mixed,1785178003.3532674,1785178003.35419,1785178003.7955897,1785178004.4868138,,,
block1-001336,522.643111879006,1191.850161878392,48,95.0,521.7319820076227,1190.9390320070088,0.9111298713833094,block1:s4,gated_rule_c,mixed,1785178003.3712547,1785178003.372169,1785178003.893923,1785178004.5631301,,,
block1-001337,428.55300672817975,1102.4544406682253,48,10.0,427.4194519966841,1101.3208859367296,1.1335547314956784,block1:s4,gated_rule_c,mixed,1785178003.6220634,1785178003.6231968,1785178004.0506248,1785178004.7245266,,,
block1-001338,432.9012355301529,1096.7287005623803,48,217.5,432.1884249802679,1096.0158900124952,0.7128105498850346,block1:s4,gated_rule_c,mixed,1785178004.072977,1785178004.07369,1785178004.5058875,1785178005.1697156,,,
block1-001339,67.72064883261919,4330.819587921724,186,485.0,66.6855979943648,4329.784537083469,1.0350508382543921,block1:zero_tool,gated_rule_c,mixed,1785178004.2776954,1785178004.2787313,1785178004.3454273,1785178008.608526,,,
block1-001340,62.236842000856996,3613.144861999899,154,357.5,61.25121400691569,3612.159234005958,0.9856279939413071,block1:zero_tool,gated_rule_c,mixed,1785178004.42401,1785178004.424996,1785178004.486257,1785178008.0371644,,,
block1-001341,71.6169074876234,3240.1588424108922,137,320.0,70.57664496824145,3239.1185798915103,1.0402625193819404,block1:zero_tool,gated_rule_c,mixed,1785178004.5723946,1785178004.573435,1785178004.6440248,1785178007.812567,,,
block1-001342,65.10820216499269,3988.5648261988536,169,10.0,64.81073098257184,3988.2673550164327,0.2974711824208498,block1:zero_tool,gated_rule_c,mixed,1785178004.6398263,1785178004.6401238,1785178004.7049427,1785178008.6283984,,,
block1-001343,68.9078129362315,3541.630680905655,148,15.0,68.63188499119133,3541.354752960615,0.2759279450401664,block1:zero_tool,gated_rule_c,mixed,1785178004.7541878,1785178004.7544649,1785178004.8231094,1785178008.2958333,,,
block1-001344,352.18102007638663,1032.6703831087798,43,152.5,352.0169199910015,1032.5062830233946,0.16410008538514376,block1:s1,gated_rule_c,mixed,1785178004.8706853,1785178004.8708503,1785178005.2228782,1785178005.9033668,,,
block1-001345,72.56436883471906,1626.309423823841,69,280.0,71.0648630047217,1624.8099179938436,1.4995058299973607,block1:s1,gated_rule_c,mixed,1785178004.9618123,1785178004.9633155,1785178005.0344117,1785178006.5881567,,,
block1-001346,322.9632534785196,948.8779654493555,40,350.0,322.21367105375975,948.1283830245957,0.7495824247598648,block1:s1,gated_rule_c,mixed,1785178005.1324582,1785178005.133208,1785178005.4554317,1785178006.0813463,,,
block1-001347,401.6554994741455,1033.2319844746962,45,177.5,401.3644360238686,1032.9409210244194,0.29106345027685165,block1:s1,gated_rule_c,mixed,1785178005.145862,1785178005.1461546,1785178005.5475297,1785178006.1791065,,,
block1-001348,403.8274600170553,877.5627360446379,36,550.0,402.8881039703265,876.6233799979091,0.9393560467287898,block1:s1,gated_rule_c,mixed,1785178005.321397,1785178005.3223398,1785178005.7252553,1785178006.1989903,,,
block1-001349,136.44338375888765,1518.8218706753105,62,20.0,135.58023306541145,1517.9587199818343,0.8631506934762001,block1:s1,gated_rule_c,mixed,1785178005.545168,1785178005.5460322,1785178005.6816256,1785178007.064004,,,
block1-001350,102.71671239752322,4403.697495465167,182,15.0,102.02994896098971,4403.010732028633,0.6867634365335107,block1:zero_tool,gated_rule_c,mixed,1785178005.5818264,1785178005.5825145,1785178005.684557,1785178009.9855385,,,
block1-001351,122.5873619550839,1643.0587519425899,63,307.5,121.9237269833684,1642.3951169708744,0.6636349717155099,block1:s1,gated_rule_c,mixed,1785178006.209548,1785178006.2102118,1785178006.3321457,1785178007.8526168,,,
block1-001352,461.9871553732082,1019.1881174687296,38,107.5,461.2942369421944,1018.4951990377158,0.6929184310138226,block1:s2,gated_rule_c,mixed,1785178006.2226033,1785178006.2232969,1785178006.684598,1785178007.241799,,,
block1-001353,420.4951849533245,980.3343219682574,38,110.0,420.06712302099913,979.9062600359321,0.42806193232536316,block1:s2,gated_rule_c,mixed,1785178006.456968,1785178006.457397,1785178006.877476,1785178007.4373157,,,
block1-001354,95.8920621778816,1655.7846931973472,64,22.5,94.34200706891716,1654.2346380883828,1.5500551089644432,block1:s2,gated_rule_c,mixed,1785178006.7219331,1785178006.7234833,1785178006.8178337,1785178008.3777263,,,
block1-001355,76.9762530690059,15967.742226086557,672,60.0,76.35061698965728,15967.116590007208,0.6256360793486238,block1:zero_tool,gated_rule_c,mixed,1785178006.8475695,1785178006.8481953,1785178006.9245582,1785178022.815324,,,
block1-001356,338.6713876388967,1134.624325670302,42,15.0,336.87852194998413,1132.8314599813893,1.7928656889125705,block1:s2,gated_rule_c,mixed,1785178006.902896,1785178006.904689,1785178007.2415776,1785178008.0375302,,,
block1-001357,86.32482902612537,16932.693897979334,715,105.0,86.04737604036927,16932.416444993578,0.2774529857560992,block1:zero_tool,gated_rule_c,mixed,1785178006.9780607,1785178006.9783382,1785178007.0643973,1785178023.910767,,,
block1-001358,485.82619812805206,1055.672622169368,38,60.0,484.94446894619614,1054.790892987512,0.881729181855917,block1:s2,gated_rule_c,mixed,1785178007.263954,1785178007.2648358,1785178007.7499127,1785178008.3197591,,,
block1-001359,418.91401645261794,1017.7302785450593,37,10.0,416.9370229355991,1015.7532850280404,1.9769935170188546,block1:s2,gated_rule_c,mixed,1785178007.4137797,1785178007.4157586,1785178007.8327162,1785178008.431533,,,
block1-001360,514.015163644217,1226.8390186363831,48,17.5,513.3821379859,1226.2059929780662,0.6330256583169103,block1:s3,gated_rule_c,mixed,1785178007.5661879,1785178007.5668216,1785178008.0803227,1785178008.793147,,,
block1-001361,312.14085582178086,1026.2379199266434,39,20.0,311.304478906095,1025.4015430109575,0.8363769156858325,block1:s3,gated_rule_c,mixed,1785178007.6024232,1785178007.6032598,1785178007.9145727,1785178008.62867,,,
block1-001362,492.16780345886946,1220.1116303913295,48,280.0,491.1040610168129,1219.047887949273,1.0637424420565367,block1:s3,gated_rule_c,mixed,1785178007.8853796,1785178007.8864439,1785178008.3775578,1785178009.1055024,,,
block1-001363,92.96257246751338,3017.809313489124,128,187.5,91.1374599672854,3015.984200988896,1.8251125002279878,block1:zero_tool,gated_rule_c,mixed,1785178007.9435627,1785178007.9453886,1785178008.0365336,1785178010.9613798,,,
block1-001364,467.8153209388256,1216.3776649395004,48,100.0,466.89967601560056,1215.4620200162753,0.9156449232250452,block1:s3,gated_rule_c,mixed,1785178008.0418053,1785178008.042721,1785178008.5096297,1785178009.2581916,,,
block1-001365,437.1310048736632,1214.561364846304,48,115.0,436.32546009030193,1213.7558200629428,0.8055447833612561,block1:s3,gated_rule_c,mixed,1785178008.2760768,1785178008.2768872,1785178008.7132576,1785178009.4906883,,,
block1-001366,81.36356668546796,3843.894174671732,165,485.0,81.11546107102185,3843.646069057286,0.24810561444610357,block1:zero_tool,gated_rule_c,mixed,1785178008.5935647,1785178008.5938132,1785178008.6749382,1785178012.4374685,,,
block1-001367,394.4149148883298,1144.6396028622985,43,50.0,393.91012594569474,1144.1348139196634,0.5047889426350594,block1:s3,gated_rule_c,mixed,1785178008.8028576,1785178008.8033626,1785178009.197282,1785178009.947507,,,
block1-001368,463.702660985291,1249.7426100308076,48,50.0,463.0023780046031,1249.0423270501196,0.7002829806879163,block1:s4,gated_rule_c,mixed,1785178008.8747241,1785178008.8754268,1785178009.3384483,1785178010.1244884,,,
block1-001369,475.51744314841926,1231.0448242351413,48,152.5,473.4963160008192,1229.0236970875412,2.0211271476000547,block1:s4,gated_rule_c,mixed,1785178009.0349944,1785178009.0370173,1785178009.5105302,1785178010.2660577,,,
block1-001370,429.98636909760535,1183.607452083379,48,110.0,429.2450950015336,1182.8661779873073,0.7412740960717201,block1:s4,gated_rule_c,mixed,1785178009.3003936,1785178009.3011348,1785178009.7303922,1785178010.4840138,,,
block1-001371,74.90383740514517,3978.1510554021224,176,15.0,74.1916379192844,3977.4388559162617,0.712199485860765,block1:zero_tool,gated_rule_c,mixed,1785178009.5180078,1785178009.5187201,1785178009.592923,1785178013.4961686,,,
block1-001372,501.6744452295825,1213.6604322586209,48,10.0,501.42769305966794,1213.4136800887063,0.24675216991454363,block1:s4,gated_rule_c,mixed,1785178009.7214193,1785178009.7216673,1785178010.2231066,1785178010.9350915,,,
block1-001373,495.4822933068499,1175.5252762231976,48,15.0,495.1265590498224,1175.16954196617,0.35573425702750683,block1:s4,gated_rule_c,mixed,1785178009.7657297,1785178009.766086,1785178010.2612216,1785178010.9412649,,,
block1-001374,438.6568492045626,1155.0950912060216,48,545.0,437.42755404673517,1153.8657960481942,1.229295157827437,block1:s4,gated_rule_c,mixed,1785178009.886128,1785178009.8873587,1785178010.3247995,1785178011.0412366,,,
block1-001375,92.67062006983906,3329.743851092644,148,322.5,92.40339801181108,3329.476629034616,0.2672220580279827,block1:zero_tool,gated_rule_c,mixed,1785178009.9511845,1785178009.951452,1785178010.0438645,1785178013.280938,,,
block1-001376,73.45260737929493,2553.9757693186402,112,320.0,72.66314898151904,2553.1863109208643,0.7894583977758884,block1:zero_tool,gated_rule_c,mixed,1785178010.1919045,1785178010.192696,1785178010.2653785,1785178012.7459016,,,
block1-001377,118.77680313773453,1689.2965431325138,71,15.0,117.21316003240645,1687.7329000271857,1.563643105328083,block1:s1,gated_rule_c,mixed,1785178010.6910486,1785178010.6926155,1785178010.8098543,1785178012.3803742,,,
block1-001378,451.2957447441295,1081.8801887799054,45,17.5,449.78560705203563,1080.3700510878116,1.5101376920938492,block1:s1,gated_rule_c,mixed,1785178010.7273803,1785178010.728892,1785178011.1786942,1785178011.8092792,,,
block1-001379,59.69923152588308,8175.493355491199,343,22.5,59.44221396930516,8175.236337934621,0.2570175565779209,block1:zero_tool,gated_rule_c,mixed,1785178010.8817155,1785178010.881973,1785178010.9414253,1785178019.0572197,,,
block1-001380,96.56218509189785,2651.5704290941358,117,20.0,96.27981297671795,2651.288056978956,0.28237211517989635,block1:zero_tool,gated_rule_c,mixed,1785178010.9837782,1785178010.9840617,1785178011.0803516,1785178013.6353602,,,
block1-001381,131.61029643379152,1487.127875443548,62,15.0,130.7319039478898,1486.2494829576463,0.8783924859017134,block1:s1,gated_rule_c,mixed,1785178010.989881,1785178010.9907596,1785178011.1214988,1785178012.477017,,,
block1-001382,95.17394180875272,11947.506119846366,503,17.5,94.8715329868719,11947.203711024486,0.3024088218808174,block1:zero_tool,gated_rule_c,mixed,1785178011.0621698,1785178011.0624723,1785178011.157526,1785178023.0098572,,,
block1-001383,73.11115437187254,2881.752260378562,129,170.0,72.91833800263703,2881.5594440093264,0.1928163692355156,block1:zero_tool,gated_rule_c,mixed,1785178011.0863147,1785178011.0865078,1785178011.159436,1785178013.9680765,,,
block1-001384,68.29328997991979,2696.7597688781098,120,357.5,67.36481399275362,2695.8312928909436,0.9284759871661663,block1:zero_tool,gated_rule_c,mixed,1785178011.214171,1785178011.2151,1785178011.2824774,1785178013.9109437,,,
block1-001385,391.6852289112285,1076.657366938889,44,12.5,391.3646119181067,1076.3367499457672,0.3206169931218028,block1:s2,gated_rule_c,mixed,1785178011.7107377,1785178011.7110584,1785178012.1024342,1785178012.7874064,,,
block1-001386,376.89180683810264,908.0690687987953,36,115.0,375.5848481087014,906.7621100693941,1.3069587294012308,block1:s2,gated_rule_c,mixed,1785178011.9175274,1785178011.9188352,1785178012.2944307,1785178012.825608,,,
block1-001387,107.43863775860518,8337.707877741195,345,10.0,106.30159999709576,8336.570839979686,1.1370377615094185,block1:zero_tool,gated_rule_c,mixed,1785178012.0334811,1785178012.0346186,1785178012.14093,1785178020.3711991,,,
block1-001388,329.7602105885744,854.7677085734904,35,12.5,329.58507898729295,854.5925769722089,0.1751316012814641,block1:s2,gated_rule_c,mixed,1785178012.051053,1785178012.0512285,1785178012.3808212,1785178012.9058292,,,
block1-001389,290.48033128492534,934.2006563674659,41,15.0,290.08218296803534,933.8025080505759,0.3981483168900013,block1:s2,gated_rule_c,mixed,1785178012.1092844,1785178012.1096828,1785178012.3997967,1785178013.043517,,,
block1-001390,371.9322112156078,888.0370382685214,38,152.5,371.4596020290628,887.5644290819764,0.4726091865450144,block1:s2,gated_rule_c,mixed,1785178012.3738074,1785178012.3742805,1785178012.7457511,1785178013.2618563,,,
block1-001391,332.5480754720047,883.3486114162952,37,15.0,331.75431506242603,882.5548510067165,0.793760409578681,block1:s2,gated_rule_c,mixed,1785178013.1238942,1785178013.124689,1785178013.4564571,1785178014.0072565,,,
block1-001392,98.00248523242772,3000.373237300664,125,152.5,97.40383992902935,2999.774591997266,0.5986453033983707,block1:zero_tool,gated_rule_c,mixed,1785178013.1427653,1785178013.1433647,1785178013.2407792,1785178016.1431496,,,
block1-001393,460.174375330098,1244.965321267955,48,15.0,459.52967007178813,1244.3206160096452,0.6447052583098412,block1:s3,gated_rule_c,mixed,1785178013.5078073,1785178013.5084524,1785178013.967993,1785178014.7527847,,,
block1-001394,93.0666730273515,4081.5837919944897,175,10.0,92.82915503717959,4081.346274004318,0.23751799017190933,block1:zero_tool,gated_rule_c,mixed,1785178013.5772166,1785178013.5774558,1785178013.6703014,1785178017.6588185,,,
block1-001395,419.60235370788723,1205.1581586711109,48,152.5,418.6816259752959,1204.2374309385195,0.920727732591331,block1:s3,gated_rule_c,mixed,1785178013.5870287,1785178013.5879495,1785178014.0066388,1785178014.7921941,,,
block1-001396,463.48101389594376,1246.5095699299127,48,280.0,462.5288239913061,1245.557380025275,0.9521899046376348,block1:s3,gated_rule_c,mixed,1785178014.0725894,1785178014.0735419,1785178014.5361698,1785178015.3191977,,,
block1-001397,358.3495495840907,1104.5033076079562,43,412.5,357.6019429601729,1103.7557009840384,0.7476066239178181,block1:s3,gated_rule_c,mixed,1785178014.1558537,1785178014.1566026,1785178014.5142186,1785178015.2603724,,,
block1-001398,466.5654891869053,1195.925445179455,46,12.5,465.72675893548876,1195.0867149280384,0.838730251416564,block1:s3,gated_rule_c,mixed,1785178014.4816177,1785178014.4824574,1785178014.9481938,1785178015.6775544,,,
block1-001399,113.35836560465395,3948.735808604397,161,395.0,112.82279202714562,3948.2002350268885,0.5355735775083303,block1:zero_tool,gated_rule_c,mixed,1785178014.5781791,1785178014.5787148,1785178014.6915495,1785178018.526926,,,
block1-001400,411.7158814333379,1193.3088464429602,48,280.0,411.48323100060225,1193.0761960102245,0.23265043273568153,block1:s4,gated_rule_c,mixed,1785178014.5946102,1785178014.5948439,1785178015.0063384,1785178015.7879317,,,
block1-001401,499.52319951262325,1254.674132564105,48,152.5,499.35478903353214,1254.505722085014,0.16841047909110785,block1:s4,gated_rule_c,mixed,1785178015.0729969,1785178015.0731661,1785178015.5725327,1785178016.327684,,,
block1-001402,482.3934690793976,1240.0216300738975,48,17.5,481.94537800736725,1239.5735390018672,0.44809107203036547,block1:s4,gated_rule_c,mixed,1785178015.1100664,1785178015.1105156,1785178015.5924752,1785178016.350104,,,
block1-001403,440.53609401453286,1205.7247949996963,49,170.0,440.0607560528442,1205.2494570380077,0.47533796168863773,block1:s4,gated_rule_c,mixed,1785178015.3018029,1785178015.3022788,1785178015.7424479,1785178016.5076363,,,
block1-001404,81.29233808722347,4480.564068071544,176,50.0,80.84137795958668,4480.113107943907,0.4509601276367903,block1:zero_tool,gated_rule_c,mixed,1785178015.600625,1785178015.601076,1785178015.6819282,1785178020.081199,,,
block1-001405,497.87498207297176,1207.352975034155,48,322.5,497.36643000505865,1206.8444229662418,0.508552067913115,block1:s4,gated_rule_c,mixed,1785178015.6886609,1785178015.6891701,1785178016.18655,1785178016.8960285,,,
block1-001406,461.0949121415615,1184.7107681678608,48,177.5,460.4640109464526,1184.079866972752,0.6309011951088905,block1:s4,gated_rule_c,mixed,1785178015.9263291,1785178015.926961,1785178016.387435,1785178017.1110513,,,
block1-001407,96.51385562028736,4538.1097255740315,178,412.5,95.44855006970465,4537.044420023449,1.065305550582707,block1:zero_tool,gated_rule_c,mixed,1785178015.9591253,1785178015.9601908,1785178016.0556462,1785178020.497243,,,
block1-001408,339.9714292027056,1022.6631731493399,43,322.5,339.51577998232096,1022.2075239289552,0.4556492203846574,block1:s1,gated_rule_c,mixed,1785178016.0473018,1785178016.047761,1785178016.387306,1785178017.0699978,,,
block1-001409,68.50016280077398,5092.79728285037,207,152.5,67.79283296782523,5092.089953017421,0.7073298329487443,block1:zero_tool,gated_rule_c,mixed,1785178016.118169,1785178016.1188798,1785178016.1866949,1785178021.2109933,,,
block1-001410,410.4319743346423,1041.0229152766988,44,572.5,409.61689897812903,1040.2078399201855,0.8150753565132618,block1:s1,gated_rule_c,mixed,1785178016.525918,1785178016.5267365,1785178016.9363797,1785178017.5669706,,,
block1-001411,88.0194214405492,1898.6502265324816,73,320.0,87.11127995047718,1897.7420850424096,0.908141490072012,block1:s1,gated_rule_c,mixed,1785178016.532052,1785178016.5329602,1785178016.620079,1785178018.4307096,,,
block1-001412,369.71430049743503,866.680245497264,36,187.5,369.16233494412154,866.1282799439505,0.5519655533134937,block1:s1,gated_rule_c,mixed,1785178016.679006,1785178016.6795585,1785178017.0487306,1785178017.5456965,,,
block1-001413,77.20187224913388,9886.525748297572,407,282.5,76.93400094285607,9886.257876991294,0.2678713062778115,block1:zero_tool,gated_rule_c,mixed,1785178016.7565196,1785178016.7567883,1785178016.8338451,1785178026.6431699,,,
block1-001414,261.4124835235998,968.4887655312195,40,107.5,260.92603895813227,968.002320965752,0.48644456546753645,block1:s1,gated_rule_c,mixed,1785178016.9691455,1785178016.9696326,1785178017.2305706,1785178017.937647,,,
block1-001415,73.45638424158096,4148.090644273907,161,217.5,72.6526560029015,4147.2869160352275,0.8037282386794686,block1:zero_tool,gated_rule_c,mixed,1785178017.20114,1785178017.2019453,1785178017.2746155,1785178021.3492498,,,
block1-001416,68.03577730897814,3643.8993443734944,140,395.0,67.41476198658347,3643.2783290510997,0.6210153223946691,block1:zero_tool,gated_rule_c,mixed,1785178017.3299441,1785178017.3305657,1785178017.3979948,1785178020.9738584,,,
block1-001417,419.7372186463326,1373.0510995956138,42,25.0,418.9244949957356,1372.2383759450167,0.8127236505970359,block1:s2,gated_rule_c,mixed,1785178017.5787928,1785178017.5796058,1785178017.9985397,1785178018.9518547,,,
block1-001418,376.09410285949707,1192.348243901506,36,350.0,375.2689459361136,1191.5230869781226,0.8251569233834743,block1:s2,gated_rule_c,mixed,1785178017.5811064,1785178017.5819328,1785178017.957212,1785178018.7734663,,,
block1-001419,110.30276620294899,2128.7085512885824,74,10.0,109.44823396857828,2127.8540190542117,0.8545322343707085,block1:s2,gated_rule_c,mixed,1785178017.9302773,1785178017.9311342,1785178018.040602,1785178020.0590074,,,
block1-001420,488.0697150947526,1185.4219331871718,36,107.5,487.7536029089242,1185.1058210013434,0.31611218582838774,block1:s2,gated_rule_c,mixed,1785178017.9417024,1785178017.9420185,1785178018.4297824,1785178019.1271331,,,
block1-001421,131.85054378118366,4571.867667837068,182,485.0,131.39333704020828,4571.410461096093,0.45720674097537994,block1:zero_tool,gated_rule_c,mixed,1785178018.039243,1785178018.0397003,1785178018.171105,1785178022.6111221,,,
block1-001422,535.5497809359804,1167.6323940046132,38,17.5,535.0693670334294,1167.1519801020622,0.48041390255093575,block1:s2,gated_rule_c,mixed,1785178018.0719402,1785178018.0724208,1785178018.6075,1785178019.239582,,,
block1-001423,94.70700169913471,3246.2217716965824,126,15.0,94.3347600987181,3245.849530096166,0.3722416004166007,block1:zero_tool,gated_rule_c,mixed,1785178018.1019526,1785178018.1023252,1785178018.1966705,1785178021.3481853,,,
block1-001424,325.9761123917997,1186.7974794004112,38,17.5,325.30099095311016,1186.1223579617217,0.6751214386895299,block1:s3,gated_rule_c,mixed,1785178018.1396174,1785178018.1402934,1785178018.4656072,1785178019.3264282,,,
block1-001425,71.12617534585297,3259.635098394938,128,15.0,70.33736794255674,3258.8462909916416,0.7888074032962322,block1:zero_tool,gated_rule_c,mixed,1785178018.2932422,1785178018.2940328,1785178018.3643928,1785178021.5529017,,,
block1-001426,529.7655254835263,1213.6252874042839,41,550.0,529.3844840489328,1213.2442459696904,0.3810414345934987,block1:s3,gated_rule_c,mixed,1785178018.3293493,1785178018.3297312,1785178018.8591273,1785178019.542987,,,
block1-001427,575.0451305648312,1398.6754575744271,48,820.0,573.9991319132969,1397.6294589228928,1.045998651534319,block1:s3,gated_rule_c,mixed,1785178018.4386334,1785178018.4396799,1785178019.013688,1785178019.837319,,,
block1-001428,383.73223843518645,1155.0993864657357,41,287.5,383.2172650145367,1154.584413045086,0.5149734206497669,block1:s3,gated_rule_c,mixed,1785178018.5216365,1785178018.522153,1785178018.9053855,1785178019.6767535,,,
block1-001429,445.74626674875617,1221.753749763593,43,217.5,445.134341949597,1221.141824964434,0.6119247991591692,block1:s3,gated_rule_c,mixed,1785178018.6161294,1785178018.6167414,1785178019.0618858,1785178019.8378935,,,
block1-001430,99.62791914585978,3896.0318031022325,161,115.0,98.61406602431089,3895.0179499806836,1.013853121548891,block1:zero_tool,gated_rule_c,mixed,1785178018.650721,1785178018.6517363,1785178018.7503633,1785178022.5467675,,,
block1-001431,122.76470242068172,3106.985234422609,128,95.0,121.58384907525033,3105.804381077178,1.1808533454313874,block1:zero_tool,gated_rule_c,mixed,1785178018.8694456,1785178018.8706286,1785178018.9922326,1785178021.9764528,,,
block1-001432,515.2331831632182,1307.4768262449652,48,70.0,515.0581978959963,1307.3018409777433,0.17498526722192764,block1:s4,gated_rule_c,mixed,1785178018.8773136,1785178018.877489,1785178019.3925555,1785178020.1847985,,,
block1-001433,86.34954423177987,4729.797371197492,199,280.0,86.14679903257638,4729.594625998288,0.2027451992034912,block1:zero_tool,gated_rule_c,mixed,1785178018.9751785,1785178018.9753811,1785178019.061536,1785178023.7049844,,,
block1-001434,511.07297395356,1298.4419299755245,48,172.5,509.17466497048736,1296.543620992452,1.8983089830726385,block1:s4,gated_rule_c,mixed,1785178019.2002773,1785178019.2021778,1785178019.7113714,1785178020.4987404,,,
block1-001435,105.38511269260198,3030.427518649958,128,47.5,104.90671801380813,3029.949123971164,0.47839467879384756,block1:zero_tool,gated_rule_c,mixed,1785178019.219732,1785178019.220211,1785178019.32513,1785178022.250172,,,
block1-001436,514.6500919945538,1233.0036979401484,48,20.0,514.4202680094168,1232.7738739550114,0.22982398513704538,block1:s4,gated_rule_c,mixed,1785178019.5663128,1785178019.5665426,1785178020.0809717,1785178020.7993264,,,
block1-001437,488.3293027523905,1189.7196487989277,48,282.5,487.18428902793676,1188.574635074474,1.1450137244537473,block1:s4,gated_rule_c,mixed,1785178019.6950595,1785178019.6962047,1785178020.1835225,1785178020.8849137,,,
block1-001438,87.34958874993026,4622.272657812573,198,155.0,87.13837794493884,4622.061447007582,0.21121080499142408,block1:zero_tool,gated_rule_c,mixed,1785178019.9495006,1785178019.9497128,1785178020.0368624,1785178024.5717852,,,
block1-001439,73.3227243181318,3988.607827341184,170,287.5,72.88605405483395,3988.171157077886,0.43667026329785585,block1:zero_tool,gated_rule_c,mixed,1785178019.9640067,1785178019.9644449,1785178020.0373418,1785178023.9526281,,,
block1-001440,70.89691865257919,4484.6225826768205,193,15.0,69.93792904540896,4483.66359306965,0.9589896071702242,block1:zero_tool,gated_rule_c,mixed,1785178019.9663134,1785178019.9672754,1785178020.0372381,1785178024.4509654,,,
block1-001441,392.8503345232457,890.1567094726488,37,52.5,392.6237289560959,889.930103905499,0.22660556714981794,block1:s1,gated_rule_c,mixed,1785178020.1055875,1785178020.1058145,1785178020.4984467,1785178020.9957533,,,
block1-001442,377.5233979104087,1075.426114955917,44,145.0,376.81425700429827,1074.7169740498066,0.7091409061104059,block1:s1,gated_rule_c,mixed,1785178020.3781693,1785178020.378882,1785178020.7557216,1785178021.4536238,,,
block1-001443,66.51063088793308,5480.359848937951,229,117.5,64.8686740314588,5478.717892081477,1.6419568564742804,block1:zero_tool,gated_rule_c,mixed,1785178020.435608,1785178020.4372509,1785178020.5021315,1785178025.9159813,,,
block1-001444,75.86518698371947,3396.1253910092637,143,140.0,74.51228296849877,3394.772486994043,1.3529040152207017,block1:zero_tool,gated_rule_c,mixed,1785178020.8563392,1785178020.8576941,1785178020.9322255,1785178024.252485,,,
block1-001445,75.19654266070575,2860.3445746703073,119,12.5,74.929652037099,2860.0776840467006,0.26689062360674143,block1:zero_tool,gated_rule_c,mixed,1785178021.0931714,1785178021.0934393,1785178021.1683822,1785178023.9535298,,,
block1-001446,317.8293805103749,974.3627135176212,39,10.0,317.3532859655097,973.886618972756,0.476094544865191,block1:s1,gated_rule_c,mixed,1785178021.172393,1785178021.17287,1785178021.4902346,1785178022.1467686,,,
block1-001447,431.13735399674624,920.8612949587405,37,12.5,430.6713209953159,920.3952619573101,0.46603300143033266,block1:s1,gated_rule_c,mixed,1785178021.1832776,1785178021.1837437,1785178021.614422,1785178022.1041472,,,
block1-001448,95.25710029993206,3760.846542310901,156,820.0,94.81298795435578,3760.4024299653247,0.4441123455762863,block1:zero_tool,gated_rule_c,mixed,1785178021.2907574,1785178021.2912025,1785178021.386028,1785178025.0516174,,,
block1-001449,90.19601810723543,4150.700953090563,171,172.5,88.03949598222971,4148.544430965558,2.156522125005722,block1:zero_tool,gated_rule_c,mixed,1785178021.2998962,1785178021.3020537,1785178021.3901024,1785178025.4506075,,,
block1-001450,361.24817084055394,866.6066118748859,37,12.5,360.6574949808419,866.0159360151738,0.5906758597120643,block1:s2,gated_rule_c,mixed,1785178021.424611,1785178021.425202,1785178021.785873,1785178022.2912297,,,
block1-001451,107.80765651725233,1931.2948115402833,78,15.0,107.20783297438174,1930.6949879974127,0.5998235428705812,block1:s2,gated_rule_c,mixed,1785178022.340034,1785178022.3406339,1785178022.4478507,1785178024.271337,,,
block1-001452,412.44274063501507,977.4677276145667,36,572.5,410.6604619883001,975.6854489678517,1.7822786467149854,block1:s2,gated_rule_c,mixed,1785178022.3647454,1785178022.366528,1785178022.777312,1785178023.3423371,,,
block1-001453,430.4543219041079,990.367024904117,38,282.5,429.8682289663702,989.7809319663793,0.5860929377377033,block1:s2,gated_rule_c,mixed,1785178022.414007,1785178022.4145937,1785178022.8444731,1785178023.4043858,,,
block1-001454,70.88828459382057,4546.078345621936,184,75.0,70.57346601504833,4545.763527043164,0.31481857877224684,block1:zero_tool,gated_rule_c,mixed,1785178022.6037028,1785178022.6040182,1785178022.6746037,1785178027.1497934,,,
block1-001455,403.7816842319444,929.0501772193238,37,282.5,403.0649909982458,928.3334839856252,0.7166932336986065,block1:s2,gated_rule_c,mixed,1785178022.6680002,1785178022.6687186,1785178023.0718005,1785178023.5970697,,,
block1-001456,71.3427314767614,3732.6682053972036,155,322.5,69.45857708342373,3730.784051003866,1.884154393337667,block1:zero_tool,gated_rule_c,mixed,1785178022.7507436,1785178022.7526295,1785178022.8221033,1785178026.4834294,,,
block1-001457,306.994937825948,962.0322367409244,39,145.0,305.60940608847886,960.6467050034553,1.3855317374691367,block1:s3,gated_rule_c,mixed,1785178022.7864594,1785178022.7878451,1785178023.0934665,1785178023.7485027,,,
block1-001458,74.675407493487,4542.774588568136,187,15.0,73.88779195025563,4541.986973024905,0.7876155432313681,block1:zero_tool,gated_rule_c,mixed,1785178022.892199,1785178022.8929877,1785178022.966888,1785178027.4349866,,,
block1-001459,105.70343444123864,3709.9045284558088,153,320.0,104.12525490392,3708.32634891849,1.578179537318647,block1:zero_tool,gated_rule_c,mixed,1785178023.1688707,1785178023.170451,1785178023.2746043,1785178026.8788054,,,
block1-001460,76.80502056609839,3404.40846956335,142,287.5,76.32250897586346,3403.925957973115,0.4825115902349353,block1:zero_tool,gated_rule_c,mixed,1785178023.2014246,1785178023.2019079,1785178023.2782426,1785178026.6058462,,,
block1-001461,77.09671638440341,2972.5438443711028,121,85.0,76.15015900228173,2971.597286988981,0.9465573821216822,block1:zero_tool,gated_rule_c,mixed,1785178023.4350688,1785178023.4360163,1785178023.5121803,1785178026.407627,,,
block1-001462,63.6769887059927,4295.295297750272,172,20.0,63.11746500432491,4294.735774048604,0.5595237016677856,block1:zero_tool,gated_rule_c,mixed,1785178023.6845324,1785178023.6851046,1785178023.7483022,1785178027.9799201,,,
block1-001463,322.34127481933683,1066.5850318036973,43,160.0,322.1542650135234,1066.398021997884,0.18700980581343174,block1:s3,gated_rule_c,mixed,1785178023.7495542,1785178023.7497413,1785178024.0719066,1785178024.8161497,,,
block1-001464,453.3255596179515,1354.3379666516557,49,95.0,452.6406569639221,1353.6530639976263,0.684902654029429,block1:s4,gated_rule_c,mixed,1785178024.1183217,1785178024.1190076,1785178024.5716598,1785178025.4726722,,,
block1-001465,102.58006013464183,4649.479180225171,184,550.0,101.14204895216972,4648.041169042699,1.4380111824721098,block1:zero_tool,gated_rule_c,mixed,1785178024.507363,1785178024.508802,1785178024.6099563,1785178029.156855,,,
block1-001466,93.9537767553702,4022.083324729465,158,140.0,93.07526797056198,4021.2048159446567,0.8785087848082185,block1:zero_tool,gated_rule_c,mixed,1785178024.5188563,1785178024.519735,1785178024.6128182,1785178028.5409477,,,
block1-001467,614.9317495292053,1374.4732345221564,48,117.5,613.5543710552156,1373.0958560481668,1.3773784739896655,block1:s4,gated_rule_c,mixed,1785178024.682717,1785178024.684095,1785178025.297659,1785178026.0572011,,,
block1-001468,629.7010518610477,1387.9642179235816,48,15.0,629.3999529443681,1387.663119006902,0.30109891667962074,block1:s4,gated_rule_c,mixed,1785178024.6890912,1785178024.689394,1785178025.3188055,1785178026.0770688,,,
block1-001469,147.4258644739166,3794.4491484668106,149,15.0,146.5382439782843,3793.5615279711783,0.8876204956322908,block1:zero_tool,gated_rule_c,mixed,1785178024.8017483,1785178024.802637,1785178024.9491887,1785178028.5962121,,,
block1-001470,552.9057327657938,1310.6521178269759,48,107.5,552.3017349187285,1310.0481199799106,0.6039978470653296,block1:s4,gated_rule_c,mixed,1785178024.8309746,1785178024.8315787,1785178025.3838909,1785178026.1416376,,,
block1-001471,521.3511206675321,1276.7163487151265,48,17.5,520.3598929801956,1275.72512102779,0.9912276873365045,block1:s4,gated_rule_c,mixed,1785178024.8851933,1785178024.886188,1785178025.4065797,1785178026.161945,,,
block1-001472,379.72373235970736,1096.2623683735728,43,100.0,378.8043330423534,1095.3429690562189,0.9193993173539639,block1:s1,gated_rule_c,mixed,1785178025.0260918,1785178025.0270116,1785178025.4058259,1785178026.122365,,,
block1-001473,81.07877837028354,4246.971131302416,173,10.0,80.2148929797113,4246.107245911844,0.8638853905722499,block1:zero_tool,gated_rule_c,mixed,1785178025.0873249,1785178025.0881913,1785178025.1684258,1785178029.3343182,,,
block1-001474,117.5286661600694,3480.268312152475,140,297.5,117.35745798796415,3480.09710398037,0.17120817210525274,block1:zero_tool,gated_rule_c,mixed,1785178025.1554604,1785178025.1556325,1785178025.2730033,1785178028.635743,,,
block1-001475,83.95529235713184,7908.604744356126,343,95.0,83.60722893849015,7908.256680937484,0.34806341864168644,block1:zero_tool,gated_rule_c,mixed,1785178025.1941538,1785178025.194502,1785178025.2781184,1785178033.102768,,,
block1-001476,319.1893888870254,840.9997078124434,33,322.5,317.90333706885576,839.7136559942737,1.2860518181696534,block1:s1,gated_rule_c,mixed,1785178025.446852,1785178025.4481404,1785178025.7660632,1785178026.2878737,,,
block1-001477,82.70848449319601,1580.3043694468215,63,155.0,81.55134203843772,1579.1472269920632,1.1571424547582865,block1:s1,gated_rule_c,mixed,1785178025.6830847,1785178025.6842425,1785178025.7658048,1785178027.2633996,,,
block1-001478,433.26908361632377,1224.5965925976634,47,17.5,432.95456597115844,1224.282074952498,0.3145176451653242,block1:s1,gated_rule_c,mixed,1785178025.9740062,1785178025.9743218,1785178026.4072912,1785178027.198618,,,
block1-001479,267.1163367340341,925.1760977786034,33,115.0,266.35132799856365,924.411089043133,0.7650087354704738,block1:s1,gated_rule_c,mixed,1785178026.3378856,1785178026.3386528,1785178026.6050248,1785178027.2630851,,,
block1-001480,452.756445039995,1200.1281050033867,40,297.5,451.9622219959274,1199.3338819593191,0.7942230440676212,block1:s2,gated_rule_c,mixed,1785178026.6969311,1785178026.697727,1785178027.1497016,1785178027.8970733,,,
block1-001481,452.73878425359726,1063.2709203055128,36,117.5,451.9207919947803,1062.452928046696,0.8179922588169575,block1:s2,gated_rule_c,mixed,1785178026.7456326,1785178026.7464523,1785178027.198517,1785178027.809049,,,
block1-001482,457.25946116726846,1193.947104155086,43,297.5,456.75414497964084,1193.4417879674584,0.5053161876276135,block1:s2,gated_rule_c,mixed,1785178026.806041,1785178026.8065472,1785178027.2633119,1785178027.9999995,,,
block1-001483,465.10340890381485,1206.0544468695298,43,10.0,464.0263260807842,1204.9773640464991,1.0770828230306506,block1:s2,gated_rule_c,mixed,1785178026.8164055,1785178026.817485,1785178027.2815282,1785178028.0224788,,,
block1-001484,119.67673106119037,3373.414025059901,140,10.0,118.80429601296782,3372.5415900116786,0.8724350482225418,block1:zero_tool,gated_rule_c,mixed,1785178026.9237409,1785178026.9246137,1785178027.0434296,1785178030.297167,,,
block1-001485,575.9814612101763,1334.2432952485979,49,110.0,575.51588001661,1333.7777140550315,0.4655811935663223,block1:s2,gated_rule_c,mixed,1785178026.9433455,1785178026.9438126,1785178027.5193415,1785178028.2776031,,,
block1-001486,341.43563581164926,958.2583048613742,36,15.0,341.2501940038055,958.0728630535305,0.18544180784374475,block1:s2,gated_rule_c,mixed,1785178027.0006719,1785178027.0008578,1785178027.3421204,1785178027.9589424,,,
block1-001487,93.65777159109712,2404.9023665720597,98,17.5,92.7678570151329,2404.0124519960955,0.8899145759642124,block1:zero_tool,gated_rule_c,mixed,1785178027.0136504,1785178027.0145416,1785178027.1073215,1785178029.418566,,,
block1-001488,84.1532830381766,3340.0943219894543,142,115.0,83.4387990180403,3339.379837969318,0.7144840201362967,block1:zero_tool,gated_rule_c,mixed,1785178027.114831,1785178027.1155455,1785178027.1989982,1785178030.4549396,,,
block1-001489,517.7042294526473,1274.6624033898115,48,282.5,516.7422210797668,1273.700395016931,0.9620083728805184,block1:s3,gated_rule_c,mixed,1785178027.3792226,1785178027.3801856,1785178027.8969386,1785178028.6538968,,,
block1-001490,508.9026429923251,1051.6367990057915,38,17.5,508.7597710080445,1051.493927021511,0.14287198428064585,block1:s3,gated_rule_c,mixed,1785178027.3833463,1785178027.3834908,1785178027.8922641,1785178028.4349978,,,
block1-001491,349.6796704130247,1038.755878340453,39,52.5,349.0170150762424,1038.0932230036706,0.6626553367823362,block1:s3,gated_rule_c,mixed,1785178027.4365366,1785178027.4371994,1785178027.7862256,1785178028.4753008,,,
block1-001492,78.0755237210542,3777.50135876704,171,20.0,77.04446592833847,3776.4703009743243,1.0310577927157283,block1:zero_tool,gated_rule_c,mixed,1785178027.8185194,1785178027.8195505,1785178027.8966036,1785178031.5960295,,,
block1-001493,460.4753915918991,1180.2265695296228,46,152.5,459.9000080488622,1179.651185986586,0.5753835430368781,block1:s3,gated_rule_c,mixed,1785178027.9935176,1785178027.9940934,1785178028.4540954,1785178029.1738465,,,
block1-001494,539.0687186736614,1120.007045683451,43,572.5,538.0287719890475,1118.9670989988372,1.039946684613824,block1:s3,gated_rule_c,mixed,1785178028.1380153,1785178028.1390564,1785178028.6770988,1785178029.2580373,,,
block1-001495,69.12418210413307,3046.171101043001,139,10.0,67.2867780085653,3044.333696947433,1.8374040955677629,block1:zero_tool,gated_rule_c,mixed,1785178028.4716814,1785178028.473521,1785178028.5408263,1785178031.5178735,,,
block1-001496,515.6798497773707,1189.883700804785,48,350.0,515.2556400280446,1189.4594910554588,0.4242097493261099,block1:s4,gated_rule_c,mixed,1785178028.4987478,1785178028.4991727,1785178029.0144403,1785178029.6886437,,,
block1-001497,474.8115368420258,1204.0234298910946,48,572.5,474.0584989776835,1203.2703920267522,0.7530378643423319,block1:s4,gated_rule_c,mixed,1785178028.6385212,1785178028.6392746,1785178029.1133432,1785178029.842556,,,
block1-001498,473.47694786731154,1199.4520449079573,48,10.0,472.92483097407967,1198.8999280147254,0.5521168932318687,block1:s4,gated_rule_c,mixed,1785178028.6605108,1785178028.661063,1785178029.1339946,1785178029.8599694,,,
block1-001499,76.4256096445024,3036.1702846130356,143,322.5,75.50345698837191,3035.248131956905,0.9221526561304927,block1:zero_tool,gated_rule_c,mixed,1785178028.8163333,1785178028.8172562,1785178028.8927696,1785178031.852515,,,
block1-001500,71.4773703366518,2893.2456242619082,136,20.0,70.64830407034606,2892.4165579956025,0.8290662663057446,block1:zero_tool,gated_rule_c,mixed,1785178028.8819578,1785178028.8827875,1785178028.953445,1785178031.775213,,,
block1-001501,112.5454333378002,2769.452419364825,130,282.5,112.07144195213914,2768.978427979164,0.4739913856610656,block1:zero_tool,gated_rule_c,mixed,1785178029.1414936,1785178029.1419678,1785178029.2540526,1785178031.9109585,,,
block1-001502,80.06046630907804,3906.8283622618765,178,187.5,79.18171293567866,3905.949608888477,0.8787533733993769,block1:zero_tool,gated_rule_c,mixed,1785178029.1781387,1785178029.1790178,1785178029.2582064,1785178033.0849745,,,
block1-001503,59.33024059049785,3706.288618617691,170,115.0,58.65052796434611,3705.6089059915394,0.6797126261517406,block1:zero_tool,gated_rule_c,mixed,1785178029.3389778,1785178029.3396616,1785178029.3983448,1785178033.045303,,,
block1-001504,67.8531430894509,2482.3165360139683,117,10.0,67.19998805783689,2481.6633809823543,0.6531550316140056,block1:zero_tool,gated_rule_c,mixed,1785178029.490649,1785178029.4913025,1785178029.5585113,1785178031.972975,,,
block1-001505,90.01050901133567,1321.2741890456527,59,15.0,89.57283990457654,1320.8365199388936,0.43766910675913095,block1:s1,gated_rule_c,mixed,1785178029.578876,1785178029.5793176,1785178029.668921,1785178030.900185,,,
block1-001506,331.7125018220395,939.1537008341402,40,187.5,329.4273550854996,936.8685540976003,2.2851467365399003,block1:s1,gated_rule_c,mixed,1785178029.724322,1785178029.7266095,1785178030.0560555,1785178030.6634974,,,
block1-001507,86.87438152264804,1516.2294034380466,72,177.5,86.09240397345275,1515.4474258888513,0.7819775491952896,block1:s1,gated_rule_c,mixed,1785178029.8654494,1785178029.866232,1785178029.9523416,1785178031.381697,,,
block1-001508,284.78746372275054,772.9021597187966,36,217.5,283.99346000514925,772.1081560011953,0.7940037176012993,block1:s1,gated_rule_c,mixed,1785178029.9499533,1785178029.9507487,1785178030.234756,1785178030.7228713,,,
block1-001509,86.71834471169859,1392.9568047169596,66,110.0,86.37604396790266,1392.6145039731637,0.34230074379593134,block1:s1,gated_rule_c,mixed,1785178030.5177343,1785178030.5180774,1785178030.604463,1785178031.910701,,,
block1-001510,387.103097862564,997.27813876234,47,20.0,386.4089000271633,996.5839409269392,0.6941978354007006,block1:s1,gated_rule_c,mixed,1785178031.1685238,1785178031.1692195,1785178031.5556421,1785178032.1658168,,,
block1-001511,101.67191608343273,1495.158248115331,61,15.0,100.07843491621315,1493.5647669481114,1.5934811672195792,block1:s1,gated_rule_c,mixed,1785178031.668761,1785178031.670355,1785178031.7704463,1785178033.163932,,,
block1-001512,317.4951879773289,857.4398449854925,38,95.0,316.5407460182905,856.4854030264542,0.9544419590383768,block1:s2,gated_rule_c,mixed,1785178031.7112176,1785178031.712173,1785178032.0287275,1785178032.5686717,,,
block1-001513,77.2036270936951,3111.418613116257,124,95.0,76.80930499918759,3111.0242910217494,0.39432209450751543,block1:zero_tool,gated_rule_c,mixed,1785178031.8958874,1785178031.8962827,1785178031.9731023,1785178035.0073175,,,
block1-001514,68.80949519108981,5689.344749087468,240,92.5,68.09815601445735,5688.633409910835,0.7113391766324639,block1:zero_tool,gated_rule_c,mixed,1785178032.0966325,1785178032.0973485,1785178032.16548,1785178037.7860153,,,
block1-001515,107.2927734348923,1945.5895124701783,72,177.5,106.73267696984112,1945.0294160051271,0.5600964650511742,block1:s2,gated_rule_c,mixed,1785178032.1507802,1785178032.151341,1785178032.2580845,1785178034.0963817,,,
block1-001516,317.3063112189993,975.039599230513,36,105.0,316.45787495654076,974.1911629680544,0.8484362624585629,block1:s2,gated_rule_c,mixed,1785178032.2312844,1785178032.2321336,1785178032.5486057,1785178033.2063394,,,
block1-001517,324.9348512617871,1207.6735872542486,44,12.5,323.927114950493,1206.6658509429544,1.0077363112941384,block1:s2,gated_rule_c,mixed,1785178032.416919,1785178032.417927,1785178032.741864,1785178033.6246026,,,
block1-001518,573.4801237704232,1153.5594067536294,38,10.0,572.8027239674702,1152.8820069506764,0.6773998029530048,block1:s2,gated_rule_c,mixed,1785178032.7564595,1785178032.757137,1785178033.3299513,1785178033.9100313,,,
block1-001519,449.5006026700139,1040.6031216261908,34,92.5,448.9450880791992,1040.0476070353761,0.5555145908147097,block1:s2,gated_rule_c,mixed,1785178032.8076763,1785178032.8082323,1785178033.257188,1785178033.8482904,,,
block1-001520,378.74387146439403,985.3880804730579,32,307.5,378.28388705383986,984.9280960625038,0.4599844105541706,block1:s3,gated_rule_c,mixed,1785178032.827684,1785178032.828144,1785178033.2064366,1785178033.8130817,,,
block1-001521,403.60669791698456,1150.2614920027554,39,485.0,402.67627499997616,1149.331069085747,0.9304229170084,block1:s3,gated_rule_c,mixed,1785178032.9464576,1785178032.947389,1785178033.350077,1785178034.096732,,,
block1-001522,523.7068069400266,1334.079228923656,49,217.5,523.2808530563489,1333.6532750399783,0.425953883677721,block1:s3,gated_rule_c,mixed,1785178033.0801635,1785178033.080591,1785178033.603884,1785178034.4142563,,,
block1-001523,530.5078428937122,1320.139970863238,48,20.0,529.6268759993836,1319.2590039689094,0.8809668943285942,block1:s3,gated_rule_c,mixed,1785178033.0942583,1785178033.095139,1785178033.6247709,1785178034.4144027,,,
block1-001524,502.64885858632624,1293.8258935464546,48,217.5,501.5283820684999,1292.7054170286283,1.1204765178263187,block1:s3,gated_rule_c,mixed,1785178033.1400113,1785178033.1411326,1785178033.6426797,1785178034.4338574,,,
block1-001525,498.2723380671814,1218.7246410176158,46,15.0,497.7650670334697,1218.217369983904,0.5072710337117314,block1:s3,gated_rule_c,mixed,1785178033.411847,1785178033.4123545,1785178033.9101286,1785178034.6305819,,,
block1-001526,66.55485113151371,3959.565530065447,171,15.0,66.43989600706846,3959.450574941002,0.11495512444525957,block1:zero_tool,gated_rule_c,mixed,1785178033.6817358,1785178033.6818511,1785178033.7483037,1785178037.6413138,,,
block1-001527,419.70122035127133,1125.5012813489884,43,20.0,418.63268497399986,1124.432745971717,1.0685353772714734,block1:s3,gated_rule_c,mixed,1785178033.6990244,1785178033.700095,1785178034.118745,1785178034.8245456,,,
block1-001528,528.3604721771553,1244.8504901258275,48,47.5,527.1129260072485,1243.6029439559206,1.2475461699068546,block1:s4,gated_rule_c,mixed,1785178033.801136,1785178033.8023856,1785178034.3295174,1785178035.0460072,,,
block1-001529,479.3224651366472,1206.615788047202,48,287.5,478.2983480254188,1205.5916709359735,1.0241171112284064,block1:s4,gated_rule_c,mixed,1785178033.9173443,1785178033.9183686,1785178034.3966763,1785178035.1239696,,,
block1-001530,436.64381350390613,1237.895292462781,48,60.0,435.76768098864704,1237.019159947522,0.8761325152590871,block1:s4,gated_rule_c,mixed,1785178034.0771403,1785178034.0780175,1785178034.513983,1785178035.3152344,,,
block1-001531,83.647730643861,4106.808480690233,175,20.0,83.2436450291425,4106.404395075515,0.4040856147184968,block1:zero_tool,gated_rule_c,mixed,1785178034.1692038,1785178034.169608,1785178034.2528625,1785178038.276024,,,
block1-001532,72.05550256185234,3752.95692961663,162,12.5,70.95433096401393,3751.8557580187917,1.1011715978384018,block1:zero_tool,gated_rule_c,mixed,1785178034.2629192,1785178034.2640204,1785178034.334983,1785178038.0158856,,,
block1-001533,485.69667350966483,1190.9173515159637,48,95.0,485.0678789662197,1190.2885569725186,0.6287945434451103,block1:s4,gated_rule_c,mixed,1785178034.4974048,1785178034.498034,1785178034.9831111,1785178035.688332,,,
block1-001534,520.1268692035228,1165.7751222373918,48,115.0,519.211413920857,1164.859666954726,0.9154552826657891,block1:s4,gated_rule_c,mixed,1785178034.7751088,1785178034.7760248,1785178035.2952466,1785178035.940895,,,
block1-001535,77.13331643026322,3490.3633245266974,148,100.0,75.85675397422165,3489.086762070656,1.2765624560415745,block1:zero_tool,gated_rule_c,mixed,1785178034.8437607,1785178034.8450396,1785178034.9209235,1785178038.3341534,,,
block1-001536,398.2355435146019,1003.191907540895,43,217.5,397.41905790288,1002.3754219291732,0.8164856117218733,block1:s1,gated_rule_c,mixed,1785178034.917119,1785178034.9179363,1785178035.315366,1785178035.9203227,,,
block1-001537,142.70240894984454,1381.8652379559353,58,152.5,141.54326100833714,1380.706090014428,1.159147941507399,block1:s1,gated_rule_c,mixed,1785178035.1057115,1785178035.106873,1785178035.2484365,1785178036.4875994,,,
block1-001538,121.94742157589644,6150.262183626182,260,95.0,120.89061690494418,6149.20537895523,1.0568046709522605,block1:zero_tool,gated_rule_c,mixed,1785178035.1270943,1785178035.1281512,1785178035.2490504,1785178041.2773654,,,
block1-001539,150.89633781462908,5160.740019869991,213,10.0,150.14703990891576,5159.990721964277,0.7492979057133198,block1:zero_tool,gated_rule_c,mixed,1785178035.138705,1785178035.1394563,1785178035.28962,1785178040.2994637,,,
block1-001540,352.66150918323547,927.4428111966699,39,50.0,352.38525399472564,927.1665560081601,0.2762551885098219,block1:s1,gated_rule_c,mixed,1785178035.1571605,1785178035.1574373,1785178035.5098343,1785178036.084616,,,
block1-001541,114.09233568701893,2401.2746376683936,106,15.0,113.72414708603173,2400.9064490674064,0.36818860098719597,block1:zero_tool,gated_rule_c,mixed,1785178035.1810596,1785178035.1814282,1785178035.2951603,1785178037.5823426,,,
block1-001542,346.26609936822206,1009.3365864595398,43,15.0,344.2008539568633,1007.2713410481811,2.0652454113587737,block1:s1,gated_rule_c,mixed,1785178035.738552,1785178035.740618,1785178036.0848284,1785178036.747899,,,
block1-001543,65.98018587101251,4605.3359399084,189,152.5,65.66315703094006,4605.018911068328,0.317028840072453,block1:zero_tool,gated_rule_c,mixed,1785178035.7945669,1785178035.7948844,1785178035.8605564,1785178040.3999114,,,
block1-001544,405.9217134490609,883.9766164310277,38,170.0,405.3529240190983,883.407827001065,0.568789429962635,block1:s2,gated_rule_c,mixed,1785178036.0220487,1785178036.0226176,1785178036.427981,1785178036.9060352,,,
block1-001545,394.7526675183326,1054.9827455542982,42,12.5,393.40051996987313,1053.6305980058387,1.3521475484594703,block1:s2,gated_rule_c,mixed,1785178036.2326307,1785178036.233986,1785178036.6274076,1785178037.2876382,,,
block1-001546,358.2861367613077,1018.8173637725413,43,20.0,357.46016597840935,1017.9913929896429,0.8259707828983665,block1:s2,gated_rule_c,mixed,1785178036.3085256,1785178036.3093524,1785178036.6668234,1785178037.3273547,,,
block1-001547,57.527825119905174,10953.065124107525,459,20.0,56.4842380117625,10952.021536999382,1.043587108142674,block1:zero_tool,gated_rule_c,mixed,1785178036.5692403,1785178036.5702853,1785178036.6267834,1785178047.5223207,,,
block1-001548,108.25329599902034,3202.483013039455,123,117.5,107.61353292036802,3201.8432499608025,0.6397630786523223,block1:zero_tool,gated_rule_c,mixed,1785178036.9167843,1785178036.9174244,1785178037.0250502,1785178040.1192791,,,
block1-001549,74.3385637179017,6037.138967658393,249,107.5,73.21233709808439,6036.012741038576,1.1262266198173165,block1:zero_tool,gated_rule_c,mixed,1785178036.9541783,1785178036.9553049,1785178037.0285285,1785178042.991329,,,
block1-001550,62.43881699629128,4284.031388931908,174,12.5,62.03332997392863,4283.625901909545,0.40548702236264944,block1:zero_tool,gated_rule_c,mixed,1785178037.1080165,1785178037.1084225,1785178037.1704676,1785178041.3920588,,,
block1-001551,279.7079593874514,914.5740183303133,34,10.0,279.00615299586207,913.8722119387239,0.7018063915893435,block1:s2,gated_rule_c,mixed,1785178037.1864982,1785178037.1872025,1785178037.4662342,1785178038.1010995,,,
block1-001552,260.8693075599149,1124.295181594789,38,177.5,259.7208189545199,1123.146692989394,1.1484886053949594,block1:s3,gated_rule_c,mixed,1785178037.4389622,1785178037.4401124,1785178037.69985,1785178038.5632763,,,
block1-001553,378.85517615359277,1304.0150591405109,39,95.0,378.2022059895098,1303.362088976428,0.6529701640829444,block1:s3,gated_rule_c,mixed,1785178037.742015,1785178037.7426686,1785178038.1208804,1785178039.0460408,,,
block1-001554,550.4181786673144,1346.0693166125566,41,545.0,549.9821660341695,1345.6333039794117,0.4360126331448555,block1:s3,gated_rule_c,mixed,1785178037.7439456,1785178037.744382,1785178038.29437,1785178039.090021,,,
block1-001555,351.459147175774,1240.397276240401,39,17.5,350.9870199486613,1239.9251490132883,0.47212722711265087,block1:s3,gated_rule_c,mixed,1785178037.849495,1785178037.849968,1785178038.2009678,1785178039.0899048,,,
block1-001556,127.71508924197406,4132.7090641716495,164,10.0,127.6041860692203,4132.598160998896,0.11090317275375128,block1:zero_tool,gated_rule_c,mixed,1785178037.8691778,1785178037.8692887,1785178037.9969,1785178042.0018933,,,
block1-001557,68.02334217354655,4156.148745212704,166,152.5,67.55818298552185,4155.683586024679,0.4651591880246997,block1:zero_tool,gated_rule_c,mixed,1785178038.032872,1785178038.033337,1785178038.1009045,1785178042.1890306,,,
block1-001558,675.1029780134559,1342.0270199421793,43,95.0,673.0627260403708,1339.9867679690942,2.0402519730851054,block1:s3,gated_rule_c,mixed,1785178038.066256,1785178038.0682967,1785178038.7413683,1785178039.4082916,,,
block1-001559,397.7903474587947,1330.654377466999,43,107.5,397.21291000023484,1330.0769400084391,0.5774374585598707,block1:s3,gated_rule_c,mixed,1785178038.1287818,1785178038.1293592,1785178038.526581,1785178039.459444,,,
block1-001560,589.3500382080674,1377.158543211408,48,485.0,588.8980940217152,1376.7065990250558,0.45194418635219336,block1:s4,gated_rule_c,mixed,1785178038.3369195,1785178038.337371,1785178038.9262745,1785178039.7140825,,,
block1-001561,108.1088138744235,3913.7611888581887,156,70.0,107.59806202258915,3913.2504370063543,0.5107518518343568,block1:zero_tool,gated_rule_c,mixed,1785178038.3484776,1785178038.3489904,1785178038.456608,1785178042.2622607,,,
block1-001562,612.5907280948013,1385.8337011188269,48,15.0,611.7994249798357,1385.0423980038613,0.791303114965558,block1:s4,gated_rule_c,mixed,1785178038.4542286,1785178038.455021,1785178039.0668395,1785178039.8400831,,,
block1-001563,613.9337125932798,1407.876908662729,48,287.5,613.6260220082477,1407.5692180776969,0.30769058503210545,block1:s4,gated_rule_c,mixed,1785178038.4755418,1785178038.4758496,1785178039.0894828,1785178039.8834267,,,
block1-001564,526.7937059979886,1302.2505369735882,48,572.5,526.0328240692616,1301.4896550448611,0.7608819287270308,block1:s4,gated_rule_c,mixed,1785178038.6453505,1785178038.6461122,1785178039.1721563,1785178039.947614,,,
block1-001565,490.32379291020334,1259.8983809584752,48,25.0,489.55512000247836,1259.1297080507502,0.7686729077249765,block1:s4,gated_rule_c,mixed,1785178038.7727804,1785178038.773549,1785178039.2631147,1785178040.0326889,,,
block1-001566,520.3323016176,1231.3422845909372,48,572.5,519.7817910229787,1230.791773996316,0.5505105946213007,block1:s4,gated_rule_c,mixed,1785178038.8876226,1785178038.8881762,1785178039.4079766,1785178040.1189873,,,
block1-001567,497.27484479080886,1182.8877377556637,48,357.5,496.5893799671903,1182.2022729320452,0.6854648236185312,block1:s4,gated_rule_c,mixed,1785178039.2166343,1785178039.2173202,1785178039.71392,1785178040.3995333,,,
block1-001568,395.0811268296093,1046.057115891017,43,25.0,394.3255919730291,1045.3015810344368,0.7555348565801978,block1:s1,gated_rule_c,mixed,1785178039.2737799,1785178039.2745378,1785178039.6688838,1785178040.31986,,,
block1-001569,120.44604262337089,1521.5673606144264,66,15.0,120.12937502004206,1521.2506930110976,0.31666760332882404,block1:s1,gated_rule_c,mixed,1785178039.3179994,1785178039.3183174,1785178039.4384637,1785178040.8395855,,,
block1-001570,302.75674210861325,909.4419660978019,40,10.0,301.79186002351344,908.4770840127021,0.9648820850998163,block1:s1,gated_rule_c,mixed,1785178039.7658339,1785178039.7668018,1785178040.0686164,1785178040.6753025,,,
block1-001571,344.6133389370516,829.429610981606,37,160.0,343.77184696495533,828.5881190095097,0.8414919720962644,block1:s1,gated_rule_c,mixed,1785178039.7938418,1785178039.7946844,1785178040.1384666,1785178040.6232831,,,
block1-001572,68.66210885345936,2536.6468898719177,107,100.0,67.77497194707394,2535.7597529655322,0.8871369063854218,block1:zero_tool,gated_rule_c,mixed,1785178040.0065856,1785178040.0074735,1785178040.0752583,1785178042.5432432,,,
block1-001573,88.78720458596945,1665.8939346671104,67,52.5,88.08375592343509,1665.190486004576,0.7034486625343561,block1:s1,gated_rule_c,mixed,1785178040.3780696,1785178040.3787737,1785178040.4669747,1785178042.044081,,,
block1-001574,349.0161115769297,1068.3352255728096,43,172.5,348.86465803720057,1068.1837720330805,0.15145353972911835,block1:s1,gated_rule_c,mixed,1785178040.588733,1785178040.5888853,1785178040.937761,1785178041.6570804,,,
block1-001575,102.02822170685977,3824.1915546823293,153,22.5,99.90723105147481,3822.0705640269443,2.120990655384958,block1:zero_tool,gated_rule_c,mixed,1785178040.6483788,1785178040.6505,1785178040.750416,1785178044.4725792,,,
block1-001576,66.16302323527634,7272.036788286641,310,357.5,64.12014691159129,7269.993911962956,2.04287632368505,block1:zero_tool,gated_rule_c,mixed,1785178040.6875143,1785178040.6895573,1785178040.7536864,1785178047.9595602,,,
block1-001577,286.8623996619135,1105.31098570209,42,12.5,286.0937080113217,1104.5422940514982,0.7686916505917907,block1:s2,gated_rule_c,mixed,1785178040.7496676,1785178040.7504365,1785178041.036541,1785178041.8549898,,,
block1-001578,110.7649093028158,4194.99519339297,166,60.0,110.25880696251988,4194.489091052674,0.5061023402959108,block1:zero_tool,gated_rule_c,mixed,1785178041.1241312,1785178041.1246376,1785178041.2349074,1785178045.319138,,,
block1-001579,57.64807853847742,11923.468790599145,516,282.5,57.02050495892763,11922.841217019595,0.6275735795497894,block1:zero_tool,gated_rule_c,mixed,1785178041.1812375,1785178041.1818666,1785178041.2389076,1785178053.1047275,,,
block1-001580,367.1722001163289,1032.6340121682733,35,280.0,365.61887396965176,1031.0806860215962,1.5533261466771364,block1:s2,gated_rule_c,mixed,1785178041.290084,1785178041.2916374,1785178041.6572676,1785178042.3227303,,,
block1-001581,443.68065206799656,1131.6569530172274,41,115.0,443.1061539798975,1131.0824549291283,0.5744980880990624,block1:s2,gated_rule_c,mixed,1785178041.4114306,1785178041.4120054,1785178041.8551207,1785178042.5430973,,,
block1-001582,479.16254855226725,1037.9459275864065,38,115.0,478.0978789785877,1036.881258012727,1.0646695736795664,block1:s2,gated_rule_c,mixed,1785178041.5229347,1785178041.5240014,1785178042.0021148,1785178042.560898,,,
block1-001583,388.04734928999096,950.7727043237537,34,50.0,386.1752380616963,948.900593095459,1.8721112282946706,block1:s2,gated_rule_c,mixed,1785178041.5707853,1785178041.5726588,1785178041.9588454,1785178042.521571,,,
block1-001584,331.1858947854489,894.1073798341677,32,412.5,330.41997998952866,893.3414650382474,0.7659147959202528,block1:s3,gated_rule_c,mixed,1785178041.607397,1785178041.6081665,1785178041.938612,1785178042.5015335,,,
block1-001585,129.62404359132051,3207.2241875575855,128,95.0,128.5921820672229,3206.192326033488,1.0318615240976214,block1:zero_tool,gated_rule_c,mixed,1785178041.6643925,1785178041.6654246,1785178041.7940311,1785178044.8716261,,,
block1-001586,441.39865948818624,992.1729594934732,38,15.0,440.5408969614655,991.3151969667524,0.8577625267207623,block1:s3,gated_rule_c,mixed,1785178041.6663675,1785178041.6672258,1785178042.1077805,1785178042.6585546,,,
block1-001587,318.933934206143,949.4513812242076,41,25.0,318.0392439244315,948.5566909424961,0.8946902817115188,block1:s3,gated_rule_c,mixed,1785178042.0620077,1785178042.0629022,1785178042.380951,1785178043.0114677,,,
block1-001588,426.01886950433254,1164.625143399462,48,12.5,425.7156531093642,1164.3219270044938,0.30321639496833086,block1:s3,gated_rule_c,mixed,1785178042.1346443,1785178042.134948,1785178042.5606747,1785178043.2992811,,,
block1-001589,74.67512181028724,3677.2422157227993,148,20.0,72.87447503767908,3675.441568950191,1.800646772608161,block1:zero_tool,gated_rule_c,mixed,1785178042.8767147,1785178042.8785162,1785178042.9515197,1785178046.554087,,,
block1-001590,63.97666223347187,4254.033064236864,174,107.5,63.75246704556048,4253.808869048953,0.22419518791139126,block1:zero_tool,gated_rule_c,mixed,1785178042.887483,1785178042.8877077,1785178042.9514694,1785178047.1415255,,,
block1-001591,428.5545661114156,1331.3117601210251,43,10.0,428.1289679929614,1330.886162002571,0.4255981184542179,block1:s3,gated_rule_c,mixed,1785178042.994288,1785178042.9947135,1785178043.422851,1785178044.325609,,,
block1-001592,655.2338844630867,1409.8634514957666,48,152.5,654.4770509935915,1409.1066180262715,0.7568334694951773,block1:s4,gated_rule_c,mixed,1785178043.0437915,1785178043.0445492,1785178043.6990392,1785178044.4536688,,,
block1-001593,705.4483585525304,1399.0183256100863,48,12.5,704.9069749191403,1398.4769419766963,0.541383633390069,block1:s4,gated_rule_c,mixed,1785178043.072896,1785178043.07344,1785178043.778366,1785178044.4719367,,,
block1-001594,646.7732026940212,1368.7226417241618,48,15.0,645.9521919023246,1367.9016309324652,0.8210107916966081,block1:s4,gated_rule_c,mixed,1785178043.3238103,1785178043.3246322,1785178043.9705935,1785178044.6925428,,,
block1-001595,640.8474852796644,1346.2904252810404,48,282.5,640.4694590019062,1345.9123990032822,0.3780262777581811,block1:s4,gated_rule_c,mixed,1785178043.3849654,1785178043.3853445,1785178044.0258262,1785178044.7312684,,,
block1-001596,104.53064914327115,3746.51121115312,155,15.0,103.3501640195027,3745.3307260293514,1.1804851237684488,block1:zero_tool,gated_rule_c,mixed,1785178043.3952606,1785178043.3964434,1785178043.4998133,1785178047.1417925,,,
block1-001597,584.3844269402325,1291.1927049281076,48,135.0,583.9180330513045,1290.7263110391796,0.46639388892799616,block1:s4,gated_rule_c,mixed,1785178043.4613845,1785178043.4618516,1785178044.04578,1785178044.752587,,,
block1-001598,557.9524297500029,1262.071571778506,48,105.0,557.0889980299398,1261.208140058443,0.8634317200630903,block1:s4,gated_rule_c,mixed,1785178043.5311317,1785178043.5319955,1785178044.0890985,1785178044.7932181,,,
block1-001599,573.8474477548152,1277.0328406477347,48,395.0,573.333076084964,1276.5184689778835,0.5143716698512435,block1:s4,gated_rule_c,mixed,1785178043.5364575,1785178043.536972,1785178044.110312,1785178044.8134973,,,
block1-001600,446.7919751768932,1110.7221491402015,43,50.0,446.533864014782,1110.4640379780903,0.25811116211116314,block1:s1,gated_rule_c,mixed,1785178043.5995712,1785178043.5998304,1785178044.0463748,1785178044.710305,,,
block1-001601,174.41762425005436,1768.3760022046044,71,820.0,174.09264098387212,1768.0510189384222,0.3249832661822438,block1:s1,gated_rule_c,mixed,1785178043.6040573,1785178043.6043847,1785178043.7785149,1785178045.3724737,,,
block1-001602,80.66883496940136,4066.4354680338874,181,110.0,79.57576599437743,4065.3423990588635,1.0930689750239253,block1:zero_tool,gated_rule_c,mixed,1785178043.782609,1785178043.7837021,1785178043.8634808,1785178047.849247,,,
block1-001603,341.32155100815,873.6331489635631,37,15.0,339.69676203560084,872.008359991014,1.6247889725491405,block1:s1,gated_rule_c,mixed,1785178043.9399803,1785178043.941606,1785178044.2813466,1785178044.8136573,,,
block1-001604,76.05401345063001,2597.43989049457,111,145.0,75.58894995599985,2596.97482699994,0.46506349463015795,block1:zero_tool,gated_rule_c,mixed,1785178044.4833417,1785178044.483807,1785178044.559406,1785178047.0807915,,,
block1-001605,107.29343502316624,1494.0440999343991,62,47.5,106.47068009711802,1493.221345008351,0.8227549260482192,block1:s1,gated_rule_c,mixed,1785178044.5798752,1785178044.580699,1785178044.6871827,1785178046.0739334,,,
block1-001606,91.83809964451939,1596.0260686697438,67,187.5,90.93859000131488,1595.1265590265393,0.8995096432045102,block1:s1,gated_rule_c,mixed,1785178044.600178,1785178044.6010785,1785178044.692026,1785178046.1962147,,,
block1-001607,118.43145790044218,1447.1644659060985,59,280.0,118.21856396272779,1446.951571968384,0.2128939377143979,block1:s1,gated_rule_c,mixed,1785178044.9679527,1785178044.9681664,1785178045.0863962,1785178046.4151292,,,
block1-001608,350.7754822494462,1027.8580753365532,40,155.0,349.9311759369448,1027.0137690240517,0.8443063125014305,block1:s2,gated_rule_c,mixed,1785178045.003613,1785178045.0044582,1785178045.3544035,1785178046.0314872,,,
block1-001609,62.31829570606351,2141.3788937497884,94,105.0,62.04785802401602,2141.108456067741,0.2704376820474863,block1:zero_tool,gated_rule_c,mixed,1785178045.13372,1785178045.133991,1785178045.1960495,1785178047.2751105,,,
block1-001610,107.69664752297103,1485.077599529177,64,155.0,107.44620708283037,1484.8271590890363,0.2504404401406646,block1:s2,gated_rule_c,mixed,1785178045.246472,1785178045.2467258,1785178045.3542032,1785178046.7315829,,,
block1-001611,370.2059701317921,1002.8955502202734,43,10.0,369.50694990810007,1002.1965299965814,0.6990202236920595,block1:s2,gated_rule_c,mixed,1785178045.369889,1785178045.3705888,1785178045.740111,1785178046.3728008,,,
block1-001612,328.93075863830745,825.725749717094,35,10.0,328.2427249941975,825.037716072984,0.6880336441099644,block1:s2,gated_rule_c,mixed,1785178045.3908951,1785178045.391585,1785178045.7198472,1785178046.2166412,,,
block1-001613,439.7257553646341,1072.9068733053282,49,17.5,437.76141898706555,1070.9425369277596,1.964336377568543,block1:s2,gated_rule_c,mixed,1785178045.857831,1785178045.8597987,1785178046.2975895,1785178046.93077,,,
block1-001614,61.20113504584879,3411.573924124241,154,187.5,60.28643995523453,3410.6592290336266,0.9146950906142592,block1:zero_tool,gated_rule_c,mixed,1785178046.053694,1785178046.0546093,1785178046.1149075,1785178049.46528,,,
block1-001615,222.952148062177,883.7197680259123,37,15.0,222.55940397735685,883.3270239410922,0.39274408482015133,block1:s2,gated_rule_c,mixed,1785178046.3141825,1785178046.3145757,1785178046.5371556,1785178047.1979225,,,
block1-001616,73.25002457946539,3228.757878532633,147,115.0,72.11617403663695,3227.6240279898047,1.1338505428284407,block1:zero_tool,gated_rule_c,mixed,1785178046.4640555,1785178046.4651906,1785178046.5373158,1785178049.6928248,,,
block1-001617,326.59324328415096,821.1007132194936,33,12.5,325.9903750149533,820.497844950296,0.6028682691976428,block1:s3,gated_rule_c,mixed,1785178046.8714297,1785178046.8720338,1785178047.198036,1785178047.6925445,,,
block1-001618,393.73721985612065,947.2863998962566,41,10.0,393.2689749635756,946.8181550037116,0.4682448925450444,block1:s3,gated_rule_c,mixed,1785178046.9192095,1785178046.9196784,1785178047.3129585,1785178047.8665078,,,
block1-001619,403.29751011449844,1165.6119481194764,48,282.5,402.4354119319469,1164.7498499369249,0.8620981825515628,block1:s3,gated_rule_c,mixed,1785178047.5367403,1785178047.5376027,1785178047.940047,1785178048.7023613,,,
block1-001620,69.65442432556301,3370.2061782823876,149,70.0,68.97036801092327,3369.522121967748,0.6840563146397471,block1:zero_tool,gated_rule_c,mixed,1785178047.7392514,1785178047.7399373,1785178047.808928,1785178051.1094792,,,
block1-001621,434.0769473928958,1106.482584378682,43,20.0,433.31109802238643,1105.7167350081727,0.7658493705093861,block1:s3,gated_rule_c,mixed,1785178048.1074612,1785178048.1082277,1785178048.54155,1785178049.2139556,,,
block1-001622,567.4438488204032,1112.8067147219554,43,282.5,566.420300048776,1111.783165950328,1.0235487716272473,block1:s3,gated_rule_c,mixed,1785178048.2560818,1785178048.2571058,1785178048.8235373,1785178049.3689,,,
block1-001623,375.77124615199864,1074.5293950894848,43,15.0,374.7673269826919,1073.525475920178,1.003919169306755,block1:s3,gated_rule_c,mixed,1785178048.370561,1785178048.3715653,1785178048.7463427,1785178049.4451013,,,
block1-001624,98.71459356509149,4395.680642570369,195,172.5,97.67581906635314,4394.641868071631,1.0387744987383485,block1:zero_tool,gated_rule_c,mixed,1785178048.559932,1785178048.5609708,1785178048.6586568,1785178052.9556236,,,
block1-001625,412.71468286868185,1101.8114439211786,48,17.5,411.6290679667145,1100.7258290192112,1.0856149019673467,block1:s4,gated_rule_c,mixed,1785178048.5713923,1785178048.572479,1785178048.98412,1785178049.673217,,,
block1-001626,68.89635662082583,3760.534888599068,165,307.5,68.18229809869081,3759.820830076933,0.7140585221350193,block1:zero_tool,gated_rule_c,mixed,1785178048.6770685,1785178048.6777825,1785178048.7459748,1785178052.4376135,,,
block1-001627,470.0411921367049,1227.567360154353,48,100.0,468.0613500531763,1225.5875180708244,1.9798420835286379,block1:s4,gated_rule_c,mixed,1785178048.9369998,1785178048.93898,1785178049.4070535,1785178050.1645803,,,
block1-001628,407.13611303362995,1199.3843240197748,48,60.0,406.69139102101326,1198.939602007158,0.444722012616694,block1:s4,gated_rule_c,mixed,1785178049.2457032,1785178049.246149,1785178049.6528523,1785178050.4451008,,,
block1-001629,530.006185756065,1218.0183947784826,48,550.0,529.6621039742604,1217.674312996678,0.3440817818045616,block1:s4,gated_rule_c,mixed,1785178049.8133163,1785178049.8136613,1785178050.3433337,1785178051.0313458,,,
block1-001630,512.9392490489408,1201.3991681160405,48,10.0,512.5764469848946,1201.0363660519943,0.3628020640462637,block1:s4,gated_rule_c,mixed,1785178049.8503108,1785178049.850674,1785178050.3632605,1785178051.05172,,,
block1-001631,491.67471134569496,1198.9183333935216,49,60.0,491.1081559257582,1198.3517779735848,0.5665554199367762,block1:s4,gated_rule_c,mixed,1785178049.8911965,1785178049.8917637,1785178050.3828826,1785178051.0901253,,,
block1-001632,406.70838532969356,1054.3491693679243,43,115.0,406.18826006539166,1053.8290441036224,0.5201252643018961,block1:s1,gated_rule_c,mixed,1785178049.9365585,1785178049.9370797,1785178050.343286,1785178050.9909258,,,
block1-001633,312.2655573533848,837.4085263349116,37,17.5,311.171208973974,836.3141779555008,1.0943483794108033,block1:s1,gated_rule_c,mixed,1785178050.070614,1785178050.0717137,1785178050.3829317,1785178050.9080753,,,
block1-001634,67.63229670468718,2985.329588642344,134,95.0,66.53269997332245,2984.229991910979,1.099596731364727,block1:zero_tool,gated_rule_c,mixed,1785178050.177713,1785178050.1788127,1785178050.2453566,1785178053.1630535,,,
block1-001635,383.4223694866523,1038.7602495029569,45,357.5,382.6251230202615,1037.963003036566,0.7972464663907886,block1:s1,gated_rule_c,mixed,1785178050.3706062,1785178050.3714035,1785178050.7540395,1785178051.4093778,,,
block1-001636,327.2314372006804,907.6100991806015,39,15.0,325.46871004160494,905.8473720215261,1.762727159075439,block1:s1,gated_rule_c,mixed,1785178050.5603776,1785178050.562144,1785178050.8876386,1785178051.4680169,,,
block1-001637,104.72571093123406,1484.9904369330034,62,60.0,104.40016794018447,1484.6648939419538,0.3255429910495877,block1:s1,gated_rule_c,mixed,1785178050.6440194,1785178050.644346,1785178050.748759,1785178052.1290238,,,
block1-001638,329.41969262901694,971.6326595516875,43,170.0,328.3347060205415,970.5476729432121,1.0849866084754467,block1:s1,gated_rule_c,mixed,1785178050.6821187,1785178050.6832044,1785178051.011551,1785178051.6537647,,,
block1-001639,269.6213790914044,765.569465002045,33,10.0,269.2901761038229,765.2382620144635,0.33120298758149147,block1:s1,gated_rule_c,mixed,1785178050.7618332,1785178050.7621646,1785178051.0314622,1785178051.5274107,,,
block1-001640,59.310103533789515,3243.4333675773814,145,105.0,59.01683995034546,3243.1401039939374,0.2932635834440589,block1:zero_tool,gated_rule_c,mixed,1785178050.9112673,1785178050.911563,1785178050.9705982,1785178054.1547215,,,
block1-001641,62.64409166760743,4039.9098386988044,179,110.0,61.98135600425303,4039.24710303545,0.6627356633543968,block1:zero_tool,gated_rule_c,mixed,1785178051.108936,1785178051.1095989,1785178051.1715887,1785178055.1488545,,,
block1-001642,318.5696075670421,916.61945451051,36,152.5,317.5293890526518,915.5792359961197,1.0402185143902898,block1:s2,gated_rule_c,mixed,1785178051.1684043,1785178051.169446,1785178051.4869866,1785178052.0850365,,,
block1-001643,67.95549660455436,9262.613528524525,420,10.0,67.19738803803921,9261.85541995801,0.7581085665151477,block1:zero_tool,gated_rule_c,mixed,1785178051.2620013,1785178051.2627602,1785178051.3299706,1785178060.52463,,,
block1-001644,70.23573387414217,2674.9534838600084,119,15.0,69.57049493212253,2674.288244917989,0.6652389420196414,block1:zero_tool,gated_rule_c,mixed,1785178051.5230765,1785178051.523742,1785178051.5934656,1785178054.198183,,,
block1-001645,589.3450973089784,1184.8016353324056,49,70.0,588.7375778984278,1184.194115921855,0.6075194105505943,block1:s2,gated_rule_c,mixed,1785178051.632131,1785178051.6327395,1785178052.221493,1785178052.8169491,,,
block1-001646,411.86523204669356,920.7016880391166,36,100.0,410.9301109565422,919.7665669489652,0.9351210901513696,block1:s2,gated_rule_c,mixed,1785178051.6552868,1785178051.6562219,1785178052.0671618,1785178052.575998,,,
block1-001647,253.49146232474595,881.1941653257236,37,60.0,252.36501696053892,880.0677199615166,1.1264453642070293,block1:s2,gated_rule_c,mixed,1785178051.8312545,1785178051.832382,1785178052.0847573,1785178052.7124605,,,
block1-001648,466.1620707483962,1135.5495267780498,48,350.0,465.6239349860698,1135.0113910157233,0.5381357623264194,block1:s3,gated_rule_c,mixed,1785178051.9318857,1785178051.9324257,1785178052.3980663,1785178053.0674539,,,
block1-001649,295.89910828508437,909.7656802041456,39,10.0,295.2672670362517,909.133838955313,0.631841248832643,block1:s3,gated_rule_c,mixed,1785178052.082828,1785178052.0834606,1785178052.3787374,1785178052.992604,,,
block1-001650,73.93856474664062,3849.582865834236,173,15.0,73.03210999816656,3848.676411085762,0.9064547484740615,block1:zero_tool,gated_rule_c,mixed,1785178052.6840596,1785178052.6849666,1785178052.7580082,1785178056.5336528,,,
block1-001651,271.9314529094845,961.7661369265988,41,20.0,271.5638179797679,961.3985019968823,0.36763492971658707,block1:s3,gated_rule_c,mixed,1785178052.9084291,1785178052.9087987,1785178053.1803756,1785178053.8702104,,,
block1-001652,67.78382300399244,3496.1468150140718,157,550.0,67.36597791314125,3495.7289699232206,0.4178450908511877,block1:zero_tool,gated_rule_c,mixed,1785178053.2323482,1785178053.2327662,1785178053.3001418,1785178056.7285044,,,
block1-001653,456.95089909713715,1149.547438020818,48,320.0,456.6000340273604,1149.1965729510412,0.35086506977677345,block1:s3,gated_rule_c,mixed,1785178053.2587519,1785178053.259105,1785178053.7157242,1785178054.4083219,,,
block1-001654,409.76134967058897,1140.253855730407,48,170.0,408.5876599419862,1139.0801660018042,1.173689728602767,block1:s3,gated_rule_c,mixed,1785178053.4605742,1785178053.4617484,1785178053.8703465,1785178054.6008394,,,
block1-001655,326.7762898467481,1094.299903837964,43,52.5,325.49529196694493,1093.0189059581608,1.2809978798031807,block1:s3,gated_rule_c,mixed,1785178053.9509356,1785178053.9522195,1785178054.2777445,1785178055.0452678,,,
block1-001656,58.87431337032467,3387.7154564252123,153,145.0,58.45891893841326,3387.300061993301,0.4153944319114089,block1:zero_tool,gated_rule_c,mixed,1785178054.1004198,1785178054.1008358,1785178054.1594331,1785178057.4882746,,,
block1-001657,458.2346335519105,1228.1268805963919,48,10.0,457.7040399890393,1227.5962870335206,0.5305935628712177,block1:s4,gated_rule_c,mixed,1785178054.2421427,1785178054.242674,1785178054.70039,1785178055.4702823,,,
block1-001658,485.7247055042535,1194.4418565835804,48,297.5,485.2210630197078,1193.9382140990347,0.5036424845457077,block1:s4,gated_rule_c,mixed,1785178054.4600441,1785178054.4605489,1785178054.9458928,1785178055.6546094,,,
block1-001659,95.53902596235275,3411.735408939421,154,115.0,94.94873008225113,3411.1451130593196,0.5902958801016212,block1:zero_tool,gated_rule_c,mixed,1785178054.4865475,1785178054.4871385,1785178054.582098,1785178057.8982959,,,
block1-001660,56.26236042007804,2962.858223472722,135,105.0,55.24204403627664,2961.8379070889205,1.0203163838014007,block1:zero_tool,gated_rule_c,mixed,1785178054.624854,1785178054.6258779,1785178054.6811543,1785178057.5877504,,,
block1-001661,501.02423573844135,1181.54982465785,48,187.5,500.78118999954313,1181.3067789189517,0.24304573889821768,block1:s4,gated_rule_c,mixed,1785178054.7222378,1785178054.7224813,1785178055.2232735,1785178055.9037986,,,
block1-001662,92.91988925542682,3695.9587562596425,167,187.5,92.12924295570701,3695.1681099599227,0.7906462997198105,block1:zero_tool,gated_rule_c,mixed,1785178054.7641883,1785178054.7649794,1785178054.8571167,1785178058.4601557,,,
block1-001663,90.62603896018118,3230.592612992041,148,15.0,89.60462699178606,3229.5712010236457,1.021411968395114,block1:zero_tool,gated_rule_c,mixed,1785178054.8044596,1785178054.8054824,1785178054.8951008,1785178058.0350666,,,
block1-001664,342.06592105329037,1007.6920511201024,43,17.5,341.24110999982804,1006.8672400666401,0.8248110534623265,block1:s1,gated_rule_c,mixed,1785178054.825614,1785178054.8264399,1785178055.167693,1785178055.8333192,,,
block1-001665,72.21286464482546,8533.567368634976,386,140.0,71.59973098896444,8532.954234979115,0.6131336558610201,block1:zero_tool,gated_rule_c,mixed,1785178055.0156097,1785178055.0162237,1785178055.0878348,1785178063.5491889,,,
block1-001666,409.68080097809434,1068.0887299822643,44,117.5,408.6586650228128,1067.0665940269828,1.0221359552815557,block1:s1,gated_rule_c,mixed,1785178055.1439445,1785178055.1449673,1785178055.553638,1785178056.2120466,,,
block1-001667,362.90721758268774,947.1154186176136,42,110.0,360.94927100930363,945.1574720442295,1.9579465733841062,block1:s1,gated_rule_c,mixed,1785178055.3505287,1785178055.3524888,1785178055.7134588,1785178056.2976665,,,
block1-001668,236.38647177722305,876.9001048058271,39,110.0,235.64742505550385,876.1610580841079,0.7390467217192054,block1:s1,gated_rule_c,mixed,1785178055.4379478,1785178055.4386878,1785178055.6743448,1785178056.3148582,,,
block1-001669,77.79196440242231,1437.2938064625487,65,15.0,77.45333295315504,1436.9551750132814,0.3386314492672682,block1:s1,gated_rule_c,mixed,1785178055.8263693,1785178055.8267083,1785178055.9041705,1785178057.2636728,,,
block1-001670,112.86293831653893,8373.104785336182,378,282.5,111.81877600029111,8372.060623019934,1.0441623162478209,block1:zero_tool,gated_rule_c,mixed,1785178055.9142828,1785178055.915327,1785178056.0272655,1785178064.2875073,,,
block1-001671,87.94153959024698,2112.1943636098877,98,15.0,87.77594892308116,2112.028772942722,0.16559066716581583,block1:zero_tool,gated_rule_c,mixed,1785178055.942961,1785178055.9431264,1785178056.0309093,1785178058.0551612,,,
block1-001672,253.37687344290316,881.0737424064428,40,47.5,252.32227006927133,880.0191390328109,1.054603373631835,block1:s2,gated_rule_c,mixed,1785178056.1410487,1785178056.1421034,1785178056.3944368,1785178057.0221336,,,
block1-001673,60.86367508396506,3282.273071119562,148,25.0,60.07839704398066,3281.4877930795774,0.785278039984405,block1:zero_tool,gated_rule_c,mixed,1785178056.7092667,1785178056.7100525,1785178056.7701423,1785178059.9915514,,,
block1-001674,325.86832775268704,831.4796737395227,36,152.5,325.43039799202234,831.041743978858,0.43792976066470146,block1:s2,gated_rule_c,mixed,1785178056.7953022,1785178056.7957401,1785178057.1211798,1785178057.6267908,,,
block1-001675,114.03389275074005,11671.477640746161,505,60.0,113.11918206047267,11670.562930055894,0.914710690267384,block1:zero_tool,gated_rule_c,mixed,1785178057.1069326,1785178057.107848,1785178057.2209792,1785178068.7784228,,,
block1-001676,59.132213704288006,4478.017968707718,198,100.0,58.392068021930754,4477.277823025361,0.7401456823572516,block1:zero_tool,gated_rule_c,mixed,1785178057.1651635,1785178057.1659045,1785178057.2243087,1785178061.6431956,,,
block1-001677,337.1547890128568,986.4765120437369,44,17.5,336.3024019636214,985.6241249945015,0.8523870492354035,block1:s2,gated_rule_c,mixed,1785178057.3081505,1785178057.3090034,1785178057.6453142,1785178058.2946358,,,
block1-001678,77.64832105021924,3441.1657750606537,154,47.5,75.74798492714763,3439.265438937582,1.900336123071611,block1:zero_tool,gated_rule_c,mixed,1785178057.311379,1785178057.3132813,1785178057.3890438,1785178060.7525604,,,
block1-001679,276.08312270604074,817.7973657147959,34,117.5,275.7985159987584,817.5127590075135,0.28460670728236437,block1:s2,gated_rule_c,mixed,1785178057.6996763,1785178057.6999614,1785178057.9757712,1785178058.5174844,,,
block1-001680,299.6612900169566,763.3052919991314,32,95.0,299.1468410473317,762.7908430295065,0.5144489696249366,block1:s3,gated_rule_c,mixed,1785178058.197304,1785178058.1978219,1785178058.4969978,1785178058.960642,,,
block1-001681,282.29736804496497,743.9514320576563,33,140.0,281.9345450261608,743.5886090388522,0.36282301880419254,block1:s3,gated_rule_c,mixed,1785178058.292625,1785178058.29299,1785178058.5749419,1785178059.0365968,,,
block1-001682,412.87967388052493,1240.4282888164744,48,60.0,412.7327509922907,1240.2813659282401,0.1469228882342577,block1:s3,gated_rule_c,mixed,1785178059.1398005,1785178059.1399481,1785178059.552691,1785178060.3802392,,,
block1-001683,528.9170765317976,1251.3108975254,48,15.0,528.2168489648029,1250.6106699584052,0.7002275669947267,block1:s3,gated_rule_c,mixed,1785178059.5013397,1785178059.5020416,1785178060.0302818,1785178060.7526746,,,
block1-001684,403.85095856618136,1040.4135305434465,41,12.5,403.5179130733013,1040.0804850505665,0.33304549288004637,block1:s3,gated_rule_c,mixed,1785178059.5875134,1785178059.5878468,1785178059.9913762,1785178060.6279385,,,
block1-001685,479.2136055184528,1268.0428525200114,48,297.5,478.50295796524733,1267.3322049668059,0.7106475532054901,block1:s3,gated_rule_c,mixed,1785178059.6325948,1785178059.633307,1785178060.1118238,1785178060.9006534,,,
block1-001686,578.5077859181911,1106.299611972645,43,172.5,577.8885369654745,1105.6803630199283,0.619248952716589,block1:s3,gated_rule_c,mixed,1785178059.6456125,1785178059.646232,1785178060.2241285,1785178060.7519205,,,
block1-001687,435.16693264245987,1285.0998915964738,48,145.0,434.7885870374739,1284.7215459914878,0.3783456049859524,block1:s3,gated_rule_c,mixed,1785178060.0494218,1785178060.049801,1785178060.4846106,1785178061.3345425,,,
block1-001688,75.01806179061532,3475.4457258386537,154,152.5,73.96128599066287,3474.3889500387013,1.0567757999524474,block1:zero_tool,gated_rule_c,mixed,1785178060.3096519,1785178060.3107088,1785178060.3846798,1785178063.7851076,,,
block1-001689,60.56209420785308,3946.753060212359,171,545.0,60.149954981170595,3946.3409209856763,0.41213922668248415,block1:zero_tool,gated_rule_c,mixed,1785178060.4663365,1785178060.4667506,1785178060.526921,1785178064.4131126,,,
block1-001690,73.44775251112878,2995.4490055097267,130,60.0,72.76983698830009,2994.771089986898,0.6779155228286982,block1:zero_tool,gated_rule_c,mixed,1785178060.5343692,1785178060.535047,1785178060.6078265,1785178063.5298274,,,
block1-001691,112.52715776208788,4284.588599693961,184,287.5,111.94426205474883,4284.005703986622,0.5828957073390484,block1:zero_tool,gated_rule_c,mixed,1785178060.6399286,1785178060.6405134,1785178060.75248,1785178064.924542,,,
block1-001692,549.2098340764642,1236.4585711620748,48,12.5,548.8820549799129,1236.1307920655236,0.3277790965512395,block1:s4,gated_rule_c,mixed,1785178060.652115,1785178060.6524432,1785178061.2013338,1785178061.8885825,,,
block1-001693,549.4448422687128,1235.7189402682707,48,395.0,548.4351560007781,1234.709254000336,1.0096862679347396,block1:s4,gated_rule_c,mixed,1785178060.6730864,1785178060.6740966,1785178061.2225451,1785178061.9088192,,,
block1-001694,533.6929535260424,1219.6860924595967,48,15.0,532.6811870327219,1218.6743259662762,1.011766493320465,block1:s4,gated_rule_c,mixed,1785178060.7084177,1785178060.7094302,1785178061.242122,1785178061.928115,,,
block1-001695,488.2048392901197,1156.1686532804742,48,15.0,487.23736102692783,1155.2011750172824,0.9674782631918788,block1:s4,gated_rule_c,mixed,1785178060.9221056,1785178060.9230738,1785178061.410323,1785178062.0782866,,,
block1-001696,365.9171676263213,980.3149366052821,43,15.0,365.03500398248434,979.4327729614452,0.8821636438369751,block1:s1,gated_rule_c,mixed,1785178061.1166124,1785178061.117495,1785178061.4825392,1785178062.0969362,,,
block1-001697,116.82540026959032,4189.40981128253,178,15.0,116.58395500853658,4189.168366021477,0.24144526105374098,block1:zero_tool,gated_rule_c,mixed,1785178061.2113178,1785178061.2115595,1785178061.3281534,1785178065.4007368,,,
block1-001698,364.4093753537163,986.2902243621647,44,282.5,362.7950359368697,984.6758849453181,1.614339416846633,block1:s1,gated_rule_c,mixed,1785178061.2391715,1785178061.2407858,1785178061.6035948,1785178062.2254758,,,
block1-001699,88.44202139880508,1521.9185263849795,72,572.5,88.00198591779917,1521.4784909039736,0.44003548100590706,block1:s1,gated_rule_c,mixed,1785178061.3736143,1785178061.3740554,1785178061.46207,1785178062.895546,,,
block1-001700,243.32311027683318,845.5946643371135,39,152.5,242.85989592317492,845.1314499834552,0.4632143536582589,block1:s1,gated_rule_c,mixed,1785178061.7933712,1785178061.7938354,1785178062.0368469,1785178062.6391191,,,
block1-001701,80.18735516816378,1350.6365081993863,59,20.0,78.37446895428002,1348.8236219855025,1.8128862138837576,block1:s1,gated_rule_c,mixed,1785178061.9367294,1785178061.9385424,1785178062.016925,1785178063.2873745,,,
block1-001702,237.31719295028597,828.0873129842803,39,60.0,236.20978405233473,826.979904086329,1.1074088979512453,block1:s1,gated_rule_c,mixed,1785178062.1263034,1785178062.1274116,1785178062.363633,1785178062.9544022,,,
block1-001703,58.885182603262365,3260.036946623586,128,17.5,58.05865803267807,3259.210422053002,0.8265245705842972,block1:zero_tool,gated_rule_c,mixed,1785178062.8164282,1785178062.8172567,1785178062.8753304,1785178066.0764818,,,
block1-001704,401.7797141568735,1074.9271331587806,41,75.0,401.54275693930686,1074.690175941214,0.236957217566669,block1:s2,gated_rule_c,mixed,1785178063.007745,1785178063.0079832,1785178063.4095383,1785178064.082686,,,
block1-001705,401.85428177937865,934.1778318630531,36,187.5,400.78136790543795,933.1049179891124,1.0729138739407063,block1:s2,gated_rule_c,mixed,1785178063.0273623,1785178063.028436,1785178063.4292266,1785178063.9615512,,,
block1-001706,403.6950673907995,955.4856703616679,37,140.0,403.19595497567207,954.9865579465404,0.4991124151274562,block1:s2,gated_rule_c,mixed,1785178063.0452337,1785178063.0457342,1785178063.4489403,1785178064.0007305,,,
block1-001707,388.2366297766566,1060.0127207580954,43,17.5,387.45580695103854,1059.2318979324773,0.7808228256180882,block1:s2,gated_rule_c,mixed,1785178063.080828,1785178063.0816095,1785178063.4690754,1785178064.1408517,,,
block1-001708,67.39900552202016,9063.705616514198,378,10.0,66.53697497677058,9062.843585968949,0.8620305452495813,block1:zero_tool,gated_rule_c,mixed,1785178063.3216443,1785178063.3225067,1785178063.389053,1785178072.3853593,,,
block1-001709,106.23541113454849,8232.458384125493,337,15.0,105.60672893188894,8231.829701922834,0.6286822026595473,block1:zero_tool,gated_rule_c,mixed,1785178063.752198,1785178063.7528276,1785178063.8584454,1785178071.9846675,,,
block1-001710,399.0939484210685,1026.1247203452513,38,60.0,398.31324003171176,1025.3440119558945,0.7807083893567324,block1:s2,gated_rule_c,mixed,1785178063.7803555,1785178063.7811382,1785178064.1794622,1785178064.806493,,,
block1-001711,112.17429675161839,2992.781903827563,119,110.0,111.32774199359119,2991.9353490695357,0.8465547580271959,block1:zero_tool,gated_rule_c,mixed,1785178063.8883495,1785178063.889197,1785178064.000632,1785178066.8812394,,,
block1-001712,262.34523381572217,888.6660968419164,32,217.5,261.31273596547544,887.6335989916697,1.0324978502467275,block1:s3,gated_rule_c,mixed,1785178063.8981643,1785178063.8991976,1785178064.1605208,1785178064.7868412,,,
block1-001713,370.69131061434746,1004.8348616110161,33,20.0,370.1513389823958,1004.2948899790645,0.5399716319516301,block1:s3,gated_rule_c,mixed,1785178064.218885,1785178064.219425,1785178064.589586,1785178065.22373,,,
block1-001714,540.3230484807864,1422.0190624473616,48,485.0,539.5894669927657,1421.285480959341,0.7335814880207181,block1:s3,gated_rule_c,mixed,1785178064.2462032,1785178064.246937,1785178064.7865357,1785178065.668232,,,
block1-001715,61.71418086159974,3155.032152775675,128,297.5,60.680153081193566,3153.998124995269,1.034027780406177,block1:zero_tool,gated_rule_c,mixed,1785178064.413649,1785178064.414683,1785178064.475372,1785178067.5686905,,,
block1-001716,361.05203616898507,1200.8027092088014,41,395.0,360.85791303776205,1200.6085860775784,0.19412313122302294,block1:s3,gated_rule_c,mixed,1785178064.445306,1785178064.4455004,1785178064.8063674,1785178065.6461184,,,
block1-001717,514.9949776241556,1369.5259876549244,46,60.0,514.4011529628187,1368.9321629935876,0.5938246613368392,block1:s3,gated_rule_c,mixed,1785178064.584355,1785178064.5849495,1785178065.0993624,1785178065.953893,,,
block1-001718,690.1033581234515,1265.4519701609388,43,172.5,689.0552489785478,1264.403861016035,1.0481091449037194,block1:s3,gated_rule_c,mixed,1785178064.9132087,1785178064.914259,1785178065.6033335,1785178066.1786814,,,
block1-001719,481.6093194531277,1259.6725494368002,43,280.0,480.85396899841726,1258.9171989820898,0.755350454710424,block1:s3,gated_rule_c,mixed,1785178064.9186597,1785178064.9194152,1785178065.4002776,1785178066.178341,,,
block1-001720,80.36224113311619,4767.420567106456,193,15.0,80.07398503832519,4767.132311011665,0.2882560947909951,block1:zero_tool,gated_rule_c,mixed,1785178065.0674872,1785178065.0677764,1785178065.1478636,1785178069.834922,,,
block1-001721,569.1335613373667,1309.5847642980516,48,550.0,568.3276120107621,1308.778814971447,0.8059493266046047,block1:s4,gated_rule_c,mixed,1785178065.0998535,1785178065.1006594,1785178065.668996,1785178066.4094472,,,
block1-001722,567.7466231863946,1307.979455217719,48,115.0,567.6676840521395,1307.900516083464,0.07893913425505161,block1:s4,gated_rule_c,mixed,1785178065.1011922,1785178065.1012712,1785178065.6689444,1785178066.4091773,,,
block1-001723,544.5464357035235,1305.868317722343,48,145.0,544.0650880336761,1305.3869700524956,0.4813476698473096,block1:s4,gated_rule_c,mixed,1785178065.1450968,1785178065.1455822,1785178065.6896775,1785178066.450999,,,
block1-001724,509.87799593713135,1199.6625799220055,48,485.0,508.8759890059009,1198.660572990775,1.0020069312304258,block1:s4,gated_rule_c,mixed,1785178065.3760762,1785178065.3770792,1785178065.885973,1785178066.575757,,,
block1-001725,76.85102219693363,3601.3226861832663,151,105.0,76.64207997731864,3601.1137439636514,0.2089422196149826,block1:zero_tool,gated_rule_c,mixed,1785178065.484052,1785178065.4842618,1785178065.5609128,1785178069.085384,,,
block1-001726,493.35911008529365,1187.7511671045795,49,60.0,492.50266095623374,1186.8947179755196,0.8564491290599108,block1:s4,gated_rule_c,mixed,1785178065.6434603,1785178065.6443179,1785178066.1368341,1785178066.8312259,,,
block1-001727,488.8164207804948,1162.4893087428063,48,140.0,487.7019380219281,1161.3748259842396,1.1144827585667372,block1:s4,gated_rule_c,mixed,1785178065.6679268,1785178065.6690416,1785178066.1567538,1785178066.8304267,,,
block1-001728,66.03941484354436,2705.232371808961,117,152.5,65.55286596994847,2704.745822935365,0.4865488735958934,block1:zero_tool,gated_rule_c,mixed,1785178065.8876686,1785178065.8881557,1785178065.953722,1785178068.5929153,,,
block1-001729,83.29586230684072,1640.3208093252033,69,395.0,82.91647990699857,1639.9414269253612,0.37938239984214306,block1:s1,gated_rule_c,mixed,1785178066.2647066,1785178066.2650867,1785178066.3480139,1785178067.9050388,,,
block1-001730,64.87513426691294,10036.679633310996,423,60.0,64.20111702755094,10036.005616071634,0.6740172393620014,block1:zero_tool,gated_rule_c,mixed,1785178066.3893244,1785178066.3899999,1785178066.4542365,1785178076.4260418,,,
block1-001731,83.14929867628962,4631.858251639642,190,70.0,82.13860099203885,4630.847553955391,1.010697684250772,block1:zero_tool,gated_rule_c,mixed,1785178066.4963245,1785178066.4973364,1785178066.5794885,1785178071.1281977,,,
block1-001732,310.31464389525354,1026.219765888527,42,172.5,309.8775630351156,1025.782685028389,0.43708086013793945,block1:s1,gated_rule_c,mixed,1785178066.6481898,1785178066.6486278,1785178066.9585176,1785178067.674423,,,
block1-001733,90.52705147769302,1612.9466923885047,63,10.0,89.43509205710143,1611.8547329679132,1.0919594205915928,block1:s1,gated_rule_c,mixed,1785178066.740608,1785178066.741701,1785178066.8311472,1785178068.3535676,,,
block1-001734,69.40980162471533,1657.1239086333662,67,170.0,68.70746100321412,1656.421568011865,0.7023406215012074,block1:s1,gated_rule_c,mixed,1785178066.8116002,1785178066.8123033,1785178066.8810232,1785178068.4687374,,,
block1-001735,444.2044629249722,965.1608378626406,37,117.5,443.3116370346397,964.2680119723082,0.8928258903324604,block1:s1,gated_rule_c,mixed,1785178067.0195906,1785178067.0204844,1785178067.4638064,1785178067.9847639,,,
block1-001736,75.06817008834332,9300.650744116865,388,280.0,74.81301098596305,9300.395585014485,0.2551591023802757,block1:zero_tool,gated_rule_c,mixed,1785178067.1825027,1785178067.1827586,1785178067.2575822,1785178076.483165,,,
block1-001737,365.16700976062566,1116.8986377306283,40,217.5,363.68961294647306,1115.4212409164757,1.4773968141525984,block1:s2,gated_rule_c,mixed,1785178067.2457838,1785178067.2472622,1785178067.6109629,1785178068.3626945,,,
block1-001738,118.16100415308028,4069.765823078342,167,10.0,117.44115001056343,4069.045968935825,0.7198541425168514,block1:zero_tool,gated_rule_c,mixed,1785178067.3246906,1785178067.3254132,1785178067.4428751,1785178071.39448,,,
block1-001739,351.8636266235262,1102.4199855746701,43,47.5,351.358151063323,1101.914510014467,0.5054755602031946,block1:s2,gated_rule_c,mixed,1785178067.3452299,1785178067.3457358,1785178067.6971054,1785178068.447662,,,
block1-001740,343.08947972021997,910.8105447376147,35,92.5,342.32357202563435,910.0446370430291,0.7659076945856214,block1:s2,gated_rule_c,mixed,1785178067.6822197,1785178067.6829875,1785178068.0253308,1785178068.593051,,,
block1-001741,569.417126243934,1270.6211452605203,49,172.5,568.0668450659141,1269.2708640825003,1.3502811780199409,block1:s2,gated_rule_c,mixed,1785178067.682475,1785178067.6838257,1785178068.2519026,1785178068.9531064,,,
block1-001742,96.02989279665053,2915.204018703662,122,322.5,95.36102204583585,2914.535147952847,0.6688707508146763,block1:zero_tool,gated_rule_c,mixed,1785178067.7003195,1785178067.7009888,1785178067.796362,1785178070.6155362,,,
block1-001743,284.8744548391551,789.0059818746522,31,15.0,283.7331569753587,787.8646840108559,1.1412978637963533,block1:s2,gated_rule_c,mixed,1785178067.9470265,1785178067.9481685,1785178068.2319272,1785178068.736057,,,
block1-001744,70.82930323667824,5008.255232241936,211,170.0,70.17940795049071,5007.6053369557485,0.6498952861875296,block1:zero_tool,gated_rule_c,mixed,1785178068.0599241,1785178068.060574,1785178068.130763,1785178073.0681884,,,
block1-001745,295.761160668917,1017.9052887251601,39,20.0,294.8111220030114,1016.9552500592545,0.9500386659055948,block1:s3,gated_rule_c,mixed,1785178068.108269,1785178068.10922,1785178068.404042,1785178069.126186,,,
block1-001746,72.38171645440161,5183.687240467407,219,152.5,71.59169600345194,5182.897220016457,0.7900204509496689,block1:zero_tool,gated_rule_c,mixed,1785178068.290197,1785178068.2909887,1785178068.3625941,1785178073.4738996,,,
block1-001747,361.34317808318883,1173.5691020730883,41,70.0,360.8878949889913,1173.1138189788908,0.4552830941975117,block1:s3,gated_rule_c,mixed,1785178068.6815631,1785178068.682019,1785178069.0429163,1785178069.8551419,,,
block1-001748,402.79631526209414,1149.98879423365,41,172.5,402.27373398374766,1149.4662129553035,0.5225812783464789,block1:s3,gated_rule_c,mixed,1785178068.8099504,1785178068.8104746,1785178069.212765,1785178069.9599566,,,
block1-001749,454.7931976849213,1158.4574186708778,43,52.5,452.84905994776636,1156.5132809337229,1.9441377371549606,block1:s3,gated_rule_c,mixed,1785178068.8832803,1785178068.8852274,1785178069.338104,1785178070.0417695,,,
block1-001750,520.9802951430902,1173.023822135292,46,172.5,520.0721899745986,1172.1157169668004,0.9081051684916019,block1:s3,gated_rule_c,mixed,1785178069.1075132,1785178069.108425,1785178069.6285267,1785178070.2805693,,,
block1-001751,393.41899601276964,1113.7251330073923,43,412.5,393.281735945493,1113.5878729401156,0.13726006727665663,block1:s3,gated_rule_c,mixed,1785178069.127293,1785178069.1274304,1785178069.5207217,1785178070.2410278,,,
block1-001752,113.42422128655016,3380.5210592690855,143,287.5,112.32643597759306,3379.4232739601284,1.0977853089571,block1:zero_tool,gated_rule_c,mixed,1785178069.4490104,1785178069.4501104,1785178069.5624685,1785178072.829564,,,
block1-001753,487.131193629466,1125.3433285746723,48,282.5,486.58138897735626,1124.7935239225626,0.5498046521097422,block1:s4,gated_rule_c,mixed,1785178069.4524775,1785178069.4530275,1785178069.9396162,1785178070.577829,,,
block1-001754,442.6375599578023,1076.6613609157503,48,145.0,442.3531540669501,1076.376955024898,0.2844058908522129,block1:s4,gated_rule_c,mixed,1785178069.5776238,1785178069.5779085,1785178070.0202718,1785178070.6542962,,,
block1-001755,71.11918914597481,3162.9114211536944,136,140.0,70.52054698579013,3162.3127789935097,0.5986421601846814,block1:zero_tool,gated_rule_c,mixed,1785178069.7419984,1785178069.7426004,1785178069.8131526,1785178072.9049437,,,
block1-001756,585.0849642883986,1340.910762315616,48,140.0,584.9423999898136,1340.768198017031,0.14256429858505726,block1:s4,gated_rule_c,mixed,1785178070.7100768,1785178070.7102199,1785178071.2951717,1785178072.0509973,,,
block1-001757,580.7409456465393,1335.6594146462157,48,545.0,580.5755169130862,1335.4939859127626,0.16542873345315456,block1:s4,gated_rule_c,mixed,1785178070.7334352,1785178070.7336009,1785178071.314184,1785178072.0691025,,,
block1-001758,546.6740758856758,1323.4926318982616,48,145.0,546.1547470185906,1322.9733030311763,0.519328867085278,block1:s4,gated_rule_c,mixed,1785178070.7866242,1785178070.787144,1785178071.3333085,1785178072.1101267,,,
block1-001759,489.93564082775265,1258.3589397836477,48,140.0,489.0476610744372,1257.4709600303322,0.8879797533154488,block1:s4,gated_rule_c,mixed,1785178070.8644562,1785178070.865345,1785178071.3544033,1785178072.1228268,,,
block1-001760,337.3493952676654,1055.2726682508364,43,20.0,337.03783398959786,1054.961106972769,0.3115612780675292,block1:s1,gated_rule_c,mixed,1785178070.9960723,1785178070.996386,1785178071.3334658,1785178072.0513892,,,
block1-001761,85.20773518830538,1539.0403831843287,65,50.0,84.83689499553293,1538.6695429915562,0.37084019277244806,block1:s1,gated_rule_c,mixed,1785178071.048254,1785178071.0486257,1785178071.1334748,1785178072.587308,,,
block1-001762,368.99181932676584,918.5179993510246,36,287.5,367.28947004303336,916.8156500672922,1.7023492837324739,block1:s1,gated_rule_c,mixed,1785178071.3857212,1785178071.3874235,1785178071.7547233,1785178072.3042493,,,
block1-001763,88.55499373748899,5319.2844417644665,225,60.0,87.70917006768286,5318.43861809466,0.8458236698061228,block1:zero_tool,gated_rule_c,mixed,1785178071.4116685,1785178071.4125144,1785178071.5002353,1785178076.7309647,,,
block1-001764,394.5927335880697,1045.1375435804948,42,117.5,394.3073000991717,1044.8521100915968,0.28543348889797926,block1:s1,gated_rule_c,mixed,1785178071.5677576,1785178071.5680447,1785178071.9623632,1785178072.612908,,,
block1-001765,115.64858467318118,1392.4572586547583,60,107.5,115.46629900112748,1392.2749729827046,0.18228567205369473,block1:s1,gated_rule_c,mixed,1785178071.7392108,1785178071.7393932,1785178071.854976,1785178073.1317842,,,
block1-001766,85.00768744852394,6998.581048450433,309,357.5,84.59619502536952,6998.169556027278,0.4114924231544137,block1:zero_tool,gated_rule_c,mixed,1785178071.7739816,1785178071.7743933,1785178071.8589993,1785178078.7725732,,,
block1-001767,91.7129124281928,1379.179238458164,59,12.5,91.43369505181909,1378.9000210817903,0.27921737637370825,block1:s1,gated_rule_c,mixed,1785178072.031573,1785178072.0318525,1785178072.1232984,1785178073.4107637,,,
block1-001768,281.97209152858704,947.0852485392243,40,15.0,281.0424040071666,946.1555610178038,0.9296875214204192,block1:s2,gated_rule_c,mixed,1785178072.2281744,1785178072.2291055,1785178072.5101612,1785178073.175274,,,
block1-001769,357.416647602804,934.7310626180843,38,322.5,356.01446393411607,933.3288789493963,1.4021836686879396,block1:s2,gated_rule_c,mixed,1785178072.3541472,1785178072.3555505,1785178072.7115762,1785178073.2888906,,,
block1-001770,63.63316625356674,3776.451515266672,156,22.5,62.675897032022476,3775.4942460451275,0.9572692215442657,block1:zero_tool,gated_rule_c,mixed,1785178072.4038243,1785178072.4047818,1785178072.4674656,1785178076.1802845,,,
block1-001771,59.074133983813226,8698.035113979131,380,135.0,58.232374023646116,8697.193354018964,0.84175996016711,block1:zero_tool,gated_rule_c,mixed,1785178072.5327637,1785178072.5336068,1785178072.5918493,1785178081.2308102,,,
block1-001772,308.96240565925837,874.4798576226458,35,15.0,308.5910639492795,874.1085159126669,0.3713417099788785,block1:s2,gated_rule_c,mixed,1785178072.6943457,1785178072.6947174,1785178073.0033178,1785178073.5688362,,,
block1-001773,96.04880725964904,3847.965037333779,161,17.5,95.34667897969484,3847.262909053825,0.702128279954195,block1:zero_tool,gated_rule_c,mixed,1785178072.8038597,1785178072.8045635,1785178072.8999228,1785178076.6518407,,,
block1-001774,83.17920984700322,10331.641480792314,458,307.5,82.30226894374937,10330.76453988906,0.8769409032538533,block1:zero_tool,gated_rule_c,mixed,1785178072.8214474,1785178072.8223257,1785178072.904641,1785178083.1531036,,,
block1-001775,70.83683460950851,2670.7948765251786,105,485.0,69.7520769899711,2669.710118905641,1.0847576195374131,block1:zero_tool,gated_rule_c,mixed,1785178072.9971507,1785178072.9982357,1785178073.0679982,1785178075.6679552,,,
block1-001776,76.54037093743682,3126.422769972123,126,70.0,75.80586697440594,3125.6882660090923,0.7345039630308747,block1:zero_tool,gated_rule_c,mixed,1785178073.055132,1785178073.0558672,1785178073.1316843,1785178076.1815662,,,
block1-001777,475.2304501598701,1328.4686421975493,48,17.5,474.13087799213827,1327.3690700298175,1.0995721677318215,block1:s3,gated_rule_c,mixed,1785178073.1320148,1785178073.1331143,1785178073.6072538,1785178074.4604917,,,
block1-001778,384.3749286606908,1142.8148315753788,41,160.0,383.42511106748134,1141.8650139821693,0.9498175932094455,block1:s3,gated_rule_c,mixed,1785178073.37953,1785178073.3804812,1785178073.7639194,1785178074.5223598,,,
block1-001779,80.64880722668022,5207.660203217529,229,172.5,80.31553996261209,5207.326935953461,0.3332672640681267,block1:zero_tool,gated_rule_c,mixed,1785178073.4468408,1785178073.4471753,1785178073.5276272,1785178078.6546397,,,
block1-001780,617.4655478680506,1451.9270939053968,48,10.0,616.5990040171891,1451.0605500545353,0.8665438508614898,block1:s3,gated_rule_c,mixed,1785178073.819638,1785178073.8205056,1785178074.4371166,1785178075.2715778,,,
block1-001781,586.2220731796697,1377.1249441197142,46,170.0,585.9901980729774,1376.893069013022,0.23187510669231415,block1:s3,gated_rule_c,mixed,1785178073.8929644,1785178073.8931973,1785178074.4791992,1785178075.270102,,,
block1-001782,575.9058077819645,1367.221157765016,46,820.0,575.0140049494803,1366.3293549325317,0.8918028324842453,block1:s3,gated_rule_c,mixed,1785178073.9036083,1785178073.9045014,1785178074.4795272,1785178075.2708426,,,
block1-001783,429.79492305312306,1255.8980920584872,43,100.0,429.53521106392145,1255.6383800692856,0.2597119892016053,block1:s3,gated_rule_c,mixed,1785178073.9647496,1785178073.9650106,1785178074.3945608,1785178075.2206645,,,
block1-001784,144.7738566203043,3347.7694266475737,143,20.0,143.75155593734235,3346.7471259646118,1.0223006829619408,block1:zero_tool,gated_rule_c,mixed,1785178074.0224056,1785178074.023429,1785178074.1671915,1785178077.370187,,,
block1-001785,456.75762952305377,1304.9065144732594,48,17.5,456.52833103667945,1304.6772159868851,0.2292984863743186,block1:s4,gated_rule_c,mixed,1785178074.1064534,1785178074.106684,1785178074.563224,1785178075.411373,,,
block1-001786,63.857866218313575,4304.072549333796,195,20.0,63.28892498277128,4303.503608098254,0.5689412355422974,block1:zero_tool,gated_rule_c,mixed,1785178074.3311162,1785178074.3316863,1785178074.3949864,1785178078.6352012,,,
block1-001787,578.5906882956624,1275.6383573869243,48,217.5,577.259678975679,1274.307348066941,1.3310093199834228,block1:s4,gated_rule_c,mixed,1785178074.6854608,1785178074.6867924,1785178075.2640612,1785178075.961109,,,
block1-001788,546.1850105784833,1244.3749376107007,48,85.0,545.6324069527909,1243.8223339850083,0.5526036256924272,block1:s4,gated_rule_c,mixed,1785178074.7252336,1785178074.725787,1785178075.2714279,1785178075.9696176,,,
block1-001789,541.644299053587,1241.5880130138248,48,550.0,541.3795330096036,1241.3232469698414,0.26476604398339987,block1:s4,gated_rule_c,mixed,1785178074.749042,1785178074.7493072,1785178075.2906945,1785178075.9906385,,,
block1-001790,136.89819094724953,3741.4158618776128,170,10.0,136.00950804539025,3740.5271789757535,0.8886829018592834,block1:zero_tool,gated_rule_c,mixed,1785178074.7952433,1785178074.7961333,1785178074.932155,1785178078.5366726,,,
block1-001791,110.17429281491786,3677.540958742611,170,412.5,109.44203706458211,3676.8087029922754,0.732255750335753,block1:zero_tool,gated_rule_c,mixed,1785178074.9171522,1785178074.917886,1785178075.02734,1785178078.5947065,,,
block1-001792,107.78593108989298,4117.345887119882,193,70.0,106.95026104804128,4116.51021707803,0.8356700418516994,block1:zero_tool,gated_rule_c,mixed,1785178074.957333,1785178074.9581687,1785178075.0651302,1785178079.074689,,,
block1-001793,79.30321502499282,4341.323219006881,203,572.5,78.33579299040139,4340.35579697229,0.9674220345914364,block1:zero_tool,gated_rule_c,mixed,1785178074.9901211,1785178074.991089,1785178075.0694358,1785178079.3314555,,,
block1-001794,371.47596711292863,947.2383360844105,41,12.5,370.9838960785419,946.7462650500238,0.49207103438675404,block1:s1,gated_rule_c,mixed,1785178075.1903563,1785178075.1908493,1785178075.561846,1785178076.137608,,,
block1-001795,343.8722532009706,858.1250841962174,37,107.5,342.90702803991735,857.1598590351641,0.9652251610532403,block1:s1,gated_rule_c,mixed,1785178075.2582474,1785178075.2592146,1785178075.6021428,1785178076.1163957,,,
block1-001796,251.30772148258984,866.9539084658027,39,395.0,250.97933399956673,866.6255209827796,0.32838748302310705,block1:s1,gated_rule_c,mixed,1785178075.8855884,1785178075.8859172,1785178076.1370218,1785178076.752669,,,
block1-001797,65.5132724205032,2223.082757438533,106,12.5,65.03300298936665,2222.6024880073965,0.4802694311365485,block1:zero_tool,gated_rule_c,mixed,1785178076.198442,1785178076.1989224,1785178076.263967,1785178078.4215355,,,
block1-001798,81.0205633752048,6195.435484405607,280,172.5,80.14336007181555,6194.558281102218,0.8772033033892512,block1:zero_tool,gated_rule_c,mixed,1785178076.4519842,1785178076.4528618,1785178076.5330145,1785178082.64743,,,
block1-001799,78.62147339619696,1334.4066434074193,62,47.5,77.96602207235992,1333.7511920835823,0.6554513238370419,block1:s1,gated_rule_c,mixed,1785178076.88167,1785178076.8823264,1785178076.960304,1785178078.2160885,,,
block1-001800,118.24109789449722,2596.143046976067,120,320.0,117.70616192370653,2595.6081110052764,0.5349359707906842,block1:zero_tool,gated_rule_c,mixed,1785178077.1081553,1785178077.1086938,1785178077.2264264,1785178079.704329,,,
block1-001801,279.8069791169837,887.1459061047062,40,12.5,279.4966090004891,886.8355359882116,0.310370116494596,block1:s2,gated_rule_c,mixed,1785178077.1301012,1785178077.1304128,1785178077.4099202,1785178078.0172603,,,
block1-001802,58.319008676335216,10303.000936633907,462,12.5,57.71804403048009,10302.399971988052,0.6009646458551288,block1:zero_tool,gated_rule_c,mixed,1785178077.851848,1785178077.8524494,1785178077.910179,1785178088.1548603,,,
block1-001803,61.93050532601774,8705.331374425441,390,60.0,61.17998796980828,8704.580857069232,0.7505173562094569,block1:zero_tool,gated_rule_c,mixed,1785178077.9342444,1785178077.9349985,1785178077.9962068,1785178086.6396072,,,
block1-001804,62.078219722025096,2719.586730818264,119,95.0,60.97081699408591,2718.479328090325,1.1074027279391885,block1:zero_tool,gated_rule_c,mixed,1785178078.2752106,1785178078.2763183,1785178078.3372986,1785178080.9948077,,,
block1-001805,58.1145565956831,3424.4543535169214,149,115.0,57.64483299572021,3423.9846299169585,0.46972359996289015,block1:zero_tool,gated_rule_c,mixed,1785178078.3629887,1785178078.3634586,1785178078.4211135,1785178081.787453,,,
block1-001806,353.66857482586056,874.7978457249701,38,187.5,352.72732807789,873.8565989769995,0.941246747970581,block1:s2,gated_rule_c,mixed,1785178078.4368243,1785178078.4377656,1785178078.7905033,1785178079.3116329,,,
block1-001807,73.05801101028919,2508.079161052592,104,545.0,72.87928892765194,2507.900438969955,0.17872208263725042,block1:zero_tool,gated_rule_c,mixed,1785178078.9210393,1785178078.9212186,1785178078.9941082,1785178081.429129,,,
block1-001808,62.76184553280473,3936.9714435888454,172,485.0,62.298235949128866,3936.5078340051696,0.46360958367586136,block1:zero_tool,gated_rule_c,mixed,1785178078.9314766,1785178078.9319406,1785178078.9942455,1785178082.8684561,,,
block1-001809,426.97460937779397,1205.5688183754683,48,107.5,425.7150150369853,1204.3092240346596,1.2595943408086896,block1:s3,gated_rule_c,mixed,1785178079.0456984,1785178079.046958,1785178079.4726832,1785178080.251277,,,
block1-001810,76.1440972564742,3692.2129472950473,161,282.5,75.87964495178312,3691.9484949903563,0.2644523046910763,block1:zero_tool,gated_rule_c,mixed,1785178079.1360214,1785178079.1362865,1785178079.2121758,1785178082.8282442,,,
block1-001811,290.9465429838747,1047.6090940646827,41,15.0,289.78435101453215,1046.4469020953402,1.1621919693425298,block1:s3,gated_rule_c,mixed,1785178079.4310162,1785178079.4321818,1785178079.7219954,1785178080.4786577,,,
block1-001812,500.18811936024576,1223.0799293611199,48,17.5,499.9105220194906,1222.8023320203647,0.2775973407551646,block1:s3,gated_rule_c,mixed,1785178079.772302,1785178079.77258,1785178080.2725008,1785178080.9953926,,,
block1-001813,470.0962854549289,1283.0058673862368,47,412.5,469.06223706901073,1281.9718190003186,1.0340483859181404,block1:s3,gated_rule_c,mixed,1785178079.9881558,1785178079.9891903,1785178080.4582636,1785178081.2711725,,,
block1-001814,485.36078562028706,1315.9449915401638,48,17.5,484.3997029820457,1314.9839089019224,0.9610826382413507,block1:s3,gated_rule_c,mixed,1785178079.9935498,1785178079.9945123,1785178080.4789236,1785178081.3095078,,,
block1-001815,75.86362783331424,3678.661546902731,163,145.0,75.09932492394,3677.897243993357,0.7643029093742371,block1:zero_tool,gated_rule_c,mixed,1785178080.2618215,1785178080.262586,1785178080.3376937,1785178083.940492,,,
block1-001816,75.69764787331223,3107.1537849493325,136,92.5,74.60791594348848,3106.0640530195087,1.0897319298237562,block1:zero_tool,gated_rule_c,mixed,1785178080.2619383,1785178080.2630281,1785178080.3376417,1785178083.369098,,,
block1-001817,583.6192435817793,1297.3350046668202,50,135.0,581.6837629536167,1295.3995240386575,1.9354806281626225,block1:s4,gated_rule_c,mixed,1785178080.7451205,1785178080.7470565,1785178081.3287497,1785178082.0424666,,,
block1-001818,553.347569773905,1226.037302869372,48,15.0,552.4702169932425,1225.1599500887096,0.877352780662477,block1:s4,gated_rule_c,mixed,1785178080.8554664,1785178080.8563445,1785178081.4088275,1785178082.081518,,,
block1-001819,501.24878715723753,1175.9882360929623,48,20.0,500.66202599555254,1175.4014749312773,0.5867611616849899,block1:s4,gated_rule_c,mixed,1785178080.9869564,1785178080.9875443,1785178081.4882202,1785178082.16296,,,
block1-001820,474.92588276509196,1188.239422859624,48,10.0,473.77982700709254,1187.0933671016246,1.1460557579994202,block1:s4,gated_rule_c,mixed,1785178081.0530958,1785178081.0542424,1785178081.5280333,1785178082.2413461,,,
block1-001821,441.4815630298108,1151.432218030095,48,15.0,440.6320470152423,1150.5827020155266,0.8495160145685077,block1:s4,gated_rule_c,mixed,1785178081.1262712,1785178081.1271224,1785178081.567928,1785178082.2778785,,,
block1-001822,464.1586388461292,1125.2268658718094,48,52.5,463.8867100002244,1124.9549370259047,0.2719288459047675,block1:s4,gated_rule_c,mixed,1785178081.8327422,1785178081.8330142,1785178082.2969096,1785178082.957978,,,
block1-001823,429.6155354240909,1089.176913490519,48,545.0,428.68266394361854,1088.2440420100465,0.9328714804723859,block1:s4,gated_rule_c,mixed,1785178082.1016932,1785178082.102627,1785178082.5313225,1785178083.1908834,,,
block1-001824,110.45333161018789,3603.8804826093838,162,105.0,109.35484198853374,3602.7819929877296,1.0984896216541529,block1:zero_tool,gated_rule_c,mixed,1785178082.130635,1785178082.1317341,1785178082.2411,1785178085.7345269,,,
block1-001825,349.34997791424394,863.9960278524086,37,172.5,348.5375359887257,863.1835859268904,0.8124419255182147,block1:s1,gated_rule_c,mixed,1785178082.5622575,1785178082.5630722,1785178082.9116292,1785178083.4262753,,,
block1-001826,348.78331515938044,981.6727731376886,43,60.0,347.15015802066773,980.0396159989759,1.6331571387127042,block1:s1,gated_rule_c,mixed,1785178082.5623555,1785178082.563989,1785178082.9111452,1785178083.544035,,,
block1-001827,73.26250593177974,3621.429772931151,161,115.0,73.11315799597651,3621.280424995348,0.14934793580323458,block1:zero_tool,gated_rule_c,mixed,1785178082.6321075,1785178082.6322575,1785178082.7053835,1785178086.2535498,,,
block1-001828,76.50312210898846,3349.5270741404966,149,70.0,75.81775495782495,3348.841706989333,0.6853671511635184,block1:zero_tool,gated_rule_c,mixed,1785178082.710825,1785178082.7115104,1785178082.7874246,1785178086.060448,,,
block1-001829,83.41338112950325,1474.2836122168228,65,60.0,83.17695301957428,1474.0471841068938,0.23642810992896557,block1:s1,gated_rule_c,mixed,1785178082.83429,1785178082.8345299,1785178082.9177308,1785178084.3086014,,,
block1-001830,308.6255764355883,941.2188733695075,40,12.5,307.7082970412448,940.301593975164,0.9172793943434954,block1:s1,gated_rule_c,mixed,1785178083.1961389,1785178083.197056,1785178083.5047722,1785178084.1373653,,,
block1-001831,106.85041011311114,2582.5645400909707,114,100.0,105.43091804720461,2581.145048025064,1.4194920659065247,block1:zero_tool,gated_rule_c,mixed,1785178083.256841,1785178083.2582617,1785178083.363705,1785178085.8394194,,,
block1-001832,265.0359662948176,932.306359289214,40,395.0,263.9861749485135,931.2565679429099,1.0497913463041186,block1:s2,gated_rule_c,mixed,1785178083.2795985,1785178083.2806492,1785178083.5446453,1785178084.2119164,,,
block1-001833,81.1419872334227,9533.560924232006,419,15.0,80.1895969780162,9532.6085339766,0.9523902554064989,block1:zero_tool,gated_rule_c,mixed,1785178083.2876122,1785178083.2885647,1785178083.3687615,1785178092.8211818,,,
block1-001834,60.124235576950014,3205.0396925769746,140,12.5,59.24040905665606,3204.1558660566807,0.883826520293951,block1:zero_tool,gated_rule_c,mixed,1785178083.549973,1785178083.550857,1785178083.610107,1785178086.7550225,,,
block1-001835,99.43103801924735,1653.2444109907374,72,95.0,99.00424699299037,1652.8176199644804,0.4267910262569785,block1:s2,gated_rule_c,mixed,1785178083.6639621,1785178083.6643918,1785178083.7634466,1785178085.31726,,,
block1-001836,302.2758347215131,844.7997176554054,35,545.0,301.331305061467,843.8551879953593,0.9445296600461006,block1:s2,gated_rule_c,mixed,1785178084.1050413,1785178084.1059868,1785178084.4073293,1785178084.9498532,,,
block1-001837,323.31453496590257,1035.4787240503356,44,20.0,322.53681297879666,1034.7010020632297,0.777721987105906,block1:s2,gated_rule_c,mixed,1785178084.3182585,1785178084.3190384,1785178084.6415946,1785178085.3537586,,,
block1-001838,366.9711366528645,886.3588526146486,36,152.5,365.7108750194311,885.0985909812152,1.2602616334334016,block1:s2,gated_rule_c,mixed,1785178084.647695,1785178084.6489587,1785178085.014697,1785178085.5340846,,,
block1-001839,286.07267688494176,805.2721738349646,34,395.0,285.6403690529987,804.8398660030216,0.4323078319430351,block1:s2,gated_rule_c,mixed,1785178084.7286537,1785178084.7290864,1785178085.014737,1785178085.5339372,,,
block1-001840,78.56651523616165,3687.9569712327793,162,10.0,77.71104003768414,3687.101496034302,0.8554751984775066,block1:zero_tool,gated_rule_c,mixed,1785178084.9359565,1785178084.9368138,1785178085.0145411,1785178088.6239324,,,
block1-001841,275.8028998505324,822.6076838327572,33,550.0,274.9510540161282,821.755837998353,0.8518458344042301,block1:s3,gated_rule_c,mixed,1785178085.0170028,1785178085.0178547,1785178085.2928123,1785178085.8396173,,,
block1-001842,68.26406833715737,3624.37092338223,161,152.5,68.11792403459549,3624.224779079668,0.14614430256187916,block1:zero_tool,gated_rule_c,mixed,1785178085.2245152,1785178085.224662,1785178085.2927892,1785178088.848897,,,
block1-001843,438.333855709061,1214.5889607490972,48,820.0,437.3321229359135,1213.5872279759496,1.0017327731475234,block1:s3,gated_rule_c,mixed,1785178085.4996686,1785178085.5006707,1785178085.938013,1785178086.7142684,,,
block1-001844,88.68605038151145,3848.48208935,172,412.5,88.01987301558256,3847.815911984071,0.6661773659288883,block1:zero_tool,gated_rule_c,mixed,1785178085.5868676,1785178085.5875351,1785178085.6755686,1785178089.4353652,,,
block1-001845,72.21969636157155,3683.8811434572563,165,287.5,71.29048998467624,3682.951937080361,0.9292063768953085,block1:zero_tool,gated_rule_c,mixed,1785178085.769859,1785178085.7707882,1785178085.8420858,1785178089.453748,,,
block1-001846,541.5562827838585,1190.4856937471777,49,350.0,541.0733401076868,1190.002751071006,0.4829426761716604,block1:s3,gated_rule_c,mixed,1785178085.9300108,1785178085.9304945,1785178086.4715953,1785178087.1205251,,,
block1-001847,110.78045691829175,2920.6649569096044,128,145.0,109.8519399529323,2919.736439944245,0.9285169653594494,block1:zero_tool,gated_rule_c,mixed,1785178085.949393,1785178085.9503214,1785178086.0601804,1785178088.8700647,,,
block1-001848,455.5297530023381,1224.6225769631565,49,95.0,455.0636629574001,1224.1564869182184,0.46609004493802786,block1:s4,gated_rule_c,mixed,1785178086.116606,1785178086.1170728,1785178086.5721483,1785178087.3412411,,,
block1-001849,116.38213298283517,2753.091351944022,122,50.0,115.30088097788393,2752.0100999390706,1.0812520049512386,block1:zero_tool,gated_rule_c,mixed,1785178086.1765807,1785178086.1776624,1785178086.2929747,1785178088.9296834,,,
block1-001850,100.25621822569519,2880.9952911688015,130,412.5,100.01411498524249,2880.753187928349,0.2421032404527068,block1:zero_tool,gated_rule_c,mixed,1785178086.2281291,1785178086.2283723,1785178086.3283963,1785178089.1091363,,,
block1-001851,74.2019577883184,2772.430749842897,125,282.5,73.12581699807197,2771.3546090526506,1.076140790246427,block1:zero_tool,gated_rule_c,mixed,1785178086.2576816,1785178086.2587578,1785178086.331891,1785178089.03012,,,
block1-001852,69.81322367209941,3451.2389686424285,159,60.0,68.13473498914391,3449.560479959473,1.6784886829555035,block1:zero_tool,gated_rule_c,mixed,1785178086.548633,1785178086.5503125,1785178086.618459,1785178089.9998848,,,
block1-001853,442.32392322737724,1147.6177542936057,48,307.5,440.45526592526585,1145.7490969914943,1.8686573021113873,block1:s4,gated_rule_c,mixed,1785178086.584587,1785178086.5864558,1785178087.0269313,1785178087.732225,,,
block1-001854,74.11173998843879,3629.1187999304384,168,550.0,73.36131599731743,3628.368375939317,0.7504239911213517,block1:zero_tool,gated_rule_c,mixed,1785178086.6835866,1785178086.6843379,1785178086.757709,1785178090.3127155,,,
block1-001855,475.5659510847181,1182.5510570779443,48,15.0,475.1890500774607,1182.1741560706869,0.37690100725740194,block1:s4,gated_rule_c,mixed,1785178087.0738757,1785178087.074254,1785178087.549458,1785178088.2564437,,,
block1-001856,350.05654592532665,1016.9970449060202,43,60.0,349.51636602636427,1016.4568650070578,0.5401798989623785,block1:s1,gated_rule_c,mixed,1785178087.2397523,1785178087.240293,1785178087.589817,1785178088.2567575,,,
block1-001857,78.67702632211149,1552.338654291816,69,70.0,76.87532005365938,1550.536948023364,1.801706268452108,block1:s1,gated_rule_c,mixed,1785178087.4317002,1785178087.4335022,1785178087.5103865,1785178088.9840481,,,
block1-001858,105.22114345803857,3249.6080495184287,151,95.0,104.26033695694059,3248.6472430173308,0.9608065010979772,block1:zero_tool,gated_rule_c,mixed,1785178087.7849488,1785178087.7859104,1785178087.8901815,1785178091.0345678,,,
block1-001859,338.31697911955416,870.6761260982603,37,140.0,337.1705439640209,869.529690942727,1.1464351555332541,block1:s1,gated_rule_c,mixed,1785178087.816125,1785178087.8172739,1785178088.1544647,1785178088.6868238,,,
block1-001860,248.65157599560916,901.4725940069184,39,17.5,248.26710298657417,901.0881209978834,0.38447300903499126,block1:s1,gated_rule_c,mixed,1785178087.8233078,1785178087.8236926,1785178088.071969,1785178088.7247896,,,
block1-001861,90.8375073922798,1454.616701346822,65,75.0,90.15546005684882,1453.934654011391,0.6820473354309797,block1:s1,gated_rule_c,mixed,1785178087.9811773,1785178087.9818604,1785178088.072029,1785178089.4358084,,,
block1-001862,343.36220589466393,956.9891558494419,43,572.5,341.1960160592571,954.822966014035,2.16618983540684,block1:s1,gated_rule_c,mixed,1785178088.172079,1785178088.1742454,1785178088.515452,1785178089.129079,,,
block1-001863,96.11280693206936,1462.3487958451733,68,117.5,95.11427104007453,1461.3502599531785,0.998535891994834,block1:s1,gated_rule_c,mixed,1785178088.2945228,1785178088.295522,1785178088.3906486,1785178089.7568848,,,
block1-001864,252.05259618815035,751.5345921274275,34,12.5,250.32658805139363,749.8085839906707,1.7260081367567182,block1:s2,gated_rule_c,mixed,1785178088.759333,1785178088.7610595,1785178089.0114007,1785178089.5108824,,,
block1-001865,64.73794160410762,3873.9590356126428,163,187.5,62.48270196374506,3871.70379597228,2.2552396403625607,block1:zero_tool,gated_rule_c,mixed,1785178088.925482,1785178088.9277403,1785178088.990252,1785178092.799473,,,
block1-001866,332.1033497340977,931.2527487054467,43,115.0,330.76207106933,929.911470040679,1.3412786647677422,block1:s2,gated_rule_c,mixed,1785178089.310289,1785178089.3116314,1785178089.6424034,1785178090.2415528,,,
block1-001867,101.73710039816797,1696.924485382624,69,100.0,100.27239203918725,1695.4597770236433,1.4647083589807153,block1:s2,gated_rule_c,mixed,1785178089.9328206,1785178089.9342887,1785178090.03459,1785178091.6297774,,,
block1-001868,294.80690613854676,826.9375681411475,36,10.0,294.5679760305211,826.6986380331218,0.23893010802567005,block1:s2,gated_rule_c,mixed,1785178090.2277403,1785178090.2279797,1785178090.5225592,1785178091.0546896,,,
block1-001869,55.54397392552346,3412.4361989088356,140,15.0,55.15491298865527,3412.0471379719675,0.38906093686819077,block1:zero_tool,gated_rule_c,mixed,1785178090.4110773,1785178090.4114666,1785178090.466635,1785178093.823527,,,
block1-001870,384.04451205860823,1110.4121340904385,36,105.0,383.854195009917,1110.2218170417473,0.19031704869121313,block1:s2,gated_rule_c,mixed,1785178090.8172312,1785178090.8174226,1785178091.201463,1785178091.927831,,,
block1-001871,337.7325158799067,1216.0621978109702,40,92.5,337.35112799331546,1215.680809924379,0.38138788659125566,block1:s2,gated_rule_c,mixed,1785178090.826717,1785178090.8270986,1785178091.1644592,1785178092.0427878,,,
block1-001872,504.3715899810195,1381.7325609270483,48,320.0,504.01342404074967,1381.3743949867785,0.35816594026982784,block1:s3,gated_rule_c,mixed,1785178091.0047538,1785178091.0051126,1785178091.5091362,1785178092.386497,,,
block1-001873,580.7382295606658,1474.9251935863867,48,485.0,580.1293529802933,1474.3163170060143,0.6088765803724527,block1:s3,gated_rule_c,mixed,1785178091.1879199,1785178091.1885319,1785178091.7686894,1785178092.662876,,,
block1-001874,87.6683525275439,4236.4585645264015,163,107.5,86.94257296156138,4235.732784960419,0.7257795659825206,block1:zero_tool,gated_rule_c,mixed,1785178091.250462,1785178091.2511888,1785178091.3381426,1785178095.486933,,,
block1-001875,637.305048527196,1455.66472155042,48,107.5,635.4611959541216,1453.8208689773455,1.8438525730744004,block1:s3,gated_rule_c,mixed,1785178091.365677,1785178091.367521,1785178092.0029922,1785178092.821351,,,
block1-001876,650.9777060709894,1470.5640070606023,48,110.0,649.9365520430729,1469.5228530326858,1.041154027916491,block1:s3,gated_rule_c,mixed,1785178091.3709211,1785178091.3719637,1785178092.0219185,1785178092.8415048,,,
block1-001877,112.97440819907933,3242.669345228933,128,287.5,112.42253298405558,3242.117470013909,0.551875215023756,block1:zero_tool,gated_rule_c,mixed,1785178091.5159128,1785178091.5164652,1785178091.6289,1785178094.7585945,,,
block1-001878,92.45129523333162,9105.293793254532,379,85.0,91.75951592624187,9104.602013947442,0.691779307089746,block1:zero_tool,gated_rule_c,mixed,1785178091.540057,1785178091.5407488,1785178091.6325178,1785178100.6453612,,,
block1-001879,549.5099914260209,1395.238020340912,48,52.5,548.8491320284083,1394.5771609432995,0.6608593976125121,block1:s3,gated_rule_c,mixed,1785178091.5925121,1785178091.5931735,1785178092.1420333,1785178092.987762,,,
block1-001880,112.35299182590097,4922.296042786911,194,17.5,111.9804730406031,4921.923524001613,0.37251878529787064,block1:zero_tool,gated_rule_c,mixed,1785178091.6967466,1785178091.6971207,1785178091.8091168,1785178096.61906,,,
block1-001881,494.6954343467951,1366.715191397816,49,107.5,494.2660779925063,1366.2858350435272,0.42935635428875685,block1:s4,gated_rule_c,mixed,1785178091.7069938,1785178091.707424,1785178092.201702,1785178093.073722,,,
block1-001882,479.0448081912473,1330.6263672420755,48,20.0,477.42455499246716,1329.0061140432954,1.6202531987801194,block1:s4,gated_rule_c,mixed,1785178091.7432685,1785178091.7448905,1785178092.2223253,1785178093.0739067,,,
block1-001883,431.8405637750402,1271.2799017317593,48,307.5,431.09036807436496,1270.529706031084,0.7501957006752491,block1:s4,gated_rule_c,mixed,1785178091.8725405,1785178091.8732922,1785178092.304428,1785178093.1438386,,,
block1-001884,572.5880536483601,1261.8123376742005,48,135.0,572.2565728938207,1261.4808569196612,0.33148075453937054,block1:s4,gated_rule_c,mixed,1785178092.2476146,1785178092.2479475,1785178092.8202162,1785178093.5094411,,,
block1-001885,545.5592195503414,1231.3592894934118,48,280.0,544.9876360362396,1230.78770597931,0.5715835141018033,block1:s4,gated_rule_c,mixed,1785178092.3366535,1785178092.3372252,1785178092.8822224,1785178093.5680225,,,
block1-001886,134.21276421286166,4309.274450177327,171,17.5,133.52130795828998,4308.582993922755,0.6914562545716763,block1:zero_tool,gated_rule_c,mixed,1785178092.3555956,1785178092.3562887,1785178092.4898255,1785178096.6648881,,,
block1-001887,523.2517237309366,1209.04474274721,48,280.0,522.3386320285499,1208.1316510448232,0.9130917023867369,block1:s4,gated_rule_c,mixed,1785178092.3588042,1785178092.3597178,1785178092.8820648,1785178093.5678582,,,
block1-001888,376.73756876029074,1023.4386317897588,43,95.0,376.2997029116377,1023.0007659411058,0.4378658486530185,block1:s1,gated_rule_c,mixed,1785178092.4646096,1785178092.4650507,1785178092.8413777,1785178093.4880795,,,
block1-001889,77.23959267605096,1630.9466917300597,69,100.0,76.90237800125033,1630.609477055259,0.3372146748006344,block1:s1,gated_rule_c,mixed,1785178092.6373837,1785178092.6377218,1785178092.7146358,1785178094.2683427,,,
block1-001890,340.44811758212745,959.7580726258457,43,320.0,339.8616099730134,959.1715650167316,0.5865076091140509,block1:s1,gated_rule_c,mixed,1785178092.92029,1785178092.9208767,1785178093.2607534,1785178093.880064,,,
block1-001891,81.76327880937606,1776.0964408516884,73,85.0,81.54101995751262,1775.874181999825,0.22225885186344385,block1:s1,gated_rule_c,mixed,1785178093.003156,1785178093.0033784,1785178093.0849285,1785178094.7792616,,,
block1-001892,65.13213145080954,8329.14493943099,355,15.0,64.67569700907916,8328.688504989259,0.45643444173038006,block1:zero_tool,gated_rule_c,mixed,1785178093.1252315,1785178093.1256883,1785178093.1903734,1785178101.454387,,,
block1-001893,262.5984260812402,793.9796211430803,34,70.0,262.2863620053977,793.6675570672378,0.31206407584249973,block1:s1,gated_rule_c,mixed,1785178093.1827946,1785178093.1831074,1785178093.4454036,1785178093.976784,,,
block1-001894,69.46377025451511,7084.861858282238,298,20.0,68.37552099023014,7083.773609017953,1.0882492642849684,block1:zero_tool,gated_rule_c,mixed,1785178093.2392921,1785178093.2403812,1785178093.308768,1785178100.3241656,,,
block1-001895,118.62505797762424,7018.199180951342,293,20.0,117.89036297705024,7017.464485950768,0.7346950005739927,block1:zero_tool,gated_rule_c,mixed,1785178093.8124754,1785178093.813211,1785178093.9311123,1785178100.8306859,,,
block1-001896,493.0067212553695,1369.7271612472832,44,10.0,491.6951359482482,1368.415575940162,1.3115853071212769,block1:s2,gated_rule_c,mixed,1785178093.835927,1785178093.8372445,1785178094.3289742,1785178095.2056952,,,
block1-001897,391.88588212709874,1272.9022651910782,42,15.0,390.7629760215059,1271.7793590854853,1.1229061055928469,block1:s2,gated_rule_c,mixed,1785178093.9733331,1785178093.974457,1785178094.3652334,1785178095.2462504,,,
block1-001898,100.92418000567704,4302.675053011626,178,485.0,99.11107108928263,4300.861944095232,1.8131089163944125,block1:zero_tool,gated_rule_c,mixed,1785178094.141201,1785178094.1430147,1785178094.2421353,1785178098.4438853,,,
block1-001899,389.8853790014982,1236.4725059596822,43,350.0,389.10448900423944,1235.6916159624234,0.7808899972587824,block1:s2,gated_rule_c,mixed,1785178094.158872,1785178094.1596532,1785178094.5487661,1785178095.395353,,,
block1-001900,104.26980955526233,3566.6023766389117,144,92.5,103.71537390165031,3566.0479409852996,0.5544356536120176,block1:zero_tool,gated_rule_c,mixed,1785178094.16382,1785178094.1643746,1785178094.2680979,1785178097.7304304,,,
block1-001901,580.9980075573549,1387.3904265929013,49,15.0,580.2136039128527,1386.6060229483992,0.7844036445021629,block1:s2,gated_rule_c,mixed,1785178094.3728573,1785178094.3736436,1785178094.9538786,1785178095.7602704,,,
block1-001902,81.74434734974056,1794.8000353062525,67,10.0,81.41063107177615,1794.4663190282881,0.33371627796441317,block1:s2,gated_rule_c,mixed,1785178094.4241543,1785178094.424489,1785178094.5059125,1785178096.2189686,,,
block1-001903,78.55332409963012,2525.9329720865935,98,75.0,77.59410701692104,2524.9737550038844,0.959217082709074,block1:zero_tool,gated_rule_c,mixed,1785178094.470641,1785178094.4716012,1785178094.5492072,1785178096.9965878,,,
block1-001904,284.3561200425029,994.1046150634065,32,92.5,284.03171605896205,993.7802110798657,0.324403983540833,block1:s3,gated_rule_c,mixed,1785178094.5357943,1785178094.5361187,1785178094.8201609,1785178095.52991,,,
block1-001905,73.13600205816329,3128.817926044576,128,107.5,72.91628397069871,3128.5982079571113,0.219718087464571,block1:zero_tool,gated_rule_c,mixed,1785178094.6857321,1785178094.6859527,1785178094.7588794,1785178097.814562,,,
block1-001906,577.741367276758,1341.633573290892,48,17.5,576.7476269975305,1340.6398330116645,0.9937402792274952,block1:s3,gated_rule_c,mixed,1785178094.8177814,1785178094.8187752,1785178095.3955297,1785178096.1594222,,,
block1-001907,418.78491709940135,1187.4237061711028,41,152.5,417.4469519639388,1186.0857410356402,1.3379651354625821,block1:s3,gated_rule_c,mixed,1785178094.868756,1785178094.8700962,1785178095.2875721,1785178096.0562117,,,
block1-001908,126.82301481254399,3966.291726799682,164,282.5,125.79951900988817,3965.268230997026,1.023495802655816,block1:zero_tool,gated_rule_c,mixed,1785178094.8763793,1785178094.877403,1785178095.0032117,1785178098.842681,,,
block1-001909,552.7052091201767,1331.2417910201475,48,132.5,551.8496470758691,1330.38622897584,0.8555620443075895,block1:s3,gated_rule_c,mixed,1785178094.8883505,1785178094.8892074,1785178095.44107,1785178096.2196057,,,
block1-001910,153.21774524636567,3952.1353212185204,165,160.0,152.7499050134793,3951.667480985634,0.467840232886374,block1:zero_tool,gated_rule_c,mixed,1785178094.9648201,1785178094.9652882,1785178095.1180499,1785178098.9169674,,,
block1-001911,143.86881270911545,4035.8271166915074,171,485.0,142.90518104098737,4034.8634850233793,0.9636316681280732,block1:zero_tool,gated_rule_c,mixed,1785178095.0144844,1785178095.015448,1785178095.158364,1785178099.0503216,,,
block1-001912,460.18471207935363,1239.561423077248,48,15.0,460.02050302922726,1239.3972140271217,0.16420905012637377,block1:s4,gated_rule_c,mixed,1785178095.026852,1785178095.0270162,1785178095.487044,1785178096.2664213,,,
block1-001913,102.40313818212599,3740.780283231288,159,15.0,102.0359459798783,3740.4130910290405,0.36719220224767923,block1:zero_tool,gated_rule_c,mixed,1785178095.1035805,1785178095.1039493,1785178095.2061112,1785178098.8444886,,,
block1-001914,465.00966302119195,1260.8049149857834,48,10.0,464.2958869226277,1260.0911388872191,0.7137760985642672,block1:s4,gated_rule_c,mixed,1785178095.4218225,1785178095.4225364,1785178095.88684,1785178096.682635,,,
block1-001915,71.2520539527759,3876.468788017519,168,12.5,70.26801793836057,3875.4847520031035,0.9840360144153237,block1:zero_tool,gated_rule_c,mixed,1785178095.625422,1785178095.626407,1785178095.6966858,1785178099.5019019,,,
block1-001916,519.656278192997,1226.8557412317023,48,485.0,519.4160259561613,1226.6154889948666,0.24025223683565855,block1:s4,gated_rule_c,mixed,1785178095.9289763,1785178095.9292183,1785178096.4486494,1785178097.1558495,,,
block1-001917,75.76538505963981,4893.733791075647,213,20.0,75.2737190341577,4893.242125050165,0.49166602548211813,block1:zero_tool,gated_rule_c,mixed,1785178096.1535594,1785178096.1540518,1785178096.2293375,1785178101.0473058,,,
block1-001918,490.39314640685916,1197.4931984441355,48,10.0,489.3547029932961,1196.4547550305724,1.0384434135630727,block1:s4,gated_rule_c,mixed,1785178096.1747925,1785178096.1758318,1785178096.6651976,1785178097.3722978,,,
block1-001919,457.21983746625483,1166.0546765197068,48,187.5,456.102296942845,1164.937135996297,1.1175405234098434,block1:s4,gated_rule_c,mixed,1785178096.2247908,1785178096.2259088,1785178096.6820233,1785178097.390858,,,
block1-001920,76.0686919093132,2653.731139958836,117,12.5,75.28253889176995,2652.944986941293,0.7861530175432563,block1:zero_tool,gated_rule_c,mixed,1785178096.651016,1785178096.651804,1785178096.7271025,1785178099.3047657,,,
block1-001921,88.5435740929097,1318.2560121640563,58,17.5,88.2051580119878,1317.9175960831344,0.33841608092188835,block1:s1,gated_rule_c,mixed,1785178096.7124863,1785178096.7128248,1785178096.8010402,1785178098.0307522,,,
block1-001922,70.04918530583382,3758.868443313986,166,115.0,68.90643900260329,3757.7256970107555,1.142746303230524,block1:zero_tool,gated_rule_c,mixed,1785178096.9268224,1785178096.9279654,1785178096.996882,1785178100.6857014,,,
block1-001923,332.6723612844944,837.7421172335744,36,152.5,331.67746500112116,836.7472209502012,0.9948962833732367,block1:s1,gated_rule_c,mixed,1785178097.0393212,1785178097.040316,1785178097.3720028,1785178097.8770735,,,
block1-001924,68.59051447827369,3923.323787515983,173,485.0,66.47696194704622,3921.2102349847555,2.1135525312274694,block1:zero_tool,gated_rule_c,mixed,1785178097.2586427,1785178097.2607565,1785178097.3272445,1785178101.1819787,,,
block1-001925,75.48836327623576,2968.4471553191543,129,117.5,75.05812798626721,2968.0169200291857,0.4302352899685502,block1:zero_tool,gated_rule_c,mixed,1785178097.717629,1785178097.7180605,1785178097.7931287,1785178100.686087,,,
block1-001926,90.22737911436707,1581.7938240943477,66,15.0,89.76142597384751,1581.327870953828,0.4659531405195594,block1:s1,gated_rule_c,mixed,1785178097.9196367,1785178097.920103,1785178098.009875,1785178099.5014412,,,
block1-001927,361.40625283587724,927.0559687865898,37,395.0,360.7135060010478,926.3632219517604,0.6927468348294497,block1:s1,gated_rule_c,mixed,1785178098.0818791,1785178098.082572,1785178098.4432955,1785178099.0089452,,,
block1-001928,73.60770448576659,3357.0345684420317,145,12.5,73.23883206117898,3356.665696017444,0.3688724245876074,block1:zero_tool,gated_rule_c,mixed,1785178098.3494308,1785178098.3498027,1785178098.423075,1785178101.7065017,,,
block1-001929,382.9792363103479,1039.570521330461,42,135.0,382.0683219237253,1038.6596069438383,0.9109143866226077,block1:s2,gated_rule_c,mixed,1785178098.541629,1785178098.5425408,1785178098.9246204,1785178099.5812128,,,
block1-001930,396.1048583732918,1049.9877172987908,43,17.5,395.31988103408366,1049.2027399595827,0.7849773392081261,block1:s2,gated_rule_c,mixed,1785178098.5703626,1785178098.5711477,1785178098.966476,1785178099.6203597,,,
block1-001931,115.51863700151443,1757.0232329890132,74,75.0,113.47268603276461,1754.9772820202634,2.045950968749821,block1:s2,gated_rule_c,mixed,1785178098.7284305,1785178098.7304778,1785178098.8439662,1785178100.48547,,,
block1-001932,60.174712212756276,2627.364178188145,116,160.0,59.40252402797341,2626.5919900033623,0.7721881847828627,block1:zero_tool,gated_rule_c,mixed,1785178098.8643916,1785178098.8651645,1785178098.924579,1785178101.4917688,,,
block1-001933,376.47642800584435,1097.2018169704825,44,412.5,375.86144101805985,1096.586829982698,0.6149869877845049,block1:s2,gated_rule_c,mixed,1785178099.1651044,1785178099.1657202,1785178099.54159,1785178100.2623148,,,
block1-001934,108.06404636241496,1538.0058924201876,65,15.0,106.29847703967243,1536.240323097445,1.7655693227425218,block1:s2,gated_rule_c,mixed,1785178099.3517551,1785178099.3535213,1785178099.4598355,1785178100.8897758,,,
block1-001935,283.83526240941137,786.4866254385561,31,15.0,283.19747000932693,785.8488330384716,0.6377924000844359,block1:s2,gated_rule_c,mixed,1785178099.6388688,1785178099.6395085,1785178099.9227254,1785178100.4253771,,,
block1-001936,508.57724994421005,1170.6006019376218,48,350.0,508.3343649748713,1170.357716968283,0.24288496933877468,block1:s3,gated_rule_c,mixed,1785178099.6402788,1785178099.640522,1785178100.1488624,1785178100.8108861,,,
block1-001937,143.54982017539442,2957.085650181398,129,17.5,143.044657073915,2956.5804870799184,0.5051631014794111,block1:zero_tool,gated_rule_c,mixed,1785178099.733467,1785178099.7339728,1785178099.8770278,1785178102.6905637,,,
block1-001938,98.63050701096654,4155.399805051275,185,22.5,97.8348309872672,4154.604129027575,0.7956760236993432,block1:zero_tool,gated_rule_c,mixed,1785178099.782479,1785178099.7832754,1785178099.8811202,1785178103.9378908,,,
block1-001939,62.12274462450296,10082.211854634807,453,145.0,61.63364998064935,10081.722759990953,0.4890946438536048,block1:zero_tool,gated_rule_c,mixed,1785178100.0940428,1785178100.0945323,1785178100.1561751,1785178110.1762648,,,
block1-001940,113.22031239978969,3691.4943493902683,165,287.5,112.45647701434791,3690.7305140048265,0.7638353854417801,block1:zero_tool,gated_rule_c,mixed,1785178100.6748312,1785178100.6755955,1785178100.7880616,1785178104.3663356,,,
block1-001941,66.03507872205228,3130.4975727107376,139,60.0,64.92685398552567,3129.389347974211,1.1082247365266085,block1:zero_tool,gated_rule_c,mixed,1785178100.7252357,1785178100.7263443,1785178100.7912812,1785178103.8557432,,,
block1-001942,524.1603215690702,1087.691220571287,43,60.0,523.9165360108018,1087.4474350130185,0.24378555826842785,block1:s3,gated_rule_c,mixed,1785178100.8697977,1785178100.8700426,1785178101.393971,1785178101.9575021,,,
block1-001943,87.76959066744894,3232.172808609903,144,350.0,86.37614001054317,3230.779357952997,1.3934506569057703,block1:zero_tool,gated_rule_c,mixed,1785178100.9378805,1785178100.9392772,1785178101.0256793,1785178104.1700819,,,
block1-001944,432.2899628896266,1184.6496729413047,48,25.0,431.1020859749988,1183.461796026677,1.18787691462785,block1:s4,gated_rule_c,mixed,1785178101.215392,1785178101.2165802,1785178101.6476924,1785178102.4000523,,,
block1-001945,490.13661791104823,1208.79082090687,48,135.0,489.82548993080854,1208.4796929266304,0.31112798023968935,block1:s4,gated_rule_c,mixed,1785178101.5592754,1785178101.559587,1785178102.0494218,1785178102.7680757,,,
block1-001946,459.10157449543476,1156.700102495961,48,357.5,458.8996999664232,1156.4982279669493,0.20187452901154757,block1:s4,gated_rule_c,mixed,1785178101.6726677,1785178101.6728704,1785178102.131986,1785178102.8295834,,,
block1-001947,462.33777015004307,1167.5899252295494,48,25.0,461.5142249967903,1166.7663800762966,0.8235451532527804,block1:s4,gated_rule_c,mixed,1785178101.8595586,1785178101.860383,1785178102.3219097,1785178103.0271614,,,
block1-001948,430.93831872101873,1187.9686667816713,48,10.0,430.05957594141364,1187.0899240020663,0.8787427796050906,block1:s4,gated_rule_c,mixed,1785178102.068146,1785178102.0690258,1785178102.4991,1785178103.2561295,,,
block1-001949,428.1515502370894,1176.9212301587686,48,95.0,427.6174500118941,1176.3871299335733,0.5341002251952887,block1:s4,gated_rule_c,mixed,1785178102.4397035,1785178102.440238,1785178102.8678658,1785178103.6166348,,,
block1-001950,70.42117521632463,2780.3843141300604,128,47.5,69.72653500270098,2779.6896739164367,0.6946402136236429,block1:zero_tool,gated_rule_c,mixed,1785178102.7010741,1785178102.7017689,1785178102.7715042,1785178105.4814675,,,
block1-001951,499.30786283221096,1132.1651828475296,48,15.0,498.87970101553947,1131.7370210308582,0.42816181667149067,block1:s4,gated_rule_c,mixed,1785178102.8959608,1785178102.8963904,1785178103.395305,1785178104.028162,,,
block1-001952,379.7915141331032,989.8150422377512,43,20.0,378.77224793192,988.795776036568,1.0192662011831999,block1:s1,gated_rule_c,mixed,1785178102.9515336,1785178102.9525533,1785178103.3313358,1785178103.9413593,,,
block1-001953,112.35460988245904,3003.2767629018053,138,15.0,111.88142595347017,3002.8035789728165,0.47318392898887396,block1:zero_tool,gated_rule_c,mixed,1785178103.1389391,1785178103.1394162,1785178103.2513268,1785178106.1422472,,,
block1-001954,297.0640786224976,782.2850816883147,36,10.0,295.59708398301154,780.8180870488286,1.4669946394860744,block1:s1,gated_rule_c,mixed,1785178103.178263,1785178103.1797304,1785178103.4753387,1785178103.9605606,,,
block1-001955,69.45921306032687,3065.9892371622846,143,17.5,68.79058689810336,3065.320611000061,0.6686261622235179,block1:zero_tool,gated_rule_c,mixed,1785178103.3276498,1785178103.3283198,1785178103.3971257,1785178106.3936565,,,
block1-001956,283.4598561748862,773.270970210433,36,85.0,282.80522499699146,772.6163390325382,0.6546311778947711,block1:s1,gated_rule_c,mixed,1785178103.5509691,1785178103.5516238,1785178103.83444,1785178104.3242514,,,
block1-001957,69.46475792210549,6149.515388999134,274,140.0,68.51894699502736,6148.569578072056,0.9458109270781279,block1:zero_tool,gated_rule_c,mixed,1785178103.8720307,1785178103.8729773,1785178103.9415076,1785178110.0215588,,,
block1-001958,250.42145908810198,873.1240531196818,39,297.5,248.47281095571816,871.175404987298,1.9486481323838234,block1:s1,gated_rule_c,mixed,1785178103.9195552,1785178103.921505,1785178104.1699893,1785178104.792693,,,
block1-001959,66.2462980253622,3081.140500959009,145,15.0,65.34736207686365,3080.2415650105104,0.8989359484985471,block1:zero_tool,gated_rule_c,mixed,1785178104.1036565,1785178104.1045566,1785178104.1699162,1785178107.1848106,,,
block1-001960,255.09520736522973,881.484393379651,37,320.0,254.3425199110061,880.7317059254274,0.7526874542236328,block1:s2,gated_rule_c,mixed,1785178104.3473628,1785178104.3481154,1785178104.6024673,1785178105.2288563,,,
block1-001961,284.9994426360354,936.6069976240396,40,572.5,284.7940700594336,936.4016250474378,0.2053725766018033,block1:s2,gated_rule_c,mixed,1785178104.4865303,1785178104.4867363,1785178104.7715442,1785178105.423152,,,
block1-001962,319.0420527243987,854.4766177656129,36,820.0,318.2155459653586,853.6501110065728,0.8265067590400577,block1:s2,gated_rule_c,mixed,1785178104.6263187,1785178104.6271453,1785178104.9453716,1785178105.4808066,,,
block1-001963,99.58173404447734,1645.3741150908172,74,282.5,98.9049969939515,1644.6973780402914,0.6767370505258441,block1:s2,gated_rule_c,mixed,1785178104.9392555,1785178104.9399333,1785178105.038967,1785178106.584759,,,
block1-001964,318.74317897018045,780.3410169435665,36,95.0,318.48082307260484,780.0786610459909,0.26235589757561684,block1:s2,gated_rule_c,mixed,1785178105.0648985,1785178105.065161,1785178105.3836534,1785178105.8452513,,,
block1-001965,429.66608970891684,1003.8870177231729,44,395.0,429.1356100002304,1003.3565380144864,0.530479708686471,block1:s2,gated_rule_c,mixed,1785178105.7123532,1785178105.7128878,1785178106.1420467,1785178106.7162678,,,
block1-001966,92.52616378944367,1490.7343027880415,67,132.5,91.48441895376891,1489.6925579523668,1.0417448356747627,block1:s2,gated_rule_c,mixed,1785178105.881289,1785178105.8823314,1785178105.9738274,1785178107.372036,,,
block1-001967,252.60640168562531,825.6246416131034,37,10.0,251.47417304106057,824.4924129685387,1.1322286445647478,block1:s2,gated_rule_c,mixed,1785178105.9666197,1785178105.9677548,1785178106.2192466,1785178106.792266,,,
block1-001968,428.32929152064025,1070.8991955034435,48,12.5,427.5408909888938,1070.110794971697,0.7884005317464471,block1:s3,gated_rule_c,mixed,1785178105.9834719,1785178105.9842603,1785178106.4118094,1785178107.05438,,,
block1-001969,411.2985647516325,1201.7773698316887,48,85.0,410.3606279240921,1200.8394330041483,0.9379368275403976,block1:s3,gated_rule_c,mixed,1785178106.8135724,1785178106.814511,1785178107.2248826,1785178108.0153618,,,
block1-001970,374.18662721756846,1085.8967322856188,41,287.5,373.98853700142354,1085.6986420694739,0.1980902161449194,block1:s3,gated_rule_c,mixed,1785178107.185845,1785178107.186043,1785178107.5600402,1785178108.2717505,,,
block1-001971,397.7978772018105,1306.7829502979293,41,20.0,397.19607890583575,1306.1811520019546,0.6017982959747314,block1:s3,gated_rule_c,mixed,1785178107.6760035,1785178107.676606,1785178108.073812,1785178108.9827976,,,
block1-001972,444.8956080013886,1278.9530860027298,41,135.0,444.42090997472405,1278.4783879760653,0.4746980266645551,block1:s3,gated_rule_c,mixed,1785178107.723832,1785178107.724307,1785178108.1687376,1785178109.0027945,,,
block1-001973,496.311301831156,1347.6710098329931,46,50.0,495.72279304265976,1347.082501044497,0.5885087884962559,block1:s3,gated_rule_c,mixed,1785178107.8148627,1785178107.815452,1785178108.3111913,1785178109.1625526,,,
block1-001974,570.5937184393406,1408.0934294033796,49,160.0,569.8618700262159,1407.3615809902549,0.7318484131246805,block1:s3,gated_rule_c,mixed,1785178107.8186138,1785178107.8193462,1785178108.3892174,1785178109.2267165,,,
block1-001975,459.6579122589901,1350.709823309444,49,350.0,458.58854497782886,1349.6404560282826,1.0693672811612487,block1:s3,gated_rule_c,mixed,1785178108.0430808,1785178108.044151,1785178108.5027502,1785178109.393802,,,
block1-001976,75.29625273309648,4949.249564670026,194,60.0,74.3642559973523,4948.317567934282,0.9319967357441783,block1:zero_tool,gated_rule_c,mixed,1785178108.1384397,1785178108.1393723,1785178108.2137487,1785178113.087702,,,
block1-001977,61.26546720042825,4809.252423234284,188,135.0,60.863167978823185,4808.850124012679,0.4022992216050625,block1:zero_tool,gated_rule_c,mixed,1785178108.1525984,1785178108.153001,1785178108.213873,1785178112.9618602,,,
block1-001978,629.1807821253315,1313.1400982383639,48,60.0,628.5522109828889,1312.5115270959213,0.6285711424425244,block1:s4,gated_rule_c,mixed,1785178108.2889144,1785178108.2895458,1785178108.918119,1785178109.6020775,,,
block1-001979,105.91901931911707,3691.463441355154,136,545.0,104.88430503755808,3690.428727073595,1.0347142815589905,block1:zero_tool,gated_rule_c,mixed,1785178108.5121977,1785178108.5132327,1785178108.618252,1785178112.2037957,,,
block1-001980,599.5477511314675,1281.8607591325417,48,10.0,599.1438190685585,1281.4568270696327,0.4039320629090071,block1:s4,gated_rule_c,mixed,1785178108.5200748,1785178108.520479,1785178109.1196334,1785178109.801947,,,
block1-001981,582.2282141307369,1265.3354501817375,48,47.5,581.5236089983955,1264.6308450493962,0.7046051323413849,block1:s4,gated_rule_c,mixed,1785178108.558583,1785178108.5592887,1785178109.1408243,1785178109.8239317,,,
block1-001982,589.250362245366,1268.141785170883,48,10.0,588.2660780334845,1267.1575009590015,0.9842842118814588,block1:s4,gated_rule_c,mixed,1785178108.5742326,1785178108.5752187,1785178109.1634946,1785178109.8423862,,,
block1-001983,589.3312954576686,1268.2599494000897,48,107.5,587.7905780216679,1266.719231964089,1.5407174360007048,block1:s4,gated_rule_c,mixed,1785178108.5742414,1785178108.5757823,1785178109.1635783,1785178109.8425071,,,
block1-001984,429.7085932921618,1069.9344013119116,43,17.5,428.8847029674798,1069.1105109872296,0.8238903246819973,block1:s1,gated_rule_c,mixed,1785178108.7114093,1785178108.712234,1785178109.1411293,1785178109.7813559,,,
block1-001985,105.74570368044078,1468.859591637738,65,115.0,104.76026509422809,1467.8741530515254,0.9854385862126946,block1:s1,gated_rule_c,mixed,1785178108.7680275,1785178108.7690146,1785178108.8738048,1785178110.2369184,,,
block1-001986,278.19222665857524,919.1161736380309,40,92.5,277.4738660082221,918.3978129876778,0.7183606503531337,block1:s1,gated_rule_c,mixed,1785178108.9049678,1785178108.9056885,1785178109.1831822,1785178109.8241053,,,
block1-001987,93.42222346458584,1600.910777458921,71,307.5,93.21428404655308,1600.7028380408883,0.2079394180327654,block1:s1,gated_rule_c,mixed,1785178109.0057938,1785178109.006002,1785178109.099223,1785178110.6067119,,,
block1-001988,83.40760308783501,4153.08536705561,166,170.0,81.6540929954499,4151.331856963225,1.7535100923851132,block1:zero_tool,gated_rule_c,mixed,1785178109.015746,1785178109.017501,1785178109.0991693,1785178113.1688464,,,
block1-001989,63.21853760164231,3522.0057296101004,137,107.5,62.200066982768476,3520.9872589912266,1.0184706188738346,block1:zero_tool,gated_rule_c,mixed,1785178109.2682567,1785178109.2692754,1785178109.3314865,1785178112.790273,,,
block1-001990,69.85926313791424,5197.17792107258,197,412.5,68.03099601529539,5195.349653949961,1.828267122618854,block1:zero_tool,gated_rule_c,mixed,1785178109.4884827,1785178109.490312,1785178109.5583546,1785178114.685674,,,
block1-001991,76.56410301569849,1481.5217250725254,68,15.0,75.40798396803439,1480.3656060248613,1.156119047664106,block1:s1,gated_rule_c,mixed,1785178109.5987697,1785178109.5999298,1785178109.6753788,1785178111.080336,,,
block1-001992,249.30964678060263,851.7540147295222,37,155.0,247.12252605240792,849.5668940013275,2.1871207281947136,block1:s2,gated_rule_c,mixed,1785178109.8726976,1785178109.874887,1785178110.1220284,1785178110.7244723,,,
block1-001993,70.33185800537467,4349.429363035597,156,357.5,70.02178195398301,4349.119286984205,0.31007605139166117,block1:zero_tool,gated_rule_c,mixed,1785178110.1102262,1785178110.1105368,1785178110.180569,1785178114.4596658,,,
block1-001994,93.13866216689348,1980.8445861563087,64,15.0,92.60356496088207,1980.3094889502972,0.5350972060114145,block1:s2,gated_rule_c,mixed,1785178110.1822073,1785178110.1827428,1785178110.2753577,1785178112.1630635,,,
block1-001995,67.42652226239443,3880.414436222054,136,820.0,65.24568097665906,3878.2335949363187,2.1808412857353687,block1:zero_tool,gated_rule_c,mixed,1785178110.2493217,1785178110.2515054,1785178110.3167794,1785178114.1297667,,,
block1-001996,302.4002518504858,853.7708948133513,35,17.5,301.47278402000666,852.8434269828722,0.927467830479145,block1:s2,gated_rule_c,mixed,1785178110.3820553,1785178110.3829834,1785178110.6844673,1785178111.2358377,,,
block1-001997,257.8977112425491,1461.6713222349063,41,172.5,257.1950680576265,1460.9686790499836,0.7026431849226356,block1:s2,gated_rule_c,mixed,1785178110.7824159,1785178110.7831185,1785178111.0403223,1785178112.2440958,,,
block1-001998,95.30637785792351,2047.3126338329166,67,177.5,94.30444100871682,2046.31069698371,1.001936849206686,block1:s2,gated_rule_c,mixed,1785178111.0603354,1785178111.0613372,1785178111.1556513,1785178113.107657,,,
block1-001999,721.90750495065,1278.0406769597903,31,47.5,721.7180940788239,1277.8512660879642,0.18941087182611227,block1:s2,gated_rule_c,mixed,1785178111.0668976,1785178111.0670872,1785178111.788955,1785178112.3450882,,,
7eba32c5ed309a549e16cb8f1794ba3a,139.92892508395016,5025.860173045658,185,10.0,139.1976149752736,5025.128862936981,0.7313101086765528,block1:trace,gated_rule_c,mixed,1785178111.0767837,1785178111.0775154,1785178111.2167225,1785178116.102653,,,
5adf433bc2e4195bd7ef382c6c889b95,951.3500647153705,1360.868272720836,28,60.0,950.4223890835419,1359.9405970890075,0.9276756318286061,block1:trace,gated_rule_c,mixed,1785178111.0870547,1785178111.0879831,1785178112.038416,1785178112.447934,,,
758ea06009c678a342085d29a206c7ce,334.48362175840884,902.7655416866764,28,10.0,333.2172289956361,901.4991489239037,1.266392762772739,block1:trace,gated_rule_c,mixed,1785178111.5239363,1785178111.5252047,1785178111.8584375,1785178112.4267197,,,
92b8951b88159b4f1b1e4116b3f8e80c,294.9111929628998,705.776009010151,26,50.0,293.820304912515,704.6851209597662,1.0908880503848195,block1:trace,gated_rule_c,mixed,1785178111.8053076,1785178111.8063986,1785178112.100228,1785178112.511093,,,
46416569378bfce2f330ee1b996f15f6,179.3652259511873,1694.0265520242974,56,545.0,178.54744801297784,1693.208774086088,0.8177779382094741,block1:trace,gated_rule_c,mixed,1785178112.3833914,1785178112.3842113,1785178112.5627775,1785178114.0774395,,,
c000d3ac5878c891e5776a9ee748b819,109.18544861488044,5013.165432610549,206,10.0,107.86873695906252,5011.848720954731,1.316711655817926,block1:trace,gated_rule_c,mixed,1785178112.4446402,1785178112.445957,1785178112.5538347,1785178117.457814,,,
836c44364150391728a9bb76d84b11f9,298.035349464044,737.5242065172642,28,92.5,297.251587966457,736.7404450196773,0.7837614975869656,block1:trace,gated_rule_c,mixed,1785178112.5748506,1785178112.5756345,1785178112.8728945,1785178113.312384,,,
61ab27469179a8d20d10b4ab2963209b,93.08459446765482,4815.418173442595,197,17.5,92.66196400858462,4814.9955429835245,0.4226304590702057,block1:trace,gated_rule_c,mixed,1785178112.6647243,1785178112.6651487,1785178112.7578292,1785178117.4801624,,,
913f72b4333690403d9a30abd93949d1,178.50465106312186,1731.8852271419019,56,105.0,178.16632892936468,1731.5469050081447,0.338322133757174,block1:trace,gated_rule_c,mixed,1785178112.7702339,1785178112.7705727,1785178112.9487486,1785178114.502129,,,
d8f93f06b93fdff3fff5e575a870b601,74.1721416125074,10662.088939570822,424,15.0,72.9676770279184,10660.884474986233,1.2044645845890045,block1:trace,gated_rule_c,mixed,1785178113.01373,1785178113.0149345,1785178113.0879111,1785178123.6758285,,,
1bd17147da3b449a267511e3a004382d,206.84321399312466,1338.7271830579266,38,117.5,206.3832510029897,1338.2672200677916,0.45996299013495445,block1:trace,gated_rule_c,mixed,1785178113.2221816,1785178113.2226417,1785178113.4290345,1785178114.5609179,,,
13bb600e64d52b8b04f167d8df85507c,606.7600033711642,1094.717224361375,26,572.5,605.9140430297703,1093.871264019981,0.8459603413939476,block1:trace,gated_rule_c,mixed,1785178113.2897086,1785178113.2905562,1785178113.8964913,1785178114.384448,,,
38ce90a921739308e8dcb305e874b076,288.01699017640203,2124.672186211683,80,550.0,287.5905230175704,2124.245719052851,0.426467158831656,block1:trace,gated_rule_c,mixed,1785178113.4898481,1785178113.490275,1785178113.7778778,1785178115.6145325,,,
2e43416311c97a10ecafb221a80e4947,361.602749209851,8958.91738217324,358,307.5,359.7930489340797,8957.107681897469,1.8097002757713199,block1:trace,gated_rule_c,mixed,1785178113.8864634,1785178113.8882768,1785178114.2480962,1785178122.845411,,,
59457a3b339fbd612c7a15e28fddc630,224.953202647157,1978.4313576528803,80,320.0,222.96893200837076,1976.447087014094,1.9842706387862563,block1:trace,gated_rule_c,mixed,1785178113.904709,1785178113.9066942,1785178114.1296782,1785178115.883156,,,
fdbb1fab71ec2f219480410082aaa700,170.85812357254326,1719.9001766275615,71,485.0,170.42725102510303,1719.4693040801212,0.43087254744023085,block1:trace,gated_rule_c,mixed,1785178114.16311,1785178114.1635413,1785178114.3339794,1785178115.8830209,,,
a84addf55839616eda694c16b68310a0,167.7727309288457,1523.1225049355999,62,95.0,167.44576499331743,1522.7955390000716,0.32696593552827835,block1:trace,gated_rule_c,mixed,1785178114.2167754,1785178114.2171037,1785178114.3845637,1785178115.7399142,,,
eb9453e7437651807ba8f12d7460448f,196.2450036080554,1144.1650186898187,44,135.0,195.26768801733851,1143.1877030991018,0.9773155907168984,block1:trace,gated_rule_c,mixed,1785178114.6160855,1785178114.6170635,1785178114.8123403,1785178115.7602594,,,
4d602a5b8bd629a2c0cdcef59e069d2a,187.4683196656406,1453.3419515937567,58,350.0,186.48944306187332,1452.3630749899894,0.9788766037672758,block1:trace,gated_rule_c,mixed,1785178114.638398,1785178114.6393769,1785178114.8258767,1785178116.0917513,,,
f7c225c0c39616faa35f312e2351832a,165.51198193337768,1897.7184649556875,80,297.5,164.9307400221005,1897.1372230444103,0.581241911277175,block1:trace,gated_rule_c,mixed,1785178114.9185917,1785178114.9191742,1785178115.0841174,1785178116.816324,,,
0cca76cc3ca0d6e890c548195f267bcc,215.1884592603892,8788.479285198264,351,177.5,213.67654600180686,8786.967371939681,1.5119132585823536,block1:trace,gated_rule_c,mixed,1785178114.9331648,1785178114.934677,1785178115.1483667,1785178123.7216582,,,
399e9384a77d048276bcab8ed40d2a06,130.62325573991984,3718.3505636639893,150,20.0,128.66871000733227,3716.3960179314017,1.954545732587576,block1:trace,gated_rule_c,mixed,1785178115.0175662,1785178115.0195217,1785178115.1482024,1785178118.7359293,,,
a1fc6050cd23d5b5a2aa0b1903664f7b,306.9832806941122,1899.9042107025161,81,105.0,306.5154969226569,1899.4364269310609,0.46778377145528793,block1:trace,gated_rule_c,mixed,1785178115.071001,1785178115.0714698,1785178115.3779974,1785178116.9709182,,,
167904016dc8a8c52b5e5270d0c8c00e,73.68905504699796,2068.461023038253,90,17.5,73.28990509267896,2068.061873083934,0.39914995431900024,block1:trace,gated_rule_c,mixed,1785178115.5406988,1785178115.5410986,1785178115.6143992,1785178117.6091712,,,
4c2b04c011712e2cf8c052bce94537ec,166.05455125682056,1147.4105232628062,44,145.0,165.44602694921196,1146.8019989551976,0.6085243076086044,block1:trace,gated_rule_c,mixed,1785178115.9368877,1785178115.9374964,1785178116.10295,1785178117.0843072,,,
9610b9cdee775a760c04f530fce99362,170.17626541201025,2285.8023804146796,83,280.0,168.62831090111285,2284.2544259037822,1.547954510897398,block1:trace,gated_rule_c,mixed,1785178116.0537684,1785178116.0553179,1785178116.2239604,1785178118.3395855,,,
6cd994a1e2e3d5a2a017314cd0caf180,102.02038148418069,5358.314782497473,210,15.0,101.32448701187968,5357.618888025172,0.6958944723010063,block1:trace,gated_rule_c,mixed,1785178116.1121807,1785178116.1128767,1785178116.2142098,1785178121.4705045,,,
187b278d55de04dc8ca4117618cfbd56,157.08263707347214,1541.1168379941955,62,107.5,156.59306105226278,1540.6272619729862,0.48957602120935917,block1:trace,gated_rule_c,mixed,1785178116.2187676,1785178116.2192578,1785178116.375863,1785178117.7598965,,,
edcec609ff7bf1e65630e415e82ff7fb,103.48794294986874,3747.9503819486126,144,15.0,103.29528304282576,3747.7577220415697,0.1926599070429802,block1:trace,gated_rule_c,mixed,1785178116.272615,1785178116.2728078,1785178116.376112,1785178120.0205746,,,
28221743887b39264b796a9e076d48aa,308.14095435198396,1036.663967417553,39,47.5,307.63109400868416,1036.1541070742533,0.5098603432998061,block1:trace,gated_rule_c,mixed,1785178116.4439213,1785178116.4444327,1785178116.7520797,1785178117.4806018,,,
d88d4d2d221233bd5d36172b59bb4d48,291.85435688123107,6230.415255879052,239,170.0,291.2680320441723,6229.828931041993,0.5863248370587826,block1:trace,gated_rule_c,mixed,1785178116.5233738,1785178116.5239608,1785178116.8152392,1785178122.7538006,,,
548464e367bcbb5191857c38592a6c15,76.04768418241292,11319.537912262604,486,20.0,73.98777396883816,11317.478002049029,2.059910213574767,block1:trace,gated_rule_c,mixed,1785178116.8060007,1785178116.808061,1785178116.8820596,1785178128.1255496,,,
67328d8f9ba24c0eb27d51b97f7452b9,318.8717021839693,773.7897521583363,27,107.5,317.9244049824774,772.8424549568444,0.9472972014918923,block1:trace,gated_rule_c,mixed,1785178116.8786376,1785178116.8795848,1785178117.1975183,1785178117.6524365,,,
d0f26dc69ab8bfc523b09278a72dcbac,213.4697320871055,5422.9380410397425,203,282.5,213.13505503349006,5422.603363986127,0.33467705361545086,block1:trace,gated_rule_c,mixed,1785178116.9169059,1785178116.9172425,1785178117.130397,1785178122.3398662,,,
3d305e802ea24247695f7f1c683f4abc,109.39474136102945,15281.463097315282,691,15.0,108.58809400815517,15280.656449962407,0.806647352874279,block1:trace,gated_rule_c,mixed,1785178117.0237103,1785178117.024517,1785178117.1331139,1785178132.3051825,,,
bfcd3e5a0bdf2e1076ff4a3c6058b785,60063.556013046764,60063.556013046764,0,75.0,60062.70441401284,60062.70441401284,0.851599033921957,block1:trace,gated_rule_c,mixed,1785178117.1247923,1785178117.1256447,1785178177.1883528,1785178177.1883528,stream response omitted completion_tokens usage,,
bbd0676a7661be624e24c0c0d2ae8afc,114.8024449357763,11881.441124947742,517,22.5,114.34495390858501,11880.98363392055,0.4574910271912813,block1:trace,gated_rule_c,mixed,1785178117.1629431,1785178117.163401,1785178117.2777565,1785178129.0443947,,,
e59c3398cf21d42898de7a6489e6462c,184.079899918288,1685.528667876497,56,117.5,182.7525170519948,1684.2012850102037,1.327382866293192,block1:trace,gated_rule_c,mixed,1785178117.5186682,1785178117.5199978,1785178117.7027724,1785178119.204221,,,
2edb508ced48c09379f12135683148a4,450.5265789339319,1864.2855439102277,58,152.5,449.09358909353614,1862.852554069832,1.4329898403957486,block1:trace,gated_rule_c,mixed,1785178117.7354243,1785178117.7368577,1785178118.1859603,1785178119.599721,,,
53825a835bbe66a5bc0f73f69a041c66,316.16071960888803,4816.403066623025,181,357.5,315.9388470230624,4816.181194037199,0.22187258582562208,block1:trace,gated_rule_c,mixed,1785178117.869278,1785178117.8695006,1785178118.1854491,1785178122.6856916,,,
d112becaac3b29d41a6e31fdc66cbd57,158.69157866109163,510.64520375803113,16,115.0,158.5077369818464,510.4613620787859,0.18384167924523354,block1:trace,gated_rule_c,mixed,1785178118.1807353,1785178118.1809206,1785178118.339439,1785178118.6913927,,,
6e8aa3f75688fcceeb652abf550a3788,119.64231345336884,2758.9450704399496,108,12.5,118.13796602655202,2757.440723013133,1.504347426816821,block1:trace,gated_rule_c,mixed,1785178118.210957,1785178118.2124615,1785178118.3306181,1785178120.9699202,,,
cabfb78966d427734223bf4115904520,166.47303954232484,3491.965842549689,134,282.5,165.69002496544272,3491.182827972807,0.783014576882124,block1:trace,gated_rule_c,mixed,1785178118.376685,1785178118.3774683,1785178118.5431721,1785178121.868665,,,
7ba7f36dc0ca614925a9ecc1351a39cf,118.31594235263765,6586.251993314363,272,15.0,117.67313804011792,6585.609189001843,0.6428043125197291,block1:trace,gated_rule_c,mixed,1785178118.4158902,1785178118.4165332,1785178118.5342157,1785178125.002151,,,
0f5f50b42d96f1fbe1ab84f38ef0df45,169.54835259821266,1544.8876476148143,54,85.0,168.8708090223372,1544.2101040389389,0.6775435758754611,block1:trace,gated_rule_c,mixed,1785178118.9766102,1785178118.9772882,1785178119.1462946,1785178120.5216336,,,
0830ab29a701c1fb09238ade2070111d,437.82419385388494,13002.226403797977,597,820.0,436.92548596300185,13001.327695907094,0.8987078908830881,block1:trace,gated_rule_c,mixed,1785178119.1517174,1785178119.1526163,1785178119.5895529,1785178132.1539567,,,
4c3b78878d4758af14524c65505ce024,102.32046258170158,3659.0754485223442,142,20.0,101.58614499960095,3658.3411309402436,0.7343175821006298,block1:trace,gated_rule_c,mixed,1785178119.3440552,1785178119.344792,1785178119.4463923,1785178123.0031474,,,
4a788fdebd738d606e4e26720ef0f792,226.3444933341816,1631.0458743246272,58,140.0,225.38002207875252,1630.0814030691981,0.9644712554290891,block1:trace,gated_rule_c,mixed,1785178119.363133,1785178119.3640985,1785178119.5894895,1785178120.9941907,,,
9993958a01bab41edd38186aaf5b69d1,295.98924424499273,833.4139252547175,28,172.5,294.87489198800176,832.2995729977265,1.1143522569909692,block1:trace,gated_rule_c,mixed,1785178119.433194,1785178119.4343104,1785178119.7292044,1785178120.26663,,,
1f71126c5eac70999ec0c49c7d8f7a11,189.32684289757162,1656.0796549310908,59,60.0,188.33065498620272,1655.0834670197219,0.9961879113689065,block1:trace,gated_rule_c,mixed,1785178119.6247287,1785178119.6257262,1785178119.8140683,1785178121.2808213,,,
ca34e497adb7104ea4a17f38f8e725f7,75.37948433309793,2918.0816183798015,113,17.5,75.01479098573327,2917.716925032437,0.3646933473646641,block1:trace,gated_rule_c,mixed,1785178119.631374,1785178119.6317394,1785178119.7067635,1785178122.549466,,,
d5d88091912481a5370e8f515884581d,384.6028846455738,822.0691677415743,26,100.0,384.1215668944642,821.5878499904647,0.48131775110960007,block1:trace,gated_rule_c,mixed,1785178119.749127,1785178119.7496088,1785178120.1337423,1785178120.5712087,,,
fa46980d6c53fb042ffdc5dcda1f86fd,125.01594389323145,4715.685361879878,191,17.5,124.16637607384473,4714.835794060491,0.8495678193867207,block1:trace,gated_rule_c,mixed,1785178119.8183775,1785178119.8192275,1785178119.943405,1785178124.5340743,,,
d438a0f8ccd3f6aca6231d37cff76ede,180.89236051309854,1889.6066815359518,69,95.0,179.63024997152388,1888.3445709943771,1.262110541574657,block1:trace,gated_rule_c,mixed,1785178119.819108,1785178119.8203707,1785178120.0000098,1785178121.7087243,,,
5c337c4aa06bb71ecad6c1c1048d4584,116.06819566804916,12440.925506642088,583,10.0,115.13517203275114,12439.99248300679,0.9330236352980137,block1:trace,gated_rule_c,mixed,1785178119.883279,1785178119.8842125,1785178119.9993575,1785178132.3242154,,,
c95c0451560500f3100c2e9974fcb221,169.88515423145145,1707.848180201836,62,52.5,168.8636780017987,1706.8267039721832,1.0214762296527624,block1:trace,gated_rule_c,mixed,1785178119.982156,1785178119.9831777,1785178120.1520512,1785178121.690014,,,
00f0daca0a1cd93921335b9a0cbff421,338.0584822734818,3160.4552002390847,120,217.5,337.8235959680751,3160.220313933678,0.23488630540668964,block1:trace,gated_rule_c,mixed,1785178120.1570413,1785178120.1572762,1785178120.4951098,1785178123.3175063,,,
d3056c212cb319b617cbdc60a60898e3,92.26274816319346,9638.176760170609,444,15.0,91.34681196883321,9637.260823976249,0.9159361943602562,block1:trace,gated_rule_c,mixed,1785178120.3577802,1785178120.3586972,1785178120.4500554,1785178129.9959698,,,
4a1e22c4b6812b0590a448708ddabc59,181.82684981729835,1507.3346918215975,54,287.5,181.49594601709396,1507.0037880213931,0.33090380020439625,block1:trace,gated_rule_c,mixed,1785178120.4455943,1785178120.4459262,1785178120.627435,1785178121.9529421,,,
77d1a8c34095b709ff61e623749bb9ac,204.24597640521824,702.9662023996934,22,110.0,204.07978701405227,702.8000130085275,0.16618939116597176,block1:trace,gated_rule_c,mixed,1785178120.6478782,1785178120.648045,1785178120.8521345,1785178121.3508544,,,
71c138f995102b398fda90ff13638aba,109.52587204519659,2330.056005041115,90,15.0,108.74511196743697,2329.2752449633554,0.7807600777596235,block1:trace,gated_rule_c,mixed,1785178120.748499,1785178120.7492807,1785178120.8580372,1785178123.0785675,,,
780905b19621b7c64531696d5a2b20ba,363.35713881999254,839.1584628261626,27,70.0,362.2743630548939,838.075687061064,1.0827757650986314,block1:trace,gated_rule_c,mixed,1785178120.8698857,1785178120.8709686,1785178121.2332528,1785178121.7090538,,,
f74afc3e00a6eb78b5475bc41d63f2da,180.59130327310413,3506.02675229311,141,322.5,179.4543790165335,3504.8898280365393,1.1369242565706372,block1:trace,gated_rule_c,mixed,1785178120.938645,1785178120.9397824,1785178121.1192472,1785178124.4446826,,,
a6ac39901dce0f5fbf9ba60876e3edb5,208.31509155686945,719.0015345113352,22,187.5,207.58564001880586,718.2720829732716,0.7294515380635858,block1:trace,gated_rule_c,mixed,1785178121.3271172,1785178121.3278477,1785178121.5354433,1785178122.04613,,,
f30c9585b8b3abd64fce572ec7cd21c6,130.13134920038283,31639.62681312114,1627,15.0,129.85894503071904,31639.354408951476,0.2724041696637869,block1:trace,gated_rule_c,mixed,1785178121.4047968,1785178121.4050713,1785178121.5349426,1785178153.0444381,,,
27d0eddcf7b46d1e0685d30f356a4a13,189.42181288730353,2264.7486708592623,87,115.0,188.86893207672983,2264.1957900486887,0.5528808105736971,block1:trace,gated_rule_c,mixed,1785178121.4999702,1785178121.500527,1785178121.689424,1785178123.7647505,,,
31e92ac2ec9459262da7859903d4c53c,84.1291545657441,2985.8698486350477,124,10.0,83.41253490652889,2985.1532289758325,0.7166196592152119,block1:trace,gated_rule_c,mixed,1785178121.5230405,1785178121.5237594,1785178121.6071913,1785178124.508932,,,
1d5043aefb85496bbfe75c40500ed75e,179.03573205694556,1651.3775191269815,61,132.5,178.92957001458853,1651.2713570846245,0.10616204235702753,block1:trace,gated_rule_c,mixed,1785178121.7112536,1785178121.7113597,1785178121.8902974,1785178123.3626394,,,
2a90888288ecc36c7a7e932ceddaad63,367.63364647049457,12253.475903416984,597,395.0,366.8679120019078,12252.710168948397,0.7657344685867429,block1:trace,gated_rule_c,mixed,1785178121.9958324,1785178121.9965982,1785178122.3634758,1785178134.249318,,,
5558b3142fffd0dc0d4b17751ebddcab,100.07790860254318,8700.765780638903,418,25.0,99.41167698707432,8700.099549023435,0.6662316154688597,block1:trace,gated_rule_c,mixed,1785178122.1459723,1785178122.14664,1785178122.2460647,1785178130.8467522,,,
3ac99427681a55795db7c2bac4e70ea5,184.62955649010837,1512.9532775608823,60,412.5,184.23399899620563,1512.5577200669795,0.39555749390274286,block1:trace,gated_rule_c,mixed,1785178122.7829254,1785178122.7833216,1785178122.9675674,1785178124.2958918,,,
fe0030d8f43ef28681407903b625070b,117.9170492105186,3244.0124881686643,148,12.5,117.2923460835591,3243.387785041705,0.6247031269595027,block1:trace,gated_rule_c,mixed,1785178122.8337376,1785178122.8343632,1785178122.9516647,1785178126.077761,,,
6e9a5ec465e4b1d2a6883ce717855bbc,178.98022406734526,2326.933739008382,100,155.0,178.48413006868213,2326.437645009719,0.4960939986631274,block1:trace,gated_rule_c,mixed,1785178122.8813643,1785178122.8818612,1785178123.060356,1785178125.2083106,,,
38fb67b12f449385ad372aee944624fe,95.8157330751419,2505.9908580733463,113,12.5,94.90415500476956,2505.079280002974,0.9115780703723431,block1:trace,gated_rule_c,mixed,1785178122.9649932,1785178122.9659047,1785178123.060819,1785178125.470995,,,
b47cf155edc621a66364c8e594e0c94c,187.59167194366455,3956.4371758606285,182,160.0,186.74548401031643,3955.5909879272804,0.8461879333481193,block1:trace,gated_rule_c,mixed,1785178123.0444868,1785178123.0453331,1785178123.232086,1785178127.0009313,,,
